abrasive_grinding_and_polishing	How does the choice of grinding wheel material affect heat buildup during the grinding process?
abrasive_grinding_and_polishing	Why should I avoid using low cutting speeds when grinding to prevent thermal damage?
abrasive_grinding_and_polishing	Which type of abrasive is best suited for high-speed grinding operations that need consistent results?
abrasive_grinding_and_polishing	What role do tribological wear mechanisms play in the polishing process?
abrasive_grinding_and_polishing	How does the ductility of a workpiece material influence chip formation and material removal rates?
abrasive_jet_machining	How does the hardness of the abrasive affect the speed at which material is removed during machining?
abrasive_jet_machining	Why do divergent jets cause lower cutting efficiency and more rough surfaces?
abrasive_jet_machining	What happens when the velocity distribution of the abrasive jet is too broad?
abrasive_jet_machining	Can active vibration damping systems protect the machine from outside disturbances?
abrasive_jet_machining	How do optical and force sensors help prevent defects in abrasive jet machining?
abrasive_slurry_dynamics	how do suspended particles cause erosion in abrasive slurries?
abrasive_slurry_dynamics	what equation governs the volume fraction in two-phase slurry flow?
abrasive_slurry_dynamics	why does adding more abrasive particles make the slurry thicker?
abrasive_slurry_dynamics	how is particle size typically controlled before making the slurry?
abrasive_slurry_dynamics	what are the rules for disposing of used abrasive material?
abstract_interpretation	How do transfer functions work in abstract interpretation?
abstract_interpretation	What is a reduced product and how does it improve variable consistency?
abstract_interpretation	Why does abstract join over-approximate the concrete join?
abstract_interpretation	How does abstract interpretation help avoid computing unexecuted code paths?
abstract_interpretation	How is precision kept when exploring all reachable states?
acid_base_extraction_of_organic_compounds	how do i adjust the pH to maximize the separation of acidic organic compounds from a mixture?
acid_base_extraction_of_organic_compounds	what safety precautions should i take when performing an acid base extraction to avoid dangerous reactions?
acid_base_extraction_of_organic_compounds	which solvent polarity should i choose to get the best extraction yield for my target molecule?
acid_base_extraction_of_organic_compounds	can you explain the role of the Henderson-Hasselbalch equation in predicting extraction efficiency?
acid_base_extraction_of_organic_compounds	how does interfacial tension affect the separation of layers during liquid-liquid extraction?
active_feedback_control_systems	how does a feedback system calculate the difference between what it wants and what it actually gets?
active_feedback_control_systems	what is overshoot and how does it affect system performance?
active_feedback_control_systems	which hardware components are commonly used to run the control algorithms in a feedback loop?
active_feedback_control_systems	how can actuator saturation lead to integrator windup in a control system?
active_feedback_control_systems	how does gain scheduling help maintain system stability across different operating conditions?
adaptive_optics	How do piezoelectric deformable mirrors help improve the speed and performance of adaptive optics systems?
adaptive_optics	What is the role of the control loop in continuously correcting for atmospheric turbulence in adaptive optics?
adaptive_optics	Why do system designers rely on the Fried parameter when determining the number of actuators needed for a deformable mirror?
adaptive_optics	How is single-mode adaptive optics applied in high-resolution interferometry and exoplanet detection with coronagraphy?
adaptive_optics	In what way does the ratio of laser wavelength to observing wavelength affect the Strehl ratio of the corrected image in adaptive optics?
additive_manufacturing_of_thermal_coatings	how do differences in thermal expansion between the coating and substrate affect the resulting stress during cooling?
additive_manufacturing_of_thermal_coatings	what is the recommended thickness for an aluminum interlayer before depositing the coating?
additive_manufacturing_of_thermal_coatings	can you explain how X-ray computed tomography helps detect defects inside the coating without destroying it?
additive_manufacturing_of_thermal_coatings	how does hot isostatic pressing improve the thermal properties of the coating?
additive_manufacturing_of_thermal_coatings	what are the potential downsides of using higher laser power during the additive manufacturing process?
adhesive_transfer_verification	how do we measure adhesive transfer thickness and uniformity according to industry standards?
adhesive_transfer_verification	can sensor data be converted into defect maps without touching the product?
adhesive_transfer_verification	what happens when adhesive batches don't meet the required specifications?
adhesive_transfer_verification	why is keeping the temperature steady so important during the curing process?
adhesive_transfer_verification	does high humidity while curing cause problems like internal voids in the adhesive?
adjoint_state_optimization	How do constraints get handled in adjoint state optimization?
adjoint_state_optimization	Do I need to solve both the adjoint and forward equations to evaluate gradients?
adjoint_state_optimization	Why do spectral methods use the same basis and collocation points when solving the adjoint problem?
adjoint_state_optimization	What does it mean to implement the adjoint of the forward operator in practice?
adjoint_state_optimization	How does frequent gradient synchronization affect communication in large distributed systems?
administrative_law	Why do administrative agencies follow specific statutory rules when distributing funds?
administrative_law	What kind of hearing process is usually available in administrative cases?
administrative_law	How do courts decide whether to accept an agency's legal interpretation?
administrative_law	Why is judicial review important for keeping government agencies in check?
administrative_law	What does the principle of comity mean in the context of government agencies working together?
aerodynamic_boundary_layer_theory	what is displacement thickness and how does it measure the effect of a boundary layer on fluid volume?
aerodynamic_boundary_layer_theory	can you explain the components of the Prandtl boundary layer equations, specifically the continuity and momentum parts?
aerodynamic_boundary_layer_theory	why does boundary layer separation happen, and what role does the adverse pressure gradient play in that process?
aerodynamic_boundary_layer_theory	how do scientists determine the velocity vector using angles between light beams, and how does this relate to boundary layer theory?
aerodynamic_boundary_layer_theory	what is the von Kármán constant and how does it help connect the velocity profile to wall shear stress?
aerodynamic_profiling	how do engineers use wind tunnels to make sure small models act like full-size planes?
aerodynamic_profiling	what role does past research play in figuring out the best wing angles for lift?
aerodynamic_profiling	why do we transform curved shapes into standard grids for computer simulations?
aerodynamic_profiling	how does managing airflow help thin out the layer of slow-moving air near the surface?
aerodynamic_profiling	what special airfoil shapes help planes fly fast without creating harmful shock waves?
aerodynamic_shape_optimization	how do structured meshes improve accuracy in aerodynamic simulations compared to unstructured ones?
aerodynamic_shape_optimization	what methods are used to handle geometric constraints in design optimization algorithms?
aerodynamic_shape_optimization	how does a wind tunnel contraction section increase airflow speed?
aerodynamic_shape_optimization	what experimental techniques can visualize air density changes around an object?
aerodynamic_shape_optimization	how does flow instability affect the noise and efficiency of an aerodynamic shape?
aerodynamics	how do shock waves develop when fluid speeds pass the local speed of sound?
aerodynamics	why does a weaker adverse pressure gradient lead to a smaller negative pressure coefficient in the wake?
aerodynamics	what role do mass and momentum conservation play in creating lift on a wing?
aerodynamics	how does the size of a wake region affect the amount of pressure drag experienced?
aerodynamics	why are wall interference corrections needed when testing models in wind tunnels?
aerodynamics_of_projectile_flight	What causes the drag on the back of a projectile?
aerodynamics_of_projectile_flight	How does the shock wave affect pressure around a projectile?
aerodynamics_of_projectile_flight	In which direction does the Magnus force push a spinning projectile?
aerodynamics_of_projectile_flight	Why does a projectile stay stable when its center of pressure is behind its center of gravity?
aerodynamics_of_projectile_flight	What material is used to keep the inside of a projectile cool?
aging_induced_microstructural_evolution	How does the volume fraction of secondary particles affect the pressure that resists grain growth in aging materials?
aging_induced_microstructural_evolution	Why might precipitate interfaces sometimes protect the microstructure while in other cases they promote localized corrosion?
aging_induced_microstructural_evolution	In what way does the directional dependence of interfacial energy shape the form and movement of precipitates during thermal exposure?
aging_induced_microstructural_evolution	What mathematical relationship describes how the average size of precipitates grows over time during aging?
aging_induced_microstructural_evolution	Why is it necessary for molecular dynamics simulations to account for temperature-dependent interface mobility when supporting phase-field modeling of aging kinetics?
agricultural_irrigation_engineering	How do pressure compensating emitters keep the water flow steady when the pressure changes?
agricultural_irrigation_engineering	What makes a carrier structure work in a pivot irrigation system?
agricultural_irrigation_engineering	Why is it important to check if the water velocity is laminar or transitional in irrigation pipes?
agricultural_irrigation_engineering	When would I need a pressure compensating valve for my irrigation setup?
agricultural_irrigation_engineering	How does the quality of water and soil affect the materials I should choose for an irrigation pump?
agronomy	How do smart soil sensors work in modern farming to track moisture and weather?
agronomy	Why do farmers keep doing rounds of selection to get better crop uniformity?
agronomy	What kind of chemicals do plant roots actually release into the soil around them?
agronomy	How does switching crops each year help control pests and nematodes underground?
agronomy	What’s new about base editing in plant genetics and how does it avoid damaging DNA?
air_entrapment_dynamics	how do volume of fluid methods improve the accuracy of air entrapment predictions in free-surface flows?
air_entrapment_dynamics	why does a larger pipe diameter lead to less bubble generation?
air_entrapment_dynamics	what is the relationship between bubble size and the inertial subrange of the turbulence spectrum?
air_entrapment_dynamics	how can optical tomography be used to visualize three-dimensional void fraction distributions?
air_entrapment_dynamics	what regular maintenance tasks should be performed to monitor seals, filters, and pump conditions?
airfoil_design	How do I create a precise mathematical model for an airfoil's shape?
airfoil_design	Why does the spacing of pressure sensors matter when analyzing airflow near the tips of a wing?
airfoil_design	What equations govern the movement of air and conservation of momentum in three dimensions?
airfoil_design	What happens to pressure when airflow encounters a separation zone near an airfoil surface?
airfoil_design	How can I ensure my wind tunnel tests aren't affected by temperature changes in the air?
algorithmic_space_optimization	How can dividing a large problem into smaller independent parts help save memory?
algorithmic_space_optimization	What is the standard way to rotate an array without using extra space?
algorithmic_space_optimization	Is there a fixed formula that converts an algorithm’s time complexity into its minimum required auxiliary space?
algorithmic_space_optimization	When should I use memoization pruning to reduce memory usage in my code?
algorithmic_space_optimization	Can prefetching hints improve performance when my program accesses data in an unpredictable order?
alkaloid_extraction_and_purification	how do I make sure I get the best separation when purifying chiral alkaloid isomers?
alkaloid_extraction_and_purification	what pH should I adjust my alkaloid solution to before loading it into the column?
alkaloid_extraction_and_purification	how can I force my alkaloid crystals to form the right shape instead of random ones?
alkaloid_extraction_and_purification	how do I check how long an alkaloid stays stable in water before it breaks down?
alkaloid_extraction_and_purification	what rules do I need to follow when buying raw materials for alkaloid research?
alloy_phase_diagram_analysis	how does high-resolution X-ray diffraction help identify subtle phase transformations in alloys?
alloy_phase_diagram_analysis	can you explain the role of entropy of mixing in stabilizing solid solution phases?
alloy_phase_diagram_analysis	what happens to alloy phases during non-equilibrium cooling processes?
alloy_phase_diagram_analysis	how do solute atoms influence the crystal structure of an alloy?
alloy_phase_diagram_analysis	why does the composition of each phase remain constant along the tie-line at a given temperature?
alloying_element_solubility_limits	Why does cooling metal too quickly trap extra atoms in the crystal structure beyond what equilibrium allows?
alloying_element_solubility_limits	Does a negative enthalpy of solution mean the alloy can hold less solute at higher temperatures?
alloying_element_solubility_limits	How does the number of valence electrons affect whether atoms can replace each other in a metal lattice?
alloying_element_solubility_limits	What happens to the bond strength and mixing energy when a transition metal’s d-band gets more than half full?
alloying_element_solubility_limits	Can repeated heating and cooling cycles change the solubility limits that we measure in experiments?
analog_signal_conditioning_and_anti_aliasing_filters	how do i pick the right sampling rate for my analog signal without missing data?
analog_signal_conditioning_and_anti_aliasing_filters	what’s the best way to keep noise from jumping onto my signal lines?
analog_signal_conditioning_and_anti_aliasing_filters	why do engineers choose butterworth filters when they need a clean passband?
analog_signal_conditioning_and_anti_aliasing_filters	what should i do if my signal’s frequency gets too close to the Nyquist limit?
analog_signal_conditioning_and_anti_aliasing_filters	how do i figure out how much noise is getting through my filter?
analog_to_digital_conversion_and_reference_voltage_stability	How do I keep the reference voltage stable for my analog to digital converter?
analog_to_digital_conversion_and_reference_voltage_stability	What happens to the ADC conversion steps if the reference voltage starts to fluctuate?
analog_to_digital_conversion_and_reference_voltage_stability	Why should I use a low temperature coefficient reference voltage in my design?
analog_to_digital_conversion_and_reference_voltage_stability	How close should the decoupling capacitor be to the ADC reference pin?
analog_to_digital_conversion_and_reference_voltage_stability	What role do amplifiers and filters play in the analog front-end before conversion?
anisotropic_fiber_reinforcement_techniques	how do voids affect the strength of composite materials under tension?
anisotropic_fiber_reinforcement_techniques	why is fiber orientation so important when designing composite structures?
anisotropic_fiber_reinforcement_techniques	what happens to the bond between fiber and matrix if there is too much sizing?
anisotropic_fiber_reinforcement_techniques	can you model delamination in composites using finite element analysis?
anisotropic_fiber_reinforcement_techniques	how does the modulus of elasticity change depending on the direction of the fibers?
anisotropic_shrinkage_compensation_in_ceramic_processing	how do I prepare the surface of my ceramic test specimen so I can accurately track its movement during sintering?
anisotropic_shrinkage_compensation_in_ceramic_processing	what role does the full rotation group SO(3) play in the integration domain for anisotropic shrinkage compensation?
anisotropic_shrinkage_compensation_in_ceramic_processing	how does the coupling of mechanical work affect the thermodynamic potential and grain boundary migration in ceramics?
anisotropic_shrinkage_compensation_in_ceramic_processing	what kind of internal residual stresses are created in the ceramic when it cools down from sintering temperature?
anisotropic_shrinkage_compensation_in_ceramic_processing	how should I design the fixture to handle the ceramic's volumetric expansion during the sintering process?
annealing_and_tempering	How do industrial furnaces maintain consistent heat distribution using heating elements like silicon carbide?
annealing_and_tempering	What happens to the strength of a metal if you temper it for too long?
annealing_and_tempering	How does annealing affect the structure of cementite in steel?
annealing_and_tempering	Why is Rockwell hardness preferred for general industrial testing?
annealing_and_tempering	Can slow cooling during tempering cause problems like delayed cracking in metals?
anthropological_community_studies	how do communities use their past stories to make sense of their current social structures?
anthropological_community_studies	what does it mean for a researcher to actually participate in daily community life during their study?
anthropological_community_studies	in what ways does language reflect and reinforce the values and power structures within a culture?
anthropological_community_studies	why is it important for anthropologists to keep detailed personal journals while working in the field?
anthropological_community_studies	how can researchers avoid accidentally repeating colonial patterns when they try to include community members in the research process?
api_based_data_integration	how do idempotency keys ensure that each request is unique and prevent duplicate processing?
api_based_data_integration	what techniques are used to protect API payloads from injection attacks during data processing?
api_based_data_integration	how does type coercion help when converting data values to fit a target schema?
api_based_data_integration	why are versioning strategies important for maintaining compatibility in API integrations?
api_based_data_integration	how can caching help reduce the number of API calls and save quota limits?
apothecary_compounding_and_distillation	how do the different parts of an alkaloid affect its polarity?
apothecary_compounding_and_distillation	why is it important to keep the layers separate during the distillation process?
apothecary_compounding_and_distillation	what kind of heat source should I use to avoid damaging my distillate?
apothecary_compounding_and_distillation	how does using an inert material help keep my pharmaceutical preparation pure?
apothecary_compounding_and_distillation	where is the best place to store my finished apothecary preparation?
applied_mathematics	how does Kolmogorov's axiomatic framework define probability spaces?
applied_mathematics	what are the vacuum equations of Maxwell's equations in terms of differential forms?
applied_mathematics	how do gradient-based algorithms update decision variables during optimization?
applied_mathematics	why does computational efficiency suffer with complex geometries in stencil methods?
applied_mathematics	how do CSR and CSC formats optimize cache utilization for sparse matrices?
archery_ballistics_and_bowcraft	How does the timing of force application from the release mechanism affect arrow flight?
archery_ballistics_and_bowcraft	Why do longbows have a more gradual draw weight curve compared to recurve bows?
archery_ballistics_and_bowcraft	What manufacturing processes are used to create arrow shafts based on their material?
archery_ballistics_and_bowcraft	How does high humidity impact the durability of archery strings and metal parts?
archery_ballistics_and_bowcraft	Can better drawing and releasing techniques help prevent arrow wobble during flight?
archery_equipment_engineering	How does the material stiffness of compound bow limbs affect energy storage and weight?
archery_equipment_engineering	What bow design factors determine the peak force during the draw cycle?
archery_equipment_engineering	Why are high-frequency sounds a problem when shooting at a target, and how do target faces minimize them?
archery_equipment_engineering	Does making the tip of a compound bow wider help with stability or make it harder to pull?
archery_equipment_engineering	How should archers match arrow weight and fletching size for the best flight stability?
architectural_defense_engineering	how can buildings keep running when the main power grid goes down during an attack?
architectural_defense_engineering	what does it mean to protect against multi-vector threats in architecture?
architectural_defense_engineering	why are steel rebar grids important in reinforced concrete units?
architectural_defense_engineering	how often do architects need to check their defense systems?
architectural_defense_engineering	is there a way to install security features without damaging the building?
arid_adapted_horticulture	how do soil moisture sensors help farmers understand water extraction energy in arid areas?
arid_adapted_horticulture	what are some ways to reduce evaporation in dry climate gardens?
arid_adapted_horticulture	can you explain how organic mulch helps soil microbes in arid environments?
arid_adapted_horticulture	why is it important for plants to match their water loss to their photosynthesis needs?
arid_adapted_horticulture	how do fungal hyphae improve soil water holding capacity in desert soils?
arterial_compliance_modeling	how much arterial wall thickness data do I need to simulate blood flow in different segments?
arterial_compliance_modeling	does the Mooney-Rivlin model really account for the early stiffness of artery walls?
arterial_compliance_modeling	why does the simulation assume no blood flow during diastole instead of a continuous cycle?
arterial_compliance_modeling	what are staggered schemes and how do they handle the interface between fluid and solid simulations?
arterial_compliance_modeling	can advanced arterial models capture the non-linear and directional properties of tissue?
arterial_wall_mechanics	How do smooth muscle cells in blood vessels change stiffness and size?
arterial_wall_mechanics	Why are elastin fibers in arteries aligned along their length?
arterial_wall_mechanics	Does a smaller artery opening cause more turbulent blood flow?
arterial_wall_mechanics	What role do collagen fibers in the outer artery layer play in preventing bursts?
arterial_wall_mechanics	How can computer models combine blood pressure and vessel movement to study flow interactions?
astronomical_telescope_design	why do telescope mirrors need to be shaped like parabolas instead of spheres?
astronomical_telescope_design	how do telescope mounts avoid getting warped by heat during long night observations?
astronomical_telescope_design	why do newtonian telescopes have their heavy parts in the middle of the tube?
astronomical_telescope_design	when do astronomers use active cooling for their telescopes?
astronomical_telescope_design	how do telescopes keep out vibrations so they don’t blur the images?
astronomy_and_celestial_navigation	How do aluminum coatings compare to silver ones in terms of light reflection for astronomy?
astronomy_and_celestial_navigation	What materials are used to keep optical instruments stable against temperature changes?
astronomy_and_celestial_navigation	Why is it important to check your position using more than one star when navigating?
astronomy_and_celestial_navigation	How do adaptive optics fix blurring caused by the atmosphere during observations?
astronomy_and_celestial_navigation	What are the three points that make up the navigation triangle in celestial navigation?
asynchronous_network_models	How do systems without a shared clock keep track of event order?
asynchronous_network_models	Why do distributed systems use logical time instead of physical time?
asynchronous_network_models	What happens if a message keeps failing to process after many retries?
asynchronous_network_models	How can I prevent buffer overflow when traffic spikes suddenly?
asynchronous_network_models	What is the main difference between synchronous and asynchronous distributed systems?
atom_probe_tomography	how does the electric field actually pull atoms off the sample surface during atom probe tomography?
atom_probe_tomography	what happens if the timing between the laser pulse and the detector isn't perfectly synchronized in atom probe analysis?
atom_probe_tomography	can you explain how the voltage pulse strength affects the speed at which ions travel to the detector?
atom_probe_tomography	why is it important to use electrochemical etching when preparing samples for atom probe tomography?
atom_probe_tomography	how do mathematicians use deconvolution algorithms to make the 3D images from atom probe clearer?
atomic_absorption_spectroscopy	How does the nebulizer turn a liquid sample into a fine spray for analysis?
atomic_absorption_spectroscopy	Where in the flame should the temperature be highest to get the best atomization results?
atomic_absorption_spectroscopy	What role do spectral line filters play in reducing interference from unwanted wavelengths?
atomic_absorption_spectroscopy	How does the Beer-Lambert law connect light absorbance to the concentration of the substance being measured?
atomic_absorption_spectroscopy	Why are detectors in the instrument array set to receive light at specific wavelengths?
attribute_grammars	how do inherited attributes move data from parents to children in a parse tree?
attribute_grammars	what happens if the dependency graph has cycles for synthesized attributes?
attribute_grammars	why can't context-free grammars handle semantic constraints on their own?
attribute_grammars	in what order should attributes be evaluated to avoid errors?
attribute_grammars	how do optimization gaps slow down the compilation process?
auditing_and_assurance	how do auditors use access logs and biometric scanners to verify physical security?
auditing_and_assurance	what makes a substantive procedure effective in catching material errors?
auditing_and_assurance	can you explain how undue influence might affect an auditor’s judgment?
auditing_and_assurance	how do auditors decide if a discovered misstatement is significant enough to report?
auditing_and_assurance	when should auditors push back against management’s claims?
austenite_stabilization	how do i keep austenite stable below its normal transformation temperature?
austenite_stabilization	why does the shape of retained austenite affect its stability?
austenite_stabilization	what methods can i use to control distortion during heat treatment?
austenite_stabilization	how does chloride exposure impact the protective oxide layer in these alloys?
austenite_stabilization	how does metastable austenite change the strain hardening behavior in tensile tests?
austenite_stabilization_mechanisms	why do adding titanium or vanadium make it harder to keep austenite stable during cooling?
austenite_stabilization_mechanisms	how fast does steel need to cool to turn completely into martensite instead of leaving some austenite behind?
austenite_stabilization_mechanisms	in what way does chromium help keep the austenite phase stable by affecting carbon solubility and the A3 transformation temperature?
austenite_stabilization_mechanisms	what role does the type of grain boundary play in the stress that builds up when a material undergoes repeated heating and cooling?
austenite_stabilization_mechanisms	how does the crystal orientation of the original austenite influence which crystal structure forms when it turns into a new phase?
automata_theory	how does the transition function decide where the read head should move next?
automata_theory	why do we have to assume a language is regular and then look for a contradiction to prove it isn't?
automata_theory	what exactly makes a pushdown automaton accept a string instead of rejecting it?
automata_theory	which class of automata is used to recognize context-sensitive languages?
automata_theory	can context-sensitive grammars handle rules that need to check two separate parts of a string at the same time?
automated_fixture_clamping_mechanisms	how do I prevent damage to my parts when using automated clamping jaws?
automated_fixture_clamping_mechanisms	what steps must I complete before allowing the system to operate autonomously?
automated_fixture_clamping_mechanisms	how do I determine the right amount of clamping force for my specific workpiece?
automated_fixture_clamping_mechanisms	can you explain how to properly align the clamp axes with the part geometry?
automated_fixture_clamping_mechanisms	does this system have a way to save energy during the release phase?
automotive_powertrain_design	how do modern hybrid systems handle motor drive using three-phase inverters?
automotive_powertrain_design	what materials are best for cylinder heads to get heat out fast?
automotive_powertrain_design	why does even bearing load matter for keeping boost pressure steady?
automotive_powertrain_design	what kind of steel should I use for a fuel rail that handles over 2500 bar of pressure?
automotive_powertrain_design	does more damping in a vehicle help stability or make it use more energy?
automotive_suspension_systems	what materials should I look for when choosing shock absorber parts?
automotive_suspension_systems	how do gyroscopes improve vehicle stability while turning?
automotive_suspension_systems	why are degraded bushings bad for suspension performance?
automotive_suspension_systems	how does suspension geometry affect a car's aerodynamics?
automotive_suspension_systems	what are kinematic equations for suspension systems?
b_tree_index_maintenance	how does a b-tree index use fixed-size pages to keep disk access costs predictable and map memory efficiently?
b_tree_index_maintenance	what is the range of keys that a leaf node in a b-tree index is allowed to hold?
b_tree_index_maintenance	when a b-tree index splits and creates a new root, what information does the new root node store?
b_tree_index_maintenance	why are page-level latches used when managing a b-tree index to handle concurrent modifications?
b_tree_index_maintenance	how does bulk loading help create a b-tree index with a balanced and uniform structure across all levels?
b_tree_index_structure	How do I calculate the number of keys a B-tree node can hold?
b_tree_index_structure	What do the pointers in a B-tree leaf node do to help with range queries?
b_tree_index_structure	If a B-tree node underflows, how is it merged with its neighbors?
b_tree_index_structure	Is a B-tree always balanced in height?
b_tree_index_structure	Why do B* trees use more space than regular B-trees?
b_tree_indexing	how does the insertion process find the correct leaf node for a new key?
b_tree_indexing	what metadata is typically stored in the header of each page in a B-tree?
b_tree_indexing	how does a B-tree keep itself balanced during insertions and deletions?
b_tree_indexing	what happens when a node overflows and its sibling doesn't have extra space?
b_tree_indexing	why does a B-tree's storage capacity grow exponentially with height?
base_pressure_recovery_systems	How do guide vanes help keep airflow smooth and reduce turbulence in these systems?
base_pressure_recovery_systems	What tools do technicians use to make sure the compressor shaft is perfectly lined up with the motor?
base_pressure_recovery_systems	When does compressibility become a big factor in how air moves through the diffuser?
base_pressure_recovery_systems	How does removing low-momentum fluid from the walls improve pressure recovery performance?
base_pressure_recovery_systems	What formula or method is used to figure out how efficient the pressure recovery actually is?
beam_splitter_calibration	How do I pick a calibration source that reduces systematic errors in my beam splitter setup?
beam_splitter_calibration	What role do reference mirror alignments play in preventing phase errors during calibration?
beam_splitter_calibration	Why is it important to minimize the gap between theoretical models and experimental results when calibrating a beam splitter?
beam_splitter_calibration	Should I use polarization filters during calibration, and if so, when are they necessary?
beam_splitter_calibration	Which types of beam splitters benefit most from a polarization-based calibration approach?
bill_of_exchange_and_credit_settlement_systems	how do electronic bill of exchange systems use distributed ledger technology to maintain an immutable audit trail?
bill_of_exchange_and_credit_settlement_systems	what role does the clearing house play in matching payment instructions and ensuring netting in electronic bill of exchange systems?
bill_of_exchange_and_credit_settlement_systems	what are the formal requirements for a valid bill of exchange according to the Uniform Commercial Code?
bill_of_exchange_and_credit_settlement_systems	how do audit teams verify the integrity of digital ledger entries to prevent fraud in electronic bill of exchange systems?
bill_of_exchange_and_credit_settlement_systems	why must the bill be delivered to the payee or order holder in electronic bill of exchange systems?
binary_tree_structural_analysis	how many nodes does a fully packed binary tree with height h have?
binary_tree_structural_analysis	what happens to the recursion when the in-order range is empty?
binary_tree_structural_analysis	why are red-black trees able to guarantee balanced path lengths?
binary_tree_structural_analysis	how do the encoded values determine which child gets assigned next?
binary_tree_structural_analysis	where does the search for two target nodes start in the tree?
binocular_disparity_processing	how do early visual areas like V1 and V2 combine binocular and monocular signals for depth perception?
binocular_disparity_processing	what role do simple cells in V1 play in detecting fine spatial features and small binocular disparities?
binocular_disparity_processing	how are MT disparity filters tuned to detect global depth contours across larger receptive fields?
binocular_disparity_processing	how does the parvocellular pathway contribute to the detection of small disparities and static depth cues?
binocular_disparity_processing	what excitatory input do medial recti muscles receive to drive convergence?
biochemical_pathway_analysis	how can I break down a complex metabolic network into smaller functional parts?
biochemical_pathway_analysis	what mathematical equations describe cooperative binding at enzyme allosteric sites?
biochemical_pathway_analysis	how do I model the time-dependent accumulation of labeled molecules in a metabolic network?
biochemical_pathway_analysis	can you explain how message passing helps in learning representations of metabolites?
biochemical_pathway_analysis	how do I validate predicted metabolic branches using genomic data and experimental flux measurements?
biological_water_treatment	What chemicals are typically added to help clump together the tiny particles in water treatment processes?
biological_water_treatment	How can automated systems help manage the flow of air and sludge in a treatment plant?
biological_water_treatment	Which bacteria take advantage of nitrate or nitrite when there is no oxygen present?
biological_water_treatment	Why do factors like water speed and friction matter when it comes to building up layers of concentration?
biological_water_treatment	What specific pressure limit must be kept in mind to stop methane-producing bacteria from getting inhibited?
biomechanics_of_drawing_and_release	how does twisting the torso help generate more power in a throw?
biomechanics_of_drawing_and_release	what role does shoulder rotation speed play in the final acceleration before release?
biomechanics_of_drawing_and_release	how do muscle fibers coordinate to produce maximum force without straining the muscles?
biomechanics_of_drawing_and_release	why is the length of the arm important when calculating the speed of the throw?
biomechanics_of_drawing_and_release	what happens to the body's momentum when it rotates during the throwing motion?
bioprocess_control	how does a digital twin help simulate changes to a bioreactor before making them in real life?
bioprocess_control	what kind of algorithm is commonly used to keep dissolved oxygen levels steady during fermentation?
bioprocess_control	should companies offer specific training for people who work with bioprocess control systems?
bioprocess_control	how can role-based access control prevent unauthorized changes to critical bioprocess settings?
bioprocess_control	can virtual replicas of bioprocess systems really match live data in real time?
bioreactor_design	How do I choose the right impeller for a bioreactor based on my specific biological process requirements?
bioreactor_design	Why is heat transfer so important in bioreactor design and what happens if it’s not sufficient?
bioreactor_design	What role do control systems play in keeping microorganisms healthy during a bioprocess?
bioreactor_design	Why are backup power systems considered essential for bioreactor operations?
bioreactor_design	How does the size of a bioreactor affect the time it takes to achieve uniform mixing?
biosynthetic_pathway_engineering	How do I balance the speed and efficiency of each enzyme in a metabolic pathway to prevent bottlenecks?
biosynthetic_pathway_engineering	What kind of building blocks are needed to make synthetic gene circuits behave predictably?
biosynthetic_pathway_engineering	Can computer models help me find weak spots in a metabolic network before I even start building it?
biosynthetic_pathway_engineering	Why does the physical state of the cell membrane matter for how transport proteins work?
biosynthetic_pathway_engineering	How can I use differential equations to track how metabolites change over time in a pathway?
blacksmithing_and_tool_forging	what is the temperature range for critical heat treatment in carbon steel?
blacksmithing_and_tool_forging	how does the sequence of forging steps affect the final strength and durability of tools?
blacksmithing_and_tool_forging	why is it important to temper steel after quenching it?
blacksmithing_and_tool_forging	what role does heat distribution play in reducing energy costs during forging?
blacksmithing_and_tool_forging	should you wait for protective gear to wear out before replacing it?
blade_angle_for_end_grain_planing	how do I adjust the table speed for different wood densities to get smooth chips?
blade_angle_for_end_grain_planing	what is the formula that connects chip thickness, feed rate, and bevel angle?
blade_angle_for_end_grain_planing	how can I make sure my blade stays straight and doesn't wobble when cutting?
blade_angle_for_end_grain_planing	what signs should I look for to know when my machine is starting to chatter?
blade_angle_for_end_grain_planing	how do I keep the blade cool when planing across the end grain of the wood?
blade_angle_optimization	How does changing the angle of a blade affect the pressure distribution along its surface?
blade_angle_optimization	What role does material choice play in limiting how much a blade angle can be adjusted during optimization?
blade_angle_optimization	Why are sharp internal corners in optimized blade designs considered problematic for manufacturing?
blade_angle_optimization	Which specific blade angle adjustments have the biggest impact on overall performance?
blade_angle_optimization	How is the total energy loss used as a goal when optimizing blade angles?
blade_stress_analysis	how does spinning a blade create stress through centrifugal forces?
blade_stress_analysis	can you show me how to pull stress distribution data from simulation results?
blade_stress_analysis	why do blade tips have that rounded cap shape instead of being sharp?
blade_stress_analysis	is multiaxial fatigue analysis necessary for predicting how long a blade will last?
blade_stress_analysis	how do engineers use Miner’s rule to figure out safety factors for blades?
blast_overpressure_calculation	How does the ground surface affect the peak overpressure when a blast wave hits it?
blast_overpressure_calculation	Why is the scaled distance parameter useful for predicting blast overpressure at different distances?
blast_overpressure_calculation	How does the scaling law help account for geometric spreading in blast wave calculations?
blast_overpressure_calculation	What causes the transition between different regimes in blast overpressure scaling laws?
blast_overpressure_calculation	Can a slow transducer response time mess up the recorded peak pressure from a blast?
botany_and_medicinal_herbalism	how does leaf shape affect a plant's ability to exchange gases and lose water?
botany_and_medicinal_herbalism	why are single-compound drugs generally more predictable than herbal remedies?
botany_and_medicinal_herbalism	what are the proper storage conditions for crude herbal extracts to prevent them from spoiling?
botany_and_medicinal_herbalism	can a lack of phosphorus in the soil change the amount of essential oils a plant produces?
botany_and_medicinal_herbalism	is it safe to take valerian root if I’m already on benzodiazepines or barbiturates?
bouguer_anomaly_interpretation	how do I adjust gravity readings for latitude and Earth's shape before analyzing them?
bouguer_anomaly_interpretation	what steps are involved in correcting gravity data for surface elevation changes?
bouguer_anomaly_interpretation	why does the Bouguer correction struggle with areas that don’t have wide, flat terrain?
bouguer_anomaly_interpretation	how can borehole records help me figure out rock densities for gravity models?
bouguer_anomaly_interpretation	where do I usually get density estimates for crustal rocks when no boreholes are nearby?
boundary_layer_control	how does mean shear affect turbulent kinetic energy near the wall?
boundary_layer_control	can external flow lower the threshold for boundary layer transition?
boundary_layer_control	do blowing devices make the boundary layer thicker but more stable?
boundary_layer_control	how is skin friction calculated using free stream dynamic pressure?
boundary_layer_control	how robust is boundary layer control against changes in Reynolds number and surface roughness?
boundary_layer_measurement_techniques	How do researchers correct velocity readings for the effects of pressure changes along the flow direction?
boundary_layer_measurement_techniques	What is the purpose of using a constant temperature mode with feedback when measuring flow properties?
boundary_layer_measurement_techniques	How can a measurement probe capture fast-moving changes in the boundary layer?
boundary_layer_measurement_techniques	How are computational models validated using real-world boundary layer data?
boundary_layer_measurement_techniques	What is the first step in cleaning up raw images for optical flow measurements?
boundary_layer_modeling	how does the reynolds number affect when flow transitions from laminar to turbulent?
boundary_layer_modeling	what role does the buffer layer play in the structure of a boundary layer?
boundary_layer_modeling	why do boundary layer equations require special numerical methods like implicit time integration?
boundary_layer_modeling	where exactly does the boundary layer separate from the surface and what causes it?
boundary_layer_modeling	how do pressure gradients and viscous effects interact in the y-direction momentum balance?
boundary_layer_separation	what happens to wall shear stress right before the flow separates?
boundary_layer_separation	how does the boundary layer thickness change when the Reynolds number gets really high?
boundary_layer_separation	why do laminar boundary layers have less kinetic energy close to the wall?
boundary_layer_separation	what technique do researchers use to see density changes in compressible shear layers?
boundary_layer_separation	what force opposes the fluid momentum near the separation point?
boundary_layer_transition	how do I accurately measure when a boundary layer transitions to turbulence?
boundary_layer_transition	why is it hard to predict transition onset on complex shapes with adverse pressure gradients?
boundary_layer_transition	what does it mean for the most unstable disturbance to reach a finite amplitude?
boundary_layer_transition	how can I connect pressure taps to transducers without disturbing the flow?
boundary_layer_transition	how do shock waves affect the boundary layer and cause unsteady separation?
boundary_lubrication	How do polar head groups on long-chain hydrocarbons help form a protective layer on metal surfaces?
boundary_lubrication	Why might cold weather make it harder for lubricants to reach the contact points between moving parts?
boundary_lubrication	In what way does molecular alignment create a slip plane that reduces friction between surfaces?
boundary_lubrication	How does increased surface roughness interfere with the effectiveness of a lubricating film?
boundary_lubrication	What role does measuring viscosity and shear-thinning behavior play in understanding lubricant film performance?
brewing_and_malting_sciences	how do hop polyphenols bind with proteins and polysaccharides in beer?
brewing_and_malting_sciences	what role do fermentable sugars play in determining final alcohol content?
brewing_and_malting_sciences	why is calcium important during the mashing process?
brewing_and_malting_sciences	how does pasteurization work to eliminate unwanted bacteria and yeasts?
brewing_and_malting_sciences	what steps ensure consistent quality in beer production?
bucket_cutting_edge_metallurgy	how do I keep the bevel angle of my bucket cutting edge within two degrees of the specified design?
bucket_cutting_edge_metallurgy	what happens to the fracture toughness of the edge if I temper it at a higher temperature?
bucket_cutting_edge_metallurgy	why does the martensitic band on the cutting edge have such a fine lath-like microstructure?
bucket_cutting_edge_metallurgy	how fast does the coolant need to flow to properly cool the cutting edge during operation?
bucket_cutting_edge_metallurgy	can optimizing the edge orientation and stress state really help reduce the cutting force required?
bulk_flow_theory	What happens to fluid velocity when turbulence starts in a pipe?
bulk_flow_theory	Why do we need special rules to simulate shock waves in calculations?
bulk_flow_theory	How does the boundary layer affect the speed of fluid near a solid surface?
bulk_flow_theory	Can you explain how Reynolds decomposition breaks down flow into average and random parts?
bulk_flow_theory	How do stream surfaces help simplify the study of 3D fluid movement?
bundle_adjustment	how does bundle adjustment handle the missing scale information in monocular setups?
bundle_adjustment	what role does the Jacobian play in reducing the error during bundle adjustment optimization?
bundle_adjustment	why do rotation vectors cause problems at the antipodal point when using the exponential map?
bundle_adjustment	how does the sparsity of the data matrix affect the computational cost of solving bundle adjustment?
bundle_adjustment	can adding strong constraints on camera movement help when there are few matching features between images?
byzantine_fault_tolerance	What is the minimum number of nodes needed to tolerate Byzantine failures in a partially synchronous network?
byzantine_fault_tolerance	How does the protocol ensure that malicious nodes are caught when they try to send conflicting messages?
byzantine_fault_tolerance	When does the system start a new view to recover from a failed leader?
byzantine_fault_tolerance	How many participants must acknowledge a transaction for it to be considered final?
byzantine_fault_tolerance	Why is sharding important for handling transactions in parallel across the network?
cache_coherence_mechanisms	How do non-temporal stores bypass the cache hierarchy?
cache_coherence_mechanisms	What is the role of a snooping filter in monitoring interconnect transactions?
cache_coherence_mechanisms	How does the owner state indicate validity in a cache line?
cache_coherence_mechanisms	What role does arbitration logic play in conflict resolution?
cache_coherence_mechanisms	How can software enforce memory consistency using compiler barriers and memory fences?
calphad_thermodynamic_modeling	How does the CALPHAD method calculate the Gibbs free energy for multi-component systems?
calphad_thermodynamic_modeling	What kind of parameters are needed to account for excess enthalpy of mixing in different phases?
calphad_thermodynamic_modeling	How do mobility parameters influence phase boundary movement and diffusion under non-equilibrium conditions?
calphad_thermodynamic_modeling	What role do robust root-finding algorithms play in phase equilibrium calculations for various alloy compositions?
calphad_thermodynamic_modeling	How does the optimization process ensure that calculated thermodynamic properties match experimental data?
camera_pose_estimation	how do graph neural networks represent spatial relationships in camera pose estimation?
camera_pose_estimation	what assumption is made about the calibration target during measurement?
camera_pose_estimation	what tasks typically use the robust correspondences found in camera pose estimation?
camera_pose_estimation	how do direct methods estimate camera motion without extracting features?
camera_pose_estimation	why does using the Jacobian matrix help improve accuracy in these algorithms?
capacitive_sensing_and_dielectric_spectroscopy	how does the shape of the electrodes affect the sensitivity of capacitive sensors?
capacitive_sensing_and_dielectric_spectroscopy	what happens to the dielectric constant when moisture gets absorbed into a material?
capacitive_sensing_and_dielectric_spectroscopy	how can I tell the difference between energy stored and energy lost in a dielectric using complex permittivity?
capacitive_sensing_and_dielectric_spectroscopy	what equipment is typically used to measure the loss tangent of a sample?
capacitive_sensing_and_dielectric_spectroscopy	why is it important to pick the right frequency when measuring dielectric properties?
capital_controls_and_exchange_rate_management	How do transaction-based restrictions work to stop short-term speculative capital flows?
capital_controls_and_exchange_rate_management	Why is it important for central banks to watch offshore markets when managing exchange rates under capital controls?
capital_controls_and_exchange_rate_management	Does increasing foreign currency reserves automatically raise inflation, and how can that be prevented?
capital_controls_and_exchange_rate_management	Can financial repression from capital controls actually harm savings and productivity in the long run?
capital_controls_and_exchange_rate_management	Do central banks have special teams to help banks figure out how to follow capital control rules?
caravan_trade_and_caravan_management	how do caravan leaders figure out the best routes using weather forecasts and past climate data?
caravan_trade_and_caravan_management	what makes it so easy for caravans to change their cargo layout on the fly?
caravan_trade_and_caravan_management	are there specific rules about fuel and trash when traveling through nature reserves?
caravan_trade_and_caravan_management	how do managers keep perishable items from going bad during long trips?
caravan_trade_and_caravan_management	what steps do traders take to make sure deals with competitors stay fair and clear?
caravanserai_architecture_and_cargo_security_design	How do caravanserais keep their goods safe from bandits and thieves?
caravanserai_architecture_and_cargo_security_design	What role does the building’s location near mountains or deserts play in its security?
caravanserai_architecture_and_cargo_security_design	Why are the hallways inside a caravanserai built so wide?
caravanserai_architecture_and_cargo_security_design	How does the shape of the roof help the structure withstand strong winds?
caravanserai_architecture_and_cargo_security_design	In what ways does the layout of a caravanserai help keep travelers organized and safe?
carbide_precipitation_kinetics	how does the speed of carbon diffusion compared to metal solute diffusion influence the formation of carbides in the matrix?
carbide_precipitation_kinetics	what role does grain boundary segregation play in creating continuous carbide networks along phase interfaces?
carbide_precipitation_kinetics	how do interactions between multiple components change the local chemical potential during carbide precipitation?
carbide_precipitation_kinetics	can scanning transmission electron microscopy with energy dispersive x-ray spectroscopy be used to map chemical depletion zones at the nanoscale?
carbide_precipitation_kinetics	how does the combination of cooling rate and holding temperature affect whether a stable or metastable carbide phase forms?
carbon_diffusion_in_solid_solutions	how do we measure carbon diffusion in alloys most accurately?
carbon_diffusion_in_solid_solutions	why does nickel behave differently than chromium in terms of carbon movement?
carbon_diffusion_in_solid_solutions	where do carbon atoms actually sit inside a metal structure when diffusing?
carbon_diffusion_in_solid_solutions	how does case hardening work in terms of carbon getting into steel?
carbon_diffusion_in_solid_solutions	when does the darken equation fail to predict diffusion behavior correctly?
carbon_steel_microstructure_analysis	why is carbon diffusion significantly faster in austenite compared to ferrite?
carbon_steel_microstructure_analysis	how does refining the grain size affect the strength and ductility of steel?
carbon_steel_microstructure_analysis	is the orientation of ferrite grains random in steel, and can it be controlled?
carbon_steel_microstructure_analysis	what is the purpose of embedding thin metal sections in resin or epoxy during analysis?
carbon_steel_microstructure_analysis	how do different tempering temperatures influence the hardness and ductility of carbon steel?
cartographic_generalization	How do I prepare my GIS data to make sure it's topologically sound before I start generalizing it?
cartographic_generalization	What is the best way to keep a map easy to read when zooming out to different levels?
cartographic_generalization	Why are raster-based methods considered efficient for processing large datasets in cartography?
cartographic_generalization	How do real-time mapping systems handle constant changes in data without slowing down?
cartographic_generalization	Where can I find a feature that lets me check my map look before I save the changes?
cartography_and_topographical_surveying	how do cartographers choose symbols to represent different geographic features on a map?
cartography_and_topographical_surveying	why is it important to align vertical and horizontal coordinates when creating precise maps?
cartography_and_topographical_surveying	what happens to the shape of a map when you use an equal-area projection?
cartography_and_topographical_surveying	how does map compliance help with property boundaries and construction plans?
cartography_and_topographical_surveying	why does a magnetic compass need adjustment before use in different locations?
castle_fortification_and_defensive_architecture	how do crenellations help defenders stand safely while fighting over a castle wall?
castle_fortification_and_defensive_architecture	why are gatehouses considered the most important part of a castle’s defensive layout?
castle_fortification_and_defensive_architecture	how do buttresses and thick foundations protect a castle from siege weapons?
castle_fortification_and_defensive_architecture	why are the outer sides of bastions built at an angle instead of straight?
castle_fortification_and_defensive_architecture	how does the keep’s height give commanders an advantage during a battle?
cavalry_horsemanship_and_animal_husbandry	how do you properly tighten a girth so it doesn't restrict the horse's breathing?
cavalry_horsemanship_and_animal_husbandry	what is the best way to condition a horse for cavalry training without overworking it?
cavalry_horsemanship_and_animal_husbandry	why do hoof care routines change during the rainy season?
cavalry_horsemanship_and_animal_husbandry	how have modern equestrian trainers changed their methods compared to the past?
cavalry_horsemanship_and_animal_husbandry	are there veterinarians available to support cavalry units?
cavitation_and_erosion_analysis	Why does the leading edge of the impeller blade act as a main spot for bubble formation?
cavitation_and_erosion_analysis	How does the shockwave bouncing off the solid-liquid interface affect material compression?
cavitation_and_erosion_analysis	What role do synchronized data acquisition systems play in the study?
cavitation_and_erosion_analysis	Why is the cavitation number inversely related to the square of the fluid velocity?
cavitation_and_erosion_analysis	How do Eulerian-Lagrangian methods help in tracking individual bubbles within the liquid?
cell_wall_biochemistry	how do bacteria sense damage to their cell walls and respond to maintain integrity?
cell_wall_biochemistry	what role does peptidoglycan play in preventing cell rupture during osmotic stress?
cell_wall_biochemistry	which enzymes are responsible for modifying the peptidoglycan structure after it's synthesized?
cell_wall_biochemistry	how do genetic changes in lipid A production affect a bacterium's sensitivity to different antibiotics?
cell_wall_biochemistry	where in the cell wall does new material get added during growth and division?
cement_chemistry	How does gypsum help control the speed of cement hydration?
cement_chemistry	What are the main crystal structures that form during early cement setting?
cement_chemistry	Why does C3A cause the initial spike in temperature so quickly?
cement_chemistry	Do the shape of C2S crystals affect how they react with water?
cement_chemistry	At what kind of temperature does tobermorite usually begin to form in cement?
ceramic_body_composition_and_firing	how does silica contribute to the structure of a ceramic body when it is fired?
ceramic_body_composition_and_firing	what are typical temperature and heating rate guidelines for glaze firing?
ceramic_body_composition_and_firing	why is having a consistent particle size important for reducing pores in a ceramic?
ceramic_body_composition_and_firing	how can I check if my clay body is ready to shape without breaking?
ceramic_body_composition_and_firing	what happens to iron oxides during high-temperature firing and why might they stain the kiln?
ceramic_body_sintering	How does the speed of heating affect grain development during ceramic sintering?
ceramic_body_sintering	Can liquid phase and solid state diffusion work together to improve microstructure?
ceramic_body_sintering	Why is using a vacuum useful for removing impurities in ceramic sintering?
ceramic_body_sintering	What should I check regularly to avoid heat loss and thermal stress in the furnace?
ceramic_body_sintering	How does the amount of liquid phase and time spent influence the final ceramic structure?
ceramic_fiber_manufacturing	how do manufacturers keep ceramic fiber diameter and alignment consistent during production?
ceramic_fiber_manufacturing	what happens to the fibers if the thermal treatment isn't optimized properly?
ceramic_fiber_manufacturing	why is silica fiber specifically chosen for use in kiln linings and refractory bricks?
ceramic_fiber_manufacturing	how do factories monitor air quality for harmful particles and chemicals on the production line?
ceramic_fiber_manufacturing	what is the ideal temperature range for the quenching bath to get the best fiber surface?
ceramic_firing_protocols	How does adding oxygen during the heating process help change the iron content in ceramic materials?
ceramic_firing_protocols	Why is it important to heat the ceramic evenly to prevent cracking or warping as it cools?
ceramic_firing_protocols	What happens to the material's strength when the glassy layer starts to form during firing?
ceramic_firing_protocols	How fast should I heat the kiln to 800 degrees Celsius to make sure all organic stuff burns off safely?
ceramic_firing_protocols	Does keeping the ceramic at high temperature for longer help it become denser and fully fused?
ceramic_fracture_mechanics	How do ceramic grains move past each other during plastic deformation?
ceramic_fracture_mechanics	Why does fiber-matrix debonding help dissipate energy before the fibers break?
ceramic_fracture_mechanics	What role does temperature change play in creating microcracks in ceramics?
ceramic_fracture_mechanics	How does the model calculate the likelihood of failure based on applied stress?
ceramic_fracture_mechanics	Why does the fracture surface area increase when grains shift during deformation?
ceramic_glaze_chemistry	how does the match between glaze and clay expansion affect cracking during firing?
ceramic_glaze_chemistry	what happens to the diffusion of network modifiers when the glass structure becomes more polymerized?
ceramic_glaze_chemistry	why does adding too much lead cause phase separation in a glaze mixture?
ceramic_glaze_chemistry	how can I prevent big crystal formation in my ceramic glaze?
ceramic_glaze_chemistry	what firing temperatures should I avoid to keep my glaze from crystallizing?
ceramic_kiln_design	How do I calculate the right insulation thickness for my ceramic kiln to keep heat in?
ceramic_kiln_design	What happens if the air flow in my kiln gets too turbulent?
ceramic_kiln_design	Why is the control system so important for getting the temperature ramps right?
ceramic_kiln_design	How does the kiln’s shape affect the way air moves through it?
ceramic_kiln_design	What role does thermal inertia play in heating up a ceramic kiln efficiently?
ceramic_kiln_operation	how do I make sure my kiln walls don’t crack under heat?
ceramic_kiln_operation	why are my finished pieces looking porous or unglazed?
ceramic_kiln_operation	when can I safely load my pottery after applying kiln wash?
ceramic_kiln_operation	my glaze is cracking after firing—what’s going wrong?
ceramic_kiln_operation	where should I throw away old kiln materials that might contain lead?
ceramic_matrix_composite_fabrication	How do I control the decomposition rate of the precursor during the ceramic matrix composite fabrication process?
ceramic_matrix_composite_fabrication	What impact does changing the amount of reinforcement fibers have on the thermal properties of the composite?
ceramic_matrix_composite_fabrication	Why is a 48-hour drying period at 150-180 degrees Celsius necessary for the gel before further processing?
ceramic_matrix_composite_fabrication	How does a mismatch in the coefficient of thermal expansion between materials lead to internal stresses?
ceramic_matrix_composite_fabrication	Can ultrasonic testing be used to identify hidden cracks or delamination within a fully fabricated ceramic matrix composite?
ceramic_matrix_composites	Why does the silicon carbide matrix suffer from severe thermal stress when exposed to oxygen?
ceramic_matrix_composites	How can we prevent unwanted phase transformations in ceramic matrix composites during high-temperature use?
ceramic_matrix_composites	What role do silane coupling agents play in improving the bond between fibers and the composite matrix?
ceramic_matrix_composites	Why are filament winding components significantly stronger along the winding direction compared to others?
ceramic_matrix_composites	When would silicon nitride composites be a better choice over other ceramic matrix materials for high-heat applications?
ceramic_microstructure_property_relationships	How does the amount of secondary particles affect thermal expansion in composite ceramics?
ceramic_microstructure_property_relationships	What role does chemical segregation play in changing viscosity at grain boundaries and affecting creep?
ceramic_microstructure_property_relationships	Why do liquid-phase sintered ceramics develop residual internal stresses?
ceramic_microstructure_property_relationships	Why are polycrystalline ceramics less ductile than single-crystal ones?
ceramic_microstructure_property_relationships	How can D X-ray nanotomography be used to study phase distribution and pores in ceramics?
ceramic_shrinkage_and_dimensional_stability	How do uneven heating or cooling rates affect the shape of ceramic pieces after firing?
ceramic_shrinkage_and_dimensional_stability	What causes warping in ceramics during the drying and sintering process?
ceramic_shrinkage_and_dimensional_stability	Why might high firing temperatures lead to dimensional changes in solid-state sintered ceramics?
ceramic_shrinkage_and_dimensional_stability	How can residual stresses from thermal gradients distort the final dimensions of a ceramic part?
ceramic_shrinkage_and_dimensional_stability	What tools are used to measure the exact baseline geometry of ceramic components before testing?
ceramic_sintering_and_phase_transformation	how does grain boundary energy influence the growth of grains during ceramic sintering?
ceramic_sintering_and_phase_transformation	can microcracking negatively affect the fracture toughness and compressive strength of a ceramic material?
ceramic_sintering_and_phase_transformation	what steps can be taken to maintain phase purity by preventing liquid phase formation in ceramics?
ceramic_sintering_and_phase_transformation	how do pressure-assisted sintering methods like hot pressing improve densification and reduce processing time?
ceramic_sintering_and_phase_transformation	can high-resolution transmission electron microscopy reveal dislocation networks and stacking faults during ceramic recrystallization?
chemical_reactor_design_and_scale_up	How do static mixers improve radial mixing in laminar flow without needing mechanical agitation?
chemical_reactor_design_and_scale_up	What role do computational fluid dynamics simulations play in validating scale-up criteria for chemical reactors?
chemical_reactor_design_and_scale_up	Why are inerting systems necessary when handling flammable or explosive reaction mixtures in industrial reactors?
chemical_reactor_design_and_scale_up	How does conduction transfer heat through solid reactor walls and stagnant fluid layers?
chemical_reactor_design_and_scale_up	Can fixed bed reactors with multiple catalyst sections allow for sequential regeneration without stopping plant production?
chemical_reactor_fluidization_and_mixing	how does the bed expansion ratio change as the gas velocity goes up from the minimum fluidization point?
chemical_reactor_fluidization_and_mixing	what method is commonly used to get steady-state mixing data in a fluidized bed?
chemical_reactor_fluidization_and_mixing	how can the Ergun equation be modified to estimate the minimum fluidization velocity?
chemical_reactor_fluidization_and_mixing	what does the pressure drop across a fluidized bed tell us about the particle density and circulation?
chemical_reactor_fluidization_and_mixing	how does particle agglomeration affect mass transfer rates in a reactor?
chiral_edge_states	how do magnetic fields affect the edge states in a 2D topological insulator?
chiral_edge_states	is it possible to change the speed of the edge states using a gate voltage?
chiral_edge_states	what happens to the conductance when the system enters a fractional quantum Hall state?
chiral_edge_states	can strong disorder cause a phase transition in these topological systems?
chiral_edge_states	what role does time-reversal symmetry play in creating the energy gap for chiral edge states?
civil_construction_practices	How do I ensure rebar is properly protected from corrosion and chemical damage in construction projects?
civil_construction_practices	What equipment is needed to grade pavement surfaces to the exact specified elevation?
civil_construction_practices	Where can I find safety standards for installing structural steel connections in buildings?
civil_construction_practices	How do vapor retarders work to control moisture movement in building assemblies?
civil_construction_practices	Why is it important to carefully calibrate admixture dosages in concrete mixtures?
classical_optics_and_lens_grinding	how do i calculate the surface curvatures for a lens with a specific focal length and material?
classical_optics_and_lens_grinding	what tools do I use to check if my lens surfaces meet the required optical tolerances?
classical_optics_and_lens_grinding	can you explain how Snell's law applies when light passes through each surface of a lens?
classical_optics_and_lens_grinding	how can I accurately find the center of curvature for a lens surface?
classical_optics_and_lens_grinding	what is the proper procedure for cleaning optical surfaces before I inspect them?
clay_body_formulation_and_mineralogy	how does particle size affect the flow properties of clay during processing?
clay_body_formulation_and_mineralogy	why add grog to clay bodies to prevent cracking during cooling?
clay_body_formulation_and_mineralogy	what makes montmorillonite so plastic and prone to swelling?
clay_body_formulation_and_mineralogy	how does mullite formation help bind the clay particles into a solid body?
clay_body_formulation_and_mineralogy	can x-ray diffraction with rietveld refinement accurately measure the components in complex clay mixtures?
clifford_algebra	how do bivectors in clifford algebras relate to the generators of the Lorentz group so(1,3)?
clifford_algebra	what is the definition of the geometric product in terms of dot and cross products?
clifford_algebra	how are oriented subspaces represented in clifford algebra using k-vectors?
clifford_algebra	what is the quadratic relation that defines the generators of a clifford algebra cl(p,q)?
clifford_algebra	how does the metric signature influence the definition of operators in clifford algebras?
climate_controlled_archival_storage	how often should the motor bearings in air handling units be checked for climate controlled archives?
climate_controlled_archival_storage	what temperature range is best for preserving archival materials to slow down chemical degradation?
climate_controlled_archival_storage	why is it important to keep detailed access logs in a climate controlled archival facility?
climate_controlled_archival_storage	how does ISO 14001 help manage environmental systems for archival storage?
climate_controlled_archival_storage	what are the key maintenance requirements for the air handling units in climate controlled archives?
closed_loop_motion_control_systems	How can feedforward compensation algorithms help prevent tracking errors in motion control systems?
closed_loop_motion_control_systems	What does it mean when a system has a low phase margin, and why is that concerning?
closed_loop_motion_control_systems	Why does expanding the stage base and columns in a motion system change the tool axis orientation?
closed_loop_motion_control_systems	How do PID controllers compare to MPC when dealing with rapidly changing load conditions?
closed_loop_motion_control_systems	Why should ISR routines avoid complex branching logic in motion control applications?
cnet_kernel_arch	how does cnet’s specialized intelligence architecture represent knowledge using vector symbolic systems?
cnet_kernel_arch	why does the cnet .gencap capsule structure encode vectors into addressable memory cells?
cnet_kernel_arch	what happens to class predictions when the cnet model detects uncertainty?
cnet_kernel_arch	how does cnet use sparse distributed representations to keep concepts separate?
cnet_kernel_arch	why are certified domains kept isolated in the cnet system for security and performance?
cnet_vsa_core	How does vector bundling work in the CNET VSA Core architecture?
cnet_vsa_core	What happens to the original information when two vectors are combined in VSA?
cnet_vsa_core	Can you retrieve the original vectors after they have been bundled together?
cnet_vsa_core	Why might a query vector end up in a meaningless region of the vector space?
cnet_vsa_core	How does the inverse property of the binding function help in vector subtraction?
colloid_chemistry	how does adding salt affect the stability of a colloidal suspension and why is there a critical concentration threshold?
colloid_chemistry	what happens to the structure of hard spheres when their volume fraction gets really high?
colloid_chemistry	can you explain how polymer chains on particle surfaces prevent aggregation?
colloid_chemistry	what does it mean for a suspension to have a yield stress and behave like a solid or fluid depending on applied force?
colloid_chemistry	why is steric stabilization more reliable than electrostatic stabilization when dealing with changes in pH or salt levels?
combustion_chamber_heat_transfer	how does the speed of the flame front affect the rate of heat transfer to the unburnt fuel mixture?
combustion_chamber_heat_transfer	why does specific heat capacity of gases increase as the temperature rises?
combustion_chamber_heat_transfer	what role do carbon dioxide and water vapor play in radiative heat transfer?
combustion_chamber_heat_transfer	which materials are best suited for maintaining dimensional stability in high-temperature combustion chambers?
combustion_chamber_heat_transfer	can wall temperature be assumed uniform during transient heating in a combustion chamber?
common_law_enforcement	What happens to evidence if the police violate the Fourth Amendment while gathering it?
common_law_enforcement	How much detail must a warrant affidavit include before a court will approve it?
common_law_enforcement	When is it okay for an officer to search a home without getting a warrant first?
common_law_enforcement	Can officers seize items that are clearly illegal just because they see them in plain sight?
common_law_enforcement	Do police have to write down why an emergency justified their actions after the fact?
compartment_fire_dynamics	how does the heat capacity of a room's contents affect how quickly the temperature rises at the start of a fire?
compartment_fire_dynamics	why do hot gases and smoke always move upward during a fire?
compartment_fire_dynamics	does the size of the ventilation opening control how much oxygen gets into the burning compartment?
compartment_fire_dynamics	what physical laws are used to model the behavior of a fire in an enclosed space?
compartment_fire_dynamics	how does the flow rate of air entering a room relate to the speed of the fire's growth?
compensator_plate_adjustment	how do you adjust the angular position of a compensator plate using micrometer screws?
compensator_plate_adjustment	what steps are involved in calibrating a compensator plate at a specific temperature?
compensator_plate_adjustment	how is the phase retardation of a compensator plate calculated?
compensator_plate_adjustment	why is it important to record the angular position at the detected minimum?
compensator_plate_adjustment	how does material birefringence uncertainty affect the overall path difference measurement?
competitive_inhibition	How does adding a competitive inhibitor change the Km value of an enzyme?
competitive_inhibition	What are the key differences between competitive and uncompetitive inhibition in enzyme kinetics?
competitive_inhibition	Why are the interactions between inhibitors and enzymes considered energetically favorable?
competitive_inhibition	How does the dissociation constant relate to how tightly an inhibitor binds to an enzyme?
competitive_inhibition	How do allosteric inhibitors affect the shape of an enzyme's active site?
compiler_construction	How does the compiler turn raw source code characters into meaningful tokens?
compiler_construction	Why do compilers need to define specific rules for passing function arguments and saving registers?
compiler_construction	What optimization technique allows compilers to move calculations outside of loops to improve performance?
compiler_construction	How can compilers decide whether to place a variable on the stack or in a register?
compiler_construction	When the parser encounters a syntax error, how does the compiler keep analyzing the rest of the code?
compiler_design	how does a compiler optimize code during the intermediate representation phase?
compiler_design	when does dynamic type checking happen and what does it verify?
compiler_design	why does the abstract syntax tree leave out low-level syntax details like parentheses?
compiler_design	what is the role of dynamic analysis methods in monitoring runtime behavior?
compiler_design	how do garbage collectors use mark-and-sweep or generational algorithms to manage memory?
compiler_lexical_analysis_and_parsing	Why do recursive descent parsers fail when they encounter left-recursive grammar rules?
compiler_lexical_analysis_and_parsing	How does a lexer decide which token to pick when multiple possibilities exist at the same position in the input?
compiler_lexical_analysis_and_parsing	What is the role of the canonical collection of LR(0) items in building a parser's transition table?
compiler_lexical_analysis_and_parsing	Why are LL parsers considered a good fit for real-time systems that need predictable performance?
compiler_lexical_analysis_and_parsing	Why do standard Yacc or Bison parser generators stop processing after the first syntax error?
compiler_optimization	How does a compiler figure out which lines of code are unnecessary and can be safely removed?
compiler_optimization	What is the specific step in the compilation process where phi nodes are deleted?
compiler_optimization	How does interprocedural optimization allow a compiler to improve performance across entire programs?
compiler_optimization	Why is the register allocation problem in compilers compared to coloring a graph?
compiler_optimization	What happens to a live range when there are no available registers during the spilling process?
complex_refractive_index_analysis	how does the real part of the complex refractive index relate to the speed of light in a material?
complex_refractive_index_analysis	why is it important to define the polarization state of the light before measurement?
complex_refractive_index_analysis	what kind of rules link the real and imaginary parts of the refractive index together?
complex_refractive_index_analysis	how can we determine how much measurement error affects our calculated refractive index results?
complex_refractive_index_analysis	does this analysis model assume the oscillator strength stays the same over all frequencies?
composite_densification_techniques	how does the matrix composition affect the sintering temperature and liquid phase formation during densification of composite materials?
composite_densification_techniques	what role do phase transformation kinetics play in determining the critical cooling rates needed to prevent secondary phase precipitation in composites?
composite_densification_techniques	how does hot isostatic pressing help eliminate internal porosity and close microcracks uniformly in composite materials?
composite_densification_techniques	how do mechanical strength requirements influence the selection of processing parameters to minimize porosity and improve grain boundary cohesion in composites?
composite_densification_techniques	how can real-time density feedback be used to adjust sintering rates and prevent excessive grain growth during composite densification?
composite_material_failure_analysis	How do ultrasonic methods help detect hidden flaws inside composite structures?
composite_material_failure_analysis	Why do unidirectional composites tend to fail in a specific sequence along the fibers?
composite_material_failure_analysis	What is cohesive zone modeling and how does it predict delamination in composites?
composite_material_failure_analysis	How do manufacturing imperfections affect the statistical distribution of failure stresses?
composite_material_failure_analysis	Which international standards are used for testing the shear strength of composite materials?
composite_material_manufacturing	how does resin transfer molding work in composite manufacturing?
composite_material_manufacturing	what happens to thermal expansion when crosslink density is increased?
composite_material_manufacturing	why are woven fabrics better for dimensional stability than unidirectional laminates?
composite_material_manufacturing	how does pressure help in removing air pockets during composite production?
composite_material_manufacturing	what causes residual stresses between fibers and matrix during curing?
composite_material_processing	How does the flow of material affect how fibers are arranged when making a composite preform?
composite_material_processing	What determines how fast the polymer hardens and how much the part shrinks during the out-of-autoclave curing process?
composite_material_processing	Can you explain how thermodynamic values like enthalpy impact the processing of composite materials?
composite_material_processing	How do X-rays or gamma rays help technicians spot problems like broken fibers inside a composite part?
composite_material_processing	What emergency skills should someone learn to safely handle spills or fires when working with composite materials?
composite_materials_manufacturing	How do I keep resin viscosity just right so it flows through fibers without breaking them?
composite_materials_manufacturing	Why do unidirectional composites usually break when pulled along their length?
composite_materials_manufacturing	Can I use capacitive impedance tomography to find hidden delamination or voids in conductive composites?
composite_materials_manufacturing	What role do silane coupling agents play in helping resin bond better to carbon fibers?
composite_materials_manufacturing	Do biodegradable composite matrices hurt performance compared to traditional ones?
compressible_flow	what does the mach number tell you about how fast fluid is moving compared to sound?
compressible_flow	how does adding heat change the speed of a gas that’s already going faster than sound?
compressible_flow	when does a pipe reach its maximum flow limit and what causes that?
compressible_flow	why does friction push a flow toward mach one?
compressible_flow	how do you figure out the pressure jump across a shock wave?
compressor_blade_design	How does the camber line at the base of the blade affect pressure distribution to keep the airflow attached?
compressor_blade_design	What role do cooling channels play in the blade's thickness profile to avoid overheating?
compressor_blade_design	Why does flow separation hurt the overall aerodynamic performance of a compressor blade?
compressor_blade_design	What kind of data do CFD simulations provide to help designers predict pressure and heat transfer on the blade surface?
compressor_blade_design	How strict are the tolerances for blade surface flatness, and why does that matter for airflow?
compton_scattering_analysis	How does the Klein-Nishina formula apply to unpolarized X-ray scattering?
compton_scattering_analysis	What is the relationship between a photon's initial energy and its wavelength?
compton_scattering_analysis	Why must the sample holder be set perpendicular to the X-ray beam for accurate results?
compton_scattering_analysis	How can dead time effects be reduced in Compton scattering experiments?
compton_scattering_analysis	How does atomic orbital hybridization influence the Compton profile shape?
computational_acoustics	how do i make sure my computational acoustics model is accurate and reliable?
computational_acoustics	what equations should i use for time based versus frequency based sound simulations?
computational_acoustics	is there a method that gives me the best of both finite element and spectral accuracy?
computational_acoustics	why would i choose finite elements over other methods for complex shapes?
computational_acoustics	how can i speed up the solving process for frequency domain problems?
computational_chemistry	How does choosing a different force field change the stability of molecule shapes in simulations?
computational_chemistry	Why do configuration interaction methods use excited determinants to improve accuracy?
computational_chemistry	What is the main difference between mechanical and electrostatic embedding in modeling molecular systems?
computational_chemistry	Can machine learning potentials be used to predict band gaps and catalytic activity from simulated structures?
computational_chemistry	How can we make sure a neural network respects physical laws like energy conservation?
computational_complexity_analysis	How does amortized analysis calculate the average cost per operation instead of focusing on individual steps?
computational_complexity_analysis	Why do lower bound proofs in complexity theory often involve uncomputable functions or Turing machine limits?
computational_complexity_analysis	What is the main drawback of the PRAM model when trying to predict real-world scalability on current hardware?
computational_complexity_analysis	How is collision resistance formally defined in terms of finding matching hash outputs from different inputs?
computational_complexity_analysis	Why does Grover’s algorithm provide a quadratic speedup for searching unstructured data compared to classical methods?
computational_electromagnetics	how do I handle frequency-dependent permittivity in my electromagnetic simulation to capture dielectric losses?
computational_electromagnetics	where should I place the source and what parameters do I need to define for its excitation?
computational_electromagnetics	what is the relationship between magnetic flux density and the magnetic field in a given medium?
computational_electromagnetics	why is the finite-difference time-domain method known for having low memory requirements per element?
computational_electromagnetics	how can I stabilize simulations of nonlinear electromagnetic problems to prevent oscillatory divergence?
computational_fluid_dynamics	how do solvers handle the pressure-velocity coupling in incompressible flows?
computational_fluid_dynamics	what are the trade-offs when using central differencing for smooth flow simulations?
computational_fluid_dynamics	how does the dynamic Smagorinsky model determine its coefficient value?
computational_fluid_dynamics	what happens to the shear stress tensor when slip boundary conditions are applied?
computational_fluid_dynamics	why is the quality of a preconditioner important for convergence speed in CFD solvers?
computational_fluid_dynamics_simulation	how does direct numerical simulation handle turbulence without using any models?
computational_fluid_dynamics_simulation	why are TVD and WENO limiters important for preventing unwanted oscillations in CFD?
computational_fluid_dynamics_simulation	what is adaptive mesh refinement and why is it used in simulations?
computational_fluid_dynamics_simulation	how do finite volume and finite element methods ensure that conservation laws are followed?
computational_fluid_dynamics_simulation	which error metrics are commonly used to compare CFD results with experimental data?
computational_geometry_algorithms	how do you check if three points make a left or right turn using vectors?
computational_geometry_algorithms	when should you swap edges between two triangles to keep the mesh Delaunay?
computational_geometry_algorithms	why does mapping points to a parabola help you find the intersection polygon of a set of lines?
computational_geometry_algorithms	what data structure is best for quickly getting the next thing to happen in a sweep line algorithm?
computational_geometry_algorithms	how does the gift wrapping algorithm know when it has finished wrapping the shape?
computational_geometry	how do computational geometry algorithms avoid errors when dealing with degenerate cases?
computational_geometry	what is the benefit of using the empty circumcircle property in triangulation?
computational_geometry	how can the Minkowski sum help solve collision detection between two objects?
computational_geometry	which hardware features are used by ray tracing engines to speed up intersection tests?
computational_geometry	what types of geometric calculations do these algorithms perform efficiently?
computational_heat_transfer	how does the upwind method affect accuracy when simulating turbulent heat transfer?
computational_heat_transfer	why are wall functions necessary for high Reynolds number flows with temperature differences?
computational_heat_transfer	what does the expression rho times Cp times the time derivative plus velocity gradient of temperature actually represent physically?
computational_heat_transfer	how does aligning the computational grid with flow directions improve simulation results?
computational_heat_transfer	which error metrics are commonly used to compare CFD heat transfer simulations against experimental data?
computational_materials_modeling	how do Monte Carlo simulations work in computational materials modeling?
computational_materials_modeling	what kind of data is needed to train machine learning models for materials?
computational_materials_modeling	can ab initio molecular dynamics be used to study dynamic material properties?
computational_materials_modeling	what makes quantum Monte Carlo methods special for strongly correlated materials?
computational_materials_modeling	how do graph neural networks predict material properties from atomic structures?
computational_mechanics	How do boundary conditions affect the stiffness matrix and load vector in a discretized system?
computational_mechanics	Why would someone choose finite differences for simple geometries and structured grids?
computational_mechanics	What factors determine the stability of a numerical solution in computational mechanics?
computational_mechanics	How does the order of time integration and spatial discretization impact accuracy?
computational_mechanics	What are the main methods used to validate computational mechanics results?
computational_multiphase_flow	How do you handle mass transfer between different phases in a simulation using the continuity equation?
computational_multiphase_flow	What is the role of the Young-Laplace relation in calculating pressure differences across an interface?
computational_multiphase_flow	Why is it important to use an implicit method for pressure-velocity coupling in multiphase simulations?
computational_multiphase_flow	How do you validate a computational model to ensure it matches real-world experimental results?
computational_multiphase_flow	What is a digital twin and how does it help optimize industrial processes involving multiphase flows?
computational_structural_mechanics	how do large deformations affect the accuracy of the stiffness matrix in nonlinear structural simulations?
computational_structural_mechanics	what is the consistent tangent operator and how is it derived from the strain energy density?
computational_structural_mechanics	why might the Schwarz and FETI methods be used to solve large coupled systems in computational mechanics?
computational_structural_mechanics	how does the implicit time integration scheme affect energy conservation in dynamic simulations?
computational_structural_mechanics	what causes mesh distortion in geometrically nonlinear finite element models?
computational_thermal_analysis	how do radiation heat transfer models work in high-temperature environments where radiative flux dominates?
computational_thermal_analysis	what are the pros and cons of using partitioned approaches for solving thermal analysis problems?
computational_thermal_analysis	why is under-relaxation sometimes needed when using iterative methods in thermal simulations?
computational_thermal_analysis	what is the governing equation for transient heat conduction based on energy conservation?
computational_thermal_analysis	how can sensitivity analysis help improve the accuracy of thermal simulation models?
computer_graphics	how does ray tracing actually calculate the way light bounces off surfaces in a game?
computer_graphics	what math is used to turn a 3d model into a flat image on my monitor?
computer_graphics	why does the computer ignore parts of the scene that are hidden behind walls?
computer_graphics	can I generate new 3d meshes on the fly using compute shaders?
computer_graphics	how do clipping algorithms decide which polygons to throw away before drawing?
computer_graphics_rendering	What role do model-view-projection matrices play in transforming vertices during rendering?
computer_graphics_rendering	Why does coalescing memory accesses in fragment shaders matter for performance?
computer_graphics_rendering	How does the depth buffer handle cases where multiple fragments occupy the same screen position?
computer_graphics_rendering	In what way does a scene graph help manage complex 3D scenes efficiently?
computer_graphics_rendering	What kind of lighting information do environment probes store to approximate indirect illumination?
computer_numerical_control_machining	how do cnc machines keep track of their exact position while cutting?
computer_numerical_control_machining	what keeps the different axes of a cnc machine moving together smoothly?
computer_numerical_control_machining	why do cnc machines use linear guides instead of just letting the parts move freely?
computer_numerical_control_machining	how does a cnc machine decide how fast to spin the spindle compared to how fast it moves the tool?
computer_numerical_control_machining	what safety checks does a cnc machine perform with air pressure before it starts working?
computer_science	how do distributed systems maintain consistency when some nodes fail?
computer_science	what does it mean for an algorithm to have high space complexity?
computer_science	how does the MMU map virtual addresses to physical memory during execution?
computer_science	what role does the control unit play in managing data transfers within a computer?
computer_science	what are the main steps performed during the front-end phase of compiler design?
computer_vision_and_shape_analysis	how do discrete differential geometry and computational topology help in representing 3D shapes?
computer_vision_and_shape_analysis	why are skip connections important in semantic segmentation models for preserving spatial details?
computer_vision_and_shape_analysis	how do learned representations make shape analysis models more robust to geometric changes?
computer_vision_and_shape_analysis	what role do curvature estimation and principal component analysis play when analyzing point cloud data?
computer_vision_and_shape_analysis	how does the choice of loss function affect a model’s behavior when dealing with noisy or incomplete shape data?
computer_vision	How do convolutional neural networks extract features using local receptive fields and weight sharing?
computer_vision	What techniques are used to increase sample diversity in training datasets for computer vision models?
computer_vision	How can lighting variations in images be mitigated during computer vision processing?
computer_vision	What is the pinhole camera model and how does it describe light travel from scene to sensor?
computer_vision	How can real-time inference pipelines reduce end-to-end latency through asynchronous processing?
concrete_fracture_mechanics	how do we calculate the stress intensity factor K for a mode I crack in a linear elastic brittle material?
concrete_fracture_mechanics	what is the physical significance of the Weibull modulus in predicting failure probability for concrete structures?
concrete_fracture_mechanics	how is the traction-separation law used to govern the transition in concrete fracture mechanics?
concrete_fracture_mechanics	what components are required to evaluate the calculation along the integration path?
concrete_fracture_mechanics	how is the critical J-integral value J_c related to G_c for linear elastic materials?
concrete_masonry_unit_installation	How far apart should tie rods be placed in a vertical CMU wall?
concrete_masonry_unit_installation	Why are shims used when laying CMU blocks?
concrete_masonry_unit_installation	What factors do design codes consider when determining reinforcement spacing?
concrete_masonry_unit_installation	When should waterproofing be applied to the exterior of a CMU wall?
concrete_masonry_unit_installation	What documents are typically required to prove proper CMU installation quality?
condensed_matter_physics	How do non-thermal parameters like pressure or magnetic fields induce quantum phase transitions at absolute zero?
condensed_matter_physics	Why does the order of particle exchange matter for the braiding statistics of non-Abelian anyons?
condensed_matter_physics	What role do quantum interactions and spatial geometry play in driving transitions between topological phases?
condensed_matter_physics	How are topological invariants like Chern numbers derived from the cohomology classes of fiber bundles?
condensed_matter_physics	In what ways can strain engineering be used to tune electronic band gaps and carrier mobility via piezoelectric effects?
conflict_free_replicated_data_types	How do CRDTs handle network outages without losing data availability?
conflict_free_replicated_data_types	What does each part of a vector mean in the context of distributed replicas?
conflict_free_replicated_data_types	Why is the join operation for CRDTs considered associative?
conflict_free_replicated_data_types	How can we prevent memory usage from increasing indefinitely with every operation?
conflict_free_replicated_data_types	What is the difference between state-based and operation-based CRDTs?
consensus_algorithm_design	how many nodes are needed in a byzantine fault tolerant system to stay safe?
consensus_algorithm_design	how do commitment schemes stop nodes from lying about their votes?
consensus_algorithm_design	what information does a candidate node include when it starts a new round?
consensus_algorithm_design	what makes a block final in a multi-phase voting protocol?
consensus_algorithm_design	does sharding make a blockchain faster and safer?
consensus_protocol_design	How does the protocol handle situations where message delays become unpredictable before the network stabilizes?
consensus_protocol_design	What role do cryptographic accumulators play in proving membership of validated blocks without checking every single one?
consensus_protocol_design	How can participants in the network detect and identify nodes that are breaking the established rules?
consensus_protocol_design	What are the main technical constraints that limit how fast this system can scale up in terms of throughput?
consensus_protocol_design	Why is it necessary for the newly elected leader to have locked in all previous entries before it starts processing new ones?
constitutive_modeling	How do grain size and crystal orientation influence the initial yield strength and strain hardening behavior in materials?
constitutive_modeling	What criteria should guide the selection of a constitutive model for a specific loading scenario?
constitutive_modeling	Why is hyperelasticity often assumed in the elastic constitutive law for materials undergoing large deformations?
constitutive_modeling	How does the choice of numerical integration scheme impact the convergence of the global solver in finite element analysis?
constitutive_modeling	In what ways can digital image correlation be used to validate localized deformation predictions from computational models?
constraint_based_modeling	how do sensors feed real-time data into a constraint solver for monitoring physical variables?
constraint_based_modeling	what is the benefit of combining constraint propagation with search strategies in solving complex problems?
constraint_based_modeling	why do ill-conditioned matrices cause numerical stability problems when solving constraint systems?
constraint_based_modeling	how can dynamic programming use constraint-based model results to improve control policies in synthetic biology circuits with changing goals?
constraint_solving	How does a constraint solver maintain domain consistency using its different modules?
constraint_solving	What is the process of arc consistency enforcement and how does it remove invalid values?
constraint_solving	Can you explain how propositional logic encodes constraints into conjunctive normal form?
constraint_solving	How does the memory usage of a constraint solver change as more constraints are added?
constraint_solving	What structural properties do practical solvers use to avoid worst-case performance issues?
constructed_wetlands	What flow speed is best to keep water moving through a constructed wetland without bypassing the treatment area?
constructed_wetlands	How much leaf death or exposed roots should I look for to know if I need to fix my wetland plants?
constructed_wetlands	Why do plant roots helping with oxygen matter for the microbes living in the mud?
constructed_wetlands	What single measure shows how well a wetland is developing and working over time?
constructed_wetlands	How do I handle high nitrogen levels in a wetland using subsurface flow designs?
construction_quality_control	how do inspection hold points line up with the construction schedule in a quality control plan?
construction_quality_control	what does a rebound hammer test actually measure about concrete?
construction_quality_control	why are vapor retarders important for keeping insulation from getting wet?
construction_quality_control	how precise does the placement of structural supports need to be?
construction_quality_control	when do you have to hand in a corrective action report after fixing a problem?
construction_scheduling_and_critical_path_method	How does the critical path method calculate the shortest possible time for a construction project?
construction_scheduling_and_critical_path_method	Why are critical tasks given priority over non-critical tasks when resources are limited?
construction_scheduling_and_critical_path_method	What is a start-to-start dependency in construction scheduling?
construction_scheduling_and_critical_path_method	How can combining cost and schedule tracking help catch project problems early?
construction_scheduling_and_critical_path_method	How do managers decide which tasks to reschedule when there are conflicts for resources?
context_specific_metabolic_modeling	how do constraint-based models use stoichiometry to capture mass balance in specific cell types?
context_specific_metabolic_modeling	can i feed transcriptomic data into metabolic models to adjust reaction weights?
context_specific_metabolic_modeling	are external nutrient fluxes handled as fixed boundaries or calculated internally in these frameworks?
context_specific_metabolic_modeling	how does integrating kinetic equations allow for dynamic simulations of metabolic states?
context_specific_metabolic_modeling	what metric is used to evaluate if a model correctly predicts which genes are essential for cell survival?
contractor_pre_qualification_and_resource_allocation	How do contractors demonstrate their qualifications through verified project data collection?
contractor_pre_qualification_and_resource_allocation	What methods allow for quick adjustments to project assignments without disrupting the whole portfolio?
contractor_pre_qualification_and_resource_allocation	How are bidding processes kept fair and transparent during the selection phase?
contractor_pre_qualification_and_resource_allocation	Why is it important to have independent audits of a contractor's financial statements?
contractor_pre_qualification_and_resource_allocation	How do companies keep track of risks and automatically adjust resources when threats appear?
controlled_cooling_and_thermal_cycling	how do ramp rates affect temperature differences at material joints during thermal cycling?
controlled_cooling_and_thermal_cycling	what role does thermal mass play in the energy needed for temperature changes?
controlled_cooling_and_thermal_cycling	should calibration certificates be current for the entire experiment?
controlled_cooling_and_thermal_cycling	how do fluid characteristics influence convective cooling efficiency?
controlled_cooling_and_thermal_cycling	what limits the maximum temperature range in thermal stress and fatigue applications?
coolant_system_design	how do I prevent cavitation damage in my coolant pump?
coolant_system_design	what fluid properties should i look for when choosing a coolant?
coolant_system_design	why is thermal conductivity important for cooling system validation?
coolant_system_design	how does viscosity affect the performance of a closed-loop cooling system?
coolant_system_design	what maintenance steps should i take to keep my coolant system running smoothly?
coordinate_measurement_machine_calibration	how do i calibrate the linear axes on my coordinate measurement machine using gauge blocks?
coordinate_measurement_machine_calibration	can you explain how the probe centering process works by measuring a sphere?
coordinate_measurement_machine_calibration	how does thermal expansion of the probe affect measurements and how is it compensated?
coordinate_measurement_machine_calibration	why is precise calibration of the probe tip geometry important for dimensional accuracy?
coordinate_measurement_machine_calibration	how are the calibration results documented with traceability to national standards?
corrosion_engineering	How do sacrificial anodes work to protect metal structures from corrosion?
corrosion_engineering	What steps are needed to prepare samples for salt spray testing?
corrosion_engineering	Why is chromium content important when classifying stainless steel grades?
corrosion_engineering	How do chloride ions cause pitting corrosion on metal surfaces?
corrosion_engineering	What factors should guide the selection of materials resistant to localized corrosion?
corrosion_inhibition_chemistry	How do phosphates and silicates actually stick to metal surfaces to stop rusting?
corrosion_inhibition_chemistry	Why does the pH level matter so much when choosing corrosion inhibitors?
corrosion_inhibition_chemistry	What happens to the protective layer when the temperature changes?
corrosion_inhibition_chemistry	How does chloride ion penetration get blocked by mixed inhibitor layers?
corrosion_inhibition_chemistry	Why does the protonation state of an inhibitor need to match the metal surface charge?
cosmetic_ingredient_penetration_enhancement	Why do AHAs and BHAs help skincare products work better by lowering skin pH?
cosmetic_ingredient_penetration_enhancement	How does the skin's lipid bilayer change when exposed to acidic ingredients?
cosmetic_ingredient_penetration_enhancement	What causes water-soluble actives to penetrate the skin faster with certain acids?
cosmetic_ingredient_penetration_enhancement	Why does reducing lipid packing density improve the effectiveness of topicals?
cosmetic_ingredient_penetration_enhancement	How do transient lipid-protein complexes help actives reach the viable epidermis?
cost_accounting	how does a cost accounting system handle data from start to finish?
cost_accounting	what methods can I use to break down costs that have both fixed and variable parts?
cost_accounting	why do product costs change so much under actual costing?
cost_accounting	is depreciation on machines considered a product cost?
cost_accounting	how are direct materials and labor assigned to specific products or departments?
covering_index_design	how can I find the columns that are most often queried together to build a good covering index?
covering_index_design	what is the trade-off between using a covering index and the slower write performance it causes?
covering_index_design	how does a covering index avoid the extra disk reads needed when looking up rows in the main table?
covering_index_design	why should I rebuild my indexes regularly to help the query optimizer make better choices?
covering_index_design	what happens to database latency when I add too many extra columns to a covering index?
crankshaft_balance_dynamics	how does the size and position of the rotating parts affect the shaking forces in an engine crankshaft?
crankshaft_balance_dynamics	what steps are needed to make sure the crankshaft is properly balanced after adding the final weight?
crankshaft_balance_dynamics	why is it important to keep the unbalance force below a certain limit when tuning an engine?
crankshaft_balance_dynamics	how do vibrations in the engine block relate to the dynamic unbalance of the crankshaft?
crankshaft_balance_dynamics	in what ways does better crankshaft balancing help protect the engine bearings from wear?
critical_depth_determination	how do I calculate critical depth using specific energy and specific momentum measurements along a streamwise profile?
critical_depth_determination	what happens to the flow when it goes over the top of a structure uncontrolled?
critical_depth_determination	how does supercritical flow change into subcritical flow in hydraulic jumps?
critical_depth_determination	what is the Manning roughness coefficient and how does it affect flow velocity?
critical_depth_determination	why is specific energy loss always positive in open channel flow?
critical_exponents_and_scaling_relations	How does the scaling hypothesis describe the free energy density near a critical point?
critical_exponents_and_scaling_relations	What is the anomalous dimension exponent η and how is it related to the correlation function?
critical_exponents_and_scaling_relations	How does the Potts model generalize the Ising model in terms of spin values?
critical_exponents_and_scaling_relations	Why are correction-to-scaling amplitudes and exponents necessary for accurate exponent determination?
critical_exponents_and_scaling_relations	How does the scaling hypothesis imply that critical exponents are not independent?
critical_phenomena_and_scaling_laws	How does the correlation length behave as the system nears the critical temperature?
critical_phenomena_and_scaling_laws	What role do beta functions play in the evolution of coupling constants?
critical_phenomena_and_scaling_laws	Can all critical exponents be expressed using just two fundamental ones?
critical_phenomena_and_scaling_laws	Why does the renormalization group flow change above a certain critical dimension?
critical_phenomena_and_scaling_laws	How do the exponents for specific heat, order parameter, and susceptibility relate to the free energy density?
critical_phenomena	how do critical exponents relate to the power-law behavior near the critical temperature?
critical_phenomena	what determines which universality class a system belongs to?
critical_phenomena	how does the Rushbrooke identity link the specific heat exponent to the order parameter and anomalous dimension?
critical_phenomena	what is the condition for identifying a fixed point in terms of the beta function?
critical_phenomena	how does susceptibility scale with system size and temperature distance from criticality?
critical_point_analysis	Why does pressure become insensitive to volume changes at the critical point?
critical_point_analysis	What kind of tank do I need to safely hold fluid under critical conditions?
critical_point_analysis	How do critical fluctuations cause thermodynamic properties to behave differently?
critical_point_analysis	What decides which universality class a system falls into?
critical_point_analysis	Why does the correlation length growing large lead to singular behavior?
cross_border_capital_flow_regulation	How do international trade agreements shape the way countries regulate capital moving across borders?
cross_border_capital_flow_regulation	Is the IMF's guidance on capital flow measures actually enforced for countries that aren't members?
cross_border_capital_flow_regulation	When do experts suggest that a country should restrict the flow of money based on its economic vulnerabilities?
cross_border_capital_flow_regulation	What role do financial stability boards play in helping countries coordinate their capital flow rules?
cross_border_capital_flow_regulation	Are virtual assets subject to new travel rule requirements for cross-border transfers?
crustal_density_distribution_modeling	How do seismic images help estimate crustal density without direct measurements?
crustal_density_distribution_modeling	What role does porosity play in adjusting bulk density within crustal models?
crustal_density_distribution_modeling	Why is total variation regularization used for density modeling?
crustal_density_distribution_modeling	How do geologists ensure the density model looks realistic?
crustal_density_distribution_modeling	Can Bayesian methods improve the accuracy of crustal density predictions?
crustal_density_modeling	how do researchers separate the actual gravity anomalies from the expected Earth gravity field and topography?
crustal_density_modeling	can seismic velocity data help improve the accuracy of gravity-based crustal density models?
crustal_density_modeling	why is the Gauss-Newton method commonly used in inverse modeling for gravity anomalies?
crustal_density_modeling	how can receiver function data be used to check if a crustal thickness model is reliable?
crustal_density_modeling	what kind of material properties are needed to model active tectonic margins realistically?
cryogenic_engineering_and_thermal_isolation	how do engineers prevent thermal stress in cryogenic vessels when cooling below 77 K?
cryogenic_engineering_and_thermal_isolation	what is the purpose of using cascaded vapor compression cycles in multi-stage cryocoolers?
cryogenic_engineering_and_thermal_isolation	why do helium-3 atoms separate from helium-4 atoms when expanding into a mixing chamber?
cryogenic_engineering_and_thermal_isolation	how can parasitic heat leaks be reduced between cryogenic and ambient areas?
cryogenic_engineering_and_thermal_isolation	what material properties are most important when selecting piping for cryogenic systems?
cryptographic_encryption_protocols	how do I generate a random symmetric session key at the start of a secure communication?
cryptographic_encryption_protocols	which encryption modes should I pick to keep my data both confidential and tamper-proof?
cryptographic_encryption_protocols	can an attacker figure out my encryption keys just by measuring temperature changes in my device?
cryptographic_encryption_protocols	why are hash-based signatures considered secure for digital signatures?
cryptographic_encryption_protocols	might using zero-knowledge proofs slow down my real-time distributed application?
cryptographic_hash_functions	How does SHA-256 prevent an attacker from modifying a message and still getting a valid hash?
cryptographic_hash_functions	What is the birthday paradox and how does it relate to hash collision resistance?
cryptographic_hash_functions	Why does the final step of SHA-256 include modular additions with the initial hash values?
cryptographic_hash_functions	How many operations are needed to find a collision in a 256-bit hash function?
cryptographic_hash_functions	What role does the hardware controller play in managing data between the host and the hash accelerator?
cryptographic_quorum_certificates	how do cryptographic quorum certificates reduce network bandwidth during consensus?
cryptographic_quorum_certificates	why does a quorum certificate need signatures from at least two-thirds of the validators?
cryptographic_quorum_certificates	how are validator keys generated and distributed in a network using quorum certificates?
cryptographic_quorum_certificates	what ensures safety when multiple quorum certificates are produced in the same view?
cryptographic_quorum_certificates	how does the required threshold for a quorum certificate vary across different consensus protocols?
cryptographic_signature_schemes	how does the math behind digital signatures make sure they’re tied to the right person’s key?
cryptographic_signature_schemes	what kind of number groups are usually used in signature schemes?
cryptographic_signature_schemes	how do I prevent my secret key from leaking during the signing process?
cryptographic_signature_schemes	what’s actually in a digital signature that gets sent with the message?
cryptographic_signature_schemes	how do I mathematically check if a signature is valid for a given message?
cryptographic_zero_knowledge_proofs	How does the trusted setup ceremony work to create the necessary cryptographic parameters?
cryptographic_zero_knowledge_proofs	What happens if an attacker somehow gains access to the internal state of the random oracle during a ZK proof?
cryptographic_zero_knowledge_proofs	How are the vectors in the protocol built using the public input and private witness?
cryptographic_zero_knowledge_proofs	How does the verifier ensure that the proof provided is actually sound?
cryptographic_zero_knowledge_proofs	Can you explain how the simulator creates a valid response without knowing the actual witness?
cryptography	How do public keys make encryption secure if anyone can see the public key?
cryptography	What exactly does a hash function do with input data of any length?
cryptography	Can timing attacks break encryption by measuring how long operations take?
cryptography	Is it possible to prove I know a password without actually revealing it?
cryptography	Why do AES rounds use both diffusion and confusion to stay secure?
cryptography_foundations	how does AES-GCM work and what role does the universal hashing function play in its authentication process?
cryptography_foundations	if a hacker steals my long-term private key, can they figure out what was used in my old sessions?
cryptography_foundations	what is the Merkle-Damgard construction and how does it handle data in blocks?
cryptography_foundations	how does encryption create noisy linear combinations to protect messages and achieve semantic security?
cryptography_foundations	why are branch prediction and speculative execution dangerous for security and how can they be controlled?
crystallization_and_devitrification	How do electric fields influence the alignment of polar molecules in a supercooled liquid?
crystallization_and_devitrification	Can adjusting the heating schedule help control whether a material crystallizes or stays amorphous?
crystallization_and_devitrification	What role does free volume play in how fast crystals grow?
crystallization_and_devitrification	How long must a material stay at its crystallization temperature to minimize leftover amorphous structure?
crystallization_and_devitrification	In what way does strain energy affect the drive for crystallization?
crystallization_kinetics	how does the LSW theory explain the relationship between time and the average size of particles during Ostwald ripening?
crystallization_kinetics	what kind of surface features are typically seen on crystal faces that grow in a spiral pattern?
crystallization_kinetics	how is the free energy change in a nucleus related to its volume and the level of supersaturation?
crystallization_kinetics	which specific kinetic parameters can be measured to describe the overall crystal formation process?
crystallization_kinetics	how does the tension at the interface between a precursor and a crystal compare to that between a solution and the crystal?
crystallographic_orientation_analysis	How do you build a pole figure from diffraction intensity data?
crystallographic_orientation_analysis	What makes a grain boundary special compared to others?
crystallographic_orientation_analysis	How do detector pixel size and sample distance affect angular resolution?
crystallographic_orientation_analysis	Does the reference frame change the actual crystal orientation?
crystallographic_orientation_analysis	How can spurious grain boundaries be detected using GBCD?
crystallographic_structure_determination	how do direct methods help solve crystal structures when only intensities are measured?
crystallographic_structure_determination	why do crystallographers use cryostats to keep crystals at very low temperatures?
crystallographic_structure_determination	what exactly is the phase problem in X-ray diffraction and why is it such a big deal?
crystallographic_structure_determination	how do occupancy factors help model atoms that might be in multiple positions or only partially present?
crystallographic_structure_determination	what information do deposition standards require you to include when publishing your refinement details?
crystallographic_symmetry_breaking	How do strain gradients affect the inversion symmetry in crystal lattices?
crystallographic_symmetry_breaking	Why is the topological charge considered an invariant in these systems?
crystallographic_symmetry_breaking	What role does the Born effective charge play in the interaction with phonon displacement?
crystallographic_symmetry_breaking	Can inelastic neutron scattering be used to detect magnetic symmetry breaking?
crystallographic_symmetry_breaking	How does magnetic anisotropy energy influence skyrmion formation?
crystallography	How do space groups describe the symmetry of a three-dimensional periodic lattice?
crystallography	Why is the phase problem a major issue in determining atomic positions from diffraction data?
crystallography	What role do heavy atoms play in MAD and SAD techniques for solving crystal structures?
crystallography	How does the International Tables guide the implementation of symmetry constraints in refinement software?
crystallography	Why do you need geometric constraints when matching indexed peaks to known lattice metrics for unit cell determination?
cure_completion_confirmation	how do electronic health records help track patient progress during treatment?
cure_completion_confirmation	what should be disclosed when medical outcomes are ambiguous?
cure_completion_confirmation	why is it important to discuss lifestyle modifications after a cure?
cure_completion_confirmation	what are the specific requirements for confirming tuberculosis recovery?
cure_completion_confirmation	why must medical institutions keep accurate records for legal purposes?
customary_law_jurisprudence	How do community elders resolve disputes under customary law, and what role do local traditions play in their decisions?
customary_law_jurisprudence	Can customary law disputes be enforced through official state court systems, and how does that process work?
customary_law_jurisprudence	What happens if a customary practice violates constitutional rights—can courts strike it down?
customary_law_jurisprudence	Do customary law systems use written rules to handle conflicts between different local traditions?
customary_law_jurisprudence	How can people complain if a customary judge acts wrongly or abuses their position?
customary_obligation_enforcement	How do I prove that a long-standing community practice qualifies as legally binding customary law?
customary_obligation_enforcement	Can a constitution explicitly recognize customary law as a source of law so courts can handle disputes under it?
customary_obligation_enforcement	When can customary obligations be enforced together with statutory law without contradicting legislation?
customary_obligation_enforcement	How can marginalized parties get legal aid to challenge unfair customary decisions in formal courts?
customary_obligation_enforcement	What are hybrid legal systems that combine traditional dispute resolution with formal court processes?
cuticular_permeability_regulation	how does chitin structure influence the overall permeability of the cuticle?
cuticular_permeability_regulation	what role do cutin and wax esters play in controlling cuticular permeability?
cuticular_permeability_regulation	how does the organism's developmental stage affect cuticle permeability thresholds?
cuticular_permeability_regulation	in what ways do environmental conditions influence the regulation of cuticular permeability?
cuticular_permeability_regulation	how are cuticular permeability measurements performed using excised discs in vitro?
cutting_tool_geometry	how does the flank angle of a cutting tool affect the shear stress in the secondary shear zone?
cutting_tool_geometry	what role does the rake angle play in determining the shear angle during material deformation?
cutting_tool_geometry	can a built-up edge change the effective rake angle while the tool is cutting?
cutting_tool_geometry	why might a longer cutting edge increase the risk of chatter occurring?
cutting_tool_geometry	how do the edge length and edge radius of a tool impact stress concentration and chip flow?
cyber_defense	how do network firewalls decide which traffic to allow or block?
cyber_defense	can rate limiting help protect against denial-of-service attacks?
cyber_defense	what happens when a heap-based buffer overflow corrupts data?
cyber_defense	how do organizations recover systems after a security breach?
cyber_defense	how does file hashing help detect known threats?
cyclic_loading_simulation	how do I model material behavior for high-cycle fatigue simulations when I only have linear elastic data?
cyclic_loading_simulation	what level of accuracy do my force transducers need to be to avoid skewing my cyclic loading results?
cyclic_loading_simulation	can I use strain-based methods to handle stress concentrations around notches in my components?
cyclic_loading_simulation	should I correct for mean stress at every time step or just at the end of each cycle when dealing with non-proportional loading?
cyclic_loading_simulation	how does the Coffin-Manson model work with plastic strain instead of stress amplitude?
cytochrome_p450_monooxygenase_catalysis	how does the F80 loop position the substrate for reaction in cytochrome p450?
cytochrome_p450_monooxygenase_catalysis	what role does nadph play in the reduction steps of cytochrome p450 reductase?
cytochrome_p450_monooxygenase_catalysis	why does the heme iron change to a high-spin state during the catalytic cycle?
cytochrome_p450_monooxygenase_catalysis	how do hydrogen bonds help direct the attack on the correct carbon-hydrogen bond?
cytochrome_p450_monooxygenase_catalysis	what happens when molecular oxygen binds to the ferric-oxo species in p450 enzymes?
d_printing_post_processing	how do I remove solvent-based supports without damaging the printed part?
d_printing_post_processing	what is the ideal annealing time to relax stress in my 3D printed component?
d_printing_post_processing	can combining 3D printing with machining improve the strength and uniformity of my part?
d_printing_post_processing	how can I detect hidden cracks in large printed structures without breaking them?
d_printing_post_processing	should I slow down the cooling process to prevent stress from forming in my print?
d_structure_reconstruction	how do scientists improve the accuracy of atomic positions in a crystal structure?
d_structure_reconstruction	what kind of X-ray sources are used for high-resolution structure determination?
d_structure_reconstruction	how does the environment affect the quality of the data collected during X-ray diffraction?
d_structure_reconstruction	what metric is used to check how well the atomic model matches the electron density map?
d_structure_reconstruction	what techniques can help preserve the integrity of a sample during intense X-ray exposure?
damage_mechanics	How do I incorporate damage variables and degradation functions into a material constitutive model?
damage_mechanics	Why does cyclic loading with environmental exposure speed up internal damage evolution?
damage_mechanics	In what ways do structures absorb energy through plastic deformation of their materials?
damage_mechanics	How can X-ray tomography be used to validate the sequence of damage initiation and propagation?
damage_mechanics	What assumptions are made about damage distribution during the homogenization process?
database_indexing_algorithms	How do hash indexes organize data using buckets and hash values?
database_indexing_algorithms	What is variable-byte encoding and why does it use different byte lengths for integers?
database_indexing_algorithms	How do R-trees manage overlapping bounding rectangles and what trade-offs does this create?
database_indexing_algorithms	Why does a single zero bit guarantee that an element is not present in a bit-based set?
database_indexing_algorithms	What makes cache efficiency high for index structures and how does access pattern alignment help?
database_internals	how does multi-version concurrency control work to keep transactions from blocking each other?
database_internals	what is write-ahead logging and why is it necessary for database durability?
database_internals	can you explain the read committed isolation level and why it might lead to inconsistent reads?
database_internals	how does a database engine decide which data store to check when performing a read operation?
database_internals	why can a single insertion in a b-tree sometimes trigger page splits all the way up to the root?
density_gradient_centrifugation	How long do I need to spin the centrifuge to get the particles to settle without them spreading out too much?
density_gradient_centrifugation	What kind of liquid should I use so that its density changes smoothly from the bottom to the top?
density_gradient_centrifugation	At what point do the particles stop moving and stay in a stable layer?
density_gradient_centrifugation	If my sample has a high diffusion coefficient, how wide will the final band be?
density_gradient_centrifugation	How can I tell if I’ve successfully isolated the biomolecule I’m looking for?
dependency_graph_analysis	how does a directed acyclic graph represent the prerequisites between different software packages?
dependency_graph_analysis	what role do memoization techniques play in speeding up the retrieval of computed results based on dependency signatures?
dependency_graph_analysis	can you explain how in-degree arrays help maintain O(1) update speeds when nodes are removed from the graph?
dependency_graph_analysis	how does dynamic analysis capture the exact dependencies for one specific run of a program?
dependency_graph_analysis	why is topological sorting used to ensure that dependencies are processed in the correct order during resolution?
depth_of_cut_adjustment	how do I measure if my tool is cutting at the right depth manually?
depth_of_cut_adjustment	what limits how deep I can cut before the machine starts vibrating or the tool breaks?
depth_of_cut_adjustment	where is the control that moves the tool further into the material to set the cut depth?
depth_of_cut_adjustment	should I change the cut depth all at once or in small steps to get the best results?
depth_of_cut_adjustment	can software help me figure out the best cut depth based on what I’ve done before?
detwinning_and_variant_reorientation	how do I know which symmetry operation to apply when detwinning a crystal structure?
detwinning_and_variant_reorientation	why do I need a collimator or slit system when collecting diffraction data?
detwinning_and_variant_reorientation	can I use a combination of reciprocal lattice indexing and real-space checks to sort out complex twinning?
detwinning_and_variant_reorientation	how does detector resolution affect my ability to tell apart diffraction spots from different variants?
detwinning_and_variant_reorientation	what metrics should I look at to confirm that my detwinning was successful?
diamond_abrasives_and_cutting_compounds	how do metal-ceramic binders handle thermal expansion compared to polymer ones?
diamond_abrasives_and_cutting_compounds	why are randomly oriented cubic boron nitride particles better for heat conduction?
diamond_abrasives_and_cutting_compounds	what zeta potential range keeps diamond particles from clumping together?
diamond_abrasives_and_cutting_compounds	how does silicon carbide help improve thermal stability in cutting compounds?
diamond_abrasives_and_cutting_compounds	why is it important to control temperature and humidity during testing?
diamond_impregnation_chemistry	can hexagonal boron nitride or carbon nanotubes be directly incorporated into diamond during synthesis?
diamond_impregnation_chemistry	why is it necessary to keep the autoclave sealed during diamond growth?
diamond_impregnation_chemistry	how does the carrier medium affect how fast carbon atoms reach the diamond surface?
diamond_impregnation_chemistry	do transition metals like iron or nickel help diamonds form more easily?
diamond_impregnation_chemistry	what kind of surface groups can improve heat transfer and wetting without weakening the diamond?
dielectric_material_characterization	how does the avalanche effect cause dielectric breakdown in insulators?
dielectric_material_characterization	why does uneven electrode spacing lower the voltage needed for breakdown?
dielectric_material_characterization	what exactly does the loss tangent value tell us about a material?
dielectric_material_characterization	how much do tiny measurement errors affect microwave resonance testing?
dielectric_material_characterization	what is the maxwell-wagner-sillars effect in simple terms?
dielectric_polarization_and_ferroelectric_switching	how does an external electric field influence the orientation of dipoles in a ferroelectric crystal lattice?
dielectric_polarization_and_ferroelectric_switching	what factors govern the likelihood of nucleation events occurring at particular locations within a ferroelectric material?
dielectric_polarization_and_ferroelectric_switching	why is there a conflict between achieving high data density through strong remanent polarization and enabling low-power operation by reducing the coercive field?
dielectric_polarization_and_ferroelectric_switching	which deposition techniques allow for precise stoichiometric control when creating ferroelectric perovskite layers?
dielectric_polarization_and_ferroelectric_switching	what role do electrostrictive materials play in actuators that demand significant strain without relying on domain wall movement?
dielectric_spectroscopy	how does dipolar relaxation work when molecules reorient under an alternating electric field?
dielectric_spectroscopy	what does the temperature dependence of relaxation strength tell us about cooperative motion in materials?
dielectric_spectroscopy	what does the imaginary part of dielectric data indicate about energy dissipation?
dielectric_spectroscopy	how does frequency calibration drift impact loss tangent accuracy and relaxation resolution?
dielectric_spectroscopy	how can the percolation threshold be detected through changes in the low-frequency dielectric constant?
differential_forms	How does the exterior derivative operator work on smooth k-forms to produce (k+1)-forms?
differential_forms	What is the definition of de Rham cohomology groups in terms of closed and exact forms?
differential_forms	How is the codifferential operator related to the exterior derivative and the L2 inner product?
differential_forms	Why is the homotopy operator important when constructing primitives for differential forms?
differential_forms	How does the wedge product of differential forms relate to integration and volume elements on manifolds?
differential_privacy	How does the sensitivity of my query function impact the noise I need to add for privacy?
differential_privacy	Is there a difference in privacy guarantees when I adaptively choose queries versus picking them in advance?
differential_privacy	Does lowering the epsilon parameter make my query results less accurate?
differential_privacy	How can I measure the usefulness of different options in a discrete set while preserving privacy?
differential_privacy	Why is local differential privacy less effective when there are many participants involved?
diffusion_controlled_coarsening	How does the shift from volume diffusion to interface-controlled kinetics change the way particles grow over time?
diffusion_controlled_coarsening	Why does the effective solubility of dissolving particles drop and what does that mean for the driving force of diffusion?
diffusion_controlled_coarsening	What does it mean for the particle surface to maintain local equilibrium with the surrounding matrix?
diffusion_controlled_coarsening	How do coherent precipitates create a long-range elastic interaction that resists the reduction of interfacial area?
diffusion_controlled_coarsening	How can we tell if coarsening is diffusion-controlled by comparing the particle radius growth to Lifshitz-Slyozov-Wagner theory?
diffusion_controlled_microstructure_evolution	how do I accurately measure the speed at which atoms stick or leave a moving boundary during material changes?
diffusion_controlled_microstructure_evolution	can phase-field models and kinetic Monte Carlo simulations work together to capture atomic diffusion details?
diffusion_controlled_microstructure_evolution	how is elastic strain energy determined when a material undergoes phase transformation?
diffusion_controlled_microstructure_evolution	what experimental method allows direct tracking of interface mobility under varying heat conditions?
diffusion_controlled_microstructure_evolution	how does stress around defects affect the way atoms move during diffusion?
diffusion_controlled_phase_transformations	how does the curvature of the phase boundary influence the Gibbs-Thomson effect?
diffusion_controlled_phase_transformations	what is the relationship between the mobility tensor and the chemical potential gradient in determining diffusion flux?
diffusion_controlled_phase_transformations	how does the Avrami exponent relate to the dimensionality of growth in phase transformations?
diffusion_controlled_phase_transformations	why doesn't the interdiffusion coefficient directly determine the lattice velocity?
diffusion_controlled_phase_transformations	how can macroscopic phase kinetics be connected to atomic-scale solute redistribution?
diffusion_couple_analysis	how do researchers handle non-linear data in diffusion couple experiments?
diffusion_couple_analysis	what role do grain boundaries play in polycrystalline diffusion studies?
diffusion_couple_analysis	how does deviation from ideality affect the diffusion process?
diffusion_couple_analysis	what are the main challenges when measuring concentration gradients?
diffusion_couple_analysis	how can heating issues like vapor loss impact sample analysis?
digital_cartography_and_map_design	how do cartographers decide which visual styles work best for different types of spatial data?
digital_cartography_and_map_design	what are the trade-offs when choosing a map projection for a world map?
digital_cartography_and_map_design	why is vector data preferred over raster data for representing specific geographic features?
digital_cartography_and_map_design	what are the most common file formats used to share map layers between different software programs?
digital_cartography_and_map_design	how is the ethical side of map making evaluated by other professionals in the field?
digital_construction_tracking_and_progress_metrics	how can BIM models help validate construction geometries in real time?
digital_construction_tracking_and_progress_metrics	what kind of insights do project teams get from digital tracking that help them adjust resources?
digital_construction_tracking_and_progress_metrics	how does combining GPS and IMU data improve location tracking on construction sites?
digital_construction_tracking_and_progress_metrics	are cloud platforms for construction data secure against potential attacks?
digital_construction_tracking_and_progress_metrics	how do digital signatures ensure that stakeholder approvals are legally enforceable?
digital_identity_verification	how do zero-knowledge proofs allow me to prove my age without revealing my actual birthdate?
digital_identity_verification	what does BIPA actually require from companies when they collect my fingerprints or facial scans?
digital_identity_verification	can you explain how step-up authentication works when my risk score gets too high?
digital_identity_verification	is there a standard way for different organizations to share my digital credentials securely?
digital_identity_verification	how does asymmetric cryptography help protect my digital identity from being forged or altered?
digital_image_correlation	How does the Gauss-Newton least squares method improve displacement estimates in digital image correlation?
digital_image_correlation	Is it worth using an overlap ratio close to 100 percent if it makes the computation slower without much better accuracy?
digital_image_correlation	What camera sensor resolution is needed to avoid aliasing when capturing speckle patterns?
digital_image_correlation	At what level of deformation does the method start to fail, and why?
digital_image_correlation	How do sub-pixel interpolation techniques help reduce quantization errors in frame comparison?
digital_signal_proc	how do I perfectly reconstruct a signal from its samples without losing information?
digital_signal_proc	what's the deal with the Nyquist-Shannon sampling theorem and why does it matter for digital signals?
digital_signal_proc	why does the radix-2 FFT algorithm insist on input lengths being powers of two?
digital_signal_proc	how does bilinear transformation help convert analog filters to digital ones in the Z-plane?
digital_signal_proc	what is the Blackman window and what trade-offs does it introduce when processing signals?
digital_surface_reconstruction	How do non-rigid registration algorithms handle local deformations when matching source points to target points?
digital_surface_reconstruction	Why do photogrammetry methods assume that pixel intensity stays the same across different camera views under constant lighting?
digital_surface_reconstruction	How does the angle of projection influence depth accuracy in surface reconstruction, especially with oblique views?
digital_surface_reconstruction	What role do SIFT or ORB descriptors play in finding matching features between images for digital reconstruction?
digital_surface_reconstruction	How can occlusion artifacts be reduced using temporal smoothing and multi-view geometry in surface reconstruction?
dimensional_metrology	How does room temperature affect the accuracy of my dimensional measurements?
dimensional_metrology	What is the importance of traceability in industrial metrology?
dimensional_metrology	Why do complex part geometries require advanced software for measurement?
dimensional_metrology	What training is needed to operate metrology instruments effectively?
dimensional_metrology	How are surface roughness and dimensional deviations calculated from measurement data?
dimensional_quality_control	How do coordinate measuring machines adjust their readings when the temperature in the room changes?
dimensional_quality_control	Is there a standard rulebook that tells me exactly how much uncertainty to allow for CMM probes and gauge blocks?
dimensional_quality_control	What should I look for when deciding which surface to use as the reference for measuring a part?
dimensional_quality_control	How can I tell if a change in my production measurements is just normal noise or a real problem?
dimensional_quality_control	Can X-ray techniques give me a sense of the inside dimensions of a component without cutting it open?
dimensional_stability_optimization_in_high_temperature_ceramics	How do phase changes affect the size stability of high-temperature ceramics?
dimensional_stability_optimization_in_high_temperature_ceramics	Which computational methods predict when these materials will delaminate or crack?
dimensional_stability_optimization_in_high_temperature_ceramics	Does making the grains smaller improve the toughness of the material?
dimensional_stability_optimization_in_high_temperature_ceramics	What kind of composite structures help the ceramics survive repeated heating and cooling?
dimensional_stability_optimization_in_high_temperature_ceramics	How can electron backscatter diffraction reveal plastic deformation at the micro level?
dimensional_tolerance_manufacturing	how do I know which feature symbol applies to a specific dimension line or feature?
dimensional_tolerance_manufacturing	what causes systematic errors larger than one micron in machine frames?
dimensional_tolerance_manufacturing	why are datum features so important for measuring part geometry?
dimensional_tolerance_manufacturing	how do statistical process control methods keep parts within tolerance limits?
dimensional_tolerance_manufacturing	how do fit and clearance requirements affect the tolerance class?
dipole_dipole_array_design	How do I set up the geometry and materials for a dipole array in a full-wave simulation?
dipole_dipole_array_design	What spacing should I use between dipoles to avoid grating lobes while keeping channels isolated?
dipole_dipole_array_design	Why is it important to increase the trace height above the ground plane in dipole arrays?
dipole_dipole_array_design	How does the imaginary part of mutual impedance affect the resonant frequency and bandwidth of the array?
dipole_dipole_array_design	How can I use statistical tolerance analysis to account for manufacturing variations in my dipole array design?
disk_i_o_optimization_techniques	How does NVMe queue depth help speed up multiple I/O requests being sent at once?
disk_i_o_optimization_techniques	What role does efficient metadata handling play in reducing fragmentation and boosting sequential read speeds?
disk_i_o_optimization_techniques	Why is the deadline scheduler considered the best choice for latency-sensitive tasks like database transactions?
disk_i_o_optimization_techniques	How can I set up a full diagnostic workflow that goes from high-level monitoring down to tracing individual requests?
disk_i_o_optimization_techniques	Does RAID 1 mirroring double the storage needed, and does it skip parity calculations when writing data?
dislocation_dynamics_and_plasticity	why does high stacking fault energy make it easier for dislocations to glide?
dislocation_dynamics_and_plasticity	what role do chemical potential gradients play in dislocation motion?
dislocation_dynamics_and_plasticity	how does forest hardening actually work at the microstructural level?
dislocation_dynamics_and_plasticity	in what ways do grain boundaries influence plastic deformation?
dislocation_dynamics_and_plasticity	how are dislocation reactions like annihilation or junction formation detected and modeled?
dislocation_dynamics_and_plasticity_theory	how do dislocations move toward lower energy areas during deformation?
dislocation_dynamics_and_plasticity_theory	what causes the Peierls-Nabarro stress to increase when a dislocation core is narrow?
dislocation_dynamics_and_plasticity_theory	why does the Portevin-Le Chatelier effect occur in metals?
dislocation_dynamics_and_plasticity_theory	how is the critical stress for plastic deformation determined in a crystal?
dislocation_dynamics_and_plasticity_theory	what role do Frank-Read sources play in increasing dislocation density?
dissipationless_transport	Why do non-Abelian anyons have ground states that change based on the overall shape of their system instead of small local changes?
dissipationless_transport	How does spin-momentum locking in quantum spin Hall insulators stop electrons from bouncing back off impurities?
dissipationless_transport	What makes the spin Hall conductance in topological insulators quantized while the charge Hall conductance stays at zero?
dissipationless_transport	Why must a zero-energy bound state appear at the boundary where a topological superconductor meets a regular metal?
dissipationless_transport	How do shot noise measurements prove that dissipationless transport is happening in these systems?
distributed_consensus_algorithms	how does the proposal restart mechanism work when an acceptor rejects it due to a higher ballot number?
distributed_consensus_algorithms	what are the three specific phases required by the protocol to reach agreement?
distributed_consensus_algorithms	how does the system ensure that log consistency is maintained during the voting process?
distributed_consensus_algorithms	what role does the new-view message play in helping replicas recover their state?
distributed_consensus_algorithms	why does this algorithm only provide a partial order instead of a total order for events?
distributed_ledger_technology	How do hash functions keep each block in a blockchain securely connected to the one before it?
distributed_ledger_technology	What role do proof-of-work and proof-of-stake play in protecting public ledger security?
distributed_ledger_technology	Why do smart contracts produce the same result on every node in the network?
distributed_ledger_technology	How does the system update its current state when a new transaction is processed?
distributed_ledger_technology	What are sidechains and how do they connect to the main blockchain?
distributed_state_machine_replication	how does PBFT ensure messages are genuine using cryptography?
distributed_state_machine_replication	what happens when a leader realizes there's a newer term during an election?
distributed_state_machine_replication	how does the client send a request to the primary replica?
distributed_state_machine_replication	what guarantees strong consistency in synchronous replication protocols?
distributed_state_machine_replication	what does the newly elected primary node do after taking over?
distributed_systems	What are the three guarantees that a distributed data store can only provide two of at the same time according to the CAP theorem?
distributed_systems	How does the system handle situations where network delays or node failures occur in terms of safety?
distributed_systems	What happens to a log entry after it is replicated to a majority of servers in terms of the leader and the client?
distributed_systems	What does total event ordering mean for concurrent events in a distributed system?
distributed_systems	How do gossip protocols help achieve eventual consistency among nodes?
domain_wall_engineering	how does the dzyaloshinskii-moriya interaction strength affect domain wall chirality in ultrathin ferromagnetic films?
domain_wall_engineering	why is there a distribution of critical currents instead of a single value for domain wall motion?
domain_wall_engineering	what role does magnetic anisotropy play in stabilizing domain wall structures against thermal fluctuations?
domain_wall_engineering	why does domain wall velocity saturate at high current densities?
domain_wall_engineering	how should post-deposition annealing be performed to align domain structures?
domestic_liquidity_management_in_segmented_markets	How do commercial banks choose the right assets to meet local liquidity rules?
domestic_liquidity_management_in_segmented_markets	Can central banks use open market operations to fix fragmentation problems?
domestic_liquidity_management_in_segmented_markets	Do capital controls help protect a country’s liquidity from outside shocks?
domestic_liquidity_management_in_segmented_markets	How can banks reduce their dependence on foreign money for liquidity?
domestic_liquidity_management_in_segmented_markets	What steps do central banks take to boost domestic liquidity in segmented markets?
double_and_add_algorithm	how does the double and add algorithm handle the first bit of the exponent?
double_and_add_algorithm	why is the accumulator set to the identity element instead of the base element at the start?
double_and_add_algorithm	what is the role of the identity element in making multiplication by zero work correctly?
double_and_add_algorithm	where can I find the answer after the algorithm finishes running?
double_and_add_algorithm	how should I design the multiplier for modular reduction in this method?
double_entry_bookkeeping_and_ledger_reconciliation	how do accruals affect when I record income and expenses?
double_entry_bookkeeping_and_ledger_reconciliation	why must every journal entry have equal debits and credits?
double_entry_bookkeeping_and_ledger_reconciliation	what does it mean when a transaction gets a unique sequential id?
double_entry_bookkeeping_and_ledger_reconciliation	how do I figure out if my books are accurate after each month?
double_entry_bookkeeping_and_ledger_reconciliation	what should i do if my ledger doesn’t balance before issuing financial statements?
dovetail_joint_construction	how many teeth do I need for a strong dovetail joint?
dovetail_joint_construction	why should I slow down when cutting grain that runs across the joint?
dovetail_joint_construction	how much glue is too much when assembling dovetails?
dovetail_joint_construction	are hand-cut dovetails less precise than machine-made ones?
dovetail_joint_construction	what should I look for after removing the clamp from a dovetail?
dowel_joint_assembly_and_fastening	how does a dowel joint actually transfer loads without relying on glue?
dowel_joint_assembly_and_fastening	when is it better to use just adhesive instead of dowels for furniture?
dowel_joint_assembly_and_fastening	how precise do the drilled holes need to be for dowels to fit properly?
dowel_joint_assembly_and_fastening	should I clamp the pieces right after inserting the dowel?
dowel_joint_assembly_and_fastening	can I skip heavy safety factors for small non-structural projects?
dowel_joint_fabrication	How do I choose the right wood type for dowel joints based on strength requirements?
dowel_joint_fabrication	What tolerance should I keep when drilling the dowel hole to prevent the joint from bending?
dowel_joint_fabrication	How long does a solvent-based polyurethane glue need to dry to avoid shrinking?
dowel_joint_fabrication	What tool should I use to check if my drilled bore fits the dowel properly?
dowel_joint_fabrication	Can I combine dowels with screws to make the joint even stronger?
draw_force_measurement_and_calibration	how does a strain gauge load cell turn physical pressure into an electrical signal?
draw_force_measurement_and_calibration	what kind of electronics are needed to clean up and prepare the raw signal from a load cell?
draw_force_measurement_and_calibration	how do I start the calibration process for my force measurement device?
draw_force_measurement_and_calibration	what should I include when calculating the measurement uncertainty for my system?
draw_force_measurement_and_calibration	how can I reduce long-term drift in my load cell readings?
drip_irrigation_system_design	how do pressure compensating emitters work to keep flow steady?
drip_irrigation_system_design	why is it important to leave extra pressure head when designing a drip irrigation layout?
drip_irrigation_system_design	what role do bypass valves play in a pressure regulator setup?
drip_irrigation_system_design	how can I stop water from the collection tank flowing back into my drip lines?
drip_irrigation_system_design	what kind of materials should I use for connections to avoid leaks?
drum_rotation_and_speed_regulation	how do PID controllers help keep the drum spinning at a steady speed when the load or power changes?
drum_rotation_and_speed_regulation	what does position resolution mean in the context of digital encoders for speed control?
drum_rotation_and_speed_regulation	how do torsional vibration dampers reduce the effects of torque ripple on the drive shaft?
drum_rotation_and_speed_regulation	why is dynamic balancing with added or removed mass used for the drum assembly?
drum_rotation_and_speed_regulation	what safety features are in place to handle hazardous conditions in the drum system?
dynamic_force_measurement_and_signal_conditioning	how do differential amplifiers help reduce common-mode noise in signal conditioning circuits?
dynamic_force_measurement_and_signal_conditioning	what physical mechanisms do dynamic force transducers use to turn mechanical deformation into electrical signals?
dynamic_force_measurement_and_signal_conditioning	why is phase linearity important when measuring dynamic force transients?
dynamic_force_measurement_and_signal_conditioning	how does proper shielding and grounding of excitation lines protect against electromagnetic interference?
dynamic_force_measurement_and_signal_conditioning	what is the benefit of using short-time Fourier transforms for analyzing time-varying signals?
earthmoving_cycle_time_optimization	how many main stages are involved in the earthmoving cycle process?
earthmoving_cycle_time_optimization	what makes up the total time it takes to complete one earthmoving cycle?
earthmoving_cycle_time_optimization	why is travel time between loading and dumping areas such a big part of the total cycle duration?
earthmoving_cycle_time_optimization	can GPS technology help reduce wasted movement for earthmoving equipment?
earthmoving_cycle_time_optimization	what kind of training should operators get to keep cycle times consistent?
earthworks_and_trenching	how deep does the trench need to be before I have to adjust my excavator's boom length?
earthworks_and_trenching	where exactly should I start digging to stay within the safe zone?
earthworks_and_trenching	what do type a, b, and c soil classifications actually mean for my project?
earthworks_and_trenching	how can I set the hydraulic pressure so I get good power without damaging my hoses?
earthworks_and_trenching	what should I write in my daily log when I'm out in the field?
eddy_viscosity_formulation	how is the eddy viscosity coefficient calculated using the Smagorinsky constant?
eddy_viscosity_formulation	what is the formula for the dissipation term in the k-ω SST turbulence model?
eddy_viscosity_formulation	does the turbulence model assume that turbulent eddies are locally isotropic?
eddy_viscosity_formulation	how are the mean velocity profiles determined in this filtered Navier-Stokes approach?
eddy_viscosity_formulation	what boundary conditions are needed at the wall to avoid unphysical turbulent values?
eigenvalue_decomposition	how does finite precision arithmetic affect the numerical stability of eigenvalue decomposition?
eigenvalue_decomposition	what is the standard matrix equation that defines the eigenvalue decomposition of a square matrix?
eigenvalue_decomposition	how are generalized eigenvectors represented using Jordan blocks in the context of matrix decomposition?
eigenvalue_decomposition	what role does the orthogonality of the eigenvector matrix play in diagonalizing a matrix?
eigenvalue_decomposition	how do eigenvalues correspond to specific columns in the transformation matrix that leads to the Schur form?
elastic_strain_energy_modeling	how do we get stress components from the strain energy density function?
elastic_strain_energy_modeling	what method ensures equilibrium is met in structural analysis?
elastic_strain_energy_modeling	when should we use hyperelasticity for material modeling?
elastic_strain_energy_modeling	how is internal virtual work calculated in finite element methods?
elastic_strain_energy_modeling	what microstructural factors influence the critical failure threshold?
electrical_resistivity_measurement	How do I clean a semiconductor wafer to remove oxides and contaminants before measuring resistivity?
electrical_resistivity_measurement	Does the resistivity value I get from this test only represent the bulk material property?
electrical_resistivity_measurement	What is the relationship between the mean free path and the scattering rate in semiconductors?
electrical_resistivity_measurement	Why is it important to reverse the current direction and repeat the voltage measurement?
electrical_resistivity_measurement	How does the voltmeter ensure it’s only measuring the material’s internal resistance?
electrokinetics	what equation do i need to understand the basic physics of electrokinetic flow?
electrokinetics	how can i prevent my chromatogram peaks from getting broader due to interactions with the channel walls?
electrokinetics	what physical forces are in balance to create the velocity profile in electrokinetic systems?
electrokinetics	what kind of sensors are typically used to track analytes moving through a microfluidic chip?
electrokinetics	why is it so difficult to model electrokinetic systems computationally across different size scales?
electromagnetic_diffusion_theory	how are boundary conditions determined when applying electromagnetic diffusion theory to different materials?
electromagnetic_diffusion_theory	what happens to the diffusion coefficient when the effective transport scattering is reduced?
electromagnetic_diffusion_theory	when does the P1 approximation fail to accurately model photon transport?
electromagnetic_diffusion_theory	how does forward scattering influence the spatial spread of energy in diffusion theory?
electromagnetic_diffusion_theory	what assumptions about photon transport break down in low-scattering environments?
electromagnetic_geophysics	how do I clean up my electromagnetic geophysics data before starting analysis?
electromagnetic_geophysics	what equipment do I need to get good results from a magnetotelluric survey?
electromagnetic_geophysics	how does the magnetotelluric method actually figure out what’s underground?
electromagnetic_geophysics	why is it so important to use good shielding and quiet amplifiers for these measurements?
electromagnetic_geophysics	when is the best time of day or season to go out and collect field data?
electromagnetic_induction_surveying	how does electromagnetic induction surveying use changing magnetic fields to detect underground features?
electromagnetic_induction_surveying	what does the impedance tensor represent in electromagnetic induction studies?
electromagnetic_induction_surveying	how are final survey results validated in electromagnetic induction projects?
electromagnetic_induction_surveying	what is the Kramers-Kronig transform and how is it used in correcting electromagnetic induction data?
electromagnetic_induction_surveying	why are controlled-source electromagnetic methods preferred for imaging shallow subsurface structures?
electromagnetic_interference_mitigation	how do grounding wires help reduce electromagnetic interference in electronic devices?
electromagnetic_interference_mitigation	what are the key standards for measuring electromagnetic emissions and susceptibility?
electromagnetic_interference_mitigation	why is the selection of component values important when designing EMI filters?
electromagnetic_interference_mitigation	how does grounding help stabilize voltage reference levels in a system?
electromagnetic_interference_mitigation	which material offers better shielding effectiveness per unit weight, metal-coated polymers or conductive fabrics?
electromagnetic_sounding	how does the skin effect influence the penetration of electromagnetic signals into the ground?
electromagnetic_sounding	what is the relationship between the tipper tensor and electromagnetic sounding data?
electromagnetic_sounding	how can static shift errors be corrected in electromagnetic sounding surveys?
electromagnetic_sounding	what does the apparent resistivity tell us about subsurface conductivity in 1D models?
electromagnetic_sounding	how do resolution matrices help in evaluating the quality of subsurface models?
electromagnetic_suspension_systems	how does the system handle power outages or control failures automatically?
electromagnetic_suspension_systems	what kind of algorithm is used to calculate the error signal for the suspension?
electromagnetic_suspension_systems	what are the methods used to keep the coils cool during operation?
electromagnetic_suspension_systems	how does the system measure its position without physical contact?
electromagnetic_suspension_systems	what safety distance is maintained between the guideway and the moving components?
electromagnetic_theory	Why are electric and magnetic fields considered the real physical quantities while electromagnetic potentials are just mathematical tools?
electromagnetic_theory	How does the displacement current term resolve the problem of current continuity in changing electromagnetic fields?
electromagnetic_theory	What connection exists between how much a material absorbs light at different frequencies and how it bends light?
electromagnetic_theory	Why does it become mathematically difficult to calculate Green’s functions when boundaries lack a simple closed-form description?
electromagnetic_theory	How do surface irregularities and flaws in materials affect the way electromagnetic waves propagate?
electromagnetic_wave_propagation	how do the properties of the two materials affect how much of a wave reflects at their boundary?
electromagnetic_wave_propagation	what happens to electric and magnetic fields right at the interface between two different materials?
electromagnetic_wave_propagation	how do electromagnetic fields actually penetrate into a conducting material like a metal?
electromagnetic_wave_propagation	what determines which specific wave patterns can exist inside a rectangular waveguide?
electromagnetic_wave_propagation	why does the phase difference between the electric and magnetic fields change as you move away from a source?
electron_backscatter_diffraction	how does the wavelength of the electrons affect the shape of the diffraction patterns?
electron_backscatter_diffraction	what theory explains how electrons scatter through thin versus thick crystal samples?
electron_backscatter_diffraction	why can't I use electron backscatter diffraction on insulating materials without changing them first?
electron_backscatter_diffraction	how does the strength of the diffraction lines relate to the crystal's internal structure?
electron_backscatter_diffraction	what happens to the surface of a sample if I coat it to make it conductive for analysis?
electron_density_mapping	How do structure factors relate to the actual electron density in real space?
electron_density_mapping	Why do incomplete data collections lead to systematic errors in the final electron density map?
electron_density_mapping	What is the phase problem in X-ray diffraction and why does it matter for reconstruction?
electron_density_mapping	Can you explain how Q-scores help validate an atomic model against the electron density map?
electron_density_mapping	When should I use real space refinement to check my atomic positions?
electron_microprobe_analysis	how does the electron column stabilize before the analysis begins?
electron_microprobe_analysis	why are characteristic X-ray energies considered elemental fingerprints?
electron_microprobe_analysis	what role does the objective lens play in focusing the beam?
electron_microprobe_analysis	how are the instrumental line shapes modeled for each element?
electron_microprobe_analysis	why is it important to raster the beam quickly during analysis?
electrothermal_breakdown_modeling	how does thermal conductivity affect the temperature at which thermal runaway begins in electrothermal breakdown?
electrothermal_breakdown_modeling	why do charge accumulations happen more often at composite interfaces during breakdown?
electrothermal_breakdown_modeling	what determines the critical breakdown strength in terms of heat generation and removal?
electrothermal_breakdown_modeling	how is surface roughness represented in electrothermal breakdown models?
electrothermal_breakdown_modeling	can laser-induced breakdown spectroscopy help calibrate plasma models by measuring species in the discharge channel?
elliptic_curve_cryptography	how does scalar multiplication work with points on an elliptic curve?
elliptic_curve_cryptography	why is it important that the trace of Frobenius not equal one for curve security?
elliptic_curve_cryptography	do elliptic curve group elements have a factorization structure like integers do?
elliptic_curve_cryptography	how does the random nonce protect against private key recovery in signatures?
elliptic_curve_cryptography	can unified addition formulas help avoid timing attacks in elliptic curve operations?
energy_dispersive_x_ray_fluorescence	how does the detector's energy resolution affect the ability to tell apart two close spectral lines in an energy dispersive x ray fluorescence analysis?
energy_dispersive_x_ray_fluorescence	are reference materials with known compositions necessary for calibrating energy dispersive x ray fluorescence systems, and what problem do they help solve?
energy_dispersive_x_ray_fluorescence	can synchrotron radiation be used with energy dispersive x ray fluorescence to analyze thick samples, and why is that possible?
energy_dispersive_x_ray_fluorescence	is energy dispersive x ray fluorescence fast enough for high-throughput screening, and how does it compare in terms of data acquisition speed?
energy_dispersive_x_ray_fluorescence	are energy dispersive x ray fluorescence instruments designed to be portable and compact, and what does that imply for their use outside of labs?
energy_dissipation	how do control systems keep energy dissipation on track by watching system states and adjusting actuation?
energy_dissipation	what makes hierarchical microstructures so effective at coupling thermal and mechanical dissipation across different length scales?
energy_dissipation	how does hysteresis in ferromagnetic materials lead to energy dissipation through magnetic domain wall movement?
energy_dissipation	can you explain how thermal imaging cameras help identify hot spots and temperature gradients in thermal management?
energy_dissipation	why do critical infrastructure applications favor durability and reliability over peak power density, and what cooling methods do they use?
energy_loss_minimization	how do i use finite element analysis to calculate thermal bridges in a building envelope?
energy_loss_minimization	what role do control systems play in coordinating active recovery units with passive insulation?
energy_loss_minimization	how does thermal conductivity affect how well a material transmits heat?
energy_loss_minimization	can you explain how multi-objective optimization helps balance thermal performance with cost and weight?
energy_loss_minimization	what are the standard mechanical stress tests used to evaluate insulation integrity?
environmental_control_for_metrology	how to maintain stable temperature and humidity levels in a metrology lab?
environmental_control_for_metrology	what standard guides precision environment control according to ASHRAE?
environmental_control_for_metrology	which type of control system best reduces pressure oscillations?
environmental_control_for_metrology	how are humidity sensors properly calibrated for accurate monitoring?
environmental_control_for_metrology	what materials prevent vibrations from affecting sensitive measurement equipment?
environmental_monitoring_systems	how do environmental sensors stay accurate over long periods without frequent manual calibration?
environmental_monitoring_systems	what role does battery life play in how data is sent from remote monitoring stations?
environmental_monitoring_systems	how can sensor arrays detect and correct for interference caused by nearby equipment?
environmental_monitoring_systems	why do weather models sometimes disagree with actual field measurements, and how do scientists fix that?
environmental_monitoring_systems	what steps are taken to ensure that environmental data remains trustworthy and reliable?
enzymatic_oxidative_functionalization	how do bulky groups in a molecule affect how it fits into an enzyme's active site?
enzymatic_oxidative_functionalization	what precise alignment of heme iron and oxygen is needed to create compound i during catalysis?
enzymatic_oxidative_functionalization	how does the polarity around the metal center change whether an enzyme makes an epoxide or a hydroxyl group?
enzymatic_oxidative_functionalization	what role do cofactor regeneration systems play in keeping industrial enzymatic reactions running continuously?
enzymatic_oxidative_functionalization	how does the redox potential of the active site influence the overall efficiency of oxidative functionalization?
enzyme_engineering	how can computers help speed up finding new enzyme mutations before I actually make them in the lab?
enzyme_engineering	what role do machine learning models play in figuring out how different enzyme mutations interact with each other?
enzyme_engineering	why is it so important to keep the reaction temperature tightly controlled when using engineered enzymes in industrial processes?
enzyme_engineering	how do I know which amino acid residues to change to make my enzyme more stable at higher temperatures?
enzyme_engineering	what does adjusting side chain volumes have to do with making an enzyme fit a particular substrate better?
enzyme_kinetics_modeling	How does a competitive inhibitor affect the Michaelis constant and maximum velocity of an enzyme reaction?
enzyme_kinetics_modeling	What role does a controlled flow rate play in continuous-flow enzyme reactors?
enzyme_kinetics_modeling	When can the reverse reaction be ignored in enzyme kinetics derivations?
enzyme_kinetics_modeling	Why might incomplete mixing or short incubation times produce unreliable kinetic data?
enzyme_kinetics_modeling	Does competitive inhibition ever involve cooperative binding between molecules?
episcopal_arbitration_in_feudal_disputes	what steps did the complainant take to formally present their grievance and desired remedy?
episcopal_arbitration_in_feudal_disputes	how did the structure of the arbitration help bring all involved parties together in one place?
episcopal_arbitration_in_feudal_disputes	why did the Church consider its own courts better suited for resolving issues of conscience?
episcopal_arbitration_in_feudal_disputes	what kind of consequences were placed on people who broke the arbitration agreements?
episcopal_arbitration_in_feudal_disputes	how did the growth of episcopal courts in England and France relate to the reduction of violent feuds?
etiolation_prevention_and_shade_acclimation	how does ethylene signaling lead to stomatal closure during plant stress?
etiolation_prevention_and_shade_acclimation	what transcription factor controls shade acclimation in plants?
etiolation_prevention_and_shade_acclimation	how do leaves change their structure to improve light absorption in low light?
etiolation_prevention_and_shade_acclimation	can plants pass on stress adaptations to their offspring through epigenetics?
etiolation_prevention_and_shade_acclimation	how do plants keep glycolysis running efficiently under shade conditions?
evapotranspiration_modeling	how do I estimate reference crop evapotranspiration with limited weather data?
evapotranspiration_modeling	what equation does the FAO-56 use for calculating reference crop evapotranspiration?
evapotranspiration_modeling	how does the Jarvis model adjust for soil moisture when calculating crop water use?
evapotranspiration_modeling	why is there a crop coefficient used in evapotranspiration models?
evapotranspiration_modeling	does the FAO-56 model consider atmospheric conditions in its calculations?
excavator_hydraulics	how do pressure relief valves keep the system from exceeding its maximum limit?
excavator_hydraulics	what parts inside the excavator stop hydraulic fluid from leaking between high and low pressure areas?
excavator_hydraulics	why is it important to park an excavator on flat ground rather than a slope?
excavator_hydraulics	what should i look for when checking the hoses before starting work?
excavator_hydraulics	what routine upkeep tasks should be done on the hydraulic system to keep it running well?
exchange_rate_differentials_and_monetary_zone_accounting	how do capital controls affect a country's financial markets in relation to global money conditions?
exchange_rate_differentials_and_monetary_zone_accounting	should a central bank change what currencies it holds in its reserves to match its foreign debt?
exchange_rate_differentials_and_monetary_zone_accounting	how are exchange rate differences handled for assets and liabilities that are currently active?
exchange_rate_differentials_and_monetary_zone_accounting	can central banks use direct actions to fix short-term shifts away from a currency's true value?
exchange_rate_differentials_and_monetary_zone_accounting	why do central banks keep an eye on the gap between the set exchange rate and the actual market price?
experimental_mechanics	How do I determine which experimental methods are best for my specific mechanical goal?
experimental_mechanics	Why do thin columns buckle under compression instead of just getting shorter?
experimental_mechanics	Is the strain gauge really necessary for getting accurate strain measurements?
experimental_mechanics	Can strain measurement tools from labs be used for checking real-world structures without damaging them?
experimental_mechanics	How can I make sure my optical and electrical sensor readings match up?
explosion_proof_electrical_equipment	how does intrinsic safety stop sparks from igniting flammable gases around the equipment?
explosion_proof_electrical_equipment	what is the maximum temperature allowed for circuits to avoid thermal ignition in explosive atmospheres?
explosion_proof_electrical_equipment	why must every part inside the casing be locked down with threaded screws?
explosion_proof_electrical_equipment	how do I know if the rubber seals are still working properly and not leaking?
explosion_proof_electrical_equipment	what kind of safety rating do I need for areas where gas or vapor might be present all the time?
explosive_ordnance_disposal	What are booby traps and why can't regular people handle them safely?
explosive_ordnance_disposal	Do I need special tools to clear a 10-meter area around a potential explosive device?
explosive_ordnance_disposal	How does the main explosive in a booby trap work and what happens when it detonates?
explosive_ordnance_disposal	Why do bomb squads use remote robots instead of working on devices themselves?
explosive_ordnance_disposal	How do experts keep track of every push and pull made during a bomb disposal mission?
explosives_and_detonation_systems	what are the key rules for safely moving explosive materials?
explosives_and_detonation_systems	how does the size of the powder grains affect how easily an explosive goes off?
explosives_and_detonation_systems	what is the purpose of the cord used to start a detonation?
explosives_and_detonation_systems	what temperature does the explosion reach?
explosives_and_detonation_systems	how do laws keep unauthorized people from handling explosives?
fail_safe_mechanical_barrier_systems	How do mechanical latches work as a backup when the main power goes out?
fail_safe_mechanical_barrier_systems	What kind of testing is needed to verify that the barrier stays safe during a power loss?
fail_safe_mechanical_barrier_systems	Can you explain how the system detects a power failure and engages the locks automatically?
fail_safe_mechanical_barrier_systems	What does SIL stand for and how is it determined for these barrier systems?
fail_safe_mechanical_barrier_systems	How do diagnostics help keep the safety components working properly over time?
fat_removal_and_surface_scraping	how does subcutaneous fat aspiration work on the adipose tissue layers?
fat_removal_and_surface_scraping	what temperature range is needed for adipocyte apoptosis during fat removal treatments?
fat_removal_and_surface_scraping	can enzymatic methods reduce fat volume without needing surgery?
fat_removal_and_surface_scraping	how long do clinical sessions for fat removal usually take?
fat_removal_and_surface_scraping	what pH level do chemical exfoliants like glycolic acid need to penetrate skin properly?
fatigue_analysis_and_testing	how to prepare specimens for fatigue analysis to ensure standardized dimensions?
fatigue_analysis_and_testing	what is the Paris Law and how does it relate crack growth to stress intensity?
fatigue_analysis_and_testing	how does ultrasonic testing identify fatigue cracks in materials?
fatigue_analysis_and_testing	what are the challenges of fatigue testing under multiaxial loading conditions?
fatigue_analysis_and_testing	how does controlled stress concentration geometry affect specimen preparation?
fatigue_life_prediction_and_modeling	How do surface notches or internal flaws lead to failure under repeated loading?
fatigue_life_prediction_and_modeling	What methods can I use to estimate how wide a range of possible lifespans my fatigue model is covering?
fatigue_life_prediction_and_modeling	When should I rely on S-N curves instead of other fatigue prediction models?
fatigue_life_prediction_and_modeling	Why is it difficult to apply machine learning for predicting fatigue in niche engineering materials?
fatigue_life_prediction_and_modeling	Which commercial software packages include automatic tools for extracting stress and predicting fatigue life?
fault_tolerant_computing_systems	how do backup components take over when main parts start failing?
fault_tolerant_computing_systems	what role do interrupt controllers play in handling hardware fault signals?
fault_tolerant_computing_systems	how does checkpointing help restore a system's state after a crash?
fault_tolerant_computing_systems	can hardware detect errors at a low level to avoid unnecessary software recovery steps?
fault_tolerant_computing_systems	how do vector clocks help keep events in the right order across distributed systems?
feature_detection_and_matching	how does the hessian matrix help in detecting corners in an image?
feature_detection_and_matching	why do we compare a pixel to its twenty-six neighbors to find keypoints?
feature_detection_and_matching	what is the role of the gaussian window when calculating gradient magnitude for keypoint refinement?
feature_detection_and_matching	how does the harris detector use the determinant of the second moment matrix to identify strong corners?
feature_detection_and_matching	what happens to image registration accuracy if incorrect keypoint matches are not removed?
feature_matching	how do I make image features easier to detect by preprocessing steps like normalization and denoising?
feature_matching	why is cosine similarity better for matching descriptors that have directional information like HOG?
feature_matching	what does SURF do to find keypoints and create its 64-dimensional descriptor using the Hessian matrix?
feature_matching	how can I make feature matching work even if the images are rotated differently from each other?
feature_matching	why should I store feature descriptors in optimized memory layouts to avoid CPU and GPU data transfer bottlenecks?
felt_making_and_textile_processing	how do you get rid of the oils and dirt from wool before you start felt making?
felt_making_and_textile_processing	what happens if you don't clean the wool properly before the felting process?
felt_making_and_textile_processing	do you need to heat the fibers before felting and if so, how hot?
felt_making_and_textile_processing	how does keratin help the wool fibers stick together when they get wet?
felt_making_and_textile_processing	what should you check regularly on the needle bar to make sure it works well?
fermentation_kinetics	How does stirring speed affect gas transfer in a bioreactor?
fermentation_kinetics	What equation is used to model microbial growth based on substrate levels?
fermentation_kinetics	How can you reduce unwanted byproducts in a continuous fermentation process?
fermentation_kinetics	What happens when you increase the size of a bioreactor for fermentation?
fermentation_kinetics	Why does enzyme activity drop if the temperature or pH goes too high?
ferroelectric_memory_storage	how do iron ions move in ferroelectric crystals to store data?
ferroelectric_memory_storage	what happens to the memory quality when oxygen is missing from the material?
ferroelectric_memory_storage	how small a signal does the reader need to detect to read the stored information?
ferroelectric_memory_storage	why is this technology easier to produce than other types of non-volatile memory?
ferroelectric_memory_storage	how can we design the device gates to keep the signal clean and strong?
feudal_jurisprudence_and_estate_law	How did feudal courts keep track of who owned the land and what work they had to do for the lord?
feudal_jurisprudence_and_estate_law	What does it mean when a deed says all future obligations to the overlord are cancelled?
feudal_jurisprudence_and_estate_law	Why were entails used to keep an estate from getting broken up when it was inherited?
feudal_jurisprudence_and_estate_law	How could a person prove they were actually using and controlling the property they had been granted?
feudal_jurisprudence_and_estate_law	In what ways could a husband take legal control of property through entail or a deed?
feudal_land_tenure	How did the layout of manor estates reflect and enforce social class divisions?
feudal_land_tenure	What kind of labor duties did peasants have to fulfill on the lord's personal land?
feudal_land_tenure	Why did the requirement for vassals to pay upon the lord's heir's death impact the feudal system?
feudal_land_tenure	In what ways did the manorial court system handle conflicts between different tenant groups?
feudal_land_tenure	How did the decentralized nature of feudal obligations undermine the power of the highest overlord?
feudal_tenure_documentation	How did royal courts handle conflicts over land ownership during the medieval period?
feudal_tenure_documentation	What kind of written document was used to officially prove that a monastery held certain land?
feudal_tenure_documentation	What duties did a monastery typically have to perform for the person who gave them the land?
feudal_tenure_documentation	How did the medieval charters detail the amount of land and the exact duties owed by the monastery?
feudal_tenure_documentation	Why did the format and language of land tenure documents become more standardized in later medieval times?
fiber_blending_and_composition	how does surface texture of fibers affect the strength of the bond with the plastic matrix?
fiber_blending_and_composition	what is the ideal viscosity range for thermoplastic melts when mixing with reinforcing fibers?
fiber_blending_and_composition	why is it important to keep the feed rate in sync with the screw speed during extrusion?
fiber_blending_and_composition	what happens to the composite material if the fibers do not bond well with the polymer?
fiber_blending_and_composition	how does the way fibers interact with the matrix influence the overall mechanical performance?
fiber_carding_and_cleaning	how does the speed of the rollers affect how fast fibers move through the machine?
fiber_carding_and_cleaning	why is it important to keep the carding bar well lubricated during operation?
fiber_carding_and_cleaning	what happens to synthetic fibers if there isn’t enough mechanical agitation during processing?
fiber_carding_and_cleaning	when does the cleaning and carding of fibers happen in the overall production line?
fiber_carding_and_cleaning	how do the size and shape of the fibers influence the settings for the cleaning drum and rollers?
fiber_mat_densification_and_entanglement	how does fiber volume redistribution affect entanglement during the densification process?
fiber_mat_densification_and_entanglement	why do voids form at the fiber interface when resin viscosity is too high?
fiber_mat_densification_and_entanglement	what happens to the resin if the temperature settings aren’t matched to its chemical composition?
fiber_mat_densification_and_entanglement	can x-ray tomography really show the inside of the fiber structure while it’s being compressed?
fiber_mat_densification_and_entanglement	does using vacuum help get better wetting when working with thick material layers?
fiber_preparation_and_pretreatment	how does ball milling affect the hydrogen bonds in cellulose fibrils?
fiber_preparation_and_pretreatment	why does steam explosion result in more leftover lignin than acid treatment?
fiber_preparation_and_pretreatment	what determines the surface charge of treated fibers after hydrolysis?
fiber_preparation_and_pretreatment	does heating fibers help remove more lignin and why?
fiber_preparation_and_pretreatment	can attaching polyurethane improve how fibers stick to polymers?
fiber_reinforcement_engineering	How do surface roughness and chemical bonds affect the way stress moves between a fiber and the surrounding polymer?
fiber_reinforcement_engineering	Why do tiny air pockets drastically shorten the lifespan of composite materials under repeated loading?
fiber_reinforcement_engineering	Which type of fiber should I choose if I need maximum stiffness versus the best balance of strength and price?
fiber_reinforcement_engineering	Can machine learning models help predict how well a composite material will perform without running long simulations?
fiber_reinforcement_engineering	What kind of coating can I use on composite parts to keep water from weakening the structure?
field_assisted_epitaxial_growth	How does an applied electric field change the minimum island size needed for Stranski-Krastanov growth to happen?
field_assisted_epitaxial_growth	Why does an electric field affect how adatoms move across a surface during epitaxy?
field_assisted_epitaxial_growth	What role does binding energy play in determining the critical nucleus size when an electric field is present?
field_assisted_epitaxial_growth	How does the external electric field interact with the electronic structure of the adatom-substrate bond?
field_assisted_epitaxial_growth	Why would the direction of an applied electric field cause different crystallographic planes to grow at different rates?
financial_market_segmentation_and_arbitrage	how do statistical arbitrage strategies handle short-term price noise while maintaining long-term equilibrium?
financial_market_segmentation_and_arbitrage	why does high-frequency trading sometimes lead to less efficient price discovery in financial markets?
financial_market_segmentation_and_arbitrage	what role does order queue position play in execution speed within order-driven markets?
financial_market_segmentation_and_arbitrage	can you explain why roll-over costs often result in a negative roll yield for futures contracts?
financial_market_segmentation_and_arbitrage	how do traders deal with the black box problem when using complex algorithms for arbitrage signals?
financial_statement_analysis	How do non-cash expenses like depreciation affect a company’s actual cash flow even though they lower reported profit?
financial_statement_analysis	Why is the relationship between the income statement, balance sheet, and cash flow statement important for keeping financial records balanced over time?
financial_statement_analysis	What warning signs might indicate that a company is inflating its sales figures compared to its competitors?
financial_statement_analysis	How do government rules and regulations shape how companies report profit and manage their cash?
financial_statement_analysis	Can using non-traditional data help investors spot misleading information in official financial reports?
finite_element_analysis	How does Gaussian quadrature help keep the stiffness matrix positive definite during finite element analysis?
finite_element_analysis	Why does the condition number of the stiffness matrix get worse as the mesh becomes finer in standard linear elements?
finite_element_analysis	What role do regularization techniques play in stabilizing the stiffness matrix for finite element models?
finite_element_analysis	How are internal forces recalculated once the displacement vector has been updated in a finite element simulation?
finite_element_analysis	What does it mean for a bilinear form to be bounded on the product of function spaces in the context of finite element analysis?
finite_field_arithmetic	how do lookup tables speed up exponentiation in polynomial representations of finite fields?
finite_field_arithmetic	why is the multiplicative group of GF(p^n) isomorphic to Z_{p^n - 1}?
finite_field_arithmetic	can you explain how the Weil pairing works on elliptic curve torsion points?
finite_field_arithmetic	how does the Hasse interval help choose a good group order for elliptic curve cryptography?
finite_field_arithmetic	is there a way to split arithmetic in finite fields into smaller independent computations?
fire_protection_engineering	how do sprinkler systems know when to activate and release water?
fire_protection_engineering	what are the main metrics used to measure the effectiveness of a fire alarm system?
fire_protection_engineering	why is the Damköhler number relevant to fire protection engineering?
fire_protection_engineering	how are building occupants alerted to evacuate during an emergency?
fire_protection_engineering	what are the legal requirements for maintaining a commercial sprinkler system?
fire_resistant_coating_formulation	how do I pick a good binder for fire resistant paint that won’t fail when things get hot?
fire_resistant_coating_formulation	why do I need to apply thicker layers of coating to get better fire protection?
fire_resistant_coating_formulation	what happens inside an intumescent coating when it’s exposed to fire to make it work?
fire_resistant_coating_formulation	how do these coatings delay the structure’s failure during a fire?
fire_resistant_coating_formulation	can adding silica or alumina to the coating help it handle heat better?
floodplain_mapping	how do scientists accurately map floodplains when trees and vegetation block satellite views?
floodplain_mapping	what kind of models are used to simulate water flow in floodplains?
floodplain_mapping	can you explain how hybrid methods improve floodplain mapping accuracy?
floodplain_mapping	where can I find documented validation results for floodplain maps?
floodplain_mapping	how does land-use zoning affect construction in flood-prone areas?
flow_induced_crystallization_kinetics	How does the speed of flow affect how much polymer chains stretch before they crystallize?
flow_induced_crystallization_kinetics	Why do materials made through flow-induced crystallization end up stronger than regular ones?
flow_induced_crystallization_kinetics	What happens to crystal orientation in areas where the flow is weak or swirling?
flow_induced_crystallization_kinetics	Can higher temperatures help polymer chains fold better during the crystallization process?
flow_induced_crystallization_kinetics	Is it possible to trigger crystallization in polymers even when it’s colder than usual?
fluid_dynamics_and_heat_transfer_analysis	how is the continuity equation formulated in terms of density and mass flux for fluid dynamics?
fluid_dynamics_and_heat_transfer_analysis	what does it mean for a numerical simulation to meet convergence criteria across mass, momentum, and energy?
fluid_dynamics_and_heat_transfer_analysis	how does the Reynolds number influence the shift from laminar to turbulent flow in a boundary layer?
fluid_dynamics_and_heat_transfer_analysis	why are implicit time integration schemes preferred when solving coupled energy equations in fluid simulations?
fluid_dynamics_and_heat_transfer_analysis	how do engineers account for uncertainty when propagating measurement errors in heat transfer data analysis?
fluid_dynamics_and_pressure_distribution	How does the viscosity of a fluid affect the pressure drop over a certain distance?
fluid_dynamics_and_pressure_distribution	What specific conditions must be met for this equation to be strictly valid?
fluid_dynamics_and_pressure_distribution	Why are body forces like gravity usually the only ones considered in fluid dynamics models?
fluid_dynamics_and_pressure_distribution	How does displacement thickness influence the effective camber of an airfoil?
fluid_dynamics_and_pressure_distribution	Why can't dynamic pressure be measured directly with one instrument?
fluid_dynamics_and_pump_theory	How does the head delivered by a pump change as the flow rate increases under constant speed?
fluid_dynamics_and_pump_theory	Why do vapor bubbles form inside the liquid stream when there is a pressure deficit?
fluid_dynamics_and_pump_theory	What is the correct way to set the spring tension in a pump seal assembly according to the manufacturer?
fluid_dynamics_and_pump_theory	When does the boundary layer detach from the pump casing surface due to adverse pressure gradients?
fluid_dynamics_and_pump_theory	Why is creep resistance important for pumps operating at high temperatures?
fluid_dynamics_and_turbine_design	how does the length of a blade’s chord affect the flow regime inside a turbine?
fluid_dynamics_and_turbine_design	what causes the swirling flow patterns known as dean vortices in curved passages?
fluid_dynamics_and_turbine_design	why are radial turbines considered better for small-scale or off-design applications?
fluid_dynamics_and_turbine_design	how does the entropy generated in a turbine stage relate to the loss of useful energy?
fluid_dynamics_and_turbine_design	what role do centrifugal forces play in material wear when a turbine spins at high speeds?
fluid_dynamics	How do numerical simulations divide a fluid flow region into smaller parts for calculation?
fluid_dynamics	Why does water flowing over a smooth, flat surface move at a constant speed without pressure changes?
fluid_dynamics	What determines the tiniest scale of motion in turbulent flow where viscosity takes over?
fluid_dynamics	Under what conditions can a separated fluid stream reconnect with a solid surface further down the flow direction?
fluid_dynamics	Which statistical measures are typically used to compare simulation results with experimental data?
fluid_dynamics_in_chemical_reactors	How does axial dispersion help model the back-mixing that occurs in continuous stirred-tank reactors?
fluid_dynamics_in_chemical_reactors	Why is maximizing turbulence and internal mixing a key priority when designing industrial chemical reactors?
fluid_dynamics_in_chemical_reactors	What happens to the flow pattern inside a reactor when the Reynolds number is low and viscous forces take over?
fluid_dynamics_in_chemical_reactors	How does a high Nusselt number make internal cooling coils more effective at removing heat from a reaction tube?
fluid_dynamics_in_chemical_reactors	Why is the residence time distribution function used when predicting conversion rates for complex reaction networks?
fluid_dynamics_in_micro_orifices	How do lattice Boltzmann methods help simulate complex fluid behavior in small openings without needing to model viscosity directly?
fluid_dynamics_in_micro_orifices	Why do standard Navier-Stokes equations need changes when dealing with slip flow in micro-scale channels?
fluid_dynamics_in_micro_orifices	Can surface roughness cause fluid to switch from smooth to chaotic flow more quickly inside tiny holes?
fluid_dynamics_in_micro_orifices	How does the mix of slip velocity and electroosmotic effects mess with the usual Hagen-Poiseuille rule for flow?
fluid_dynamics_in_micro_orifices	What role does laser light scattering play when using particle image velocimetry to measure flow in microscopic systems?
fluid_mechanics	how does viscosity help keep fluid flow smooth and prevent turbulence?
fluid_mechanics	what's the difference between pressure forces and gravity when analyzing fluid movement?
fluid_mechanics	can this model handle changing flow patterns like vortices or dynamic stall?
fluid_mechanics	how do engineers use strain gauges to measure aerodynamic forces in experiments?
fluid_mechanics	why are Fourier modes and Chebyshev polynomials used to solve fluid equations in spectral methods?
fluid_structure_interaction	how does flutter happen in flexible structures at high speeds?
fluid_structure_interaction	what are immersed boundary methods and how do they work for fluid-solid interfaces?
fluid_structure_interaction	how do moving mesh methods handle the changing shape of fluid and solid boundaries?
fluid_structure_interaction	why do we use reduced frequency when studying wing flutter and aeroelastic effects?
fluid_structure_interaction	how do we make sure our force sensors are accurate for measuring structural deflections?
flux_balance_analysis	how do i use stoichiometry to set up a flux balance analysis model for a metabolic network?
flux_balance_analysis	what objective function should i pick if i want to focus on cellular energy production?
flux_balance_analysis	can you explain how flux variability analysis builds on standard flux balance analysis?
flux_balance_analysis	does flux balance analysis take enzyme kinetics into account, or does it ignore those details?
flux_balance_analysis	which mathematical methods are typically used to solve flux balance analysis models?
flux_variability_analysis	How do dual variables help interpret changes in reaction bounds during metabolic modeling?
flux_variability_analysis	What optimization algorithms do typical solvers use for linear programs in flux variability analysis?
flux_variability_analysis	How do enzyme kinetics affect the upper limits on reaction velocities?
flux_variability_analysis	How does integrating enzyme data change the focus from theoretical capabilities to specific metabolic states?
flux_variability_analysis	What does it mean when a reaction shows high flux variability in a metabolic network?
forbidden_minor_theory	how do forbidden minors help define specific classes of matroids?
forbidden_minor_theory	why are critical elements useful when searching for forbidden minors?
forbidden_minor_theory	if a matroid can be represented over a field, what does that imply for its minors?
forbidden_minor_theory	what makes the Fano matroid special in the context of regular matroids?
forbidden_minor_theory	how is the non-Fano matroid related to characterizing cographic matroids?
force_distribution_monitoring	how do I tell if my force sensors are overloading the material they're measuring?
force_distribution_monitoring	what kind of cables should I use to connect the sensor array to my data acquisition hardware?
force_distribution_monitoring	how can I combine readings from several force transducers into one reliable measurement?
force_distribution_monitoring	is there a built-in calibration process that checks the system across all load levels?
force_distribution_monitoring	do I need to change firmware on the data acquisition units to keep them working with my control software?
force_torque_sensing	How do force-torque sensors connect to robotic control systems?
force_torque_sensing	Why are capacitive force-torque sensors sensitive to environmental interference?
force_torque_sensing	What is dynamic calibration used for in force-torque sensor systems?
force_torque_sensing	How does sensor size affect measurement accuracy in force-torque applications?
force_torque_sensing	What thermal management methods are used in force-torque sensors?
forest_inventory_measurement	How are universal relationships between tree diameter, height, and biomass established using allometric equations?
forest_inventory_measurement	What method is used to predict forest characteristics at unsampled locations by applying fixed effects to LiDAR canopy height values?
forest_inventory_measurement	What makes random-point sampling designs probabilistic and how does it ensure each location has a known, non-zero chance of selection?
forest_inventory_measurement	Why does compliance with ISO 15756 require the explicit reporting of measurement, sampling, and model error components?
forest_inventory_measurement	What is representativeness bias and how does it occur when ground plots fail to capture the heterogeneity seen in remote sensing pixels?
forfeiture_and_land_seizure_procedures	how does the government start a civil forfeiture case?
forfeiture_and_land_seizure_procedures	which agencies handle state-level property seizures?
forfeiture_and_land_seizure_procedures	can the owner's private messages be used as evidence in a forfeiture lawsuit?
forfeiture_and_land_seizure_procedures	how does the state prove that the stolen goods actually belong to a criminal?
forfeiture_and_land_seizure_procedures	is there a way to stop the police from taking your property before the trial starts?
forging_process_engineering	how does the choice of die material affect the cooling speed and resulting strength of the metal during forging?
forging_process_engineering	what temperature range should be maintained to keep the material plastic without causing it to melt?
forging_process_engineering	why are die surfaces required to have a specific roughness level in the forging process?
forging_process_engineering	how can dynamic adjustments help keep the workpiece in the optimal plasticity window?
forging_process_engineering	what happens if the forging temperature is too high and approaches the solidus line of the material?
formal_language_theory	what is the time complexity of the CYK algorithm when parsing context-free grammars?
formal_language_theory	how do production rules function as a rewriting system within a formal grammar?
formal_language_theory	why does the described stack transition replace the top symbol with reversed production symbols without consuming input?
formal_language_theory	are context-sensitive languages considered a subset of recursively enumerable languages?
formal_language_theory	do context-free languages remain closed when you intersect two of them?
fortification_construction_techniques	how do builders keep water from damaging the base of a fort?
fortification_construction_techniques	why use a rubble core instead of solid stone for the walls?
fortification_construction_techniques	what is the proper way to layer dirt when building up the rampart?
fortification_construction_techniques	how can I make sure the drainage doesn't fail during heavy rain?
fortification_construction_techniques	how should I angle the outside of the wall for better strength?
foundation_drainage_systems	how do overflow weirs work to protect my foundation from heavy rain?
foundation_drainage_systems	where should I place drainage pipes to make sure they stay stable?
foundation_drainage_systems	what kind of backfill material should I use to keep the trenches from clogging?
foundation_drainage_systems	do I need to record everything with a camera when installing the drainage system?
foundation_drainage_systems	does a standard like astm c1524 tell me how deep to dig for the trenches?
foundation_engineering	How do engineers calculate the right size and spacing for piles based on soil friction and load?
foundation_engineering	What happens to driven piles when they hit rock or hard soil during installation?
foundation_engineering	Can piles crack from tensile stress, and why does that matter?
foundation_engineering	Why use finite element analysis instead of simpler math for foundation-soil interactions?
foundation_engineering	How does managing nearby plants help prevent foundation problems?
foundation_settlement_prediction	How do piezometers help in monitoring soil consolidation for foundation settlement?
foundation_settlement_prediction	What depth should be considered when calculating the influence of a foundation on underlying soil layers?
foundation_settlement_prediction	Why does vertical displacement get smaller as you move away from the center of the loaded area?
foundation_settlement_prediction	Why do settlement profiles often show distinct steps at different depths?
foundation_settlement_prediction	How can finite element analysis improve predictions of foundation behavior under different loads?
foundation_waterproofing	how do I prevent water from seeping through my foundation waterproofing membrane?
foundation_waterproofing	what is the best way to seal the edges of a liquid membrane to stop water migration?
foundation_waterproofing	why should I choose a waterproofing material with urea linkages for my project?
foundation_waterproofing	how can I protect my foundation waterproofing system from freeze-thaw damage in cold weather?
foundation_waterproofing	what steps do I need to take to keep my drainage mat safe during the backfilling process?
fourier_analysis	how does the convolution theorem relate to the definition of the fourier transform?
fourier_analysis	what is the formula for the inverse fourier transform?
fourier_analysis	how does the divide-and-conquer approach improve the speed of fourier transforms?
fourier_analysis	can distribution theory be used for functions that aren't integrable?
fourier_analysis	how large is the overshoot in the gibbs phenomenon?
fourier_optics	How does the Fourier plane relate to the spatial frequency content of an object in a 4f optical setup?
fourier_optics	What mathematical operation connects the field amplitude at one plane to the field distribution at another?
fourier_optics	Which part of the pupil function is responsible for the phase distortions in an optical system?
fourier_optics	Why would I use a Gabor transform instead of a standard Fourier transform for analyzing non-stationary light signals?
fourier_optics	How does the intensity data from a detector guide the iterative correction steps in Fourier optics algorithms?
fracture_mechanics_analysis	how does the j-integral work to handle the infinite stress at a crack tip?
fracture_mechanics_analysis	what is the formula connecting mode 3 energy release rate to the stress intensity factor for plane strain?
fracture_mechanics_analysis	is there a limit on how close the analysis contour can get to the crack tip?
fracture_mechanics_analysis	how do you convert a critical stress intensity factor value into a critical energy release rate?
fracture_mechanics_analysis	does the strain energy release rate criterion say cracks grow in the direction of highest energy release?
fracture_mechanics_and_crack_propagation_modeling	How do local material variations influence crack propagation in heterogeneous materials?
fracture_mechanics_and_crack_propagation_modeling	What is the role of elastic-plastic fracture mechanics in crack tip blunting?
fracture_mechanics_and_crack_propagation_modeling	How does peridynamics account for inertia effects in modeling?
fracture_mechanics_and_crack_propagation_modeling	What is the connection between statistical size effects and the Weibull distribution?
fracture_mechanics_and_crack_propagation_modeling	How do displacement-based damage evolution models relate damage progression to relative displacement?
fresnel_reflection_theory	why does the reflected wave flip when light bounces off a material with a lower refractive index?
fresnel_reflection_theory	what happens to the reflected wave when the angle of incidence causes the reflected and refracted rays to meet at ninety degrees?
fresnel_reflection_theory	how do I calculate the strength of a reflected s-polarized wave using refractive indices and angles?
fresnel_reflection_theory	when does total internal reflection happen for a light beam moving through different materials?
fresnel_reflection_theory	how do multilayer optical designs use effective refractive index and phase shifts from Fresnel theory?
fringe_contrast_optimization	how does the width of the light source spectrum affect how far apart the interfering beams can be?
fringe_contrast_optimization	if I move the slits farther apart, what happens to the distance between the bright and dark bands?
fringe_contrast_optimization	what determines whether the interference pattern looks sharp or washed out?
fringe_contrast_optimization	is there a balance to strike between getting a clear picture and letting enough light through?
fringe_contrast_optimization	how stable does the air need to be to keep the interference pattern from shifting around?
froude_number_calculation	how do you calculate the froude number for open channel flow?
froude_number_calculation	what is the formula for finding the froude number in hydraulic modeling?
froude_number_calculation	how should i measure water surface elevation when computing the froude number?
froude_number_calculation	why does model velocity need to scale with the square root of length scale when keeping the froude number constant?
froude_number_calculation	where in a channel should i take measurements of hydraulic depth to get an accurate froude number?
fuel_limited_fire_intensity_analysis	How do ash layers affect heat transfer within a fuel bed during a fire?
fuel_limited_fire_intensity_analysis	What role does the Zeldovich number play in determining the stability of the reaction zone?
fuel_limited_fire_intensity_analysis	Why does preheating lower the energy needed to ignite solid fuel?
fuel_limited_fire_intensity_analysis	How is turbulent mixing mathematically represented in the continuity equation for mass flux?
fuel_limited_fire_intensity_analysis	How does the combination of fuel heterogeneity and wind influence where spot fires start?
full_field_strain_measurement	how does pixel size limit the spatial resolution of full field strain measurements?
full_field_strain_measurement	what are the main sources of optical noise in strain measurement systems?
full_field_strain_measurement	why is digital moiré interferometry mostly used for quasi-static measurements?
full_field_strain_measurement	how does the fringe displacement vector relate to the grating vector during normal strain?
full_field_strain_measurement	what compatibility equations ensure the measured displacement field produces a physically valid strain?
full_offset_seismic_imaging	how does the gradient of the misfit function get calculated in full offset seismic imaging?
full_offset_seismic_imaging	what role does the adjoint-state equation play in computing the derivative?
full_offset_seismic_imaging	why are hybrid strategies using checkpointing and recomputation beneficial for memory and time?
full_offset_seismic_imaging	how do low-frequency waves help establish correct ray paths in the subsurface?
full_offset_seismic_imaging	what is the purpose of spectral filtering in preventing aliasing during inversion?
full_waveform_inversion	how does full waveform inversion balance between keeping the model smooth and staying true to the observed data during updates?
full_waveform_inversion	what is the minimum sampling rate required for full waveform inversion to avoid aliasing issues with high frequencies?
full_waveform_inversion	why is it important that each frequency band reaches convergence before moving to a higher frequency in full waveform inversion?
full_waveform_inversion	how does the elastic wave equation help describe how the subsurface reacts to stress in full waveform inversion?
full_waveform_inversion	how is shared memory parallelism used within a single node to speed up calculations in full waveform inversion?
fulling_and_mechanical_agitation	how do the beaters in a fulling machine affect the force applied to the fibers?
fulling_and_mechanical_agitation	what happens to wool fibers if there is too much salt in the water during processing?
fulling_and_mechanical_agitation	how does dwell time influence each stage of the fulling process?
fulling_and_mechanical_agitation	why is it important to regularly check the hydraulic systems in fulling mills?
fulling_and_mechanical_agitation	does fulling increase the surface area of the fibers, and if so, why?
fulling_and_stretching_operations	how does the fabric move through the fulling machine to ensure even processing?
fulling_and_stretching_operations	what role do heat and moisture systems play in the stretching process and how should they be maintained?
fulling_and_stretching_operations	why is it important to monitor the moisture content of the fabric before storing it?
fulling_and_stretching_operations	how fast does the stretching mandrel rotate to achieve the desired elongation of the material?
fulling_and_stretching_operations	in what way do synchronized rollers help the fabric enter the machine efficiently?
fungal_pathogen_management_in_high_humidity_environments	how do I monitor for early fungal infections to keep them from causing economic damage?
fungal_pathogen_management_in_high_humidity_environments	can I use humidity and temperature data together to manage my growing environment more precisely?
fungal_pathogen_management_in_high_humidity_environments	why do some fungal pathogens seem to resist chemical treatments more effectively?
fungal_pathogen_management_in_high_humidity_environments	does high humidity help biocontrol agents spread better in the air?
fungal_pathogen_management_in_high_humidity_environments	why do I need to keep chemical treatments on longer in humid conditions?
furnace_atmosphere_control	how does the control system adjust gas flow rates using the ideal gas law?
furnace_atmosphere_control	what method is used to match the actual gas mixture to the theoretical stoichiometric ratio?
furnace_atmosphere_control	how is the uniformity of the furnace atmosphere verified through flow velocity measurements?
furnace_atmosphere_control	why are gas filters necessary for protecting downstream components from particulate matter?
furnace_atmosphere_control	which sensors are used to detect dangerous temperature spikes in hydrogen-air mixtures?
gene_protein_reaction_mapping	How do transcription factors actually change gene expression when the environment changes?
gene_protein_reaction_mapping	What happens inside the enzyme’s active site to help stabilize transition states during a reaction?
gene_protein_reaction_mapping	Why do protein domains matter so much for an enzyme’s ability to work?
gene_protein_reaction_mapping	How can researchers use proteomics to verify that the right enzymes are present for a given reaction?
gene_protein_reaction_mapping	How do scientists make sure gene functions map correctly across different species using orthology?
geodetic_surveying	How do modern GNSS receivers separate ionospheric delay from geometric range measurements?
geodetic_surveying	What calibration is required for the electronic target recognition system to maintain sensitivity and accuracy?
geodetic_surveying	Why are the final adjusted coordinates reported with their respective uncertainties?
geodetic_surveying	How does real-time kinematic GNSS achieve centimeter-level precision by using a reference station?
geodetic_surveying	How are vertical geoid heights derived by combining precise leveling data with high-resolution gravity field models?
geographic_information_systems	how do gis databases handle the storage of both location and descriptive information?
geographic_information_systems	what role do spatial indexing structures like r-trees play in making location searches faster?
geographic_information_systems	how does a vector data model define geographic features using points, lines, and polygons?
geographic_information_systems	what methods are used to ensure the accuracy of coordinates in gis systems?
geographic_information_systems	why is it important to track the history of data transformations in geographic information systems?
geology_and_mineral_prospecting	How do differences in rock density affect the setup for gravity surveys?
geology_and_mineral_prospecting	Where should I focus drilling efforts to get the best results?
geology_and_mineral_prospecting	Do shear zones help create the fractures where minerals deposit?
geology_and_mineral_prospecting	Is mining thin ore deposits more expensive than other types?
geology_and_mineral_prospecting	What is metasomatism and how does it concentrate metals?
geomechanics	How does effective stress influence the shear strength of saturated soils and rocks?
geomechanics	What are the different states of earth pressure distribution considered in geomechanics analysis?
geomechanics	Why are multi-physics interactions such as thermal, hydraulic, and mechanical coupling important in geomechanics?
geomechanics	How does the Lode angle parameterization in the Drucker-Prager model help with anisotropic plasticity in rock masses?
geomechanics	What effects does seismic activity have on saturated soil deposits in terms of shear failure and liquefaction?
geometric_algebra	What is the dual operation in geometric algebra and how does it work?
geometric_algebra	How is the basis for geometric algebra typically constructed?
geometric_algebra	Why does the inverse rotor equal the reverse of the rotor?
geometric_algebra	How does geometric algebra simplify physical calculations compared to other methods?
geometric_algebra	Why is tensor notation considered cumbersome in certain contexts?
geometric_mesh_simplification	How do mesh simplification algorithms decide which sharp edges are important enough to keep?
geometric_mesh_simplification	What is the quadric error metric and how does it measure the change when an edge is collapsed?
geometric_mesh_simplification	Why use a second-order quadratic approximation when simplifying a 3D mesh?
geometric_mesh_simplification	How does area preservation error help keep the surface properties of a model accurate after simplification?
geometric_mesh_simplification	How do feature importance weights affect which vertices get removed during mesh decimation?
geometric_metrology	how do manual inspection methods differ from automated CMM measurements in terms of operator involvement?
geometric_metrology	what procedures are used to reduce errors between measured and theoretical part geometries?
geometric_metrology	which physical parts make up a coordinate measuring machine?
geometric_metrology	why do humidity changes cause inaccuracies in optical and laser measurement systems?
geometric_metrology	which ISO standard guides the verification of CMMs using test balls and cylinders?
geometric_processing	How can I reduce the number of polygons in a 3D mesh without losing important shape details?
geometric_processing	Why would I choose an octree over a standard grid when working with point clouds that have varying densities?
geometric_processing	What geometric features should I analyze to better understand the local shape characteristics of a mesh?
geometric_processing	How does the Iterative Closest Point algorithm calculate the best alignment between two different point sets?
geometric_processing	What steps are needed to keep a 3D mesh topologically valid when modifying it in real time?
geophysical_data_inversion	How do I handle the instability that comes up when trying to invert geophysical data?
geophysical_data_inversion	What exactly is the Jacobian matrix and why is it needed for geophysical inversion?
geophysical_data_inversion	Can Bayesian methods help me get better uncertainty estimates for my inversion results?
geophysical_data_inversion	What steps should I take to clean and prepare my geophysical data before inversion?
geophysical_data_inversion	How can I properly account for errors when I want to quantify uncertainty in my inversion model?
geophysical_exploration	how do P-wave sensors need to be designed to capture compressional arrivals effectively?
geophysical_exploration	what techniques are used to remove coherent noise from seismic data?
geophysical_exploration	how does the elastic wave equation relate to wave propagation in complex geological media?
geophysical_exploration	why is it important to maintain consistent data quality across different exploration methods?
geophysical_exploration	what happens in the data processing workflow when anomalies are detected?
geophysical_exploration_method_selection	How does the integral nature of gravity fields affect the lateral resolution of survey results?
geophysical_exploration_method_selection	Why do active-source methods outperform passive techniques for imaging shallow subsurface structures?
geophysical_exploration_method_selection	What frequency requirements are necessary for electromagnetic surveys to penetrate resistive geological formations?
geophysical_exploration_method_selection	How do data acquisition systems handle low-frequency cultural noise in geophysical recordings?
geophysical_exploration_method_selection	Why is first-order regularization preferred when processing electrical data with limited spatial resolution?
geophysical_inversion_methods	How does Tikhonov regularization affect the smoothness and resolution of the inverted model?
geophysical_inversion_methods	What role does the prior distribution play in calculating the posterior probability during geophysical inversion?
geophysical_inversion_methods	Why is the Gauss-Newton approximation used to replace the Hessian matrix in inversion algorithms?
geophysical_inversion_methods	How is the synthetic seismogram generated at the receiver locations in a forward modeling process?
geophysical_inversion_methods	How does iterative linearization improve the accuracy of the Jacobian matrix in full-waveform inversion?
geophysical_signal_processing	How does anelastic attenuation affect seismic waves during their journey through the Earth's crust?
geophysical_signal_processing	What is a multi-scale inversion strategy and how does it help resolve non-uniqueness in geophysical modeling?
geophysical_signal_processing	Why is calculating the geometric midpoint between source and receiver pairs necessary for transforming to a common midpoint gather?
geophysical_signal_processing	What is the purpose of receiver deconvolution in normalizing amplitude response across a seismic array?
geophysical_signal_processing	What factors limit the high-frequency resolution in geophysical signal processing?
geophysical_surveying	How do geophysicists handle the issue of multiple possible solutions when interpreting subsurface data?
geophysical_surveying	Does rugged terrain slow down the data collection process for ground-based surveys?
geophysical_surveying	What frequency range do these sensors use to detect density changes underground?
geophysical_surveying	Can electrical resistivity surveys help locate areas where the ground is filled with water?
geophysical_surveying	What statistics are used to check if survey data is reliable?
geophysics	What causes the extra noise in geophysical surveys near roads or power lines?
geophysics	Why is the lithosphere stiffer and faster than the layer below it?
geophysics	How can past geological information make subsurface models more accurate?
geophysics	Can electromagnetic measurements show where fluids or pollutants are moving underground?
geophysics	What strategy is used to monitor how oil or water reservoirs change over time?
geospatial_database_systems	How do spatial join operations use indexing structures to speed up geometric intersection tests?
geospatial_database_systems	What methods do database engines use to keep index structures updated when data changes?
geospatial_database_systems	How are line string geometries represented in geospatial databases?
geospatial_database_systems	Which compression techniques help reduce storage size for geospatial data by removing redundant coordinates?
geospatial_database_systems	How do quality assurance attributes track the accuracy and validation status of geospatial features?
geostatistical_modeling	Why might choosing a random order for generating realizations help prevent directional trends in the output?
geostatistical_modeling	What does it mean for a variogram model to be isotropic and why could that be a problem?
geostatistical_modeling	How do you tell if your kriging predictions are consistently off in one direction?
geostatistical_modeling	What does intrinsic stationarity require about the mean and covariance of a spatial process?
geostatistical_modeling	What happens when you use Sequential Gaussian simulation to generate new data fields?
geostatistics	how far apart should sampling points be to guarantee they are statistically independent in geostatistical studies?
geostatistics	why is inverse distance weighting considered insufficient for creating reliable confidence intervals when spatial autocorrelation is present?
geostatistics	what does the sill value signify about the total spatial variance in a given dataset?
geostatistics	how does the range parameter help define the scale of spatial continuity in variogram analysis?
geostatistics	in what ways do geostatistical error surfaces limit the uncertainty of machine learning predictions in spatial forecasting tasks?
geotechnical_engineering	How do geotechnical engineers calculate the maximum load a shallow foundation can support?
geotechnical_engineering	What soil properties are needed to design a retaining wall that won’t fail?
geotechnical_engineering	When does soil behave like a liquid instead of a solid or plastic material?
geotechnical_engineering	What causes soil particles to move through the ground during high water pressure?
geotechnical_engineering	How do engineers match field observations with lab tests to map soil layers?
geotechnical_soil_mechanics	How does the effective stress principle explain the relationship between total stress and pore water pressure in soil?
geotechnical_soil_mechanics	Why does the applied load initially increase the pore water pressure instead of the soil particles?
geotechnical_soil_mechanics	What conditions must the soil meet for the effective stress theory to be applicable?
geotechnical_soil_mechanics	How can I calculate the coefficient of permeability using Darcy's law?
geotechnical_soil_mechanics	What does it mean for the soil slice to be in a state of equilibrium in geotechnical analysis?
glass_ceramic_manufacturing	How does temperature affect the movement of particles during the glass ceramic making process?
glass_ceramic_manufacturing	What happens if I cool the glass material too quickly before it turns into a solid?
glass_ceramic_manufacturing	Is the amount of glass left over related to how much it crystallizes?
glass_ceramic_manufacturing	How do I know the right speed to cool the piece to avoid unwanted changes?
glass_ceramic_manufacturing	Why does the final product become less porous as the heating process goes on?
glass_forming_and_annealing	how does the placement and intensity of heaters in the annealing furnace affect the temperature differences inside the chamber?
glass_forming_and_annealing	why is it important to keep a regular schedule when loading glass into the annealing process?
glass_forming_and_annealing	how do I pick the right annealing temperature for my specific type of glass?
glass_forming_and_annealing	does the thickness of the glass sheet change how long it needs to stay in the annealing chamber?
glass_forming_and_annealing	how can I use the glass's viscosity-temperature relationship to reduce stress after annealing?
glassblowing_and_kiln_operations	how does the temperature change affect the viscosity of glass during the kiln process?
glassblowing_and_kiln_operations	why is it important for the kiln to heat or cool the glass gradually?
glassblowing_and_kiln_operations	how long should glass stay at the annealing temperature?
glassblowing_and_kiln_operations	what causes glass to crack during the cooling phase?
glassblowing_and_kiln_operations	should I put automatic safety shut-offs on my glass kiln?
glaze_chemistry_and_formulation	how do I prevent my glaze from cracking when it cools down?
glaze_chemistry_and_formulation	what role do sodium and potassium play in a glaze mixture?
glaze_chemistry_and_formulation	how do I check if my glaze recipe will form unwanted crystals at high heat?
glaze_chemistry_and_formulation	why does the chemical potential of an oxide determine when it separates into a solid phase?
glaze_chemistry_and_formulation	what causes chromium to produce its characteristic color in an oxidizing atmosphere?
glaze_melt_analysis_and_phase_equilibria	how do network modifiers affect the chemical potential in a glass melt?
glaze_melt_analysis_and_phase_equilibria	what experimental techniques are used to determine the kinetic parameters of glass formation?
glaze_melt_analysis_and_phase_equilibria	how is the stoichiometric limit for glass formation defined by percolation thresholds?
glaze_melt_analysis_and_phase_equilibria	what does X-ray photoelectron spectroscopy reveal about the surface elements of a glass?
glaze_melt_analysis_and_phase_equilibria	why are operator training programs important for minimizing human error during glass mixing and application?
glue_up_assembly_and_clamping	how do you check if the glue actually transferred to the joint after it cures?
glue_up_assembly_and_clamping	what kind of clamps should I use for big joints that need a lot of even pressure?
glue_up_assembly_and_clamping	why do fixtures sometimes have blocks made of hardened steel or ceramic inside them?
glue_up_assembly_and_clamping	how long do I need to keep the pressure on before I can take the clamp off?
glue_up_assembly_and_clamping	what should I look for on the clamp jaws before I start using them on my parts?
grain_boundary_engineering	how does the 60 degree misorientation about the [111] axis define the Σ3 twin boundary family in materials?
grain_boundary_engineering	what specific Σ values are considered low-energy boundaries under the coincidence site lattice model?
grain_boundary_engineering	why does lowering the interfacial energy at grain boundaries slow down their movement and mobility?
grain_boundary_engineering	how can engineering grain boundaries stop precipitates from clumping together into continuous films?
grain_boundary_engineering	what statistical methods should I use to compare simulated and real grain boundary character data?
grain_boundary_segregation_dynamics	how does solute segregation affect the energy of grain boundaries?
grain_boundary_segregation_dynamics	when does non-equilibrium segregation happen during annealing?
grain_boundary_segregation_dynamics	why do dispersed particles slow down segregation kinetics?
grain_boundary_segregation_dynamics	can we quantify solute drag effects from combined data?
grain_boundary_segregation_dynamics	do precipitate-free zones form near segregated boundaries?
grain_structure_analysis	How do we determine the orientation and size of individual grains in a material using EBSD?
grain_structure_analysis	What factors influence the final grain size and distribution during material formation?
grain_structure_analysis	How does the Hall-Petch relationship describe the relationship between grain size and yield strength?
grain_structure_analysis	What is the role of the crystal plasticity finite element method in predicting deformation in polycrystalline materials?
grain_structure_analysis	Why are high-angle grain boundaries more prone to initiating fatigue cracks?
graph_subdivision_and_contraction	how do you turn each edge of a graph into a path with a new middle vertex?
graph_subdivision_and_contraction	what is the running time when you perform graph subdivision on a graph stored as adjacency lists?
graph_subdivision_and_contraction	when you contract an edge, does the graph stay connected if that edge isn't a bridge?
graph_subdivision_and_contraction	what does it mean for one graph to be less than or equal to another in the minor order?
graph_subdivision_and_contraction	how do you merge vertices together during a contraction step while keeping the important connections intact?
graph_traversal_pathfinding	how does bidirectional search keep the forward and backward expansions in sync?
graph_traversal_pathfinding	what role does the balance between the actual cost and the heuristic estimate play in finding the best path?
graph_traversal_pathfinding	why are binary heaps or Fibonacci heaps preferred for storing nodes during pathfinding?
graph_traversal_pathfinding	what happens to a node that is found again with a cheaper path than before?
graph_traversal_pathfinding	how can I detect cycles in a directed graph using node states?
gravimetry_and_geodesy	how does a superconducting gravimeter work?
gravimetry_and_geodesy	what components make up a superconducting gravimeter?
gravimetry_and_geodesy	how is geoid height anomaly calculated?
gravimetry_and_geodesy	what determines the Earth's gravitational field?
gravimetry_and_geodesy	what do gravity anomalies tell us about subsurface bodies?
gravity_and_magnetic_survey_calibration	how do you calibrate a magnetometer to make sure the sensor readings match real magnetic field intensity?
gravity_and_magnetic_survey_calibration	what steps do you take to clean up raw magnetic survey data by removing noise and outliers?
gravity_and_magnetic_survey_calibration	how precise does the magnetic field measurement need to be to check for interference around the instrument?
gravity_and_magnetic_survey_calibration	how can you correct magnetic survey data for daily changes in the Earth's magnetic field?
gravity_and_magnetic_survey_calibration	how do you separate regional magnetic signals from local ones using spectral analysis?
green_infrastructure	how does permeable pavement work to reduce runoff and peak flow rates?
green_infrastructure	what role do microbial communities play in removing nitrogen from constructed wetlands?
green_infrastructure	why are gentle slopes and meandering channels used in flow path design for green infrastructure?
green_infrastructure	how does contact time between water and filtration media improve water quality?
green_infrastructure	what methods are used to monitor the health of trees in green infrastructure projects?
green_s_function_theory	What is the mathematical definition of a Green's function in terms of a linear differential operator and the Dirac delta?
green_s_function_theory	How does the Green's function relate to fictitious charges and the free-space solution?
green_s_function_theory	Why is the retarded Green's function specifically used to build the Lippmann-Schwinger equation in scattering theory?
green_s_function_theory	What role do singular kernels and regularization techniques play in boundary element methods when solving integral equations?
ground_penetrating_radar	How does choosing a higher center frequency affect the resolution and depth of a ground penetrating radar scan?
ground_penetrating_radar	What limits the beamwidth of a radar antenna and how is it calculated?
ground_penetrating_radar	Why does moisture content in the soil play such a big role in how far radar signals can penetrate?
ground_penetrating_radar	Can using multiple frequencies help solve the problem of separating signal attenuation from velocity changes?
ground_penetrating_radar	Where can I find the official international standard for electromagnetic compatibility of radar systems?
guard_cell_ion_channel_modulation	How does calcium affect the relationship between ELAC1 and KAT1/KAT2 channels?
guard_cell_ion_channel_modulation	What role does phosphorylation play in ELAC1's ability to inhibit potassium channels?
guard_cell_ion_channel_modulation	Why does the KAT2 subunit influence the voltage sensitivity of the channel complex?
guard_cell_ion_channel_modulation	How do changes in potassium levels inside the guard cell relate to ion transport?
guard_cell_ion_channel_modulation	In what way does chloride movement impact the osmotic environment within the cell?
hand_plane_sharpening_and_honing	how do I properly sharpen my jointer plane to get a clean cut?
hand_plane_sharpening_and_honing	what angle should I set my plane blade at for best results?
hand_plane_sharpening_and_honing	why does using oil help when honing my plane blade?
hand_plane_sharpening_and_honing	how can I avoid my plane blade chipping or work hardening?
hand_plane_sharpening_and_honing	does changing the blade angle help with tear-out in softwoods?
hand_tool_woodworking	How do I adjust the blade angle for different types of wood to get a smoother cut?
hand_tool_woodworking	Why do Western push saws feel different from pull saws when I’m cutting?
hand_tool_woodworking	If I’m using a jointer, will it automatically make my wood pieces perfectly square?
hand_tool_woodworking	Why can I push a crosscut saw faster than a rip saw when cutting across the grain?
hand_tool_woodworking	How can I tell if a tenon is cut square without any visible gaps?
hardened_electrical_distribution_systems	how do I protect my electrical grid from physical damage and extreme weather?
hardened_electrical_distribution_systems	what should i know about material expansion when designing hardened power systems?
hardened_electrical_distribution_systems	can you explain how surge protectors work together for better electrical safety?
hardened_electrical_distribution_systems	how do i check if my electrical insulation is still healthy?
hardened_electrical_distribution_systems	what steps should i take to keep my power system online during a cyber attack?
hardware_embedded	How do direct memory access controllers work to avoid involving the CPU in data transfers?
hardware_embedded	Why are microcontrollers not suitable for running complex operating systems?
hardware_embedded	What role do flash bootloaders play in the initialization process of embedded systems?
hardware_embedded	How is UART typically used for debugging and communication in hardware designs?
hardware_embedded	What is priority inheritance and how does it prevent priority inversion issues?
hash_index_collision_resolution	how does separate chaining work to handle hash collisions?
hash_index_collision_resolution	why is resizing a hash table important when the load factor gets too high?
hash_index_collision_resolution	what happens when two keys hash to the same index in a hash table?
hash_index_collision_resolution	how does quadratic probing help with clustering in hash tables?
hash_index_collision_resolution	why do we need to rehash when using tombstones in open addressing?
hazardous_gas_detection_systems	How high should I install a gas detector to make sure it catches the right concentration layer of the vapor?
hazardous_gas_detection_systems	What does calibration drift compensation actually do to keep my sensor readings accurate over time?
hazardous_gas_detection_systems	Can you explain how electrochemical sensors work to measure specific gas concentrations?
hazardous_gas_detection_systems	What should I do if my sensor elements become contaminated or start degrading?
hazardous_gas_detection_systems	How do wearable sensors connect to personal protective equipment to warn me about dangerous gas exposure?
hazardous_materials_storage	how do i know if two chemicals are safe to store together?
hazardous_materials_storage	what should I do if pressure builds up inside a container?
hazardous_materials_storage	how do I protect metals from corrosive chemicals?
hazardous_materials_storage	what labels are required on chemical storage containers?
hazardous_materials_storage	what steps should I take right after an incident occurs?
hearing_conduct	how does sound get from the eardrum to my brain?
hearing_conduct	what happens when sound waves hit the tympanic membrane?
hearing_conduct	how are spatial details of sound passed along to the hearing area of the brain?
hearing_conduct	what role do spiral ganglion neurons play in sending signals to the brainstem?
hearing_conduct	how is sensorineural hearing loss usually treated?
heat_exchanger_design	how do thick fluids affect pressure drop and what tube designs help with them?
heat_exchanger_design	what is the fin surface area enhancement factor compared to a bare tube?
heat_exchanger_design	how does tube length limit the total heat transfer area in a shell and tube heat exchanger?
heat_exchanger_design	why is the approach temperature difference no longer used in heat transfer calculations?
heat_exchanger_design	what methods replace the approach temperature difference for analyzing heat exchanger performance?
heat_transfer_analysis	how do I account for changing fluid properties when calculating the Nusselt number for flow in a circular tube?
heat_transfer_analysis	what does the left-hand side of the transient energy equation actually represent in terms of physical properties?
heat_transfer_analysis	does this heat transfer analysis method work if the solid material’s heat capacity changes with temperature?
heat_transfer_analysis	how is the divergence of the radiative flux connected to the net radiative heat source in the energy balance equation?
heat_transfer_analysis	what practical steps should I take to reduce interface contact resistance between two materials in thermal contact?
heat_transfer_and_convection	how does direct numerical simulation handle turbulence in convective heat transfer?
heat_transfer_and_convection	what is the power-law relationship between Nusselt, Reynolds, and Prandtl numbers?
heat_transfer_and_convection	why do density differences cause fluid motion in heat transfer scenarios?
heat_transfer_and_convection	how do wall roughness features affect heat transfer across a channel?
heat_transfer_and_convection	how is the Prandtl number defined in terms of fluid properties?
heat_treatment_and_quenching_techniques	how do you prevent retained austenite from forming during the quenching process?
heat_treatment_and_quenching_techniques	what are the benefits of using multi-stage quenching instead of a single rapid cool?
heat_treatment_and_quenching_techniques	how can a uniform cooling rate help reduce residual stress in a metal part?
heat_treatment_and_quenching_techniques	where can I find flash point information to pick a safe quenching fluid?
heat_treatment_and_quenching_techniques	why is stress-relieving so important for improving fatigue resistance in treated components?
heat_treatment_engineering	how do industry standards like ASTM and ISO affect what materials and steps I need to follow for heat treating?
heat_treatment_engineering	does tempering really help with ductility and toughness in quenched parts?
heat_treatment_engineering	are there cost-effective furnace options for carbon steel work?
heat_treatment_engineering	how often should I check and calibrate my temperature sensors to keep them accurate?
heat_treatment_engineering	what causes underhardening in quenched components?
hemodynamics	How does the Windkessel model simplify the representation of the arterial system?
hemodynamics	What physical factors determine the shift from laminar to turbulent blood flow?
hemodynamics	Which equation connects fluid acceleration with pressure changes and viscous effects in the circulatory system?
hemodynamics	Under what condition does the cardiac pump mechanism break down?
hemodynamics	How is central venous pressure typically measured in a clinical setting?
hide_trimming_and_leveling	how do I prevent the hide from shifting while I'm trimming the edges?
hide_trimming_and_leveling	what signs should I look for that tell me a hide needs more leveling?
hide_trimming_and_leveling	how often do I need to check my trimmer for broken parts?
hide_trimming_and_leveling	what kind of treatment does the water get after the trimming process?
hide_trimming_and_leveling	can I reuse the water from the leveling stage without further treatment?
hierarchical_search_routing	how does the search system decide which path to take when using weighted costs from live sensor data?
hierarchical_search_routing	what happens if someone tries to flood the search system with weird requests at different levels?
hierarchical_search_routing	who is responsible for keeping the inverted indexes up to date across all tiers of the hierarchy?
hierarchical_search_routing	how does the system handle requests that it can’t properly route through its usual hierarchy?
hierarchical_search_routing	how does the caching system decide how long to keep results before they become stale?
high_fire_glazing_techniques	how do I match the thermal expansion of my glaze to my clay body to avoid cracking during firing?
high_fire_glazing_techniques	why does the ratio of minerals in a glaze affect its thermal expansion and chemical resistance?
high_fire_glazing_techniques	what causes the unique colors and surfaces in wood-fired glazes?
high_fire_glazing_techniques	how long should I let my glazed pieces dry before putting them in the kiln?
high_fire_glazing_techniques	what kind of glaze materials work best for gas and wood kilns with reduction atmospheres?
high_performance_computing_architectures	How do fat-tree topologies help avoid bandwidth bottlenecks in massive supercomputers?
high_performance_computing_architectures	What role do adaptive routing algorithms play when combined with fat-tree network layouts?
high_performance_computing_architectures	Why do HPC systems use hierarchical collective communication instead of simple point-to-point transfers?
high_performance_computing_architectures	How do unified L2 caches improve performance across all the streaming multiprocessors in a GPU?
high_performance_computing_architectures	What specific interconnect technologies like InfiniBand enable the fast MPI communication needed for large-scale parallel tasks?
high_precision_linear_actuation_technologies	how do encoders help linear actuators stay accurate during operation?
high_precision_linear_actuation_technologies	what are the main electrical checks needed before installing a linear motion system?
high_precision_linear_actuation_technologies	how does a stepper motor turn rotation into straight-line movement?
high_precision_linear_actuation_technologies	which communication protocols should I use to connect my actuator to a control system?
high_precision_linear_actuation_technologies	what limits how big a direct drive linear motor can get?
high_pressure_fluid_dynamics	What happens to compressibility when the Mach number goes above three in high pressure fluid dynamics?
high_pressure_fluid_dynamics	How do rotational effects influence the boundary layer thickness near a blade surface?
high_pressure_fluid_dynamics	Which fundamental conservation laws are used to derive the equations for multiphase flow under high pressure?
high_pressure_fluid_dynamics	Why can pressure differences across pump impellers damage shaft bearings and seals?
high_pressure_fluid_dynamics	How does Raman spectroscopy allow for the simultaneous measurement of temperature and pressure in this context?
high_pressure_grinding_technology	how is the grinding chamber usually made to handle the intense wear and abrasion?
high_pressure_grinding_technology	can x-ray diffraction show phase changes and amorphous halos in the diffraction pattern?
high_pressure_grinding_technology	why is fluid necessary for keeping particles evenly distributed and improving size reduction efficiency?
high_pressure_grinding_technology	what methods are used to stop thermal runaway during the process?
high_pressure_grinding_technology	how should high-pressure connections be designed to prevent leaks under extreme compression?
high_pressure_nozzle_design	How do I pick materials for a high-pressure nozzle to avoid thermal hot spots?
high_pressure_nozzle_design	What tools are used to check the precise dimensions of a nozzle after manufacturing?
high_pressure_nozzle_design	What types of seals are best suited for high-pressure nozzle applications?
high_pressure_nozzle_design	How can I ensure my nozzle can handle repeated pressure cycles without failing?
high_pressure_nozzle_design	Why do I need to keep my computational boundaries far from the nozzle exit in simulations?
high_temperature_material_design	How do I calculate the thermodynamic and kinetic properties for new ceramic materials using computers?
high_temperature_material_design	What tools can I use to track temperature changes across different parts of a composite during testing?
high_temperature_material_design	Why do the physical changes in the microstructure depend on both energy and speed factors?
high_temperature_material_design	Can adding controlled holes improve heat resistance without breaking the material?
high_temperature_material_design	How can I test if changing grain size affects strength and creep behavior using Hall-Petch effects?
high_temperature_oxidation_resistance	What makes an oxide layer act as a good shield for metals in high heat?
high_temperature_oxidation_resistance	How does the thickness of the oxide layer increase over time?
high_temperature_oxidation_resistance	Why does the crystal shape of the oxide matter for sticking to the metal?
high_temperature_oxidation_resistance	Can adding small amounts of other elements help the oxide layer stay attached better?
high_temperature_oxidation_resistance	What kind of microstructure helps stop oxidation from spreading along grain boundaries?
high_voltage_engineering	how does sulfur hexafluoride gas help prevent electrical restrikes in high voltage systems?
high_voltage_engineering	what causes corona discharge on conductor surfaces in high voltage environments?
high_voltage_engineering	how does a surge arrester protect sensitive electrical equipment from energy surges?
high_voltage_engineering	what are the typical dielectric strength values for sulfur hexafluoride under normal conditions?
high_voltage_engineering	why must all testing equipment be calibrated to international standards before each inspection?
historical_architecture_and_spatial_organization	Why was timber chosen as the main building material in medieval Europe and East Asia?
historical_architecture_and_spatial_organization	How did medieval architects orient buildings to manage sunlight throughout the year?
historical_architecture_and_spatial_organization	What do modular grids in architecture reveal about cultural values?
historical_architecture_and_spatial_organization	How does directional load transfer improve a structure's stability?
historical_architecture_and_spatial_organization	What does the term palimpsest mean in the context of building history?
historical_evidence_authentication	How can scientists determine the age of a document by analyzing the chemical changes in its ink?
historical_evidence_authentication	What methods do experts use to verify if the handwriting on a letter matches its claimed historical period?
historical_evidence_authentication	Can modern technology like X-ray fluorescence help authenticate the materials used in old documents?
historical_evidence_authentication	Are there special software tools that can reveal hidden details or alterations in scanned historical records?
historical_evidence_authentication	What steps should be taken to keep digital copies of archival documents secure and unaltered for future reference?
homage_and_fealty_rituals	How do initiates show respect to their superiors during traditional feudal ceremonies?
homage_and_fealty_rituals	What happens if the oath isn't properly recited during the ceremony?
homage_and_fealty_rituals	Why is a kiss of peace necessary to finalize the agreement?
homage_and_fealty_rituals	What benefits does a person gain by successfully completing these rituals?
homage_and_fealty_rituals	What does it mean when the fief is physically returned to the superior?
homomorphic_encryption	how does key switching work in homomorphic encryption and why is it important?
homomorphic_encryption	what role does modulus switching play in managing noise during homomorphic computations?
homomorphic_encryption	how does this encryption scheme avoid the need for bootstrapping in deep circuits?
homomorphic_encryption	what are the key considerations when selecting parameters for a homomorphic encryption system?
homomorphic_encryption	can you explain how homomorphic encryption enables complex tasks like neural network inference?
hot_gas_exhaust_mass_flow_rate	How do I calculate the mass flow rate of hot exhaust gases when the temperature changes significantly?
hot_gas_exhaust_mass_flow_rate	What is the role of specific heat ratio in determining the mass flow rate through a multi-stage exhaust system?
hot_gas_exhaust_mass_flow_rate	Can I use gas chromatography to find the specific gas constant for my exhaust composition analysis?
hot_gas_exhaust_mass_flow_rate	What are the pressure ratio limits I need to watch for when using flow measuring devices?
hot_gas_exhaust_mass_flow_rate	How do empirical correlations help adjust ideal mass flow predictions for real-world exhaust systems?
human_robot_interaction	How do safety standards limit the force and torque of robots to avoid injury during contact?
human_robot_interaction	What technology allows robots to map their surroundings with high detail and spot moving obstacles?
human_robot_interaction	How can robot control systems use online learning to adapt to sudden changes in their environment?
human_robot_interaction	What role do privacy laws like GDPR play in deciding what data robots are allowed to collect?
human_robot_interaction	How does integrating these safety and adaptive features help robots operate in unpredictable real-world settings?
hydraulic_engineering_and_pipe_network_design	What numerical method is best for solving hydraulic network equations because of its fast convergence?
hydraulic_engineering_and_pipe_network_design	How is the friction factor related to the Reynolds number and pipe roughness?
hydraulic_engineering_and_pipe_network_design	Why do valves make the energy equation non-linear in pipe networks?
hydraulic_engineering_and_pipe_network_design	How do engineers check if simulated flow data matches theoretical expectations?
hydraulic_engineering_and_pipe_network_design	What steps are taken to ensure a pipe design meets regulatory pressure and flow standards?
hydraulic_jump_analysis	how does the Froude number affect how energy is lost during a hydraulic jump?
hydraulic_jump_analysis	what happens to the jump pattern when the channel bed has a lot of roughness?
hydraulic_jump_analysis	why does the shape of the basin matter for the energy loss in a hydraulic jump?
hydraulic_jump_analysis	can you explain how momentum flux is calculated using average speed and area?
hydraulic_jump_analysis	does a higher upstream Froude number make the hydraulic jump less efficient?
hydraulic_modeling_and_network_simulation	How does the continuity equation help maintain mass conservation in a pipe network?
hydraulic_modeling_and_network_simulation	What makes up the total head loss when analyzing water flow through pipes?
hydraulic_modeling_and_network_simulation	Why does the length of a pipe matter when calculating friction losses?
hydraulic_modeling_and_network_simulation	How can I check if my hydraulic model works well for new situations?
hydraulic_modeling_and_network_simulation	What kind of models are best for studying how a system behaves over time with changing conditions?
hydraulic_modeling	how are weirs represented in hydraulic models using the broad-crested weir equation?
hydraulic_modeling	what equations govern unsteady flow in open channels and pressurized pipes?
hydraulic_modeling	how do you validate a calibrated hydraulic model against independent datasets?
hydraulic_modeling	which numerical methods are commonly used to solve the Saint-Venant equations?
hydraulic_modeling	why are second-order schemes like Roe or HLLC solvers preferred for hyperbolic systems in hydraulic modeling?
hydraulic_pressure_compensation	how do internal valve designs affect hydraulic fluid flow and pressure?
hydraulic_pressure_compensation	what tools are best for measuring small diaphragm changes caused by fluid pressure?
hydraulic_pressure_compensation	how can I capture pressure changes throughout a machine's full operating cycle?
hydraulic_pressure_compensation	why do convection currents mess up pressure compensation readings?
hydraulic_pressure_compensation	how should I handle thermal expansion when designing a hydraulic system?
hydraulics_and_fluid_mechanics	How does the continuity equation ensure that mass is conserved when fluid moves through different parts of a pipe?
hydraulics_and_fluid_mechanics	Why are engineers choosing to use elastic materials for their piping systems instead of rigid ones?
hydraulics_and_fluid_mechanics	What are the three main laws that govern how fluids behave in mechanical systems?
hydraulics_and_fluid_mechanics	How do researchers validate their computer simulations of turbulent flow using real-world measurements?
hydraulics_and_fluid_mechanics	What is the benefit of using resistance coefficients when analyzing complex pipe networks?
hydrodynamic_bearing_design	how is the reynolds equation used in hydrodynamic bearing design?
hydrodynamic_bearing_design	what assumptions are made to derive the reynolds equation from the navier-stokes equations?
hydrodynamic_bearing_design	why is thermal management important for hydrodynamic bearing stability?
hydrodynamic_bearing_design	how does aspect ratio affect the stability of a hydrodynamic bearing?
hydrodynamic_bearing_design	what measurement technique is used to monitor rotor movement in hydrodynamic bearing experiments?
hydrodynamic_lubrication	how does the Stribeck curve relate friction coefficient to the lambda parameter for hydrodynamic lubrication?
hydrodynamic_lubrication	what is the formula for lambda in hydrodynamic lubrication involving viscosity, speed, and load?
hydrodynamic_lubrication	how does the lubricant film prevent metal-to-metal contact in bearings?
hydrodynamic_lubrication	what causes temperature rise in the lubricant film during hydrodynamic lubrication?
hydrodynamic_lubrication	how can engineers prevent the transition to boundary lubrication in hydrodynamic systems?
hydrodynamics	How does computational fluid dynamics turn continuous hydrodynamics equations into algebraic operations on grid points?
hydrodynamics	When does the incompressible momentum equation separate from the energy equation in practical engineering cases?
hydrodynamics	What kind of flow occurs when the Reynolds number is low and viscous forces take over?
hydrodynamics	What are the main limitations of using Particle Image Velocimetry for flow measurement?
hydrodynamics	How is the flow around a body mathematically solved using a complex potential?
hydrological_drainage_design	how do I decide if I need surface or underground drainage for my project?
hydrological_drainage_design	what are baffles and why would I put them in a drainage system?
hydrological_drainage_design	is there a specific formula I should use for calculating head loss in pipes?
hydrological_drainage_design	if my drainage system gets clogged, what are the best ways to clear it out?
hydrological_drainage_design	how can I make my stormwater system more sustainable for the long term?
hydrological_modeling	how do distributed hydrological models handle soil hydraulic properties across different grid cells?
hydrological_modeling	what causes non-equilibrium behavior in solute transport simulations?
hydrological_modeling	why are upwinding techniques used in finite element methods for heterogeneous soils?
hydrological_modeling	which error metrics are commonly used to validate evapotranspiration in hydrological models?
hydrological_modeling	what makes representing sub-grid scale variability difficult in large-scale hydrological models?
hydrology	how does building more cities affect the way rainwater moves through the ground?
hydrology	why do engineers need to tweak their computer models to match real-world measurements?
hydrology	what forces push water through underground soil layers?
hydrology	how can we protect fish and plants living along rivers and streams?
hydrology	can changing how we farm help reduce the amount of water needed for crops?
hygroscopic_material_behavior	how do I accurately measure how much moisture a material absorbs?
hygroscopic_material_behavior	why does a material hold more water when it dries than when it absorbs it?
hygroscopic_material_behavior	what is the best way to check if a material is stable after gaining moisture?
hygroscopic_material_behavior	how does taking away moisture make a material weaker over time?
hygroscopic_material_behavior	can I use the same water absorption test for different temperatures?
hyperspectral_imaging	how does a hyperspectral camera split light into different colors using a diffraction grating or prism?
hyperspectral_imaging	what are the key tradeoffs when designing a hyperspectral imaging system for a specific task?
hyperspectral_imaging	how can machine learning models like random forests help identify different materials from spectral data?
hyperspectral_imaging	why do researchers need powerful GPUs or clusters to process hyperspectral images for unmixing and classification?
hyperspectral_imaging	how do scientists estimate and report the confidence of each pixel's analysis in hyperspectral data?
hysteresis_modeling_and_correction	how does the pinning of magnetic domains cause a delay between the applied field and the material's magnetization?
hysteresis_modeling_and_correction	what are some ways to make hysteresis models fit on devices with very limited memory?
hysteresis_modeling_and_correction	why do coupled hysteresis models require so much computing power to simulate?
hysteresis_modeling_and_correction	can you explain how the saturation magnetization relates to the remanent magnetization and maximum flux density?
hysteresis_modeling_and_correction	how do we adjust the parameters in a hysteresis model to get the best fit?
image_processing	how does intensity normalization help fix lighting differences in images?
image_processing	what happens when an analog signal gets turned into digital with limited bits?
image_processing	why is PNG considered a lossless format for saving images?
image_processing	how do you convert colors from RGB to XYZ using a matrix?
image_processing	what kind of deep learning models are good at understanding whole images at once?
impedance_tensor_inversion	How does the frequency range affect how deep the inversion can look?
impedance_tensor_inversion	Why is it important to include the rotation angle in the inversion process?
impedance_tensor_inversion	What problem arises if the off-diagonal elements are not constrained to be equal but opposite?
impedance_tensor_inversion	How does using a reference model help stabilize the inversion when data is limited?
impedance_tensor_inversion	What does the Jacobian matrix represent in the context of the inversion workflow?
in_situ_x_ray_diffraction	how do I align the monochromator crystal correctly to pick the right wavelength and block out unwanted reflections?
in_situ_x_ray_diffraction	what do I need to do to sync my data collection with the external trigger for time-resolved X-ray diffraction?
in_situ_x_ray_diffraction	how fast does my detector need to read out to avoid missing fast structural changes in my sample?
in_situ_x_ray_diffraction	where can I find software that automatically processes my raw X-ray diffraction data by removing background noise and correcting for detector flatness?
in_situ_x_ray_diffraction	how can I handle cases where diffraction peaks overlap too much to get accurate refinement results?
index_key_value_comparison	How does the database optimizer decide between using an index scan or scanning the whole table?
index_key_value_comparison	What role do leaf nodes play in keeping data organized by their key values?
index_key_value_comparison	Why are hash functions chosen to have a strong avalanche effect when using open addressing?
index_key_value_comparison	How does the system compare two keys byte by byte to see which one comes first?
index_key_value_comparison	What makes B+ trees better for handling disk input and output compared to other tree structures?
induced_pole_resistivity	How is the electromagnetic diffusion equation for induced-pole resistivity related to Maxwell's equations?
induced_pole_resistivity	What measurement protocol helps reduce random noise in induced-pole resistivity data?
induced_pole_resistivity	How do secondary current sources affect the primary magnetic field in resistivity surveys?
induced_pole_resistivity	What does the inversion algorithm try to minimize when modeling conductivity from observed data?
induced_pole_resistivity	Why do buried conductive objects like pipes cause problems in lateral resolution for resistivity measurements?
industrial_maintenance_and_reliability	How does reliability-centered maintenance help choose the right repair approach for different machines?
industrial_maintenance_and_reliability	What are the benefits of doing regular oil tests on equipment?
industrial_maintenance_and_reliability	What voltage levels should I expect when testing low to medium voltage systems?
industrial_maintenance_and_reliability	How are maintenance work orders usually created in a factory?
industrial_maintenance_and_reliability	Why is following ISO 13374 important when analyzing vibration data?
industrial_steel_manufacturing	how much oxygen is allowed in the steel melt before silicon is added to clean it up?
industrial_steel_manufacturing	what temperature difference do you need across the solidification zone when designing a continuous casting mold?
industrial_steel_manufacturing	how do engineers make sure different steel grades keep the same structure during production?
industrial_steel_manufacturing	what common liquids are used to cool down carbon steel quickly after it's cast?
industrial_steel_manufacturing	which standard do I need to follow to check for surface cracks in steel bars for car parts?
industrial_vision_systems_for_part_alignment	how do industrial vision systems handle shiny or reflective surfaces without getting confused?
industrial_vision_systems_for_part_alignment	what kind of math is used to adjust for parts that bend or warp slightly during production?
industrial_vision_systems_for_part_alignment	is there a way to test that a vision system’s measurements are actually accurate before using it?
industrial_vision_systems_for_part_alignment	how does a vision system talk to the actual machines on the factory floor?
industrial_vision_systems_for_part_alignment	can you explain how cameras and optics work together to take pictures of parts really fast?
inorganic_salt_decomposition_kinetics	How does the size of pores in a solid affect how easily gases can escape during decomposition?
inorganic_salt_decomposition_kinetics	What role does thermodynamic stability play in determining which intermediate phases form at different temperatures?
inorganic_salt_decomposition_kinetics	Why does the crystal structure of a salt influence the activation energy needed for decomposition?
inorganic_salt_decomposition_kinetics	How precise does the stoichiometry of the starting salt need to be to get pure products?
inorganic_salt_decomposition_kinetics	Where can I find the conversion fraction equation for a particular inorganic salt system?
instrumentation_and_metrology	how do standard uncertainties get calculated for each input quantity in the GUM framework?
instrumentation_and_metrology	what is the role of linearization circuits in handling non-linear transducer characteristics?
instrumentation_and_metrology	which international organization is responsible for maintaining primary standards and coordinating global calibration networks?
instrumentation_and_metrology	why do active sensing elements need an external power source for the transduction process?
instrumentation_and_metrology	how does increasing bit depth affect the dynamic range and accuracy of measurements?
inter_process_communication_protocols	How do RPC systems manage changes to message formats without breaking compatibility with older clients?
inter_process_communication_protocols	Why might manually managing locks for shared memory IPC be more efficient than using built-in synchronization primitives?
inter_process_communication_protocols	What mechanism do distributed nodes use to guarantee that all clients see updates in the same order?
inter_process_communication_protocols	How does the operating system enforce access control when a process tries to open a pipe or socket it isn't allowed to use?
inter_process_communication_protocols	What is the benefit of allocating memory on the same NUMA node as the CPU that will process it?
interfacial_debonding_mechanisms	How do transition layers between different materials help prevent sudden stress buildup?
interfacial_debonding_mechanisms	Why does surface roughness sometimes make cracks spread faster after the bond breaks?
interfacial_debonding_mechanisms	What is the difference between cohesive and adhesive failure when interfaces separate?
interfacial_debonding_mechanisms	Can shaping the surface texture improve how well adhesives bond and lock mechanically?
interfacial_debonding_mechanisms	How can we track the exact speed and energy of crack growth while testing material bonds in real time?
interfacial_energy_analysis	how do you clean surfaces before measuring interfacial energy to get accurate results?
interfacial_energy_analysis	what is the Gibbs adsorption equation and how does it connect surface concentration to interfacial tension changes?
interfacial_energy_analysis	why does image resolution matter when calculating interfacial tension from experimental data?
interfacial_energy_analysis	can you explain how stress differences at an interface lead to fluid movement in the nearby liquid?
interfacial_energy_analysis	does a lower interfacial tension between a solid and liquid mean they will wet better?
interfacial_energy_quantification	How do the force field parameters I choose affect the predicted interfacial energy values in my simulation?
interfacial_energy_quantification	What mathematical adjustments are needed to account for surface roughness when using the Young-Dupré equation?
interfacial_energy_quantification	What steps must I take to prepare samples so that contamination doesn't interfere with measuring interfacial energy?
interfacial_energy_quantification	Which experimental techniques are commonly used to measure liquid-gas interfacial energy?
interfacial_energy_quantification	How is interfacial tension actually calculated using the pressure tensor components across an interface?
interfacial_thermodynamics	How does the curvature of a liquid surface affect its equilibrium vapor pressure?
interfacial_thermodynamics	What exactly is surface tension and how is it measured in terms of work?
interfacial_thermodynamics	Can you explain the relationship between solid-vapor, solid-liquid, and liquid-vapor interfacial tensions?
interfacial_thermodynamics	Why is the irreversibility of adsorption an important assumption in this context?
interfacial_thermodynamics	How can X-ray reflectivity help determine the composition of an interface?
interferometric_measurement	how does the phase shift in an interferometer relate to the difference in optical path length of the two beams?
interferometric_measurement	what is zero-point calibration and why is it important for interferometric measurements?
interferometric_measurement	how do the spatial and temporal coherence of a light source affect fringe visibility?
interferometric_measurement	why do laser-generated interference patterns show high-contrast fringes across the entire field of view?
interferometric_measurement	what is heterodyne interferometry and how does mixing reference and object beams help with phase tracking?
interferometric_metrology	how does the coherence length of the laser affect the maximum measurable distance in an interferometer?
interferometric_metrology	what determines the smallest displacement an interferometric system can detect?
interferometric_metrology	how does a beam splitter help in setting up an optical interferometer?
interferometric_metrology	why do closed-loop feedback systems improve the stability of interferometric measurements?
interferometric_metrology	what are the main drawbacks of using Fabry-Perot interferometers for large-range measurements?
interlaminar_bonding_techniques	how do interlaminar bonding agents work with different substrate materials?
interlaminar_bonding_techniques	what role does capillary action play in the bonding process?
interlaminar_bonding_techniques	how can digital twin technology improve the quality control of bonding workflows?
interlaminar_bonding_techniques	what are the benefits of using intermediate layers in interlaminar bonding?
interlaminar_bonding_techniques	how does thermal expansion mismatch affect bond integrity?
internal_combustion_engine_dynamics	How does the combustion chamber create high pressure during the power stroke?
internal_combustion_engine_dynamics	What is the best way to set valve timing to balance charge mass and pumping losses?
internal_combustion_engine_dynamics	How is mean effective pressure calculated in an engine?
internal_combustion_engine_dynamics	Why does the coolant system help absorb heat from the engine block and head?
internal_combustion_engine_dynamics	How can a turbocharger be optimized for different operating ranges with variable geometry?
intrinsic_phase_stabilization	how do spin-orbit interactions lock the electron’s spin to its orbital motion in materials?
intrinsic_phase_stabilization	can neutron scattering reveal the hidden magnetic patterns that form local order?
intrinsic_phase_stabilization	why does breaking mirror symmetry help create Rashba effects needed for topological insulators?
intrinsic_phase_stabilization	how does phase field modeling predict how material structures change over time?
intrinsic_phase_stabilization	what role does free energy minimization play in stabilizing specific crystal phases?
intumescent_coating_chemistry	Why is potassium carbonate used as the main salt in intumescent coatings?
intumescent_coating_chemistry	What happens to the char layer if there isn't enough sodium bicarbonate in the mix?
intumescent_coating_chemistry	How does the foaming process help trap the phosphate residue in the coating?
intumescent_coating_chemistry	Why are polyurethane binders chosen for creating a strong char layer?
intumescent_coating_chemistry	Does the thickness of the applied coating affect how well the char layer forms?
inventory_density_management	How do warehouse systems use past sales information to handle changes in seasonal demand?
inventory_density_management	What machine learning models are typically used to forecast inventory turnover rates?
inventory_density_management	How are safety hazards managed at all entry points within a facility?
inventory_density_management	Why is it important to time-stamp sensor data for inventory tracking?
inventory_density_management	How do distribution centers keep their throughput metrics in sync with inventory adjustments?
inverse_ellipsometry_modeling	How does the algorithm ensure that the extracted complex refractive index is physically valid across different wavelengths?
inverse_ellipsometry_modeling	What role do Kramers-Kronig relations play in verifying the reliability of optical constants obtained through ellipsometry?
inverse_ellipsometry_modeling	Why is it important to check the consistency of roughness parameters with thickness and optical constant values in inverse ellipsometry?
inverse_ellipsometry_modeling	How are measured Ψ and Δ values used to solve for the complex dielectric function in ellipsometry modeling?
inverse_ellipsometry_modeling	What criteria determine whether a solution to the inverse ellipsometry problem is considered physically acceptable?
inverse_kinematics_algorithms	how do inverse kinematics algorithms handle collision avoidance in robot arms?
inverse_kinematics_algorithms	what mathematical method is used for analytical inverse kinematics in a two-link planar robot?
inverse_kinematics_algorithms	how does a controller use a virtual admittance matrix in robotics systems?
inverse_kinematics_algorithms	why are numerical methods like Jacobian pseudoinverse considered computationally expensive?
inverse_kinematics_algorithms	what challenges do continuous optimization methods face regarding singularities in robotics?
inverse_theory	how do we make sure our inverse problem solutions actually match known physics?
inverse_theory	what does the posterior distribution tell us about our confidence in the recovered parameters?
inverse_theory	how does the way eigenvalues decay affect the solvability of the inverse problem?
inverse_theory	how can I tell if my model is unstable and amplifying noise too much?
inverse_theory	why are gradient descent methods getting stuck or taking forever to converge?
inverse_theory_in_geophysics	How do seismic tomography models use wave propagation to image the Earth's interior?
inverse_theory_in_geophysics	What role does Bayesian inference play in regularizing geophysical inversion problems?
inverse_theory_in_geophysics	Why is the L1 norm preferred for recovering sharp boundaries in subsurface models?
inverse_theory_in_geophysics	How do amplitude constraints help keep inversion results physically realistic?
inverse_theory_in_geophysics	What are multi-scale inversion strategies and why do they improve convergence in geophysics?
iron_oxide_color_theory	Why does the color of rust change when iron oxide is heated?
iron_oxide_color_theory	How does the shape of iron oxide particles affect its durability?
iron_oxide_color_theory	What makes certain iron oxide pigments more stable against moisture?
iron_oxide_color_theory	At what wavelength does iron oxide start absorbing visible light?
iron_oxide_color_theory	Why does lepidocrocite look redder than other iron oxides?
irrigation_engineering	how do I calculate the flow rate needed for my irrigation system based on what my crops actually require?
irrigation_engineering	why do I need to clean the sensor probes in my irrigation system so often?
irrigation_engineering	what quality of water should I be using for my irrigation system?
irrigation_engineering	how does the spacing of my emitters affect how often I need to water?
irrigation_engineering	what are some ways to treat water that has high levels of arsenic or chloride before I use it for crops?
isentropic_efficiency_analysis	how do blade profile losses affect the overall isentropic efficiency?
isentropic_efficiency_analysis	why does flow separation reduce the effective area for flow passage in turbines?
isentropic_efficiency_analysis	how is the actual work calculated using enthalpy changes in real fluids?
isentropic_efficiency_analysis	what assumptions simplify the math for isentropic efficiency but cause errors?
isentropic_efficiency_analysis	is there a standard method to calculate isentropic efficiency for every stage of a machine?
isentropic_efficiency_calculation	how do I figure out the isentropic efficiency when I know the pressures at the inlet and outlet of my fluid?
isentropic_efficiency_calculation	why can the efficiency of a compressor or turbine never be greater than 100%?
isentropic_efficiency_calculation	what role do secondary flows and recirculation zones play in lowering pressure recovery?
isentropic_efficiency_calculation	how is isentropic efficiency defined when comparing real work output to ideal isentropic work?
isentropic_efficiency_calculation	do I need to use real gas property tables for enthalpy and entropy when calculating isentropic efficiency?
isotope_ratio_mass_spectrometry	how does a magnetic field affect ions in mass spectrometry?
isotope_ratio_mass_spectrometry	why is tungsten or molybdenum used for the central support wire?
isotope_ratio_mass_spectrometry	what role does the nebulizer play in preparing liquid samples?
isotope_ratio_mass_spectrometry	how can we ensure that the isotope ratio measurement is accurate and not distorted?
isotope_ratio_mass_spectrometry	why do secondary electron multipliers need their collectors to be physically separated?
isotope_tracer_diffusion	What is the Harrison model for diffusion?
isotope_tracer_diffusion	How does secondary ion mass spectrometry help study diffusion?
isotope_tracer_diffusion	What are the assumptions of the Harrison diffusion model?
isotope_tracer_diffusion	How does the enriched isotope get into the sample matrix?
isotope_tracer_diffusion	Can long-term diffusion experiments violate steady-state assumptions?
isotopic_labeling_techniques	how do scientists use enriched substrates to tag specific molecules during metabolic studies?
isotopic_labeling_techniques	why is it important to run multiple replicates when measuring isotopic shifts in mass spectrometry?
isotopic_labeling_techniques	which fragmentation technique is most commonly used to figure out the structure of labeled molecules?
isotopic_labeling_techniques	what does a kinetic isotope effect close to one tell you about a reaction's rate-determining step?
isotopic_labeling_techniques	why are radioactive isotopes usually much more expensive to work with compared to stable ones?
joint_alignment_assessment	how does the position of the tibial tuberosity affect how the patella tracks?
joint_alignment_assessment	what role does the femoral neck axis play in determining knee joint alignment?
joint_alignment_assessment	how does poor joint alignment change the way compressive forces are distributed?
joint_alignment_assessment	which imaging technique is best for checking the shoulder's dynamic stability?
joint_alignment_assessment	how is the mechanical axis used to assess coronal plane alignment of the knee?
kerf_debris_removal_mechanisms	How do I clean up sawdust after using a table saw?
kerf_debris_removal_mechanisms	Is my dust extractor working correctly?
kerf_debris_removal_mechanisms	What settings help keep my blade free of chips while cutting?
kerf_debris_removal_mechanisms	Can robots clean up sawdust automatically while I work?
kerf_debris_removal_mechanisms	How do I keep my blades sharp and efficient?
kiln_atmosphere_control_and_redox_chemistry	how do I make sure the gas spreads evenly throughout the kiln during firing?
kiln_atmosphere_control_and_redox_chemistry	what role do gases play in changing the chemistry of the glaze on the pottery?
kiln_atmosphere_control_and_redox_chemistry	do I need to check the filters and exhaust system before turning on the kiln?
kiln_atmosphere_control_and_redox_chemistry	how can I adjust the kiln settings for different types of clay or materials?
kiln_atmosphere_control_and_redox_chemistry	is the kiln environment best understood by looking at both gas and solid reactions together?
kiln_construction_and_temperature_control	how do ceramic fiber blankets help protect the kiln from extreme heat?
kiln_construction_and_temperature_control	why is it so important to cool the kiln down slowly after firing?
kiln_construction_and_temperature_control	what kind of seal does the gasket make around the kiln door?
kiln_construction_and_temperature_control	how do you pick the right refractory material for high temperatures?
kiln_construction_and_temperature_control	how does ventilation keep combustion gases from getting back into the kiln?
kiln_insulation_system_optimization	how does the thermal mass of kiln walls affect the speed of the heating process?
kiln_insulation_system_optimization	what causes the surface of kiln insulation to crack and fall off?
kiln_insulation_system_optimization	where should I put exhaust vents to minimize heat loss?
kiln_insulation_system_optimization	what load standards do kiln structural supports need to follow?
kiln_insulation_system_optimization	how can I tell if my kiln surface is oxidizing or collecting soot?
kiln_loading_and_firing_schedules	What resistance values should I check to know when my kiln’s heating elements are worn out?
kiln_loading_and_firing_schedules	Why do I need to take out warped or cracked pottery before loading the next batch?
kiln_loading_and_firing_schedules	How does a reduction atmosphere help change ferric iron into ferrous iron while the kiln is firing?
kiln_loading_and_firing_schedules	Why is holding the kiln at 1800 degrees Fahrenheit for 15 minutes important for iron dehydration and oxidation?
kiln_loading_and_firing_schedules	What’s the right way to open the kiln door so the temperature doesn’t shock the interior?
kiln_thermodynamics	How does the insulation in a kiln work to keep heat inside?
kiln_thermodynamics	Why do hot gases move toward the cooler end of the kiln?
kiln_thermodynamics	What role does capillary action play in removing moisture from a kiln?
kiln_thermodynamics	What heat loss methods do kiln thermodynamics need to consider?
kiln_thermodynamics	Why is it important to plan ahead when making adjustments in a kiln?
kilnware_arrangement	what materials work best for building a kiln shelf?
kilnware_arrangement	how do I make sure my kiln shelves stay level during firing?
kilnware_arrangement	why does the size of my kilnware affect the heating speed?
kilnware_arrangement	what can I use to keep my ceramics from shifting in the kiln?
kilnware_arrangement	how does spacing between pieces help the kiln cool down faster?
kinematic_chain_analysis	how does the loop closure equation relate the input and output links of a closed-loop mechanism?
kinematic_chain_analysis	what happens when you apply a translation along the x-axis by the link length in kinematic analysis?
kinematic_chain_analysis	why is the singular configuration considered a point of maximum sensitivity to joint errors?
kinematic_chain_analysis	how does the concept of screw axes help reduce spatial kinematic chains?
kinematic_chain_analysis	what does it mean if the results of a kinematic analysis are positive?
kuratowski_s_theorem	how can i tell if a graph is planar using kuratowski’s theorem?
kuratowski_s_theorem	what two specific graphs make a graph non-planar according to kuratowski?
kuratowski_s_theorem	does adding loops change whether a graph is planar?
kuratowski_s_theorem	why does the algorithm backtrack when a vertex can’t be placed in any face?
kuratowski_s_theorem	is kuratowski’s theorem the only way to check if a graph is planar?
landau_theory_of_phase_transitions	How does the spatial dimension affect the Gaussian fixed point in the Landau-Ginzburg model?
landau_theory_of_phase_transitions	What determines whether the upper critical dimension is four?
landau_theory_of_phase_transitions	Why do domain walls appear when discrete symmetry is broken?
landau_theory_of_phase_transitions	How do critical exponents behave near a tricritical point?
landau_theory_of_phase_transitions	When does the phase transition become discontinuous instead of continuous?
laser_beam_alignment	how long should I let my laser setup sit before I start aligning it?
laser_beam_alignment	can I use interferometry if my laser has a short coherence length?
laser_beam_alignment	is there a good way to check if my lenses are actually screwed in tightly?
laser_beam_alignment	what kind of tool helps me measure tiny angles when the beam bounces back?
laser_beam_alignment	do I need to make sure my alignment tools match my laser's wavelength?
laser_beam_profiling	How does the phase relationship in laser light affect its interaction with optical components?
laser_beam_profiling	What determines the intensity pattern of a laser beam in the far field?
laser_beam_profiling	Can direct detection measure the asymmetries in a laser beam's modes?
laser_beam_profiling	How is the electric field of a basic Gaussian laser beam mathematically described?
laser_beam_profiling	What factors should I consider when choosing a detector for laser beam profiling?
laser_beam_propagation_analysis	how do i calculate the distance where a laser beam starts to spread out significantly from its narrowest point?
laser_beam_propagation_analysis	what happens to a laser beam’s size and direction if I block part of it with an aperture?
laser_beam_propagation_analysis	how can i figure out where the narrowest part of a laser beam is after it passes through a series of lenses?
laser_beam_propagation_analysis	why does a laser beam carrying orbital angular momentum behave differently than a standard Gaussian beam?
laser_beam_propagation_analysis	what equation should i use to model how the strength of a laser beam changes as it travels through empty space?
laser_beam_propagation	What mathematical model describes how a laser beam spreads out when it travels through free space?
laser_beam_propagation	How do adaptive optics systems correct for distortions caused by the atmosphere?
laser_beam_propagation	What does the light intensity look like in the central part of a standard laser beam?
laser_beam_propagation	Why does the magnetic field of a laser have a component pointing along the direction of travel?
laser_beam_propagation	What determines the lowest frequency at which a particular laser mode can travel without fading away?
laser_scanning_profilometry	How do laser scanning profilometers handle ambient light without affecting the measurements?
laser_scanning_profilometry	Why does the wavelength of light matter when scanning reflective surfaces with a laser profiler?
laser_scanning_profilometry	Can you explain how the laser beam is directed to scan across a target surface?
laser_scanning_profilometry	What is the best way to check if a laser scanner is measuring coordinates accurately?
laser_scanning_profilometry	How can I make sure my laser scanner gives consistent results over time?
last_write_wins_conflict_resolution	Why does using a last-write-wins approach mean that semantic conflicts are never detected?
last_write_wins_conflict_resolution	How does switching to a last-write-wins model change the type of consistency a distributed system provides?
last_write_wins_conflict_resolution	What happens to data when a coordinator receives an update with a later timestamp than what is currently stored?
last_write_wins_conflict_resolution	Why do unreliable network connections lead to extra conflict resolution cycles in a last-write-wins system?
last_write_wins_conflict_resolution	How can an application use a write log to support rollback after a last-write-wins conflict resolution?
lattice_based_cryptography	Why does lattice cryptography sometimes use rings or modules instead of just working over GF(2)?
lattice_based_cryptography	How do these mathematical structures help speed up encryption and decryption processes?
lattice_based_cryptography	What exactly is the Short Integer Solution problem and how does it relate to solving SVP?
lattice_based_cryptography	What are the main hurdles developers face when building systems with large polynomial rings?
lattice_based_cryptography	Are there trusted, ready-to-use libraries that handle these complex lattice calculations?
lay_representation	how do I get a letter of authorization from my client so I can act as their lay representative?
lay_representation	what happens if a lay representative breaks confidentiality rules during legal proceedings?
lay_representation	do I need to fill out an application form to become a lay representative?
lay_representation	how should a lay representative behave to stay professional in court?
lay_representation	who reviews a lay representative’s draft to make sure it fits with the legal strategy?
leaf_node_traversal	how long does it take to visit every node in a leaf traversal and why?
leaf_node_traversal	why do you need fine-grained locking when updating individual leaf nodes?
leaf_node_traversal	what order do you visit nodes during an in-order traversal of a balanced tree?
leaf_node_traversal	how does in-order traversal improve cache performance for leaf nodes?
leaf_node_traversal	how does the traversal algorithm return the requested data to the original client?
leather_tanning_and_leatherworking	how does the fulling process work in leather manufacturing?
leather_tanning_and_leatherworking	what is a standard method for testing leather absorption or durability?
leather_tanning_and_leatherworking	are there mandatory safety checks for leatherworking facilities?
leather_tanning_and_leatherworking	which tool is used to make even holes for hand stitching leather?
leather_tanning_and_leatherworking	how can you fix uneven color when dyeing leather?
leather_tanning	What is the role of sodium sulfide in the initial stage of leather processing?
leather_tanning	How does temperature affect the penetration of tanning chemicals into leather?
leather_tanning	Why do basic dyes specifically target carboxyl groups in leather?
leather_tanning	What alkaline substances are commonly used at the start of the tanning process and in what concentrations?
leather_tanning	What legal requirements do leather factories must meet regarding their wastewater emissions?
leather_thickness_and_density_control	how does the initial quality of the hide affect the final thickness and density control of the leather?
leather_thickness_and_density_control	what happens to the collagen matrix during the cross-linking process in terms of volume and shrinkage?
leather_thickness_and_density_control	what is the ideal roller speed range for proper heat transfer and plastic deformation in leather processing?
leather_thickness_and_density_control	how do control systems detect and correct deviations in leather thickness and density during manufacturing?
leather_thickness_and_density_control	how does the choice of finishing technique impact the mechanical strength and flexibility of the final leather product?
legal_burden_of_proof_methodology	how much proof does the prosecution need to get a guilty verdict?
legal_burden_of_proof_methodology	can a jury make a decision based on personal bias instead of logic?
legal_burden_of_proof_methodology	when does the responsibility to prove a case switch from the plaintiff to the defendant in trademark disputes?
legal_burden_of_proof_methodology	what does it mean for a party to have the burden of production in court?
legal_burden_of_proof_methodology	how do lawyers use objections to weaken their opponent's evidence?
lignin_chemistry	How does temperature affect the solubility of lignin in different types of solvents?
lignin_chemistry	What role do methoxy and carboxyl groups play in the π-π stacking interactions of aromatic rings in lignin?
lignin_chemistry	Which type of ether linkage is most common in the polymer structure of lignin?
lignin_chemistry	Why does the diverse structure of lignin make it challenging to break down specific linkages during depolymerization?
lignin_chemistry	How can the functional groups in lignin be used to help build covalent organic frameworks?
lignocellulosic_material_science	how does cellulose crystallinity affect enzyme performance during biomass conversion?
lignocellulosic_material_science	can alkaline pretreatment help separate crystalline cellulose from amorphous regions?
lignocellulosic_material_science	which solvents work best for extracting lignin versus hemicellulose from lignocellulose?
lignocellulosic_material_science	why do solid acid catalysts lose activity during lignin depolymerization?
lignocellulosic_material_science	how do beta-1,4-O-4 bonds influence the breakdown of lignin under acid or oxidation?
linear_programming_optimization	How does adding a logarithmic barrier term help solve linear programming problems?
linear_programming_optimization	Why does the dual objective value act as a bound for the primal problem in maximization?
linear_programming_optimization	Does degeneracy ruin the optimal solution or just slow down the computation?
linear_programming_optimization	What exactly do shadow prices tell us about changing a constraint's right-hand side?
linear_programming_optimization	Why is the ellipsoid method rarely used in practice compared to simplex or interior-point methods?
lineweaver_burk_plots	How does the Lineweaver-Burk plot visually represent uncompetitive inhibition compared to other types?
lineweaver_burk_plots	What happens to the calculated Km value if there are outlier data points at low substrate concentrations?
lineweaver_burk_plots	Why is the x-intercept of a Lineweaver-Burk plot considered to be equal to negative one over Km?
lineweaver_burk_plots	What makes the Lineweaver-Burk method especially vulnerable to experimental errors?
lineweaver_burk_plots	How is the Lineweaver-Burk plot derived from the standard Michaelis-Menten equation?
linux_kernel_internals	how do linux namespaces isolate processes from each other?
linux_kernel_internals	why does the dentry cache help with directory traversal performance?
linux_kernel_internals	where is the dentry cache located in memory?
linux_kernel_internals	what are eBPF programs used to monitor in the kernel?
linux_kernel_internals	when should you use spinlocks instead of other locking mechanisms?
lipid_barrier_permeation_kinetics	how much energy is needed to make a hole in a lipid membrane for a polar molecule to pass through?
lipid_barrier_permeation_kinetics	why does a mismatch between the thickness of a lipid bilayer and the size of a permeating molecule affect how easily it crosses the membrane?
lipid_barrier_permeation_kinetics	what role do counterions play in reducing the effective charge of molecules trying to cross the membrane?
lipid_barrier_permeation_kinetics	does the flip-flop rate of lipids impact the overall structural heterogeneity of the membrane over long periods?
lipid_barrier_permeation_kinetics	how does curvature stress in the membrane relate to the activation energy required for pore formation?
liquid_liquid_chromatography	How do polar functional groups on analytes interact with the stationary phase in liquid-liquid chromatography?
liquid_liquid_chromatography	What effect does increasing the selectivity factor have on peak resolution for polar or ionic analytes?
liquid_liquid_chromatography	Why is it important to filter samples with 0.2-micron syringe filters before running liquid-liquid chromatography?
liquid_liquid_chromatography	How can I ensure that retention factors stay constant when scaling up a liquid-liquid chromatography method?
liquid_liquid_chromatography	Which type of liquid-liquid chromatography is best suited for separating sugars and nucleotides based on their affinity for a polar stationary phase?
load_rating_and_bearing_capacity_analysis	how do I select the right materials for bearings used in high-speed machinery to avoid overheating and surface damage?
load_rating_and_bearing_capacity_analysis	what are the standard size ratios for rolling elements compared to raceway dimensions to prevent stress concentrations?
load_rating_and_bearing_capacity_analysis	how can I calculate the impact of shaft misalignment on a multi-bearing setup?
load_rating_and_bearing_capacity_analysis	why is elastic deformation important when determining the actual contact stress in bearing capacity analysis?
load_rating_and_bearing_capacity_analysis	how do I define the geometry and material specs for each bearing in a complex multi-bearing arrangement?
logarithmic_complexity_analysis	How is logarithmic time complexity formally expressed in terms of input size n?
logarithmic_complexity_analysis	Why do memory access patterns need to follow hierarchical traversal to reduce cache misses?
logarithmic_complexity_analysis	Does big-O notation take into account constant factors when describing how algorithms scale?
logarithmic_complexity_analysis	How do network routing protocols use logarithmic complexity to minimize hops in distributed systems?
logarithmic_complexity_analysis	How is the dominant term determined when analyzing the overall asymptotic behavior of a combined complexity expression?
logistics_and_supply_chain_management	How do modern supply chains integrate all stages from sourcing to final delivery?
logistics_and_supply_chain_management	What role do RFID and QR codes play in preventing shipping mistakes?
logistics_and_supply_chain_management	Why might companies choose rail transport over trucks for sustainability goals?
logistics_and_supply_chain_management	Can you explain what lean logistics means and how it cuts waste?
logistics_and_supply_chain_management	How does automation in warehouses help reduce errors and boost efficiency?
low_cycle_fatigue_analysis_and_crack_propagation_modeling	how does humidity affect the rate of fatigue crack growth?
low_cycle_fatigue_analysis_and_crack_propagation_modeling	what technique links 3D experimental displacement data with finite element models for crack tracking?
low_cycle_fatigue_analysis_and_crack_propagation_modeling	why is the Paris law considered insufficient for mean stress situations?
low_cycle_fatigue_analysis_and_crack_propagation_modeling	why do engineers need to remesh during crack propagation simulations?
low_cycle_fatigue_analysis_and_crack_propagation_modeling	which standard covers fatigue testing for metals under complex loading states?
low_latency_network_interface_engineering	how does hardware timestamping work to reduce latency in network interfaces?
low_latency_network_interface_engineering	why disable interrupt coalescing when using polling mechanisms for packet processing?
low_latency_network_interface_engineering	what role do contiguous physical memory mappings play in DMA descriptor performance?
low_latency_network_interface_engineering	how does cache line alignment help prevent cache pollution in network queues?
low_latency_network_interface_engineering	can NIC firmware handle packet classification and steering instead of the CPU?
lumber_drying_and_moisture_control	how do I prevent hot spots in my kiln during the drying process?
lumber_drying_and_moisture_control	what happens if I take lumber out of the kiln too early?
lumber_drying_and_moisture_control	does the grain pattern affect how fast wood dries?
lumber_drying_and_moisture_control	how does heat actually move through the wood itself?
lumber_drying_and_moisture_control	why does high air temperature make drying worse?
lumber_milling_and_sawmill_operations	How do laser scanners help map out the details of every tree trunk before processing?
lumber_milling_and_sawmill_operations	What happens instantly when the emergency stop button is pushed at a sawmill?
lumber_milling_and_sawmill_operations	Which part of the machine is responsible for ripping the bark off the logs?
lumber_milling_and_sawmill_operations	Why do slab saws need such strong foundations and lots of electricity?
lumber_milling_and_sawmill_operations	How do workers learn from past accidents to prevent safety issues in the future?
machine_isolation_and_vibration_damping_systems	how do active vibration control systems track structural movement in real time?
machine_isolation_and_vibration_damping_systems	what happens to material behavior at low frequencies in terms of damping?
machine_isolation_and_vibration_damping_systems	how do I calculate the total static load for a machine with all its attachments?
machine_isolation_and_vibration_damping_systems	where does the damping ratio value come from in cyclic loading tests?
machine_isolation_and_vibration_damping_systems	what factors should guide when setting maintenance schedules for vibration dampers?
machine_tool_error_compensation	how does a machine tool system combine data from different sources to correct errors in real time?
machine_tool_error_compensation	what kind of error compensation method works best when the machine needs to move on many axes at once?
machine_tool_error_compensation	where is the error compensation module usually placed in the control architecture of a machine tool?
machine_tool_error_compensation	why might polynomial models be better than look-up tables when dealing with errors outside the original data range?
machine_tool_error_compensation	which specific mechanical errors does this compensation method account for, such as axis alignment issues?
macropore_network_analysis	how do researchers choose between using Navier-Stokes equations and Darcy-type flow laws when modeling pore networks?
macropore_network_analysis	what challenges arise when converting 2D serial sections into 3D pore networks using focused ion beam scanning electron microscopy?
macropore_network_analysis	can you explain how skeletonization or graph conversion might incorrectly alter the connectivity and tortuosity of a pore network?
macropore_network_analysis	why are polarizable force fields and explicit solvent models necessary in molecular dynamics simulations of fluid structure near charged surfaces?
macropore_network_analysis	how does the level of mesh refinement and the stability of numerical schemes affect the balance between accuracy and computational cost in transport equation simulations?
magnetic_field_gradient_analysis	how do we map magnetic field gradients using spin-echo sequences?
magnetic_field_gradient_analysis	why does the Laplacian of the magnetic field magnitude equal zero in current-free areas?
magnetic_field_gradient_analysis	how do non-linearities in the gradient affect spatial resolution?
magnetic_field_gradient_analysis	what limits the maximum gradient strength of the coils?
magnetic_field_gradient_analysis	how are error signals used to adjust the current in real time?
magnetic_field_mapping	how do shielded rooms block outside magnetic fields using materials like mu-metal and superconductors?
magnetic_field_mapping	what limits whether a sensor can track changing magnetic fields or only steady ones?
magnetic_field_mapping	how does a superconducting loop with Josephson junctions work as a magnetic field sensor?
magnetic_field_mapping	how can raw sensor data be cleaned up to get a better signal before mapping?
magnetic_field_mapping	how can polynomial fitting or piecewise linear methods help reduce errors in magnetic field mapping?
magnetometer_data_processing	how do I convert magnetometer readings from sensor coordinates to earth-fixed coordinates?
magnetometer_data_processing	what is the meaning of dynamic range in magnetometer specifications?
magnetometer_data_processing	why does a low-pass filter help keep slow magnetic field changes?
magnetometer_data_processing	how many positions does a magnetometer calibration routine typically need to cover?
magnetometer_data_processing	how is the total magnetic field strength calculated from individual sensor components?
magnetometry_and_field_quantification	how do gradient coils create a magnetic field that changes across space?
magnetometry_and_field_quantification	why do changes in magnetic flux affect the critical current of a sensor?
magnetometry_and_field_quantification	what causes the rotation of light polarization in a magnetic field?
magnetometry_and_field_quantification	how does phase accumulation relate to the strength of a local magnetic field?
magnetometry_and_field_quantification	why is temperature control important for accurate magnetic field measurements?
magnetorheological_actuator_design	How does adding more iron particles to the fluid affect its resistance to flow?
magnetorheological_actuator_design	What steps should I take to prevent overheating when designing the cooling system?
magnetorheological_actuator_design	Why does the material of the housing matter for heat removal during fast movements?
magnetorheological_actuator_design	How can I use the fluid's behavior equations to fix delay in the actuator's response?
magnetorheological_actuator_design	What is adaptive stiffness and how does it help with changing loads?
magnetorheological_fluid_dynamics	how do magnetic fields change the stiffness of magnetorheological fluids?
magnetorheological_fluid_dynamics	what types of mixing equipment are used to disperse particles in these fluids?
magnetorheological_fluid_dynamics	why do magnetic dipoles align parallel to the applied field vector?
magnetorheological_fluid_dynamics	what kind of coil is typically used to generate the magnetic field in these systems?
magnetorheological_fluid_dynamics	how are the particle surfaces protected from heat and magnetic stress?
magnetotelluric_sounding	how does the tipper help in removing static shift from magnetotelluric data?
magnetotelluric_sounding	what is the formula used to calculate the impedance tensor from electric and magnetic field measurements?
magnetotelluric_sounding	why are cultural noise sources such a problem for high-frequency magnetotelluric data?
magnetotelluric_sounding	how does the diffusion equation explain the behavior of electromagnetic fields in conductive media?
magnetotelluric_sounding	what are the basic assumptions made in magnetotelluric forward modeling?
magnetotellurics	how do we get the impedance tensor from electric and magnetic field measurements?
magnetotellurics	why is correcting for galvanic distortion important for finding conductivity anomalies?
magnetotellurics	what role do maxwell's equations play in how these fields move through the earth?
magnetotellurics	why do geophysicists prefer the simplest model when interpreting magnetotellurics data?
magnetotellurics	how do we decide if a model fits the data well enough given measurement errors?
maintenance_and_reliability_engineering	How do I use FMEA to spot potential failure points in a mechanical or electrical system?
maintenance_and_reliability_engineering	What role do oil debris analysis algorithms play in correlating particle size with internal component wear?
maintenance_and_reliability_engineering	Why are lockout/tagout procedures necessary before starting any maintenance work?
maintenance_and_reliability_engineering	How can reliability-centered maintenance programs integrate FMEA data into computerized maintenance management systems?
maintenance_and_reliability_engineering	What is the purpose of training machine learning models to differentiate leak signatures from mechanical interference?
manipulator_design	How do motion planning algorithms figure out the best path for a manipulator arm to move from one point to another?
manipulator_design	Why are hydraulic cylinders preferred for heavy-duty robotic tasks even though they’re not very efficient?
manipulator_design	What’s the main challenge in designing joint interfaces for precision robotic manipulators?
manipulator_design	Can robot vision systems help predict and avoid collisions with unpredictable objects?
manipulator_design	How can engineers use error logs to improve the reliability of robotic manipulators?
manorial_court_proceedings	How were fines collected in the manorial court if someone couldn't pay money?
manorial_court_proceedings	Where did the manorial court hold meetings when the main hall was full?
manorial_court_proceedings	How did the court decide if a witness was telling the truth?
manorial_court_proceedings	Why did the manorial court focus more on local customs than written laws?
manorial_court_proceedings	Can a manorial court decision be appealed or changed later?
manorial_justice	How did the king’s peace and the lord’s peace differ in terms of who they covered?
manorial_justice	Who made up the jury in manorial courts and what was their role?
manorial_justice	What kinds of disputes were typically heard in a manorial court?
manorial_justice	How did the manorial court decide whether a new practice became a valid custom?
manorial_justice	Why do manorial court records often include exact fine amounts for different offenses?
map_projection_geometry	how do map projections change the look of latitude and longitude lines?
map_projection_geometry	why do maps always distort shapes when flattening the earth?
map_projection_geometry	what factors should I consider when picking a map projection?
map_projection_geometry	how do computers calculate inverse map projections?
map_projection_geometry	which map projections are best for GPS and navigation?
martensite_variant_selection	how do researchers use electron backscatter diffraction to map the different martensite variants within a material?
martensite_variant_selection	what role does the crystallographic texture of austenite play in determining which martensite variants are formed?
martensite_variant_selection	why is the austenite to martensite transformation considered a diffusionless displacive phase transition?
martensite_variant_selection	how do temperature gradients influence which martensite variants nucleate and grow during the transformation process?
martensite_variant_selection	how does the balance between elastic strain energy and chemical driving force affect the mechanical properties like yield strength and damping capacity of the alloy?
martensitic_steel_heat_treatment	How does adding more carbon affect the temperature at which martensite begins to form in steel?
martensitic_steel_heat_treatment	What happens to the crystal structure when austenite transforms into martensite during heat treatment?
martensitic_steel_heat_treatment	Why do cracks sometimes appear in steel pieces after they are quenched too quickly?
martensitic_steel_heat_treatment	How does holding steel at high temperatures for a long time change its internal grain structure?
martensitic_steel_heat_treatment	What kind of crystal lattice does austenitic martensite develop after the rapid cooling process?
martensitic_transformation_control	how do existing dislocation patterns influence where martensite begins to form during the forward transformation?
martensitic_transformation_control	what determines the minimum size a martensite embryo must reach to successfully grow despite interfacial energy resistance?
martensitic_transformation_control	why do areas with less dissolved solute tend to favor the onset of martensite formation?
martensitic_transformation_control	can neutron diffraction be used to map internal stresses and track how fast specific martensite variants develop?
martensitic_transformation_control	how does the final crystallographic texture of the material differ from a stress-free sample in terms of active variants per grain?
martensitic_transformation	How does internal stress influence the chemical potential in driving martensitic transformations?
martensitic_transformation	Why are habit planes usually rational in both the parent and product crystal structures?
martensitic_transformation	What effect do elements like nickel and chromium have on the driving force for martensitic transformation?
martensitic_transformation	Where does martensite nucleation typically occur within the crystal structure?
martensitic_transformation	How does a high dislocation density in the parent phase affect the resulting martensite morphology?
martensitic_transformation_thermodynamics	How does the chemical driving force influence the thermodynamics of martensitic transformation?
martensitic_transformation_thermodynamics	What role does interfacial energy play in the growth of martensitic plates?
martensitic_transformation_thermodynamics	Why is the temperature dependence of ΔG considered linear near the transformation temperature?
martensitic_transformation_thermodynamics	How can the Clausius-Clapeyron relation be used to quantify driving force under mechanical stress?
martensitic_transformation_thermodynamics	What determines the overall kinetics of martensitic transformation?
masonry_and_stone_cutting	how do diamond wire saws actually cut through solid stone?
masonry_and_stone_cutting	why is stone and lime mortar better at handling compression than tension?
masonry_and_stone_cutting	what should I do to my stone surface before I start cutting it?
masonry_and_stone_cutting	how do closed-loop cooling systems help prevent the stone and tools from warping?
masonry_and_stone_cutting	how often should I check and replace the blades on my stone cutting equipment?
masonry_composite_action_theory	how do masonry blocks behave under compression if they have no tensile strength?
masonry_composite_action_theory	why does low ductility cause masonry structures to collapse suddenly?
masonry_composite_action_theory	what ties are needed to make the masonry shell and infill core work together?
masonry_composite_action_theory	when does this composite action theory stop being useful for design?
masonry_composite_action_theory	how do you check if the cracks in masonry blocks are too wide during normal use?
masonry_joint_design	how much can the mortar joint width vary from what is specified?
masonry_joint_design	why does the mortar need to be weaker than the bricks it holds together?
masonry_joint_design	what makes the mortar last longer when it absorbs less water?
masonry_joint_design	how much concrete should cover the reinforcement bars in masonry?
masonry_joint_design	why does the mortar’s expansion rate need to match the blocks it bonds?
masonry_joint_detailing	how thick should the mortar be for non-load-bearing masonry joints?
masonry_joint_detailing	why do weep holes need to be at least 3/8 inches in diameter?
masonry_joint_detailing	what material should I use if I'm worried about long-term sealing issues with gaskets?
masonry_joint_detailing	how do I make sure moisture can escape from expansion joints?
masonry_joint_detailing	is there a standard limit for how much water the masonry materials can absorb?
masonry_joint_troweling	how wide should the gap be between bricks for a good mortar joint?
masonry_joint_troweling	what tool do you use to spread mortar evenly on brick walls?
masonry_joint_troweling	why is it important to use a flat trowel when laying standard bricks?
masonry_joint_troweling	can adding fibers to mortar make it stronger against cracks?
masonry_joint_troweling	how should I store cement to keep it from getting clumpy?
masonry_structural_analysis	How does the effective depth of a masonry section influence its nominal shear strength?
masonry_structural_analysis	Why are unreinforced masonry walls less flexible compared to reinforced concrete walls?
masonry_structural_analysis	What role do differing thermal expansion coefficients play in causing movement between masonry and steel components?
masonry_structural_analysis	What loading rate is generally used in testing to simulate quasi-static conditions and avoid dynamic impacts?
masonry_structural_analysis	How do the height and width of a wall affect the bending moments generated by lateral loads?
masonry_unit_compressive_strength_testing	how does applying external pressure around a sample change the results of a compression test?
masonry_unit_compressive_strength_testing	why does the speed at which I press down on the brick matter for the final reading?
masonry_unit_compressive_strength_testing	what does it mean when the material breaks evenly instead of splitting or chipping?
masonry_unit_compressive_strength_testing	how do I make sure I’m measuring the sample’s length correctly for the test?
masonry_unit_compressive_strength_testing	if my block isn’t perfectly square, will that throw off the cross-section calculation?
masonry_wall_bonding_techniques	how do you align the horizontal joints in a running bond pattern?
masonry_wall_bonding_techniques	what is the process for creating tooled joints in masonry work?
masonry_wall_bonding_techniques	why are reinforced masonry units better than traditional brick or block for tensile resistance?
masonry_wall_bonding_techniques	how can I make sure the string lines for a masonry wall are perfectly horizontal?
masonry_wall_bonding_techniques	what drainage solutions should I use under a foundation if the soil conditions are poor?
mass_flow_rate_stoichiometry_in_fire	how does the lewis number affect the balance between heat and mass diffusion in a fuel-air mix?
mass_flow_rate_stoichiometry_in_fire	what role do vortex structures play in keeping a flame burning steadily when things get turbulent?
mass_flow_rate_stoichiometry_in_fire	what does a stoichiometric equivalence ratio actually mean in terms of fuel and air amounts?
mass_flow_rate_stoichiometry_in_fire	how does lowering the activation energy change how sensitive a reaction is to temperature changes?
mass_flow_rate_stoichiometry_in_fire	how can I check if my controller is working properly using a gas analyzer and a known mixture?
mass_spectrometry	what does mass accuracy mean in the context of measuring ion mass-to-charge ratios?
mass_spectrometry	how does electrospray ionization work under normal pressure conditions?
mass_spectrometry	why do FT-ICR instruments use magnetic fields to determine ion masses?
mass_spectrometry	what are the trade-offs when choosing how to extract compounds from a sample?
mass_spectrometry	what are the pros and cons of using multiple reaction monitoring for targeted analysis?
mass_transfer_and_interfacial_phenomena	how does diffusion drive the movement of molecules within a single phase?
mass_transfer_and_interfacial_phenomena	what happens to the concentration profile over time when two phases are in contact?
mass_transfer_and_interfacial_phenomena	can you explain how Marangoni convection boosts mass transfer rates?
mass_transfer_and_interfacial_phenomena	how do I choose the right equipment setup for my specific phase properties and interfacial needs?
mass_transfer_and_interfacial_phenomena	why does interfacial resistance negatively impact the overall efficiency of a separation process?
material_handling_systems	How do robotic arms coordinate their movements with conveyor belts and storage areas in a material handling system?
material_handling_systems	What maintenance is needed for the drive components and tensioning systems to keep material handling reliable?
material_handling_systems	How does a central computer use sensor data to plan paths for automated equipment?
material_handling_systems	Can cloud platforms help optimize supply chains by gathering data from multiple facilities?
material_handling_systems	How does geofencing software keep automated equipment away from pedestrian zones?
material_hardness_testing	how fast should i apply the load during a brinell test to avoid heating the material?
material_hardness_testing	is there a simple way to estimate the tensile strength of stainless steel from its brinell number?
material_hardness_testing	which hardness test should i use for something very thin or prone to breaking?
material_hardness_testing	does the hardness value depend on how much weight i apply and how big the indentation is?
material_hardness_testing	how can i make sure my hardness measurements are reliable and consistent?
materials_defect_analysis	How do I use quantum mechanics to figure out the energy needed to create a flaw in a material?
materials_defect_analysis	Why might my spectrum show extra peaks that aren't actually impurities in the sample?
materials_defect_analysis	What kind of microscope should I use to see the texture and grain structure on the surface of a component?
materials_defect_analysis	In what way does radiation damage change how strong a material is over time?
materials_defect_analysis	How can I predict when a part will fail using data from real-world testing where some items are still running?
materials_phase_diagram_analysis	How can X-ray diffraction help refine thermodynamic models in phase diagram analysis?
materials_phase_diagram_analysis	What happens when rapid solidification stops atoms from diffusing over long distances?
materials_phase_diagram_analysis	How do temperature and composition affect how fast phases grow during material formation?
materials_phase_diagram_analysis	Why is it important to weigh experimental data differently when optimizing parameters for phase diagrams?
materials_phase_diagram_analysis	How is the electronic free energy calculated using the density of states and Fermi-Dirac distribution?
materials_science	how does the energy at the interface between precipitates and the surrounding material affect the formation of new particles?
materials_science	what causes materials to become harder when exposed to radiation?
materials_science	how can we determine the energy levels involved in electron jumps between bands in a material?
materials_science	what types of 3d printing methods are used for metals?
materials_science	how do researchers verify that their computer models match real-world observations?
materials_science_for_bow_limbs	how do air pockets inside bow limbs affect their durability during use?
materials_science_for_bow_limbs	which materials are best suited for making high-performance compound bow limbs?
materials_science_for_bow_limbs	why do temperature changes cause problems for the glue inside a bow limb?
materials_science_for_bow_limbs	how does the design of a bow limb handle force when it is drawn back?
materials_science_for_bow_limbs	what kind of test is needed to understand how a bow limb material deforms under load?
materials_selection_for_chemical_processing	how do chloride ions affect the passive oxide film and lead to pitting corrosion?
materials_selection_for_chemical_processing	what factors determine how well a material keeps its strength at high temperatures?
materials_selection_for_chemical_processing	how does an oxidizing environment impact material thickness and shape over time?
materials_selection_for_chemical_processing	why is the upfront cost of a material not the most important factor in chemical processing?
materials_selection_for_chemical_processing	how does surface preparation before applying a coating help prevent corrosion?
materials_thermodynamics	How do lattice parameters influence the strain needed for crystallographic orientation between phases?
materials_thermodynamics	What theory describes how the volume fraction of transformed material changes over time in solid-state transformations?
materials_thermodynamics	How can I use a Gibbs energy versus composition diagram to find the equilibrium compositions of coexisting phases?
materials_thermodynamics	Why does a larger difference in specific heat capacity between phases lead to a more curved phase boundary?
materials_thermodynamics	Which thermodynamic rule applies to systems at equilibrium while ignoring kinetic limitations?
mean_field_theory_and_ginzburg_landau_functional	What conditions make mean field theory a reliable approximation for a system?
mean_field_theory_and_ginzburg_landau_functional	How do I derive the spatial behavior of the order parameter from the Ginzburg-Landau functional?
mean_field_theory_and_ginzburg_landau_functional	Why is the Hubbard-Stratonovich transformation used when converting a microscopic Hamiltonian to an effective field theory?
mean_field_theory_and_ginzburg_landau_functional	What causes the vector potential squared term in the covariant derivative expansion?
mean_field_theory_and_ginzburg_landau_functional	How does the boundary of a finite system influence the formation of vortex traps?
mechanical_engineering_and_impact_force_analysis	how do I ensure my mesh is dense enough for accurate impact force analysis?
mechanical_engineering_and_impact_force_analysis	what experimental tools can measure the surface velocity during an impact event?
mechanical_engineering_and_impact_force_analysis	why is conservation of linear momentum important when analyzing impact systems?
mechanical_engineering_and_impact_force_analysis	which numerical methods are best for solving the time history of impact forces?
mechanical_engineering_and_impact_force_analysis	how should I clamp a test specimen to prevent movement during an impact test?
mechanical_sealing_and_leakage_prevention	how do I choose a seal material that won't degrade when exposed to harsh chemicals?
mechanical_sealing_and_leakage_prevention	why use tapered lip designs in mechanical seals for high-speed applications?
mechanical_sealing_and_leakage_prevention	can cavitation damage seal surfaces and what are the signs of erosion?
mechanical_sealing_and_leakage_prevention	what should I look for when inspecting seal faces for wear or scoring?
mechanical_sealing_and_leakage_prevention	is it worth the extra cost to invest in advanced sealing technologies over traditional ones?
mechanical_transmission_systems	Which clutch type is most frequently found in mechanical transmissions?
mechanical_transmission_systems	How do belt drives manage power transfer between parallel shafts?
mechanical_transmission_systems	What role does the carrier play in distributing torque between wheels?
mechanical_transmission_systems	How are internal components protected from corrosion over a long service life?
mechanical_transmission_systems	What steps are typically involved in rebuilding a mechanical transmission?
mechanical_vibration_analysis	how do mass matrices reflect the inertial behavior of a vibrating system?
mechanical_vibration_analysis	can you explain how the total response of a structure is built from individual mode responses?
mechanical_vibration_analysis	what type of sensor should I use for measuring vibration amplitudes and frequencies?
mechanical_vibration_analysis	are there specific frequency signatures associated with different bearing defects?
mechanical_vibration_analysis	how much can inaccurate boundary conditions affect the results of a vibration analysis?
mechanism_synthesis	How do chemists determine the most complex features of a target molecule during synthesis planning?
mechanism_synthesis	What factors should I consider when deciding between different disconnection strategies?
mechanism_synthesis	Why do protection and deprotection steps matter in terms of reaction efficiency?
mechanism_synthesis	How can liquid chromatography coupled with mass spectrometry help identify products in complex mixtures?
mechanism_synthesis	What role do catalysts and specific reaction conditions play in mechanistic synthesis?
medicinal_chemistry_of_alkaloids	How do simple amino acids turn into diverse alkaloids through biosynthesis?
medicinal_chemistry_of_alkaloids	What role do enzymes play in separating alkaloid enantiomers?
medicinal_chemistry_of_alkaloids	Why are benzylic amines in alkaloids vulnerable to P450 metabolism?
medicinal_chemistry_of_alkaloids	How does the pKa of an alkaloid affect its charge at body pH?
medicinal_chemistry_of_alkaloids	Why does pH influence how well kidneys filter out alkaloids?
medieval_property_law	How did the Great Chancery keep track of feudal landholdings?
medieval_property_law	What role did the Curia Regis play in recording tenures?
medieval_property_law	Why did common law and customary law create different types of property rights?
medieval_property_law	What was the difference between freehold and copyhold tenure?
medieval_property_law	How did tenants pay rent to their lords in kind?
membrane_mechanics	how do proteins change the stiffness of cell membranes?
membrane_mechanics	does membrane curvature affect its bending resistance?
membrane_mechanics	what is the Helfrich equation for membrane energy?
membrane_mechanics	how do cytoskeletal structures deform membranes?
membrane_mechanics	what tension level causes vesicles to burst?
memory_management_and_paging	How does the MMU handle virtual addresses coming from the processor?
memory_management_and_paging	What does the Optimal paging replacement algorithm prioritize when choosing a page to remove?
memory_management_and_paging	How is the index value utilized to find the right spot in the page table?
memory_management_and_paging	Why does this method help reduce external fragmentation by allowing free blocks to combine?
memory_management_and_paging	How does the system allow multiple processes to share memory safely without leaking data?
memory_safety_analysis	How does a garbage collector determine which heap memory can be reclaimed?
memory_safety_analysis	Can abstract interpretation really guarantee finding all potential errors in a program?
memory_safety_analysis	What stops the borrow checker from rejecting code that uses dangling pointers?
memory_safety_analysis	How does CBMC turn memory operations into bit-vector logic to check for violations?
memory_safety_analysis	Why do unsafe languages permit pointer arithmetic and type punning for high-performance systems programming?
mercantile_logistics_and_caravan_management	How do merchant groups protect their cargo from bandits while on the move?
mercantile_logistics_and_caravan_management	What methods are used to keep the weight balanced properly on pack animals?
mercantile_logistics_and_caravan_management	How do caravans prevent illness by keeping their water supply clean?
mercantile_logistics_and_caravan_management	Do trade organizations work together to get better prices from transport companies?
mercantile_logistics_and_caravan_management	Why do traders choose certain paths over others when planning their journeys?
mercantile_trade_routes_and_double_entry_bookkeeping	how did double entry bookkeeping help merchants manage their finances better?
mercantile_trade_routes_and_double_entry_bookkeeping	why did using written instruments for debt settlement become more popular than carrying coins?
mercantile_trade_routes_and_double_entry_bookkeeping	what role did the ledger play in keeping track of a merchant's financial health?
mercantile_trade_routes_and_double_entry_bookkeeping	how did improved financial transparency impact long-distance business ventures?
mercantile_trade_routes_and_double_entry_bookkeeping	in what ways did double entry bookkeeping help merchants make smarter investment choices?
merkle_tree_cryptography	What is a Merkle root and how does it commit to all transactions in a block?
merkle_tree_cryptography	How do distributed nodes share Merkle proofs to maintain network infrastructure?
merkle_tree_cryptography	What steps are involved in calculating the root hash by combining sibling hashes?
merkle_tree_cryptography	Why does the Merkle tree structure make it hard to forge data or create collision attacks?
merkle_tree_cryptography	How do node hashes and Merkle proofs help verify that data has not been tampered with?
mesh_based_modeling	how do you ensure every edge is shared by exactly two faces in a mesh?
mesh_based_modeling	what is the purpose of early rejection of non-intersecting regions in mesh modeling?
mesh_based_modeling	why do you need special preconditioners like block triangular or Schur complement for solving discretization matrices?
mesh_based_modeling	how can octrees or quadtrees be used for adaptive mesh refinement?
mesh_based_modeling	what role do Delaunay refinement algorithms play in improving mesh quality?
mesh_network_routing_protocols	Why does RPL avoid route aggregation and stick to individual destination prefixes?
mesh_network_routing_protocols	How does a mesh node know it has successfully paired with a neighbor by checking for its own IP in the Hello message?
mesh_network_routing_protocols	Can power control help reduce hidden terminal problems in a mesh network?
mesh_network_routing_protocols	Are pre-shared keys a common way to handle authentication and encryption in mesh setups?
mesh_network_routing_protocols	Does using a hierarchical structure in a mesh network help stop failures from spreading across all nodes?
metabolic_flux_analysis	how do isotopomer balancing equations differ from standard mass balancing equations in tracking metabolic pathways?
metabolic_flux_analysis	what role does the stoichiometric matrix play in defining constraints for a metabolic network?
metabolic_flux_analysis	why is it useful to calculate labeling patterns for individual EMUs instead of whole molecules?
metabolic_flux_analysis	how does the second optimization problem relate to the target reaction flux in metabolic modeling?
metabolic_flux_analysis	what changes to the mathematical model are needed when the steady-state assumption is relaxed?
metabolic_network_reconstruction	how do I use transcriptomic data to constrain a metabolic model based on gene expression levels?
metabolic_network_reconstruction	what objective function is typically used when assuming metabolic flux optimization in these models?
metabolic_network_reconstruction	why is it important to use prior knowledge databases when restricting candidate reactions in network reconstruction?
metabolic_network_reconstruction	how can I validate the intracellular metabolic state by comparing experimental metabolite concentrations to model predictions?
metabolic_network_reconstruction	what parallelization strategies help distribute the computational load when processing different genomic regions or reaction modules?
metabolomics	how does PCA help reduce the complexity of large metabolite datasets by focusing on variance?
metabolomics	why is hydrophilic interaction liquid chromatography considered better for polar metabolites compared to other methods?
metabolomics	what are the main issues with collision-induced dissociation when analyzing molecules with unstable modifications?
metabolomics	how do changes in transamination reactions affect the balance of amino acids and alpha-ketoglutarate in the body?
metabolomics	what role does the malate-aspartate shuttle play in responding to high levels of NADH in cells?
metal_solute_depletion_modeling	how do temperature differences affect solute movement during solidification?
metal_solute_depletion_modeling	what methods help reduce errors in simulating concentration changes?
metal_solute_depletion_modeling	how does the shape of the solidifying surface influence solute behavior?
metal_solute_depletion_modeling	can we track crystal structure changes caused by solute redistribution?
metal_solute_depletion_modeling	why do concentration gradients lead to solute rejection at the interface?
metallographic_microstructure_analysis	how do the Kurdjumov-Sachs and Nishiyama-Wassermann relationships explain crystal alignment during martensitic transformations?
metallographic_microstructure_analysis	what is the proper procedure for applying Piklovsky’s reagent in metallography?
metallographic_microstructure_analysis	why is ion milling considered superior for preparing samples that require high-resolution electron microscopy of nanoscale features?
metallographic_microstructure_analysis	what are the typical field of view dimensions when using optical metallography?
metallographic_microstructure_analysis	how can certified reference materials help improve accuracy and reproducibility in analytical metallographic measurements?
metallography_and_edge_geometry	how do i orient my metal sample so it captures the real stress direction for metallography analysis?
metallography_and_edge_geometry	what's the right way to polish and etch a metal cross section so I don't mess up the original structure?
metallography_and_edge_geometry	what happens if I over etch my metal sample during preparation and why does it matter?
metallography_and_edge_geometry	how can i prevent smearing from happening when I grind my metal specimen for microscopy?
metallography_and_edge_geometry	why is it important to use consistent polishing materials when preparing multiple metal samples?
metallography_and_microstructural_analysis	How does quenching affect phase transformations in metals?
metallography_and_microstructural_analysis	What is the correct way to calibrate image analysis software for microstructural studies?
metallography_and_microstructural_analysis	Can you recommend a quick etching method for aluminum alloys?
metallography_and_microstructural_analysis	What are the best techniques for high-resolution imaging of metal surfaces?
metallography_and_microstructural_analysis	Are there standard methods for measuring grain size in metals?
metallography_and_microstructure_characterization	how does the choice of abrasive particles and applied pressure influence the quality of the prepared metallography sample?
metallography_and_microstructure_characterization	what are the typical resolution limits of optical microscopy when examining microstructures?
metallography_and_microstructure_characterization	how do thermodynamic principles govern heat treatment transformations at elevated temperatures?
metallography_and_microstructure_characterization	in what way can the distribution of grain boundaries help predict a material's fatigue resistance?
metallography_and_microstructure_characterization	how can examining neighboring areas show the progression of material degradation?
metallography	how do you measure grain sizes using automated methods?
metallography	what role does scanning electron microscopy play in analyzing material properties?
metallography	why is it important to dry metal samples in a dust-free environment?
metallography	how do heat treatment processes influence the stability of crystal structures?
metallography	what is the Jominy hardness test and how does it relate to steel hardenability?
metallurgical_heat_treatment	how do I make sure the gas flows evenly over my workpiece during heat treatment?
metallurgical_heat_treatment	why does my metal get softer when I increase the tempering temperature?
metallurgical_heat_treatment	what should I look for when choosing a quenching fluid to prevent cracks?
metallurgical_heat_treatment	how can I tell if the surface quality of my heat treated part is good?
metallurgical_heat_treatment	can I use automated systems to keep my heat treatment process running smoothly?
metallurgy_and_alloy_smelting	how does chromium affect the stability of austenitic steel phases?
metallurgy_and_alloy_smelting	what role do coarse grains play in improving creep resistance?
metallurgy_and_alloy_smelting	how is metallic iron produced from iron oxide using hydrogen?
metallurgy_and_alloy_smelting	why is precise temperature control necessary during metal casting?
metallurgy_and_alloy_smelting	how do rapid cooling rates impact residual stress formation in metals?
metallurgy_and_materials_science	How does the JMAK theory explain the precipitation hardening process in age-hardening alloys?
metallurgy_and_materials_science	Why do non-equilibrium processing methods lead to more high-angle grain boundaries and special boundary types like Σ3 twins?
metallurgy_and_materials_science	In what way do alloying elements cause lattice distortions that contribute to solid solution strengthening?
metallurgy_and_materials_science	How does the wetting angle between solid intermetallics and the primary solid phase affect the shape and distribution of secondary phases?
metallurgy_and_materials_science	What role do cooling rates play in hydrogen trapping and how does that impact embrittlement and creep resistance?
metastable_phase_nucleation_kinetics	How does surface curvature affect the chemical potential of a forming nucleus?
metastable_phase_nucleation_kinetics	Why does interfacial energy influence the activation energy barrier for nucleation?
metastable_phase_nucleation_kinetics	What role does constant molar volume play in the theory of metastable phase nucleation?
metastable_phase_nucleation_kinetics	Can neutron scattering help track light element distribution during phase transformations?
metastable_phase_nucleation_kinetics	How do shear fields influence which variants nucleate to minimize elastic strain energy?
meteorology	How do weather models handle small-scale atmospheric effects that can't be directly measured?
meteorology	What makes a mesocyclone turn a regular storm into a supercell?
meteorology	Why do mid-latitude cyclones rely on temperature differences to develop?
meteorology	What kind of tools are used to gather temperature and wind data high in the atmosphere?
meteorology	How can forecasters use probability and cost analysis to make better decisions about extreme weather?
micro_machining_and_precision_surface_finishing_techniques	how do laser interferometers help correct for thermal drift in machine tools during micro machining?
micro_machining_and_precision_surface_finishing_techniques	what makes superfinishing effective in hardening surfaces and adding compressive stresses?
micro_machining_and_precision_surface_finishing_techniques	why is it important to keep the depth of cut below half a micrometer in precision work?
micro_machining_and_precision_surface_finishing_techniques	how does lowering cutting forces prevent damage at the tip of the tool?
micro_machining_and_precision_surface_finishing_techniques	what steps are needed to remove subsurface damage that could weaken a finished part over time?
microcracking_prevention_through_controlled_cooling_protocols	how do I keep the temperature drop under 100 K per meter to stop tiny cracks from forming?
microcracking_prevention_through_controlled_cooling_protocols	why does slow cooling stop grain boundaries from breaking under stress?
microcracking_prevention_through_controlled_cooling_protocols	what role does fluid movement play in making cooling even?
microcracking_prevention_through_controlled_cooling_protocols	can camera tracking help me spot where stress is building up on the surface?
microcracking_prevention_through_controlled_cooling_protocols	how do I adjust my cooling process for materials that behave differently depending on the direction?
microfluidic_separation_systems	how do integrated micro-pumps control sample transport in microfluidic separation systems?
microfluidic_separation_systems	why do reduced particle-wall contacts benefit continuous separation processes?
microfluidic_separation_systems	what is the Peclet number and how does it affect the balance between throughput and resolution?
microfluidic_separation_systems	how does the Strouhal number influence the periodicity of mixing structures in these systems?
microfluidic_separation_systems	can 3D printing replace traditional manufacturing methods for high-volume production of microfluidic devices?
microstructural_control_in_glass_ceramics	how do nucleating agents like titanium dioxide and zirconium dioxide help reduce the energy barrier between the glass and the crystal structure?
microstructural_control_in_glass_ceramics	why does the thickness of the remaining glass layer impact the stress levels at the boundaries between crystals?
microstructural_control_in_glass_ceramics	what happens to the shape and growth of crystals when the glass matrix and crystalline phase interact during the cooling process?
microstructural_control_in_glass_ceramics	can you explain how a positive lattice mismatch leads to compressive stresses inside the crystalline grains?
microstructural_control_in_glass_ceramics	how does subjecting glass ceramics to thermal cycling improve the size and shape of the crystals within the material?
microstructural_stability_modeling	How do I get accurate thermodynamic data for phase-field simulations from atomic calculations?
microstructural_stability_modeling	What determines the chemical driving force when modeling precipitation in multi-component alloys?
microstructural_stability_modeling	Why are implicit time integration methods preferred for handling stiff dynamics in phase-field models?
microstructural_stability_modeling	Can machine learning help find hidden parameters that control grain boundary segregation?
microstructural_stability_modeling	How well do we currently understand the link between microstructure changes and mechanical properties in complex systems?
microstructural_stress_mapping	how do grain boundaries create elastic strain fields in polycrystalline materials?
microstructural_stress_mapping	what is diffraction contrast tomography and how does it map 3D strain fields?
microstructural_stress_mapping	why does beam-induced damage change the crystallographic orientation of a sample during imaging?
microstructural_stress_mapping	how does the Ewald sphere help determine which lattice planes will diffract x-rays?
microstructural_stress_mapping	in what way does phase-field modeling connect microstructural void growth to overall material failure?
mineral_hardness_measurement_and_testing	how do you actually perform a scratch test on a mineral sample to see how hard it is?
mineral_hardness_measurement_and_testing	what is the chemical makeup of talc in terms of its formula?
mineral_hardness_measurement_and_testing	how can I tell if a mineral is harder than glass just by looking at a scratch?
mineral_hardness_measurement_and_testing	why does the hardness scale not increase in equal steps between numbers?
mineral_hardness_measurement_and_testing	what exactly does the hardness test measure about a mineral's behavior?
mineralogical_property_characterization	how do low-energy X-rays interact with materials to produce characteristic fluorescence?
mineralogical_property_characterization	why are matrix-matched standards recommended for minimizing compositional bias in mineralogical analysis?
mineralogical_property_characterization	how can thermal expansion coefficients be measured by tracking resonant frequency shifts with temperature changes?
mineralogical_property_characterization	what role do unsupervised clustering methods like k-means play in identifying natural mineralogical groupings?
mineralogical_property_characterization	which methods are effective for verifying the final thickness of samples using interference figures or micrometers?
mirror_figure_control	how do robots keep their movements perfectly synced with human operators during complex tasks?
mirror_figure_control	what technology allows a robotic arm to feel contact forces in real time at its tip?
mirror_figure_control	how can a mirror control system correct for unexpected vibrations or temperature changes?
mirror_figure_control	is there a way for users to take manual control if the robotic mirror system fails or becomes unsafe?
mirror_figure_control	how do engineers ensure that the robotic system’s movements align accurately with the human operator’s intended actions?
mirror_manufacturing_and_optical_coating	how do you measure mirror coating thickness while it's being deposited?
mirror_manufacturing_and_optical_coating	why are ion-assisted coatings better for light transmission than regular coatings?
mirror_manufacturing_and_optical_coating	what gases should I keep away from my mirrors to prevent damage?
mirror_manufacturing_and_optical_coating	how do you figure out the angular acceptance of a mirror?
mirror_manufacturing_and_optical_coating	can x-ray diffraction tell you if a mirror's coating is uniform?
mixed_lubrication	how does surface roughness affect the thickness of the lubricant film needed to prevent wear?
mixed_lubrication	what happens to energy dissipation when you're in the boundary lubrication regime?
mixed_lubrication	why do additives help prevent direct metal contact during mixed lubrication?
mixed_lubrication	what role does the hydrodynamic wedge play in supporting loads in mixed lubrication?
mixed_lubrication	how does oil viscosity impact film thickness and energy consumption in mixed lubrication systems?
modal_analysis	How do mode shapes help in understanding the spatial distribution of displacements in a linear dynamic system?
modal_analysis	What role does orthogonality play in decoupling coupled differential equations during modal analysis?
modal_analysis	Why does mass lumping improve computational efficiency in modal analysis?
modal_analysis	How can the inverse iteration technique be used to find specific eigenvalues in modal analysis?
modal_analysis	What is the significance of eigenvectors in describing the shape of mode shapes associated with natural frequencies?
modern_c11_standards	what does static_assert do in c11 and how do you write its syntax?
modern_c11_standards	can i use static_assert with multiple expressions after the main condition?
modern_c11_standards	what operations are available for atomic_flag in c11?
modern_c11_standards	does standard c have any built-in way to stop string functions from going out of bounds?
modern_c11_standards	what are the rules for alignment values in c11 and how do they relate to the hardware?
molecular_dynamics_simulation	how do periodic boundary conditions help simulate large systems efficiently?
molecular_dynamics_simulation	what is the Parrinello-Rahman barostat used for in molecular dynamics?
molecular_dynamics_simulation	which force fields are most common for setting up molecular dynamics simulations?
molecular_dynamics_simulation	how do I choose good order parameters for analyzing molecular dynamics results?
molecular_dynamics_simulation	why is it important that order parameters lead to Markovian dynamics in simulations?
monetary_zone_theory_and_policy	how do monetary zone central banks usually handle inflation targets?
monetary_zone_theory_and_policy	why is a supranational authority necessary for managing a common currency?
monetary_zone_theory_and_policy	what role does fiscal space play in absorbing economic shocks?
monetary_zone_theory_and_policy	how do real-time gross settlement systems help reduce financial risk?
monetary_zone_theory_and_policy	why are competitive devaluations not possible in a monetary zone?
mortar_mix_design	how to cast mortar specimens for compressive strength testing?
mortar_mix_design	why does a lower water to cement ratio lead to stronger mortar?
mortar_mix_design	should i use angular or rounded aggregates for better mortar performance?
mortar_mix_design	how does salt crystallization damage mortar bonds over time?
mortar_mix_design	what mix adjustments help protect mortar from freeze thaw cycles and chemical attack?
mortar_rheology	How do superplasticizers affect the electrical charge on cement particles in mortar?
mortar_rheology	Why does a higher packing density in mortar mixtures lower the amount of water needed?
mortar_rheology	What determines the critical shear stress in the particle network of a mortar paste?
mortar_rheology	How do the stability of air bubbles influence the yield stress and viscosity of mortar over time?
mortar_rheology	What role does yield stress play in controlling how much a mortar spreads when it is placed?
mortar_unit_interface_bonding_mechanics	how does surface texture of bricks affect bond strength in mortar joints?
mortar_unit_interface_bonding_mechanics	what happens when too little water is in the mortar during mixing?
mortar_unit_interface_bonding_mechanics	why do I need a primer on smooth concrete walls before laying brick?
mortar_unit_interface_bonding_mechanics	how does moisture from the wall seeping into wet mortar weaken the bond?
mortar_unit_interface_bonding_mechanics	what role does the transition zone play in mortar adhesion mechanics?
mortise_and_tenon_joinery	how do I prevent tear-out when cutting tenons from hardwood?
mortise_and_tenon_joinery	what is the correct taper for a tenon to get a tight fit?
mortise_and_tenon_joinery	how do I know if a tenon is fitting into a mortise properly?
mortise_and_tenon_joinery	what makes a tenon saw different from other saws?
mortise_and_tenon_joinery	can I use dowels or screws to make tenon joints stronger?
multi_omics_integration	how do variational autoencoders handle missing data in multi-omics studies?
multi_omics_integration	what is canonical correlation analysis used for when combining different datasets?
multi_omics_integration	how do researchers filter protein abundance data to ensure reliability?
multi_omics_integration	why are methods like LASSO and mutual information applied before training models on multi-omics data?
multi_omics_integration	how can batch effect correction algorithms improve the quality of integrated multi-omics analysis?
multi_version_concurrency_control	How does timestamp ordering guarantee that transactions run as if they were executed one after another?
multi_version_concurrency_control	Why is a singly linked list used to store different versions of the same data item?
multi_version_concurrency_control	What role do version vectors play in figuring out which updates depend on which others?
multi_version_concurrency_control	Can a transaction read data even if another transaction is in the middle of updating it?
multi_version_concurrency_control	How does the system make sure that aborted changes never end up saved permanently?
multibody_dynamics	How do I represent the inertia of a mechanical system using generalized coordinates?
multibody_dynamics	What method should I use to include non-conservative forces and joint reactions in my simulation?
multibody_dynamics	Why does modeling flexible bodies require stiffness matrices but rigid bodies don't?
multibody_dynamics	How is Coulomb friction usually implemented when solving for impulse-based dynamics?
multibody_dynamics	Why is it important to check the condition number of the mass matrix during analysis?
network_protocols	How does DNS actually find the correct IP address by starting with a recursive resolver?
network_protocols	What role do policy rules and attributes play when autonomous systems use BGP to pick the best route?
network_protocols	Why did TCP need a window scaling feature to handle data transfers larger than 65535 bytes?
network_protocols	How does stream-level flow control manage data delivery for separate streams without affecting each other?
network_protocols	What information about supported protocols is sent by clients inside the ClientHello message?
neuroimaging_and_electrophysiology	How does T1-weighted MRI use tissue properties like proton density and fat to create image contrast?
neuroimaging_and_electrophysiology	Why are the skull and scalp treated as simple conductors in standard forward modeling for brain imaging?
neuroimaging_and_electrophysiology	What role does the hemodynamic response function play in making it hard to separate true neural connections from blood flow effects?
neuroimaging_and_electrophysiology	What is the purpose of applying notch filters at 50 or 60 Hz in electrophysiology recordings?
neuroimaging_and_electrophysiology	How can combining fMRI and electrophysiology data help researchers better understand brain network connectivity?
neutron_depth_profiling	What is the exact nuclear reaction that produces the high-energy neutrons used in this depth profiling technique?
neutron_depth_profiling	How precisely must the sample be aligned with respect to the neutron beam to ensure accurate measurements?
neutron_depth_profiling	What factors primarily limit the energy resolution of the detector in a neutron depth profiling setup?
neutron_depth_profiling	How can contamination from earlier experiments affect the accuracy of the depth profiles?
neutron_depth_profiling	Is there a method used to subtract background noise so that the true signal can be isolated?
non_competitive_inhibition	how does an inhibitor bind to both the enzyme and the enzyme-substrate complex with equal affinity in non-competitive inhibition?
non_competitive_inhibition	what happens to the Michaelis constant when different concentrations of a non-competitive inhibitor are present?
non_competitive_inhibition	why does the absence of cooperativity confirm the binding mechanism in this type of inhibition?
non_competitive_inhibition	how does the free energy change when the inhibitor binds to the ES complex affect the dissociation constant of the ternary complex?
non_competitive_inhibition	in what way does non-competitive inhibition allow for precise control of signal transduction without interfering with ligand-receptor binding?
non_destructive_testing_and_quality_assurance	how does material conductivity affect the depth of penetration in non destructive testing?
non_destructive_testing_and_quality_assurance	what role does narrow-band filtration play in improving signal quality for defect detection?
non_destructive_testing_and_quality_assurance	why is normal incidence recommended when inspecting flat surfaces for planar defects?
non_destructive_testing_and_quality_assurance	how are defect indications assessed in terms of size, orientation, and location?
non_destructive_testing_and_quality_assurance	what are phase unwrapping algorithms and why are they important for depth profiling?
non_destructive_testing	how do phased array transducers steer ultrasound beams without any mechanical parts?
non_destructive_testing	why might radiographic testing struggle to find hairline cracks in thick metal?
non_destructive_testing	what makes electromagnetic testing different from other non destructive methods?
non_destructive_testing	how is ASME involved in setting standards for nuclear component inspections?
non_destructive_testing	where should the film or detector be placed during radiographic testing of a part?
non_destructive_testing_of_timber	How does wood density impact the speed and strength of ultrasonic signals?
non_destructive_testing_of_timber	Why must testing equipment be regularly checked against certified reference materials?
non_destructive_testing_of_timber	What happens to signal velocity and attenuation when there are internal voids in the wood?
non_destructive_testing_of_timber	How does Bayesian inference help update structural parameter estimates with new data?
non_destructive_testing_of_timber	Does ASTM D2585 require adjusting pulse velocity results for temperature changes?
non_equilibrium_phase_diagram_calculation	how do kinetic barriers affect phase transitions in non-equilibrium systems?
non_equilibrium_phase_diagram_calculation	what are the stability criteria for non-equilibrium systems?
non_equilibrium_phase_diagram_calculation	can external driving forces cause phase transitions that aren't allowed in equilibrium?
non_equilibrium_phase_diagram_calculation	how are non-equilibrium phase diagrams validated experimentally?
non_equilibrium_phase_diagram_calculation	what are the limitations of using molecular dynamics simulations for this topic?
non_linear_structural_dynamics_and_vibration_isolation_systems	how does coupling between translation and rotation affect the stiffness matrix in nonlinear structural dynamics?
non_linear_structural_dynamics_and_vibration_isolation_systems	what is the Bouc-Wen model and how is it used to simulate nonlinear hysteresis?
non_linear_structural_dynamics_and_vibration_isolation_systems	why do extra resonances make frequency response analysis difficult for isolation systems?
non_linear_structural_dynamics_and_vibration_isolation_systems	which numerical methods like Newmark beta are best for direct time integration of these equations?
non_linear_structural_dynamics_and_vibration_isolation_systems	how does amplitude-dependent damping change the natural frequencies of the structure?
non_ribosomal_peptide_synthetase_assembly	How does the thioesterase domain help form the ring structure in non-ribosomal peptides?
non_ribosomal_peptide_synthetase_assembly	What is the role of the adenylation domain in selecting which amino acids to use?
non_ribosomal_peptide_synthetase_assembly	How does the arginine residue interact with the amino acid during activation?
non_ribosomal_peptide_synthetase_assembly	What does the conveyor belt model suggest about how the peptide chain moves through the enzyme?
non_ribosomal_peptide_synthetase_assembly	How do environmental stresses like oxidative stress affect the production of secondary metabolites?
nucleation_and_growth_kinetics	how does the jmak model mathematically relate time and temperature to the fraction of transformed material?
nucleation_and_growth_kinetics	why do impurities and alloying elements typically raise the nucleation barrier in phase transformations?
nucleation_and_growth_kinetics	what determines the growth rate in diffusion-controlled systems and how is it calculated?
nucleation_and_growth_kinetics	can in-situ x-ray photoelectron spectroscopy be used to monitor surface composition changes during early nucleation stages?
nucleation_and_growth_kinetics	how do small-angle x-ray scattering experiments help identify intermediate dense liquid phases in protein solutions before crystallization?
nucleation_and_growth_kinetics_simulation	How do you calculate the critical nucleus size using total free energy changes?
nucleation_and_growth_kinetics_simulation	What causes different crystallographic orientations to be selected during growth?
nucleation_and_growth_kinetics_simulation	When is kinetic Monte Carlo the best method for simulating nucleation?
nucleation_and_growth_kinetics_simulation	How do anisotropic surface energy and solute diffusion lead to dendritic structures?
nucleation_and_growth_kinetics_simulation	Can TEM analysis be used to validate simulated defect structures?
nucleation_kinetics	How does changing the supersaturation level affect the speed of nucleus formation?
nucleation_kinetics	What happens when small molecular clusters combine to make bigger nuclei instead of adding single molecules?
nucleation_kinetics	Can X-ray diffraction tell us how well a new crystal matches the surface it's growing on?
nucleation_kinetics	Why does Ostwald ripening happen and how does it change the system's energy over time?
nucleation_kinetics	What does the J0 term in the nucleation rate equation represent?
numerical_analysis_and_interpolation	how do splines maintain smoothness at their connection points while using different polynomials for each segment?
numerical_analysis_and_interpolation	what happens when you try to interpolate a function with a high-degree polynomial using evenly spaced points?
numerical_analysis_and_interpolation	why do finite difference methods use wider stencils to improve their accuracy?
numerical_analysis_and_interpolation	why is Lagrange interpolation often problematic when dealing with floating-point arithmetic?
numerical_analysis_and_interpolation	how do adaptive mesh refinement techniques decide where to add more points to reduce error?
numerical_geophysics	How do explicit time-stepping methods maintain accuracy while simulating wave propagation?
numerical_geophysics	What makes assembling the system matrices so computationally demanding in these simulations?
numerical_geophysics	Why is splitting the wave equation into auxiliary variables useful for complex coordinate transformations?
numerical_geophysics	What causes gradient-based inversion methods to fail when there are large phase shifts in the data?
numerical_geophysics	When would it be more effective to use frequency-domain models instead of time-domain approaches?
numerical_methods	how do i set up a finite element mesh for my computational domain?
numerical_methods	why does the spectral radius need to be less than one for iterative solvers to converge?
numerical_methods	how does the step size h affect the global error scaling over a fixed time interval?
numerical_methods	how many Fourier modes should i keep to get the desired resolution for my solution?
numerical_methods	how can i generate correlated random increments for multiple assets using Cholesky decomposition?
numerical_optimization_methods	how do line search methods decide the right step size in numerical optimization?
numerical_optimization_methods	why is scaling important for keeping numerical calculations stable?
numerical_optimization_methods	what is the difference between forward difference and other gradient approximation techniques?
numerical_optimization_methods	can you explain how simulated annealing helps avoid getting stuck in local minima?
numerical_optimization_methods	does gradient norm convergence mean I’ve found the global best solution?
numerical_solution_of_laplace_s_equation	how do I handle sharp corners or edges in my electrode shape when solving laplace's equation with finite elements?
numerical_solution_of_laplace_s_equation	what preconditioner should I pick to make my laplace solver converge faster without wasting too much compute time?
numerical_solution_of_laplace_s_equation	why do laplace solutions sometimes blow up or give weird values near certain parts of my domain?
numerical_solution_of_laplace_s_equation	can using a gpu really make solving laplace's equation that much quicker compared to cpu only?
numerical_solution_of_laplace_s_equation	how do I choose a time step size for explicit laplace solvers so it stays stable but doesn’t run unnecessarily slow?
open_channel_flow_analysis	how do I find the minimum energy needed to move water in an open channel?
open_channel_flow_analysis	what equation do I use to analyze how water depth changes along a river?
open_channel_flow_analysis	does the texture of the river bottom affect how fast water flows?
open_channel_flow_analysis	can you explain how the Manning's equation calculates the speed of flowing water?
open_channel_flow_analysis	when should I use a two dimensional model instead of a one dimensional one for flood studies?
open_channel_flow_design	how does a steeper channel slope affect water velocity and erosion risks?
open_channel_flow_design	what happens to the water depth when supercritical flow turns into subcritical flow?
open_channel_flow_design	which geometric features like width and depth are most important for designing open channels?
open_channel_flow_design	how do roughness coefficients change based on the material used for the channel lining?
open_channel_flow_design	which software tools are commonly used for analyzing urban drainage systems?
open_channel_flow_hydraulics	How does the continuity equation describe steady uniform flow in open channels?
open_channel_flow_hydraulics	Why can't dimensional analysis alone determine the exact form of Manning’s equation?
open_channel_flow_hydraulics	What does the Froude number tell you about the balance between momentum and gravity in flow?
open_channel_flow_hydraulics	How is the change in water depth related to the gradient of discharge in open channel flow?
open_channel_flow_hydraulics	Why does the larger root represent the subcritical depth after a hydraulic jump?
open_channel_hydraulics	how do you determine the critical depth for a flow in an open channel?
open_channel_hydraulics	what is the role of channel slope in driving flow energy?
open_channel_hydraulics	how do energy dissipation mechanisms change between subcritical and supercritical flow regimes?
open_channel_hydraulics	which numerical methods are typically used to solve open channel flow equations?
open_channel_hydraulics	how do you identify upstream flow conditions like depth and velocity?
operating_systems_sched	How does the kernel handle switching between threads when one gives up its turn?
operating_systems_sched	What is the difference between normal process scheduling and the SCHED_RR policy used for real-time tasks?
operating_systems_sched	Why does the operating system need regular timer interrupts to keep multitasking working properly?
operating_systems_sched	How does the scheduler know where to put a task back after it’s been paused and then resumed?
operating_systems_sched	Can you explain how priority ceiling protocols stop high-priority tasks from waiting on low-priority ones?
operational_transformation	how does operational transformation handle conflicting edits when two users change the same part of a document at the same time?
operational_transformation	why does the server need to broadcast transformed operations to all connected clients in a collaborative session?
operational_transformation	what happens to deletions when multiple users try to delete overlapping parts of a document simultaneously?
operational_transformation	how does operational transformation ensure that the final state of a shared document remains consistent across all participants?
operational_transformation	why is it important to maintain a reliable log and versioning system when using operational transformation for large-scale collaboration?
optical_coherence_tomography	how does optical coherence tomography achieve such precise depth resolution?
optical_coherence_tomography	what role does the beam splitter play in the OCT measurement process?
optical_coherence_tomography	how do you determine the maximum scanning depth during OCT calibration?
optical_coherence_tomography	where is the zero-delay line found in an OCT interferogram?
optical_coherence_tomography	why do swept-source OCT systems have better signal quality compared to other methods?
optical_diffraction_and_wavefront_analysis	how do wavefront sensors detect distortions in incoming light using interference patterns or spot shifts?
optical_diffraction_and_wavefront_analysis	what information about wavefront curvature and tilt is hidden in the spacing and orientation of fringes?
optical_diffraction_and_wavefront_analysis	how does light change its curvature and beam waist when it passes through a thin lens?
optical_diffraction_and_wavefront_analysis	why does having only a limited number of phase levels per pixel cause quantization noise in measurements?
optical_diffraction_and_wavefront_analysis	can you explain the math behind how wavefront sensors calculate distortions from the data they collect?
optical_interferometry	how do i reduce wavefront distortion when aligning my laser beam in an interferometer?
optical_interferometry	what does the complex degree of coherence actually mean in this context?
optical_interferometry	why do I need to add a compensator plate in one arm of the setup?
optical_interferometry	how does a high finesse interferometer help me measure tiny wavelength differences?
optical_interferometry	what kind of light source do I need to get perfect fringe visibility?
optical_metrology	How does the Rayleigh criterion determine the lateral resolution limit in optical systems?
optical_metrology	What is the relationship between a light source's spectral bandwidth and its coherence length?
optical_metrology	Why is mechanical alignment tolerance important for the reference arm in optical setups?
optical_metrology	How does the source bandwidth affect the signal-to-noise ratio in optical metrology?
optical_metrology	What role does the forward Fourier transform play in processing optical fields iteratively?
optical_path_length_matching	how can I keep the mirror alignment stable in my interferometer experiment?
optical_path_length_matching	what happens to the interference pattern if the two light paths are slightly different lengths?
optical_path_length_matching	can I use a granite base to reduce thermal drift in my optical setup?
optical_path_length_matching	how do piezoelectric transducers help maintain precise mirror positioning?
optical_path_length_matching	what happens to the interference pattern when I use white light instead of a single wavelength?
optical_system_design	How do I improve the resolution and light gathering in my optical system?
optical_system_design	Why do I need to iterate on element positions when designing multi-element lenses?
optical_system_design	What can I do to narrow the point spread function in my design?
optical_system_design	How do wavefront control and component quality affect optical performance?
optical_system_design	What should I consider regarding coating durability for environmental factors?
optical_thin_film_design_and_modeling	How can I model light behavior in layered structures using the transfer matrix method?
optical_thin_film_design_and_modeling	What factors influence the kinetics of chemical vapor deposition processes?
optical_thin_film_design_and_modeling	How does spectroscopic ellipsometry work to analyze sample surfaces?
optical_thin_film_design_and_modeling	Why is photon count important for ensuring statistical accuracy in simulations?
optical_thin_film_design_and_modeling	How do changes in interference fringes affect the central wavelength of an optical filter?
optical_wavefront_reconstruction	how does the numerical aperture affect the resolution limit in optical wavefront reconstruction?
optical_wavefront_reconstruction	can the point spread function change with light intensity in non-linear systems?
optical_wavefront_reconstruction	what method is used to correct for spatially dependent blurring in wavefront reconstruction?
optical_wavefront_reconstruction	how does the algorithm know when to stop iterating for wavefront reconstruction?
optical_wavefront_reconstruction	what is the maximum spatial frequency that can be captured by the detector array in optical systems?
organic_chemistry_and_fermentation	how does low ph affect the production of desired chemicals during fermentation?
organic_chemistry_and_fermentation	why does your fermentation batch end up with mostly ethanol instead of the target product?
organic_chemistry_and_fermentation	what enzyme is responsible for phosphorylating fructose-6-phosphate in glycolysis?
organic_chemistry_and_fermentation	can i use infrared spectroscopy to tell apart different organic molecules by their vibrations?
organic_chemistry_and_fermentation	does breaking down biomass crystallinity help enzymes work better in industrial processes?
osmotic_potential_dynamics	How do temperature and solute concentration determine the osmotic pressure in a solution?
osmotic_potential_dynamics	What drives water movement across a membrane until chemical potentials match?
osmotic_potential_dynamics	Why is the NPA amino acid sequence important for selective water transport?
osmotic_potential_dynamics	How can scientists measure the exact rate of water and solute movement using isotopes?
osmotic_potential_dynamics	Which transcription factors help cells adjust gene expression when facing osmotic stress?
out_of_band_communication_signaling	How do serial console cables allow direct access to system firmware?
out_of_band_communication_signaling	What physical layer technologies are used for out-of-band signaling?
out_of_band_communication_signaling	How are message integrity and tampering detection ensured in out-of-band communication?
out_of_band_communication_signaling	What happens to internal state machines and session context memory during out-of-band signaling?
out_of_band_communication_signaling	How does the system detect failures in primary control channels and switch to backup channels automatically?
oxidative_melaninogenesis_pathways	How does MITF control the expression of the tyrosinase gene?
oxidative_melaninogenesis_pathways	What are the intermediate steps when tyrosinase acts on L-tyrosine?
oxidative_melaninogenesis_pathways	Why does eumelanin have more pyridine and pyrazine rings compared to other forms?
oxidative_melaninogenesis_pathways	What is the end result of the melanin synthesis process in terms of cellular structures?
oxidative_melaninogenesis_pathways	How does tyrosinase drive the formation of eumelanin from DOPA?
page_splitting_algorithms	what happens when a page overflows its maximum entry limit during database operations?
page_splitting_algorithms	how does the system detect that a page has reached its capacity for entries?
page_splitting_algorithms	can you explain how load balancing works across split pages to avoid hotspots?
page_splitting_algorithms	what limits the number of pages a single logical page can be divided into?
page_splitting_algorithms	how do page splitting algorithms help reduce external fragmentation in memory?
pairing_based_cryptography	How does the embedding degree affect the size of the finite field used in pairing-based cryptography?
pairing_based_cryptography	What is the formula for generating the private key when using a specific identity in pairing-based systems?
pairing_based_cryptography	Can you explain the structure of the bilinear map required for these cryptographic schemes?
pairing_based_cryptography	Why is the Decisional Linear problem important for the security of pairing-based protocols?
pairing_based_cryptography	How can final exponentiation be optimized using the structure of extension fields in pairing-based cryptography?
pairing_based_signature_schemes	how does the BLS signing algorithm use bilinear pairings between G1 and G2 to create signatures?
pairing_based_signature_schemes	what mathematical problem must be hard for the Boneh-Lynn-Shacham scheme to remain secure against forgery?
pairing_based_signature_schemes	why does the target group GT need to have the same prime order as the other groups in the pairing setup?
pairing_based_signature_schemes	how many pairing calculations does the verifier need to perform when checking multiple signatures?
pairing_based_signature_schemes	can GLS endomorphisms help speed up BLS signatures on curves with an embedding degree of three?
partial_synchrony_models	how does the global stabilization time help a distributed system switch from asynchronous to synchronous behavior?
partial_synchrony_models	why do systems need to know when the network becomes synchronous to make progress?
partial_synchrony_models	what role does the GST play in ensuring that the system can tolerate Byzantine faults?
partial_synchrony_models	how does the distinction between asynchronous and synchronous phases affect safety and liveness?
partial_synchrony_models	what happens when network partitions prevent a majority quorum from forming during the asynchronous phase?
pattern_recognition	how do support vector machines handle data mapping without calculating high-dimensional coordinates?
pattern_recognition	why is cross-entropy loss preferred for multi-class classification problems?
pattern_recognition	what role do embedding layers play in converting tokens into vector representations?
pattern_recognition	how does the discriminator improve its ability to distinguish real from fake samples?
pattern_recognition	can meta-learning agents change their exploration strategies based on feedback from the environment?
perceptual_color_mapping	How can I keep my photos looking the same color no matter how the lighting changes when I take them?
perceptual_color_mapping	What is gamma correction and how does it affect the brightness of colors on my monitor?
perceptual_color_mapping	How are the standard XYZ color values transformed into the L* a* b* format used in design software?
perceptual_color_mapping	Why is it important that the color conversion functions stay monotonic and don’t flip the order of light and dark values?
perceptual_color_mapping	How does the white point normalization using the K factor influence the final appearance of colors in the CIELAB color space?
permeable_pavement	how does the size of the underground pipes affect how much water the system can move?
permeable_pavement	can I use enzyme treatments to break down organic material in my permeable pavement?
permeable_pavement	how do I balance water flow with the need to support heavy vehicle traffic?
permeable_pavement	what is the maximum relative density limit for the pavement mix design?
permeable_pavement	why does infiltration capacity decrease over time, especially in humid areas?
phase_diagram_analysis	how does DSC help in finding the temperatures where phase changes happen?
phase_diagram_analysis	what kind of phase transformations happen when a system is not in equilibrium?
phase_diagram_analysis	how can you find the equilibrium compositions using Gibbs free energy curves?
phase_diagram_analysis	what does a negative second derivative of free energy tell you about phase stability?
phase_diagram_analysis	how do you modify the Clapeyron equation to account for magnetic or electric fields?
phase_field_modeling	how does the gradient energy coefficient affect the interfacial energy in phase field models?
phase_field_modeling	why are implicit methods like backward Euler recommended for solving phase field equations?
phase_field_modeling	what components make up the variational derivative in the Ginzburg-Landau functional?
phase_field_modeling	how does mobility influence the speed of interface movement and transient behavior?
phase_field_modeling	can mass lumping be used to speed up phase field simulations without losing important physics?
phase_field_modeling_of_solidification	How does the choice of order parameter affect the symmetry breaking mechanism and the dimensionality of the phase transformation interface?
phase_field_modeling_of_solidification	Why do implicit methods result in increased computational cost per step, and what are the implications for solving large linear or nonlinear systems?
phase_field_modeling_of_solidification	What role do non-equilibrium assumptions play in retaining diffusive flux to account for kinetic effects, and how does this impact solute trapping at high velocities?
phase_field_modeling_of_solidification	How do experimental comparisons using high-speed imaging in microgravity or controlled terrestrial setups validate phase field modeling results?
phase_field_modeling_of_solidification	What are the limitations of assuming local equilibrium in phase field modeling, particularly regarding the failure to capture microstructural features like dendrite tip rounding and solute trapping?
phase_problem	how does the distance between slits affect the spacing of interference fringes on the screen?
phase_problem	what role does the path length difference play in shifting the phase of waves from two sources?
phase_problem	why do real-world light sources not produce perfectly coherent interference patterns?
phase_problem	is the fringe spacing proportional to the wavelength and the distance to the screen?
phase_problem	how can crystallographers determine atomic phases using symmetry in the diffraction pattern?
phase_transfer_catalysis	how do I keep two liquids that don't mix properly in a phase transfer catalysis reaction?
phase_transfer_catalysis	what happens if I run the phase transfer catalyst too hot?
phase_transfer_catalysis	how does the tail of a phase transfer catalyst help it work in organic solvents?
phase_transfer_catalysis	can I improve the speed of a phase transfer reaction by shaking it more?
phase_transfer_catalysis	how do I get the catalyst out of the solution after the reaction is done?
phase_transformation_kinetics_and_alloy_design	how does the jmaK model account for different crystal orientations during growth?
phase_transformation_kinetics_and_alloy_design	what role does interfacial energy play in determining the size of critical nuclei for heterogeneous nucleation?
phase_transformation_kinetics_and_alloy_design	why is the term proportional to interfacial energy and inversely proportional to particle radius and molar volume?
phase_transformation_kinetics_and_alloy_design	can high-resolution transmission electron microscopy show dislocation interactions with martensite at the nanoscale?
phase_transformation_kinetics_and_alloy_design	how are elastic strain energy contributions included in phase-field models for phase transformation kinetics?
phase_transformation_kinetics_and_thermodynamics	how does the rate of transformation affect how many nuclei form and how big the new phase grows?
phase_transformation_kinetics_and_thermodynamics	what is the Gibbs-Thomson effect and how does it change solubility based on interface curvature?
phase_transformation_kinetics_and_thermodynamics	how is the driving force for phase transformation defined in terms of chemical potential?
phase_transformation_kinetics_and_thermodynamics	what role does the critical nucleus size play in the total free energy change during transformation?
phase_transformation_kinetics_and_thermodynamics	how can I observe microstructural changes in a material by cooling it quickly and holding it at different temperatures?
phase_transformation_kinetics	how does surface curvature influence the chemical potential at a phase boundary according to the Gibbs-Thomson effect?
phase_transformation_kinetics	why does the critical nucleus size decrease during heterogeneous nucleation compared to homogeneous cases?
phase_transformation_kinetics	what methods are used to determine activation energy from differential scanning calorimetry results?
phase_transformation_kinetics	how can the wetting angle between a new phase and substrate affect nucleation kinetics?
phase_transformation_kinetics	why do martensitic transformations maintain the original composition of the parent phase?
phase_transitions	How do critical exponents compare to mean-field theory predictions in magnetic phase transitions?
phase_transitions	What determines variant selection in polycrystalline magnetic materials?
phase_transitions	How does thermal analysis reveal the nature of magnetic transformations?
phase_transitions	Why does the equation of state stay invariant under field and order parameter rescaling near the critical point?
phase_transitions	What kind of magnetic materials are needed for engineering the reversible magnetocaloric effect?
phase_transitions_in_condensed_matter	how do microscopic degrees of freedom define the state of a condensed matter system at the atomic level?
phase_transitions_in_condensed_matter	why do different microscopic systems exhibit the same universal critical behavior near phase transitions?
phase_transitions_in_condensed_matter	what causes critical opalescence in continuous phase transitions and how does the correlation length relate to it?
phase_transitions_in_condensed_matter	can muon spin rotation be used to detect time-reversal symmetry breaking in magnetic materials?
phase_transitions_in_condensed_matter	are there quantum phase transitions that occur without a local order parameter, such as in topological phases?
phloem_loading_and_unloading	How does the phloem selectively let small molecules pass while blocking larger ones?
phloem_loading_and_unloading	What role does the SUC2/SUC3/SUC4 complex play in controlling sugar transport?
phloem_loading_and_unloading	How does ATP fuel the movement of sugars through the SUT4 transporter?
phloem_loading_and_unloading	What happens to sucrose levels in the phloem when a sink tissue stops taking up sugars?
phloem_loading_and_unloading	Can microelectrodes track ion movements across phloem cell walls during transport?
phloem_translocation	how do plants move sugar from leaves to roots?
phloem_translocation	what happens to phloem when a plant is drought stressed?
phloem_translocation	what is the role of SUTs in phloem unloading?
phloem_translocation	how does starch hydrolysis help in phloem unloading?
phloem_translocation	what structures make up the phloem sieve tube complex?
photoelectric_effect_quantification	how do you calculate the work function of a metal using photoelectric data?
photoelectric_effect_quantification	what gas pressure is necessary for getting precise electron current readings?
photoelectric_effect_quantification	why doesn't the photoelectric effect happen instantly after light hits the surface?
photoelectric_effect_quantification	how is the maximum speed of emitted electrons related to the light's frequency?
photoelectric_effect_quantification	what is the lowest light frequency that can still knock electrons off a material?
photoemission_spectroscopy	how does the analyzer material affect the energy of emitted electrons?
photoemission_spectroscopy	what role does wavelength stability play in measuring binding energies?
photoemission_spectroscopy	why do chemical bonds between adsorbates and substrates create new peaks in the spectrum?
photoemission_spectroscopy	how does energy loss impact the appearance of photoemission peaks?
photoemission_spectroscopy	why is measuring the angular distribution of electrons important for analyzing matrix elements and spin-orbit coupling?
photogrammetry	how does bundle adjustment work to improve the accuracy of photogrammetry models?
photogrammetry	what kind of targets should i use for photogrammetry calibration to avoid errors?
photogrammetry	how is the epipolar line calculated for a specific point in an image?
photogrammetry	what kind of output files will i get after running a photogrammetry workflow?
photogrammetry	how does the algorithm handle noisy measurements during the adjustment process?
photonics	How does four-wave mixing create new optical frequencies using three input photons in a nonlinear medium?
photonics	What role does atomic layer deposition play in coating dielectric layers and metallic contacts for photonic integrated circuits?
photonics	How does bandgap engineering determine the wavelength range where a material shows strong optical activity?
photonics	What does quantum efficiency measure regarding the conversion of incident photons into detectable electron-hole pairs?
photonics	How does design for reliability address critical optical paths through redundancy and material selection with low thermo-optic coefficients and high mechanical strength?
photoperiodism_and_photomorphogenesis	How do plants sense light through specific tissue layers rather than the whole body?
photoperiodism_and_photomorphogenesis	What role does PIF1 play in regulating when a plant decides to flower?
photoperiodism_and_photomorphogenesis	Why does the chromophore switch between P500 and P400 forms when exposed to light?
photoperiodism_and_photomorphogenesis	How does a plant’s tall and spindly growth help it avoid shade?
photoperiodism_and_photomorphogenesis	What methods have scientists used to prove which signaling parts control photomorphogenesis?
physical_storage_layout	how does the layout of aisles and racking affect the number of movements needed for material handling?
physical_storage_layout	when should concrete supports be used in a warehouse setup?
physical_storage_layout	where should spill containment systems be placed relative to hazardous materials?
physical_storage_layout	how often are inventory audits done to check system accuracy?
physical_storage_layout	how are receiving and shipping docks positioned to avoid traffic jams?
picking_path_optimization	how do you assign pickers to orders when dealing with changing demand?
picking_path_optimization	what makes travel time calculations work in warehouse optimization?
picking_path_optimization	how does live order status from the WMS help identify new orders for processing?
picking_path_optimization	what metric should i use to measure the volume of items picked per hour?
picking_path_optimization	how do algorithms account for the extra travel time and energy use in high-bay systems?
piezoelectric_actuation	how do stacked mode piezoelectric actuators handle force and displacement compared to other types?
piezoelectric_actuation	why does the impedance matching network affect the Q-factor in piezoelectric systems?
piezoelectric_actuation	what kind of drive waveforms are used to get the maximum stroke from a piezo actuator?
piezoelectric_actuation	why is precise composition control so important for PMN-PT piezoelectric materials?
piezoelectric_actuation	how can I accurately map voltage to displacement when calibrating a piezoelectric actuator?
piezoelectric_transduction	What happens to the charge centers in a piezoelectric crystal when mechanical stress is applied?
piezoelectric_transduction	How does crystallographic symmetry influence which components of the piezoelectric tensor are non-zero?
piezoelectric_transduction	Why does mechanical damping in a piezoelectric crystal cause vibrational energy to be lost as heat?
piezoelectric_transduction	What role do piezoelectric strain coefficients play in defining the proportionality constant?
piezoelectric_transduction	Why is it important to minimize substrate conductivity for a resonant circuit's quality factor?
pile_group_load_distribution	How does the distance between piles affect load sharing in a group?
pile_group_load_distribution	Why do piles with close spacing distribute load more evenly?
pile_group_load_distribution	What is the difference between flexible and rigid caps regarding pile group behavior?
pile_group_load_distribution	How does the soil interaction influence the overall deformation of the pile system?
pile_group_load_distribution	What are the main ways a pile group can fail structurally?
pipe_network_analysis	how do valves affect the pressure drop in a pipe system based on flow speed?
pipe_network_analysis	what equations are used to model steady flow in a network of pipes?
pipe_network_analysis	how does the method of nodes simplify solving for pipe flow rates?
pipe_network_analysis	why is choosing a good starting guess important when solving pipe network equations?
pipe_network_analysis	what kind of boundary conditions are needed to start analyzing a pipe network?
pipelined_consensus_protocols	how does the system handle leader changes in a predictable way across different view numbers?
pipelined_consensus_protocols	what happens to a node's internal state when it receives a certificate from enough other nodes?
pipelined_consensus_protocols	how do nodes prove that a proposal came from a trusted previous round?
pipelined_consensus_protocols	how can the system keep running even when some hardware needs to be swapped out?
pipelined_consensus_protocols	how does the protocol make sure two conflicting blocks don't both get confirmed after a network split is fixed?
piston_ring_sealing_technology	How does the cylinder wall surface finish affect the balance between keeping oil and reducing friction?
piston_ring_sealing_technology	Why are spring tension systems used to keep piston rings pressed together against the cylinder wall?
piston_ring_sealing_technology	What happens to wear and ring shape if the cylinder bore isn't perfectly round?
piston_ring_sealing_technology	How do engineers match the thermal expansion of piston rings to the aluminum cylinder walls?
piston_ring_sealing_technology	Why is an anti-seizure coating necessary on the bore surface before installing piston rings?
planar_graph_embedding	How do I determine if a graph can be drawn on a plane without any edges crossing?
planar_graph_embedding	What is the most common algorithm used to check for planarity and create an embedding?
planar_graph_embedding	Can you explain what a rotation move does to the edges around a vertex?
planar_graph_embedding	How does a cut in the main graph relate to cycles in the dual graph?
planar_graph_embedding	What are the differences between a combinatorial map and a half-edge representation?
plant_hormone_crosstalk	How do gibberellins work to turn on genes by targeting specific proteins for destruction?
plant_hormone_crosstalk	Why would high levels of salicylic acid shut down responses that depend on jasmonic acid?
plant_hormone_crosstalk	What role do F-box proteins play in the complex signaling pathways of plants?
plant_hormone_crosstalk	How does the enzyme SSL use oxygen to modify its target molecules?
plant_hormone_crosstalk	What happens to a plant's sensitivity to brassinosteroids when there is too much auxin present?
plant_hydraulics	how does soil texture affect how often plants need to redistribute their water?
plant_hydraulics	what role do potassium ions play in opening or closing stomata?
plant_hydraulics	why are tracheids worse at conducting water compared to other cells?
plant_hydraulics	how do differences in vessel sizes help balance water flow throughout a plant?
plant_hydraulics	what determines the energy needed for roots to pull water out of the soil?
plant_physiology_and_morphology	how do plants move water and nutrients from roots to leaves?
plant_physiology_and_morphology	what happens to photosynthesis when light intensity changes?
plant_physiology_and_morphology	how do plants decide when to open or close their leaf pores?
plant_physiology_and_morphology	what signals tell a plant where to grow new roots on the side?
plant_physiology_and_morphology	how does a plant detect and respond to invading pathogens?
plant_physiology	How does the endoplasmic reticulum handle the creation of membrane proteins and lipids in plants?
plant_physiology	Why do potassium and chloride channels help plants take up nutrients based on their membrane potential?
plant_physiology	What happens to a plant cell when potassium ions are pushed out and cytoplasmic water potential rises?
plant_physiology	How does a fungal infection trigger the salicylic acid pathway in plants to boost phenolic compounds?
plant_physiology	When and how are DNA methylation patterns formed and kept stable during plant development?
plant_tissue_mechanics	How do plants sense physical stress on their cell membranes?
plant_tissue_mechanics	What role do aquaporins play in controlling water movement across the plasma membrane?
plant_tissue_mechanics	Why are cellulose nanofibrils aligned along the length of a plant cell?
plant_tissue_mechanics	How does the structure of pit membranes affect water conduction in xylem vessels?
plant_tissue_mechanics	What happens to a plant cell's mechanical strength after it finishes expanding?
plasticity_and_hardening_modeling	how does the associated flow rule relate incremental plastic strain to the yield function gradient?
plasticity_and_hardening_modeling	what are the isotropic and kinematic components of total hardening in plasticity models?
plasticity_and_hardening_modeling	how is the effective stress tensor calculated using deviatoric and backstress tensors?
plasticity_and_hardening_modeling	why does the Tresca criterion struggle with strongly anisotropic materials?
plasticity_and_hardening_modeling	what trade-off should be considered when choosing an integration scheme for nearly incompressible plastic materials?
pm_cast_lifecycle	how do the guards know when to start patrolling in the game?
pm_cast_lifecycle	what happens to an npc’s conversation when it spots something dangerous?
pm_cast_lifecycle	are merchant npcs just trying to sell stuff or do they do anything else?
pm_cast_lifecycle	do two characters need to be close together before they can interact?
pm_cast_lifecycle	how does the game decide which actions are more important than others?
pm_chronicle_memory	How do old stories shape what factions are known for in the game?
pm_chronicle_memory	What’s behind the way gossip spreads through the in-game social networks?
pm_chronicle_memory	How does the game decide which events matter enough to keep in the story?
pm_chronicle_memory	Why do some lore details fade away while others stay clear?
pm_chronicle_memory	What makes sure the main plot points don’t get lost in the background?
pm_civic_magic_order	how does the Church and Temple hierarchy structure spiritual authority and what roles do different levels play in rituals?
pm_civic_magic_order	what happens if someone breaks a contract with the underworld arbiters who enforce magical compulsion?
pm_civic_magic_order	can you explain the blood-oath rituals used to bond with familiars and how they work?
pm_civic_magic_order	what are the strict rules about how members should address each other and behave during ceremonies?
pm_civic_magic_order	where are the Guild’s waystations located and how do they help explorers on long expeditions?
pm_combat_guilds	How do shadow contracts work in the pm combat guilds system?
pm_combat_guilds	What exactly is required to secure a contract for protecting a caravan?
pm_combat_guilds	Can you explain the role of chivalric knight orders within this world?
pm_combat_guilds	What does it take to achieve a Bronze rank in the pm combat guilds?
pm_combat_guilds	How are culling bounties awarded and what do they offer?
pm_craft_production	how does the cooks guild blend alchemy into cooking?
pm_craft_production	what temperature control is needed for potion distillation?
pm_craft_production	how do digital networks help spread modern knowledge globally?
pm_craft_production	what metals are used in damascus pattern welding?
pm_craft_production	how does quenching affect the final blade?
pm_director_pacing	how does the game director keep players engaged by tracking their behavior metrics?
pm_director_pacing	is player freedom maintained even when the simulation rules are strict and predictable?
pm_director_pacing	how does the AI limit certain gameplay systems based on the story's progress?
pm_director_pacing	what methods does the game use to shift from quiet moments to dramatic rumors?
pm_director_pacing	how does the director use player fatigue and advancement data to change the game's pace dynamically?
pm_feudal_politics	How did feudal dues affect peasant life when they became too heavy to bear?
pm_feudal_politics	What rules determined how many soldiers a lord’s vassals had to send for war?
pm_feudal_politics	Why did the crown keep exclusive rights over serious crimes and capital punishment?
pm_feudal_politics	How could a town or its people purchase legal independence from local lords?
pm_feudal_politics	What do royal borough charters and the idea that city air grants freedom actually mean?
pm_kinetics_ragdoll	how do ragdoll animations smoothly switch between skeletal animation and physics simulation?
pm_kinetics_ragdoll	what is the role of dynamic foot placement algorithms in ragdoll locomotion?
pm_kinetics_ragdoll	how is impact impulse calculated during a ragdoll collision?
pm_kinetics_ragdoll	how does the animation controller determine the correct stand-up animation state for a ragdoll?
pm_kinetics_ragdoll	what do the minimum and maximum angle limits represent for ragdoll joints?
pm_kinship_domestic	how do elder grandparents help manage the home and look after kids?
pm_kinship_domestic	who gets to inherit the family workshop and productive assets?
pm_kinship_domestic	what happens to a peasant household’s economy if the male breadwinner dies in battle?
pm_kinship_domestic	how does losing a soldier affect the long-term financial security of the family line?
pm_kinship_domestic	can you explain how workshop tenure inheritance works for blacksmithing and farming?
pm_perception_sensors	How do game engines determine if an enemy has spotted the player based on sound levels?
pm_perception_sensors	What happens when a character in a game gets discovered by the enemy AI?
pm_perception_sensors	Does crouching make it harder for enemies to see you in video games?
pm_perception_sensors	How do AI agents decide where to look when they hear something suspicious?
pm_perception_sensors	What do enemy units do once they figure out where the noise is coming from?
pm_steward_economy	How do I balance farming and other jobs to keep my village thriving?
pm_steward_economy	What happens if I don’t save enough food during the harvest season?
pm_steward_economy	Why are market prices changing so much in the game?
pm_steward_economy	How do I prevent a famine crisis when grain prices get too high?
pm_steward_economy	Why does the population stop growing once things go well?
pm_system_isekai	How do I unlock the next stage of progression in this system?
pm_system_isekai	What happens to my character if I get cursed?
pm_system_isekai	Can I reduce the damage I take from fire attacks?
pm_system_isekai	How many experience points do I need to reach the next level?
pm_system_isekai	How do I decide where to put my stat points when I level up?
pm_tactics_combat	how do I flank an enemy group without getting caught?
pm_tactics_combat	which targets should I prioritize to minimize squad damage?
pm_tactics_combat	what's the best way to focus fire on a single target?
pm_tactics_combat	if our team loses contact, where do we retreat to?
pm_tactics_combat	how can I coordinate a surprise attack from multiple directions?
pm_voice_dialogue	how do game characters call villagers together when danger strikes?
pm_voice_dialogue	what kind of voice commands help bring NPCs together during gameplay?
pm_voice_dialogue	why do voice lines in games change based on what the player does?
pm_voice_dialogue	how can players trick non-player characters using their dialogue?
pm_voice_dialogue	what happens if a player makes a mistake during an argument in the game?
pm_wilds_ecology	how do ecosystem simulation models work with biotic and abiotic components?
pm_wilds_ecology	what do animal scent cues tell us about targets?
pm_wilds_ecology	where are environmental hazard zones in pm wilds?
pm_wilds_ecology	how does drought affect wildlife behavior in pm wilds?
pm_wilds_ecology	what happens to forage quality as plants go dormant?
pneumatology	how does gas get exchanged in the alveoli?
pneumatology	what role do lamellar bodies in type II pneumocytes play?
pneumatology	what are the guidelines for monitoring a patient's vital signs during respiratory distress?
pneumatology	how long should systemic corticosteroids be used for most exacerbations?
pneumatology	what does PEEP do for collapsed alveoli?
point_addition	how do you calculate the slope when adding two different points on an elliptic curve?
point_addition	what happens to the formula if you try to add a point to itself?
point_addition	why do some systems need special timing protections when doing point math?
point_addition	what is the role of the divisor class group in defining point addition?
point_addition	how does the Abel-Jacobi map relate to linear equivalence in this context?
point_doubling	how do you compute the slope when doubling a point on a short Weierstrass elliptic curve?
point_doubling	are Montgomery or Edwards forms more efficient than short Weierstrass curves for elliptic curve operations?
point_doubling	what methods can be used to reduce the number of point doublings needed in elliptic curve cryptography?
point_doubling	does the group law on elliptic curves include inverses and an identity element?
point_doubling	can hardware noise injection protect elliptic curve implementations from side-channel attacks?
polarimetry	How does circular dichroism spectroscopy work by comparing left and right circularly polarized light?
polarimetry	What does it mean for the specific rotation constant to be dimensionless?
polarimetry	Why should I use a quartz crystal cut along its optical axis as a reference standard?
polarimetry	How do I properly record the observed rotation angle while controlling for temperature and concentration?
polarimetry	How can I calibrate the compensator to make sure the angular position matches the actual optical rotation?
polymer_chemistry_and_crosslinking	How does increasing the number of crosslinks in a polymer affect its glass transition temperature?
polymer_chemistry_and_crosslinking	What strategies can be used to reduce shrinkage during polymerization?
polymer_chemistry_and_crosslinking	Why are diacrylates considered useful as crosslinkers in radical polymerization?
polymer_chemistry_and_crosslinking	What happens when polymer radicals encounter oxygen during the reaction?
polymer_chemistry_and_crosslinking	Which types of industrial equipment are commonly used to scale up polymer manufacturing processes?
polymer_matrix_thermal_degradation	how does the speed at which you heat a polymer change the way it breaks down thermally?
polymer_matrix_thermal_degradation	what happens to the glass transition temperature when polymer chains are restricted in movement?
polymer_matrix_thermal_degradation	how do thermosets begin to crosslink when they are exposed to high temperatures?
polymer_matrix_thermal_degradation	can mechanical stress during processing cause polymer chains to break apart?
polymer_matrix_thermal_degradation	how do flame retardants help prevent thermal runaway in polymers?
polymer_rheology	how do polymer chain entanglements affect flow behavior in semi-dilute solutions?
polymer_rheology	what causes the first normal stress difference to become positive as shear rate increases?
polymer_rheology	why can the time-temperature superposition principle be used at different temperatures but the same frequency?
polymer_rheology	how does forming a continuous polymer network create a yield stress?
polymer_rheology	what role does a second relaxation time play in modeling molecular orientation changes?
porcelain_vitrification_processes	How do I get rid of air bubbles in my clay before firing it?
porcelain_vitrification_processes	Why is it important to control how fast the kiln heats up and cools down?
porcelain_vitrification_processes	What role does feldspar play in making porcelain vitrify properly?
porcelain_vitrification_processes	How does the cooling speed affect the strength of the final piece?
porcelain_vitrification_processes	What is the right way to fire porcelain without cracking or ruining the material?
pottery_and_ceramic_glaze_firing	What happens to a glaze if it expands more than the clay when it cools?
pottery_and_ceramic_glaze_firing	How can I stop my glaze from running off the pot during the firing process?
pottery_and_ceramic_glaze_firing	What role do fluxes like sodium carbonate play in ceramic glazes?
pottery_and_ceramic_glaze_firing	Why do I need to mix water with clay before I start shaping my pottery?
pottery_and_ceramic_glaze_firing	What kind of toxic fumes are released when a kiln is fired?
precipitate_hardening	how does the aging process affect precipitate size in metals?
precipitate_hardening	what makes a precipitate stay coherent with the surrounding matrix?
precipitate_hardening	why is it important to keep precipitate size within a specific range for strengthening?
precipitate_hardening	how do differences in atomic spacing between phases create strain fields?
precipitate_hardening	why do fine precipitates help a material resist fatigue failure better than large ones?
precision_agriculture	how do flow meters in precision agriculture achieve such accurate measurements?
precision_agriculture	why can’t multispectral imaging tell the difference between certain crop stressors?
precision_agriculture	what role do soil hydraulic properties play in deciding how much water a field needs?
precision_agriculture	can you explain how LiDAR helps map out field boundaries and obstacles?
precision_agriculture	does using precision application long-term really help keep soil organic matter up?
precision_gear_manufacturing	How does case hardening help high-carbon steel gears handle wear while staying tough?
precision_gear_manufacturing	What is probe compensation and how do CMM systems use it for accurate measurements?
precision_gear_manufacturing	Can you explain how CAM software tool path optimization helps reduce tool wear?
precision_gear_manufacturing	Why is root strength important for preventing bending failure in high torque gears?
precision_gear_manufacturing	What rework methods are used to fix gears that have minor repairable defects?
precision_grinding_and_abrasive_technology	how does the thermal properties of the grinding wheel material impact temperature changes when grinding hardened steel at high speeds?
precision_grinding_and_abrasive_technology	what role does the size of the grinding wheel play in determining the contact area and force distribution during the process?
precision_grinding_and_abrasive_technology	what types of grinding wheels are necessary for shaping complex curved surfaces?
precision_grinding_and_abrasive_technology	how do the grain size of the abrasive and the cutting speed determine the thickness of the metallographic layer?
precision_grinding_and_abrasive_technology	in what ways do the characteristics of the fluid medium influence the movement and spread of abrasive particles inside the grinding chamber?
precision_hand_tool_maintenance	How do I take apart the movable jaw or handle pivot for cleaning and adjustment?
precision_hand_tool_maintenance	What should I do to keep my hand tools from rusting while they’re not in use?
precision_hand_tool_maintenance	Why does adding chromium or vanadium to tools make them harder to sharpen properly?
precision_hand_tool_maintenance	What kind of file should I use to fix parts that have become worn out?
precision_hand_tool_maintenance	Do I need special shock absorption when shipping delicate precision tools in a vehicle?
precision_lens_grinding_and_polishing	How do I make sure the polishing compound doesn't damage the lens material itself?
precision_lens_grinding_and_polishing	Why does the temperature need to be controlled during the polishing process?
precision_lens_grinding_and_polishing	What kind of motion should I use when grinding the lens to get an even surface?
precision_lens_grinding_and_polishing	Should I keep my polishing tools in plastic bags or just on a shelf?
precision_lens_grinding_and_polishing	How do I avoid getting deep scratches on the lens from using abrasive particles?
precision_machining_and_surface_finishing	What finishing process is best for parts that already have a surface roughness under Ra 0.8 microns?
precision_machining_and_surface_finishing	How do I prevent chip buildup and tool wear when machining titanium alloys?
precision_machining_and_surface_finishing	What level of axis positioning accuracy is needed for high-precision machining over a 100mm travel?
precision_machining_and_surface_finishing	Why does higher ductility help reduce the peak temperature during the shearing process?
precision_machining_and_surface_finishing	Which measurement technique is used to detect residual stress by analyzing lattice strain?
precision_machining_and_tolerances	How does the smallest part size relate to the maximum error allowed in precision machining?
precision_machining_and_tolerances	What factors determine the critical speed and load limits to avoid chatter and keep dimensions accurate?
precision_machining_and_tolerances	How does the control system adjust the tool path using the spindle's current angle?
precision_machining_and_tolerances	Why can sudden surface cooling from heat gradients cause cracking in hardened steel?
precision_machining_and_tolerances	How should I correct for temperature changes when using a CMM for measurements?
precision_machining_of_crankshafts	how do I choose the right cutting tools for machining crankshafts made of different materials?
precision_machining_of_crankshafts	what steps should I take after roughing to finish the crankshaft within 0.1 mm tolerance?
precision_machining_of_crankshafts	why is thermal compensation important in crankshaft machining machines?
precision_machining_of_crankshafts	can eddy current testing detect surface flaws in conductive crankshaft materials?
precision_machining_of_crankshafts	what should I check if my machining tool breaks during crankshaft production?
precision_mechanical_flexure_and_structural_dynamics	Why do micro-scale flexures exhibit energy loss and how does that affect their long-term behavior?
precision_mechanical_flexure_and_structural_dynamics	How can uneven heating across a flexure lead to side-to-side instability or unpredictable motion?
precision_mechanical_flexure_and_structural_dynamics	What is the standard method for deriving the stiffness matrix when designing flexible mechanical components?
precision_mechanical_flexure_and_structural_dynamics	How do engineers decide which design features to prioritize when balancing range, weight, and stiffness?
precision_mechanical_flexure_and_structural_dynamics	Why are tuned mass dampers added to precision mechanical devices and how do they help avoid resonance?
precision_metrology_and_calibration	how does temperature affect the accuracy of precision measuring instruments and optical systems?
precision_metrology_and_calibration	what robust regression techniques can be used to filter out transient systematic bias in calibration data?
precision_metrology_and_calibration	do magnetic fields cause any distortion in mass standards that affects measurement accuracy?
precision_metrology_and_calibration	can machine learning help predict instrument degradation by analyzing historical calibration data?
precision_metrology_and_calibration	why do NIST guidelines require calibration labs to participate in interlaboratory comparisons?
precision_metrology_and_dimensional_inspection	how do coordinate systems in multi-axis CMMs compensate for mechanical errors using transformation matrices?
precision_metrology_and_dimensional_inspection	what role do statistical process control charts play in detecting special cause variation?
precision_metrology_and_dimensional_inspection	how does the applied force during contact affect probe and workpiece deformation?
precision_metrology_and_dimensional_inspection	why does humidity impact wavelength calibration in optical measurement systems?
precision_metrology_and_dimensional_inspection	how is the uncertainty from instrument calibration assessed against higher-order standards?
precision_optical_testing	how do temperature changes affect the air path in optical measurements and what kind of errors do they cause?
precision_optical_testing	what is the best way to guarantee that the reference wavelength stays the same during a long measurement session?
precision_optical_testing	how does null testing achieve such high accuracy when measuring large optical components?
precision_optical_testing	where can I find the official standard for measuring optical surface profiles using optical methods?
precision_optical_testing	can machine learning help figure out the best settings for an optical test to make it faster and more accurate?
precision_spindle_design_and_kinematics	How does the moment of inertia affect the torque needed to change the spindle’s speed?
precision_spindle_design_and_kinematics	Why does adding preload to angular contacts make the system stiffer at higher RPMs?
precision_spindle_design_and_kinematics	What happens to clamping consistency if the taper contact area isn’t uniform?
precision_spindle_design_and_kinematics	Are there ways to actively cool the spindle using air or water channels?
precision_spindle_design_and_kinematics	Does adding belt tensioners change the spindle’s natural frequency?
precision_surface_profiling	how do I reduce flexural deformation when using a precision surface profiler?
precision_surface_profiling	what standard should I follow to properly characterize my measurement system’s uncertainty?
precision_surface_profiling	can non-contact scanning methods really provide better lateral resolution than stylus systems?
precision_surface_profiling	which parameters does precision surface profiling actually measure for topographical deviations?
precision_surface_profiling	when should I inspect the probe tip with a microscope to check for micro-fractures?
preferential_flow_quantification	How do soil wettability and capillary pressure influence the way water moves through macropores versus the soil matrix?
preferential_flow_quantification	Why do traditional continuum models struggle to accurately represent preferential flow pathways in heterogeneous soils?
preferential_flow_quantification	What role does ground-penetrating radar play in mapping the subsurface features that control preferential flow at the plot scale?
preferential_flow_quantification	How can non-local transport operators in integral formulations help capture the memory effects of solute movement under non-equilibrium conditions?
preferential_flow_quantification	In what ways can integrating real-time remote sensing data into hydrological models improve their operational reliability?
pressure_drop_calculation_and_flow_resistance_engineering	How do I account for pipe bends and valves when calculating pressure drop in a system?
pressure_drop_calculation_and_flow_resistance_engineering	What happens to a pump if I run it far from its best efficiency point?
pressure_drop_calculation_and_flow_resistance_engineering	Why do elbows cause more friction loss than straight pipe sections?
pressure_drop_calculation_and_flow_resistance_engineering	How can I convert my measured flow rate to standard conditions using temperature and pressure data?
pressure_drop_calculation_and_flow_resistance_engineering	Which equation should I use for calculating flow resistance in non-Newtonian fluids?
pressure_zone_management_and_control	How do air handling units keep pressure differences steady by adjusting fan speeds to match airflow?
pressure_zone_management_and_control	What safety devices do pressure relief valves and dampers provide when the system experiences faults?
pressure_zone_management_and_control	How do airflow actuators work to control the pressure within a specific zone?
pressure_zone_management_and_control	Where should I start the commissioning process to make sure the system is set up right?
pressure_zone_management_and_control	When and how should I recalibrate the sensors and actuators for pressure control?
prism_calibration	Why is fused silica preferred over BK7 for high-precision prism calibration?
prism_calibration	How much does the refractive index of typical optical glass change with temperature?
prism_calibration	What is the allowable angular misalignment for a prism in relation to the interferometer axis?
prism_calibration	How do you define figure error in the context of prism surfaces?
prism_calibration	When should a prism calibration be repeated due to drift?
process_safety_management	how do companies systematically study accidents to find out what went wrong with people and equipment?
process_safety_management	what are the key requirements under osha's standard for managing process safety?
process_safety_management	how can monitoring systems be used to catch dangerous changes in temperature or pressure?
process_safety_management	what safety procedures like evacuation plans need to be shared with every worker?
process_safety_management	how do organizations make sure only trained staff handle important maintenance or repairs?
program_verification	How do depth-first and breadth-first search strategies compare when verifying concurrent systems?
program_verification	What is the triple notation {P} C {Q} used for in Hoare Logic?
program_verification	How can the frame rule help in verifying heap-manipulating functions?
program_verification	Why are SMT solvers relevant for program verification?
program_verification	What are the benefits of lightweight monitoring in production environments?
progressive_collapse_modeling	how do you calibrate material properties for concrete and steel in progressive collapse simulations?
progressive_collapse_modeling	what time integration methods are used in finite element models to simulate dynamic collapse behavior?
progressive_collapse_modeling	how do boundary conditions influence the kinematic restrictions in a progressive collapse model?
progressive_collapse_modeling	what role do material failure criteria play in determining the sequence of structural collapse?
progressive_collapse_modeling	which statistical metrics are commonly used to evaluate the accuracy of simulated collapse results against experimental data?
protective_coating_formation	how does solvent evaporation affect the concentration of polymer chains in a coating film?
protective_coating_formation	what contact angle value suggests that a coating will form without defects?
protective_coating_formation	how does the speed of solvent evaporation influence the concentration gradients inside the coating layer?
protective_coating_formation	why is it important to let a coating cure long enough for all functional groups to react?
protective_coating_formation	how can scanning electron microscopy help predict a coating's resistance to abrasion?
pump_and_turbine_selection	How do I decide which type of pump is right for my high flow rate and low head situation?
pump_and_turbine_selection	What does the specific speed range tell me about whether to use a centrifugal or Kaplan runner?
pump_and_turbine_selection	How does the impeller actually turn fluid motion into pressure when selecting equipment?
pump_and_turbine_selection	Where do I find the correct flow rate for my system when matching pump curves?
pump_and_turbine_selection	What standards should I look at for designing centrifugal compressors to ensure quality?
pump_control_algorithms_and_energy_optimization	How do predictive control systems estimate future water pressure levels to improve pump efficiency?
pump_control_algorithms_and_energy_optimization	Why are sudden changes in pump operation considered a major source of energy waste?
pump_control_algorithms_and_energy_optimization	What role do speed sensors play in helping the control processor determine the right motor speed?
pump_control_algorithms_and_energy_optimization	Can variable frequency drives adjust pump speed to match actual water demand?
pump_control_algorithms_and_energy_optimization	How does gathering long-term operational data help account for changes in system performance over time?
pump_design	how do material properties affect pump performance in harsh environments?
pump_design	what happens if the pump impeller blades are too thin?
pump_design	why does too much space between pump parts cause energy loss?
pump_design	how can I check if my pump is delivering the right pressure?
pump_design	how does the density of the liquid being pumped change the pump's power curve?
pyrolysis_and_char_formation	How does the initial breakdown of plant materials into char start at the molecular level?
pyrolysis_and_char_formation	Why do oxygen groups disappear from biomass as it heats up longer?
pyrolysis_and_char_formation	What happens to the internal pores of the material during pyrolysis?
pyrolysis_and_char_formation	How do adding metals change the electronic properties and reactivity of the char?
pyrolysis_and_char_formation	How are the reaction speeds calculated using bond strengths and molecular pathways?
python_runtime	how does the global interpreter lock actually work to prevent multiple threads from running python code at the same time?
python_runtime	where in the python source code can i find the main execution loop that runs the bytecodes?
python_runtime	how does python’s memory allocator organize objects of different sizes using arenas and pools?
python_runtime	what are the main pitfalls when managing memory in a c extension and how do i avoid double frees or leaks?
python_runtime	how is the method resolution order calculated when dealing with multiple inheritance in python?
quality_assurance_and_inspection_protocols	how do ultrasound tests find hidden flaws inside materials?
quality_assurance_and_inspection_protocols	what does iso 13485 say about setting up quality control systems?
quality_assurance_and_inspection_protocols	how can companies prevent the same inspection errors from happening again?
quality_assurance_and_inspection_protocols	where should key safety checkpoints be placed in a process?
quality_assurance_and_inspection_protocols	do you have to keep written records of all the safety checks and fixes?
quantitative_elemental_analysis	How do I eliminate polyatomic interferences during plasma-based elemental analysis?
quantitative_elemental_analysis	Why must calibration curves be matched to the sample matrix for accurate results?
quantitative_elemental_analysis	What makes the plasma temperature so critical in destroying molecular interferences?
quantitative_elemental_analysis	Can I validate my quantitative results using ICP-MS or XRF as cross-checks?
quantitative_elemental_analysis	How does chromatography help separate co-eluting species in quantitative analysis?
quantitative_metallography	how do I make sure my microstructural sampling is unbiased and truly representative of the whole material?
quantitative_metallography	what is the best way to quantify how irregular a grain's shape is by using its convex hull?
quantitative_metallography	why is it so important to have perfectly uniform lighting when I'm trying to detect grain boundaries?
quantitative_metallography	can you explain how precipitate size affects a material's ability to resist creep and fatigue?
quantitative_metallography	how can I verify that my microscopy equipment is giving accurate results compared to other labs?
quantum_anomalous_hall_effect	how does the Berry curvature relate to the Chern number in topological insulators?
quantum_anomalous_hall_effect	what external conditions are needed to generate a linear Hall voltage in standard Hall regimes?
quantum_anomalous_hall_effect	how do chiral edge channels contribute to the overall quantized Hall conductance?
quantum_anomalous_hall_effect	can strain engineering be used to adjust the spin-orbit coupling strength in a material?
quantum_anomalous_hall_effect	what impact do magnetic impurities have on the energy gap and scattering mechanisms?
quantum_chromodynamics	How does the strong force change at different energy levels in quantum chromodynamics?
quantum_chromodynamics	Why is the strong interaction so weak at high energies compared to low energies?
quantum_chromodynamics	What role does the QCD vacuum play in confining quarks inside hadrons?
quantum_chromodynamics	How are decay constants calculated using interpolating currents in QCD?
quantum_chromodynamics	What causes chiral symmetry breaking in the low-energy regime of the strong force?
quantum_computing	how does quantum entanglement make the state of one particle depend on another?
quantum_computing	what does it mean for a unitary gate's matrix to multiply with its conjugate transpose to give the identity?
quantum_computing	can you explain how the Bloch sphere represents a single qubit's pure states?
quantum_computing	how do quantum error correction codes fix mistakes without collapsing the data?
quantum_computing	where does the formula for the best number of iterations in quantum search come from?
quantum_field_theory	How does canonical quantization start from the Lagrangian density?
quantum_field_theory	When do quantum fluctuations become small enough to recover classical equations of motion?
quantum_field_theory	What determines whether an operator is irrelevant and flows toward a fixed point?
quantum_field_theory	How does the AdS/CFT correspondence relate theories in different dimensions?
quantum_field_theory	Why does a non-zero theta parameter violate CP symmetry in the Lagrangian?
quasi_static_maxwell_equations	how does dropping the displacement current affect the ampere law equation?
quasi_static_maxwell_equations	what happens to material properties when the problem is harmonic?
quasi_static_maxwell_equations	how do mesh size and polynomial order influence the convergence of finite element solutions?
quasi_static_maxwell_equations	when is it okay to use the magnetostatic approximation?
quasi_static_maxwell_equations	does time-translation symmetry ensure energy conservation in electromagnetic fields?
quorum_based_consensus_mechanisms	how many nodes do i need to protect against Byzantine failures in a distributed system?
quorum_based_consensus_mechanisms	what role do digital certificates play in validating nodes within consensus protocols?
quorum_based_consensus_mechanisms	how can a system avoid split-brain situations when nodes disagree on the state?
quorum_based_consensus_mechanisms	why does having an honest overlapping node help resolve conflicting proposals?
quorum_based_consensus_mechanisms	what system conditions allow for higher throughput under synchronous assumptions?
quorum_certificate_verification	how many signatures does a quorum certificate need to be valid?
quorum_certificate_verification	what happens if the validator set changes during consensus?
quorum_certificate_verification	why does a deeper block tree make verification slower?
quorum_certificate_verification	how does the protocol decide which certificate to use when there are multiple options?
quorum_certificate_verification	what role does the view number play in selecting a quorum certificate?
radiative_transfer_theory	how do boundary conditions affect the radiation field in radiative transfer calculations?
radiative_transfer_theory	what happens to the radiative transfer equation when discretized along different directions?
radiative_transfer_theory	how does the mean free path influence photon interactions in a medium?
radiative_transfer_theory	when is the assumption of isotropic radiation invalid in radiative transfer theory?
radiative_transfer_theory	how does wavelength dependence impact optical properties in radiative transfer models?
range_query_optimization	How can I minimize disk reads when running range queries on large datasets?
range_query_optimization	Why are B-tree indexes considered good for handling concurrent updates during range scans?
range_query_optimization	How does the database decide which partitions to search when my range query is wide?
range_query_optimization	What causes range queries to run slowly when the data distribution is uneven across nodes?
range_query_optimization	At what point does the query optimizer switch from using an index to scanning the whole table?
range_scan_parallelization	how do modern systems use multi-core CPUs and AVX-512 instructions to parallelize range scans?
range_scan_parallelization	what is the method for splitting workloads evenly across processors based on data distribution?
range_scan_parallelization	why must write operations be serialized or partitioned during parallel range scans?
range_scan_parallelization	how is metadata created to map partition identifiers to their corresponding key ranges?
range_scan_parallelization	what data precision is required for accumulators to avoid overflow during aggregation steps?
ransac_algorithm	how does the chance of finding the right model change if I adjust the percentage of inliers?
ransac_algorithm	what happens when I use least squares to fit a model to the points I pick?
ransac_algorithm	how does the algorithm decide which hypotheses are good based on the distance threshold?
ransac_algorithm	why does running more iterations make the algorithm slower but more likely to find the best set?
ransac_algorithm	can I speed up the process by running it on multiple processors?
real_time_monitoring_and_alarm_threshold_configuration	How does the system keep track of alarm thresholds across different components?
real_time_monitoring_and_alarm_threshold_configuration	What role does Kafka play in connecting the monitoring subsystems?
real_time_monitoring_and_alarm_threshold_configuration	How does the system decide when to trigger an alarm based on signal deviations?
real_time_monitoring_and_alarm_threshold_configuration	How does the system avoid sending duplicate alarm notifications?
real_time_monitoring_and_alarm_threshold_configuration	What metrics are used to measure alert fatigue in this system?
real_time_operating_system_design	how does the system prevent priority inversion in real time applications?
real_time_operating_system_design	why are address translation tables stored in hardware caches?
real_time_operating_system_design	how does the operating system keep data consistent across different tasks without extra code?
real_time_operating_system_design	what hardware component sets the fixed execution frequency of the system?
real_time_operating_system_design	how does the scheduler decide what to run next based on incoming events?
reciprocating_motion_mechanisms	How does the firing sequence influence the timing of power delivery in multi-cylinder engines?
reciprocating_motion_mechanisms	What role does the connecting rod play in converting the rotational motion of the crankshaft into linear piston movement?
reciprocating_motion_mechanisms	Why is material compatibility more important than oil viscosity when it comes to boundary lubrication?
reciprocating_motion_mechanisms	How do ceramic-coated bearings help engines handle high temperatures and reduce friction?
reciprocating_motion_mechanisms	In what way does changing the rocker arm length change how far the valves open during operation?
recursive_function_call_stack_management	What happens when a recursive function uses too much stack space and runs out of memory?
recursive_function_call_stack_management	Can compiler optimizations help prevent stack overflow by removing unnecessary stack frames?
recursive_function_call_stack_management	Do C and C++ compilers always apply tail call optimization to recursive functions?
recursive_function_call_stack_management	How does the depth of recursion affect the number of stack frames needed?
recursive_function_call_stack_management	Does tail call optimization influence how garbage collection works in a program?
reduction_oxidation_firing_techniques	how does the oxygen level inside the kiln affect what happens to the iron in the clay?
reduction_oxidation_firing_techniques	why do I get shiny metal spots on my pottery when I fire it?
reduction_oxidation_firing_techniques	what tools do I need to keep track of temperature and oxygen while the kiln is running?
reduction_oxidation_firing_techniques	how can I stop my glaze from cracking during the cooling phase?
reduction_oxidation_firing_techniques	does the way I reduce the kiln change how opaque my finished pieces turn out?
redundant_control_logic_design	how do I ensure my control paths don't share the same environmental risks?
redundant_control_logic_design	what are analog voting circuits and why use them for continuous monitoring?
redundant_control_logic_design	how can I make sure my system transitions meet safety requirements like mutual exclusion?
redundant_control_logic_design	should I adjust my failover procedures after testing based on what I see happening?
redundant_control_logic_design	how do I use logged diagnostic data to figure out what went wrong after a failure?
redundant_server_architecture	How do redundant server setups stay in sync and know when one is down?
redundant_server_architecture	What kind of network switches are needed to keep traffic flowing if a primary server fails?
redundant_server_architecture	How can I spread incoming requests evenly across multiple server instances?
redundant_server_architecture	Is it possible to move active workloads to another server without downtime?
redundant_server_architecture	How do distributed servers handle conflicting writes from different nodes at the same time?
refractive_index_correction	how do you correct chromatic aberration using lenses with different dispersive properties?
refractive_index_correction	why can you get rid of traditional curved lens surfaces when using internal index variation?
refractive_index_correction	what is the Kramers-Kronig relation and how does it link refractive index to dielectric function?
refractive_index_correction	how does mechanical strain affect the optical properties of a material through the elasto-optic effect?
refractive_index_correction	what reference standards are used to calibrate refractive index measurements for accuracy?
refractive_index_metrology	how is the refractive index of a material actually calculated in terms of light speed?
refractive_index_metrology	what level of accuracy do environmental monitoring systems need to keep their data reliable?
refractive_index_metrology	how can wavelength measurements be made so accurate that they match atomic clock precision?
refractive_index_metrology	can optical coherence tomography really map the refractive index inside biological tissues with micrometer detail?
refractive_index_metrology	why is ellipsometry the better choice when measuring thin films that need both thickness and optical constant data?
refractive_index_standardization	how do I make sure my refractometer gives accurate readings?
refractive_index_standardization	what happens if the material I’m testing changes its concentration?
refractive_index_standardization	does the temperature of the instrument affect the results?
refractive_index_standardization	how can I stop the machine from shaking during a measurement?
refractive_index_standardization	what should I do to calibrate my refractometer properly?
refractory_composite_formulation	how can x-ray diffraction help in analyzing the structure of refractory composites?
refractory_composite_formulation	what happens when the thermal expansion coefficients in a composite differ by more than 10 percent per degree?
refractory_composite_formulation	which elements like chromium or aluminum help protect the metal matrix in refractory materials?
refractory_composite_formulation	how do explosion-proof fans and dust collection systems keep the environment safe during composite manufacturing?
refractory_composite_formulation	why is it important to control microstructural development to minimize defects in refractory composites?
refractory_engineering	how do I choose the right refractory mix for my specific thermal expansion needs?
refractory_engineering	what makes zirconia-based refractories so good for gas turbine combustion chambers?
refractory_engineering	where can I find the official standard for measuring the coefficient of thermal expansion in refractories?
refractory_engineering	why is it important to weigh crushed materials so precisely when making refractory grade?
refractory_engineering	can I use modular refractory systems to avoid shutting down my equipment for maintenance?
refractory_material_engineering	how do rare earth oxides help in reducing boundary energy in refractory materials?
refractory_material_engineering	what role does specific heat capacity play in reaching steady-state operating temperatures?
refractory_material_engineering	why is precise atmospheric control important for avoiding secondary phases?
refractory_material_engineering	what causes the formation of undesirable phases in high-temperature processing?
refractory_material_engineering	how do sacrificial layers with lower melting points protect components from damage?
refractory_material_science	how do thermal expansion differences between ceramic layers and the substrate create stress during temperature changes?
refractory_material_science	what happens to oxide particles in refractory materials when they grow over time through Ostwald ripening?
refractory_material_science	why does making the ceramic structure more dense help prevent oxidation from reaching the interior?
refractory_material_science	what makes carbon fiber reinforced silicon carbide a strong choice for high-temperature applications while keeping heat flow high?
refractory_material_science	how does a drop in thermal conductivity at material interfaces affect the cooling system downstream?
regression_analysis_and_least_squares_fitting	How do I know if my design matrix is causing numerical issues in my regression model?
regression_analysis_and_least_squares_fitting	What value of lambda should I pick to get the best balance between bias and variance in ridge regression?
regression_analysis_and_least_squares_fitting	Does my OLS estimate stay unbiased even if my error terms have changing variances?
regression_analysis_and_least_squares_fitting	Why does setting the gradient to zero help me find the minimum in least squares fitting?
regression_analysis_and_least_squares_fitting	How do I calculate the mean square error from my residual sum of squares in regression analysis?
regularization_in_inverse_problems	How does the prior distribution affect the regularization term in maximum a posteriori estimation?
regularization_in_inverse_problems	Why do higher-order difference operators lead to stronger smoothness constraints?
regularization_in_inverse_problems	What does the regularization parameter λ actually balance between?
regularization_in_inverse_problems	How does a slower decay rate impact stability and high-frequency details?
regularization_in_inverse_problems	Why is this method so effective for linear inverse problems with Tikhonov regularization?
reinforced_masonry_shear_design	how do you calculate the total shear strength of a reinforced masonry wall?
reinforced_masonry_shear_design	what are the requirements for detailing in reinforced masonry structures?
reinforced_masonry_shear_design	how do masonry units and steel reinforcement each contribute to the shear capacity?
reinforced_masonry_shear_design	what documentation is needed to show that construction followed the design specs?
reinforced_masonry_shear_design	how do engineers make sure shear walls can handle seismic forces?
relational_database_b_tree_indexing	How does the database engine navigate from the root node down to the leaf page when processing a range query?
relational_database_b_tree_indexing	Why does the system promote the median key to the parent node during the index update process?
relational_database_b_tree_indexing	What locking mechanisms are required when merging records in adjacent leaf nodes of a B-tree?
relational_database_b_tree_indexing	How does online index rebuilding impact system availability and resource usage?
relational_database_b_tree_indexing	Which index type does the query optimizer typically choose for range-based search conditions?
remote_sensing	How does remote sensing technology work when electromagnetic waves hit the Earth's surface?
remote_sensing	What steps are involved in correcting satellite images for lens distortion and movement during capture?
remote_sensing	How can spectral unmixing algorithms separate mixed signals into pure material signatures?
remote_sensing	Why is it important to combine high-resolution satellite imagery with ground data for disaster management decisions?
remote_sensing	What role do advanced fusion algorithms play when integrating data from optical, radar, and thermal sensors?
remote_sensing_image_processing	How does a SAR system create images using microwave signals from a moving satellite?
remote_sensing_image_processing	Why does the Dark Target algorithm consider the darkest pixels in a radar image to be soil or shadows?
remote_sensing_image_processing	What does it mean when a remote sensing value is described as a ratio between zero and one?
remote_sensing_image_processing	How do endmember selection algorithms figure out which materials make up a single pixel?
remote_sensing_image_processing	Why is it necessary to turn scattered point data into a smooth grid when representing the Earth's surface?
renormalization_group_flow	how do different microscopic theories end up behaving the same way at large distances?
renormalization_group_flow	what does it mean for a coupling constant to flow toward a fixed point under coarse-graining?
renormalization_group_flow	why is quantum chromodynamics considered asymptotically free?
renormalization_group_flow	how can we systematically analyze critical phenomena using the renormalization group?
renormalization_group_flow	what characterizes a super-renormalizable theory in terms of coupling constants and energy scales?
renormalization_group_theory	How is the product of operators at different points expressed in renormalization group analysis?
renormalization_group_theory	Why do marginal operators need extra calculations to figure out their flow?
renormalization_group_theory	What condition makes bare Green's functions independent of the renormalization scale?
renormalization_group_theory	What do negative eigenvalues imply about irrelevant operators in the RG flow?
renormalization_group_theory	How does truncating the functional flow equation lead to a PDE for the effective potential?
reprojection_error	why do least squares cost functions struggle so much with outlier points in visual geometry problems?
reprojection_error	how does weighted least squares help when minimizing reprojection error for camera parameter estimation?
reprojection_error	what exactly does the extrinsic matrix represent regarding the camera's position and orientation?
reprojection_error	can image sensor non-uniformity cause bias in intensity-based feature detection methods?
reprojection_error	how does the RANSAC algorithm work to separate good matches from bad ones for robust transformation estimation?
residual_strength_assessment_methods	How do engineers use experimental stress-strain data to improve finite element models for predicting how much load a damaged structure can still carry?
residual_strength_assessment_methods	What is the role of internal variables in continuum damage mechanics when modeling the gradual loss of strength in materials?
residual_strength_assessment_methods	Which standard guidelines the oil and gas industry must follow for nondestructive testing of welded pipelines?
residual_strength_assessment_methods	Why is it important to include the coefficient of variation of material and geometric parameters when analyzing uncertainty in residual strength?
residual_strength_assessment_methods	What are the typical options an engineer might recommend—such as continued service, monitoring, repair, or replacement—after a residual strength assessment?
residual_stress_analysis_and_stress_relief_techniques	How do I prevent new residual stresses from forming when I heat a component?
residual_stress_analysis_and_stress_relief_techniques	Why do residual stresses occur in materials after manufacturing?
residual_stress_analysis_and_stress_relief_techniques	Which stress relief method should I choose for my specific part?
residual_stress_analysis_and_stress_relief_techniques	How is experimental data turned into actual stress values for a component?
residual_stress_analysis_and_stress_relief_techniques	What methods are required by industry standards to check residual stress?
residual_stress_engineering_in_sintered_materials	How do particle size differences affect stress levels during the sintering process?
residual_stress_engineering_in_sintered_materials	Can precipitates help reduce internal stresses in sintered materials?
residual_stress_engineering_in_sintered_materials	What methods are used to measure residual stress in sintered components?
residual_stress_engineering_in_sintered_materials	What are the limitations of using neutron diffraction for stress analysis?
residual_stress_engineering_in_sintered_materials	How can residual stress measurement help improve manufacturing processes?
residual_stress_management_in_multilayer_systems	how do scientists measure the lattice strain in thin films using X-ray diffraction?
residual_stress_management_in_multilayer_systems	what causes thermal residual stress in multilayer systems and how does the sign depend on material properties?
residual_stress_management_in_multilayer_systems	why is the elastic modulus of each layer important when calculating residual stress in thin films?
residual_stress_management_in_multilayer_systems	can finite element analysis help predict how residual stress changes during the fabrication of multilayer coatings?
residual_stress_management_in_multilayer_systems	is there a risk that relieving too much stress in structural coatings could harm their hardness and wear resistance?
residual_stress_measurement_and_mapping	how do you calibrate the equipment to make sure the residual stress measurements are accurate?
residual_stress_measurement_and_mapping	why is it important to measure in different crystallographic directions when trying to find the full stress tensor?
residual_stress_measurement_and_mapping	what exactly happens to the diffraction peaks when a material is under elastic deformation?
residual_stress_measurement_and_mapping	why would you choose neutron diffraction over other methods if you need to measure stress deep inside a part?
residual_stress_measurement_and_mapping	how does neutron diffraction help in visualizing how stress changes across the thickness of a component?
retaining_wall_construction	how does a gravity retaining wall actually work to hold back dirt?
retaining_wall_construction	what happens to geocell walls if the soil inside isn't compacted well enough?
retaining_wall_construction	when is the right time to take off the forms from a concrete retaining wall?
retaining_wall_construction	how do you make sure water drains properly away from a retaining wall?
retaining_wall_construction	where can I find reliable design rules for building masonry retaining walls?
retinal_ganglion_cell_mapping	How small are the receptive fields of midget ganglion cells compared to other types?
retinal_ganglion_cell_mapping	Which retinal ganglion cell types mostly send signals to the lateral geniculate nucleus?
retinal_ganglion_cell_mapping	What technology allows researchers to record from many retinal ganglion cells at once in living subjects?
retinal_ganglion_cell_mapping	Why do some synapses in the visual pathway get removed during development?
retinal_ganglion_cell_mapping	How do neurons in the lateral geniculate nucleus change their strength based on signals from the retina?
rework_and_re_inspection_contingency_planning	how do electronic quality management systems help manage rework documentation and workflow?
rework_and_re_inspection_contingency_planning	what steps are needed to update traceability records after a component is reworked?
rework_and_re_inspection_contingency_planning	when does reinspection take place for a component that has gone through heat treatment?
rework_and_re_inspection_contingency_planning	how does production track and record rework activities in the quality management system?
rework_and_re_inspection_contingency_planning	how can a company measure the efficiency of labor and equipment used during rework?
rheological_fluid_processing	how do I accurately measure the baseline resistance of a polymer melt before it starts moving?
rheological_fluid_processing	why do Coriolis flow meters handle viscosity changes better than other types without needing extra software corrections?
rheological_fluid_processing	what causes foam to form in my processing system and why does it ruin the mixing efficiency?
rheological_fluid_processing	how do I keep the Deborah number steady so the fluid behaves consistently throughout the process?
rheological_fluid_processing	what kind of mixing technique helps stabilize foam without causing the bubbles to merge or separate?
rheology_of_polymer_solutions	How do polymer chains get stuck together in thick solutions and what happens to their movement?
rheology_of_polymer_solutions	Why does stretching polymer chains make the fluid less thick instead of more?
rheology_of_polymer_solutions	At what point does the way polymer chains move change from bouncing around to sliding through each other?
rheology_of_polymer_solutions	How can tiny particles make polymer mixtures thicker and change how they flow under stress?
rheology_of_polymer_solutions	What should I watch out for when pushing polymer solutions through a mold to avoid messy flow patterns?
riparian_buffers	how do roots of trees and shrubs help keep stream banks from eroding?
riparian_buffers	what role does soil movement play in how buffers clean up runoff?
riparian_buffers	which laws set the rules for building or maintaining riparian buffers?
riparian_buffers	how does warm weather affect the nutrients that wash into streams from buffer zones?
riparian_buffers	how wide should a buffer strip be to get the best water quality results?
robotic_compliance	how do series elastic actuators help robots handle impacts and sense force?
robotic_compliance	what does the mission planner do when it picks between rigid positioning and compliant manipulation modes?
robotic_compliance	why is it important to estimate friction coefficients for joint torque generation?
robotic_compliance	how does separating position and force error control benefit the robot's overall performance?
robotic_compliance	what is the role of the hardware-based safety relay in shutting down the robot during critical faults?
robotic_control_systems	how do redundant control architectures keep a robotic system running when primary components fail?
robotic_control_systems	what is analytical inverse kinematics and how does it use closed-form math based on robot structure?
robotic_control_systems	can machine learning-based adaptive control methods handle unmodeled dynamics and environmental disturbances in real time?
robotic_control_systems	what is memory-mapped I/O and why does it allow direct CPU access to peripheral registers without interrupt overhead?
robotic_control_systems	how is calibration traceability maintained by linking measurements to NIST-traceable standards and keeping calibration certificates?
robotic_kinematics	how does forward kinematics determine where a robot’s tool end is positioned based on joint angles?
robotic_kinematics	what role do encoders play in providing joint angle data for robotic kinematics?
robotic_kinematics	what are the four parameters defined by the Denavit–Hartenberg convention for each robot joint?
robotic_kinematics	how can errors in physical link dimensions be corrected within a robot’s kinematic model?
robotic_kinematics	what does kinematic redundancy mean in terms of joint configurations for a robot’s end effector?
robotics	Why does the curse of dimensionality make traditional sampling-based planners so computationally expensive for robots with many joints?
robotics	How can real-time control systems prevent injury to people or damage to delicate items during robotic interactions?
robotics	What exactly defines the configuration space of a serial manipulator in terms of joint movements?
robotics	Why might model-based control strategies fail when robots encounter unexpected changes in their environment?
robotics	How do power management controllers use battery health and charge levels to improve charging and discharging efficiency in robots?
rock_engineering	how do rock bolts work to secure unstable rock masses?
rock_engineering	what methods do engineers use to prevent tunnel collapses?
rock_engineering	how does numerical modeling help design better tunnel shapes?
rock_engineering	can sprayed cement fix small cracks in rock surfaces?
rock_engineering	what kind of sensors track pressure and temperature in tunnels?
rock_mechanics	how to choose the right size rock sample for testing in a shear apparatus?
rock_mechanics	what is the formula for calculating effective normal stress in rocks?
rock_mechanics	how do strength parameters determine which planes might fail under stress?
rock_mechanics	why does standardizing rock testing help when working at different mining sites?
rock_mechanics	what does it mean when shear strength is related to normal stress on a potential failure plane?
rocm_gpu_compute	How does coalescing of global memory transactions impact performance when threads access contiguous addresses?
rocm_gpu_compute	What are the hardware benefits of using atomic operations on GPU VRAM for concurrent updates?
rocm_gpu_compute	Why is changing from array of structures to structure of arrays recommended to minimize bank conflicts?
rocm_gpu_compute	How can I use the HIP API to launch kernels asynchronously instead of synchronously?
rocm_gpu_compute	What are the negative effects of register spilling on kernel efficiency and memory usage?
role_based_access_control_systems	how does role inheritance work in hierarchical systems to automatically assign permissions?
role_based_access_control_systems	what steps are involved in the formal request process for assigning roles to users?
role_based_access_control_systems	how do caching mechanisms help improve performance for frequently accessed permissions?
role_based_access_control_systems	can you explain how integrating with HR systems can automate role assignments based on job titles?
role_based_access_control_systems	what information does the security context include when evaluating user access requests?
rotating_machinery_and_shaft_alignment	How do I know which alignment method is best for my specific machine setup?
rotating_machinery_and_shaft_alignment	What is the process for calculating the offset at the driven shaft reference point?
rotating_machinery_and_shaft_alignment	Why do changes in the interference fringe pattern indicate shaft displacement?
rotating_machinery_and_shaft_alignment	How does proper alignment help with reducing vibration and condition monitoring?
rotating_machinery_and_shaft_alignment	How do I account for coupling deformation when measuring total misalignment?
rotating_machinery_balancing	What is the central rotating part called that holds the workpiece during balancing?
rotating_machinery_balancing	How do you calculate the size of the unbalance vector from the mass and eccentricity?
rotating_machinery_balancing	Why is it important to disconnect power and drive systems before starting the balancing process?
rotating_machinery_balancing	When is it best to choose a method that involves heavy rotors or imbalances spread along the shaft?
rotating_machinery_balancing	Why would you need two correction planes if the phase angle shows a dynamic imbalance?
rotational_dynamics_and_inertial_balancing	How is the inertia tensor calculated from the mass distribution of a rigid body?
rotational_dynamics_and_inertial_balancing	What role do the two sensors in dynamic balancing machines play in resolving imbalance vectors?
rotational_dynamics_and_inertial_balancing	How does the static unbalance vector affect the rotor's center of mass along its axis?
rotational_dynamics_and_inertial_balancing	In what ways does inertial balancing help minimize the torque needed for stabilization?
rotational_dynamics_and_inertial_balancing	Why is it necessary to spin the rotor a second time to confirm minimal vibration signals?
rotordynamic_analysis	How does the weight distribution of a rotor shaft affect its natural frequencies?
rotordynamic_analysis	What kind of sensors are best for recording short-term vibrations during flexibility tests?
rotordynamic_analysis	How are unbalance forces represented in the equations used for rotor dynamics?
rotordynamic_analysis	What kind of speed control settings help a machine avoid dangerous resonance points?
rotordynamic_analysis	How should balancing weights be designed to reduce peak vibrations at critical speeds?
scada_system_architecture_and_design	how do scada systems verify user identities using multi-factor authentication and certificates?
scada_system_architecture_and_design	what role does modbus rtu play in ensuring data accuracy with error detection checks?
scada_system_architecture_and_design	how does the system keep historical records safe from unauthorized changes?
scada_system_architecture_and_design	why are secure boot mechanisms important for protecting control hardware from rogue software?
scada_system_architecture_and_design	which tools does a scada network use to track alarms and store event logs over time?
secondary_ion_mass_spectrometry	how does the choice of primary ion affect sputter yield and surface damage?
secondary_ion_mass_spectrometry	why are cesium ions used for negative ion mode in secondary ion mass spectrometry?
secondary_ion_mass_spectrometry	what role does high vacuum play in secondary ion mass spectrometry?
secondary_ion_mass_spectrometry	how is quantitative analysis performed using secondary ion mass spectrometry?
secondary_ion_mass_spectrometry	what are some common primary ion species used in positive mode SIMS?
secure_enclaves	How does the hardware handle memory pages for enclaves without involving the operating system?
secure_enclaves	Why can't the operating system directly manage the page tables used by enclaves?
secure_enclaves	What role does the platform firmware play in updating enclave-related structures?
secure_enclaves	How do side-channel attacks like Prime+Probe exploit shared caches to leak enclave information?
secure_enclaves	What is remote attestation and why do companies use it to verify enclave integrity before communicating?
secure_multi_party_computation	how do secret sharing schemes like Shamir's keep data hidden during computation?
secure_multi_party_computation	what role do cryptographic commitments play in stopping parties from cheating?
secure_multi_party_computation	can MPC-in-the-head turn interactive protocols into non-interactive zero-knowledge proofs?
secure_multi_party_computation	how do garbled circuits help reduce communication overhead in real-world MPC systems?
secure_multi_party_computation	how can zero-knowledge proofs verify correct computation without leaking the data?
security_architecture_and_access_control_systems	how do PDPs determine whether to grant or revoke access requests in real time?
security_architecture_and_access_control_systems	what role do endpoint agents play in verifying device health before granting access?
security_architecture_and_access_control_systems	how are token expiration times enforced to prevent unauthorized use after a set period?
security_architecture_and_access_control_systems	can the security architecture adjust access decisions based on changing user behavior or environmental risks?
security_architecture_and_access_control_systems	how does the system use behavioral analytics to detect suspicious activity across different users and devices?
seismic_reflection_analysis	Why does conventional seismic processing struggle to see thin layers that are smaller than the wavelength?
seismic_reflection_analysis	What does it mean for velocity in the earth model to be laterally constant?
seismic_reflection_analysis	How do deconvolution methods help fix amplitude loss and phase distortion?
seismic_reflection_analysis	What is amplitude consistency and why is it important for quantitative seismic?
seismic_reflection_analysis	How do seismologists use reflection discontinuities to find faults and fractures?
seismic_reflection_tomography	how do we calculate the gradient of the misfit functional using the adjoint-state method in seismic reflection tomography?
seismic_reflection_tomography	what conditions must be met for the velocity model perturbation to keep the approximation linear?
seismic_reflection_tomography	why are damping factors and low-pass filtering important during the inversion process for seismic reflection tomography?
seismic_reflection_tomography	how do multi-scale inversion strategies help in seismic reflection tomography?
seismic_reflection_tomography	what is the role of regularization techniques like Tikhonov or total variation constraints in seismic reflection tomography?
seismic_tomography	how do researchers decide which earthquake pairs to use for seismic tomography?
seismic_tomography	why does standard seismic tomography assume uniform wave speeds in all directions?
seismic_tomography	what role does the elastic wave equation play in seismic tomography modeling?
seismic_tomography	how do advanced techniques improve accuracy by including diffraction and scattering?
seismic_tomography	why are regularization schemes used to enforce smoothness in hybrid seismic inversions?
seismic_wave_propagation	What equation describes how elastic waves travel through uneven geological materials?
seismic_wave_propagation	How does the shear modulus affect the speed of S-waves?
seismic_wave_propagation	What two factors determine the strength of a reflected seismic wave?
seismic_wave_propagation	How does uneven fault slip influence the frequencies of the waves it produces?
seismic_wave_propagation	Why do complex underground features lead to coda waves and background noise?
seismic_wavefield_modeling	how do I stop unwanted echoes in my seismic simulation without losing signal accuracy?
seismic_wavefield_modeling	what methods can I use to isolate my source wave from background noise in the data?
seismic_wavefield_modeling	why are implicit time-stepping methods so slow and hard to run on multiple processors?
seismic_wavefield_modeling	how does velocity variation in the earth affect the path of seismic waves?
seismic_wavefield_modeling	what makes full waveform inversion so computationally expensive for each iteration?
seismology_and_crustal_structure	how does rock density change as you go deeper into the Earth’s crust?
seismology_and_crustal_structure	what methods are used to calculate uncertainty in seismic models?
seismology_and_crustal_structure	why does stress relate to strain in a linear way for rocks?
seismology_and_crustal_structure	how precise are modern gravity instruments when measuring Earth’s pull?
seismology_and_crustal_structure	what law explains why aftershocks happen more frequently right after a big earthquake?
semantic_rule_evaluation	how do semantic rule engines find matching rules quickly using inverted indexes?
semantic_rule_evaluation	what happens when a higher-precedence rule matches in a semantic rule engine?
semantic_rule_evaluation	how does type checking ensure semantic rules are valid across an abstract syntax tree?
semantic_rule_evaluation	what is shadow mode and how does it help test new rule versions safely?
semantic_rule_evaluation	when does rule chaining in a semantic rule engine stop processing?
semiconductor_epitaxy	how does roughness at the interface form during semiconductor epitaxy growth?
semiconductor_epitaxy	what happens when adatom mobility drops during layer by layer deposition?
semiconductor_epitaxy	why do islands form instead of a smooth layer in some epitaxy processes?
semiconductor_epitaxy	how does surface contamination affect the electrical properties of the grown film?
semiconductor_epitaxy	how can we continuously measure film thickness during the deposition process?
sensor_calibration_protocols	how does polynomial fitting help when a sensor's response isn't linear?
sensor_calibration_protocols	what role does a humidity control module play in keeping capacitive sensors accurate?
sensor_calibration_protocols	should I test my pressure sensor at equal intervals across its entire range?
sensor_calibration_protocols	where can I find the calibration certificate and validity period for my reference standard?
sensor_calibration_protocols	can firmware be updated to automatically correct sensor readings based on environmental changes?
shallow_foundation_design	how does the depth of excavation influence the stress levels on the soil layers under the foundation?
shallow_foundation_design	what role does pore water pressure play in causing liquefaction and reducing bearing capacity in sandy soils?
shallow_foundation_design	how does the angle of internal friction in the soil affect the bearing capacity factor during design?
shallow_foundation_design	why are subgrade materials typically compacted in thin layers rather than in one large lift?
shallow_foundation_design	how do cohesive soils differ from granular soils when it comes to interaction effects in foundation design?
shape_memory_alloys	how do I train a shape memory alloy to remember a specific form?
shape_memory_alloys	what alloy mixtures give me the best shape memory transformation temperatures?
shape_memory_alloys	why do intermetallic compounds mess up the performance of shape memory alloys?
shape_memory_alloys	what surface treatments are needed to clean and dimension shape memory alloys properly?
shape_memory_alloys	why are shape memory alloys considered unreliable for long-term use?
shape_memory_effect_activation	how does the nickel-to-titanium ratio affect the stress needed to trigger martensite formation?
shape_memory_effect_activation	what happens to martensite variants when a material goes through repeated temperature changes?
shape_memory_effect_activation	what is the crystal structure of the martensite phase at low temperatures?
shape_memory_effect_activation	why is it so important to have an even magnetic field when using magnetic activation for shape recovery?
shape_memory_effect_activation	what does the B19' structure enable in shape memory alloys?
shear_induced_crystallization_in_polymer_melts	how does the gap height affect the shear rate needed to start crystallization in polymer melts?
shear_induced_crystallization_in_polymer_melts	what happens to polymer chains when the shear rate gets too high for them to relax?
shear_induced_crystallization_in_polymer_melts	why do shish-kebab structures form more easily when there are crystalline nuclei present?
shear_induced_crystallization_in_polymer_melts	how can I pick a suitable semi-crystalline polymer for studying shear induced crystallization?
shear_induced_crystallization_in_polymer_melts	what causes polymer chains to stretch out instead of staying coiled under flow?
shear_strength_testing	how does the moisture level of a soil sample affect its shear strength test results?
shear_strength_testing	what is the correct way to align the load cell and displacement transducer for accurate shear testing?
shear_strength_testing	how does the normal stress applied to a sample in a shear box impact its shear strength?
shear_strength_testing	is there a standard procedure for running shear strength tests at different strain rates and temperatures?
shear_strength_testing	why is it important to use a flat shear surface and shear plane when conducting a shear strength test?
sheriff_s_court_administration	What kind of storage conditions are needed to keep sheriff court case files secure from damage?
sheriff_s_court_administration	How does the court system make sure defendants get their summons on time according to the law?
sheriff_s_court_administration	What rules do sheriffs follow to handle evidence so it isn't tampered with or lost?
sheriff_s_court_administration	Who decides the monetary limits that determine whether a case belongs in sheriff court?
sheriff_s_court_administration	Where can I find the yearly reports about how well sheriffs follow judicial council rules?
siege_mining_and_subterranean_sapping	how do you find the weak spot in a fortification's foundation before digging tunnels underneath it?
siege_mining_and_subterranean_sapping	what materials are best for supporting tunnels you dig under a wall to stop them from collapsing?
siege_mining_and_subterranean_sapping	why should you keep the detonator batteries separate from the explosives you're going to use?
siege_mining_and_subterranean_sapping	how do you pack a mining charge so it blows up evenly in all directions?
siege_mining_and_subterranean_sapping	what device do you use to make several explosive charges go off at the exact same time?
siege_warfare_tactics	How did medieval engineers reinforce siege towers to keep them sturdy and fireproof?
siege_warfare_tactics	What was the process for undermining castle walls by digging tunnels from below?
siege_warfare_tactics	Why is it important for sappers and artillery teams to coordinate during a siege?
siege_warfare_tactics	Do siege engines require special bridges when trying to cross rivers or moats?
siege_warfare_tactics	How powerful were trebuchet shots when hitting fortified walls or buildings?
siege_weapons_and_fortification_defenses	how do defenders use floor holes in castle gates to fight attackers trying to get inside?
siege_weapons_and_fortification_defenses	what kind of force is needed to break through strong stone or wooden walls during an attack?
siege_weapons_and_fortification_defenses	how were the wooden or earth ladders built to reach the top of high castle walls?
siege_weapons_and_fortification_defenses	does how close you are to the fortress change whether you attack right away or wait for a long siege?
siege_weapons_and_fortification_defenses	how did bows change the mix of soldiers needed to defend against cavalry during sieges?
signal_processing	how does an impulse response fully define an lti system?
signal_processing	what is the role of the fourier transform in converting time signals to frequency components?
signal_processing	why are multirate filters useful for reducing processing load and handling aliasing?
signal_processing	what makes a matched filter optimal when dealing with white additive noise?
signal_processing	how does oversampling affect noise shaping and hardware bandwidth needs?
silicate_melt_rheology	how does the ratio of non-bridging oxygens affect the viscosity of silicate melts?
silicate_melt_rheology	what role does dissolved water play in altering the structure of a silicate network?
silicate_melt_rheology	how does the crystallographic orientation of olivine impact its flow behavior?
silicate_melt_rheology	what does it mean for a material to exhibit solid-like behavior based on its storage and loss moduli?
silicate_melt_rheology	why do some silicate melts follow a power law relationship instead of a linear one?
skin_depth_calculation	how do I calculate the skin depth of a metal using its conductivity and frequency?
skin_depth_calculation	why do engineers sometimes use multiple layers of shielding instead of just one thick layer?
skin_depth_calculation	does the temperature of a conductor affect how deep an electromagnetic wave can penetrate it?
skin_depth_calculation	under what conditions can I ignore permittivity when working with skin depth calculations?
skin_depth_calculation	how do real-world measurements compare to the theoretical values for skin depth in conductors?
slotting_analysis	how does the ratio of slot depth to width affect stress concentration in a component?
slotting_analysis	why is having a smooth surface finish important for preventing early fatigue failure in slotted parts?
slotting_analysis	what kind of material is needed for magnetic particle inspection to work properly on a part?
slotting_analysis	how does making a slot deeper impact the stress intensity factor and crack growth rate?
slotting_analysis	where do engineers typically find the rules for allowable stress and fatigue life in slot design?
smart_contract_execution	How does the gas limit prevent a smart contract from consuming too much computational power?
smart_contract_execution	What steps are taken to verify that only authorized functions can modify state within a smart contract?
smart_contract_execution	How is data stored inside a smart contract and how are keys used to access it?
smart_contract_execution	In what way can smart contracts serve as oracles to verify proofs created off-chain?
smart_contract_execution	Why is the immutability of deployed smart contracts important for their predictability?
soil_consolidation	how is the consolidation of soil actually measured?
soil_consolidation	what does total volume change mean in the context of soil consolidation?
soil_consolidation	why does soil with a lot of clay take so long to consolidate?
soil_consolidation	how do you set up a soil consolidation test?
soil_consolidation	does organic content affect the stiffness of soil?
soil_hydraulic_conductivity_measurement	how do I get accurate soil conductivity readings without messing with the soil structure?
soil_hydraulic_conductivity_measurement	why do I need to recalibrate the sensor right after putting it in the ground?
soil_hydraulic_conductivity_measurement	what size column should I use so edge effects don't mess up the vertical flow?
soil_hydraulic_conductivity_measurement	why does soil variability change the scaling factor for my measurements?
soil_hydraulic_conductivity_measurement	how do I adjust my hydraulic conductivity data for temperature changes?
soil_mechanics	how do I get my soil sample to the right density and moisture level before testing?
soil_mechanics	why can't the mohr-coulomb failure criterion handle directional strength on its own?
soil_mechanics	does the principle of soil mechanics ignore how the physical arrangement of soil particles affects its resistance to shearing?
soil_mechanics	what should I keep in mind when building a foundation on clay that will last for years?
soil_mechanics	how do engineers use the maximum dry unit weight to make sure the soil is compacted correctly during construction?
soil_moisture_retention_and_drainage_engineering	how do I calculate the relationship between soil water content and suction using the van Genuchten-Mualem equation?
soil_moisture_retention_and_drainage_engineering	what methods are best for mapping out how soil properties vary across a field?
soil_moisture_retention_and_drainage_engineering	how should I design drainage layers in engineered soil to make sure they work properly?
soil_moisture_retention_and_drainage_engineering	can you explain how to improve water use efficiency by matching irrigation schedules to sensor readings and crop demand?
soil_moisture_retention_and_drainage_engineering	is it possible to combine soil moisture sensor information with satellite imagery to get a detailed map of moisture levels?
soil_moisture_sensor_calibration	How does the capacitance of a soil moisture sensor change when the soil's dielectric constant varies?
soil_moisture_sensor_calibration	What kind of mathematical relationship is usually used to convert raw capacitance readings into actual water content values?
soil_moisture_sensor_calibration	Why does temperature affect the accuracy of soil moisture sensors and what is the direction of that effect?
soil_moisture_sensor_calibration	When calibrating a sensor, why is it important to take measurements from several different spots in the soil rather than just one point?
soil_moisture_sensor_calibration	What happens if the sensor's response time falls outside the manufacturer's recommended range?
soil_physics_and_dielectric_constant_measurement	How do liquid water molecules affect the real part of soil's permittivity?
soil_physics_and_dielectric_constant_measurement	Why does specific surface area influence the dielectric relaxation of water in soil?
soil_physics_and_dielectric_constant_measurement	What volume of soil does a coaxial probe actually measure?
soil_physics_and_dielectric_constant_measurement	Can taking multiple readings at the same spot help stabilize the signal?
soil_physics_and_dielectric_constant_measurement	How does the Debye model explain permittivity changes in saline soils?
soil_physics	how does the richards equation model water movement in soil?
soil_physics	what does the parameter θs represent in soil physics equations?
soil_physics	how is the ring-core method used to collect soil samples?
soil_physics	why does lignin content affect how fast soil decomposes?
soil_physics	why does water content change have little effect on hydraulic conductivity in dry soil?
soil_structure_interaction_analysis	how do soil stiffness and density affect the resonant frequency of a structure interacting with the ground?
soil_structure_interaction_analysis	what material properties should I assign to both the soil and the structure in a coupled analysis model?
soil_structure_interaction_analysis	why does Mohr-Coulomb failure predict shear planes while J2 plasticity suggests ductile yielding without clear failure surfaces?
soil_structure_interaction_analysis	which parameters in the soil-structure interaction model should I focus on during sensitivity analysis to get reliable results?
soil_structure_interaction_analysis	what are the advantages of using equivalent static methods for early-stage design in soil-structure problems?
solder_joint_reliability_analysis	how do voids affect the lifespan of a solder connection?
solder_joint_reliability_analysis	what test standards are required for military electronics solder joints?
solder_joint_reliability_analysis	why do temperature changes cause solder joints to break?
solder_joint_reliability_analysis	how should I apply force to test a solder joint without causing shear failure?
solder_joint_reliability_analysis	can I tell if a solder joint failed from a brittle or ductile break using a microscope?
soleplate_contact_verification	how do i know if the solder joint between the PCB and soleplate has good electrical contact?
soleplate_contact_verification	what happens if the materials used aren't very conductive?
soleplate_contact_verification	what should i do if i see dirt or oxidation on the soleplate?
soleplate_contact_verification	can i use a multimeter to test the electrical connection?
soleplate_contact_verification	how hot does the soleplate get during testing?
solid_mechanics	How does fracture mechanics connect with continuum mechanics to explain things like cracks and localized damage?
solid_mechanics	What role does tensor calculus play in the math behind continuum mechanics when materials rotate during deformation?
solid_mechanics	How are essential boundary conditions used to define displacement values in the formulation of solid mechanics problems?
solid_mechanics	What are monolithic approaches in numerical techniques for solving coupled field equations in solid mechanics?
solid_mechanics	Why might monolithic approaches require more computational resources compared to other methods in solving strongly coupled systems?
solid_state_physics	Why does the periodic arrangement of atoms in a crystal lead to translational symmetry in the system's Hamiltonian?
solid_state_physics	How is the speed of an electron related to the slope of the energy band in a material?
solid_state_physics	What does the Hall coefficient formula tell us about carrier density and charge?
solid_state_physics	How does the Chern number describe 2D systems that lack time-reversal symmetry?
solid_state_physics	What kind of magnetic properties can muon spin rotation help detect inside a solid?
solidification_kinetics_and_interface_stability	how does the lewis number affect the stability of the solid-liquid interface during solidification?
solidification_kinetics_and_interface_stability	what role does the solute diffusion equation play in determining solute transport in both liquid and solid phases?
solidification_kinetics_and_interface_stability	why do high cooling rates lead to increased microsegregation in solidifying materials?
solidification_kinetics_and_interface_stability	have real-time measurement techniques been able to confirm kinetic undercooling effects in non-equilibrium systems?
solidification_kinetics_and_interface_stability	how can external fields be used to control the morphology of solidifying materials without physical contact?
solute_drag_interface_mobility	How do solute atoms accumulate at a moving boundary during phase transformations?
solute_drag_interface_mobility	What happens to the solute cloud when the interface moves faster than its peak velocity?
solute_drag_interface_mobility	Why is knowing the solute diffusion coefficient important for predicting drag effects?
solute_drag_interface_mobility	Does a broader interface result in less resistance to movement?
solute_drag_interface_mobility	How does non-equilibrium segregation affect the overall driving force for transformation?
solute_partitioning_and_rejection	how do you remove particles and scale ions from feed streams before membrane treatment?
solute_partitioning_and_rejection	what role does the surface charge of the selective layer play in rejecting charged solutes?
solute_partitioning_and_rejection	is rejection efficiency calculated by comparing permeate concentration to feed concentration?
solute_partitioning_and_rejection	does higher temperature improve solvent permeability or damage the polymer matrix?
solute_partitioning_and_rejection	why do hydrophobic solutes have lower rejection efficiency in nonpolar membranes?
solvent_extraction_engineering	how does tray spacing affect the flooding velocity in a liquid-liquid extraction column?
solvent_extraction_engineering	what role does interfacial contactor geometry play in determining the dominant hydrodynamic regime?
solvent_extraction_engineering	why are pressure effects on liquid-liquid equilibrium usually ignored for non-volatile solutes?
solvent_extraction_engineering	how can heat exchangers be used to recover thermal energy from distillate and bottom streams?
solvent_extraction_engineering	why is inert gas blanketing required for storage tanks handling flammable vapors?
solvent_selection_for_natural_product_isolation	How does the temperature of the extraction process alter the solubility limits and the kinetic rate of mass transfer for complex mixtures?
solvent_selection_for_natural_product_isolation	What is the impact of increasing the proportion of hexane on the overall polarity of the solvent mixture?
solvent_selection_for_natural_product_isolation	How do hydrogen bonding interactions between solvent molecules and polar functional groups on natural products affect solute retention on polar stationary phases?
solvent_selection_for_natural_product_isolation	What rigorous purification and quality control steps are required for recovered solvents before reuse to prevent contamination of natural product fractions?
solvent_selection_for_natural_product_isolation	How does electrospray ionization mass spectrometry facilitate non-destructive analysis of thermally labile natural product fractions?
source_sink_relationships	how do power management units optimize energy distribution using centralized control algorithms?
source_sink_relationships	what happens when current sources in parallel with resistors are converted to equivalent voltage sources in series?
source_sink_relationships	why does efficiency of power transfer decrease as the ratio of source impedance to load impedance increases?
source_sink_relationships	how does Kirchhoff’s voltage law enforce energy conservation in a circuit loop?
source_sink_relationships	are ideal sources capable of absorbing power from the circuit?
spatial_data_encoding	How do I convert spherical coordinates like latitude and longitude into a flat grid system for easier processing?
spatial_data_encoding	What is the Z-order curve and how does it help store multi-dimensional location data in a single line?
spatial_data_encoding	Can you explain how spatial hashing allows for quick lookups of nearby objects using constant-time access?
spatial_data_encoding	How do lossy encoding methods preserve important geometric details while reducing file size?
spatial_data_encoding	What kind of centralized services are needed to keep track of global partition maps and routing tables for spatial data?
spatial_data_structures	How do uniform data distributions affect the structure and depth of spatial trees?
spatial_data_structures	Why does adding more dimensions make spatial data structures perform worse due to the curse of dimensionality?
spatial_data_structures	In what way does the R*-tree algorithm help R-trees reduce overlap and improve query speed?
spatial_data_structures	How do the capacity threshold and data dimensionality influence the fan-out in spatial indexing?
spatial_data_structures	Can vectorized processing and SIMD instructions speed up spatial predicate checks in partitioned data?
spatial_indexing_and_spatial_partitioning	how do spatial indexes handle memory allocation for empty areas versus those filled with objects?
spatial_indexing_and_spatial_partitioning	what is the difference between adaptive hierarchical grids and standard grid systems in terms of scaling?
spatial_indexing_and_spatial_partitioning	how does a spatial index ensure that parent nodes always contain their children's bounding boxes?
spatial_indexing_and_spatial_partitioning	why are Delaunay triangulations considered good for finding the closest points to a given location?
spatial_indexing_and_spatial_partitioning	can tree-based spatial indexes be updated quickly without rebuilding the whole structure?
spatial_mechanics	how do engineers use graph theory to figure out the movement limits of spatial mechanisms?
spatial_mechanics	what happens when a spatial mechanism hits a singular configuration and how do you prevent it?
spatial_mechanics	can you explain how Lyapunov functions help keep complex spatial systems stable?
spatial_mechanics	why are complicated spatial mechanisms harder to manufacture and where do you find their parts?
spatial_mechanics	how do built-in sensors help control the position and force in spatial mechanisms?
spatial_vector_algebra	How does the geometric product break down into dot and wedge parts?
spatial_vector_algebra	Why does the exponential of a bivector look like a rotation formula?
spatial_vector_algebra	Is there a clean way to write the product of two vectors using both dot and wedge?
spatial_vector_algebra	Why does a normalized rotor keep vector lengths the same?
spatial_vector_algebra	How does geometric algebra avoid the messy index notation of tensors?
specific_energy_analysis	how can heat exchangers help recover waste heat and boost cycle efficiency?
specific_energy_analysis	what signs should I look for when inspecting building insulation for weaknesses?
specific_energy_analysis	why does the second law of thermodynamics require entropy to increase in an isolated system?
specific_energy_analysis	what does system availability measure in an energy management context?
specific_energy_analysis	can predictive maintenance algorithms use motor vibrations to predict equipment failure?
spectral_analysis	How do I fix a wavelength drift in my spectral data?
spectral_analysis	What’s the best way to keep thermal drift from ruining my measurements?
spectral_analysis	What does signal-to-noise ratio actually mean in spectroscopy?
spectral_analysis	Why is the electric dipole moment operator important in UV-Vis spectroscopy?
spectral_analysis	How can I quantify concentrations using mixture spectra?
spectral_calibration	How does the instrument's physical layout affect the wavelengths it records?
spectral_calibration	What should I do if the calibration error is too high?
spectral_calibration	Why do temperature changes mess up the spectral lines?
spectral_calibration	How can I prevent thermal drift from ruining my measurements?
spectral_calibration	How do I actually set up the wavelength calibration using a reference source?
spectral_deconvolution	how does tikhonov regularization help stabilize spectral deconvolution?
spectral_deconvolution	why is it important to normalize the point spread function to unity in spectral analysis?
spectral_deconvolution	what role does the condition number of the dictionary matrix play in noise amplification during deconvolution?
spectral_deconvolution	how do constraints change the mathematical approach to spectral deconvolution?
spectral_deconvolution	in what way can tensor train decompositions improve the handling of multi-dimensional spectral data?
spectral_interference_reduction	how does the width of a light source's spectrum affect its spatial coherence?
spectral_interference_reduction	what role does layer thickness play in managing phase shifts between reflected waves?
spectral_interference_reduction	how can filtering techniques improve fringe contrast in optical systems?
spectral_interference_reduction	why are polarizing beam splitters used to reduce spectral interference from multiple reflections?
spectral_interference_reduction	can computational modeling help predict spectral performance before building an optical device?
spectral_line_analysis	How does the movement of atoms cause spectral lines to become wider or more spread out?
spectral_line_analysis	Why does each chemical element have its own distinct pattern of spectral lines?
spectral_line_analysis	What happens to the quality of a spectrum if you make the spectrometer slit wider to let in more light?
spectral_line_analysis	Can you explain how cross-correlation helps scientists match observed spectra to known elements?
spectral_line_analysis	How does laser-induced fluorescence help detect very small amounts of substances in a mixture?
spectral_resolution_enhancement	how does the width of the entrance slit affect the ability to distinguish close spectral lines?
spectral_resolution_enhancement	what fundamental limit does the aperture size place on spectral resolution due to diffraction?
spectral_resolution_enhancement	how does read noise impact the minimum detectable signal and spectral resolution in low light?
spectral_resolution_enhancement	why is the observed spectrum a convolution of the intrinsic line shape with the instrumental point spread function?
spectral_resolution_enhancement	why do advanced methods for spectral resolution enhancement need so much computational power for training and inference?
spectroscopic_analysis_and_metrology	How do I ensure my spectroscopic measurements can be linked back to official SI units?
spectroscopic_analysis_and_metrology	Why does the absorbance reading stop increasing linearly when I add more solute?
spectroscopic_analysis_and_metrology	What determines how fast I can get results from my spectrometer?
spectroscopic_analysis_and_metrology	How do I calculate the total noise in my signal using shot noise and readout noise?
spectroscopic_analysis_and_metrology	Why do I need to add internal standards to my sample before measuring?
spectroscopic_analysis	How does the electric field of light interact with charged particles in a material during spectroscopy?
spectroscopic_analysis	Why do phonons cause sidebands and broaden peaks in solid-state spectra?
spectroscopic_analysis	Is there a tradeoff between spectral resolution and signal intensity when using narrow slits?
spectroscopic_analysis	What techniques do IR spectrometers use to measure vibrational frequencies?
spectroscopic_analysis	How does the purity of a light source influence the accuracy of the Beer-Lambert law?
spectroscopic_ellipsometry	How do I determine the optical constants of a thin film using spectroscopic ellipsometry?
spectroscopic_ellipsometry	What role does the analyzer play in measuring light polarization states during ellipsometry?
spectroscopic_ellipsometry	Why is it important to use multiple incident angles and a wide wavelength range in ellipsometric measurements?
spectroscopic_ellipsometry	How do the Fresnel equations help in calculating reflection coefficients for different polarizations?
spectroscopic_ellipsometry	How can I ensure the extracted refractive index and extinction coefficient are physically meaningful?
spectroscopic_refractometry	how long should I wait for the sample and prism to reach the same temperature before I start measuring with a spectrophotometer?
spectroscopic_refractometry	what happens if there are temperature differences between the sample and the prism during a refractometry test?
spectroscopic_refractometry	can the Cauchy equation be used to calculate the refractive index for visible light?
spectroscopic_refractometry	how does multiple scattering affect the accuracy of my refractive index results?
spectroscopic_refractometry	how does a spectrophotometer determine the critical angle for total internal reflection at the interface?
spectroscopy	How does improving spectral resolution help distinguish between overlapping absorption bands in a spectrum?
spectroscopy	What role does the electric dipole operator play in determining which quantum number transitions are allowed in spectroscopy?
spectroscopy	Why are low-polarity solvents often chosen for spectroscopic analysis of electronic transitions?
spectroscopy	How does instrumental noise, like photon shot noise, affect the sensitivity of a spectroscopic measurement?
spectroscopy	What steps are involved in quantifying the concentration of an unknown sample using spectroscopy?
spinor_theory	how does the clifford algebra cl(1,3) relate to 4x4 complex matrices in spinor theory?
spinor_theory	why do gamma matrices and the derivative operator ensure the dirac equation stays the same under lorentz transformations?
spinor_theory	what is the connection between the spin group spin(1,3) and the special orthochronous lorentz group so(1,3)?
spinor_theory	how do the anticommutation relations of spinor fields lead to the pauli exclusion principle?
spinor_theory	why is a spin structure required before we can even define spinor fields in quantum field theory?
spontaneous_symmetry_breaking_in_condensed_matter	how does time-reversal symmetry breaking affect edge states in topological insulators?
spontaneous_symmetry_breaking_in_condensed_matter	what mathematical framework explains continuous phase transitions in condensed matter systems?
spontaneous_symmetry_breaking_in_condensed_matter	can topological defects cause phase changes without breaking local order parameter symmetry?
spontaneous_symmetry_breaking_in_condensed_matter	why do Cooper pairs in superconductors have zero total spin and zero net momentum?
spontaneous_symmetry_breaking_in_condensed_matter	what experimental evidence indicates spontaneous symmetry breaking in condensed matter materials?
spring_based_force_regulation	how does the shear modulus affect the spring rate and maximum deflection limits?
spring_based_force_regulation	what materials or coatings are used to protect springs from corrosion and reduce friction?
spring_based_force_regulation	why does axial loading create a uniform stress distribution across the spring wire?
spring_based_force_regulation	can surface defects worsen fatigue failure when corrosion is present?
spring_based_force_regulation	how do you calculate the stiffness of a spring using wire diameter, coil diameter, and active coils?
squeeze_out_defect_quantification	how does dielectric breakdown lead to microvoids at intermetallic interfaces?
squeeze_out_defect_quantification	what role does temperature cycling play in testing dielectric structures for microvoids?
squeeze_out_defect_quantification	should I use Arrhenius or Eyring models to analyze accelerated life testing data for microvoid quantification?
squeeze_out_defect_quantification	how do I calibrate measurements for squeeze-out defect quantification under controlled stress conditions?
squeeze_out_defect_quantification	why do non-uniform etch rates cause variations in squeeze-out volume across a wafer?
stable_isotope_probing	how does stable isotope probing work to tell active microbes from inactive ones?
stable_isotope_probing	why is it important to quench samples right after incubation in isotope tracking experiments?
stable_isotope_probing	what preservatives are typically used to stop microbial metabolism in stable isotope probing?
stable_isotope_probing	can the heavy isotopes used in SIP cause harm to the microorganisms being studied?
stable_isotope_probing	how do scientists confirm that their stable isotope probing results are reliable and repeatable?
standardization_and_regulatory_compliance	How do you get started with building a quality management system that meets all the relevant regulations?
standardization_and_regulatory_compliance	What are the specific pass or fail standards used to determine if a product meets regulatory requirements?
standardization_and_regulatory_compliance	What does IEC 62304 actually require for managing software in medical devices?
standardization_and_regulatory_compliance	How do you ensure that the final product has been tested and validated properly?
standardization_and_regulatory_compliance	Once a change is approved, how is it updated in the documentation and training materials?
static_analysis	how do static analyzers use abstract interpretation and symbolic execution to find memory safety issues?
static_analysis	can you explain how taint analysis tracks whether data is clean or tainted based on where it comes from?
static_analysis	what is the sign domain in static analysis and how does it categorize values?
static_analysis	how does interprocedural analysis go beyond single functions to model interactions across boundaries?
static_analysis	what are summary-based analysis and context-insensitive call graphs and how do they help balance speed and accuracy in interprocedural analysis?
statistical_mechanics	how does the fluctuation-dissipation theorem relate linear response to equilibrium autocorrelation functions?
statistical_mechanics	what is the role of the partition function in determining the probability of a specific microstate?
statistical_mechanics	why do finite-size effects cause different statistical ensembles to yield different results?
statistical_mechanics	how are dynamical free energy landscapes used to describe system stability and connectivity?
statistical_mechanics	what information-theoretic assumptions lead to the derivation of equilibrium statistical mechanics?
statistical_validation_methods	how do I check if my residuals are normally distributed before running a parametric test?
statistical_validation_methods	what is the main difference between bootstrap methods and standard parametric tests?
statistical_validation_methods	when does sample size balance matter for statistical tests?
statistical_validation_methods	how does maximum likelihood estimation determine the best parameter values?
statistical_validation_methods	where does the null distribution of a test statistic come from?
steel_colorimetry_and_visual_inspection	How does the angle of light affect the color I see on steel plates?
steel_colorimetry_and_visual_inspection	Why do we classify steel colors based on rust rather than the metal itself?
steel_colorimetry_and_visual_inspection	What causes the dark patches that appear when low carbon steel is heated?
steel_colorimetry_and_visual_inspection	Why can’t two people always agree on the exact shade of steel color?
steel_colorimetry_and_visual_inspection	How can we figure out how thick the oxide layer is just by looking at the light it reflects?
stereoscopic_vision	How do the fovea centralis and macula help our two eyes line up images properly for depth perception?
stereoscopic_vision	What happens to your eyes if you spend too much time in virtual environments with mismatched focus and eye alignment?
stereoscopic_vision	Why does moving around make distant and close objects seem to shift differently, and how does that tell your brain about depth?
stereoscopic_vision	Does placing targets in different spots around a workspace really help cameras figure out their own position and orientation?
stereoscopic_vision	When light hits the retina, what’s actually going on with the photoreceptors to turn that light into signals your brain can understand?
stoichiometric_matrix_analysis	how does the stoichiometric matrix shape the possible flux distributions in a metabolic network?
stoichiometric_matrix_analysis	why are thermodynamic constraints important when analyzing feasible flux solutions?
stoichiometric_matrix_analysis	what role does the null-space of the stoichiometric matrix play in defining mass balance constraints?
stoichiometric_matrix_analysis	how are extreme pathways calculated using linear programming in metabolic modeling?
stoichiometric_matrix_analysis	why might Monte Carlo methods be better than Jacobian analysis for capturing complex interactions in biological systems?
stomatal_conductance	how do guard cells physically change the size of the stomatal opening?
stomatal_conductance	what role do calcium ions play in closing stomata when a plant is under stress?
stomatal_conductance	how does phosphorylation affect the SLAC1 channel in guard cells?
stomatal_conductance	why does a higher vapor pressure deficit lead to increased transpiration?
stomatal_conductance	how can you calculate the total conductance of a leaf using transpiration and vapor pressure difference?
stomatal_physiology	how does calcium signaling initiate stomatal closure when plants face drought stress?
stomatal_physiology	what role do potassium ions play in changing the electrical potential of guard cells?
stomatal_physiology	which receptor proteins in the cytoplasm recognize abscisic acid to trigger stomatal movements?
stomatal_physiology	how do higher temperatures influence vapor pressure deficit and subsequent stomatal behavior?
stomatal_physiology	in what ways do light, humidity, and soil moisture levels affect how stomata open or close?
stone_cutting_and_dressing	how do I choose the right cutting blade for different types of stone?
stone_cutting_and_dressing	what safety gear should I use when operating a stone cutting machine?
stone_cutting_and_dressing	can chemical treatments change the look of my stone after dressing?
stone_cutting_and_dressing	how does the hardness of the stone affect the tools I need?
stone_cutting_and_dressing	is there a way to make my cutting blades last longer in a wet environment?
stone_dressing_and_honing_techniques	how do I know which grit size to use for different stone types when polishing?
stone_dressing_and_honing_techniques	what should I do to make sure I get rid of all dust after working on stone?
stone_dressing_and_honing_techniques	which diamond pads should I buy to get a really smooth finish?
stone_dressing_and_honing_techniques	why is it important to put oil on the steel parts of my machine?
stone_dressing_and_honing_techniques	is it better to hone or dress if I'm working with softer stone?
stone_masonry_and_vault_construction	How deep do you need to dig before laying the foundation for stone vaults so they don’t shift in winter?
stone_masonry_and_vault_construction	Why do the stones where the arch starts push outward against the walls instead of just holding up the weight?
stone_masonry_and_vault_construction	What temporary structure is used to make sure a vault arch curves exactly right before the stones are set?
stone_masonry_and_vault_construction	Does the thickness of a vault’s ribs depend on how wide the span it covers?
stone_masonry_and_vault_construction	What kind of mortar makes stone vaults completely waterproof and resistant to leaking?
stone_surface_sealing_and_finishing	how does the crystal structure of stone affect how well sealant bonds to it?
stone_surface_sealing_and_finishing	why is it important to increase the contact area between the stone and the sealing agent?
stone_surface_sealing_and_finishing	what chemical process do silane and siloxane sealers use to attach to the stone surface?
stone_surface_sealing_and_finishing	how long should I wait for the stone to dry before applying a new layer of sealant?
stone_surface_sealing_and_finishing	can adding a UV inhibitor to a sealer help protect the stone from sunlight damage?
stratigraphic_modeling	how do well logs help constrain the vertical details of rock properties in stratigraphic modeling?
stratigraphic_modeling	what role do structural and stratigraphic control points play in building a 3D stratigraphic grid?
stratigraphic_modeling	how does stochastic modeling use probability to create realistic subsurface models?
stratigraphic_modeling	why is maintaining temporal order important for the internal consistency of stratigraphic models?
stratigraphic_modeling	how does adding seismic data improve the reliability of reservoir geometry and risk assessment?
stratum_corneum_partitioning	how does the acid mantle form in the skin?
stratum_corneum_partitioning	what lipids make up the stratum corneum?
stratum_corneum_partitioning	how does the stratum corneum control water loss?
stratum_corneum_partitioning	what is the paracellular pathway for diffusion?
stratum_corneum_partitioning	what are the characteristics of the outermost layer of the stratum corneum?
strehl_ratio_optimization	how does the maréchal formula connect wavefront error to the strehl ratio for adaptive optics?
strehl_ratio_optimization	why is it important to calibrate strehl measurements against a known standard optic?
strehl_ratio_optimization	how do i correct for astigmatism when optimizing the strehl ratio in my system?
strehl_ratio_optimization	what is the relationship between reducing residual wavefront error and improving the strehl ratio?
strehl_ratio_optimization	how should i allocate the wavefront error budget across different sources like figure and roughness?
structural_botany_and_plant_architecture	How do stomatal guard cells control gas exchange and water loss in leaves?
structural_botany_and_plant_architecture	Why do trees, shrubs, and herbs develop different vascular structures to suit their environments?
structural_botany_and_plant_architecture	What role do expansin enzymes play in allowing plant cell walls to stretch without breaking?
structural_botany_and_plant_architecture	What happens to phloem layers that get pushed out during growth?
structural_botany_and_plant_architecture	How do plant tissues handle temporary wind stress without getting damaged?
structural_dynamics	How do natural frequencies relate to a structure’s maximum dynamic response amplitude?
structural_dynamics	What role do microcracks play in reducing stiffness and increasing damping?
structural_dynamics	How are global stiffness and mass matrices constructed from element-level contributions?
structural_dynamics	Why is shake table testing used to verify predicted structural response?
structural_dynamics	What design considerations are needed for isolation interfaces under cyclic loading?
structural_engineering_and_load_bearing_design	how do engineers handle structural behavior when loads are really high and things don't act linearly anymore?
structural_engineering_and_load_bearing_design	why is it important to keep boundary conditions consistent when modeling multi-story buildings?
structural_engineering_and_load_bearing_design	what kind of equations do we use to figure out the forces at the supports of a building?
structural_engineering_and_load_bearing_design	is there a way to simulate how a structure reacts over time during an earthquake or other dynamic event?
structural_engineering_and_load_bearing_design	when would a design engineer require proof testing for critical connections in a load-bearing structure?
structural_fire_dynamics	how do ventilation and water application affect fire dynamics in a compartment?
structural_fire_dynamics	why is it important to coordinate ventilation and water application during a fire?
structural_fire_dynamics	how does the ratio of incoming air to exhaust gases influence fire regimes?
structural_fire_dynamics	what role does the char layer play in insulating steel structures during a fire?
structural_fire_dynamics	how does insulation affect the transmission of heat through building envelopes?
structural_integrity_assessment	how do i use ultrasonic testing to check for fatigue cracks in high stress steel parts?
structural_integrity_assessment	what does updating the stiffness matrix with a damage variable mean in structural analysis?
structural_integrity_assessment	how do recurrent neural networks help predict when a structure will fail?
structural_integrity_assessment	why is shear lag inversely proportional to the square root of interface stiffness?
structural_integrity_assessment	how can graph neural networks analyze strain sequences to find crack growth rates?
structural_timber_engineering	how does the thickness of the char layer affect the fire resistance of timber structures?
structural_timber_engineering	what determines the pull-out strength of fasteners in timber?
structural_timber_engineering	how do I calculate the strength limit state for timber members?
structural_timber_engineering	does increasing the service temperature above 20 degrees Celsius impact the elastic modulus and strength of timber?
structural_timber_engineering	how is energy dissipation measured in timber structures during cyclic loading?
structure_from_motion	How does RANSAC help in estimating camera transformations by picking random subsets of feature matches?
structure_from_motion	Why does the cross product lead to ambiguity when determining camera poses in structure from motion?
structure_from_motion	What role does orientation assignment play in making SIFT descriptors invariant to rotation?
structure_from_motion	How are linear systems used to refine both camera positions and 3D point locations during iteration?
structure_from_motion	Can bad starting values make the Gauss-Newton algorithm fail or need bigger step sizes?
structured_reference_string_generation	How do I protect special characters in a reference string from being misinterpreted by the parser?
structured_reference_string_generation	What kind of processor architecture is needed to handle parsing multiple reference strings at the same time?
structured_reference_string_generation	Can you explain how schema registries stop broken reference definitions from reaching production?
structured_reference_string_generation	How does the system use delimiters to organize different parts of the reference string path?
structured_reference_string_generation	What role do authorization tokens play when the system checks if a user can use a specific reference string?
subcritical_and_supercritical_flow_regimes	how does the compressibility factor affect the speed of sound in a fluid?
subcritical_and_supercritical_flow_regimes	what Mach number value indicates the throat section is choked?
subcritical_and_supercritical_flow_regimes	where are sonic lines found in a flow field that mixes subsonic and supersonic regions?
subcritical_and_supercritical_flow_regimes	what factors should be considered when choosing materials for high-speed flow components?
subcritical_and_supercritical_flow_regimes	why does component longevity improve in supercritical flow conditions?
subgrid_scale_stress_modeling	How does the Smagorinsky model define the subgrid-scale stress tensor?
subgrid_scale_stress_modeling	Why might eddy-viscosity approaches over-dissipate energy in certain flow conditions?
subgrid_scale_stress_modeling	What is the required relationship between the test filter and the grid filter in this modeling approach?
subgrid_scale_stress_modeling	How should one decide on the optimal filter width for balancing performance and accuracy?
subgrid_scale_stress_modeling	In what way does the subgrid-scale stress model handle energy transfer across different scales in LES simulations?
subsurface_conductivity_inversion	How does adding a penalty term help prevent the inversion from going haywire?
subsurface_conductivity_inversion	Which types of errors do I need to account for when estimating uncertainty in my results?
subsurface_conductivity_inversion	What makes full-waveform inversion better than just using apparent resistivity for mapping subsurface layers?
subsurface_conductivity_inversion	Can I use known geological maps to help guide the inversion model?
subsurface_conductivity_inversion	Why is it important to keep the inverted model close to a background reference?
subsurface_drainage_systems	how do I figure out the right size for underground drain pipes in my new construction project?
subsurface_drainage_systems	what should i use to cover drainage pipes without crushing them during installation?
subsurface_drainage_systems	how can i keep soil from swelling and shrinking around my drainage system?
subsurface_drainage_systems	where do underground storm drains connect to the ground during heavy rains?
subsurface_drainage_systems	how do i stop weeds and tree roots from growing into my drainage pipes?
subsurface_imaging_systems	how do manufacturers ensure that the sensors and coupling interfaces are working correctly right out of the box?
subsurface_imaging_systems	why are monopole-dipole setups considered the best choice for detecting signals at shallow and moderate depths in resistive materials?
subsurface_imaging_systems	what materials are typically used to build transducer housings when the system will be exposed to harsh chemicals?
subsurface_imaging_systems	how can field systems process data in real time with very low delay, and what role do FPGAs play in that?
subsurface_imaging_systems	who checks to make sure the equipment is properly calibrated and the collected data is trustworthy before it’s used?
superconducting_quantum_interference_device_technology	how do engineers keep the bias current stable in a SQUID to hit the right spot on its voltage curve?
superconducting_quantum_interference_device_technology	what surface roughness limit is used for superconducting films in SQUID devices to reduce flux pinning?
superconducting_quantum_interference_device_technology	how does the phase difference between superconductor wave functions affect the critical current of a Josephson junction?
superconducting_quantum_interference_device_technology	why is precise control of flux bias lines necessary for setting the operating point of a SQUID loop?
superconducting_quantum_interference_device_technology	what current regime must a SQUID maintain to keep its Josephson junctions superconducting without breaking down?
supercritical_flow_transition	How does the compressibility factor behave when a fluid gets close to its critical temperature from the liquid side?
supercritical_flow_transition	What kind of structures develop in the flow to handle sudden changes in properties near the critical region?
supercritical_flow_transition	Why do density differences disappear when a system is in the thermodynamic limit around the critical point?
supercritical_flow_transition	What happens to the difference between liquid and gas states once the temperature exceeds the critical temperature?
supercritical_flow_transition	How does compressibility in supercritical flows change the stability of the system compared to normal subsonic flow?
surface_energy_and_curvature_effects	How does the arrangement of atoms on a crystal face affect its surface energy?
surface_energy_and_curvature_effects	Why does a curved surface have a different vapor pressure compared to a flat one?
surface_energy_and_curvature_effects	What causes particles of different sizes to dissolve at different rates?
surface_energy_and_curvature_effects	How can scientists use X-ray photoelectron spectroscopy to calculate surface energy?
surface_energy_and_curvature_effects	Does surface energy and curvature decide if a material forms layers or islands?
surface_engineering	How can I measure the exact topography of a surface at the nanoscale?
surface_engineering	Why do defects move in specific directions when a surface is treated with a laser?
surface_engineering	What role does electrostatic attraction play in how well two materials stick together?
surface_engineering	Why does hydrogen weakening cause metal surfaces to fail at their grain boundaries?
surface_engineering	What standard should I follow to properly assess the roughness of a manufactured component?
surface_enhancement_and_fin_geometry_optimization	How do sudden changes in shape at the base of a fin cause higher stress levels?
surface_enhancement_and_fin_geometry_optimization	What makes the total thermal resistance depend on both conduction and convection working together?
surface_enhancement_and_fin_geometry_optimization	How is the efficiency of a fin calculated using heat transfer and pressure drop?
surface_enhancement_and_fin_geometry_optimization	What is the typical accuracy of computer models when they include radiation, conduction, and convection?
surface_enhancement_and_fin_geometry_optimization	Does polishing the surface of a fin help reduce thermal losses, and is it worth the extra cost?
surface_figure_measurement	what standard do i need to follow for calibrating surface figure measurements?
surface_figure_measurement	how can i stop vibrations from ruining my interferometry results?
surface_figure_measurement	what are the risks of filtering out too much noise in surface measurements?
surface_figure_measurement	why should i keep a cover on my probe when i am not taking measurements?
surface_figure_measurement	how do vibrations specifically mess up the interference pattern in interferometry?
surface_finish_evaluation	How does the shape of the diamond tip affect the accuracy of roughness measurements?
surface_finish_evaluation	What is the evaluation length in surface roughness testing?
surface_finish_evaluation	Why does reducing surface roughness improve corrosion resistance in mechanical parts?
surface_finish_evaluation	How should calibration standards be stored to ensure measurement accuracy?
surface_finish_evaluation	What happens to parts that fail surface finish tolerances?
surface_finish_optimization	How does Ra relate to lubrication and wear resistance in machine parts?
surface_finish_optimization	Can real-time force sensing adjust cutting parameters to improve surface finish?
surface_finish_optimization	Does lowering force amplitude help reduce vibration-induced defects on surfaces?
surface_finish_optimization	Why does better surface quality often mean slower material removal rates?
surface_finish_optimization	How does electrochemical machining preserve the original microstructure without mechanical damage?
surface_hardening_and_tribology	how do I keep the gas flow steady so my hardening comes out even all over?
surface_hardening_and_tribology	why do I need to anneal my parts after they’re hardened?
surface_hardening_and_tribology	what happens when hard spots on one surface scrape against a softer one?
surface_hardening_and_tribology	how can I make sure my simulation matches what I see in the lab?
surface_hardening_and_tribology	does the roughness of my surface matter before I apply a coating?
surface_protection_technologies	how do you measure the chemical makeup of a coating's surface accurately?
surface_protection_technologies	what happens to electrical conductivity when you keep adding more layers to a conductive coating?
surface_protection_technologies	why are van der waals forces not enough for coatings that face extreme temperature changes?
surface_protection_technologies	how can multilayer designs help coatings handle thermal expansion without cracking?
surface_protection_technologies	what minimum adhesion strength is needed for a coating to survive its intended use environment?
surface_reconstruction_techniques	Why do atoms on a crystal surface sometimes rearrange themselves differently than they do inside the material?
surface_reconstruction_techniques	Which microscopy technique offers both high surface sensitivity and the ability to identify specific chemical elements?
surface_reconstruction_techniques	How do researchers choose which computational methods to use when reconstructing atomic surfaces?
surface_reconstruction_techniques	What information does X-ray photoelectron spectroscopy provide about the chemical makeup of a surface?
surface_reconstruction_techniques	How can density functional theory help confirm the vibrational properties of a reconstructed surface?
surface_roughness_metrology	how does mechanical stylus profiling handle elastic deformation of the sample surface under load?
surface_roughness_metrology	what is the typical roughness amplitude limit for mechanical profilometers?
surface_roughness_metrology	which standard types are used for validating curvature and focus in surface profiling?
surface_roughness_metrology	why is vibration isolation so important in both contact and non-contact measurement systems?
surface_roughness_metrology	how are cutoff wavelengths chosen for filtering surface roughness data?
surface_science_and_interface_characterization	how does the surface of a material restructure itself to achieve lower energy compared to its interior bulk structure?
surface_science_and_interface_characterization	can xps detect electron transfer between an adsorbed molecule and the underlying substrate through changes in core-level binding energies?
surface_science_and_interface_characterization	what kind of defect interactions can happen on a surface, like interactions between vacancies and interstitials?
surface_science_and_interface_characterization	how does chemical vapor deposition work to grow thin films using gaseous precursors?
surface_science_and_interface_characterization	is it possible to observe surface reconstructions and adsorbate arrangements with atomic resolution while a material is undergoing electrochemical reactions?
surface_science	how does surface reconstruction change the energy state of surface atoms?
surface_science	what in-situ methods are used to clean surfaces before experiments?
surface_science	what determines whether an atom will stick to a surface when it arrives?
surface_science	how do co-adsorbates affect the electronic structure of a surface through lateral interactions?
surface_science	how does the polarization of incident light affect ARPES intensity measurements?
surface_thermodynamics	how does monolayer coverage limit adsorption on a surface?
surface_thermodynamics	what is the relationship between solute chemical potential and activity?
surface_thermodynamics	why are defect sites important for overall catalytic activity?
surface_thermodynamics	how does the thermodynamic stability of a planar interface depend on interfacial area?
surface_thermodynamics	what assumptions are needed when interpreting X-ray reflectivity data for thermodynamic surface excess values?
surface_water_routing	how does Manning's coefficient affect the calculation of friction in surface water routing?
surface_water_routing	what role do downstream boundary conditions play in defining the outflow resistance for a reach?
surface_water_routing	which terms are included in the momentum equation for modeling surface water flow?
surface_water_routing	when is the kinematic wave approximation valid for surface water routing?
surface_water_routing	why is the kinematic wave approximation not recommended for flat channels with low flow velocities?
surveying_and_topographic_mapping	How do total stations determine both horizontal and vertical angles along with slant distances?
surveying_and_topographic_mapping	What distinguishes a digital surface model from a digital elevation model in terms of surface features?
surveying_and_topographic_mapping	How are horizontal datums usually established in relation to the Earth's reference ellipsoid?
surveying_and_topographic_mapping	What challenges does photogrammetry face when there are not enough ground control points available?
surveying_and_topographic_mapping	What do the black symbols on a topographic map typically represent?
symbolic_execution	How does symbolic execution handle functions that are too complex to model symbolically?
symbolic_execution	Can you explain how constraint solvers help in simplifying path conditions during symbolic execution?
symbolic_execution	What is path merging and why is it used in symbolic execution engines?
symbolic_execution	How does symbolic execution deal with non-linear control flow structures that are hard for concrete execution?
symbolic_execution	Why might a symbolic execution engine combine both concrete and symbolic execution methods?
synchrotron_radiation_physics	How are electrons moved from the linear accelerator into the storage ring?
synchrotron_radiation_physics	Why does the light emitted by these particles form such a tight beam?
synchrotron_radiation_physics	What parts of the accelerator keep the particles going at near light speed?
synchrotron_radiation_physics	How can the coherent light from these machines help us see tiny details in non-crystal samples?
synchrotron_radiation_physics	Why is the way this radiation absorbs energy useful for studying chemical environments?
syntax_directed_translation	how do semantic actions in production rules actually convert syntax trees into meaningful representations?
syntax_directed_translation	what methods do compilers use to recover gracefully when they encounter invalid input sequences?
syntax_directed_translation	in attribute grammars, how exactly are syntactic structures defined using production rules and semantic attributes?
syntax_directed_translation	why is it beneficial to keep the lexical analysis phase separate from the syntactic parsing phase?
syntax_directed_translation	how does a bottom-up parsing system aggregate information from child nodes to build the meaning of a parent expression?
systems_biology	Why do gene expression levels fluctuate randomly instead of staying perfectly steady?
systems_biology	How can models handle both the on/off switches of genes and the gradual changes in protein levels?
systems_biology	What is iMAT and how does it help improve the predictions of biological models?
systems_biology	How do epistatic interactions shape the way evolution finds the best adaptations?
systems_biology	When using machine learning in biology, how do researchers decide between easy-to-understand models and highly accurate ones?
tanning_chemistry_and_penetration	why do some tanning agents penetrate deeper into the skin than others based on their molecular size?
tanning_chemistry_and_penetration	how does the tyrosinase enzyme speed up the production of melanin when working with tanning ingredients?
tanning_chemistry_and_penetration	do tanning chemicals with conjugated double bonds absorb more sunlight, and does that affect how deep they go into the skin?
tanning_chemistry_and_penetration	why might using a tanning product at a higher pH level make it last longer but work differently?
tanning_chemistry_and_penetration	how does the presence of tyrosinase change the way tanning agents interact with skin cells?
tax_provision_accounting	How are deferred tax assets and liabilities recognized when there are differences between book and tax bases?
tax_provision_accounting	What tax rate is used to measure deferred tax liabilities when the settlement jurisdiction varies?
tax_provision_accounting	Can companies use a transition amount to increase their interest expense deduction beyond the 30 percent limit?
tax_provision_accounting	What role does the accounting team play in preparing the tax provision for review?
tax_provision_accounting	How do data validation rules help ensure consistency between financial statements and tax provision reports?
tensile_testing_and_stress_analysis	how do strain gauges actually convert physical deformation into a measurable electrical signal?
tensile_testing_and_stress_analysis	what is the difference between nominal stress and true stress during the plastic deformation stage of a material test?
tensile_testing_and_stress_analysis	why do engineers need to apply a larger safety margin when testing brittle materials compared to ductile ones?
tensile_testing_and_stress_analysis	how does moisture absorption affect the stiffness and plasticization of hygroscopic polymers and composites?
tensile_testing_and_stress_analysis	in what way are strain gauge technologies integrated into load cells to measure applied force along the load path?
textile_drying_and_moisture_control	how do heat exchangers work in textile drying to heat the air?
textile_drying_and_moisture_control	what drives the drying process inside the fabric fibers?
textile_drying_and_moisture_control	how fast can I raise the temperature without damaging the textiles?
textile_drying_and_moisture_control	is infrared thermography useful for spotting hot spots on fabric?
textile_drying_and_moisture_control	do I need to keep logs of drying cycles for environmental audits?
textile_engineering	How does the melt-spinning process of semi-crystalline polymers balance thermodynamic phase equilibrium with non-Newtonian rheological behavior?
textile_engineering	What is the effect of applying pressure and heat on the redistribution of material from the bulk to the surface in textile manufacturing?
textile_engineering	Why should rounded tips be used in knitting needle design to minimize fiber damage during loop formation?
textile_engineering	What are the key properties and limitations of spunbond fabrics, particularly regarding their mechanical strength, breathability, and filtration efficiency?
textile_engineering	Which international standards are used to evaluate abrasion resistance in textiles, such as ISO 11612 and ASTM D4443?
textile_weaving_and_wool_processing	how hot does the water need to be to properly clean wool and remove lanolin?
textile_weaving_and_wool_processing	why must warp threads stay tight and straight while weaving takes place?
textile_weaving_and_wool_processing	what makes wool a good insulator against the cold?
textile_weaving_and_wool_processing	which machine part is responsible for breaking up large clumps of fibers before processing?
textile_weaving_and_wool_processing	how long should the dye bath stay at a steady temperature to ensure the color penetrates fully?
textured_thin_film_deposition	How does the spreading coefficient determine whether a thin film grows continuously or in islands?
textured_thin_film_deposition	What role does the interaction between precursor pressure and substrate temperature play in island coalescence?
textured_thin_film_deposition	How does the choice of sputtering gas affect the mean free path and collision frequency of incident species?
textured_thin_film_deposition	Why do low interfacial diffusion rates accelerate the transition to incoherent growth?
textured_thin_film_deposition	How does substrate surface energy influence the orientation of block copolymer domains in the film?
thermal_barrier_coatings	how do thermal barrier coatings keep heat away from the material beneath them?
thermal_barrier_coatings	why does proper surface preparation matter so much for thermal barrier coatings?
thermal_barrier_coatings	how does the porosity in the coating layer help reduce heat transfer?
thermal_barrier_coatings	what causes cracks to form in thermal barrier coatings during thermal cycling?
thermal_barrier_coatings	can residual stress mapping help predict how well a thermal barrier coating will handle thermal fatigue?
thermal_expansion_and_contraction	what is the effect of isotropic materials on thermal expansion in all spatial directions?
thermal_expansion_and_contraction	how does cooling influence vibrational amplitude and mean position?
thermal_expansion_and_contraction	what technique is used to measure heat flow for determining thermal expansion coefficients?
thermal_expansion_and_contraction	does surface preparation impact the accuracy of optical and contact-based measurements?
thermal_expansion_and_contraction	how does the Poisson's ratio of constituent phases influence transverse thermal expansion in composites?
thermal_expansion_coefficient_measurement	how do I measure the linear thermal expansion coefficient of a material accurately?
thermal_expansion_coefficient_measurement	what can I do to avoid thermal gradients when starting my thermal expansion data collection?
thermal_expansion_coefficient_measurement	is it important to use a retroreflector on the sample for thermal expansion tests?
thermal_expansion_coefficient_measurement	which types of materials can be studied using differential dilatometry?
thermal_expansion_coefficient_measurement	how can I prevent moisture from affecting the dimensional changes during thermal expansion measurements?
thermal_expansion_compensation	how do bimetallic strips work to handle temperature changes?
thermal_expansion_compensation	what design features help reduce warping when materials expand at different rates?
thermal_expansion_compensation	how can engineers use the different expansion rates of metals to correct for heat-related shape changes?
thermal_expansion_compensation	why is stainless steel often chosen for parts that need to stay stable at high temperatures?
thermal_expansion_compensation	how do scientists check if their measurements of material expansion match what theory predicts?
thermal_fluctuations	how does temperature affect the strength of random noise in a fluctuating system?
thermal_fluctuations	why does the correlation between two different fluctuating currents stay the same when you swap their order?
thermal_fluctuations	when is the relationship between response and correlation guaranteed to hold true?
thermal_fluctuations	what condition must a stochastic process meet for the Jarzynski equality to be valid?
thermal_fluctuations	how can we determine the effective temperature of a system using its response and correlation functions?
thermal_gradient_control	how do thermal interface materials help reduce temperature differences between components?
thermal_gradient_control	what is the role of PID controllers in maintaining a stable temperature setpoint?
thermal_gradient_control	when does convection become the primary method of heat transfer across a solid and fluid boundary?
thermal_gradient_control	why is it important to reduce element size until results stabilize in finite element thermal simulations?
thermal_gradient_control	how can shielding enclosures be used to minimize external heat and radiation effects?
thermal_insulation_design	how does conductive heat transfer influence the overall performance of a solid building panel?
thermal_insulation_design	why does the total R-value of an insulation assembly fall short of simply adding up the individual R-values of its components?
thermal_insulation_design	what is the role of interface resistance when calculating the effective thermal resistance of a wall system?
thermal_insulation_design	how can I determine the maximum temperature difference that a wall assembly can safely withstand?
thermal_insulation_design	what steps should I take to reduce thermal bridging in insulation to avoid localized heat loss and moisture problems?
thermal_insulation_materials	how does thermal conductivity affect insulation performance?
thermal_insulation_materials	what makes certain insulation materials resistant to fire and heat?
thermal_insulation_materials	how can I protect insulation from chemicals and sunlight?
thermal_insulation_materials	do I need special techniques when installing spray foam around roof holes?
thermal_insulation_materials	which factors determine how well a material blocks heat transfer?
thermal_interface_material_engineering	How can I ensure my thermal interface material maintains good heat dissipation performance over long periods of use?
thermal_interface_material_engineering	What happens if I sinter my thermal paste at a temperature that is too high?
thermal_interface_material_engineering	Why does the thermal expansion coefficient mismatch matter when selecting a thermal interface material for my device?
thermal_interface_material_engineering	What is the minimum thermal conductivity value needed for a high-power electronics application?
thermal_interface_material_engineering	Can you explain how creep deformation affects the thermal resistance of an interface over time?
thermal_load_specification_and_duty_rate_determination	how do I calculate the cooling capacity needed for my refrigeration system based on heat gain?
thermal_load_specification_and_duty_rate_determination	what factors should I consider when determining the duty rate for my refrigeration setup?
thermal_load_specification_and_duty_rate_determination	how does the thermal mass of a space affect the calculation of duty rate?
thermal_load_specification_and_duty_rate_determination	what role does thermal lag play in determining the required refrigeration equipment capacity?
thermal_load_specification_and_duty_rate_determination	how do I integrate thermal load with duty cycle to figure out the necessary equipment size?
thermal_management_in_optical_systems	how do I calculate the temperature distribution in an optical system using thermal resistance networks?
thermal_management_in_optical_systems	what are the key metrics for evaluating thermal performance in optical systems?
thermal_management_in_optical_systems	why does thermal expansion mismatch between optics and heat sinks lead to delamination?
thermal_management_in_optical_systems	how can I account for thermal stress gradients when designing an optical substrate?
thermal_management_in_optical_systems	what methods exist for active thermal compensation to correct focal plane shifts?
thermal_management_systems	how can phase change materials be incorporated into thermal interface materials to enhance heat transfer?
thermal_management_systems	what role do liquid loops and chilled water plants play in maintaining precise thermal control in data centers?
thermal_management_systems	how does conduction work to move thermal energy through solids and stationary fluids?
thermal_management_systems	why is complete wetting important for maximizing contact area and minimizing air pockets in thermal interfaces?
thermal_management_systems	how can increasing surface area help improve heat dissipation in passive cooling systems?
thermal_mass_characterization	How does a building's thermal mass actually work to store and release heat?
thermal_mass_characterization	Why are small samples enough to test thermal mass but large ones aren't needed?
thermal_mass_characterization	Does the roof's insulation level affect how well a thermal mass system performs?
thermal_mass_characterization	What formula is used to calculate the thermal time constant for walls or floors?
thermal_mass_characterization	Are there official guidelines in Japan for using thermal mass in building design?
thermal_processing_of_non_crystalline_materials	how do I prevent a polymer from crystallizing during heating?
thermal_processing_of_non_crystalline_materials	what happens to thermal conductivity when I add plasticizers and fillers?
thermal_processing_of_non_crystalline_materials	why does narrow molecular weight distribution improve heat resistance?
thermal_processing_of_non_crystalline_materials	can uneven cooling cause warping in my material?
thermal_processing_of_non_crystalline_materials	how can I use real-time data to adjust heating parameters on the fly?
thermal_shock_engineering	how do sudden temperature swings cause brittle materials like ceramics to crack?
thermal_shock_engineering	what formula links thermal shock resistance to material properties like Young's modulus and thermal conductivity?
thermal_shock_engineering	can the sintering process be adjusted to create protective compressive stresses on the surface?
thermal_shock_engineering	which measurement tools are used to track local deformation during thermal shock testing?
thermal_shock_engineering	how does changing the amount of reinforcement fibers affect the trade-off between strength and cracking risk?
thermal_shock_resistance	How does the coefficient of thermal expansion affect a material's ability to withstand rapid temperature changes?
thermal_shock_resistance	What role does fracture toughness play in determining how much a material can handle thermal shock before failing?
thermal_shock_resistance	Can phase changes inside a material help stop cracks from spreading or make them worse?
thermal_shock_resistance	How does the difference in expansion rates between a coating and its base material affect stress levels?
thermal_shock_resistance	Do environmental conditions like humidity or oxygen make materials more prone to cracking under thermal shock?
thermal_shock_resistance_engineering	how to reduce thermal shock resistance by adjusting wall thickness?
thermal_shock_resistance_engineering	what is the benefit of thermal cycling pre-treatment for materials?
thermal_shock_resistance_engineering	how does a low coefficient of thermal expansion help prevent damage?
thermal_shock_resistance_engineering	why use composite materials to handle rapid temperature changes?
thermal_shock_resistance_engineering	what can scanning electron microscopy reveal about material failure after thermal shock?
thermal_stress_analysis	How do I use finite element methods to model thermal stress in a component?
thermal_stress_analysis	What is the difference between monolithic and staggered approaches for thermal-mechanical coupling?
thermal_stress_analysis	Why is Young’s modulus important when calculating stress from thermal expansion?
thermal_stress_analysis	How can I determine if a ductile part will yield under complex thermal loads?
thermal_stress_analysis	What role do Monte Carlo simulations play in handling uncertainty in thermal stress analysis?
thermal_stress_analysis_in_ceramics	how do grain boundaries help ceramics handle stress without cracking?
thermal_stress_analysis_in_ceramics	what kind of temperature conditions should I set when analyzing thermal stress in ceramics?
thermal_stress_analysis_in_ceramics	is there a way to measure strain inside a ceramic part without cutting it open?
thermal_stress_analysis_in_ceramics	how does damage mechanics help predict when microcracks start forming?
thermal_stress_analysis_in_ceramics	why do fatigue failures change from going through grains to along grain boundaries?
thermal_stress_analysis_in_manufacturing	how do directional residual stresses form during the cooling phase of manufacturing?
thermal_stress_analysis_in_manufacturing	what role does creep play in modeling high-temperature deformation in thermal stress analysis?
thermal_stress_analysis_in_manufacturing	how do interface conditions ensure continuity across different material boundaries in simulations?
thermal_stress_analysis_in_manufacturing	which types of models are combined in multi-physics frameworks for thermal stress studies?
thermal_stress_analysis_in_manufacturing	how can support structures be optimized to improve heat dissipation during solidification?
thermal_stress_modeling_in_ceramics	how do phase changes in ceramics create internal stress during heating or cooling cycles?
thermal_stress_modeling_in_ceramics	why are brittle ceramics especially vulnerable to cracking under thermal stress conditions?
thermal_stress_modeling_in_ceramics	what role do surface heat transfer conditions play in thermal stress simulations?
thermal_stress_modeling_in_ceramics	how should mesh design be adjusted to handle stress concentrations around cracks or voids?
thermal_stress_modeling_in_ceramics	which material properties most strongly influence a ceramic's resistance to thermal shock failure?
thermo_mechanical_finite_element_analysis	How does the choice of integration order affect the accuracy of the shape functions in thermo-mechanical finite element analysis?
thermo_mechanical_finite_element_analysis	What role do initial conditions play in defining the starting state of displacement, velocity, and temperature for a simulation?
thermo_mechanical_finite_element_analysis	Why is the Newton-Raphson method used for solving the coupled thermal-mechanical equilibrium equations in this type of analysis?
thermo_mechanical_finite_element_analysis	What are the requirements for selecting an appropriate time step to ensure the convergence of the nonlinear solver?
thermo_mechanical_finite_element_analysis	Why is it important to use a coupled nonlinear approach when modeling stress-dependent thermal conductivity effects?
thermo_mechanical_stress_analysis_and_residual_stress_mapping	How does the difference in thermal contraction between materials affect residual stress after welding?
thermo_mechanical_stress_analysis_and_residual_stress_mapping	What role does experimental calibration play in improving the accuracy of stress predictions?
thermo_mechanical_stress_analysis_and_residual_stress_mapping	Can you explain the mathematical relationship between stress, strain, and temperature in this context?
thermo_mechanical_stress_analysis_and_residual_stress_mapping	How can transfer learning help predict residual stresses in new component designs?
thermo_mechanical_stress_analysis_and_residual_stress_mapping	What is the ISO standard used for non-destructively evaluating residual stresses with neutron diffraction?
thermodynamic_driving_force_calculation	How do activity coefficients factor into calculating the chemical potential of a species based on its molar concentration?
thermodynamic_driving_force_calculation	What equations of state are necessary for accurately computing fugacity coefficients in high-pressure gas-phase systems?
thermodynamic_driving_force_calculation	How does the Nernst equation modify the cell potential using the reaction quotient?
thermodynamic_driving_force_calculation	Why is it important to account for each step’s enthalpy change when determining the overall reaction enthalpy in a thermochemical cycle?
thermodynamic_driving_force_calculation	Why must a system be isolated from external non-PV work interactions unless they are explicitly included in the enthalpy term?
thermodynamic_feasibility_analysis	how do we determine the chemical potential equality across different phases in multicomponent systems?
thermodynamic_feasibility_analysis	which equation of state models are best for calculating fugacity coefficients under varying temperature and pressure?
thermodynamic_feasibility_analysis	what is the role of exergy balance equations in establishing the theoretical minimum energy consumption for a process?
thermodynamic_feasibility_analysis	how can we use thermodynamic models to locate azeotropic compositions and phase boundaries in feasibility studies?
thermodynamic_feasibility_analysis	what methods are used to calculate exergy destruction and pinpoint the main sources of irreversibility?
thermodynamic_phase_diagram_construction	How do non-ideal mixing effects change the positions of phase boundaries compared to ideal solutions?
thermodynamic_phase_diagram_construction	When does a univariant line appear in a phase diagram, and what does it mean for variable changes?
thermodynamic_phase_diagram_construction	Why is Gibbs free energy considered the main tool for figuring out phase stability at fixed temperature and pressure?
thermodynamic_phase_diagram_construction	What is a subregular solution model, and how does it improve upon mean-field theory for non-ideal mixtures?
thermodynamic_phase_diagram_construction	Why must processing methods consider how external fields influence phase stability during cooling or annealing?
thermodynamic_property_correlation_and_modeling	how do local composition models explain the different molecular environments in a mixture?
thermodynamic_property_correlation_and_modeling	what statistical metrics are used to evaluate the accuracy of thermodynamic property models?
thermodynamic_property_correlation_and_modeling	why are group methods insufficient for describing non-ideal behavior in complex mixtures?
thermodynamic_property_correlation_and_modeling	how are NRTL parameters determined from experimental vapor-liquid equilibrium data?
thermodynamic_property_correlation_and_modeling	what is the benefit of combining symbolic regression with neural networks in advanced thermodynamic models?
thermodynamic_stability_of_multiphase_systems	how do chemical potentials behave when different phases are in equilibrium?
thermodynamic_stability_of_multiphase_systems	what does the Gibbs phase rule tell us about the number of independent variables we can change?
thermodynamic_stability_of_multiphase_systems	why do we need special thermodynamic models for systems at the nanoscale?
thermodynamic_stability_of_multiphase_systems	what do the constants A and B mean in the temperature-dependent Flory-Huggins parameter?
thermodynamic_stability_of_multiphase_systems	how can a material maintain a disordered structure even when cooled down?
thermodynamics_and_heat_transfer	how does the thermal resistance network method represent different material layers in a system?
thermodynamics_and_heat_transfer	what is the formula used to calculate convective heat transfer from a surface to a fluid?
thermodynamics_and_heat_transfer	what does the second law of thermodynamics say about the maximum efficiency of heat engines?
thermodynamics_and_heat_transfer	does the heat transfer coefficient change when analyzing transient heat transfer problems?
thermodynamics_and_heat_transfer	which mixing rule is used to apply pure-component equations of state to gas mixtures?
thermodynamics_and_phase_transformations	how do I calculate the number of degrees of freedom in a multi-component system using the Gibbs phase rule?
thermodynamics_and_phase_transformations	what is the physical meaning of the volume change when two phases coexist during a transformation?
thermodynamics_and_phase_transformations	how does the wetting angle influence the energy barrier for phase nucleation?
thermodynamics_and_phase_transformations	can x-ray diffraction help determine both the crystal structure and the proportion of different phases in a material?
thermodynamics_and_phase_transformations	where does the spinodal line appear on a phase diagram and what does it signify about stability?
thermodynamics_of_phase_transitions	how do I calculate the free energy barrier for nucleation in phase transitions?
thermodynamics_of_phase_transitions	what is the role of the order parameter in distinguishing between symmetric and ordered phases?
thermodynamics_of_phase_transitions	why does the activity coefficient matter when analyzing deviations from ideal mixing?
thermodynamics_of_phase_transitions	how do experimental measurements of latent heat compare with Landau theory predictions?
thermodynamics_of_phase_transitions	what is the significance of the critical radius in the context of kinetic barriers during phase transitions?
thermoelastic_finite_element_analysis	How do infrared cameras help measure temperature distributions in thermoelastic finite element analysis?
thermoelastic_finite_element_analysis	Is the coupling between thermal and mechanical fields bidirectional in general thermoelastic models?
thermoelastic_finite_element_analysis	Why are implicit schemes preferred for adaptive time stepping in thermoelastic finite element simulations?
thermoelastic_finite_element_analysis	What does a monolithic solution strategy mean when solving coupled equilibrium and energy balance equations in finite element analysis?
thermoelastic_finite_element_analysis	Why is accurate representation of material properties within finite elements important for preventing spurious stress concentrations at interfaces?
thermomechanical_fatigue_analysis	how do finite element models handle temperature boundaries when analyzing turbine blades?
thermomechanical_fatigue_analysis	why does mean stress relaxation lead to longer predicted life for turbine blades under cyclic loading?
thermomechanical_fatigue_analysis	how does temperature affect the yield strength in fatigue analysis models?
thermomechanical_fatigue_analysis	how do continuum damage mechanics account for environmental factors in stress-strain behavior?
thermomechanical_fatigue_analysis	what role do mean stress effects and thermal ratcheting play in strain range-life fatigue predictions?
thermomechanical_processing_and_heat_treatment	how do you balance yield strength with ductility when heat treating steel?
thermomechanical_processing_and_heat_treatment	what happens to the material if the quenching water temperature isn't controlled?
thermomechanical_processing_and_heat_treatment	can you explain how small precipitates affect dislocation movement during deformation?
thermomechanical_processing_and_heat_treatment	why does martensite make metal harder but more likely to crack?
thermomechanical_processing_and_heat_treatment	how do plastic deformation and heat cycles work together to change metal properties?
thermomechanical_processing	how does the balance between driving force and boundary mobility affect grain growth in polycrystalline materials?
thermomechanical_processing	what role does steady-state flow stress play in high-temperature deformation processes?
thermomechanical_processing	how does temperature influence yield stress and flow stress during plastic strain evolution?
thermomechanical_processing	what is the dufour effect and how does it relate to heat flux?
thermomechanical_processing	why is it important to include contact resistance when modeling heat transfer at tool-workpiece interfaces?
thermoplastic_composite_manufacturing	How do you keep the melt viscosity of the thermoplastic matrix stable so it flows well but doesn't shear thin too much?
thermoplastic_composite_manufacturing	Why do some thermoplastics heat up faster than others during the manufacturing cycle?
thermoplastic_composite_manufacturing	How can non-woven thermoplastic composites be used to make parts with complex shapes?
thermoplastic_composite_manufacturing	What role does efficient stress transfer play in improving the fatigue resistance of composites?
thermoplastic_composite_manufacturing	Which quality control methods are used to detect voids in thermoplastic composites?
thin_film_deposition_and_growth	how do surface energy and bulk free energy interact to determine where new atoms start growing in thin films?
thin_film_deposition_and_growth	why is sputtering preferred over evaporation for making large-scale wafers?
thin_film_deposition_and_growth	what role does heating the substrate holder play in the thin film deposition process?
thin_film_deposition_and_growth	can Raman spectroscopy be used to find structural defects in a deposited film?
thin_film_deposition_and_growth	how do buffer layers help improve the quality of the final thin film?
thin_film_deposition	how does grain size affect electrical resistivity in thin films?
thin_film_deposition	what happens when islands merge during thin film deposition?
thin_film_deposition	how does substrate temperature influence adatom movement and crystallization?
thin_film_deposition	can thermal stress cause thin films to crack or delaminate?
thin_film_deposition	how do companies ensure consistency across multiple batches of thin films?
thin_film_metrology	how does the interference pattern from a thin film actually form?
thin_film_metrology	what happens if the light source isn't spectrally pure during measurement?
thin_film_metrology	can you explain the difference between the real refractive index and the extinction coefficient?
thin_film_metrology	why do we need to calibrate thin film instruments with reference standards?
thin_film_metrology	how can I tell if my thin film measurement results are sensitive to noise?
thin_film_optics	How do I determine the right wavelength and angle for my thin film optical design?
thin_film_optics	Why does higher deposition speed make the film surface rougher?
thin_film_optics	What happens to my thin film coating if it gets exposed to humid air?
thin_film_optics	How do polarizing beam splitters actually work to separate light?
thin_film_optics	Why does the metal-dielectric interface in thin films boost nonlinear optical effects?
thin_film_physics	how do heat treatment processes create vacancies in thin films?
thin_film_physics	what conditions lead to three-dimensional island growth during deposition?
thin_film_physics	why do absorbing layers decrease peak interference values?
thin_film_physics	how does grain size influence the mechanical strength of a film?
thin_film_physics	what role does outgassing contamination play in creating defects?
thixotropy	how do rheometric stress relaxation tests track the decay of shear stress after stopping the shear?
thixotropy	what concentration of thixotropic agents is needed to get the right yield stress to stop sedimentation without making the fluid too thick?
thixotropy	why does a thixotropic material shift from a gel-like structure to a thinner, flowable state when sheared?
thixotropy	does adding more thixotropic agents make the particle network stronger and more resistant to breaking down?
thixotropy	can compressing particles help stabilize a thixotropic gel or is there a risk of causing phase separation?
threshold_cryptography	How does Shamir's Secret Sharing work in a threshold signature protocol?
threshold_cryptography	What happens if fewer than t participants contribute their shares during the signing process?
threshold_cryptography	Why is a random nonce included when a party broadcasts the message hash for signing?
threshold_cryptography	How are individual partial signatures combined by the aggregator to create the final signature?
threshold_cryptography	Can you explain how Lagrange interpolation is used to reconstruct the secret key from the shares?
threshold_signature_schemes	how do threshold signature schemes handle the situation when some participants are offline or unavailable?
threshold_signature_schemes	what is the t-out-of-n threshold property in the context of cryptographic signatures?
threshold_signature_schemes	why is the communication complexity of threshold signature schemes usually proportional to the square of the number of participants?
threshold_signature_schemes	how does this technology enable decentralized identity systems and distributed trust models in blockchain?
threshold_signature_schemes	is each participant in a threshold signature scheme required to hold only one share of the secret key?
timber_combustion_kinetics	what happens to the gases released when wood begins to break down during burning?
timber_combustion_kinetics	how does chopping wood into smaller pieces affect how quickly it cools down?
timber_combustion_kinetics	which specific chemicals are formed early in the process when wood fibers start to decompose?
timber_combustion_kinetics	how do scientists model the way heat moves through wood while it is reacting?
timber_combustion_kinetics	why does wood with more lignin leave behind more solid ash after it burns?
timber_framing_and_joinery	how do you check if the wood pieces fit together before you actually assemble the frame?
timber_framing_and_joinery	what kind of material is usually used for the base of a timber framed house?
timber_framing_and_joinery	how do you mark where the tenon should go on the mortise piece?
timber_framing_and_joinery	why do wooden pegs get bigger when you drive them into the joint?
timber_framing_and_joinery	what safety rule should you follow when walking on scaffolding while working?
time_reversal_symmetry_breaking	how does time reversal symmetry breaking affect the Hamiltonian of a closed system?
time_reversal_symmetry_breaking	what happens to the energy spectrum when you combine non-Hermiticity with broken time-reversal symmetry?
time_reversal_symmetry_breaking	why are the states associated with broken time-reversal symmetry robust against local perturbations?
time_reversal_symmetry_breaking	how do symmetries influence the topological invariants used to classify different phases of matter?
time_reversal_symmetry_breaking	can fractional quantum Hall systems with chiral boson modes be used for topological quantum computing?
timestamp_based_versioning	how do timestamp based versioning systems keep track of all old data even after files are deleted?
timestamp_based_versioning	what mechanism allows these systems to retrieve old versions quickly without duplicating data?
timestamp_based_versioning	how are timestamps created in this system to make sure they are unique and ordered?
timestamp_based_versioning	why does the version identifier stay the same while a write transaction is happening?
timestamp_based_versioning	what kind of read consistency is needed to avoid seeing extra or missing data during version replay?
tool_geometry_optimization	How does CAD software create optimized tool geometry models in standard file formats like STEP or IGES?
tool_geometry_optimization	What is the importance of verifying geometric alignment of the tool holder taper for proper seating and force transmission?
tool_geometry_optimization	How does tool wear prediction use Kuhn-Tucker conditions in a mixed-integer linear programming framework to reduce tool replacement frequency?
tool_geometry_optimization	In what way does tool deflection change the effective cutting geometry and impact surface finish quality?
tool_geometry_optimization	How do impedance monitoring systems use electrical resistance changes to detect wear and surface roughness in conductive tools?
topographic_mapping	How do you turn flat photos into 3D models for making maps?
topographic_mapping	Why is the Gauss-Kruger projection so popular for drawing topographic maps?
topographic_mapping	What does angle filtering do when processing LiDAR data for terrain models?
topographic_mapping	How do you fill in missing spots when creating digital elevation models?
topographic_mapping	Why is it important to double-check control points before using a map?
topological_data_analysis	how does the interleaving distance measure the difference between persistence modules?
topological_data_analysis	what role does the filtration parameter play in balancing feature detection with noise reduction?
topological_data_analysis	why is topological data analysis considered scale-invariant for high-dimensional data?
topological_data_analysis	what is the storage complexity required for the boundary matrix in persistence computations?
topological_data_analysis	why do rank invariants and fibered barcodes become necessary for multi-parameter persistence?
topological_graph_theory	how do I know if a graph can be drawn on a flat surface without lines crossing?
topological_graph_theory	can two different drawings of the same graph have different Jones polynomials?
topological_graph_theory	what is the smallest number of edge intersections I must have when drawing a graph on paper?
topological_graph_theory	how does the formula for Euler characteristic change when I draw a graph on a Möbius strip?
topological_graph_theory	why does adding an edge to a graph require checking face boundaries first?
topological_insulators	how does spin-orbit coupling lead to band inversion in topological insulators?
topological_insulators	what role does magnetic disorder play in protecting the topological state?
topological_insulators	how is the Z2 invariant calculated using parity eigenvalues?
topological_insulators	can you explain how Majorana zero modes enable topological quantum computing through braiding?
topological_insulators	why does the surface chemistry affect the density of states at the Fermi level in topological insulators?
total_internal_reflection_imaging	How do I calculate the critical angle for total internal reflection imaging?
total_internal_reflection_imaging	Why does total internal reflection limit the excitation volume to a thin layer?
total_internal_reflection_imaging	What kind of substrate do I need to mount my sample on for TIRF?
total_internal_reflection_imaging	How does the epifluorescence setup improve spatial resolution in TIRF?
total_internal_reflection_imaging	Do I need to adjust wavelengths based on refractive index changes in the sample?
traditional_timber_framing	how do traditional timber frames stay strong without using nails or metal connectors?
traditional_timber_framing	what is the process for checking that all the frame pieces fit together properly before they are permanently installed?
traditional_timber_framing	what factors should I consider when choosing the type of wood for a timber frame project?
traditional_timber_framing	how can I make sure a wooden post fits perfectly against a brick or concrete wall?
traditional_timber_framing	what is shou sugi ban and how does charring wood help it last longer?
trans_epidermal_drug_delivery	how do liposomes help deliver both water-loving and oil-loving medications through the skin?
trans_epidermal_drug_delivery	what happens to the skin barrier when humidity and heat are combined for drug delivery?
trans_epidermal_drug_delivery	which enzymes do anti-inflammatory prodrugs usually aim to affect?
trans_epidermal_drug_delivery	what kind of evidence must be provided when submitting a new topical formulation for regulatory approval?
trans_epidermal_drug_delivery	how does the size and number of pores in the skin influence the rate of drug penetration?
transpiration_physiology	how do guard cells control transpiration by changing their turgor pressure?
transpiration_physiology	where are the n-terminal and c-terminal domains of the protein located?
transpiration_physiology	what happens to xylem vessels when vapor bubbles coalesce to form embolism?
transpiration_physiology	how does leaf surface roughness affect the thickness of the boundary layer?
transpiration_physiology	which internal anatomical features help reduce the diffusion path for water vapor in leaves?
trench_shoring_and_slope_stability	how often do trench shoring systems need to be checked for safety?
trench_shoring_and_slope_stability	what happens to soil stability if the coefficient of friction changes?
trench_shoring_and_slope_stability	how do workers manage water levels in deep excavations?
trench_shoring_and_slope_stability	does the type of soil determine how steep a slope can be?
trench_shoring_and_slope_stability	what extra support can geogrids provide when combined with soil nailing?
tribology_and_lubrication_engineering	How does the Stribeck curve explain the different stages of lubrication?
tribology_and_lubrication_engineering	What design features are necessary to keep a lubricant from overheating?
tribology_and_lubrication_engineering	Why is removing particles from the lubricant system so important for preventing wear?
tribology_and_lubrication_engineering	How does moving speed influence the pressure created by the lubricant between surfaces?
tribology_and_lubrication_engineering	What role does load distribution play in avoiding damage like pitting?
tribology_and_surface_contact_mechanics	How does the shift from boundary lubrication to hydrodynamic regimes affect the ability of a contact surface to support loads?
tribology_and_surface_contact_mechanics	Why does increasing the sliding speed cause the lubricant film to become thinner and change its viscosity behavior?
tribology_and_surface_contact_mechanics	What role do surface valleys play in trapping lubricants and wear particles during sliding?
tribology_and_surface_contact_mechanics	How do hard particles or abrasive inclusions lead to material loss through plowing and cutting?
tribology_and_surface_contact_mechanics	In what ways do dynamic loading conditions and material properties combine to cause fatigue damage in contacts?
tribology_and_wear_resistance	how do traditional lubricants work to keep surfaces apart during motion?
tribology_and_wear_resistance	what happens to metal hardness when a machine gets really hot?
tribology_and_wear_resistance	can hammering or laser treatment on a part's surface make it last longer?
tribology_and_wear_resistance	why is it tricky to get the perfect surface finish for a bearing?
tribology_and_wear_resistance	do tiny patterns on a surface help keep oil in place when it's humid?
tribology	How does moisture affect the mechanical properties of elastomeric materials in tribology applications?
tribology	What determines the thickness of the lubricating film in mechanical systems?
tribology	Can heat damage cause lubricant molecules to detach from surface materials?
tribology	How do researchers link experimental results with computational models to improve material understanding?
tribology	Why is it important to match lubricant formulations to specific temperature and load conditions?
tribunal_procedure	how does the ILO model arbitration procedure handle deadlines for submitting evidence and notices?
tribunal_procedure	what standard of proof does the tribunal use when deciding facts in criminal matters?
tribunal_procedure	who is responsible for keeping order during oral arguments at the tribunal hearing?
tribunal_procedure	what legal provisions determine how and when you can appeal a tribunal decision?
tribunal_procedure	are the procedural rules applied consistently across all different cases in the tribunal?
turbine_blade_aerodynamics	Why do dimples help keep the airflow attached to a turbine blade for longer?
turbine_blade_aerodynamics	How does the centrifugal force on the blade surface cause vortices to form?
turbine_blade_aerodynamics	What happens to the heat transfer when the flow on the suction side switches from laminar to turbulent?
turbine_blade_aerodynamics	Why is the boundary layer near the leading edge of a blade usually laminar?
turbine_blade_aerodynamics	How do the Prandtl-Glauert and Glauert-Duffie corrections work together to improve aerodynamic calculations?
turbomachine_performance_modeling	how does the mass conservation equation look in rotating systems for turbomachines?
turbomachine_performance_modeling	why are DNS simulations considered the gold standard for checking RANS models in complex turbomachine shapes?
turbomachine_performance_modeling	what are the main limitations of the blade element momentum theory in 3D effects?
turbomachine_performance_modeling	how do friction and turbulence reduce the actual work output of a turbomachine compared to ideal cases?
turbomachine_performance_modeling	why are thicker blades often chosen for low-speed turbomachine applications?
turbomachinery_aerodynamics	how do friction and mixing losses affect the isentropic efficiency in a turbomachine stage?
turbomachinery_aerodynamics	what role does the relative velocity triangle play in breaking down the velocity of the flow?
turbomachinery_aerodynamics	why might shock-induced separation cause stalls in compressors when pressure ratios are high?
turbomachinery_aerodynamics	how is thrust defined in terms of the aerodynamic forces on the blade?
turbomachinery_aerodynamics	why are manufacturing tolerances set according to how sensitive aerodynamic performance is to surface roughness and size errors?
turbomachinery_and_pump_performance_analysis	how does blade rotation transfer energy to the fluid inside a turbomachine?
turbomachinery_and_pump_performance_analysis	why does increasing the leading edge radius improve flow stability but raise drag?
turbomachinery_and_pump_performance_analysis	what does the shut-off head value mean for a pump's performance at zero flow?
turbomachinery_and_pump_performance_analysis	how do I convert raw performance data into dimensionless parameters for validation?
turbomachinery_and_pump_performance_analysis	where do I find the safe operating limits when combining compressor and turbine data?
turbulence_closure_models	How is the turbulent viscosity coefficient calculated in CFD simulations?
turbulence_closure_models	What is the eddy viscosity hypothesis and how does it simplify Reynolds stress modeling?
turbulence_closure_models	Can you explain the k-epsilon model equation for turbulent kinetic energy transport?
turbulence_closure_models	Why does subgrid-scale viscosity increase with strain rate in large-eddy simulations?
turbulence_closure_models	What are the limitations of linear eddy-viscosity models in anisotropic flows?
turbulence_modeling	how does large eddy simulation work by filtering the navier-stokes equations to handle large and small eddies?
turbulence_modeling	what factors are used to calculate the eddy viscosity coefficient in turbulence models?
turbulence_modeling	how can data acquisition systems capture enough high-frequency sensor data for analyzing turbulence statistics?
turbulence_modeling	in what ways do hybrid turbulence models assign different modeling techniques to various parts of a computational domain?
turbulence_modeling	how is the kolmogorov length scale determined using viscosity and energy dissipation rate?
turbulent_mixing_engineering	How does the shape of the impeller affect the flow patterns and shear forces inside the mixing tank?
turbulent_mixing_engineering	Why is the Weber number important when trying to predict bubble size in a gas-liquid mixture?
turbulent_mixing_engineering	What role do secondary currents play in improving mass transfer efficiency?
turbulent_mixing_engineering	How do collapsing bubbles contribute to erosion damage on the tank walls and impeller?
turbulent_mixing_engineering	How does changing the gas flow rate impact the overall interfacial area for mass transfer?
twinning_induced_plasticity	how does mechanical twinning help materials handle stress without breaking?
twinning_induced_plasticity	why does low stacking fault energy lead to planar slip in metals?
twinning_induced_plasticity	what role do grain size and dislocation sources play in starting twinning earlier?
twinning_induced_plasticity	how does the stability of twins affect how well a material can harden?
twinning_induced_plasticity	which slip systems are most important for dislocation movement in FCC TWIP alloys?
two_phase_flow_dynamics	How does heat transfer differ in systems with multiple phases compared to single-phase flows?
two_phase_flow_dynamics	What role does the Froude number play in describing fluid behavior in multiphase environments?
two_phase_flow_dynamics	Why is it important to handle mass transfer carefully when combining phase change with momentum equations?
two_phase_flow_dynamics	What methods are commonly used to measure the interfacial area between two flowing fluids?
two_phase_flow_dynamics	How does latent heat affect thermal transport in two-phase flow systems?
uncompetitive_inhibition	why do parallel lines appear in lineweaver-burk plots for uncompetitive inhibitors?
uncompetitive_inhibition	how does uncompetitive inhibition affect the maximum reaction velocity?
uncompetitive_inhibition	does the inhibitor bind better to the enzyme alone or when the substrate is already attached?
uncompetitive_inhibition	what role does substrate binding play in forming the inhibitor binding site?
uncompetitive_inhibition	how does the x-intercept change as you add more uncompetitive inhibitor?
universality_classes_in_field_theory	how do operator scaling dimensions affect which operators become important in renormalization group flow?
universality_classes_in_field_theory	what constraints does conformal symmetry place on correlation functions in a field theory?
universality_classes_in_field_theory	how does the dimensionality of the system influence its universality class?
universality_classes_in_field_theory	why does the O(N) symmetric φ⁴ theory flow to a non-trivial infrared fixed point?
universality_classes_in_field_theory	what distinguishes a universality class with infinite correlation length exponents and a universal jump in superfluid stiffness?
unsaturated_flow_modeling	How do I properly define the boundaries for unsaturated flow simulations to avoid math issues?
unsaturated_flow_modeling	Why are explicit time-stepping methods usually limited to problems with tiny time steps?
unsaturated_flow_modeling	Does water held in small pores affect how easily water moves later during drainage?
unsaturated_flow_modeling	Where do the van Genuchten model parameters usually come from?
unsaturated_flow_modeling	Why does getting the parameters slightly wrong mess up infiltration predictions so much at the start?
unsaturated_soil_mechanics	How does suction affect the effective stress in dry soils?
unsaturated_soil_mechanics	What equation governs the equilibrium of total stress in the soil matrix?
unsaturated_soil_mechanics	How is the overall strain in unsaturated soil made up of its components?
unsaturated_soil_mechanics	What controls the weighting factor that changes with saturation levels?
unsaturated_soil_mechanics	Which analytical method is commonly used to find the hydraulic conductivity of unsaturated soils?
urban_planning_and_traffic_flow_design	What algorithms do smart traffic lights use to figure out the best timing for different directions?
urban_planning_and_traffic_flow_design	How do city planners make sure there’s enough room for people to walk when they build large buildings?
urban_planning_and_traffic_flow_design	Why do roads need extra space on the sides beyond just where cars drive?
urban_planning_and_traffic_flow_design	Can traffic lights actually change their timing while cars are driving?
urban_planning_and_traffic_flow_design	How does managing how many cars are on the road help prevent gridlock in multiple areas at once?
vascular_anatomy	how is the inner lining of elastic arteries different from other types of blood vessels?
vascular_anatomy	which major brain artery feeds the outer parts of the frontal and parietal lobes?
vascular_anatomy	where do the veins from the kidneys empty into relative to the arteries that supply them?
vascular_anatomy	what structure makes the junction between the inferior vena cava and the heart look like a valve?
vascular_anatomy	which artery branches off the internal carotid as it moves through the middle cranial fossa?
vascular_biomechanics	How do computational fluid dynamics and solid mechanics simulations work together in vascular biomechanics studies?
vascular_biomechanics	What role do hyperelastic constitutive equations play in modeling arterial wall tissues?
vascular_biomechanics	Why are piezo1 channels important for understanding vascular responses to mechanical stress?
vascular_biomechanics	How is wall shear stress measured in isolated blood vessels using in vitro methods?
vascular_biomechanics	What is the aortic compliance index and why is it used to evaluate vascular health?
vassal_obligation_enforcement_mechanisms	where did the manorial courts usually take place?
vassal_obligation_enforcement_mechanisms	What document primarily defined the duties of a vassal?
vassal_obligation_enforcement_mechanisms	How did lords handle cases where vassals failed to pay their feudal dues?
vassal_obligation_enforcement_mechanisms	Could a vassal negotiate the terms of their service when receiving a fief?
vassal_obligation_enforcement_mechanisms	What system did the Tokugawa shogunate use to keep daimyo in check?
vector_clock_synchronization	How do vector clocks handle network delays when synchronizing timestamps across different nodes?
vector_clock_synchronization	What happens to the vector clock structure when a node leaves the network?
vector_clock_synchronization	How does the algorithm keep track of cause and effect between events in a distributed system?
vector_clock_synchronization	Why does each process need a unique identifier in the vector clock setup?
vector_clock_synchronization	How are conflicting state updates resolved between two nodes using vector clocks?
ventilation_and_gas_management	how do ventilation systems ensure gas levels stay below explosive or toxic thresholds?
ventilation_and_gas_management	what determines the airflow speed needed for different gas concentrations?
ventilation_and_gas_management	why is sealing the ductwork important for a ventilation system?
ventilation_and_gas_management	how does the controller decide when to activate fans or dampers?
ventilation_and_gas_management	how can you verify that the control logic properly sequences the ventilation components?
ventilation_limited_combustion_modeling	How does the Froude number help in modeling buoyancy-driven flows in ventilation limited combustion?
ventilation_limited_combustion_modeling	What techniques are needed to avoid numerical diffusion when simulating sharp flame structures?
ventilation_limited_combustion_modeling	Why do boundary layer separations cause problems in trapping unburned fuel?
ventilation_limited_combustion_modeling	How can computational cost reduction lead to better accuracy in predicting flow fields?
ventilation_limited_combustion_modeling	What is the proper way to measure laser sheet thickness to avoid spatial averaging of thin flames?
vibration_analysis_and_modal_testing	how do I determine the natural frequencies and mode shapes of a structure during vibration testing?
vibration_analysis_and_modal_testing	why use shakers when performing modal analysis instead of just random excitation?
vibration_analysis_and_modal_testing	how can I improve the accuracy of damping ratio measurements in my experiments?
vibration_analysis_and_modal_testing	what causes discrepancies in the observed modal shapes compared to theoretical models?
vibration_analysis_and_modal_testing	how does modal testing help verify the structural integrity of robotic arms and conveyor systems?
vibration_analysis_and_monitoring	How do I know which mounting type is right for my equipment?
vibration_analysis_and_monitoring	What is the best way to capture sudden shock loads in machine vibrations?
vibration_analysis_and_monitoring	Why do temperature changes affect the accuracy of my vibration sensor?
vibration_analysis_and_monitoring	What does spectral kurtosis actually tell me about a signal?
vibration_analysis_and_monitoring	How does a mechanical transducer turn physical vibration into an electrical signal?
vibration_isolation_engineering	how do structural interfaces affect the way vibrations travel through a building?
vibration_isolation_engineering	why do vibration isolators lose effectiveness as they age?
vibration_isolation_engineering	what makes a good balance between frequency and damping in an isolation system?
vibration_isolation_engineering	can accelerometers be used to measure vibration in both the foundation and the equipment?
vibration_isolation_engineering	do active vibration isolation systems need electricity to run?
vibration_isolation_systems	How do I define the mass of the isolated structure and the stiffness and damping characteristics of the isolation elements?
vibration_isolation_systems	What is the effect of stiffness on the system's resistance to deformation and its natural frequency?
vibration_isolation_systems	Why are viscoelastic mounts sensitive to temperature changes?
vibration_isolation_systems	How is the overall isolation effectiveness calculated?
vibration_isolation_systems	Do passive vibration isolation systems consume any operational energy?
view_stamped_replication	how do replicas keep track of which updates have been applied and which are still missing?
view_stamped_replication	what happens to the version vectors when a network partition causes some nodes to fall out of sync?
view_stamped_replication	can you explain how view-stamped replication handles initial setup between new and existing replicas?
view_stamped_replication	does every write get a unique identifier that helps determine the order of operations across different nodes?
view_stamped_replication	how does the system maintain causality when different replicas are accepting writes during a network outage?
view_synchronization_mechanisms	How does the system handle situations where two users edit the same piece of data at the same time?
view_synchronization_mechanisms	Can you explain why making operations idempotent helps when messages get retried?
view_synchronization_mechanisms	What does write-after-read consistency actually guarantee for a client’s experience?
view_synchronization_mechanisms	How can sending multiple tiny updates in one packet reduce network overhead?
view_synchronization_mechanisms	If the state vectors line up, why doesn’t the server need to resend all the data?
viscoplasticity_theory	How do internal state variables influence the yield surface in stress space during material deformation?
viscoplasticity_theory	What is the significance of assuming a zero plastic spin tensor in associated flow rules?
viscoplasticity_theory	Can you explain how the plastic strain rate combines both rate-independent and rate-dependent terms in viscoplasticity models?
viscoplasticity_theory	How does preventing plastic blunting alter the failure mode from ductile tearing to brittle cleavage?
viscoplasticity_theory	Does viscoplasticity theory typically rely on a single evolving yield surface governed by plastic hardening laws?
viscous_flow_dynamics	how do the navier-stokes equations simplify when inertial forces are negligible in viscous flow?
viscous_flow_dynamics	what causes a boundary layer to detach from a surface during fluid flow?
viscous_flow_dynamics	when does compressibility become important in viscous flow dynamics?
viscous_flow_dynamics	why might explicit time-stepping methods like runge-kutta be chosen for transient simulations?
viscous_flow_dynamics	how does adverse pressure gradient affect the behavior of flow near a surface?
visual_cortex_topography	How are orientation and ocular dominance columns organized in the primary visual cortex?
visual_cortex_topography	What role do NMDA receptors play in shaping the topographic structure of V1?
visual_cortex_topography	How does the modular columnar architecture of the visual cortex support visual processing?
visual_cortex_topography	In what way does norepinephrine contribute to stabilizing synaptic connections in the visual cortex?
visual_cortex_topography	Why does damage to the fusiform face area lead to difficulty recognizing faces?
visual_information_design	How do fluid grids and flexible media queries help reflow content on different screen sizes?
visual_information_design	What color blindness conditions do simulation tools need to check for readability?
visual_information_design	How do font weight, size, and color saturation create a typographic hierarchy?
visual_information_design	What role does semantic structuring play in making data easier to retrieve and understand?
visual_information_design	How can reducing visual noise and organizing information hierarchically support both automatic and deliberate thinking?
voltage_divider_design_and_impedance_matching	How do I calculate the right reactance values for my voltage divider when I know my source and load impedances?
voltage_divider_design_and_impedance_matching	Why does the voltage at my circuit change when I connect a new component, and how can I fix that loading effect?
voltage_divider_design_and_impedance_matching	What should I look for in components when designing a voltage divider for high-frequency signals?
voltage_divider_design_and_impedance_matching	How can I make sure my op-amp doesn't mess up the voltage I'm trying to measure or pass on?
voltage_divider_design_and_impedance_matching	What role do Q factors play in impedance matching circuits, and how do they affect my power transfer?
warehouse_layout_optimization	How do I decide where to place my most expensive and frequently picked products in the warehouse?
warehouse_layout_optimization	What factors should I consider when planning the overall size and height of my storage areas?
warehouse_layout_optimization	How can I measure and improve the speed at which my team processes goods?
warehouse_layout_optimization	Is there a digital tool that can automatically suggest the best spot for every item I stock?
warehouse_layout_optimization	Why do I need to connect my inventory software with the system that tracks where things are in the warehouse?
water_distribution_systems	how do I model the base performance of a water distribution network?
water_distribution_systems	can hydraulic models be combined with equations to track how contaminants move?
water_distribution_systems	what are the best practices for operating valves to avoid damaging pipes with water hammer?
water_distribution_systems	how do I compare the cost of running a water system to the money I make from selling water?
water_distribution_systems	where should I put flow meters in a pipe to get the most accurate readings?
water_flow_control_and_lubrication_systems	how do pressure compensating valves keep flow steady when pressure changes downstream?
water_flow_control_and_lubrication_systems	what is the role of viscosity index improvers in maintaining oil performance across different temperatures?
water_flow_control_and_lubrication_systems	why is it important to remove air pockets from bearing access points during fluid saturation?
water_flow_control_and_lubrication_systems	how should the control loop bandwidth be set to handle sudden load changes without creating pressure oscillations?
water_flow_control_and_lubrication_systems	what safety precautions should be taken when selecting pressure gauges for the system?
water_jet_cutting_and_material_removal	how much pressure does a typical water jet system use to cut through metal?
water_jet_cutting_and_material_removal	what happens to the cut quality if I use too big abrasive particles on soft materials?
water_jet_cutting_and_material_removal	can water jet machines handle sheets that are over a centimeter thick?
water_jet_cutting_and_material_removal	does the nozzle size really affect how fast the material gets removed?
water_jet_cutting_and_material_removal	are water jet systems good for cleaning heavy metals out of water?
water_resources_engineering	how does the steepness of a concrete spillway affect the water pressure it experiences?
water_resources_engineering	what are the main goals of flood control systems during heavy rainfall?
water_resources_engineering	which mathematical equation describes water movement through partially saturated soil?
water_resources_engineering	what common formulas are used to predict the amount of sediment carried by a river's flow?
water_resources_engineering	how do engineers decide where to install valves in a water distribution network?
waterjet_cutting_and_high_pressure_fluid_dynamics	how does the primary fluid jet pull in the abrasive particles during operation?
waterjet_cutting_and_high_pressure_fluid_dynamics	what system ensures the cutting force stays steady at the nozzle tip?
waterjet_cutting_and_high_pressure_fluid_dynamics	why do super hard materials need faster fluid speeds to start cutting?
waterjet_cutting_and_high_pressure_fluid_dynamics	how are electrical parts kept safe from the high pressure fluid?
waterjet_cutting_and_high_pressure_fluid_dynamics	what steps are needed to check the cutting head alignment properly?
watermill_and_windmill_engineering	how does the rotational force from a waterwheel get transferred to the grinding stones in a mill?
watermill_and_windmill_engineering	what kind of regular maintenance do windmill blades need to avoid breaking suddenly?
watermill_and_windmill_engineering	why are windmill blades usually made of wood or composites instead of lighter materials?
watermill_and_windmill_engineering	how does the lower air density at high altitudes affect the design of wind turbines?
watermill_and_windmill_engineering	why do windmills in colder or higher locations need bigger rotors or more blades?
wavefront_error_analysis	how do Shack-Hartmann sensors measure wavefront phase errors?
wavefront_error_analysis	why is RMS commonly used to describe wavefront distortion in adaptive optics?
wavefront_error_analysis	how does using normalized versus unnormalized Zernike coefficients change error values?
wavefront_error_analysis	what role does Kalman filtering play in tracking changing wavefront modes?
wavefront_error_analysis	why must microlens arrays be aligned with extreme precision for sensor alignment?
wavefront_sensing	how does the centroid method calculate wavefront slope from spot movement?
wavefront_sensing	can I use least squares to fit wavefront coefficients to sensor data?
wavefront_sensing	what happens to accuracy if the optical axis is misaligned?
wavefront_sensing	how do thermal drifts affect wavefront measurements?
wavefront_sensing	is there a way to calibrate sensor response against a reference wavefront?
welding_and_coating_process_engineering	How does a stable metal-oxide interface help prevent galvanic corrosion in electrochemical adhesion?
welding_and_coating_process_engineering	What role does carrier gas flow rate play in maintaining particle velocity during thermal spray processes?
welding_and_coating_process_engineering	Why do microcracks in the heat-affected zone start at grain boundaries?
welding_and_coating_process_engineering	How do low-alloy filler metals with higher ductility reduce crack initiation compared to high-carbon ones?
welding_and_coating_process_engineering	What are the regulatory requirements for classifying and disposing of welding waste materials?
wetting_phenomena	How does disjoining pressure influence the stability and drainage of thin liquid films?
wetting_phenomena	What is the relationship between pressure difference and interfacial tension in wetting systems?
wetting_phenomena	Why does the contact line position show hysteresis when measuring wetting behavior?
wetting_phenomena	How can a high-resolution optical setup be used to observe the shape of a pendant drop?
wetting_phenomena	What does the Young equation tell us about the balance of forces at a three-phase contact line?
windowed_methods	how do fpga hardware designs handle parallel data paths for concurrent windowed signal processing?
windowed_methods	what happens to the buffer when new data points are added and the window boundary is exceeded?
windowed_methods	how are attenuation levels calculated using Fourier transforms of polynomial cosine terms?
windowed_methods	can you explain how threshold values are dynamically adjusted using moving averages on window statistics?
windowed_methods	why do dynamic programming algorithms for sequence alignment need special gap penalties and initialization for finite sequence boundaries?
wire_tensioning_systems	how does the capstan equation determine the mechanical advantage of a wire tensioning system?
wire_tensioning_systems	why are galvanized wires more prone to environmental fatigue compared to other coatings?
wire_tensioning_systems	how do embedded sleeves transfer tension without creating stress concentration at a single fastener?
wire_tensioning_systems	what role does the proportional control valve play in modulating hydraulic fluid flow during tensioning?
wire_tensioning_systems	how can shielded housing and mechanical isolation mounts help reduce the effects of humidity and vibration?
wood_chip_formation_dynamics	how does the moisture level in wood affect the energy needed to cut it into chips?
wood_chip_formation_dynamics	what happens when the stress from a cutting tool exceeds the wood's shear strength along the grain?
wood_chip_formation_dynamics	why does some wood turn into clean chips while other wood breaks into smaller debris?
wood_chip_formation_dynamics	how can we check if a wood-cutting simulation matches real-world results?
wood_chip_formation_dynamics	why is keeping the shape of wood chips consistent important for making composite materials?
wood_moisture_meter_calibration	why do my capacitance moisture meter readings drift when the room humidity changes?
wood_moisture_meter_calibration	how do I properly calibrate my wood moisture meter to reduce errors from sensor wear?
wood_moisture_meter_calibration	what's the difference between resistive and capacitance moisture meters?
wood_moisture_meter_calibration	should I check my moisture meter probe for damage before calibrating it?
wood_moisture_meter_calibration	why is it important to record calibration dates and reference standards for traceability?
wood_species_identification_and_grading	how can I tell the difference between natural wood variations and heat treatment damage?
wood_species_identification_and_grading	what are the best ways to identify wood species just by looking at them?
wood_species_identification_and_grading	why do growth ring patterns matter when grading ring-porous wood?
wood_species_identification_and_grading	how do Japanese standards define quality for wood used in buildings and furniture?
wood_species_identification_and_grading	what steps should I take after staining a wood section for microscopic analysis?
wood_technology	how do i keep my machine cool while cutting wood?
wood_technology	why do i need to check the ground before turning on the saw?
wood_technology	what kind of glue is best for sticking veneers together?
wood_technology	how can i find out how well my wood conducts heat?
wood_technology	what safety gear do i really need to wear in the shop?
woodworking_joinery_and_surface_finishing	how do I properly sand wood to get a smooth finish without leaving scratches?
woodworking_joinery_and_surface_finishing	why do hardwoods generally swell less when exposed to changes in temperature compared to softer woods?
woodworking_joinery_and_surface_finishing	what role do co-solvents like alcohol play in keeping wood glue or finish from thickening too fast?
woodworking_joinery_and_surface_finishing	should I always use water-based adhesives when working with porous hardwoods?
woodworking_joinery_and_surface_finishing	is hand-planing really better than using machines for smoothing out tricky joinery details?
woodworking_joinery_techniques	how do temperature changes affect the strength of glued lap joints in hardwoods?
woodworking_joinery_techniques	what role does moisture content play in keeping joint components stable?
woodworking_joinery_techniques	why do tenon pins create so much pressure when they fit into mortise cavities?
woodworking_joinery_techniques	do cnc-cut joints need extra glue to handle small gaps?
woodworking_joinery_techniques	how can we make sure glue spreads evenly in finger joints to handle stress?
woodworking_machinery_design	how do angular contact ball bearings differ from deep groove ball bearings in terms of stiffness for woodworking machines?
woodworking_machinery_design	what does fail-safe design mean for a lathe spindle when the machine door is opened?
woodworking_machinery_design	why is preventing deflection so important when aiming for low runout in machining setups?
woodworking_machinery_design	how does a spring-loaded tensioning mechanism keep belt tension constant in a machine tool?
woodworking_machinery_design	what should be done to chuck jaws to ensure they keep their shape and grip the tool evenly?
wool_felting_and_matting	what water temperature is needed to make wool fibers lock together?
wool_felting_and_matting	does removing lanolin help water get inside wool fibers during felting?
wool_felting_and_matting	how does the speed of the felting machine affect the number of times fibers interlock?
wool_felting_and_matting	why is it important to keep wool fibers aligned properly to avoid weak spots?
wool_felting_and_matting	should i wear gloves when working with raw wool to avoid skin issues?
work_function_engineering	how do alkali metal adsorbates lower the work function of metal surfaces?
work_function_engineering	what is the Richardson-Dushman law and how does it apply to thermal emission current?
work_function_engineering	how does atomic-scale surface termination affect dangling bond states in the band gap?
work_function_engineering	what limits the maximum work function shift when adding adsorbates to a surface?
work_function_engineering	why is a cosine correction factor needed when measuring emission current at angled incidence?
work_hardening_and_strain_aging	How do solute atoms affect dislocation movement in face-centered cubic materials?
work_hardening_and_strain_aging	What happens when the strain rate gets too high for solute atmospheres to keep up?
work_hardening_and_strain_aging	Why is diffusion faster for interstitial atoms compared to vacancies?
work_hardening_and_strain_aging	Can atomic force microscopy detect solute cloud formation at the nanoscale?
work_hardening_and_strain_aging	How do solute pinning, dislocation cells, and precipitation hardening work together to increase strength?
x_ray_crystallography	how do I prepare a sample for x ray crystallography to get good quality crystals?
x_ray_crystallography	what information can I get from the angular positions of the diffraction spots?
x_ray_crystallography	what does the variable d mean in the context of x ray diffraction?
x_ray_crystallography	how do I assign miller indices to the observed diffraction spots?
x_ray_crystallography	does the resulting electron density map show the symmetry of the crystal?
x_ray_diffraction	How do you figure out the crystal structure from an X-ray diffraction pattern?
x_ray_diffraction	What role does the choice of X-ray wavelength play in determining the diffraction angles?
x_ray_diffraction	Why do satellite peaks appear at non-integer positions in a reciprocal lattice plot?
x_ray_diffraction	How can you tell if a material has a superstructure based on its diffraction data?
x_ray_diffraction	What does the distance between diffraction peaks tell you about a thin film and its substrate?
x_ray_fluorescence_spectroscopy	How do the elements surrounding a sample change the results in X-ray fluorescence analysis?
x_ray_fluorescence_spectroscopy	Why is X-ray fluorescence based on the rules of energy conservation and atomic energy levels?
x_ray_fluorescence_spectroscopy	What are the main advantages of using energy-dispersive systems for X-ray fluorescence?
x_ray_fluorescence_spectroscopy	Can you explain how scanning X-ray fluorescence systems use raster scanning?
x_ray_fluorescence_spectroscopy	How do Fresnel zone plates help focus hard X-ray beams to such small sizes?
xylem_anatomy	Why does water tension in plants sometimes lead to cavitation in the xylem?
xylem_anatomy	How does lignin in the xylem walls affect its permeability and rigidity?
xylem_anatomy	What role do stomata play in generating the vapor pressure deficit that pulls water through the plant?
xylem_anatomy	How do the pit structures in angiosperm vessels differ from those in gymnosperm tracheids?
xylem_anatomy	How is xylem typically arranged within the vascular bundle of a plant?
xylem_mechanics	how do pectin and hemicellulose interact with lignin to build the secondary cell wall?
xylem_mechanics	what role do parenchyma cells play in the secondary xylem matrix?
xylem_mechanics	how do pit membranes make xylem conduits more prone to cavitation?
xylem_mechanics	how does tylose affect the hydraulic conductivity of xylem tissue?
xylem_mechanics	what limits the amount of secondary wall deposition in xylem?
zero_knowledge_proofs	how does the prover encode private information into a vector of field elements for zero knowledge proofs?
zero_knowledge_proofs	why is it important to delete the setup randomness after creating a trusted setup?
zero_knowledge_proofs	how do bilinear pairings help the verifier check polynomial evaluations in zk proofs?
zero_knowledge_proofs	do zk-STARKs take longer to compute than zk-SNARKs for the same circuit?
zero_knowledge_proofs	what risk does a malicious trusted setup pose in zero knowledge proof systems?
