abrasive_grinding_and_polishing	How can thermal drift be monitored during the grinding process to maintain dimensional accuracy?
abrasive_grinding_and_polishing	Which abrasive type is recommended for grinding ferrous metals and non-ferrous metals?
abrasive_grinding_and_polishing	What problems can arise from uneven heat dissipation in the workpiece after grinding?
abrasive_grinding_and_polishing	Why is effective chip evacuation important when working with high ductility materials?
abrasive_grinding_and_polishing	How do high cutting forces in the grinding phase contribute to heat generation and material removal rates?
abrasive_jet_machining	How does the nozzle design impact the jet's velocity and shape during operation?
abrasive_jet_machining	What role does particle size play in determining penetration depth and material removal?
abrasive_jet_machining	How does a closed-loop servo system ensure accurate positioning across all axes?
abrasive_jet_machining	What are the recommended maintenance routines for keeping system components in good condition?
abrasive_jet_machining	How can acoustic signals and force changes be used to detect nozzle wear?
abrasive_slurry_dynamics	how does the angle of impact affect material removal rates in abrasive systems?
abrasive_slurry_dynamics	what internal design features help accelerate slurry flow and improve particle trapping?
abrasive_slurry_dynamics	why might standard equations fail to predict behavior at very high particle concentrations?
abrasive_slurry_dynamics	how can operators use pressure readings to spot potential equipment blockages or leaks?
abrasive_slurry_dynamics	what concentration range should be maintained to balance cutting power with machine longevity?
abstract_interpretation	What role does the widening operator play during iterative fixed-point computations?
abstract_interpretation	How does the join operation in abstract domains relate to over-approximating concrete state unions?
abstract_interpretation	Why does the concretization function ensure soundness in abstract interpretation?
abstract_interpretation	In what ways does this technique help eliminate redundant calculations when a state is visited multiple times?
abstract_interpretation	How does reduced iteration count contribute to performance gains in large-scale static analyses?
acid_base_extraction_of_organic_compounds	how do I properly clean my separation funnel to avoid cross-contamination between layers?
acid_base_extraction_of_organic_compounds	why does adding more extracting solvent improve the overall recovery of my organic compound?
acid_base_extraction_of_organic_compounds	what happens to the solubility of a molecule with both acidic and basic groups when I change the pH?
acid_base_extraction_of_organic_compounds	how can I use crystallization to purify my organic compound after the extraction is complete?
acid_base_extraction_of_organic_compounds	what does high-resolution mass spectrometry tell me about counterions in my final extract?
active_feedback_control_systems	how does phase margin indicate how much delay a system can tolerate before it becomes unstable?
active_feedback_control_systems	what role does integral action play in making sure the error eventually goes to zero?
active_feedback_control_systems	why are power amplifiers needed to drive the actuators in a feedback loop?
active_feedback_control_systems	how do H-infinity techniques protect the system from model inaccuracies and outside noise?
active_feedback_control_systems	in what way does sliding mode control keep performance steady despite changes in parameters?
adaptive_optics	Why is the spatial resolution of adaptive optics systems constrained by the physical size of the detector pixels?
adaptive_optics	How does the Greenwood frequency determine the minimum speed required for an adaptive optics correction loop?
adaptive_optics	Why must the control loop operate faster than the inverse coherence time of the atmosphere to prevent image distortion?
adaptive_optics	What makes single-mode adaptive optics a necessary component for reaching the diffraction limit on ground-based telescopes?
adaptive_optics	Why do astronomers often prefer observing at longer wavelengths despite the resulting loss in angular resolution?
additive_manufacturing_of_thermal_coatings	how does the recondensation of vaporized material change the chemical makeup of the coating surface?
additive_manufacturing_of_thermal_coatings	what happens to the residual stresses inside the coating when it is exposed to very high temperatures?
additive_manufacturing_of_thermal_coatings	in what way do laser power and scan speed change the pore formation in the coating?
additive_manufacturing_of_thermal_coatings	how does yttria-stabilized zirconia stop cracks from spreading during thermal shock?
additive_manufacturing_of_thermal_coatings	what role do laser-based melt pool sensors play in monitoring the stability of the manufacturing process?
adhesive_transfer_verification	how does shrinkage during curing affect the quality of the adhesive bond?
adhesive_transfer_verification	can interferometry be used to detect delamination at the bond surface?
adhesive_transfer_verification	what is the standard method for measuring peel strength of the cured adhesive?
adhesive_transfer_verification	why does low temperature lead to poor bond formation with thermoplastic adhesives?
adhesive_transfer_verification	how does temperature fluctuation over time impact the adhesive's cohesive strength?
adjoint_state_optimization	How are discontinuities or boundaries managed when solving the adjoint equations across different domains?
adjoint_state_optimization	Why must the time steps for the adjoint solver run in exactly the opposite order of the forward simulation?
adjoint_state_optimization	What specific data needs to be passed between different processors during the gradient calculation phase?
adjoint_state_optimization	Is it possible to achieve faster scaling in parallel adjoint solves compared to the original forward model?
adjoint_state_optimization	How does the gradient of the objective function influence the behavior of the adjoint solution at an interface?
administrative_law	What is a notice of proposed rulemaking and how does it affect the public comment period?
administrative_law	When can an administrative case skip the formal notice and response steps?
administrative_law	Why do judges defer to agencies when the issues involve science or technical expertise?
administrative_law	How does the substantial evidence standard protect an agency’s decision from judicial override?
administrative_law	What specific limits does judicial review place on courts reviewing administrative actions?
aerodynamic_boundary_layer_theory	how does the momentum thickness help engineers predict when a boundary layer might separate from a surface?
aerodynamic_boundary_layer_theory	can you describe how the polynomial expansion used in the velocity profile accounts for changes in speed near the wall?
aerodynamic_boundary_layer_theory	what effect does having turbulent flow in the free stream have on when the boundary layer transitions to turbulence?
aerodynamic_boundary_layer_theory	how does the Pohlhausen correlation use the shape factor and pressure gradient parameter to forecast boundary layer development?
aerodynamic_boundary_layer_theory	in what ways does flow expansion near the rear of a bluff body or at the airfoil trailing edge lead to separation?
aerodynamic_profiling	what does the von Karman Pohlhausen method tell us about boundary layer behavior at different flow conditions?
aerodynamic_profiling	how do Large Eddy Simulation techniques handle turbulence without resolving every tiny swirl in the air?
aerodynamic_profiling	why would a thin airfoil design be better for achieving a high lift-to-drag ratio?
aerodynamic_profiling	what happens to aerodynamic performance when you need more space inside the wing for structural parts?
aerodynamic_profiling	how does theoretical prediction support the creation of high-lift devices in aircraft design?
aerodynamic_shape_optimization	what specific techniques are used to resolve the complex flow features at junctions in hybrid mesh simulations?
aerodynamic_shape_optimization	how does the Newton-Raphson method specifically address the nonlinear algebraic systems arising in aerodynamic simulations?
aerodynamic_shape_optimization	what factors are most critical when designing the test section of a wind tunnel to ensure high-quality flow data?
aerodynamic_shape_optimization	under what conditions does boundary layer separation occur, and what are its consequences for aerodynamic performance?
aerodynamic_shape_optimization	how do the Mach number and flow turning angle influence the strength of shock waves and subsequent adverse pressure gradients?
aerodynamics_of_projectile_flight	How does the shape of the wake behind a projectile influence the pressure at its base?
aerodynamics_of_projectile_flight	What happens when a projectile experiences a crosswind during its flight?
aerodynamics_of_projectile_flight	How do surface coatings protect a projectile from atmospheric particles?
aerodynamics	what causes unsteady flow behavior when shock waves interact with the boundary layer?
aerodynamics	how is the stress in a viscous fluid mathematically modeled using pressure and viscosity?
aerodynamics	what determines the magnitude of lift generated by a rotating airfoil according to Kutta-Joukowski?
aerodynamics	when do inertial forces become the primary factor influencing flow patterns around an object?
aerodynamics	how is the influence of tunnel walls on test model data expressed through area ratios?
aging_induced_microstructural_evolution	Do spherical precipitate assumptions in Zener pinning models hold true for materials with non-isotropic interfaces?
aging_induced_microstructural_evolution	Can dislocations move between slip planes through the absorption or release of vacancies?
aging_induced_microstructural_evolution	How does Ostwald ripening lower the total interfacial area in a two-phase aging system?
aging_induced_microstructural_evolution	What role do molecular dynamics simulations play in estimating nucleation barriers for phase-field models?
aging_induced_microstructural_evolution	Why should phase-field models incorporate atomistic data on interface energy anisotropy?
agricultural_irrigation_engineering	How do engineers calculate the exact amount of water a specific crop needs to thrive?
agricultural_irrigation_engineering	What role does friction in pipes play in determining the required pump power?
agricultural_irrigation_engineering	Why must pressure be kept uniform from the center of a rotation to its outer edge?
agricultural_irrigation_engineering	How can installing valves at the start of lateral lines improve water distribution?
agricultural_irrigation_engineering	Why do large-scale irrigation systems often use multiple pumps instead of a single one?
agronomy	How do integrated decision platforms help farmers make better choices for irrigation and fertilization?
agronomy	Why do plant roots produce certain chemicals that can harm soil-borne pathogens?
agronomy	What role does ABA signaling play in how plants respond to stress at the genetic level?
agronomy	How does crop diversity actually make farming systems more resilient to changing climates and market prices?
agronomy	What is the guide RNA’s job in CRISPR-Cas9 when it’s editing plant genes?
air_entrapment_dynamics	how does dissolved gas affect the energy needed for bubbles to form in water?
air_entrapment_dynamics	what role does inertial force play compared to surface tension during the start of bubble formation?
air_entrapment_dynamics	why might CFD simulations struggle to accurately capture bubble merging in turbulent flows?
air_entrapment_dynamics	what are the practical consequences of air getting trapped inside hydraulic equipment?
air_entrapment_dynamics	how can tracking pressure and temperature help identify when aeration is starting in a system?
airfoil_design	How do I set the tolerance for lift and drag coefficients when refining the mesh in high gradient areas?
airfoil_design	Where should I place the maximum thickness to keep the airfoil structurally sound while improving pressure distribution?
airfoil_design	Why is using an upwind differencing scheme important for maintaining numerical stability when flow gradients are steep?
airfoil_design	How precisely must the pressure tap holes be machined and aligned on the airfoil model to get accurate pressure readings?
airfoil_design	What equipment should I use to calibrate the transducer before starting measurements with a known pressure standard?
algorithmic_space_optimization	How do you calculate the exact memory footprint for a recursive function that processes a binary tree?
algorithmic_space_optimization	What technique can I use to merge multiple nested loops into one while keeping the algorithm memory-efficient?
algorithmic_space_optimization	Why does flattening a 2D matrix into a 1D array help the CPU cache work better?
algorithmic_space_optimization	Can you explain how changing the order of operations in a nested structure might save RAM?
algorithmic_space_optimization	How do I design a sorting algorithm that automatically adapts to different cache sizes without manual configuration?
alkaloid_extraction_and_purification	how do I control the temperature of my mobile phase to get better chromatographic results?
alkaloid_extraction_and_purification	what organic solvents work best when extracting weakly acidic alkaloids from plant material?
alkaloid_extraction_and_purification	how do I use mass spectrometry to prove my purified alkaloid is the correct compound?
alkaloid_extraction_and_purification	why do I need to capture volatile organic compounds during my alkaloid extraction process?
alkaloid_extraction_and_purification	what tests should I run to confirm my final alkaloid product meets quality standards?
alloy_phase_diagram_analysis	how do electron energy loss spectroscopy and other microstructural analysis techniques work together to determine elemental composition?
alloy_phase_diagram_analysis	what is the mathematical basis for calculating phase fractions using the lever rule?
alloy_phase_diagram_analysis	why do phase boundaries shift when intermetallic formation is thermodynamically favorable?
alloy_phase_diagram_analysis	how does the length of the lever arm relate to the proportion of each phase present?
alloy_phase_diagram_analysis	what are the consequences when cooling rates prevent diffusion from maintaining equilibrium at phase boundaries?
alloying_element_solubility_limits	How does the shape of the empty spaces in a crystal determine which atoms can fit inside?
alloying_element_solubility_limits	Why must metal cooling be extremely fast to keep solute atoms dissolved?
alloying_element_solubility_limits	Does waiting longer at a set temperature change how much solute the metal can hold?
alloying_element_solubility_limits	Why might standard experiments underestimate the actual amount of solute a material can contain?
alloying_element_solubility_limits	What role does non-equilibrium processing play in determining measured solubility values?
analog_signal_conditioning_and_anti_aliasing_filters	how does component tolerance affect filter performance in analog circuits?
analog_signal_conditioning_and_anti_aliasing_filters	can a third order filter give me enough roll-off for my application?
analog_signal_conditioning_and_anti_aliasing_filters	why are chebyshev and elliptic filters preferred over butterworth for steep roll-off?
analog_signal_conditioning_and_anti_aliasing_filters	what equipment do i need to properly test an anti-aliasing filter?
analog_signal_conditioning_and_anti_aliasing_filters	how can i check the group delay to avoid waveform distortion?
analog_to_digital_conversion_and_reference_voltage_stability	How does reference voltage drift over time affect the accuracy of my ADC output?
analog_to_digital_conversion_and_reference_voltage_stability	What is the relationship between temperature changes and reference voltage stability?
analog_to_digital_conversion_and_reference_voltage_stability	Why do successive approximation ADCs provide better power efficiency for certain applications?
analog_to_digital_conversion_and_reference_voltage_stability	How can I filter out noise on the reference voltage without losing the DC level?
analog_to_digital_conversion_and_reference_voltage_stability	What happens to the digital code output if the reference voltage is not perfectly stable?
anisotropic_fiber_reinforcement_techniques	how does optical coherence tomography help detect defects like delaminations in composite materials?
anisotropic_fiber_reinforcement_techniques	what are the specific chemical resistance differences between arid fibers and polyester matrices in wet environments?
anisotropic_fiber_reinforcement_techniques	how do shear forces at the fiber-matrix interface influence load transfer in anisotropic composites?
anisotropic_fiber_reinforcement_techniques	in what ways can micromechanics models account for anisotropic damage such as matrix cracking and fiber debonding?
anisotropic_fiber_reinforcement_techniques	how do micromechanics models determine the effective elastic constants of composite materials using volume fractions and geometric arrangements?
anisotropic_shrinkage_compensation_in_ceramic_processing	how does the eutectic temperature influence the densification rate and the likelihood of dimensional distortion in my ceramic parts?
anisotropic_shrinkage_compensation_in_ceramic_processing	can i adjust the sintering time to reduce the overall anisotropy in the final component?
anisotropic_shrinkage_compensation_in_ceramic_processing	what are the best practices for setting up thermal zones to match the specific shrinkage directions of my ceramic material?
anisotropic_shrinkage_compensation_in_ceramic_processing	how important is it to keep the temperature uniform during the sintering cycle to avoid unexpected distortions?
anisotropic_shrinkage_compensation_in_ceramic_processing	how does the applied stress during processing contribute to the final shape anisotropy of the ceramic?
annealing_and_tempering	What causes the reduction in Gibbs free energy during precipitation in annealing and tempering?
annealing_and_tempering	How do thermal gradients and rapid cooling rates lead to cracking in metals?
annealing_and_tempering	Why does holding steel at high temperatures for long periods cause grain growth?
annealing_and_tempering	What role does dislocation rearrangement play in reducing residual stress through annealing?
annealing_and_tempering	How can additional heat treatments after processing help refine material properties?
anthropological_community_studies	how does the practice of triangulation help researchers validate their findings more reliably?
anthropological_community_studies	what specific steps do researchers take to ensure they are sharing research benefits with the host community?
anthropological_community_studies	how can the tension between academic rigor and practical application lead to oversimplified recommendations?
anthropological_community_studies	in what ways do anthropologists document resistance to cultural appropriation within changing social contexts?
anthropological_community_studies	how can researchers critically reflect on their representations to avoid exoticizing or stereotyping community members?
api_based_data_integration	how does the system handle situations where the same message is received multiple times during data synchronization?
api_based_data_integration	what method ensures that complex source data gets properly mapped to multiple smaller fields in the target system?
api_based_data_integration	how does the API use unique identifiers from previous responses to continue fetching large datasets in chunks?
api_based_data_integration	why is it important to implement retry logic with increasing delays when dealing with temporary network errors?
api_based_data_integration	how does the integration strategy maintain data consistency even when messages arrive out of order?
apothecary_compounding_and_distillation	what solvent should I use to extract the alkaloids from my mixture?
apothecary_compounding_and_distillation	how do I prevent foaming when adjusting the pressure in the system?
apothecary_compounding_and_distillation	why is it necessary to purge the system with inert gas before starting?
apothecary_compounding_and_distillation	what concentration of alcohol do I need to keep my preparation safe from spoilage?
apothecary_compounding_and_distillation	how can I figure out how much starting material I need for a specific dose?
applied_mathematics	what is the connection between symmetry and conservation laws in physical systems?
applied_mathematics	how do preconditioners improve the performance of iterative solvers?
applied_mathematics	what role does mesh refinement play in the accuracy of numerical solutions?
applied_mathematics	how does topological data analysis use persistence diagrams to extract features?
applied_mathematics	what is the relationship between partial differential equations and stochastic processes?
archery_ballistics_and_bowcraft	Why does the consistency of the hand placement and release technique matter for maintaining the correct alignment?
archery_ballistics_and_bowcraft	How does a uniform flex rating in an arrow shaft contribute to predictable flight dynamics?
archery_ballistics_and_bowcraft	What does a stability factor greater than 1.5 signify for the dynamic stability of the arrow during its flight?
archery_ballistics_and_bowcraft	How does storing archery equipment in climate-controlled environments help preserve the integrity of the bow and arrows?
archery_ballistics_and_bowcraft	Why are consistent anchor points on the face important for ensuring the arrow is aimed at the same location relative to the target?
archery_equipment_engineering	How do manufacturers ensure consistent mass distribution along the bow limb through precise wall thickness control?
archery_equipment_engineering	What role do composite backing layers play in balancing energy absorption with structural integrity?
archery_equipment_engineering	Why is minimizing turbulent wake formation important for arrow flight performance?
archery_equipment_engineering	How does gyroscopic stability help arrows overcome aerodynamic disturbances during flight?
archery_equipment_engineering	What engineering features in archery equipment help maintain mechanical integrity during rapid bow release?
architectural_defense_engineering	how do sealed door gaskets help keep a building under positive pressure?
architectural_defense_engineering	what kind of connections are used in structural steel columns to handle shaking from lateral forces?
architectural_defense_engineering	why is fault injection testing important for checking system resilience during maintenance?
architectural_defense_engineering	how do architects make sure that adding security features doesn’t weaken the building’s structure?
architectural_defense_engineering	what rules do defensive upgrades have to follow so they don’t need extra permits?
arid_adapted_horticulture	how do closed-loop hydroponic systems work to save water in dry climates?
arid_adapted_horticulture	why should I leave more space between rows in an arid garden?
arid_adapted_horticulture	what role do deep taproots play in surviving long drought periods?
arid_adapted_horticulture	how does the symbiotic relationship with fungi help plants conserve energy?
arid_adapted_horticulture	can you describe how recirculating nutrient solutions deliver minerals to roots?
arterial_compliance_modeling	how do I determine the initial cross-sectional area distribution along the aorta for my simulation?
arterial_compliance_modeling	why is the calculated compliance inversely related to the tangent modulus in constitutive equations?
arterial_compliance_modeling	what role do finite element methods play in discretizing the arterial wall geometry?
arterial_compliance_modeling	how does the calibration process minimize the error between predicted and measured phase angles?
arterial_compliance_modeling	can coupled computational fluid dynamics and structural mechanics resolve fluid-structure interactions at complex junctions?
arterial_wall_mechanics	What happens when arteries stretch over a long period under constant pressure?
arterial_wall_mechanics	How does the arterial wall respond differently to small versus large stretches?
arterial_wall_mechanics	Why does the artery wall get stiffer as it stretches more?
arterial_wall_mechanics	Can twisting the artery help us understand how it behaves in the body?
arterial_wall_mechanics	How does damage to the fiber structure in arteries increase the chance of bulging?
astronomical_telescope_design	how does adaptive optics use the fried parameter to measure atmospheric turbulence?
astronomical_telescope_design	what materials are best for building a telescope's optical bench to prevent thermal warping?
astronomical_telescope_design	why is millimeter-level alignment so critical for starshade missions?
astronomical_telescope_design	how does a closed-loop feedback system correct image distortions in real time?
astronomical_telescope_design	why does the primary mirror's exact shape matter for predicting a starshade's shadow pattern?
astronomy_and_celestial_navigation	Why does light scatter into a halo when there are wavefront errors in the telescope?
astronomy_and_celestial_navigation	How do you use a chronometer to record the exact time of an observation in relation to Greenwich Mean Time?
astronomy_and_celestial_navigation	What is Fourier decomposition and how is it used to remove activity cycles from a light curve?
astronomy_and_celestial_navigation	What is the purpose of a field stop and a reticle crosshair in the optical system of a telescope?
astronomy_and_celestial_navigation	How can you determine your latitude by comparing the altitude of a celestial body with its declination and hour angle?
asynchronous_network_models	How can microservices stay independent when they communicate asynchronously?
asynchronous_network_models	What role do event loops play in managing concurrent operations?
asynchronous_network_models	Why must schema evolution strategies support outdated data formats?
asynchronous_network_models	How do message queues help systems handle concurrent requests?
asynchronous_network_models	What is the challenge of maintaining consistency with asynchronous consensus protocols?
atom_probe_tomography	what is the role of the lower accelerating voltage in the first stage of the analysis process?
atom_probe_tomography	why do atoms that fall outside the specific volume get removed during field evaporation?
atom_probe_tomography	how does the difference in mass between ions change the time it takes them to hit the detector?
atom_probe_tomography	why do you need to tune the machine settings for every different type of material you study?
atom_probe_tomography	what method is used instead of the inverse Laplace transform to fix the resolution issues?
atomic_absorption_spectroscopy	How does the deuterium lamp help correct for background scattering in atomic absorption measurements?
atomic_absorption_spectroscopy	What causes stray light to reach the detector and why does this matter for accuracy?
atomic_absorption_spectroscopy	Why must the background correction method be used to account for non-specific absorption?
atomic_absorption_spectroscopy	How does the discharge lamp excite the vapor of the target element for measurement?
atomic_absorption_spectroscopy	What happens to the measured absorbance when stray light bypasses the sample cell?
attribute_grammars	how does the incremental construction of the intermediate representation affect compilation speed?
attribute_grammars	what role do semantic actions play in computing attribute values within attribute grammars?
attribute_grammars	why is the topological sort of the dependency graph important for evaluation order?
attribute_grammars	how do language feature evolutions impact the maintainability of attribute grammar specifications?
attribute_grammars	in what ways are optimization techniques for attribute grammars less developed compared to traditional parsers?
auditing_and_assurance	how do auditors assess the effectiveness of firewalls and intrusion prevention systems during their review of network security?
auditing_and_assurance	what steps does an auditor take to determine who holds the highest level of authority and oversight within the organization?
auditing_and_assurance	how do auditors determine which specific claims about financial statements need to be examined most closely for each important account?
auditing_and_assurance	in what ways do auditors check that the supporting documents provided by management are both complete and free from errors?
auditing_and_assurance	how do auditors evaluate whether a company’s forecasts and assumptions about future outcomes are reasonable and well-supported?
austenite_stabilization_mechanisms	how does rapid cooling prevent the formation of pearlite and bainite in steel?
austenite_stabilization_mechanisms	what happens to the austenite-to-ferrite transformation temperature when solute concentration increases?
austenite_stabilization_mechanisms	how does manganese affect the stability of austenite and the martensitic transformation?
austenite_stabilization_mechanisms	in what way does grain boundary segregation impact the local chemistry and transformation kinetics?
austenite_stabilization_mechanisms	how does grain boundary energy affect the nucleation of transformation products?
austenite_stabilization	what elements do i add to the steel to prevent the austenite from turning into martensite during cooling?
austenite_stabilization	how much does adding nickel actually change the temperature at which the phase transformation happens?
austenite_stabilization	can i use a special heating test to figure out exactly how stable my alloy’s austenite is?
austenite_stabilization	does the amount of carbon dissolved in the metal really help make the austenite more stable?
austenite_stabilization	how can i tell how much austenite is left in the material just by checking how hard it is?
automata_theory	how does the automaton handle cases where delimiters are deeply nested in the input?
automata_theory	what happens if you try to convert a non-deterministic automaton into a deterministic one?
automata_theory	is there a way to change a pushdown automaton from final-state acceptance to empty-stack acceptance?
automata_theory	why can't context-free grammars count more than one stack worth of dependencies?
automata_theory	are context-free languages always solvable within polynomial time limits?
automated_fixture_clamping_mechanisms	what order do the clamps engage when securing a part?
automated_fixture_clamping_mechanisms	how much force can the pneumatic cylinders actually generate?
automated_fixture_clamping_mechanisms	why is it important for the clamping force to be even across the whole piece?
automated_fixture_clamping_mechanisms	can smart clamps tell me what’s happening while they hold the workpiece?
automated_fixture_clamping_mechanisms	is it possible to swap clamp modules quickly for different product models?
automotive_powertrain_design	how can I keep the inverter cool enough to get the most out of regen braking?
automotive_powertrain_design	what should i know about the shape and layout of cooling channels?
automotive_powertrain_design	why do coordinating all three technologies help with exhaust heat and combustion under heavy load?
automotive_powertrain_design	what are the requirements for the injector housing in this design?
automotive_powertrain_design	how does stiffening the suspension affect ride comfort and tire wear over time?
automotive_suspension_systems	how do orifice sizes affect energy dissipation during a crash impact?
automotive_suspension_systems	in what ways does caster angle change steering effort at different speeds?
automotive_suspension_systems	what role do feedback loops play in reducing vehicle tracking error?
automotive_suspension_systems	how does aerodynamic load shift influence suspension calibration?
automotive_suspension_systems	why does cumulative wear increase the chance of a rollover?
b_tree_index_maintenance	how do b-tree maintenance algorithms ensure that structural invariants are preserved during updates?
b_tree_index_maintenance	why does a leaf node get marked as full when its key count exceeds the tree's order capacity?
b_tree_index_maintenance	what happens to the parent node's separators when a leaf split occurs during an update?
b_tree_index_maintenance	how does incremental update handling differ from bulk loading when dealing with unknown future insertions?
b_tree_index_maintenance	why must bulk loading enforce strict page capacity constraints to minimize tree height from the start?
b_tree_index_structure	What happens to the median key when a B-tree node needs to split into two?
b_tree_index_structure	How does the B-tree maintain its sorted order during insertions and deletions?
b_tree_index_structure	Which nodes in a B-tree store the actual data records along with their keys?
b_tree_index_structure	Can the root node of a B-tree be considered empty or nearly empty?
b_tree_index_structure	Why do B* trees delay node splitting until absolutely necessary?
b_tree_indexing	how do sibling nodes influence the transfer of child pointers during a split operation?
b_tree_indexing	what role does disk page clustering play in minimizing I/O seek times for B-trees?
b_tree_indexing	how does the search routine adjust when a key spans multiple consecutive entries or nodes?
b_tree_indexing	why does increasing the branching factor lead to a reduction in required disk access operations?
base_pressure_recovery_systems	How do engineers prevent the airflow from detaching from the walls inside the diffuser?
base_pressure_recovery_systems	Why is it necessary to calibrate pressure sensors before running any tests on the system?
base_pressure_recovery_systems	What specific parts of the unit require regular checking to avoid sudden breakdowns?
base_pressure_recovery_systems	How does the shape of the diffuser entrance affect the overall efficiency of the device?
base_pressure_recovery_systems	Why must computer simulations match the actual surface texture when modeling the flow?
beam_splitter_calibration	How can I stabilize the optical table to reduce the effects of thermal drift during calibration?
beam_splitter_calibration	What is the procedure for calculating the splitting ratio from measured output beam intensities?
beam_splitter_calibration	How do I fit experimental intensity data to theoretical models to determine beam splitter coefficients?
beam_splitter_calibration	Why is interferometric calibration sensitive to environmental vibrations, and how can I mitigate this?
beam_splitter_calibration	Which beam splitter materials are best suited for interferometric calibration methods?
bill_of_exchange_and_credit_settlement_systems	can you explain how tokenization affects the secondary market for bills of exchange?
bill_of_exchange_and_credit_settlement_systems	what legal framework does the CISG provide for international trade contracts?
bill_of_exchange_and_credit_settlement_systems	how does the Bills of Exchange Act 1882 govern bills in the United Kingdom?
bill_of_exchange_and_credit_settlement_systems	why does a supplier submit a bill of exchange to a negotiating bank for acceptance?
bill_of_exchange_and_credit_settlement_systems	how do central banks use standing liquidity facilities to monitor the interbank market?
binary_tree_structural_analysis	what is the role of distinct node values in reconstructing a binary tree from traversals?
binary_tree_structural_analysis	how does the stack-based algorithm determine the next node to process?
binary_tree_structural_analysis	why does an unbalanced BST degrade to linear time complexity for operations?
binary_tree_structural_analysis	when do two target nodes end up in the same subtree during a search?
binary_tree_structural_analysis	how does the ordering property of a BST simplify finding their lowest common ancestor?
binocular_disparity_processing	what is the function of the magnocellular pathway in transmitting disparity information to higher-level areas?
binocular_disparity_processing	how does the visual system weight different monocular cues based on their reliability and context?
binocular_disparity_processing	what are retinocentric disparities and how do they contribute to depth perception?
binocular_disparity_processing	how does binocular sensitivity develop in simple cells within layer 4 of V1?
binocular_disparity_processing	why does the visual system prioritize cues that align with the current viewing geometry when processing depth?
biochemical_pathway_analysis	what are the thermodynamic constraints used to ensure consistency in metabolic cycles?
biochemical_pathway_analysis	how does systematically deleting reactions help in finding minimal cut sets?
biochemical_pathway_analysis	what optimization methods are used to match simulated results with experimental data?
biochemical_pathway_analysis	how are unified models fed into machine learning models for kinetic parameter prediction?
biochemical_pathway_analysis	can you describe how predicted reactions are added to genomic-scale models?
biological_water_treatment	How long does wastewater need to stay in contact with microbes to be properly treated?
biological_water_treatment	What happens when the layer of bacteria on a surface becomes thicker?
biological_water_treatment	Which process turns fatty acids and hydrogen into acetate?
biological_water_treatment	Why does keeping the system warm make digestion happen faster?
biological_water_treatment	What role does the density of clumps play in how long they stay in the water?
biomechanics_of_drawing_and_release	how does the stretch-shortening cycle in the hips and glutes boost force output?
biomechanics_of_drawing_and_release	what effect does spin rate have on the ball's curve during flight?
biomechanics_of_drawing_and_release	why does neuromuscular junction efficiency influence motor unit activation thresholds?
biomechanics_of_drawing_and_release	how does a longer throwing arm allow for a slower decrease in rotation speed?
biomechanics_of_drawing_and_release	which bones combine to set the maximum reach of the throwing arm?
bioprocess_control	what regulatory framework dictates how electronic signatures must be handled in bioprocess control validation?
bioprocess_control	how do dynamic adjustments to feed rates help avoid substrate inhibition during fermentation?
bioprocess_control	what is the purpose of using ISA-95 when setting up a standardized data model for bioprocess control?
bioprocess_control	why is it important for a level controller to continuously monitor bioreactor contents?
bioprocess_control	how can historical process data be leveraged to predict future outcomes within a mes system?
bioreactor_design	How does increased turbulence in a bioreactor affect substrate distribution and concentration gradients?
bioreactor_design	What is the role of ion-selective electrodes in monitoring pH within a bioreactor culture medium?
bioreactor_design	Why is electropolishing of stainless steel surfaces beneficial for reducing protein adsorption and biofilm formation in bioreactors?
bioreactor_design	How does maintaining a constant power number ensure equivalent mixing intensity across different reactor scales?
bioreactor_design	What insights can computational fluid dynamics provide about flow patterns and dead zones in large bioreactors?
biosynthetic_pathway_engineering	How can I minimize the toxic effects of intermediate metabolites in a synthetic pathway?
biosynthetic_pathway_engineering	What strategies exist for reducing the growth rate penalty when engineering high-yield production strains?
biosynthetic_pathway_engineering	How do I eliminate native cellular pathways that steal precursors from my desired product?
biosynthetic_pathway_engineering	Which software tools can I use to generate a complete map of a host organism's metabolism?
biosynthetic_pathway_engineering	How can I combine gene expression, protein levels, and metabolite data to confirm my simulation results?
blacksmithing_and_tool_forging	how can a beginner learn to match steel color changes to specific alloys?
blacksmithing_and_tool_forging	why use a flat hammer face instead of a rounded one for drawing operations?
blacksmithing_and_tool_forging	which fuel sources allow for higher temperatures during the forging process?
blacksmithing_and_tool_forging	how often should I check my anvil hammers for structural damage?
blacksmithing_and_tool_forging	what steps should I take to verify the accuracy of my temperature gauges?
blade_angle_for_end_grain_planing	what happens to the surface finish if the bevel angle is too steep for the wood grain?
blade_angle_for_end_grain_planing	why do I need to check the parallelism between the planer table and the cutterhead?
blade_angle_for_end_grain_planing	how does the speed of the blade affect the amount of heat built up during cutting?
blade_angle_for_end_grain_planing	should I use carbide or high-speed steel when working with end grain?
blade_angle_for_end_grain_planing	what are the consequences of having the planer table misaligned with the cutterhead axis?
blade_angle_optimization	What geometric continuity constraints must be met when optimizing blade angles to ensure smooth transitions?
blade_angle_optimization	How do tool wear rates and cycle times influence cost optimization algorithms for complex angle geometries?
blade_angle_optimization	What methods are used to measure the forces acting on the blade during optimization testing?
blade_angle_optimization	How does material density affect centrifugal forces and structural integrity at operational speeds?
blade_angle_optimization	What geometric limits must be respected to ensure manufactured blades fall within specification?
blade_stress_analysis	what software tools are typically used to define the geometric model of a blade in a CAD environment?
blade_stress_analysis	how does the hub function as a structural interface between the blade assembly and the rest of the system?
blade_stress_analysis	why is the blade assembly considered a cantilever beam when subjected to aerodynamic forces?
blade_stress_analysis	what are some methods engineers use to relieve stress in turbine blades?
blade_stress_analysis	how do combined bending, torsion, and thermal loads impact the need for multiaxial failure criteria evaluation?
blast_overpressure_calculation	What physical factors cause uncertainty in blast overpressure models?
blast_overpressure_calculation	How do line source models differ from standard spherical blast calculations?
blast_overpressure_calculation	What role does heat transfer play in the uncertainty of theoretical blast predictions?
blast_overpressure_calculation	Why might sensor calibration drift affect experimental overpressure measurements?
blast_overpressure_calculation	How does viscous dissipation impact the energy density of a propagating shock wave?
botany_and_medicinal_herbalism	how does drought stress influence the concentration of osmoprotectants and secondary metabolites in a plant?
botany_and_medicinal_herbalism	what happens when lipophilic compounds enter the body in terms of absorption and metabolism?
botany_and_medicinal_herbalism	how can whole-plant extracts produce novel metabolites that affect pharmacological activity?
botany_and_medicinal_herbalism	does licorice root pose risks for people with hypertension or those on diuretics?
botany_and_medicinal_herbalism	how do deep taproots help plants access groundwater during dry periods?
bouguer_anomaly_interpretation	what makes the bouguer anomaly such a useful tool for identifying shallow geological structures?
bouguer_anomaly_interpretation	how does the assumption of uniform crustal density affect the accuracy of bouguer anomaly maps?
bouguer_anomaly_interpretation	can you explain how gradients in the bouguer anomaly help locate fault lines and rock boundaries?
bouguer_anomaly_interpretation	what is the purpose of applying the terrain correction after the initial bouguer correction?
bouguer_anomaly_interpretation	how does 3d density modeling use gravity data to create volumetric models of the subsurface?
boundary_layer_control	how does a favorable pressure gradient change the boundary layer stability?
boundary_layer_control	what is the role of the Lorentz force in plasma actuator operation?
boundary_layer_control	how does the Blasius correlation relate skin friction to Reynolds number?
boundary_layer_control	what is the effect of an increased velocity gradient on momentum transfer?
boundary_layer_control	how is the efficiency of boundary layer control measured?
boundary_layer_measurement_techniques	How does vibration from the flow affect the accuracy of wire temperature readings?
boundary_layer_measurement_techniques	Why must the probe be lined up perfectly with the flow direction?
boundary_layer_measurement_techniques	What kind of algorithms are needed to get clear velocity data from the beat frequency signals?
boundary_layer_measurement_techniques	How should the laser sheet be positioned to avoid optical distortion?
boundary_layer_measurement_techniques	What trade-off do researchers consider when choosing the camera's field of view?
boundary_layer_modeling	how does the pressure gradient parameter influence whether the flow accelerates or decelerates?
boundary_layer_modeling	what governs the viscous diffusion of normal velocity in the direction perpendicular to the surface?
boundary_layer_modeling	how does the k-ω SST model account for the transport of turbulent kinetic energy and specific dissipation rate?
boundary_layer_modeling	why does turbulence intensity reach its maximum near the separation point?
boundary_layer_modeling	what are the advantages and limitations of using finite difference methods on structured grids for boundary layer simulations?
boundary_layer_separation	what physical feature marks the exact location where fluid starts moving backwards?
boundary_layer_separation	can pressure readings be used to spot where separation occurs?
boundary_layer_separation	how do engineers find the spot where the streamwise speed hits zero?
boundary_layer_separation	what role does momentum transfer play in the mixing near the wall?
boundary_layer_separation	what distinguishes the forward flow region from the recirculation zone?
boundary_layer_theory	How does the presence of a favorable pressure gradient affect the velocity profile near the wall?
boundary_layer_theory	What causes the fluid to detach from the surface at the separation point?
boundary_layer_theory	Why are analytical solutions for boundary layer problems so difficult to obtain?
boundary_layer_theory	How does an adverse pressure gradient influence the thickness of the boundary layer?
boundary_layer_theory	What happens to the flow when the boundary layer undergoes separation?
boundary_layer_transition	what role does slit aperture imaging play in visualizing boundary layer transition regions?
boundary_layer_transition	how do high-speed streaks relate to vorticity distribution in the flow field?
boundary_layer_transition	why must transition prediction models be tailored to specific boundary layer configurations?
boundary_layer_transition	how does laminar boundary layer separation differ from turbulent separation in aerodynamic performance?
boundary_layer_transition	in what ways does transition timing influence lift and drag during flight conditions?
boundary_lubrication	How does the cohesive energy density of a lubricant determine the pressure at which the protective film fails?
boundary_lubrication	What role do low surface tension properties play in moving additives quickly to the areas where surfaces touch?
boundary_lubrication	How can the chemical composition of wear debris reveal how much additive has been used up during operation?
boundary_lubrication	In what way does oxidation change the composition of the lubricant film and reduce its effectiveness?
boundary_lubrication	How does roughness profiling help engineers measure the physical changes to a surface after the lubricant breaks down?
brewing_and_malting_sciences	how does cooling the wort after fermentation affect the production of higher alcohols and esters?
brewing_and_malting_sciences	why must residual fermentable sugars be carefully controlled when aiming for high carbonation levels?
brewing_and_malting_sciences	what happens to the taste of beer if sodium ion concentrations become too high?
brewing_and_malting_sciences	how does the level of wort gravity influence the metabolic flux through glycolysis during fermentation?
brewing_and_malting_sciences	in what way does enzymatic hydrolysis convert complex starches into fermentable sugars?
bucket_cutting_edge_metallurgy	what is the acceptable range for vanadium content when alloying the cutting edge to balance strength and ductility?
bucket_cutting_edge_metallurgy	how can non-uniform residual stresses affect the performance and longevity of my cutting edge?
bucket_cutting_edge_metallurgy	what specific cooling method is needed to prevent pearlite formation during the quenching stage?
bucket_cutting_edge_metallurgy	why is it important for the stress concentration factor at the lip thickness to stay below 2.2?
bucket_cutting_edge_metallurgy	how does the crystallographic orientation of the edge influence the way chips form during cutting?
bulk_flow_theory	How does the continuity equation link changes in fluid density to the velocity field?
bulk_flow_theory	At what value of the Froude number does flow change from subcritical to supercritical?
bulk_flow_theory	Why are stream tubes useful for defining control volumes in fluid dynamics?
bulk_flow_theory	Why is thermal conductivity treated as a scalar in this model?
bulk_flow_theory	What happens when the Knudsen number becomes significant in gas dynamics?
bundle_adjustment	how does incorporating a regularization term on scale parameters influence the optimization process?
bundle_adjustment	why is it important to treat camera intrinsics as fixed values during the estimation phase?
bundle_adjustment	how does using manifold optimization help avoid issues with the geometry of rotation groups?
bundle_adjustment	what happens to the accuracy of the reconstruction if the prior distributions are chosen poorly?
bundle_adjustment	how does the combination of rotation and translation parameters define the camera's pose?
byzantine_fault_tolerance	How do threshold signatures help reduce network message sizes in BFT systems?
byzantine_fault_tolerance	What role does the commit message play when a replica attempts to finalize a transaction?
byzantine_fault_tolerance	How does the new-view message protect against rolling back to a previous system state?
byzantine_fault_tolerance	Why does BFT communication overhead grow quadratically as more nodes are added?
byzantine_fault_tolerance	In what way does transaction pipelining improve the overall throughput of the network?
cache_coherence_mechanisms	What happens when a core tries to read a cache line that is currently owned by another core in the system?
cache_coherence_mechanisms	How does the directory-based protocol decide which core should receive a specific data transfer?
cache_coherence_mechanisms	Why are store buffers necessary for maintaining the correct order of memory operations?
cache_coherence_mechanisms	What kind of state transitions are triggered when a core writes to a cache line that is currently shared?
cache_coherence_mechanisms	How does the MOESI protocol differ from the standard MESI protocol in handling cache ownership?
calphad_thermodynamic_modeling	How are outliers removed from experimental datasets before they are used in thermodynamic modeling?
calphad_thermodynamic_modeling	Why are quasi-Newton optimization algorithms preferred for finding the global minimum of complex energy functions?
calphad_thermodynamic_modeling	What makes temperature-dependent parameters crucial for accurately describing phase stability across different thermal regimes?
calphad_thermodynamic_modeling	How do practitioners guarantee that Gibbs energy equations stay numerically stable without creating mathematical singularities?
calphad_thermodynamic_modeling	What constraints are placed on regular solution parameters to ensure the mathematical validity of multi-component system calculations?
camera_pose_estimation	how does the FLANN algorithm improve speed when matching image descriptors?
camera_pose_estimation	what are the intrinsic parameters that camera calibration calculates?
camera_pose_estimation	why are feature-based methods generally faster than dense methods?
camera_pose_estimation	which optimization algorithms are commonly used for solving the non-linear least squares problem?
camera_pose_estimation	how do trust-region methods prevent instability during the optimization process?
capacitive_sensing_and_dielectric_spectroscopy	how do guard rings help reduce parasitic capacitance in capacitive sensors?
capacitive_sensing_and_dielectric_spectroscopy	why does the dielectric spectroscopy peak occur when the relaxation time matches the electric field period?
capacitive_sensing_and_dielectric_spectroscopy	how does a three-electrode setup prevent electrode polarization artifacts?
capacitive_sensing_and_dielectric_spectroscopy	why is a high-impedance input stage necessary for measuring sensor capacitance?
capacitive_sensing_and_dielectric_spectroscopy	how does lock-in amplification improve the signal-to-noise ratio in noisy environments?
capital_controls_and_exchange_rate_management	How do restrictions on cross-border investments affect the overall depth of financial markets?
capital_controls_and_exchange_rate_management	What kind of transparency do international agreements require regarding capital control policies?
capital_controls_and_exchange_rate_management	How do central banks decide the right scale for currency interventions and sterilization?
capital_controls_and_exchange_rate_management	Are banks regularly checked to see if they are following capital flow rules?
capital_controls_and_exchange_rate_management	What penalties exist for financial institutions that break capital control regulations?
caravan_trade_and_caravan_management	what kind of suspension equipment do caravans typically use to handle rough terrain safely?
caravan_trade_and_caravan_management	do caravans have to follow agreements that protect ideas and the environment when trading?
caravan_trade_and_caravan_management	how are animals kept healthy and fed when the caravan stops for a rest?
caravan_trade_and_caravan_management	why do members of a caravan have to help each other out and share supplies?
caravan_trade_and_caravan_management	must caravan leaders pay for damage caused to villages they pass through?
caravanserai_architecture_and_cargo_security_design	Why are storage rooms designed with thick walls to limit visibility between them?
caravanserai_architecture_and_cargo_security_design	How does the placement of stables at the edges affect the peace of the central sleeping areas?
caravanserai_architecture_and_cargo_security_design	What purpose do the guard stations at narrow passages serve during an attack?
caravanserai_architecture_and_cargo_security_design	Why are loading and unloading zones separated to allow multiple caravans to use the building at once?
caravanserai_architecture_and_cargo_security_design	How does sharing food and prayer spaces bring travelers into closer community?
carbide_precipitation_kinetics	what causes the elongated shapes of the precipitates in certain crystal directions?
carbide_precipitation_kinetics	how do prior plastic deformation events impact the spacing of the carbides?
carbide_precipitation_kinetics	why does trapping extra carbon happen when a material cools down quickly?
carbide_precipitation_kinetics	what happens to the precipitate size distribution after a very long aging period?
carbide_precipitation_kinetics	how do researchers deal with missing data when calculating kinetic constants?
carbon_diffusion_in_solid_solutions	what happens to carbon movement when you have multiple different elements mixed together in a metal?
carbon_diffusion_in_solid_solutions	how does the type of iron crystal structure change the speed of carbon atoms moving through it?
carbon_diffusion_in_solid_solutions	what equation do we use to describe carbon diffusion when there are many different components involved?
carbon_diffusion_in_solid_solutions	why is it important to know the concentration level of carbon before studying how it spreads in a material?
carbon_diffusion_in_solid_solutions	how do we choose the right method to observe carbon diffusion based on what we need to see and for how long?
carbon_steel_microstructure_analysis	what role does lattice distortion play in increasing the yield strength of martensitic steel?
carbon_steel_microstructure_analysis	how can over-etching during metallographic analysis lead to incorrect phase identification?
carbon_steel_microstructure_analysis	why is maintaining a quenching temperature between 800 and 900 degrees Celsius important for carbon steel processing?
carbon_steel_microstructure_analysis	what mechanism allow fine dispersed carbides to prevent grain growth and preserve toughness?
carbon_steel_microstructure_analysis	how does the Ms temperature of approximately 500 degrees Celsius influence the transformation behavior of low carbon steels?
cartographic_generalization	What are the specific steps for setting up feedback loops to improve generalization parameters over multiple rounds?
cartographic_generalization	Why should I avoid changing only some of the features on my map when applying simplification rules?
cartographic_generalization	How can I use manual editing tools to adjust a generalization parameter for just one particular area?
cartographic_generalization	What role does topological consistency play in keeping the accuracy of a map after simplification has occurred?
cartographic_generalization	Which techniques are best suited for changing cell values instead of moving the edges of map features?
cartography_and_topographical_surveying	how does area generalization affect the appearance of small features on a map?
cartography_and_topographical_surveying	why do surveyors use post-processing differential GPS for better accuracy?
cartography_and_topographical_surveying	what role does map scale play in measuring real-world distances?
cartography_and_topographical_surveying	how does a robotic motorized drive system improve target search efficiency?
cartography_and_topographical_surveying	why must the automatic leveling system be checked regularly to ensure vertical accuracy?
castle_fortification_and_defensive_architecture	what role do concentric walls play in creating overlapping fields of fire for defenders?
castle_fortification_and_defensive_architecture	how does the star-shaped layout of a castle help maximize the coverage of its defensive artillery?
castle_fortification_and_defensive_architecture	why is a compacted gravel base essential for the foundation of a moat wall?
castle_fortification_and_defensive_architecture	what advantage does the keep’s isolation from the outer bailey provide during a siege?
castle_fortification_and_defensive_architecture	how do gatehouses control the movement of both attackers and defenders at a castle's main entry points?
cavalry_horsemanship_and_animal_husbandry	what temperature range should a cavalry horse's body stay within to avoid overheating?
cavalry_horsemanship_and_animal_husbandry	how does cold weather affect the diet of military horses?
cavalry_horsemanship_and_animal_husbandry	what kind of field medical support is provided for horses in the field?
cavalry_horsemanship_and_animal_husbandry	how are feeding schedules adjusted based on the quality of available forage?
cavalry_horsemanship_and_animal_husbandry	what role does muscular coordination play in a horse's ability to maintain performance?
cavitation_and_erosion_analysis	How does the shape of the space between pump blades change where cavitation happens?
cavitation_and_erosion_analysis	Can you explain how laser technology helps measure the speed of the fluid?
cavitation_and_erosion_analysis	What happens to the pressure and heat inside a cavitation bubble during compression?
cavitation_and_erosion_analysis	How do lattice Boltzmann simulations capture the interaction between liquid and vapor?
cavitation_and_erosion_analysis	Why are Eulerian-Eulerian models useful for solving multiphase flow equations?
cell_wall_biochemistry	how do autolysins contribute to cell wall remodeling and why are they essential for bacterial growth?
cell_wall_biochemistry	what types of enzymes add new disaccharide units to the peptidoglycan polymer during synthesis?
cell_wall_biochemistry	how does the cell wall maintain stability when environmental conditions change rapidly?
cell_wall_biochemistry	which specific precursors are used in the cytoplasm to start making peptidoglycan in Gram-positive bacteria?
cell_wall_biochemistry	how do lipid A modifications influence a bacterium's defense against antibiotic attacks?
cement_chemistry	What role do silica and alumina play in the early chemical reactions of cement?
cement_chemistry	How does the size of the initial raw material particles influence the speed of hydration?
cement_chemistry	Why do calcium ions get used up so fast during the first hours of cement setting?
cement_chemistry	What impact does the surface area of the starting minerals have on how quickly they dissolve?
cement_chemistry	How do aluminum ions move through the water inside the cement paste?
ceramic_body_composition_and_firing	how do alkali components affect the thermal expansion of a ceramic body?
ceramic_body_composition_and_firing	what role do carbonates play in lowering the melting point of the ceramic matrix?
ceramic_body_composition_and_firing	how does water content influence the slip behavior of a ceramic mixture?
ceramic_body_composition_and_firing	why is it important to adjust exact ratios for the required thermal expansion coefficient?
ceramic_body_composition_and_firing	how can regular quality control checks help maintain consistent production parameters?
ceramic_body_sintering	How do residual stresses in the reinforcement phase help prevent cracking?
ceramic_body_sintering	Where should I place thermocouples to get an accurate map of the furnace temperature?
ceramic_body_sintering	What determines the lowest temperature at which sintering can occur?
ceramic_body_sintering	How does grain boundary diffusion help to get rid of pores?
ceramic_body_sintering	Why might a lower viscosity liquid phase cause the grains to become too large?
ceramic_fiber_manufacturing	what are the specific temperature limits for the precursor solution to avoid unwanted metal precipitation?
ceramic_fiber_manufacturing	how does the viscosity of the precursor solution affect the final diameter of the ceramic fibers?
ceramic_fiber_manufacturing	what structural damage occurs when the processing temperature exceeds safe thresholds during gas release?
ceramic_fiber_manufacturing	why is a tight tolerance band on fiber diameter essential for the overall performance of the material?
ceramic_fiber_manufacturing	what role does continuous monitoring play in maintaining consistent fiber quality during the manufacturing process?
ceramic_firing_protocols	What determines the final color of iron-containing parts in fired ceramics?
ceramic_firing_protocols	Why do temperature differences inside the kiln cause the material to break?
ceramic_firing_protocols	How can I control the air in the kiln to get the right amount of holes in the piece?
ceramic_firing_protocols	Which insulation type keeps the kiln hotter with less effort: mineral wool or ceramic blanket?
ceramic_firing_protocols	What role does the glassy layer play in making porcelain stronger?
ceramic_fracture_mechanics	What causes a crack to change direction or split into multiple paths when traveling through a ceramic material?
ceramic_fracture_mechanics	How does the presence of intact ceramic material between cracks help stop further damage from spreading?
ceramic_fracture_mechanics	Why does the surrounding stress field influence which flaws become the most dangerous in a component?
ceramic_fracture_mechanics	How do water molecules react with silicon-oxygen bonds to make cracks grow slowly over time?
ceramic_fracture_mechanics	What happens to the lifespan of ceramic parts when they are constantly exposed to moisture and repeated loads?
ceramic_glaze_chemistry	how does oxygen level change the color and clarity of a glaze?
ceramic_glaze_chemistry	what role does alumina play in controlling crystal formation?
ceramic_glaze_chemistry	why do bubbles appear on the surface of some glazes?
ceramic_glaze_chemistry	how does cooling speed influence the final structure of the glaze?
ceramic_glaze_chemistry	can I add special ingredients to guide crystal growth?
ceramic_kiln_design	Why should I space my heating elements further apart to avoid overheating certain areas?
ceramic_kiln_design	How does adding baffles inside the kiln improve the evenness of the radiant heat?
ceramic_kiln_design	What does gain scheduling mean when I'm switching between heating and cooling modes?
ceramic_kiln_design	How can I check if my kiln walls are thick enough to handle the temperature changes?
ceramic_kiln_design	Why is it important to calculate the thermal diffusivity of my kiln's wall assembly?
ceramic_kiln_operation	how does the venting system keep the temperature even inside the kiln?
ceramic_kiln_operation	what causes reduction to happen during a firing cycle?
ceramic_kiln_operation	why does vitrification make the clay body denser?
ceramic_kiln_operation	where should I keep the emergency shut-off switches for my kiln?
ceramic_kiln_operation	how do I properly dispose of different types of kiln waste?
ceramic_matrix_composite_fabrication	What sintering temperatures are typically used when hot isostatic pressing ceramic matrix composites?
ceramic_matrix_composite_fabrication	How are the alignment of fibers measured in ceramic matrix composites?
ceramic_matrix_composite_fabrication	Why are silicon carbide fibers usually added as preformed fibers instead of being made from precursors?
ceramic_matrix_composite_fabrication	What does acoustic emission monitoring tell you about microcracks during testing?
ceramic_matrix_composite_fabrication	How does the ceramic phase get densified at the same time as carbon forms?
ceramic_matrix_composites	How does thermal mismatch between the matrix and oxide layer promote rapid oxygen ingress?
ceramic_matrix_composites	In what way does interfacial debonding length influence the composite's ability to dissipate energy?
ceramic_matrix_composites	Which elements can be added to the matrix or fiber surface to strengthen the bond and improve thermal stability?
ceramic_matrix_composites	What determines the appropriate selection of a ceramic matrix composite for a given high-temperature application?
ceramic_matrix_composites	Why are silicon carbide matrices preferred in scenarios demanding both high thermal conductivity and strong oxidation resistance?
ceramic_microstructure_property_relationships	What methods allow scientists to see nanoscale defects in ceramics with the highest resolution?
ceramic_microstructure_property_relationships	Why is it difficult for dislocations to move in single-crystal ceramics?
ceramic_microstructure_property_relationships	How can adjusting grain boundary chemistry improve the toughness of brittle ceramics?
ceramic_microstructure_property_relationships	What causes residual internal stresses to develop during liquid-phase sintering?
ceramic_microstructure_property_relationships	Why does the balance of thermal expansion mismatch and crack deflection matter for thermal shock resistance?
ceramic_shrinkage_and_dimensional_stability	How does the interaction between the ceramic matrix and reinforcement phases influence the internal stresses that develop during cooling?
ceramic_shrinkage_and_dimensional_stability	Why does adding a liquid phase result in denser ceramics that require lower processing temperatures?
ceramic_shrinkage_and_dimensional_stability	In what ways do additives like plasticizers change the drying behavior and shrinkage of the green body?
ceramic_shrinkage_and_dimensional_stability	How is the final dimensional stability of a ceramic part determined after considering all deformation factors?
ceramic_shrinkage_and_dimensional_stability	What is the role of grain boundary migration in achieving higher densities during the sintering process?
ceramic_sintering_and_phase_transformation	how does the choice of atmosphere during sintering influence the rate of densification in ceramic materials?
ceramic_sintering_and_phase_transformation	what role does solid-state diffusion play in determining the final microstructure of a sintered ceramic?
ceramic_sintering_and_phase_transformation	can in-situ X-ray tomography be used to monitor the development of pores in three dimensions during the sintering process?
ceramic_sintering_and_phase_transformation	how does the presence of volatile species in the sintering atmosphere affect mass transport and sintering kinetics?
ceramic_sintering_and_phase_transformation	what microstructural changes can be observed at the grain boundaries using scanning electron microscopy after sintering?
ceramic_thermal_shock_resistance	How do controlled cooling rates affect the internal stress levels in ceramics?
ceramic_thermal_shock_resistance	Why do tensile residual stresses make ceramic materials more prone to failure?
ceramic_thermal_shock_resistance	What is the Tscherniak parameter and how does it relate to thermal shock resistance?
ceramic_thermal_shock_resistance	How is thermal conductivity measured to assess heat transfer rates in ceramics?
ceramic_thermal_shock_resistance	Why is microstructural grain size important for crack propagation resistance in ceramics?
chemical_reactor_design_and_scale_up	Why does maintaining constant tip speed matter more than volumetric flow when scaling up agitation for thin fluids?
chemical_reactor_design_and_scale_up	In what ways can concentration gradients near the catalyst surface cause unexpected drops in conversion efficiency?
chemical_reactor_design_and_scale_up	How does a high Nusselt number indicate that convective heat transfer is dominating over conduction in the reactor?
chemical_reactor_design_and_scale_up	What are the typical consequences of catalyst deactivation on both the speed and the selectivity of the reaction products?
chemical_reactor_design_and_scale_up	Which regeneration methods allow a chemical plant to restore catalyst activity without taking the entire production line offline?
chemical_reactor_fluidization_and_mixing	what is the relationship between loop seal pressure drop and standpipe pressure drop for maintaining stable circulation?
chemical_reactor_fluidization_and_mixing	how does increasing gas density affect the minimum fluidization velocity in a packed system?
chemical_reactor_fluidization_and_mixing	in what way do interparticle forces like van der Waals interactions influence particle behavior in the dense phase?
chemical_reactor_fluidization_and_mixing	how does particle attrition and the resulting size reduction impact mass transfer between gas and solid phases?
chemical_reactor_fluidization_and_mixing	how does the bed expansion ratio influence thermal stability during exothermic reactions in a fluidized bed reactor?
chiral_edge_states	how does temperature influence the stability of chiral edge currents?
chiral_edge_states	why are bismuth selenide compounds doped with iron considered promising candidates?
chiral_edge_states	what physical mechanisms can lead to dissipation in these protected channels?
chiral_edge_states	how do non-local transport measurements reveal the presence of these states?
chiral_edge_states	why is backscattering forbidden in systems exhibiting chiral edge states?
civil_construction_practices	What factors should I consider when selecting aggregate for asphalt mixing to improve workability?
civil_construction_practices	How do I verify that pavement thickness meets the required specifications during paving?
civil_construction_practices	Where can I access the AWS guidelines for welding steel structures in civil projects?
civil_construction_practices	How does settlement analysis help prevent structural damage in buildings?
civil_construction_practices	Why does an integrated approach benefit the long-term durability of building envelopes?
classical_optics_and_lens_grinding	what material should I use for a lens that needs to bend light more sharply than standard glass?
classical_optics_and_lens_grinding	how can I keep the abrasive particles evenly spread during the grinding process?
classical_optics_and_lens_grinding	what is the correct way to align the lens surfaces to prevent optical distortions?
classical_optics_and_lens_grinding	should I let the lens rest for a while between each grinding step?
classical_optics_and_lens_grinding	how fast does the ventilation need to be to keep the workshop air clean of dust?
clay_body_formulation_and_mineralogy	how do structural hydroxyl groups influence the thermal behavior of clay bodies?
clay_body_formulation_and_mineralogy	what method is used to quantify the volatile content in clay mixtures?
clay_body_formulation_and_mineralogy	how does the heating rate affect the dehydration process of clay particles?
clay_body_formulation_and_mineralogy	which mineral composition leads to higher water retention in clay bodies?
clay_body_formulation_and_mineralogy	what happens to the dimensional stability of a clay body if the particle size distribution is not controlled properly?
clifford_algebra	what is the role of the scalar component in the decomposition of a multivector in cl(p,q)?
clifford_algebra	can the structure of the spinor representation s(Λ) be expressed using commutators of gamma matrices?
clifford_algebra	how does the exterior derivative and hodge dual combine to unify the maxwell equations in clifford algebra?
clifford_algebra	is there a specific relationship between the grade-0 part and the trace of a product in clifford algebras?
clifford_algebra	what are the commutation relations satisfied by the bivector generators in the context of so(1,3)?
climate_controlled_archival_storage	what software diagnostics should be performed annually to verify algorithmic accuracy in climate control systems?
climate_controlled_archival_storage	how do radiative heat exchange effects between air and solid surfaces impact thermal gradients in archival storage?
climate_controlled_archival_storage	which types of sensitive materials require continuous environmental monitoring in a climate controlled facility?
climate_controlled_archival_storage	what temperature and relative humidity ranges does ISO 11939 specify for preserving paper-based records?
climate_controlled_archival_storage	why does NARA require documentation of environmental monitoring data for audit and verification purposes?
closed_loop_motion_control_systems	How does increasing the feedback loop bandwidth improve the performance of a motion control system?
closed_loop_motion_control_systems	What are the consequences of signal saturation in a motion control loop?
closed_loop_motion_control_systems	Why is it important to prioritize all hardware interrupts in motion control applications?
closed_loop_motion_control_systems	How do cache coherency and memory access patterns affect the reliability of an ISR?
closed_loop_motion_control_systems	What role do fixed gain parameters play in the operation of a PID controller?
cnet_kernel_arch	how does the hypervector binding process merge two vectors into a single composite representation?
cnet_kernel_arch	what role does the hash appended to the capsule header play in ensuring data authenticity?
cnet_kernel_arch	how are semantic features separated from syntactic dependencies using algebraic unbinding?
cnet_kernel_arch	what hardware support does each capsule provide to run as an isolated execution environment?
cnet_kernel_arch	how do vector symbolic architectures encode and manage domain-specific routing rules in this system?
cnet_vsa_core	What is the role of permuted basis vectors in assigning positions within the sequence?
cnet_vsa_core	Why is a high-dimensional space like 10000 dimensions beneficial for creating unique representations?
cnet_vsa_core	How does Hamming distance measure the difference between two binary vectors in this system?
cnet_vsa_core	Why does the architecture operate as a symbolic engine instead of using statistical modeling?
cnet_vsa_core	What issues arise when the data manifold is non-convex, skewed, or has multiple clusters?
colloid_chemistry	how does the surface charge density of colloidal particles influence their ability to resist aggregation?
colloid_chemistry	what role does the critical micelle concentration play in the behavior of surfactant solutions?
colloid_chemistry	how does changing the ionic strength of the medium affect the stability of an electrostatically stabilized colloid?
colloid_chemistry	why do polymer chains at low graft density provide less effective stabilization compared to higher graft densities?
colloid_chemistry	how does the balance between attractive and repulsive forces determine the overall stability of a colloidal system?
combustion_chamber_heat_transfer	how does boundary layer separation influence the local heat transfer rate in the separated region?
combustion_chamber_heat_transfer	what effect do changes in gas composition have on the viscosity of the mixture?
combustion_chamber_heat_transfer	why are water-based coolants effective at removing intense localized heat fluxes in combustion chambers?
combustion_chamber_heat_transfer	how is the ratio of convective to conductive heat transfer at the chamber walls quantified?
combustion_chamber_heat_transfer	what does the Biot number represent when comparing internal conduction resistance to external convection resistance?
common_law_enforcement	What factors determine whether evidence gathered without a warrant can still be used in court?
common_law_enforcement	Does the danger to life or property automatically justify a warrantless search?
common_law_enforcement	How does the community’s need for safety influence the decision to allow emergency searches?
common_law_enforcement	When can police rely on the destruction of evidence as a valid reason to bypass a warrant?
common_law_enforcement	Is there a strict time limit within which a warrant must be executed to remain valid?
compartment_fire_dynamics	what triggers the collapse of the smoke layer during a fire?
compartment_fire_dynamics	how do large rooms differ from small ones in terms of needed air supply?
compartment_fire_dynamics	what role does radiation play in starting the fuel to catch fire?
compartment_fire_dynamics	why is Computational Fluid Dynamics used for more precise fire simulations?
compartment_fire_dynamics	how does the vertical temperature gradient form inside a burning compartment?
compensator_plate_adjustment	how should the incident light's wavelength be determined before calculating the compensator plate thickness?
compensator_plate_adjustment	what is the role of a linear polarizer right after the compensator in setting the reference axis?
compensator_plate_adjustment	how does the refractive index of the compensator material influence the required angular adjustment?
compensator_plate_adjustment	in what way does the sine function's derivative relate angular uncertainty to path difference uncertainty?
compensator_plate_adjustment	what method is used to keep track of drift in the optical path difference?
competitive_inhibition	What happens to Vmax when a competitive inhibitor is present?
competitive_inhibition	Can the effect of competitive inhibition be reversed by adding more substrate?
competitive_inhibition	Why does increasing substrate concentration help overcome competitive inhibition?
competitive_inhibition	What specific structural features of the active site must the inhibitor resemble to work?
competitive_inhibition	How does the presence of a competitive inhibitor alter the enzyme's catalytic efficiency?
compiler_construction	How does overload resolution determine which function to call when multiple candidates exist?
compiler_construction	What role does data flow analysis play in eliminating redundant computations during compilation?
compiler_construction	How are garbage collection barriers inserted into the intermediate representation by the compiler?
compiler_construction	What specific steps are involved in translating intermediate representation into target machine code?
compiler_construction	Which synchronization points does a parser look for when recovering from a syntax error?
compiler_design	what does a compiler do to map intermediate representation operations to specific target instructions?
compiler_design	how does lexical analysis interact with parsing to process source code?
compiler_design	why do heap allocators rely on free lists or buddy systems instead of simple allocation?
compiler_design	what properties does type checking maintain alongside semantic analysis during compilation?
compiler_design	how does garbage collection determine which memory objects are no longer reachable?
compiler_lexical_analysis_and_parsing	How does a compiler determine when to stop reading tokens for a specific non-terminal symbol?
compiler_lexical_analysis_and_parsing	What specific mechanism allows ANTLR to resume parsing after encountering a syntax error in its grammar?
compiler_lexical_analysis_and_parsing	In what way do LR parsing tables differ in size and structure compared to LL(1) parser tables?
compiler_lexical_analysis_and_parsing	Why do phrase-level recovery strategies often involve modifying the input token stream instead of just reporting an error?
compiler_lexical_analysis_and_parsing	How does the depth-first traversal of a parser's output influence the construction of the program's semantic representation?
compiler_optimization	What is the role of phi nodes in managing variable values at the start of a block that can be reached from several different paths?
compiler_optimization	How do polyhedral optimizations help a compiler determine the order of loop iterations while keeping the original program logic intact?
compiler_optimization	Why does a compiler need to look across different modules before deciding which functions to inline?
compiler_optimization	What does the algorithm do with graph nodes that don’t connect to enough other nodes relative to the register count?
compiler_optimization	Why does a compiler assign colors to nodes during the expansion phase of register allocation?
complex_refractive_index_analysis	what role does temperature control play in maintaining the stability of optical components during analysis?
complex_refractive_index_analysis	why is precise surface finishing necessary when preparing samples for refractive index measurements?
complex_refractive_index_analysis	how does the oscillator strength relate to the properties of bound electrons and transition dipole moments?
complex_refractive_index_analysis	what assumption is made regarding the effective mass in the frequency range being analyzed?
complex_refractive_index_analysis	how does a higher real part of the refractive index affect the optical path length compared to the geometric distance?
composite_densification_techniques	how do interparticle void sizes influence the dominance of particle rearrangement during the densification of coarse-grained composites?
composite_densification_techniques	what processing conditions best balance thermal gradients and diffusion to maximize final composite integrity while limiting interfacial reactions?
composite_densification_techniques	in what ways does slow cooling contribute to stress relaxation and the formation of a uniform microstructure in densified composites?
composite_densification_techniques	how can in-situ X-ray radiography be used to monitor the progression of the densification front during composite processing?
composite_densification_techniques	how do researchers use analytical data linking microstructural changes to pressure and temperature to refine densification processes?
composite_material_failure_analysis	Can dielectric spectroscopy be used to monitor how moisture levels change a composite's electrical properties over time?
composite_material_failure_analysis	How does the mismatch in thermal expansion between fibers and matrix create internal stress during curing?
composite_material_failure_analysis	Why can't engineers rely solely on lab test data to accurately predict when a real-world composite part will fail?
composite_material_failure_analysis	What specific fixture does ASTM D7911 require for tension tests to keep the load evenly spread across the sample?
composite_material_failure_analysis	How does the spread of data from tensile tests impact the reliability of safety factors calculated for composite structures?
composite_material_manufacturing	how does surface coating on fibers improve bond strength with the resin matrix?
composite_material_manufacturing	what role does resin gelation timing play in preventing fiber movement during consolidation?
composite_material_manufacturing	why does uniform vacuum and resin flow maintain consistent pressure in composite manufacturing?
composite_material_manufacturing	how do 3D woven composites avoid delamination compared to traditional layered structures?
composite_material_manufacturing	how does fiber alignment affect the mechanical behavior of a composite under load?
composite_material_processing	How does the bond strength between fibers and resin change if the surface energies aren't matched well?
composite_material_processing	What protective gear do I need to put on before mixing or spraying composite resins?
composite_material_processing	How does the crosslink density of the matrix affect the stiffness near the fiber interface?
composite_material_processing	Why is it important to sort chemical waste by compatibility before throwing it away?
composite_material_processing	How does the amount of fiber tangling affect how stress moves from one fiber to another?
composite_materials_manufacturing	How do I determine the correct infusion pressure needed to infuse resin into a fiber mat?
composite_materials_manufacturing	What is the benefit of using X-ray computed tomography for inspecting composite structures?
composite_materials_manufacturing	How does increasing the cross-link density affect the glass transition temperature of a composite?
composite_materials_manufacturing	What are the main challenges in recycling thermoset composite materials for disposal?
composite_materials_manufacturing	Why might a manufacturer prefer water-based resin formulations over solvent-based systems?
compressible_flow	how does the density change along the path of a compressible fluid?
compressible_flow	what sets the maximum amount of mass that can pass through a nozzle throat?
compressible_flow	does the pressure always get lower as the gas moves further downstream?
compressible_flow	what three conservation laws are used to describe compressible flow behavior?
compressible_flow	why does adding heat always cause a drop in total pressure?
compressor_blade_design	Why does maintaining a precise trailing edge radius help avoid shock wave formation at high Mach numbers?
compressor_blade_design	What engineering strategies are used to manage thermal expansion mismatch in ceramic matrix composite coatings?
compressor_blade_design	How does cross-flow in a compressor stage create a secondary pressure gradient that works against axial pressure rise?
compressor_blade_design	Why is it important to keep the surface roughness below Ra 0.4 μm on the suction side of the blade?
compressor_blade_design	What are the consequences if shock waves cause flow separation within a compressor stage?
compton_scattering_analysis	How does the binding energy of target electrons affect the energy of the scattered photon?
compton_scattering_analysis	What is the formula used to calculate the square of the electron momentum?
compton_scattering_analysis	Why do pile-up effects distort the energy spectrum in Compton scattering experiments?
compton_scattering_analysis	How is the intensity of scattered radiation recorded as a function of momentum transfer?
compton_scattering_analysis	In what ways can Compton scattering analysis distinguish between different types of chemical bonding?
computational_acoustics	which mesh types are best for modeling irregular acoustic geometries in my simulation?
computational_acoustics	how do i decide between different time integration schemes for low frequency sound problems?
computational_acoustics	what techniques can i use to make my computational acoustics code run faster on modern processors?
computational_acoustics	how do i validate that my simulation results are statistically different from experimental data?
computational_acoustics	why are variational principles important when solving the wave equation with finite elements?
computational_chemistry	Why do stochastic thermostats like Langevin dynamics improve conformational sampling compared to deterministic ones?
computational_chemistry	How does the choice of exchange-correlation functional in DFT affect the accuracy of predicted properties?
computational_chemistry	What role do symmetry functions and message passing neural networks play in representing atomic environments?
computational_chemistry	How do uncertainty quantification methods like Bayesian neural networks help evaluate the reliability of model predictions?
computational_chemistry	Why is spin-orbit coupling important in certain computational chemistry calculations and how is it typically treated?
computational_complexity_analysis	How do reductions in complexity theory prove that one problem is at least as hard as another?
computational_complexity_analysis	Why must a reduction preserve the decision property to maintain equivalence between two problems?
computational_complexity_analysis	What role does constructive interference play in Shor’s algorithm for factoring large integers?
computational_complexity_analysis	How does the Quantum Fourier Transform help extract the period of a function in quantum computing?
computational_complexity_analysis	Why are formal verification techniques necessary to prevent implementation flaws in cryptographic systems?
computational_electromagnetics	how can i prevent artificial reflections in my simulation by correctly applying boundary conditions?
computational_electromagnetics	what does the integral form of maxwell's equations tell me about sources and field quantities over surfaces?
computational_electromagnetics	what stability constraint does the courant-friedrichs-lewry condition impose on fdtd time stepping?
computational_electromagnetics	how should i use adaptive mesh refinement to save computational resources in my grid?
computational_electromagnetics	how can i check for numerical drift by verifying conservation laws like charge and energy at each step?
computational_fluid_dynamics	how does the mesh structure affect computational cost and solution accuracy in hybrid simulations?
computational_fluid_dynamics	what is the primary difference between direct numerical simulation and other turbulence modeling approaches?
computational_fluid_dynamics	how are convergence criteria typically determined for momentum and continuity equations?
computational_fluid_dynamics	why is minimizing communication overhead important for parallel iterative solvers?
computational_fluid_dynamics	what role does Reynolds-averaged modeling play in handling energy transfer in turbulent flows?
computational_fluid_dynamics_simulation	how does large eddy simulation balance computational cost with accuracy when resolving turbulent flows?
computational_fluid_dynamics_simulation	what types of mathematical functions are typically used to define inlet velocity conditions in CFD simulations?
computational_fluid_dynamics_simulation	why is it necessary to interpolate nodal velocity values onto a separate grid for visualization purposes?
computational_fluid_dynamics_simulation	how are unstructured meshes particularly beneficial when simulating flows over complex geometries?
computational_fluid_dynamics_simulation	what role does the separation of flow scales play in the physical justification of LES?
computational_geometry_algorithms	what happens to the existing Voronoi diagram when you add a new point to the set?
computational_geometry_algorithms	how does the half-plane intersection algorithm decide which half-planes to discard?
computational_geometry_algorithms	why does the algorithm keep removing vertices until a counter-clockwise turn is found?
computational_geometry_algorithms	what role does the event queue play in determining when the algorithm is finished?
computational_geometry_algorithms	how does the algorithm pick the next edge to add to the convex hull using tangents?
computational_geometry	how are points represented in different coordinate systems for geometric computations?
computational_geometry	why do randomized incremental construction algorithms tend to run faster on average than deterministic ones?
computational_geometry	what makes grid-based hashing efficient for collision detection in uniformly distributed data?
computational_geometry	can you explain how asynchronous pipelines overlap data movement with processing tasks?
computational_geometry	how does divide-and-conquer reduce synchronization costs in parallel convex hull algorithms?
computational_heat_transfer	what role does the volume fraction variable play in tracking phase boundaries using the VOF method?
computational_heat_transfer	how does the choice of numerical scheme interact with turbulence modeling in high-Reynolds-number flows?
computational_heat_transfer	what is the physical meaning of the term representing thermal generation within the control volume?
computational_heat_transfer	how can code verification be used to ensure the accuracy of a CFD heat transfer simulation?
computational_heat_transfer	why is comparing simulation outputs against experimental measurements considered the best way to validate a model?
computational_materials_modeling	what is the role of the exchange-correlation functional in density functional theory calculations?
computational_materials_modeling	how do digital twin frameworks simulate material performance?
computational_materials_modeling	what is the purpose of controlling temperature and pressure in computational models?
computational_materials_modeling	why is it important to make the density of states histogram flat during simulations?
computational_materials_modeling	how do machine learning potentials complement traditional computational methods?
computational_mechanics	What is the role of shape functions in ensuring continuity across element interfaces in finite element analysis?
computational_mechanics	Why are implicit time integration schemes preferred for stiff systems in computational mechanics?
computational_mechanics	How does the updated Lagrangian formulation help account for large deformations in geometric nonlinearities?
computational_mechanics	What are some common techniques for estimating error in computational mechanics simulations?
computational_mechanics	How do the properties of the discretization influence the well-posedness of a boundary value problem?
computational_multiphase_flow	How do closure models use turbulence data to estimate the rate of interface creation and destruction?
computational_multiphase_flow	Why do high density ratios cause severe numerical stiffness in multiphase flow simulations?
computational_multiphase_flow	What is the purpose of reinitialization in Level Set methods for maintaining distance function properties?
computational_multiphase_flow	How are neural networks trained using direct numerical simulation data to predict interfacial dynamics?
computational_multiphase_flow	In what ways are Lattice Boltzmann methods combined with CFD to capture wetting and capillary effects in porous media?
computational_structural_mechanics	how do shape functions help interpolate displacement fields between nodes in finite element analysis?
computational_structural_mechanics	what kind of locking issues can arise from numerical integration in structural simulations?
computational_structural_mechanics	how does a non-positive definite stiffness matrix indicate potential instability in a model?
computational_structural_mechanics	why are explicit time stepping methods favored for capturing high frequency wave motion or impact events?
computational_structural_mechanics	what determines the maximum allowable time step when using explicit schemes for dynamic simulations?
computational_thermal_analysis	how are boundary conditions incorporated into the finite volume method for computational thermal analysis?
computational_thermal_analysis	what role does the Navier-Stokes equation play when modeling fluid domains in thermal simulations?
computational_thermal_analysis	why is the energy equation coupled with fluid flow equations in thermal analysis problems?
computational_thermal_analysis	how does the solver determine when the temperature field and structural response have converged?
computational_thermal_analysis	which statistical techniques are commonly used to evaluate the accuracy of thermal simulation models?
computer_graphics	what role do vertex shaders play in preparing 3d data for the graphics pipeline?
computer_graphics	why does dividing by the w component help normalize coordinates for rendering?
computer_graphics	how does anti-aliasing work to make object edges look smoother on screen?
computer_graphics	what determines when a game lowers the detail of faraway objects?
computer_graphics	how does adaptive resolution scaling decide which parts of the frame need more pixels?
computer_graphics_rendering	How does the rasterizer determine which fragments get written to the final image?
computer_graphics_rendering	Why is the intersection test important for figuring out the closest surface to the camera?
computer_graphics_rendering	What conditions must a fragment meet before it can update the depth or stencil buffers?
computer_graphics_rendering	How does the radiative transfer equation help explain how light moves through different materials?
computer_graphics_rendering	Why would a game engine use light probes instead of calculating global illumination in real time?
computer_numerical_control_machining	how does the cnc system adjust the tool path in real-time to stay on track?
computer_numerical_control_machining	why is it important for the tool path to be continuous during machining?
computer_numerical_control_machining	what structural features of the machine help prevent flexing when cutting hard materials?
computer_numerical_control_machining	how do safety interlocks on the machine door protect the operator from accidental injuries?
computer_numerical_control_machining	what triggers the overload protection system to shut down the machine drive?
computer_science	how does the leader node in a distributed system share updates with followers?
computer_science	what is the significance of constant factors in theta notation analysis?
computer_science	how does the von Neumann architecture improve instruction processing efficiency?
computer_science	how do TLS/SSL protocols establish secure communication channels during handshakes?
computer_science	what techniques do compilers use to assign virtual registers to physical ones?
computer_vision_and_shape_analysis	how does persistent homology help extract features from irregular shapes for classification tasks?
computer_vision_and_shape_analysis	in what ways can neural networks respect spatial symmetries through their layer design?
computer_vision_and_shape_analysis	what makes it possible for a single image to yield an accurate 3D depth estimate?
computer_vision_and_shape_analysis	how can training data variations improve a model’s ability to ignore lighting or rotation changes?
computer_vision_and_shape_analysis	why is finding the right regularization level tricky when working with complex shape spaces?
computer_vision	How does test-time augmentation improve the robustness of computer vision predictions by averaging over multiple augmented views?
computer_vision	What mathematical transformations are used to convert raw pixel data into a geometric representation for analysis?
computer_vision	How do model compression techniques like pruning and knowledge distillation help reduce parameter counts in vision models?
computer_vision	Why are automated benchmarking pipelines necessary when deploying computer vision models across different hardware platforms?
computer_vision	How does fully convolutional network architecture enable pixel-level segmentation by outputting probability maps?
concrete_fracture_mechanics	what determines the critical stress required for catastrophic failure in brittle materials?
concrete_fracture_mechanics	how does the crack tip interact with microstructural barriers in the threshold region?
concrete_fracture_mechanics	what does the critical energy release rate G_c represent for initiating crack propagation?
concrete_fracture_mechanics	how is the J-integral computed using stress field and displacement gradient integration?
concrete_fracture_mechanics	what happens during the nonlinear softening branch of the traction-separation law?
concrete_masonry_unit_installation	What is the minimum diameter required for horizontal rebar in CMU construction?
concrete_masonry_unit_installation	How does the shear strength requirement change when wind or seismic forces are present?
concrete_masonry_unit_installation	Why is it important to place each CMU against a mortar-coated face during installation?
concrete_masonry_unit_installation	What role does local climate play in selecting exterior coatings for CMU walls?
concrete_masonry_unit_installation	How do contractors verify that the grout placement and embedment depth meet structural design specs?
condensed_matter_physics	How do renormalization group flows determine the universal critical exponents near quantum critical points?
condensed_matter_physics	What specific mechanisms allow effective field theories to describe fractionalized excitations and topological order?
condensed_matter_physics	How does the distinction between spontaneous and explicit symmetry breaking influence the classification of topological phases?
condensed_matter_physics	Why do tensor network states exhibit exponential growth in bond dimension relative to entanglement entropy, and how does this compare with exact diagonalization?
condensed_matter_physics	How can combining topological insulators with superconductors create conditions for Majorana zero modes at vortex cores or sample edges?
conflict_free_replicated_data_types	Why don’t CRDTs require synchronized clocks to maintain consistency across replicas?
conflict_free_replicated_data_types	How does the merge function avoid overwriting valid updates when two clients edit the same data?
conflict_free_replicated_data_types	What role does idempotency play in ensuring that duplicate updates don’t corrupt the system state?
conflict_free_replicated_data_types	Why are special algorithms like RGA needed for handling text in distributed environments?
conflict_free_replicated_data_types	How do independent client copies of CRDT state eliminate the need for a central server?
conformal_field_theory	how does the radial quantization method connect the energy scale of renormalization group flow to the geometry of boundary conformal field theory?
conformal_field_theory	what is the significance of crossing symmetry in ensuring that different channel decompositions of four-point functions give consistent physical predictions?
conformal_field_theory	how can the Verlinde formula be used to compute fusion coefficients from the modular S-matrix entries in a conformal field theory?
conformal_field_theory	what role does the chiral algebra play in determining the fusion rules of primary fields through representation decomposition?
conformal_field_theory	how do the modular properties of the S-matrix relate to the algebraic structure of fusion rules in conformal field theory?
consensus_algorithm_design	how does the timeout mechanism work to handle unresponsive leaders?
consensus_algorithm_design	what is the impact of adding more nodes on network throughput in consensus protocols?
consensus_algorithm_design	why do practical BFT protocols require a partially synchronous network model instead of being fully asynchronous?
consensus_algorithm_design	how can verifiable random functions help prevent equivocation during partition recovery?
consensus_algorithm_design	what trade-off exists between decentralization and performance in Byzantine Fault Tolerance systems?
consensus_protocol_design	How does the system recover if a client incorrectly identifies a healthy primary as a failure?
consensus_protocol_design	Can you explain what happens when a new leader's log is behind the old one during a view change?
consensus_protocol_design	What determines whether the system chooses to replicate the log from the old leader or the new one?
consensus_protocol_design	How do followers know when they have received enough confirmation to safely update their local state?
consensus_protocol_design	Why does the time it takes to reach agreement grow slower as the network gets larger?
constitutive_modeling	How should experimental testing protocols be designed to ensure the collected data adequately captures strain rate effects for dynamic loading simulations?
constitutive_modeling	What specific parameters must be extracted from shear tests to accurately represent anisotropy in composite materials?
constitutive_modeling	How does the computational cost of a complex constitutive model affect its applicability in large-scale finite element simulations?
constitutive_modeling	What is the role of the flow rule in determining the path of plastic deformation during a multi-axial stress state?
constitutive_modeling	How can impact testing results be used to refine constitutive models for high-strain-rate material failure predictions?
constraint_based_modeling	how can Monte Carlo sampling be used with constraint-based models to quantify uncertainty in metabolic flux distributions?
constraint_based_modeling	what are the key differences between standard constraint satisfaction and constraint programming?
constraint_based_modeling	which popular software toolboxes are available for implementing constraint-based models in Python and MATLAB?
constraint_based_modeling	how do hybrid frameworks combine deterministic flux balance analysis with stochastic methods to handle uncertainty?
constraint_based_modeling	in what ways can machine learning algorithms be integrated with constraint-based modeling to predict metabolic phenotypes?
constraint_solving	What happens when a solver detects a contradiction among its current assignments?
constraint_solving	How is the computational difficulty of QBF problems compared to standard NP problems?
constraint_solving	What does the clause-to-variable ratio indicate in randomly generated 3-SAT instances?
constraint_solving	How is the efficiency of a solver typically measured in terms of execution duration?
constraint_solving	Can you describe the resolution process used to create conflict clauses?
constructed_wetlands	How does the thickness of plant root networks affect water movement through the wetland soil?
constructed_wetlands	Why do wetland designers choose low flow rates for their treatment systems?
constructed_wetlands	What role do root secretions play in building beneficial microbial communities?
constructed_wetlands	Why are steep redox gradients important for the function of low-permeability wetland substrates?
constructed_wetlands	How do anaerobic conditions in a wetland help remove nitrogen from the water?
construction_quality_control	how can digital tracking systems help me see how inspection results affect my project timeline?
construction_quality_control	what makes ground penetrating radar able to find hidden gaps in a wall?
construction_quality_control	how does the vapor pressure gradient in a building assembly stop long-term damage?
construction_quality_control	what exactly is a corrective action plan for a major non-conformity?
construction_quality_control	where do I find the proof that a major issue has been properly fixed?
construction_scheduling_and_critical_path_method	How does float allow teams to shift work without affecting the final project deadline?
construction_scheduling_and_critical_path_method	What role do Monte Carlo simulations play in handling uncertain task durations?
construction_scheduling_and_critical_path_method	Why is the longest chain of dependent activities considered the critical path?
construction_scheduling_and_critical_path_method	How does sensitivity analysis help assess the effect of resource delays on project timing?
construction_scheduling_and_critical_path_method	What kind of backup plans are created when main resources are no longer available?
context_specific_metabolic_modeling	how are gene regulatory relationships encoded within constraint-based metabolic models using logical operators?
context_specific_metabolic_modeling	which algorithm is specifically designed to use transcriptomic data for pruning or weighting metabolic reactions?
context_specific_metabolic_modeling	what analysis method is used to determine the minimum and maximum flux ranges for individual reactions in a model?
context_specific_metabolic_modeling	how do researchers validate the accuracy of single and double gene knockout simulations by comparing them to lab results?
context_specific_metabolic_modeling	what formula combines precision and recall to measure the effectiveness of predicting essential genes in computational studies?
contractor_pre_qualification_and_resource_allocation	Which specific software platforms are typically used to track labor and equipment in real time?
contractor_pre_qualification_and_resource_allocation	How does a company use past performance data to decide which contractor gets the next big job?
contractor_pre_qualification_and_resource_allocation	What happens to a contractor’s bid if their surety bond isn’t big enough for the project size?
contractor_pre_qualification_and_resource_allocation	How do teams use cost and schedule numbers to move workers from one site to another?
contractor_pre_qualification_and_resource_allocation	Why does checking water equipment against environmental rules matter for getting a contract approved?
controlled_cooling_and_thermal_cycling	how does surface texture influence the rate of heat loss during cooling cycles?
controlled_cooling_and_thermal_cycling	what method is used to predict how many thermal cycles a component can withstand?
controlled_cooling_and_thermal_cycling	how are heat flux sensors integrated to manage dynamic cooling requirements?
controlled_cooling_and_thermal_cycling	what determines the fastest safe cycling speed to avoid material damage?
controlled_cooling_and_thermal_cycling	how are target temperature paths calculated for controlled cooling systems?
coolant_system_design	how do i eliminate air pockets from the high points in my coolant loop?
coolant_system_design	what role does specific gravity play in sizing my coolant pump?
coolant_system_design	how should i determine the correct diameter for my coolant return line?
coolant_system_design	why is it important to control oxidation on internal surfaces in the cooling circuit?
coolant_system_design	what chemicals should i add to maintain the right pH and prevent corrosion?
coordinate_measurement_machine_calibration	what temperature range must be maintained while calibrating a coordinate measurement machine?
coordinate_measurement_machine_calibration	how does the calibration process handle axis perpendicularity within the transformation model?
coordinate_measurement_machine_calibration	which international standards define the acceptance criteria for CMM calibration?
coordinate_measurement_machine_calibration	can you describe how software flagging detects data anomalies during calibration?
coordinate_measurement_machine_calibration	how does the calibration process comply with ISO 9660 for performance evaluation?
corrosion_engineering	How does electrochemical impedance spectroscopy help engineers analyze corrosion rates?
corrosion_engineering	Why are hybrid protection systems preferred over relying on a single protective method?
corrosion_engineering	What role does the electrolyte play in the formation of a galvanic cell during corrosion?
corrosion_engineering	How can tracking environmental conditions lead to more effective maintenance planning?
corrosion_engineering	What are the main limitations of using epoxy coatings for long-term metal protection?
corrosion_inhibition_chemistry	How do weakly polar molecules attach to metal surfaces without strong donor atoms?
corrosion_inhibition_chemistry	What role do van der Waals forces play in corrosion inhibition mechanisms?
corrosion_inhibition_chemistry	How do hydrophobic interactions contribute to forming protective films on metals?
corrosion_inhibition_chemistry	Why do soluble metal chlorides cause localized breakdown of passive layers?
corrosion_inhibition_chemistry	How does competitive adsorption between chloride and inhibitor molecules affect protection?
cosmetic_ingredient_penetration_enhancement	What role do ionizable lipids play in helping products reach deeper skin layers?
cosmetic_ingredient_penetration_enhancement	How do nanocarriers protect water-based ingredients from skin acidity?
cosmetic_ingredient_penetration_enhancement	Why do substances with high Log P values tend to build up in the outer skin layers?
cosmetic_ingredient_penetration_enhancement	What mechanism allows nanocarriers to interact with skin proteins through charge changes?
cosmetic_ingredient_penetration_enhancement	How do liposomes maintain the stability of hydrophilic actives during skin penetration?
cost_accounting	how does granular cost data help managers make better decisions?
cost_accounting	what steps should I take during the design phase to set up a cost accounting system?
cost_accounting	how does using actual costing compare to competitors or past periods?
cost_accounting	when should I recognize the cost of goods sold in my financial reports?
cost_accounting	which product costing method fits best for my type of manufacturing environment?
covering_index_design	how do I arrange the column order in a covering index so range scans run efficiently?
covering_index_design	why does page density matter when estimating how many pages a query needs to scan?
covering_index_design	what steps should I take to rebuild a fragmented index and improve its physical layout?
covering_index_design	how can I use query performance metrics to decide which columns to add or reorder in an index?
covering_index_design	why must the key columns in a covering index follow a leftmost prefix rule for certain query types?
crankshaft_balance_dynamics	what angle must the balancing mass be placed relative to the unbalanced mass to properly counteract the rotation?
crankshaft_balance_dynamics	how does the calculated imbalance vector determine the exact amount of correction mass needed?
crankshaft_balance_dynamics	why does the centrifugal force generated by the balancing shift rotate at the same speed as the crankshaft?
crankshaft_balance_dynamics	in what way do counterweights specifically offset the mass distribution of pistons and connecting rods?
crankshaft_balance_dynamics	how does the reduction in bending moments lead to lower dynamic loads on the bearing surfaces?
critical_depth_determination	what causes high energy discharge in open channel flow?
critical_depth_determination	how can I plot specific momentum against depth to find the critical depth?
critical_depth_determination	what value does the Froude number take at critical depth conditions?
critical_depth_determination	where does energy dissipation occur within a hydraulic control volume?
critical_depth_determination	how is specific energy loss related to the energy difference between upstream and downstream sections?
critical_exponents_and_scaling_relations	How can critical exponents be determined by analyzing the power-law behavior of scaled data near the critical point?
critical_exponents_and_scaling_relations	What does the Bethe lattice model represent and how does it provide exact mean-field solutions for critical exponents?
critical_exponents_and_scaling_relations	Why does Rushbrooke’s inequality involve the specific heat exponent α, the order parameter exponent β, and the susceptibility exponent γ?
critical_exponents_and_scaling_relations	What is the Josephson scaling relation and how does it relate the correlation length exponent ν, the spatial dimension d, and the specific heat exponent α?
critical_exponents_and_scaling_relations	How does the concept of relevant directions in the space of coupling constants explain why there are only a few independent critical exponents?
critical_phenomena_and_scaling_laws	Which physical parameters define the universality class of a system?
critical_phenomena_and_scaling_laws	How do shared symmetries lead to identical critical exponents across different systems?
critical_phenomena_and_scaling_laws	What is the significance of the upper critical dimension in scaling theory?
critical_phenomena_and_scaling_laws	How is the fundamental scaling variable established through the correlation length?
critical_phenomena_and_scaling_laws	What determines the values of the order parameter and susceptibility exponents?
critical_phenomena	how are the critical exponents calculated using renormalization group flow equations near a fixed point?
critical_phenomena	what role does the divergence of the correlation length play in establishing the scaling hypothesis?
critical_phenomena	how can analytic continuation of series expansions help estimate exponents in three-dimensional systems?
critical_phenomena	why is the scaling function considered universal in the expression for magnetization?
critical_phenomena	how does the correlation length exponent specifically define the universality class of a critical system?
critical_point_analysis	How do I measure temperature accurately when studying critical phenomena?
critical_point_analysis	What happens to the order parameter as the system nears the critical point?
critical_point_analysis	Why does the correlation length grow infinitely at the critical point?
critical_point_analysis	How does the renormalization group help classify different systems?
critical_point_analysis	What role does constant pressure play in critical point experiments?
cross_border_capital_flow_regulation	How are national governments working with their trading partners to make sure their capital flow rules match up with trade and investment commitments?
cross_border_capital_flow_regulation	What specific metrics does the IMF use to evaluate a country’s external sector health, like its debt and reserves?
cross_border_capital_flow_regulation	Why do regulators set limits on how much debt financial institutions can take on when managing cross-border capital?
cross_border_capital_flow_regulation	In what ways do digital payment technologies change the traditional banking process for moving money across borders?
cross_border_capital_flow_regulation	Are governments creating specific software interfaces to help fintech companies share data with financial regulators?
crustal_density_distribution_modeling	How does the Poisson equation relate to forward modeling of gravity anomalies?
crustal_density_distribution_modeling	What is the purpose of terrain corrections in handling complex topography?
crustal_density_distribution_modeling	How do Markov random fields enforce spatial continuity in density models?
crustal_density_distribution_modeling	Why calculate the probability of boundary existence at each grid node?
crustal_density_distribution_modeling	How is geological realism enforced during the regularization process?
crustal_density_modeling	what role do laboratory petrophysical experiments play in calibrating density models?
crustal_density_modeling	how do xenolith data help constrain density estimates in ancient cratons?
crustal_density_modeling	why are simplified rheological parameters used in cratonic modeling?
crustal_density_modeling	what does the Occam method actually minimize during the inversion process?
crustal_density_modeling	how does the final output of crustal density modeling look in three dimensions?
cryogenic_engineering_and_thermal_isolation	how do vacuum flanges use reflective layers to reduce heat transfer?
cryogenic_engineering_and_thermal_isolation	what role do predictive algorithms play in managing changes to cryogenic load?
cryogenic_engineering_and_thermal_isolation	why are rate limiters included in the valve actuation systems?
cryogenic_engineering_and_thermal_isolation	how is the cooling capacity matched to the heat load at different temperature stages?
cryogenic_engineering_and_thermal_isolation	what happens to the heat released during condensation in cryogenic systems?
cryptographic_encryption_protocols	why must the session key be wiped from memory once the conversation finishes?
cryptographic_encryption_protocols	what kind of hardware can keep my encryption keys safe from physical tampering?
cryptographic_encryption_protocols	which mathematical problem makes ECDSA hard for hackers to break?
cryptographic_encryption_protocols	how should I plan to switch out old crypto standards when they become weak?
cryptographic_encryption_protocols	do I need to automatically refresh certificates to keep my system secure over time?
cryptographic_hash_functions	How does the use of addition instead of XOR help prevent an adversary from reversing the hash process?
cryptographic_hash_functions	Why does the round function rely on arithmetic over GF(2^5) for mixing and diffusion?
cryptographic_hash_functions	What happens to the internal hash state when processing each new block of data?
cryptographic_hash_functions	How are the pipeline stages of the hash function organized to improve performance?
cryptographic_hash_functions	Why is the addition operation in the hash function carried out modulo 2^64?
cryptographic_quorum_certificates	what is a cryptographic quorum certificate and how does it function in a blockchain protocol?
cryptographic_quorum_certificates	how does binding signatures to a block hash and view number stop replay attacks?
cryptographic_quorum_certificates	if a validator receives a quorum certificate for a higher view, what does that mean for its behavior?
cryptographic_quorum_certificates	how does the supermajority requirement guarantee that two valid certificates share an honest validator?
cryptographic_quorum_certificates	how does a chain of quorum certificates ensure that every block is supported by strong agreement?
cryptographic_signature_schemes	what happens if you use the same random number when signing two different messages with a signature scheme?
cryptographic_signature_schemes	why is it important that the subgroup order is a prime number when setting up a signature system?
cryptographic_signature_schemes	how does the difficulty of solving discrete logarithms protect the security of these signatures?
cryptographic_signature_schemes	what role does the message hash play in creating the signature components?
cryptographic_signature_schemes	can you explain why the relationship between the private key and signature points matters for validation?
cryptographic_zero_knowledge_proofs	How does the verifier validate that the commitments in the proof were generated correctly?
cryptographic_zero_knowledge_proofs	Why is it important for the setup party to erase all secret state from memory after creating the CRS?
cryptographic_zero_knowledge_proofs	What role does the Fiat-Shamir heuristic play in converting an interactive proof into a non-interactive one?
cryptographic_zero_knowledge_proofs	How do the homomorphic properties of the underlying group help the simulator generate a convincing proof?
cryptographic_zero_knowledge_proofs	What happens if the public inputs are not properly embedded into the overall proof structure?
cryptography_foundations	what specific parameters define the sponge construction's security level against collision and preimage attacks?
cryptography_foundations	how can an attacker exploit timing differences in cryptographic code to recover secret keys?
cryptography_foundations	why is solving the discrete logarithm problem considered computationally hard for large field sizes?
cryptography_foundations	how do bitwise operations prevent side-channel leaks compared to traditional table lookups?
cryptography_foundations	which modern encryption standards rely on this mode for their efficiency and security properties?
cryptography	Why does adding noise help protect against attackers trying to read the signal?
cryptography	How can a block cipher stay secure when used in CBC or CTR modes?
cryptography	What makes it hard to reverse the permutation without the secret key?
cryptography	Why does a longer output make a hash function more resistant to brute force?
cryptography	Can stream ciphers handle data without needing to align it into fixed blocks?
crystallization_and_devitrification	What is the energy difference that pushes a glassy material toward forming crystals?
crystallization_and_devitrification	Do additives that cause phase separation help crystallization happen in some areas while stopping it in others?
crystallization_and_devitrification	Why is it important to manage how fast a sample is heated at the beginning?
crystallization_and_devitrification	How does the size of the smallest stable crystal relate to the strength of the driving force?
crystallization_and_devitrification	Can strain energy make it harder for new crystals to start forming?
crystallization_kinetics	how do permanent step sources on a crystal surface affect the energy required for new layers to form?
crystallization_kinetics	what role does solvent hydrogen bonding play in determining the final shape of growing crystals?
crystallization_kinetics	how can in situ X-ray diffraction be used to monitor the phase of a crystal as it forms from solution?
crystallization_kinetics	why might liquid-liquid phase separation lead to faster or more efficient crystallization than direct solid formation?
crystallization_kinetics	what does it mean for nucleation multiplicity to increase the rate beyond what classical theory predicts?
crystallographic_orientation_analysis	What role does the Ewald sphere play in converting diffraction data into crystallographic orientation?
crystallographic_orientation_analysis	How does varying the electron beam energy influence the quality of the diffraction rings?
crystallographic_orientation_analysis	What steps are involved in validating the orientation maps for accuracy?
crystallographic_orientation_analysis	Why is visual inspection necessary even when statistical analysis is performed?
crystallographic_orientation_analysis	How does misindexing affect the appearance of grain boundaries in orientation maps?
crystallographic_structure_determination	how does molecular replacement use a homologous structure to start solving a new crystal structure?
crystallographic_structure_determination	why is the Q-factor considered an important metric for checking agreement in intensity space?
crystallographic_structure_determination	how does the resolution limit affect the completeness of data collection in reciprocal space?
crystallographic_structure_determination	what specific geometry statistics do PHENIX tools calculate during structure validation?
crystallographic_structure_determination	which organization sets the standards for depositing crystallographic data into the CDB?
crystallographic_symmetry_breaking	How can piezoresponse force microscopy be used to measure symmetry breaking?
crystallographic_symmetry_breaking	What determines the allowed coupling terms in the Landau free energy?
crystallographic_symmetry_breaking	How do element-specific scattering factors help detect local electronic symmetry breaking?
crystallographic_symmetry_breaking	Why does weak anisotropy allow the Dzyaloshinskii-Moriya interaction to dominate?
crystallographic_symmetry_breaking	What happens to skyrmion radius when interaction strength increases?
crystallography	How do temperature factors influence the accuracy of atomic position refinement in crystallographic studies?
crystallography	What distinguishes the reciprocal lattice from the real-space lattice in terms of its mathematical representation?
crystallography	Why are direct methods for structure solution particularly effective when heavy atoms are absent from the crystal?
crystallography	How does crystal twinning complicate the application of direct methods in solving small unit cells?
crystallography	What does the concept of multiplicity reveal about the symmetry operations acting within a unit cell?
cure_completion_confirmation	how does cloud technology improve the storage of detailed medical scans?
cure_completion_confirmation	which new diagnostic tools help detect tiny amounts of remaining disease?
cure_completion_confirmation	what role do specific biomarkers play in verifying a patient’s full recovery?
cure_completion_confirmation	how do healthcare professionals determine the end of treatment for different conditions?
cure_completion_confirmation	what legal risks might arise if doctors don’t follow established care guidelines?
customary_law_jurisprudence	How do courts decide whether a local custom aligns with national laws or needs to be adjusted to fit together?
customary_law_jurisprudence	Does reviewing traditional practices through the lens of human rights mean some customs get banned or changed?
customary_law_jurisprudence	Are customary laws always ranked below written statutes in the court system, or does it depend on the case?
customary_law_jurisprudence	What do international human rights agreements require countries to do about local customs that harm basic freedoms?
customary_law_jurisprudence	How are communities kept in the loop when customary authorities change their rules or decision processes?
customary_obligation_enforcement	What evidence do I need to show that a community practice is so common it counts as enforceable customary law?
customary_obligation_enforcement	If a lower court says a custom is legally binding, how strict is the appeal standard when I challenge that ruling?
customary_obligation_enforcement	Where does the constitution sit in the list of legal sources compared to treaties and regular statutes?
customary_obligation_enforcement	If someone breaks a custom that’s recognized by law, what kind of compensation can I claim for the harm caused?
customary_obligation_enforcement	How do I know the process for enforcing customs isn’t rigged or biased against my side of the dispute?
cuticular_permeability_regulation	what specific enzymes are involved in the upregulation of cutin biosynthesis during environmental stress?
cuticular_permeability_regulation	how does increased lipid saturation in the cuticular matrix affect passive permeation rates?
cuticular_permeability_regulation	what are the advantages of using Raman spectroscopy for analyzing cuticular lipid composition?
cuticular_permeability_regulation	how do hydration levels within the cuticle impact the diffusion of water vapor?
cuticular_permeability_regulation	why are environmental chambers necessary for conducting in vivo measurements of cuticular permeability?
cutting_tool_geometry	what rake angle setting best balances chip evacuation with minimal heat buildup during machining?
cutting_tool_geometry	how does increasing the relief angle help prevent tool failure under high cutting loads?
cutting_tool_geometry	which flank angle choice typically results in less volume within the secondary shear zone?
cutting_tool_geometry	why is maintaining a stable chip flow pattern important for reducing friction during cutting?
cutting_tool_geometry	how does thermal softening of the tool material relate to elevated operating temperatures?
cyber_defense	what are the advantages of using ASLR in protecting against memory corruption?
cyber_defense	how does log analysis help in identifying the timeline of a cyber attack?
cyber_defense	in what way do sandboxes contribute to the analysis of malicious payloads?
cyber_defense	can you explain the role of intrusion prevention systems in monitoring network traffic?
cyber_defense	how does reducing the attack surface help mitigate the impact of a security breach?
cyclic_loading_simulation	what convergence tolerance do I need to set for global displacement residuals in my low-cycle fatigue analysis?
cyclic_loading_simulation	how does the von Mises criterion help define yield surface expansion under multiaxial stress states?
cyclic_loading_simulation	why do I need to apply a stress concentration factor when calculating local stress range for stress-based fatigue analysis?
cyclic_loading_simulation	how does the Goodman model adjust the stress range input to the damage calculation routine when mean stress is applied?
cyclic_loading_simulation	what equation connects cyclic plastic strain amplitude to the number of cycles to failure in high-cycle fatigue simulations?
cytochrome_p450_monooxygenase_catalysis	why does the cysteine thiolate ligand donate electron density to the iron center?
cytochrome_p450_monooxygenase_catalysis	how does the rigid binding pocket ensure stereoselective hydroxylation?
cytochrome_p450_monooxygenase_catalysis	what is the role of protonation in the heterolytic cleavage of the O-O bond?
cytochrome_p450_monooxygenase_catalysis	how does substrate positioning affect orbital overlap during the rebound step?
cytochrome_p450_monooxygenase_catalysis	why does the catalytic cycle require two electrons from NADPH?
d_printing_post_processing	how does post-processing temperature affect the internal stress levels of my printed part?
d_printing_post_processing	is there a way to achieve uniform mechanical properties in my 3D printed objects?
d_printing_post_processing	why are caliper measurements useful for checking the dimensions of my printed parts?
d_printing_post_processing	can vapor annealing help prevent delamination in thin-walled printed components?
d_printing_post_processing	what is the best way to control cooling rates after post-annealing to avoid thermal gradients?
d_structure_reconstruction	how does the software handle the requirement that electron density cannot be negative?
d_structure_reconstruction	why is it important to break up the total radiation dose into smaller fractions?
d_structure_reconstruction	what problem can occur if the starting phase estimates are not good enough?
d_structure_reconstruction	how are the raw photon signals turned into usable numbers for processing?
d_structure_reconstruction	in what way does the MolMap score help evaluate the quality of a reconstructed map?
damage_mechanics	What is the role of the global residual norm in determining whether damage evolution has reached a converged state?
damage_mechanics	How does regularization of the spatial gradient prevent mesh dependency in damage propagation?
damage_mechanics	Why is energy dissipation through shear failure specifically relevant for composite laminates?
damage_mechanics	How does the scale separation assumption influence the definition of the macroscopic damage variable?
damage_mechanics	What does the macroscopic damage variable represent in terms of stiffness reduction or volume fraction?
database_indexing_algorithms	How does splitting a full node maintain balance during insert operations?
database_indexing_algorithms	Why do disk-based systems align index buckets with page boundaries?
database_indexing_algorithms	What role do multiple independent hash functions play in a Bloom filter?
database_indexing_algorithms	How does adding more indexes affect the availability of buffer pool space?
database_indexing_algorithms	Why does the probability of a false positive grow exponentially with more elements?
database_internals	how do database systems use statistics to pick the fastest query execution strategy?
database_internals	what happens to uncommitted data if a transaction is rolled back and how does that protect other users?
database_internals	where does newly inserted data live temporarily before it gets saved permanently?
database_internals	why are the bottom nodes of a b+ tree connected in a chain instead of standing alone?
database_internals	when a database page becomes too full, what exactly gets moved to the node above it and how are the rest divided?
density_gradient_centrifugation	What type of rotor should I use if I want a steady increase in force along the radius?
density_gradient_centrifugation	Why does my monitoring rely on how light bends through the solution instead of direct density measurement?
density_gradient_centrifugation	How does the shape of my molecule affect the equilibrium position I calculate for it?
density_gradient_centrifugation	Should I mix the gradient buffer in one go or add it in distinct steps for better results?
density_gradient_centrifugation	Can I run a standard gel test on my centrifugated fractions to confirm what I’ve separated?
dependency_graph_analysis	how do edge weights and metadata get stored when building the dependency graph?
dependency_graph_analysis	what happens when the algorithm detects a cycle during graph traversal?
dependency_graph_analysis	how does the system handle conflict detection when two packages need different version ranges?
dependency_graph_analysis	what steps are taken to verify that the final dependency graph has no version incompatibilities?
dependency_graph_analysis	how does dynamic analysis build the dependency graph as a program executes?
depth_of_cut_adjustment	how does changing the spindle speed affect the material removal rate when I adjust my cut depth?
depth_of_cut_adjustment	why does cutting too shallow cause the specific cutting force to increase and slow down my process?
depth_of_cut_adjustment	what are the differences in adjusting cut depth for a lathe compared to other machine types?
depth_of_cut_adjustment	can adaptive control systems automatically adjust the cut depth during operation using sensor feedback?
depth_of_cut_adjustment	how do closed-loop control systems ensure that my actual cutting parameters stay consistent with the target values?
detwinning_and_variant_reorientation	what kind of sample preparation methods help prevent radiation damage during X-ray diffraction experiments?
detwinning_and_variant_reorientation	how can I distinguish between twin variants that have nearly identical shapes and orientations?
detwinning_and_variant_reorientation	what role does cryo-cooling play in preserving crystal integrity during data collection?
detwinning_and_variant_reorientation	how do I update the twin fractions in an iterative refinement process to improve model accuracy?
detwinning_and_variant_reorientation	what strategies are effective for separating overlapping diffraction reflections from different crystal variants?
diamond_abrasives_and_cutting_compounds	what happens to the binder when it experiences sudden temperature changes?
diamond_abrasives_and_cutting_compounds	how does the shape of the diamond particles affect how the material is cut?
diamond_abrasives_and_cutting_compounds	what makes a uniform distribution of particle sizes important for performance?
diamond_abrasives_and_cutting_compounds	how is the efficiency of a cutting compound actually measured?
diamond_abrasives_and_cutting_compounds	what kind of test specimen is usually used to evaluate these materials?
diamond_impregnation_chemistry	how does the carbon source ratio influence the supersaturation level in the reaction vessel?
diamond_impregnation_chemistry	what material properties allow the autoclave to handle pressures above 5 gigapascals without deforming?
diamond_impregnation_chemistry	how does the phase boundary temperature change as pressure increases in the system?
diamond_impregnation_chemistry	why does carbide formation prevent metal contamination in the growing diamond crystal?
diamond_impregnation_chemistry	what makes an etching process chemically selective for removing non-diamond phases?
dielectric_material_characterization	how does electrode shape affect the accuracy of permittivity measurements?
dielectric_material_characterization	can you explain why a high-impedance amplifier helps with detecting very low dielectric loss?
dielectric_material_characterization	what is the role of the Debye relaxation model in understanding frequency-dependent behavior?
dielectric_material_characterization	how do permanent dipoles contribute to polarization when an external field is applied?
dielectric_material_characterization	why is the Cole-Cole plot particularly useful for locating relaxation peaks in dielectric data?
dielectric_polarization_and_ferroelectric_switching	how does the breaking of inversion symmetry in a crystal lattice enable the emergence of ferroelectric behavior?
dielectric_polarization_and_ferroelectric_switching	what determines the long-term stability of the charge state in ferroelectric devices?
dielectric_polarization_and_ferroelectric_switching	which types of point defects are responsible for the phenomenon of fatigue in ferroelectric materials?
dielectric_polarization_and_ferroelectric_switching	how does the coupling between mechanical deformation and electric fields work in these materials?
dielectric_polarization_and_ferroelectric_switching	what makes actuator applications using the converse piezoelectric effect more energy efficient than other methods?
dielectric_spectroscopy	how does stray capacitance affect low-frequency measurements and how can it be minimized?
dielectric_spectroscopy	what role does the Cole-Davidson distribution parameter play in determining the shape of relaxation peaks?
dielectric_spectroscopy	how can loss tangent be used to compare the energy storage and dissipation characteristics of a material?
dielectric_spectroscopy	how is effective medium theory applied to dielectric permittivity data to estimate filler volume fractions?
dielectric_spectroscopy	what happens when dipolar relaxation and conductive tails overlap in a dielectric spectrum?
differential_forms	What happens when you apply the interior product to a vector field and a k-form?
differential_forms	How is the group H^k(M) constructed using kernels and images of the exterior derivative?
differential_forms	What sign convention does the Hodge star operator follow when applied twice to a form?
differential_forms	Does the wedge product of differential forms follow the rules of associativity and addition distribution?
differential_forms	How does the degree and dimension of a form affect the sign when applying the Hodge star operator twice?
differential_privacy	What role does the Laplace distribution play in ensuring differential privacy?
differential_privacy	How does the concept of global sensitivity determine the amount of noise required?
differential_privacy	Why is the utility-privacy trade-off more severe in local differential privacy compared to central?
differential_privacy	What method calculates the log-likelihood ratio to provide a tighter privacy bound?
differential_privacy	How does modifying a single record in a dataset affect the maximum change in query output?
diffusion_controlled_coarsening	What happens to the coarsening rate constant if you account for elastic strain energy instead of just interfacial energy?
diffusion_controlled_coarsening	Why does the mean particle size follow a power law over time during diffusion-controlled coarsening?
diffusion_controlled_coarsening	How can we determine the value of n in the equation R(t) = R0 + Kt^n for a specific material system?
diffusion_controlled_coarsening	What role does interfacial energy play in driving the Ostwald ripening process?
diffusion_controlled_coarsening	Why do experimental results often deviate from theoretical models for diffusion-controlled coarsening?
diffusion_controlled_microstructure_evolution	how do non-equilibrium boundary conditions change the way chemical potential drives diffusion at the interface?
diffusion_controlled_microstructure_evolution	what kind of modeling approach combines discrete lattice calculations with continuous PDE solvers for diffusion?
diffusion_controlled_microstructure_evolution	which experimental technique can track lattice parameter and phase fraction changes in real time during thermal cycling?
diffusion_controlled_microstructure_evolution	how do grain boundary, lattice, and pipe diffusion coefficients compare in magnitude?
diffusion_controlled_microstructure_evolution	how do mean field theories account for the presence of defects in diffusion modeling?
diffusion_controlled_phase_transformations	what role does the gradient energy coefficient play in penalizing sharp concentration gradients?
diffusion_controlled_phase_transformations	how do deviations from ideal Avrami exponents indicate a shift from interface-controlled growth to diffusion-limited coarsening?
diffusion_controlled_phase_transformations	why is the effect of curvature-induced energy penalty negligible when diffusion coefficients of the phases are nearly equal?
diffusion_controlled_phase_transformations	how does atom probe tomography help visualize chemical heterogeneity and solute segregation at phase boundaries?
diffusion_controlled_phase_transformations	what level of undercooling or supersaturation is necessary for a system to overcome the energy barrier at a curved interface?
diffusion_couple_analysis	how do you prepare the sample surface to ensure accurate diffusion measurements?
diffusion_couple_analysis	what does the diffusion coefficient tell us about the material?
diffusion_couple_analysis	how does the size of the grains influence the overall diffusion rate?
diffusion_couple_analysis	why does overlapping of interdiffusion zones cause problems in data analysis?
diffusion_couple_analysis	when is grain boundary diffusion more significant than bulk diffusion?
digital_cartography_and_map_design	how do differential privacy techniques help protect individual identities when publishing detailed geographic datasets?
digital_cartography_and_map_design	which specific line simplification methods are commonly used to streamline complex geographic boundaries for faster rendering?
digital_cartography_and_map_design	how do conic map projections maintain accurate angles and shapes compared to other types of projections?
digital_cartography_and_map_design	what steps do mapmakers take to detect and correct biases in their underlying geographic information?
digital_cartography_and_map_design	can you explain why Shapefile and GeoJSON are considered standard vector formats for preserving precise spatial data relationships?
digital_construction_tracking_and_progress_metrics	how does the system compare automated activity counts with manual field logs to verify progress?
digital_construction_tracking_and_progress_metrics	what permissions are assigned to different team members in distributed construction projects?
digital_construction_tracking_and_progress_metrics	how do version-controlled models handle changes when multiple users edit at the same time?
digital_construction_tracking_and_progress_metrics	can users get alerts when important project documents are updated or need review?
digital_construction_tracking_and_progress_metrics	how does continuous verification against the digital model improve construction accuracy?
digital_identity_verification	how does liveness detection actually confirm that I am a real person and not just using a photo?
digital_identity_verification	what happens to my account access if my risk score drops below the required threshold?
digital_identity_verification	how does the Digital Services Act change the way companies handle my identity information?
digital_identity_verification	can you describe how digital signatures ensure that my identity data hasn’t been changed?
digital_identity_verification	how does the system adjust its security measures as I use the service throughout the day?
digital_image_correlation	Why does using incremental frame comparison help prevent errors from building up during the analysis process?
digital_image_correlation	What is the minimum exposure time required to capture speckle patterns without introducing motion blur?
digital_image_correlation	Can you explain how a direct analytical formula for phase calculation works differently than the least-squares approach?
digital_image_correlation	What are the pros and cons of hybrid strategies when balancing speed against measurement accuracy?
digital_image_correlation	How does an iterative calculation allow for sub-pixel accuracy that goes beyond what the pixel grid itself can provide?
digital_signal_proc	what happens to signal quality when you use a smaller block size for DCT in image compression?
digital_signal_proc	can you explain how the convolution sum actually combines two discrete sequences?
digital_signal_proc	why do unstable digital filters have poles outside the unit circle?
digital_signal_proc	what role do high-frequency coefficients play when analyzing image edges?
digital_signal_proc	how does the DFT convert a sequence of time samples into frequency components?
digital_surface_reconstruction	How does the RANSAC algorithm improve the robustness of fundamental matrix estimation?
digital_surface_reconstruction	What is the role of Poisson reconstruction in creating scalar fields from point cloud normals?
digital_surface_reconstruction	How does temporal sequence optimization help track motion across frames in dynamic reconstruction?
digital_surface_reconstruction	What methods are used to reduce noise in point cloud data before surface reconstruction?
digital_surface_reconstruction	How is the final 3D surface generated through the triangulation of matched features?
dimensional_metrology	How do coordinate measuring machines prevent structural distortion during measurement?
dimensional_metrology	What role does the GUM framework play in determining measurement uncertainty?
dimensional_metrology	Why is it necessary to let parts acclimate before taking dimensional measurements?
dimensional_metrology	How is a chain of calibration documented to ensure measurement traceability?
dimensional_metrology	What statistical parameters does automated measurement software record for each part?
dimensional_quality_control	Why does warped metal cause the scanner to report wrong measurements for curved parts?
dimensional_quality_control	When is it better to use sound waves instead of X-rays to check for hidden defects?
dimensional_quality_control	What steps should I take to confirm my measurement system’s accuracy meets industry standards?
dimensional_quality_control	How do I know if the data from my ultrasound test shows real internal changes?
dimensional_quality_control	Why does the choice of reference planes matter so much when I’m measuring tight tolerances?
dimensional_stability_optimization_in_high_temperature_ceramics	What causes irreversible shape changes after many heat cycles?
dimensional_stability_optimization_in_high_temperature_ceramics	How do scientists measure tiny surface movements with optical tools?
dimensional_stability_optimization_in_high_temperature_ceramics	Which imaging technique shows hidden cracks inside heated ceramics?
dimensional_stability_optimization_in_high_temperature_ceramics	Why do protective coatings stop environmental damage from worsening fatigue?
dimensional_stability_optimization_in_high_temperature_ceramics	What micro-level processes relieve built-up stress after heating?
dimensional_tolerance_manufacturing	what role do optical comparators play in monitoring part dimensions during manufacturing?
dimensional_tolerance_manufacturing	how does material thermal expansion impact the final tolerance of a machined part?
dimensional_tolerance_manufacturing	what steps should I take to validate that a selected tolerance class is actually achievable?
dimensional_tolerance_manufacturing	can you explain what geometric tolerance zones represent for different feature symbols?
dimensional_tolerance_manufacturing	how do in-machine probes help control feature orientation during production runs?
dipole_dipole_array_design	How can I characterize the natural resonant frequencies of individual dipoles using eigenmode analysis?
dipole_dipole_array_design	What is the role of the reciprocity theorem in calculating mutual impedance for dipole arrays?
dipole_dipole_array_design	How do parametric optimization algorithms help mitigate performance sensitivity to fabrication deviations?
dipole_dipole_array_design	What mounting structures are best for providing rigid support while allowing controlled thermal expansion?
dipole_dipole_array_design	How do I use vector network analyzers and near-field scanners to measure the prototype's performance?
disk_i_o_optimization_techniques	Why does combining high queue depth with efficient tagging reduce CPU and device idle time?
disk_i_o_optimization_techniques	How does the specific architecture mentioned decrease cache line bouncing and avoid false sharing between cores?
disk_i_o_optimization_techniques	What makes RAID 0 rely solely on striping to achieve peak read and write performance?
disk_i_o_optimization_techniques	Why might read operations in RAID 5 and RAID 6 experience latency even though they use striping?
disk_i_o_optimization_techniques	How does the deadline scheduler ensure that every request finishes within its required latency limit?
dislocation_dynamics_and_plasticity	how does the Peierls-Nabarro barrier affect the movement of jogs on screw dislocations?
dislocation_dynamics_and_plasticity	what is the formula for the critical resolved shear stress in terms of friction and hardening terms?
dislocation_dynamics_and_plasticity	how is the strain rate in diffusion-controlled creep related to the applied stress?
dislocation_dynamics_and_plasticity	what steps are involved in initializing a dislocation network within a representative volume element?
dislocation_dynamics_and_plasticity	where do the core forces for dislocation models typically come from?
dislocation_dynamics_and_plasticity_theory	why do solute atoms migrate to dislocation cores to reduce elastic strain energy?
dislocation_dynamics_and_plasticity_theory	how does cross-slip relate to resolved shear stress on non-primary slip planes?
dislocation_dynamics_and_plasticity_theory	what happens to a dislocation segment when stress overcomes line tension and Peierls-Nabarro stress?
dislocation_dynamics_and_plasticity_theory	how do cross-hardening effects influence the behavior of polycrystalline materials?
dislocation_dynamics_and_plasticity_theory	what mechanisms control the evolution of dislocation density during plastic deformation?
dissipationless_transport	How does the fusion rules of anyons prevent local noise from corrupting quantum information?
dissipationless_transport	What role does time-reversal symmetry play in protecting helical edge states from backscattering?
dissipationless_transport	Why is keeping the material extremely pure essential for maintaining dissipationless transport channels?
dissipationless_transport	How can tunneling measurements confirm that charge is moving without energy loss?
dissipationless_transport	In what way does spin-orbit coupling force electrons to move in locked spin-momentum pairs?
distributed_consensus_algorithms	what happens to the leader if a client times out while waiting for a response?
distributed_consensus_algorithms	how does the view-change protocol help the system recover after a leader crash?
distributed_consensus_algorithms	what is the purpose of attaching a logical clock value to a message payload?
distributed_consensus_algorithms	why does the system require sequential phases for proposal and voting in traditional BFT protocols?
distributed_consensus_algorithms	how does the new view number help replicas synchronize their state during recovery?
distributed_ledger_technology	How do Merkle trees allow nodes to quickly confirm if a specific transaction is part of a block?
distributed_ledger_technology	Why do some blockchains use WebAssembly virtual machines instead of the traditional Ethereum VM?
distributed_ledger_technology	What problem does state pruning solve for Layer-1 blockchain protocols?
distributed_ledger_technology	How do ZK-rollups use zero-knowledge proofs to verify transactions off-chain?
distributed_ledger_technology	Why does each node need to validate transactions against consensus rules before adding them to the mempool?
distributed_state_machine_replication	how does the Raft algorithm prevent multiple leaders from being elected in the same term?
distributed_state_machine_replication	why must write operations be acknowledged by a quorum before applying changes to the state machine?
distributed_state_machine_replication	what is the purpose of the proposer sending an Accept message in consensus protocols?
distributed_state_machine_replication	how does the primary node ensure operations are durable before execution?
distributed_state_machine_replication	why do backup nodes choose the node with the most up-to-date log as the new primary?
distributed_systems	How does a Lamport timestamp calculate a new value when a node receives a message?
distributed_systems	What role do monotonically increasing terms play in leader election?
distributed_systems	Why is the minority partition considered invalid after network connectivity is restored?
distributed_systems	What specific conditions must be met for the consensus property to hold?
distributed_systems	How does Paxos enable multiple distributed nodes to agree on a single value?
domain_wall_engineering	what minimum spin-orbit torque efficiency is required for reliable domain wall switching?
domain_wall_engineering	how do thermal fluctuations influence domain wall dynamics in confined nanoscale structures?
domain_wall_engineering	what maximum interface roughness allows stable domain wall propagation without pinning?
domain_wall_engineering	how does chemical homogeneity affect the uniformity of magnetic anisotropy in thin films?
domain_wall_engineering	why must the domain wall width be controlled through Dzyaloshinskii-Moriya interaction tuning?
domestic_liquidity_management_in_segmented_markets	What role does central bank communication play in reducing uncertainty during market fragmentation?
domestic_liquidity_management_in_segmented_markets	How are contingency funding plans designed to manage emergency liquidity needs in segmented markets?
domestic_liquidity_management_in_segmented_markets	Why are domestic and international liquidity pools in segmented markets subject to different pricing mechanisms?
domestic_liquidity_management_in_segmented_markets	How do localized funding strategies help address liquidity risk in fragmented markets?
domestic_liquidity_management_in_segmented_markets	What actions do supervisory authorities take to set regulatory capital requirements in segmented markets?
double_and_add_algorithm	how many squaring steps does the algorithm perform for a given exponent size?
double_and_add_algorithm	what hardware components are needed to store intermediate values during execution?
double_and_add_algorithm	why must all participants agree on the starting point before running the algorithm?
double_and_add_algorithm	what happens if a party tries to replace the agreed base point with a different one?
double_and_add_algorithm	how does the method ensure correctness when the exponent contains only zero bits?
double_entry_bookkeeping_and_ledger_reconciliation	what’s the process for matching bank statements with internal records when deposits haven’t posted yet?
double_entry_bookkeeping_and_ledger_reconciliation	who should be responsible for reviewing and approving the monthly reconciliation sign-off?
double_entry_bookkeeping_and_ledger_reconciliation	how do audit trails help if someone changes a ledger entry after the fact?
double_entry_bookkeeping_and_ledger_reconciliation	why does deducting an expense lower my overall equity instead of increasing it?
double_entry_bookkeeping_and_ledger_reconciliation	what happens if the trial balance totals don’t match the general ledger at month-end?
dovetail_joint_construction	which type of wood is best for making durable dovetail joints?
dovetail_joint_construction	can I use a power saw to cut the initial shapes for my dovetails?
dovetail_joint_construction	what happens if my pins and tails do not fit together snugly?
dovetail_joint_construction	should I apply glue to both the pin and the tail side of the joint?
dovetail_joint_construction	how do I know when the glue has completely dried before removing the clamps?
dowel_joint_assembly_and_fastening	what happens to the dowel if the wood gets softer than the metal over time?
dowel_joint_assembly_and_fastening	how do I know if my drilled holes are too big or too small for the dowel?
dowel_joint_assembly_and_fastening	does the type of wood matter when choosing the right size dowel?
dowel_joint_assembly_and_fastening	why can't I just glue the joint and call it a day?
dowel_joint_assembly_and_fastening	what kind of clamps work best for holding dowel joints while they set?
dowel_joint_fabrication	What is the recommended angle for the conical taper when machining the bore for the dowel?
dowel_joint_fabrication	How does the thickness of the wood affect the bearing area of the dowel joint?
dowel_joint_fabrication	When should I test the bond strength of the glue to make sure it cured properly?
dowel_joint_fabrication	What type of adhesive should I use to keep water out of the dowel joint?
dowel_joint_fabrication	How should I position the dowels to make the joint structurally more efficient?
draw_force_measurement_and_calibration	what happens to the output voltage if the resistance changes slightly during measurement?
draw_force_measurement_and_calibration	why do I need to check zero and span both before and after the calibration?
draw_force_measurement_and_calibration	how do I know if my device's linearity is within acceptable limits?
draw_force_measurement_and_calibration	why does temperature affect the gain of amplifiers and converters in the signal chain?
draw_force_measurement_and_calibration	what is the purpose of using certified reference standards during recalibration?
drip_irrigation_system_design	what psi range should I keep in mind when sizing my drip irrigation system?
drip_irrigation_system_design	how do I calculate the right size of a vent orifice to balance air release with pressure stability?
drip_irrigation_system_design	which mathematical equations are recommended for figuring out friction loss in mainlines and laterals?
drip_irrigation_system_design	should I pick polyethylene tubing for my lateral lines that are under 100 meters long, and why?
drip_irrigation_system_design	why is black polyethylene tubing preferred for emitter lines compared to regular tubing?
drum_rotation_and_speed_regulation	how does the controller use digital pulses from encoders to calculate the drum’s real-time rotational speed?
drum_rotation_and_speed_regulation	what steps are taken to verify that the drum runs correctly at various speeds before it goes back into production?
drum_rotation_and_speed_regulation	what material and construction method is used for the cylindrical shell of the drum assembly?
drum_rotation_and_speed_regulation	why is the maximum operating speed of the drum limited by its structural integrity and bearing capacity?
drum_rotation_and_speed_regulation	what parameters are continuously monitored to prevent mechanical failure while the drum is rotating?
dynamic_force_measurement_and_signal_conditioning	how do DC blocking capacitors prevent saturation in downstream processing stages?
dynamic_force_measurement_and_signal_conditioning	why are Wheatstone bridge configurations preferred for strain gauge signal conditioning?
dynamic_force_measurement_and_signal_conditioning	what role do shunt capacitors play in balancing impedance matching with sensor capacitance?
dynamic_force_measurement_and_signal_conditioning	how do Hanning windows improve dynamic range by reducing side-lobe levels?
dynamic_force_measurement_and_signal_conditioning	in what ways do wavelet transforms help resolve non-stationary transient force events?
earthmoving_cycle_time_optimization	how much of the total cycle time is actually spent on loading material?
earthmoving_cycle_time_optimization	what happens to the machine's hydraulic system if the bucket isn't sized correctly for the soil density?
earthmoving_cycle_time_optimization	does the roughness of the haul road significantly impact how fast equipment can travel?
earthmoving_cycle_time_optimization	why do operators often have to use smaller bucket loads when swinging the load?
earthmoving_cycle_time_optimization	how does changing machine speed settings based on material type help maintain optimal performance?
earthworks_and_trenching	how do I know if the ground will hold up my trench walls without collapsing?
earthworks_and_trenching	why do I need to dig test holes before I start digging the main trench?
earthworks_and_trenching	what kind of equipment do I need to watch how the soil moves while I'm building the trench?
earthworks_and_trenching	how does the type of dirt affect how far apart I need to place my supports?
earthworks_and_trenching	when do I have to put in special protection around a trench?
eddy_viscosity_formulation	how does the dynamic procedure compute the eddy viscosity coefficient by minimizing the error between the subgrid-scale stress and the scale-similarity model?
eddy_viscosity_formulation	what equation is solved to determine the eddy viscosity coefficient at each grid cell in the dynamic procedure?
eddy_viscosity_formulation	why does the turbulence hypothesis fail in combustion flows with significant heat transfer effects?
eddy_viscosity_formulation	why are central differencing schemes preferred for convective terms to minimize numerical diffusion in regions of strong shear?
eddy_viscosity_formulation	how should the viscous diffusion terms be discretized to account for the variable eddy viscosity coefficient and maintain consistency with the turbulence model?
eigenvalue_decomposition	Why are implicit shifts necessary when computing eigenvalues of large matrices?
eigenvalue_decomposition	Can you explain when the eigenvalue decomposition is not possible for a given matrix?
eigenvalue_decomposition	How do you verify that the eigenvectors of a symmetric matrix are orthogonal to one another?
eigenvalue_decomposition	What does it mean for a projection to preserve the maximum possible variance from the original dataset?
eigenvalue_decomposition	How does the Jordan form help represent matrices that cannot be diagonalized?
elastic_strain_energy_modeling	what role does essential boundary conditions play in defining displacement constraints for structural models?
elastic_strain_energy_modeling	why are higher-order quadrature schemes necessary for elements experiencing large deformations?
elastic_strain_energy_modeling	how does hyperelasticity differ from linear elasticity in terms of constitutive behavior?
elastic_strain_energy_modeling	what triggers material failure in terms of stored elastic strain energy density?
elastic_strain_energy_modeling	when does elastic instability occur in a deformable structure under load?
electrical_contact_resistance_measurement	How do I avoid damaging the interconnect when performing a resistance test?
electrical_contact_resistance_measurement	Why is using a known standard resistor necessary before starting the calibration process?
electrical_contact_resistance_measurement	What happens to the contact area when the plastic material flows during connection?
electrical_contact_resistance_measurement	How does the two-point measurement method account for the resistance of the lead wires?
electrical_contact_resistance_measurement	Why do voids between surfaces lower the effective contact area compared to the visible size?
electrical_resistivity_measurement	How do I align the inner probes to ensure I'm measuring the potential difference without current flow?
electrical_resistivity_measurement	Why does charge transport in amorphous materials rely on variable-range hopping instead of band conduction?
electrical_resistivity_measurement	What effect would non-uniform sample thickness have on my current density and resulting measurements?
electrical_resistivity_measurement	How is the resistance value calculated from the voltage drop and applied current?
electrical_resistivity_measurement	Why does the voltage gradient generated by the current flow depend on the material's resistivity?
electrokinetics	how does the size of the particle relative to the double layer thickness affect its movement in an electric field?
electrokinetics	what equation connects the surface charge potential to the speed of fluid flow in electrokinetic systems?
electrokinetics	why do particles move toward areas where the electric field is strongest in dielectrophoresis?
electrokinetics	which mathematical equations must be solved together to simulate ion transport and fluid flow in electrokinetics?
electrokinetics	how does the assumption of spherical particles simplify the analysis of electrokinetic phenomena?
electromagnetic_diffusion_theory	what role does the anisotropy factor play in adjusting the scattering parameters for diffusion models?
electromagnetic_diffusion_theory	how does the mean free path relate to the validity of diffusion approximations in confined spaces?
electromagnetic_diffusion_theory	can you explain the relationship between field amplitude continuity and transmission coefficients at material interfaces?
electromagnetic_diffusion_theory	why is the isotropic phase function assumption important for the diffusion approximation to hold?
electromagnetic_diffusion_theory	how does forward scattering affect the accuracy of diffusion theory in highly anisotropic media?
electromagnetic_geophysics	how do I choose the right regularization parameters to improve resolution in my electromagnetic geophysics data?
electromagnetic_geophysics	what are the constitutive relations that connect the electric and magnetic fields in this method?
electromagnetic_geophysics	why do low-frequency electromagnetic surveys need larger loop areas or longer dipoles?
electromagnetic_geophysics	how do I select the best site location for an electromagnetic geophysics survey?
electromagnetic_geophysics	in which direction should I lay out electric dipoles to get the strongest signal?
electromagnetic_induction_surveying	what are the daily maintenance requirements for electromagnetic induction surveying instruments?
electromagnetic_induction_surveying	how is apparent electrical resistivity determined by the survey system?
electromagnetic_induction_surveying	what role does the amplitude of impedance tensor elements play in determining skin depth?
electromagnetic_induction_surveying	why combine natural and artificial sources in audio magnetotellurics?
electromagnetic_induction_surveying	how does adding a controlled source improve audio magnetotelluric survey results?
electromagnetic_interference_mitigation	how does the one-tenth wavelength rule for mesh size help in blocking specific frequency ranges?
electromagnetic_interference_mitigation	why is star grounding considered essential for preventing noise in sensitive electronic systems?
electromagnetic_interference_mitigation	what determines the depth at which electromagnetic waves are absorbed by a conductive shield?
electromagnetic_interference_mitigation	how does the weight of a shielding material affect its suitability for wearable technology?
electromagnetic_interference_mitigation	what methods are used to evaluate how well a protective enclosure blocks external signals?
electromagnetic_sounding	how does increasing half-spacing in Schlumberger arrays affect the depth of electrical current penetration?
electromagnetic_sounding	what sources of external interference should be avoided during electromagnetic sounding surveys?
electromagnetic_sounding	how do one-dimensional inversion algorithms interpret the subsurface electrical conductivity structure?
electromagnetic_sounding	why does the instrument record time series of the Ex and Ey electric field components?
electromagnetic_sounding	how is the tipper tensor calculated from the magnetic field components?
electromagnetic_suspension_systems	how do the onboard accelerometers track vibrations and disturbances during transit?
electromagnetic_suspension_systems	what triggers the automatic shutdown of the suspension system in case of a malfunction?
electromagnetic_suspension_systems	how does the control logic adjust the magnetic force to keep the train centered?
electromagnetic_suspension_systems	what temperature limits must the assembly stay within to function correctly?
electromagnetic_suspension_systems	how is the distance between the train car and the guideway continuously tracked?
electromagnetic_theory	What ensures that the mathematical solution for a field distribution corresponds to the only physically possible outcome?
electromagnetic_theory	How does the geometry of a resonant structure determine which specific modes of oscillation are allowed to exist?
electromagnetic_theory	In what way do energy losses in both the material and the conductors impact the quality of the resonance?
electromagnetic_theory	Why can the real and imaginary components of complex material parameters be determined from each other using integral transforms?
electromagnetic_theory	How does the geometry of a cavity or waveguide influence which field patterns are suppressed or reinforced?
electromagnetic_wave_propagation	what is the condition for maximum power transfer between two different media?
electromagnetic_wave_propagation	how does the presence of a magnetic field change the way a plasma responds to electromagnetic waves?
electromagnetic_wave_propagation	why does the effective conductivity of a material change with frequency in the high-frequency regime?
electromagnetic_wave_propagation	what happens to the strength of electromagnetic fields as you move away from a source?
electromagnetic_wave_propagation	how does the mathematical description of electromagnetic fields change from the near-field to the far-field?
electron_backscatter_diffraction	what mathematical symbol is used to label the specific lattice plane that produces the diffraction rings?
electron_backscatter_diffraction	how do I figure out the exact 3D orientation of each individual grain in the sample?
electron_backscatter_diffraction	why do certain atoms contribute more to the diffraction pattern than others?
electron_backscatter_diffraction	what causes unwanted intensity distortions in the diffraction rings that make reading them harder?
electron_backscatter_diffraction	how does the technique capture information about the crystal structure right at the surface of the material?
electron_density_mapping	How do I check if my electron density map has been overfitted during refinement?
electron_density_mapping	What specific metric should I use to validate my map against independent half-sets of data?
electron_density_mapping	How can I tell if a saddle point in the density map actually represents a chemical bond?
electron_density_mapping	What does it mean for a density peak to appear in a region of noise?
electron_density_mapping	How does the process of inverting diffraction data help recover electron positions?
electron_microprobe_analysis	what are the statistical methods used to validate the accuracy of electron microprobe results?
electron_microprobe_analysis	how do thermal gradients and ion wind effects influence sample migration during analysis?
electron_microprobe_analysis	why does reducing the probe size lead to increased statistical noise in the signal?
electron_microprobe_analysis	what are the main drawbacks of using Silicon Lithium detectors in high-resolution spectroscopy?
electron_microprobe_analysis	how does using a low-voltage scanning electron microscope help prevent damage to sensitive materials?
electrothermal_breakdown_modeling	how do finite element methods ensure energy and charge conservation during electrothermal breakdown simulations?
electrothermal_breakdown_modeling	what role does the exponential temperature dependence of conductivity play in current density calculations?
electrothermal_breakdown_modeling	how is infrared thermography used to verify thermal boundary conditions in breakdown experiments?
electrothermal_breakdown_modeling	how does specific heat capacity influence the timing of the breakdown process?
electrothermal_breakdown_modeling	can time-resolved photoluminescence detect temperature spikes inside insulating materials during transient events?
elliptic_curve_cryptography	what is the role of the tangent line in calculating point doubling for elliptic curves?
elliptic_curve_cryptography	how does the computational complexity of ECDLP compare to discrete logarithms in finite fields?
elliptic_curve_cryptography	why are projective coordinates used in elliptic curve implementations to improve performance?
elliptic_curve_cryptography	how does the double-and-add method process bits during scalar multiplication?
elliptic_curve_cryptography	in what way does simple power analysis help attackers extract secret keys?
energy_dispersive_x_ray_fluorescence	why does the phosphor layer in an energy dispersive x ray fluorescence detector cause energy dispersion?
energy_dispersive_x_ray_fluorescence	how do multi-element calibration models use interaction coefficients to handle overlapping spectral peaks?
energy_dispersive_x_ray_fluorescence	what is the advantage of using energy dispersive x ray fluorescence for sample preparation?
energy_dispersive_x_ray_fluorescence	why do wavelength dispersive systems rely on peak integration and background subtraction for data processing?
energy_dispersive_x_ray_fluorescence	how does the absorption mechanism in energy dispersive systems reduce background signal noise?
energy_dissipation	what role does the Clausius inequality play in quantifying the irreversibility of energy dissipation in thermodynamic cycles?
energy_dissipation	how do phase-change materials stabilize temperature gradients and prevent thermal shock in high-flux engineering applications?
energy_dissipation	what factors influence the decision between active cooling systems and passive high-conductivity structures when designing for durability and cost?
energy_dissipation	how does optimizing power density through high surface-area-to-volume ratios improve convective or radiative heat loss in thermal management?
energy_dissipation	what baseline metrics do engineers commonly use to measure and compare energy dissipation performance in mechanical systems?
energy_loss_minimization	how can i determine the optimal thickness of aerogel layers in my insulation system?
energy_loss_minimization	what steps should i take to validate the performance of a new composite wall design?
energy_loss_minimization	how does ISO 10304 testing influence the selection of building insulation materials?
energy_loss_minimization	can you describe how thermal bridging is calculated in window frames?
energy_loss_minimization	why is iterative re-simulation important when modifying a building's thermal model?
environmental_control_for_metrology	what is the maximum face velocity limit to stop air from bypassing the filter?
environmental_control_for_metrology	how does the pressure control system keep the cleanroom at a higher pressure than the anteroom?
environmental_control_for_metrology	what frequency range must the isolation system cover to effectively block vibrations?
environmental_control_for_metrology	which damping technique is used to turn shaking energy into heat inside instrument cases?
environmental_control_for_metrology	how does the control software decide if the room conditions are within the required tolerance?
environmental_monitoring_systems	how do manufacturers keep firmware up to date to correct for sensor drift over time?
environmental_monitoring_systems	which software techniques are used to identify patterns within the data collected by multiple sensors?
environmental_monitoring_systems	how can sealing mechanisms prevent contamination while still letting gases or fluids pass through?
environmental_monitoring_systems	what regulations and standards must environmental monitoring devices follow to be legally recognized?
environmental_monitoring_systems	how do monitoring systems protect recorded data from being altered or falsified?
enzymatic_oxidative_functionalization	what computational tools are used to map the electronic changes during bond breaking in these catalytic cycles?
enzymatic_oxidative_functionalization	how does the physical shape of an enzyme's structure determine which specific bonds get oxidized?
enzymatic_oxidative_functionalization	which metabolic pathway supplies the energy carriers needed to drive the oxidative reactions in engineered oxidases?
enzymatic_oxidative_functionalization	how can computer simulations help researchers pinpoint which amino acids are most vulnerable to oxidative damage?
enzymatic_oxidative_functionalization	what kind of pH extremes can destroy the structural integrity or cofactor binding of these industrial enzymes?
enzyme_engineering	can rigidifying the active site actually hurt an enzyme's ability to work even if it binds the substrate tighter?
enzyme_engineering	how does changing the way an enzyme forms multiple subunits help it respond to signals inside a cell?
enzyme_engineering	what does it mean when researchers say that dynamic allostery engineering decouples stability from activity?
enzyme_engineering	why does lowering the activation energy barrier specifically help with the rate-limiting step of a reaction?
enzyme_engineering	how can tweaking how long a substrate stays in a reactor help prevent substrate inhibition?
enzyme_kinetics_modeling	What is the mathematical form of the Hill equation and what does the Hill coefficient represent?
enzyme_kinetics_modeling	How does substrate saturation influence the extraction of intrinsic kinetic parameters?
enzyme_kinetics_modeling	Can the Michaelis-Menten equation be applied to enzymes with multiple subunits?
enzyme_kinetics_modeling	What is the difference between competitive and allosteric inhibition mechanisms?
enzyme_kinetics_modeling	How does cooperative binding manifest in the kinetic curves of multi-subunit enzymes?
episcopal_arbitration_in_feudal_disputes	did the written judgment issued by the arbiter contain binding legal clauses that both parties had to honor?
episcopal_arbitration_in_feudal_disputes	how did the doctrine of the two kingdoms create conflicts between secular feudal law and canon law when bishops got involved in disputes?
episcopal_arbitration_in_feudal_disputes	in what ways did bishops use canonical fairness to counterbalance the strict feudal rights of landowners?
episcopal_arbitration_in_feudal_disputes	could the canonical framework provided by episcopal arbitration override traditional local customs when settling a dispute?
episcopal_arbitration_in_feudal_disputes	what role did the spiritual jurisdiction of bishops play in forcing secular rulers to accept church authority in legal matters?
etiolation_prevention_and_shade_acclimation	how does cuticular wax help plants conserve water when they are growing in the shade?
etiolation_prevention_and_shade_acclimation	what role do salicylic acid and jasmonic acid play when plants are adjusting to low light levels?
etiolation_prevention_and_shade_acclimation	how does the plant hormone auxin get produced less in the dark conditions?
etiolation_prevention_and_shade_acclimation	why do plants reduce their photorespiratory carbon loss when they are shaded?
etiolation_prevention_and_shade_acclimation	how does the plant adjust glyceraldehyde-3-phosphate dehydrogenase to handle less sunlight?
evapotranspiration_modeling	how does the Hargreaves method incorporate temperature factors into its evapotranspiration calculations?
evapotranspiration_modeling	what happens to the crop coefficient as the plant progresses through different growth stages?
evapotranspiration_modeling	why does the model assume that nutrient availability and pest pressure do not affect crop water use?
evapotranspiration_modeling	how does the Hargreaves formulation differ from other empirical methods for estimating evapotranspiration?
evapotranspiration_modeling	why is the initial crop coefficient value set to 1.0 in these modeling approaches?
excavator_hydraulics	how do electronic sensors help maintain proper pressure in the hydraulic system?
excavator_hydraulics	what should you do to the threads before connecting hoses to avoid leaks?
excavator_hydraulics	why must you turn off the engine and release pressure before working on the hydraulics?
excavator_hydraulics	where can you find the correct steps for adjusting fluid flow in your specific machine?
excavator_hydraulics	how does adjusting the valve change how much hydraulic fluid gets to the system?
exchange_rate_differentials_and_monetary_zone_accounting	how does the current exchange rate influence the translation of foreign currency balances on a company's financial statements?
exchange_rate_differentials_and_monetary_zone_accounting	what role does the translation adjustment play in the notes attached to financial reports?
exchange_rate_differentials_and_monetary_zone_accounting	how does the relative price level of goods determine the equilibrium exchange rate differential between two monetary zones?
exchange_rate_differentials_and_monetary_zone_accounting	is the conversion rate within a monetary zone set by the central bank or negotiated among individual financial institutions?
exchange_rate_differentials_and_monetary_zone_accounting	how do strict capital controls by the central bank aim to protect the exchange rate from speculative pressure?
experimental_mechanics	What are the fundamental principles behind strain measurement in materials testing?
experimental_mechanics	How do environmental conditions like temperature and humidity affect experimental data accuracy?
experimental_mechanics	Why is photoelasticity limited to static or quasi-static conditions during stress imaging?
experimental_mechanics	What documentation is required to ensure traceability and peer review in experimental mechanics?
experimental_mechanics	How can researchers capture complete displacement fields and load-response data simultaneously?
explosion_proof_electrical_equipment	how do labyrinthine paths help prevent flames from escaping through the vents?
explosion_proof_electrical_equipment	what materials are required for constructing explosion-proof vents to ensure they don't burn?
explosion_proof_electrical_equipment	how does the enclosure size relate to the maximum internal pressure it can safely handle?
explosion_proof_electrical_equipment	what are the specific divisions used by UL 61010 to classify hazardous areas for dust and gases?
explosion_proof_electrical_equipment	how do the testing procedures in UL 61010 differ from other classification systems?
explosive_ordnance_disposal	Why must the latency of remote control signals stay below a specific limit to prevent accidental detonation?
explosive_ordnance_disposal	How can I tell from just looking at the shape whether a bomb is a shaped charge or a standard explosive?
explosive_ordnance_disposal	Does a 10-meter approach radius mean I have to build a barrier around the device?
explosive_ordnance_disposal	What happens mechanically inside a bomb when the secondary explosive triggers the main charge?
explosive_ordnance_disposal	Why do bomb disposal robots need built-in emergency stop features if the operator loses connection?
explosives_and_detonation_systems	why are safety locks required before starting an explosion?
explosives_and_detonation_systems	how does the shape of RDX molecules make it safer to handle?
explosives_and_detonation_systems	what prevents an explosive from going off accidentally?
explosives_and_detonation_systems	which agencies control civilian use of explosives in the US and UK?
explosives_and_detonation_systems	how does the detonator connect to the main charge?
fail_safe_mechanical_barrier_systems	What standard regulates the safety requirements for railway barriers like these?
fail_safe_mechanical_barrier_systems	Why are original drawings and datasheets necessary for long-term system maintenance?
fail_safe_mechanical_barrier_systems	How do interlock mechanisms prevent accidental or dangerous barrier operations?
fail_safe_mechanical_barrier_systems	What defines a fail-safe design in the context of mechanical barrier systems?
fail_safe_mechanical_barrier_systems	Can you describe how functional testing validates the safety mechanisms' engagement?
fat_removal_and_surface_scraping	how do lipase enzymes break down triglycerides during fat removal procedures?
fat_removal_and_surface_scraping	should I dry my skin before using chemical exfoliants or microdermabrasion?
fat_removal_and_surface_scraping	what happens if a catheter penetrates too deeply into the superficial fascia?
fat_removal_and_surface_scraping	can centrifugation help separate pure fat tissue from other extracted materials?
fat_removal_and_surface_scraping	how does frequency modulation affect the creation of cavitation bubbles in tissue?
fatigue_analysis_and_testing	how do optical microscopy and electrical resistance measurements detect early-stage microcracks in materials?
fatigue_analysis_and_testing	what role does stress ratio play in accelerating fatigue damage accumulation?
fatigue_analysis_and_testing	how do slip bands contribute to the initiation of surface microcracks during cyclic loading?
fatigue_analysis_and_testing	what happens to the load-bearing capacity of composite laminates when interlaminar delamination occurs?
fatigue_analysis_and_testing	how does loading frequency impact the rate at which fatigue damage develops in structural components?
fatigue_life_prediction_and_modeling	What role does plastic strain amplitude play in determining fatigue life according to strain-based models?
fatigue_life_prediction_and_modeling	How do mean stress and R-ratio effects influence fatigue predictions in multiaxial loading scenarios?
fatigue_life_prediction_and_modeling	In what ways can local mesh refinement improve the calculation of stress concentration factors?
fatigue_life_prediction_and_modeling	How does Miner’s rule integrate damage accumulation across different stress levels?
fatigue_life_prediction_and_modeling	What does the von Mises approach do to convert multiaxial stress states for fatigue analysis?
fault_tolerant_computing_systems	how does the system handle communication delays in large distributed networks?
fault_tolerant_computing_systems	what prevents multiple nodes from thinking they are the master in a storage cluster?
fault_tolerant_computing_systems	how do runtime monitors decide when to trigger automatic recovery actions?
fault_tolerant_computing_systems	in what ways does causal ordering impact the consistency of data writes?
fault_tolerant_computing_systems	what role do gossip protocols play in spreading state updates across nodes?
feature_detection_and_matching	how is the gradient vector calculated from image intensity changes along the horizontal and vertical axes?
feature_detection_and_matching	why do we keep only the areas of the image that show significant differences in brightness?
feature_detection_and_matching	what purpose does the difference of gaussians function serve when locating a keypoint in scale space?
feature_detection_and_matching	how does changing the ratio threshold affect the balance between precision and recall in feature matching?
feature_detection_and_matching	what trade-off exists between being too strict and too loose when setting the ratio threshold for matching keypoints?
feature_matching	how does the algorithm determine which matched features are reliable enough to use for computing the homography or fundamental matrix?
feature_matching	what are the trade-offs between using exact nearest neighbor searches versus approximate methods when matching descriptors in real-time applications?
feature_matching	why does the choice of distance metric significantly affect the overall speed of a feature matching pipeline?
feature_matching	how do scale and rotation parameters get adjusted for each keypoint to ensure that matches remain valid under geometric transformations?
feature_matching	which common distance metric is typically employed when comparing SIFT or SURF descriptors after they have been normalized?
felt_making_and_textile_processing	how does the needle bar actually penetrate the fiber mat during the felting process?
felt_making_and_textile_processing	what role does the guide system play in keeping the fiber mat from shifting?
felt_making_and_textile_processing	how does the drum contribute to the overall thickness of the felted product?
felt_making_and_textile_processing	what are the mechanical properties of the final felted material?
felt_making_and_textile_processing	how does the hopper or conveyor system help maintain a uniform fiber distribution?
fermentation_kinetics	How do inline sensors detect changes in metabolite concentration during fermentation?
fermentation_kinetics	Why does product buildup eventually slow down microbial growth?
fermentation_kinetics	How do batch cultures differ from other methods in terms of byproduct formation?
fermentation_kinetics	What effect does high pressure have on a cell's ability to take in nutrients?
fermentation_kinetics	How can you keep fermentation running efficiently by managing multiple variables?
ferroelectric_memory_storage	how does the distance between ferroelectric stacks affect crosstalk?
ferroelectric_memory_storage	what role does the substrate play in constraining the ferroelectric film?
ferroelectric_memory_storage	why must the energy barrier for writing be balanced between high and low values?
ferroelectric_memory_storage	how does changing the ferroelectric layer thickness impact device performance?
ferroelectric_memory_storage	what physical property is measured during the readout process?
feudal_jurisprudence_and_estate_law	What items were typically used to symbolically transfer land ownership during the formal ceremony?
feudal_jurisprudence_and_estate_law	How did a married woman’s assets change ownership if her spouse passed away first?
feudal_jurisprudence_and_estate_law	Which specific acts of parliament allowed the dissolution of property entailments?
feudal_jurisprudence_and_estate_law	What role did the manorial court roll play in enforcing labor duties on tenants?
feudal_jurisprudence_and_estate_law	How did the legal concept of joint property affect a husband’s rights to his wife’s earnings?
feudal_land_tenure	What role did the division of land into strips play in organizing work among the peasants?
feudal_land_tenure	How did the transfer of land require a new vassal to swear loyalty to the lord?
feudal_land_tenure	Why did vassals have to attend the lord’s court for all legal matters?
feudal_land_tenure	In what way did the practice of subinfeudation break apart the feudal chain of command?
feudal_land_tenure	How did the original lord’s power change when subinfeudation created more layers of lordship?
feudal_tenure_documentation	How did the lack of a central government lead to variations in how land ownership was written down?
feudal_tenure_documentation	What role did local traditions play in shaping the terms of feudal land agreements?
feudal_tenure_documentation	How did the availability of rivers or wells affect the rules about water usage in a feudal contract?
feudal_tenure_documentation	In what way did the feudal hierarchy determine who had the final say in land disputes?
feudal_tenure_documentation	What steps were outlined in royal documents for settling arguments about land ownership?
fiber_blending_and_composition	how does oxidative degradation impact the molecular weight of polymers during co-extrusion processes?
fiber_blending_and_composition	what role does viscoelastic relaxation play in preventing fiber agglomeration during the cooling stage?
fiber_blending_and_composition	which type of fiber offers the best combination of specific strength and thermal stability?
fiber_blending_and_composition	how can strong interfacial bonding improve stress transfer between the matrix and reinforcing fibers?
fiber_blending_and_composition	what are the consequences of poor interfacial bonding on the failure modes of composite materials?
fiber_carding_and_cleaning	how much tension should be applied to inelastic fibers before they enter the cleaning section?
fiber_carding_and_cleaning	where exactly should the cleaning blades be placed relative to the primary carding mechanism?
fiber_carding_and_cleaning	what are the consequences of low beat power on the final quality of the separated fibers?
fiber_carding_and_cleaning	how does the initial length of the fiber determine the required draft settings for the rollers?
fiber_carding_and_cleaning	why does adhering to strict maintenance schedules reduce material waste in a carding operation?
fiber_mat_densification_and_entanglement	how does the initial level of fiber entanglement influence the speed at which densification occurs in a composite?
fiber_mat_densification_and_entanglement	what role does sufficient dwell time play in ensuring resin fully penetrates the fiber bundle?
fiber_mat_densification_and_entanglement	how can pressure cycling protocols be adjusted to optimize both densification rate and fiber alignment?
fiber_mat_densification_and_entanglement	what causes the polymer network to crack during the densification process?
fiber_mat_densification_and_entanglement	why is the densification efficiency generally better in thermoplastic composites compared to other systems?
fiber_preparation_and_pretreatment	how does acid hydrolysis improve digestibility compared to other pretreatment methods?
fiber_preparation_and_pretreatment	what kind of kinetics does chemical hemicellulose removal follow?
fiber_preparation_and_pretreatment	how can epoxynitrile groups enhance adhesion to epoxy resins?
fiber_preparation_and_pretreatment	why does lignin peroxidase avoid damaging cellulose crystallinity?
fiber_preparation_and_pretreatment	what role does contact angle play in assessing fiber hydrophobicity?
fiber_reinforcement_engineering	Do VARTP and out-of-autoclave methods really help when building thick composite layers?
fiber_reinforcement_engineering	How does the direction of fiber placement change where a composite part breaks under stress?
fiber_reinforcement_engineering	Why does long-term moisture exposure make some thermoset resins brittle over time?
fiber_reinforcement_engineering	What additives can protect the polymer matrix from damage caused by sunlight?
fiber_reinforcement_engineering	Which fibers give the best load transfer when compared to shorter or chopped types?
field_assisted_epitaxial_growth	Does the electric field strength directly influence the activation energy required for adatom diffusion during growth?
field_assisted_epitaxial_growth	Can a perpendicular electric field significantly alter the surface diffusion barrier for incoming species?
field_assisted_epitaxial_growth	What specific types of defects are more likely to form when strong electric fields are applied during epitaxial deposition?
field_assisted_epitaxial_growth	How does the dipole layer at the substrate interface modify the energy landscape for adatom attachment?
field_assisted_epitaxial_growth	Is the incorporation rate of dopant atoms dependent on the mobility of defects induced by the applied field?
financial_market_segmentation_and_arbitrage	how does co-location technology give high-frequency traders an edge in latency arbitrage opportunities?
financial_market_segmentation_and_arbitrage	what are the main ways derivatives help traders shift risks to less regulated areas?
financial_market_segmentation_and_arbitrage	why might retail investors struggle with execution risks when dealing with market makers in quote-driven systems?
financial_market_segmentation_and_arbitrage	how can machine learning uncover hidden patterns that point to mispriced assets in complex financial data?
financial_market_segmentation_and_arbitrage	what problems do traders face when using non-traditional data sources for building arbitrage models?
financial_statement_analysis	What are the potential downsides of relying solely on historical financial data when evaluating a company’s future performance?
financial_statement_analysis	How can a company’s balance sheet be used to assess its long-term financial health rather than just its current state?
financial_statement_analysis	In what ways might stock-based compensation distort a company’s true profitability according to analysts?
financial_statement_analysis	Why is it important for companies to separate their liabilities into current and non-current categories?
financial_statement_analysis	How can machine learning improve the accuracy of financial statement analysis compared to traditional methods?
finite_element_analysis	How are individual element matrices combined to form the overall global stiffness matrix in a finite element model?
finite_element_analysis	What impact do boundary conditions have on the right-hand side of the global load vector?
finite_element_analysis	Why are preconditioners used when solving the large sparse systems in finite element simulations?
finite_element_analysis	How is the total global load vector constructed from various force contributions?
finite_element_analysis	Why is the tangent stiffness matrix re-evaluated at each iteration step in nonlinear analysis?
finite_field_arithmetic	What makes polynomial basis representations slower than other methods for finite field arithmetic?
finite_field_arithmetic	Why should the prime factors used in finite field operations be of similar magnitude?
finite_field_arithmetic	How do binary coefficients in GF(2^n) simplify storage compared to general finite fields?
finite_field_arithmetic	What is the significance of the embedding degree k in pairing-based cryptography?
finite_field_arithmetic	Can you describe the reduction step in polynomial multiplication for finite fields?
fire_protection_engineering	what gas types are typically used in clean agent fire suppression systems?
fire_protection_engineering	how often should fire alarm panels be tested according to NFPA 72?
fire_protection_engineering	why are regular inspections important for maintaining the structural integrity of fire-resistant elements?
fire_protection_engineering	can you explain how clean agent extinguishing systems avoid leaving any residue behind?
fire_protection_engineering	what specific time measurements are used to rate the fire resistance of a building’s structural components?
fire_resistant_coating_formulation	is it better to use one thick coat or several thin layers of fire resistant paint?
fire_resistant_coating_formulation	what role does surface preparation play in making the coating stick properly?
fire_resistant_coating_formulation	how does the amount of carbon in the formula affect the char layer formed during burning?
fire_resistant_coating_formulation	why are epoxy or polyurethane primers often recommended for fire proof coatings?
fire_resistant_coating_formulation	can you explain how the coating prevents the base material from failing in a fire?
floodplain_mapping	how does the spatial resolution of a map affect the precision of floodplain boundaries?
floodplain_mapping	why does the slope gradient of a floodplain influence where water flows and deposits sediment?
floodplain_mapping	what is the Lattice Boltzmann method and why is it useful for simulating floodplain flow?
floodplain_mapping	how do floodplain mapping regulations influence property insurance requirements?
floodplain_mapping	can you describe how complex terrain impacts the accuracy of flood simulations?
flow_induced_crystallization_kinetics	What role does the glass transition temperature play in slowing down or speeding up the crystallization process?
flow_induced_crystallization_kinetics	How does the history of how the material was shaped before it stopped moving influence its final crystal structure?
flow_induced_crystallization_kinetics	Why does stopping the flow suddenly cause the material to relax instead of continuing to form crystals immediately?
flow_induced_crystallization_kinetics	What effect does the thickness of the material layer have on how quickly crystals start to form?
flow_induced_crystallization_kinetics	Can the way a polymer is stretched in different directions before it cools change the direction the crystals grow in?
fluid_dynamics_and_heat_transfer_analysis	which numerical method is typically chosen for simulating high-Reynolds-number flows and why?
fluid_dynamics_and_heat_transfer_analysis	what physical quantity does the Nusselt number quantify in convective heat transfer problems?
fluid_dynamics_and_heat_transfer_analysis	how do RANS models handle turbulent heat transfer in computational fluid dynamics?
fluid_dynamics_and_heat_transfer_analysis	what advantages does infrared thermography provide over other techniques for measuring surface temperatures?
fluid_dynamics_and_heat_transfer_analysis	what statistical measures are commonly used to validate CFD results against experimental measurements?
fluid_dynamics_and_pressure_distribution	What value of the Reynolds number marks the transition from laminar to turbulent flow in circular pipes?
fluid_dynamics_and_pressure_distribution	Can you explain how a Pitot-static tube measures the local pressure without interfering with the flow?
fluid_dynamics_and_pressure_distribution	Why does assuming no heat transfer help separate the energy equation from the momentum equations?
fluid_dynamics_and_pressure_distribution	What is the definition of static pressure in the context of fluid mechanics?
fluid_dynamics_and_pressure_distribution	How do side-facing ports on a pressure probe ensure an accurate reading of the undisturbed flow?
fluid_dynamics_and_pump_theory	How does the Reynolds number influence the flow regime inside the pump casing?
fluid_dynamics_and_pump_theory	What role does specific speed play in selecting the appropriate pump geometry for a given application?
fluid_dynamics_and_pump_theory	Why must the operating pressure and temperature stay below the solubility limit of the pump material to avoid chemical issues?
fluid_dynamics_and_pump_theory	How can galvanic corrosion be minimized when dissimilar metals are used in contact within the pump system?
fluid_dynamics_and_pump_theory	Why does the same mechanism that damages shaft seals also threaten other downstream components?
fluid_dynamics_and_turbine_design	how do hot-wire anemometry and particle image velocimetry help engineers visualize turbulence in secondary flow regions?
fluid_dynamics_and_turbine_design	what material properties allow turbine components to resist permanent deformation under high heat and mechanical stress?
fluid_dynamics_and_turbine_design	in what ways does thermal expansion of the blades lead to increased leakage losses and lower thermodynamic efficiency?
fluid_dynamics_and_turbine_design	how is the isentropic efficiency of a turbine calculated using pressure ratios and actual versus ideal work output?
fluid_dynamics_and_turbine_design	what forces are described by the Navier-Stokes equations when modeling the conservation of momentum in a fluid flow?
fluid_dynamics_in_chemical_reactors	What does the slope of the cumulative distribution function at the inflection point tell us about reactor dispersion?
fluid_dynamics_in_chemical_reactors	Which dimensionless numbers are essential for accurately predicting the interfacial area in multiphase chemical reactors?
fluid_dynamics_in_chemical_reactors	How does the variance of the RTD indicate the level of axial mixing within the system?
fluid_dynamics_in_chemical_reactors	Why do engineers often use the tanks-in-series model to represent the RTD function mathematically?
fluid_dynamics_in_chemical_reactors	What role does the Prandtl number play when correlating the Nusselt number with flow regime changes?
fluid_dynamics_in_micro_orifices	What computational burden does direct numerical simulation place on researchers studying flow through tiny holes?
fluid_dynamics_in_micro_orifices	How does the thermal slip coefficient influence the behavior of gases near solid surfaces in micro-channels?
fluid_dynamics_in_micro_orifices	Why must experimental setups for micro-PIV include special flow cells with transparent windows?
fluid_dynamics_in_micro_orifices	In what way do molecular interactions at the interface change the pressure drop across a micro-orifice?
fluid_dynamics_in_micro_orifices	Why are high numerical aperture objectives essential for capturing flow details in small-scale imaging?
fluid_dynamics	When does a simulation stop iterating because the values have stopped changing significantly?
fluid_dynamics	At what Reynolds number value does the flow change from smooth to chaotic?
fluid_dynamics	How are temperature and pressure related to density in fast-moving gas simulations?
fluid_dynamics	How does a laser measure how fast tiny droplets are moving through a fluid?
fluid_dynamics	What happens if the equations used for fluid flow don't include energy conservation?
fluid_mechanics	what determines if a fluid will transition from a smooth stream to a chaotic swirl?
fluid_mechanics	how does the Kutta condition influence the lift generated by an airfoil?
fluid_mechanics	where do researchers place the aircraft model during wind tunnel testing?
fluid_mechanics	why do predictions for fluid velocity fail when the motion changes over time?
fluid_mechanics	how do finite elements use polynomial functions to solve complex flow equations?
fluid_structure_interaction	why is the Strouhal number considered the most important parameter for predicting vortex shedding in fluid-structure interaction problems?
fluid_structure_interaction	how do kinematic boundary conditions ensure that fluid and solid velocities match at the interface?
fluid_structure_interaction	what role does the divergence of the stress tensor play in the structural equations of motion during fluid-structure coupling?
fluid_structure_interaction	why is high-order spatial discretization necessary for accurately capturing shock waves and vortices in coupled simulations?
fluid_structure_interaction	how does matching surface roughness and aspect ratio in scale models improve the fidelity of boundary layer predictions?
flux_balance_analysis	how does the steady state assumption affect the ability of flux balance analysis to model dynamic cellular changes?
flux_balance_analysis	why are chemical potentials expressed using logarithms of metabolite concentrations in this framework?
flux_balance_analysis	what limitations does the neglect of spatial compartmentalization introduce into flux balance analysis predictions?
flux_balance_analysis	how does the convex polyhedral cone structure help in identifying feasible metabolic flux solutions?
flux_variability_analysis	How does using gene expression data help refine the predicted flux ranges for reactions in a metabolic model?
flux_variability_analysis	What role does thermodynamic feasibility play in determining the allowable direction of reactions within a flux variability analysis?
flux_variability_analysis	Why might reactions that show zero flux variability be considered redundant in a given biological context?
flux_variability_analysis	How can sensitivity analysis be used to pinpoint which constraints have the most impact on the overall solution space?
flux_variability_analysis	In what way can targeting highly variable reactions contribute to the design of more resilient metabolic pathways?
forbidden_minor_theory	what are the deletion and contraction operations that modify circuit structure in matroids?
forbidden_minor_theory	how does the absence of certain minors relate to bounded treewidth or branchwidth?
forbidden_minor_theory	why does total unimodularity ensure integer solutions in matroid optimization?
forbidden_minor_theory	which two specific graphs characterize non-planar graphs as minors?
forbidden_minor_theory	what role does excluded minor theory play in algorithmic approaches for field representability?
force_distribution_monitoring	how do the strain gauges on a load cell actually work?
force_distribution_monitoring	what determines which load is dominant in real time?
force_distribution_monitoring	how does the system fix calibration drift on its own?
force_distribution_monitoring	should I be checking my mounting hardware for fatigue?
force_distribution_monitoring	how often do I need to replace my sensors?
force_torque_sensing	What role do parasitic compliance elements play in reducing force-torque sensor accuracy?
force_torque_sensing	How does piezoelectric transduction convert mechanical stress into electrical signals?
force_torque_sensing	Why are corrosion-resistant alloys important for sensor housings in harsh environments?
force_torque_sensing	What methods are used to compensate for gain drift in force-torque sensors?
force_torque_sensing	How do on-chip calibration algorithms help maintain measurement accuracy?
forest_inventory_measurement	How can combining multiple satellite constellations enhance the accuracy of positioning data collected during field surveys?
forest_inventory_measurement	What are the potential drawbacks when applying species-specific growth models to stands that differ significantly from the training data?
forest_inventory_measurement	How does dividing a forest into strata of similar characteristics help reduce the variability in biomass estimates?
forest_inventory_measurement	Why is it difficult to validate remote sensing predictions by comparing them directly with ground-based plot measurements?
forest_inventory_measurement	What role do ground truth plots play in assessing the quality of data generated by aerial or satellite imagery?
forfeiture_and_land_seizure_procedures	what happens to the property if it is linked to a crime?
forfeiture_and_land_seizure_procedures	who decides the rules for joint forfeiture operations?
forfeiture_and_land_seizure_procedures	is there a limit on how long you have to appeal a forfeiture decision?
forfeiture_and_land_seizure_procedures	what standard of proof must the government meet in criminal cases?
forfeiture_and_land_seizure_procedures	does the specific law affect whether you can appeal an administrative seizure?
forging_process_engineering	what role does grain alignment play in improving the fatigue life of forged components?
forging_process_engineering	how can predictive control systems account for differences between raw material batches?
forging_process_engineering	why is it important to check that the press ram moves freely before starting a forging cycle?
forging_process_engineering	what steps should be taken if the seals on the cylinder or rod show signs of wear?
forging_process_engineering	how long should the workpiece be held at temperature to ensure it heats evenly?
formal_language_theory	What distinguishes an LR(0) grammar from an LALR(1) grammar in terms of conflict resolution?
formal_language_theory	How does the Chomsky hierarchy categorize grammars based on their generative power?
formal_language_theory	Why is the minimal DFA considered the most efficient state-based representation for a regular language?
formal_language_theory	Can you explain the role of linear bounded automata in recognizing context-sensitive languages?
formal_language_theory	What impact does the homomorphism of regular languages have on the design of lexical analyzers?
fortification_construction_techniques	why do engineers place holes at regular intervals up the side of the wall?
fortification_construction_techniques	what is the ideal plasticity index for soil used in the core of the fortification?
fortification_construction_techniques	how do I secure the vertical stakes for the palisade properly?
fortification_construction_techniques	what is the recommended angle range for bastion faces to optimize both fire and stability?
fortification_construction_techniques	should I build an earthwork wall next to the palisade for extra protection?
foundation_drainage_systems	should my subgrade surface be perfectly smooth before I start digging?
foundation_drainage_systems	how do I figure out the right distance between holes in the pipe for my specific soil type?
foundation_drainage_systems	is there a minimum thickness I need for the filter fabric I'm using?
foundation_drainage_systems	can I use PVC pipes instead of corrugated polyethylene in my drainage system?
foundation_drainage_systems	what does astm c1524 say about which materials are allowed for pipe installation?
foundation_engineering	Do non-destructive tests really detect hidden cracks in concrete piles before construction begins?
foundation_engineering	Can you explain how engineers use ultimate limit states to make sure a foundation won’t collapse under heavy loads?
foundation_engineering	Why is it important to maintain drainage systems around foundations to avoid hydrostatic pressure issues?
foundation_engineering	What kind of final inspections do builders perform to prove that a foundation meets safety regulations?
foundation_engineering	How do engineers know that a deep pile foundation can handle high shear strength at greater depths?
foundation_settlement_prediction	How do engineers ensure their settlement models match real-world conditions using multi-axial data?
foundation_settlement_prediction	What is the impact of increasing the speed of load application on total foundation settlement?
foundation_settlement_prediction	Why is it important to distinguish between vertical and horizontal compressibility in thick clay layers?
foundation_settlement_prediction	How is differential settlement calculated across the foundation footprint?
foundation_settlement_prediction	What role do boreholes and soil testing play in characterizing soil for settlement prediction?
foundation_waterproofing	how do overlapping seams help manage water around foundation penetrations?
foundation_waterproofing	what role do diisocyanates play in strengthening waterproofing segments?
foundation_waterproofing	why is it important to monitor pressure while injecting foundation cracks?
foundation_waterproofing	how does keeping the membrane in contact with drainage prevent water pooling?
foundation_waterproofing	what method ensures geotextile edges stay in place during soil settling?
fourier_analysis	what does the uncertainty principle say about localizing a signal in both time and frequency domains?
fourier_analysis	how does the phase of a fourier transform affect the shape of a reconstructed signal?
fourier_analysis	why does the fast fourier transform rely on the properties of complex exponentials?
fourier_analysis	what happens to the accuracy of a fourier series near sharp jumps or discontinuities?
fourier_analysis	how does the convolution theorem simplify the analysis of linear systems?
fourier_optics	What role does the paraxial approximation play in simplifying the description of light propagation?
fourier_optics	How can the inverse Fourier transform be used to determine the field distribution after propagation?
fourier_optics	Why is the incoherent optical transfer function guaranteed to be real and non-negative?
fourier_optics	How does the Gerchberg-Saxton algorithm use the separation of amplitude and phase to reconstruct an optical field?
fourier_optics	What information does the support constraint provide that helps resolve the phase ambiguity in Fourier optics?
fracture_mechanics_analysis	how does the Paris law model fatigue crack growth rates?
fracture_mechanics_analysis	what happens to the elastic singularity assumption when large plastic zones form?
fracture_mechanics_analysis	how do compressive residual stresses affect the initiation of cracks?
fracture_mechanics_analysis	what is the maximum principal stress criterion for predicting crack propagation?
fracture_mechanics_analysis	how does the mode i stress intensity factor describe the tensile stress field at the crack tip?
fracture_mechanics_and_crack_propagation_modeling	How does the superposition of applied and residual stress fields dictate the final crack path?
fracture_mechanics_and_crack_propagation_modeling	What assumption does the framework make about the size of the plastic zone relative to the crack?
fracture_mechanics_and_crack_propagation_modeling	How is the critical energy release rate defined in the context of creating new fracture surfaces?
fracture_mechanics_and_crack_propagation_modeling	Why are explicit time integration schemes necessary when inertia dominates the crack tip field?
fracture_mechanics_and_crack_propagation_modeling	In what way do viscoplastic constitutive laws account for strain rate sensitivity in fracture modeling?
fresnel_reflection_theory	how do anti-reflective coatings work to reduce glare on camera lenses?
fresnel_reflection_theory	what role does destructive interference play in thin-film optical coatings?
fresnel_reflection_theory	why do dielectric mirrors use alternating layers of high and low refractive index materials?
fresnel_reflection_theory	how does the phase shift of a reflected wave change when it moves from a higher to a lower refractive index medium?
fresnel_reflection_theory	can you explain the boundary conditions used to derive Fresnel reflection equations?
fringe_contrast_optimization	what happens to the visibility of the interference bands if the light isn't perfectly aligned in polarization?
fringe_contrast_optimization	can I use a spatial filter to improve the clarity of the pattern?
fringe_contrast_optimization	does the amount of mechanical shaking in the setup ruin the interference effect?
fringe_contrast_optimization	how much spectral width can I tolerate before the fringes disappear at long distances?
fringe_contrast_optimization	is there a way to suppress unwanted diffraction orders to get a cleaner interference signal?
froude_number_calculation	What does a Froude number of exactly one indicate about the flow state in a channel?
froude_number_calculation	How is the average cross-sectional velocity defined for open-channel flow applications?
froude_number_calculation	When can the Froude number be used as a similarity criterion for hydraulic structures?
froude_number_calculation	Under what conditions regarding the Rossby number is the Froude number applicable in rotating systems?
froude_number_calculation	When is the Froude number considered valid for analyzing open channel flows based on its value?
fuel_limited_fire_intensity_analysis	What happens to the chemical kinetics when the Damköhler number is low?
fuel_limited_fire_intensity_analysis	How is the temperature change linked to how fast the fuel is used up?
fuel_limited_fire_intensity_analysis	Does a stronger flame release more heat through radiation and convection?
fuel_limited_fire_intensity_analysis	How do the gases released during burning affect the total energy in the system?
fuel_limited_fire_intensity_analysis	Why do dry patches in a mixed landscape help start spot fires?
full_field_strain_measurement	how does the illumination angle influence the direction of strain sensitivity in a digital moiré interferometry setup?
full_field_strain_measurement	what happens when the phase values exceed the linear range in digital moiré interferometry?
full_field_strain_measurement	why is resolving the 2π ambiguity necessary to get accurate absolute phase results?
full_field_strain_measurement	how do regularization techniques help stabilize the inverse problem in strain analysis?
full_field_strain_measurement	can digital image correlation be effectively used for dynamic loading experiments?
full_offset_seismic_imaging	how does linearizing the wave equation around a reference model separate the total field into background and perturbation components?
full_offset_seismic_imaging	why does computing the adjoint wavefield directly double the memory requirement for the simulation?
full_offset_seismic_imaging	how do L2 and L1 regularization norms affect the trade-off between data fidelity and model smoothness or sparsity?
full_offset_seismic_imaging	what makes the multi-frequency inversion strategy effective at avoiding local minima in velocity model recovery?
full_offset_seismic_imaging	how does grid interpolation convert irregularly sampled seismic data into a format suitable for numerical solvers?
full_waveform_inversion	what role does domain decomposition play in enabling parallel processing for large-scale 3D full waveform inversion?
full_waveform_inversion	why are distributed memory systems preferred over others when running full waveform inversion on massive datasets?
full_waveform_inversion	how does using low frequencies first in multi-scale inversion help create a better starting model?
full_waveform_inversion	what does it mean for a cross-correlation to be calculated across the full time window and spatial domain?
full_waveform_inversion	how does the regularization strategy keep the inversion problem well-posed and numerically stable?
fulling_and_mechanical_agitation	how does increased shear force contribute to stronger felt formation?
fulling_and_mechanical_agitation	what is the purpose of washing the material after the beating stage?
fulling_and_mechanical_agitation	why should you monitor the pH level during the fulling process?
fulling_and_mechanical_agitation	how does friction-induced heat help soften the wool cuticle?
fulling_and_mechanical_agitation	what is the effect of uniform shear stress on fiber diameter consistency?
fulling_and_stretching_operations	how is the initial tension adjusted to prevent damage to the fabric?
fulling_and_stretching_operations	what equipment is used to test the tensile strength of the material?
fulling_and_stretching_operations	how often should the stretching mechanisms be calibrated for accuracy?
fulling_and_stretching_operations	which tool is used to verify the color uniformity of the fabric?
fungal_pathogen_management_in_high_humidity_environments	what role does hydrophobicity play in how fungal pathogens absorb fungicides?
fungal_pathogen_management_in_high_humidity_environments	how does oxidative stability help protect active ingredients from fungal metabolism?
fungal_pathogen_management_in_high_humidity_environments	why is it important to install hygrometers at different vertical levels?
fungal_pathogen_management_in_high_humidity_environments	what should condensate drainage systems be designed to prevent in controlled environments?
fungal_pathogen_management_in_high_humidity_environments	how does high humidity affect the effectiveness of volatile fungicides?
furnace_atmosphere_control	how does the continuous compensation process adjust during the temperature ramping phase?
furnace_atmosphere_control	what role do thermocouples play in the calculation of chemical potential within the furnace?
furnace_atmosphere_control	how does the controller determine the correct flow rates for oxidizing gases like oxygen and nitrogen?
furnace_atmosphere_control	what happens automatically if the hydrogen concentration surpasses the established safety limits?
furnace_atmosphere_control	why is proper ventilation essential for preventing stagnant gas buildup inside the furnace?
gene_protein_reaction_mapping	How does the Gene Ontology system help standardize the names of genes and proteins?
gene_protein_reaction_mapping	What role do phylogenetic profiles play in figuring out what a gene does?
gene_protein_reaction_mapping	Why is it important to know the exact stoichiometry of subunits in a multi-enzyme complex?
gene_protein_reaction_mapping	How do small molecules in a ligand-binding pocket actually change how an enzyme works?
gene_protein_reaction_mapping	What kind of modifications does a protein undergo after being translated from mRNA to become functional?
geodetic_surveying	What is the role of modulated laser beams in electronic distance measurement systems?
geodetic_surveying	How is the adjustment process carried out using observation equations?
geodetic_surveying	What parameters are included in an affine transformation for geodetic calculations?
geodetic_surveying	How can atmospheric refraction errors be minimized during geodetic surveys?
geodetic_surveying	What models are used to apply tidal corrections to geodetic data?
geographic_information_systems	why are log-scale algorithms important for processing large geographic datasets?
geographic_information_systems	how can raster models be used to model continuous environmental data?
geographic_information_systems	what steps should be taken to handle errors during data ingestion?
geographic_information_systems	which coordinate systems should be assigned to datasets to improve metadata quality?
geographic_information_systems	how do version control systems support reproducibility in gis workflows?
geology_and_mineral_prospecting	How can satellite data help identify areas with hidden mineral deposits?
geology_and_mineral_prospecting	What causes the specific mix of copper and molybdenum in magmatic deposits?
geology_and_mineral_prospecting	Why do fault-controlled ore bodies show distinct chemical zones along their length?
geology_and_mineral_prospecting	How does the boiling of underground fluids lead to the formation of sulfide ores?
geology_and_mineral_prospecting	Where can I find guidelines for best practices in ore exploration and reporting?
geomechanics	How does high pore fluid pressure affect the safety margin against shear failure in critical soil planes?
geomechanics	What are the main variables needed to calculate earth pressure distribution in a slope or wall?
geomechanics	How does the Mohr-Coulomb model define the failure strength of soil and rock materials?
geomechanics	In what ways do chemical weathering processes change the mineral makeup of geotechnical materials?
geomechanics	How do modeling approaches help limit parameter uncertainty in predictive geomechanical simulations?
geometric_algebra	How do bivectors relate to rotations in three-dimensional space?
geometric_algebra	Why is the scalar unit identified with the origin in geometric algebra?
geometric_algebra	How are rotors derived from bivectors using exponentials?
geometric_algebra	What makes the algebraic expressions in geometric algebra so compact?
geometric_algebra	How does this compactness help in deriving conservation laws?
geometric_mesh_simplification	How do algorithms prevent self-intersections during the mesh decimation process?
geometric_mesh_simplification	What is the primary memory bottleneck when running greedy quadric error metric simplification?
geometric_mesh_simplification	How does the vertex normal influence the calculation of the error metric matrix?
geometric_mesh_simplification	What role does maximum error tolerance play in limiting the degree of simplification?
geometric_mesh_simplification	How does the algorithm balance memory usage with the size of the input mesh?
geometric_metrology	what role does phase shift play in optical interferometry for dimensional measurement?
geometric_metrology	how does the control software adjust for machine movement inaccuracies during testing?
geometric_metrology	what does it mean when a system automatically detects features that fall outside specification limits?
geometric_metrology	why do manufacturers rely on standardized test specimens like spheres and cylinders for validation?
geometric_metrology	which protocol ensures that coordinate measuring machines maintain their accuracy over time?
geometric_processing	Why do point clouds lack connectivity information compared to structured mesh data?
geometric_processing	How can I use vertex degrees and edge lengths to estimate curvature on a discrete mesh?
geometric_processing	What role do signed distance fields play in managing topological changes during shape morphing?
geometric_processing	How can I enforce symmetry constraints to ensure physical plausibility in a mesh structure?
geometric_processing	What geometric quality metrics help prevent degenerate geometries during mesh operations?
geophysical_data_inversion	How do I decide which optimization algorithm is best for my specific geophysical inversion problem?
geophysical_data_inversion	What kind of prior information should I include when setting up a Bayesian inversion model?
geophysical_data_inversion	How can I use gravity data to map out the density of rocks beneath the Earth's surface?
geophysical_data_inversion	What should I do to check if my inversion results are actually trustworthy and not just fitting noise?
geophysical_data_inversion	How do I find out how much detail my model can realistically resolve based on the data I have?
geophysical_exploration_method_selection	Which geophysical method is best suited for determining the thickness of sedimentary layers above bedrock?
geophysical_exploration_method_selection	What are the main reasons why active-source seismic systems use controlled energy sources like vibroseis units?
geophysical_exploration_method_selection	How does the conductivity of the ground affect the depth that electromagnetic signals can penetrate?
geophysical_exploration_method_selection	Why must inversion algorithms for seismic data use iterative linearized schemes instead of direct approaches?
geophysical_exploration_method_selection	What kind of regularization operators are typically applied to seismic data to achieve high spatial resolution?
geophysical_exploration	how does the density of spatial sampling influence the trade-off between data volume and computational cost?
geophysical_exploration	what role do towed vessels play in deploying airgun sources for seismic surveys?
geophysical_exploration	how does the migration process help create focused subsurface images from seismic data?
geophysical_exploration	why can seismic data image velocity contrasts but not uniquely determine lithology?
geophysical_exploration	what challenges arise when inverting multiple seismic datasets at the same time?
geophysical_inversion_methods	Why might using L1 or total variation regularization introduce unwanted artifacts into the resulting model?
geophysical_inversion_methods	What steps are involved in validating an inverted model using independent geological data?
geophysical_inversion_methods	How does a multi-scale inversion strategy help in avoiding local minima during the optimization process?
geophysical_inversion_methods	What is the specific function of the forward modeling operator in relating model parameters to observed data?
geophysical_inversion_methods	Why is it important to calibrate the regularization parameter when choosing high-resolution inversion methods?
geophysical_signal_processing	How does the diffuse nature of ambient noise influence the accuracy of recovered Green's functions in seismic imaging?
geophysical_signal_processing	Why is mass lumping considered essential for maintaining numerical stability in spectral element method simulations?
geophysical_signal_processing	What determines the upper frequency limit that can be resolved when processing virtual seismograms from noise data?
geophysical_signal_processing	How do de-attenuation algorithms adjust the amplitude of seismic signals to account for energy loss in the subsurface?
geophysical_signal_processing	Why is the stationary assumption critical for the successful application of ambient noise cross-correlation techniques?
geophysical_surveying	Do geophysical surveys require special equipment to account for changes in ground conditions over time?
geophysical_surveying	How long does it take to process and interpret the data collected during a survey?
geophysical_surveying	What kind of information is stored in the metadata for geophysical survey data?
geophysical_surveying	Can geophysicists determine the shape of underground structures using the data they collect?
geophysical_surveying	What happens to the accuracy of a survey if the calibration of the instruments is not maintained?
geophysics	How do survey engineers reduce interference from nearby buildings or roads?
geophysics	Which mathematical norm should be selected to get a smooth subsurface model?
geophysics	Why is seismic velocity useful for estimating pore pressure?
geophysics	How does well log data help determine rock type and fluid content?
geophysics	What makes rock physics modeling necessary when dealing with anisotropic formations?
geospatial_database_systems	What is the role of minimum bounding rectangles in how R-tree implementations organize spatial data?
geospatial_database_systems	How do geodetic datums help account for tectonic plate movements within coordinate reference systems?
geospatial_database_systems	Why is explicit adjacency preferred over coordinate proximity when enforcing topology in geospatial databases?
geospatial_database_systems	What kind of dynamic attributes does attribute-based access control evaluate to determine query authorization?
geospatial_database_systems	What types of provenance information are typically stored in metadata schemas for geospatial features?
geostatistical_modeling	How does kriging determine the best weights for predicting values at unsampled locations?
geostatistical_modeling	Why do we need to minimize the variance of prediction error in spatial modeling?
geostatistical_modeling	What role does spatial autocorrelation play in defining how covariance changes with distance?
geostatistical_modeling	How can non-stationary data be made compatible with standard geostatistical assumptions?
geostatistical_modeling	Why is mean absolute error considered a reliable metric for evaluating prediction accuracy?
geostatistics	how small should grid spacing be relative to the correlation range to prevent aliasing in spatial simulations?
geostatistics	where do we get the initial measurements before starting variogram analysis?
geostatistics	what exactly is the variogram function measuring when calculating differences between two points?
geostatistics	when should we use conditional simulation instead of deterministic methods?
geostatistics	how do hybrid models merge physical geostatistical principles with deep learning?
geotechnical_engineering	Why does effective stress matter more than total stress when predicting the shear strength of saturated clay?
geotechnical_engineering	How do engineers decide which sampling technique to use based on the specific soil conditions encountered on site?
geotechnical_engineering	What role does particle size distribution play in determining how granular soils will behave under engineering loads?
geotechnical_engineering	How is the factor of safety against penetration calculated to ensure shallow foundations do not settle excessively?
geotechnical_engineering	What specific properties are typically measured in rock samples to assess their structural integrity and fracture patterns?
geotechnical_soil_mechanics	How long should I wait for the sample to settle before I consider the consolidation process complete?
geotechnical_soil_mechanics	Why can't I rely on this theory when working with highly compressible soils?
geotechnical_soil_mechanics	What role does the shape of the assumed failure surface play in calculating the factor of safety?
geotechnical_soil_mechanics	How do I determine if the resisting shear strength of the soil is sufficient to prevent slope failure?
geotechnical_soil_mechanics	Which mathematical functions are typically used to solve the consolidation equation?
glass_ceramic_manufacturing	What role does the match between crystalline and glassy parts play in preventing internal stress in glass ceramics?
glass_ceramic_manufacturing	How can I control the grain size to make sure it stays uniform throughout the material?
glass_ceramic_manufacturing	Why might heating the glass ceramic for too long cause it to warp or distort?
glass_ceramic_manufacturing	What is the relationship between cooling speed and the formation of cracks in the finished piece?
glass_ceramic_manufacturing	How does the sintering process help reduce porosity in the glass ceramic?
glass_forming_and_annealing	what causes striae to appear on the surface of cooled glass sheets?
glass_forming_and_annealing	why is it essential to center the glass on the lehr before starting the annealing process?
glass_forming_and_annealing	how does the relaxation time of a glass determine its required cooling rate?
glass_forming_and_annealing	what role does preheating play in ensuring an even temperature across the glass workpiece?
glass_forming_and_annealing	can I adjust the cooling rate to minimize thermal stress within the glass?
glassblowing_and_kiln_operations	what type of extinguisher is recommended for kiln safety near glass operations?
glassblowing_and_kiln_operations	how should I calibrate my kiln temperature gauges on a monthly basis?
glassblowing_and_kiln_operations	what distinguishes borosilicate glass in terms of thermal expansion compared to soda-lime?
glassblowing_and_kiln_operations	why is the gatherer rolling the pipe on the marver important for shaping the glass?
glassblowing_and_kiln_operations	what temperature range is typically used during the initial molding phase of glass?
glaze_chemistry_and_formulation	how does boron affect the melting behavior of a glaze?
glaze_chemistry_and_formulation	why does adjusting the silica level change how hot my glaze needs to be?
glaze_chemistry_and_formulation	what happens to the color when the kiln doesn't have enough oxygen?
glaze_chemistry_and_formulation	how can I make my glaze melt smoother at lower temperatures?
glaze_chemistry_and_formulation	what does it mean for a glaze to vitrify during cooling?
glaze_melt_analysis_and_phase_equilibria	how does the liquidus temperature influence the cooling process in borosilicate systems?
glaze_melt_analysis_and_phase_equilibria	what role does thermal diffusivity play in establishing thermal gradients during glass cooling?
glaze_melt_analysis_and_phase_equilibria	how are recipe proportions for silica and fluxes typically documented in glaze formulations?
glaze_melt_analysis_and_phase_equilibria	what quality attributes are monitored using statistical process control charts during production?
glaze_melt_analysis_and_phase_equilibria	why does non-ideal mixing behavior matter in silicate glass-forming systems?
glue_up_assembly_and_clamping	what happens if I don't release the pressure before I try to take the clamps apart for cleaning?
glue_up_assembly_and_clamping	do I need to wear special gear when I'm using prying tools to separate parts that are stuck together?
glue_up_assembly_and_clamping	can I trust the numbers on the digital screen to tell me if my parts are lined up correctly?
glue_up_assembly_and_clamping	if I use a lot of adhesive, will the reaction get too hot and hurt the material?
glue_up_assembly_and_clamping	how can I tell if the glue has soaked deep enough into the material when it's clear?
grain_boundary_engineering	what role does recrystallization play in driving the nucleation of Σ3 boundaries?
grain_boundary_engineering	how do solute atoms influence the structure and formation of grain boundaries?
grain_boundary_engineering	why are coherent twin boundaries more energetically favorable than random high-angle boundaries?
grain_boundary_engineering	what technique can be used to map atomic concentration profiles at grain boundaries in three dimensions?
grain_boundary_engineering	how do multiscale modeling frameworks connect atomistic data to continuum phase-field simulations?
grain_boundary_segregation_dynamics	how does grain boundary segregation influence the kinetics of grain growth?
grain_boundary_segregation_dynamics	what role does structural disorder play in determining solute segregation capacity?
grain_boundary_segregation_dynamics	how does the pinning effect contribute to long-term microstructural stability?
grain_boundary_segregation_dynamics	can the critical nucleus size for precipitation be controlled by strain fields?
grain_boundary_segregation_dynamics	in what ways does competition at the interface shift solute equilibrium concentrations?
grain_structure_analysis	How does the cooling rate affect the final grain size of a metal alloy?
grain_structure_analysis	What is the Von Mises distribution and why is it used for fiber textures?
grain_structure_analysis	How do low Σ CSL special grain boundaries help prevent corrosion?
grain_structure_analysis	In what way does grain boundary plane orientation influence creep behavior?
grain_structure_analysis	Why does a finer grain structure generally lead to higher material strength?
graph_subdivision_and_contraction	what happens to the genus of a graph when you contract edges on a surface?
graph_subdivision_and_contraction	how does an adjacency list change when you merge two vertices?
graph_subdivision_and_contraction	why would you want to add extra vertices along an edge in a communication network?
graph_subdivision_and_contraction	how do self-loops form on a supernode after contraction?
graph_subdivision_and_contraction	what kind of information do subdivision steps capture that the original graph doesn't?
graph_traversal_pathfinding	what determines when a search algorithm stops expanding nodes in a graph?
graph_traversal_pathfinding	how does using a priority queue improve efficiency in finding the shortest path?
graph_traversal_pathfinding	why does reversing the path matter after reconstruction in pathfinding algorithms?
graph_traversal_pathfinding	what impact does the graph representation, like an adjacency matrix, have on search performance?
graph_traversal_pathfinding	how does halving the search depth reduce the number of states that need to be explored?
gravimetry_and_geodesy	how are Euler angles used in gravity measurements?
gravimetry_and_geodesy	what causes seasonal gravity variations on continents?
gravimetry_and_geodesy	how is a gravimeter calibrated using a reference standard?
gravimetry_and_geodesy	what is the role of relative gravimeters in comparing locations?
gravimetry_and_geodesy	how is the gravity signal derived from satellite range rate data?
gravity_and_magnetic_survey_calibration	how do you ensure the site you choose for a gravity survey has stable bedrock and is free from magnetic anomalies?
gravity_and_magnetic_survey_calibration	what is the required precision for the local gravity value when you are setting up the reference field?
gravity_and_magnetic_survey_calibration	how do Stokes coefficients help you convert gravity anomalies into geoid height measurements?
gravity_and_magnetic_survey_calibration	why would you normalize your gravity data to Bouguer or free-air anomalies instead of leaving it raw?
gravity_and_magnetic_survey_calibration	should you aim for higher spatial resolution or greater depth penetration if you are looking for shallow mineral deposits?
green_infrastructure	how do engineered soil amendments help improve water infiltration in green infrastructure systems?
green_infrastructure	what depth of root zone is necessary for different types of green infrastructure to support plant life?
green_infrastructure	in what ways do sedimentation processes contribute to the removal of heavy metals from stormwater?
green_infrastructure	how is the effectiveness of urban heat island mitigation measured in green infrastructure projects?
green_infrastructure	what frequency and methods are used for monitoring canopy cover in green infrastructure?
green_s_function_theory	How do periodic boundary conditions affect the construction of a Green's function on a lattice?
green_s_function_theory	Why might a numerical solver use weak forms instead of directly integrating the singular delta function?
green_s_function_theory	In what way does the spectral representation connect the eigenvalues of an operator to the Green's function solution?
green_s_function_theory	How does the method of images ensure that the resulting potential satisfies the boundary conditions of a bounded domain?
green_s_function_theory	What specific techniques are used in finite element analysis to manage the singularity at the source point?
ground_penetrating_radar	What role does the complex permittivity of the soil matrix play in radar signal behavior?
ground_penetrating_radar	How do GPR systems comply with international radio regulations regarding frequency bands?
ground_penetrating_radar	What does the spectral separation technique help filter out in radar data?
ground_penetrating_radar	Why is there a trade-off between antenna frequency and spatial resolution?
ground_penetrating_radar	Which organization publishes the IEC 62305 standard for GPR systems?
guard_cell_ion_channel_modulation	How does abscisic acid interact with the KAT2 subunit to influence channel behavior?
guard_cell_ion_channel_modulation	What happens to stomatal function when the ELAC1 gene is removed?
guard_cell_ion_channel_modulation	Why would a drop in turgor pressure cause guard cells to open?
guard_cell_ion_channel_modulation	How does protein kinase C specifically target potassium channels for activation?
guard_cell_ion_channel_modulation	In what way does chloride ion release support the closing mechanism of stomata?
hand_plane_sharpening_and_honing	how do I keep my sharpening stone perfectly flat while honing my plane blade?
hand_plane_sharpening_and_honing	what kind of protectant works best for long-term rust resistance without affecting sharpening?
hand_plane_sharpening_and_honing	how do I make sure the blade stays parallel to the base during sharpening?
hand_plane_sharpening_and_honing	can I use wax-based protectants instead of oil for maintaining my plane blade?
hand_plane_sharpening_and_honing	why is a steeper blade angle better for cutting through hardwoods?
hand_tool_woodworking	What should I do if there's dust buildup on my hand tool before I start working on a piece?
hand_tool_woodworking	Can I use a jointer to fix a board that has a noticeable bow or twist in it?
hand_tool_woodworking	How thick should my chisel cuts be when I'm squaring up tenon cheeks?
hand_tool_woodworking	Is it normal for a tenon to feel tight when I'm testing it in the mortise?
hand_tool_woodworking	What are the signs that my blade or soleplate needs cleaning before the next use?
hardened_electrical_distribution_systems	how do I design an independent ground system for my backup generators during a main outage?
hardened_electrical_distribution_systems	why is it important to have duplicate control systems in my automation setup?
hardened_electrical_distribution_systems	what kind of protection do I need against both lightning and internal voltage spikes?
hardened_electrical_distribution_systems	how can I keep my SCADA network communications secure from eavesdropping?
hardened_electrical_distribution_systems	should I update the software on my electrical controllers even if they seem to work fine?
hardware_embedded	How can you reduce interrupt latency in an embedded system design?
hardware_embedded	What is the purpose of the clock line in SPI communication between devices?
hardware_embedded	Why does preemptive scheduling matter for real-time embedded applications?
hardware_embedded	How does a mutex contribute to priority inversion problems in embedded systems?
hardware_embedded	What external components must a microprocessor rely on for memory and input/output functions?
hash_index_collision_resolution	what makes a hash function produce a uniform distribution of keys?
hash_index_collision_resolution	does separate chaining really use less memory compared to open addressing?
hash_index_collision_resolution	how does tracking the load factor help keep a hash table efficient?
hash_index_collision_resolution	why do we need to keep hash functions consistent when we resize the table?
hash_index_collision_resolution	does separate chaining keep insertions at constant time on average?
hazardous_gas_detection_systems	How far apart should I space my gas sensors to avoid any blind spots in the coverage area?
hazardous_gas_detection_systems	What are Recommended Exposure Limits and how do they relate to my workplace safety standards?
hazardous_gas_detection_systems	How long does it take for an electrochemical sensor to respond after a gas is released?
hazardous_gas_detection_systems	How do gas detection systems communicate with other safety devices in my building?
hazardous_gas_detection_systems	What happens to the equipment in a hazardous zone when the gas concentration gets too high?
hazardous_materials_storage	how do I keep track of all the hazardous materials on my premises?
hazardous_materials_storage	do i need a physical wall between certain chemicals?
hazardous_materials_storage	what is the purpose of a secondary containment system?
hazardous_materials_storage	how should i handle inventory logs when a new shipment arrives?
hazardous_materials_storage	what does an emergency preparedness plan need to include?
hearing_conduct	what happens when positively charged ions enter the hair cells during sound processing?
hearing_conduct	how does the movement between the tectorial and basilar membranes help detect sound?
hearing_conduct	what causes drugs to build up inside the cochlea and affect hearing?
hearing_conduct	how can genetic changes lead to problems with the cochlea or auditory nerve?
hearing_conduct	where does the thalamus send auditory information after it receives it from the ears?
heat_exchanger_design	how to select working fluids and determine their thermophysical properties at the mean temperature?
heat_exchanger_design	how is the number of plates calculated for achieving the desired temperature approach?
heat_exchanger_design	what are the limits for the tube bundle diameter relative to the shell diameter?
heat_exchanger_design	how to account for constant temperature profiles of phase-changing fluids in design calculations?
heat_exchanger_design	how to ensure robust mechanical design against thermal expansion mismatches?
heat_transfer_analysis	how do I incorporate discrete resistive elements into a thermal network to represent contact resistance between dissimilar materials?
heat_transfer_analysis	what is the relationship between heat flux and the temperature drop across a physical contact interface due to contact resistance?
heat_transfer_analysis	how should the thickness of individual layers be optimized to balance thermal performance with cost and structural constraints?
heat_transfer_analysis	what processes determine the spectral intensity field within a participating medium in a heat transfer analysis?
heat_transfer_analysis	does the heat transfer method rely on a constant surface convection coefficient for its calculations?
heat_transfer_and_convection	how does the Prandtl number influence the effectiveness of natural convection in heat transfer?
heat_transfer_and_convection	why is the Grashof number used to characterize buoyancy-driven flow in convection problems?
heat_transfer_and_convection	what advantages does large eddy simulation offer over RANS for modeling transient compressibility effects?
heat_transfer_and_convection	why does the RANS method require extra transport equations for turbulent kinetic energy?
heat_transfer_and_convection	how does infrared thermography contribute to validating theoretical models of convective heat transfer?
heat_treatment_and_quenching_techniques	what happens to retained austenite if the metal is exposed to heat or mechanical shock after quenching?
heat_treatment_and_quenching_techniques	how does specific heat capacity affect the cooling rate of a quenching fluid?
heat_treatment_and_quenching_techniques	what is the relationship between the Mf temperature and the Ms temperature?
heat_treatment_and_quenching_techniques	why is it necessary to filter and skim the quenching fluid before reusing it?
heat_treatment_and_quenching_techniques	how does tempering work with quenching to optimize wear resistance and impact toughness?
heat_treatment_engineering	how can I prevent overhardening in my heat treatment process?
heat_treatment_engineering	what happens if ramp rates are not properly controlled during heating?
heat_treatment_engineering	which quenching media should I use for maximizing hardness and strength?
heat_treatment_engineering	how do third-party audits verify compliance with technical requirements?
heat_treatment_engineering	is it possible to avoid thermal shock by managing heating ramp rates?
heat_treatment_process_optimization	How can furnace geometry be adjusted to reduce thermal gradients during the heat treatment process?
heat_treatment_process_optimization	What role does local exhaust ventilation play in maintaining safety at quenching stations?
heat_treatment_process_optimization	In what ways can reducing manual handling improve overall cycle time efficiency?
heat_treatment_process_optimization	Why are periodic calibrations of measurement instruments important for quality assurance in heat treatment?
heat_treatment_process_optimization	What cooling methods are recommended for high-carbon steels to achieve high hardness without cracking?
hemodynamics	What role does vascular stiffness play in altering mean arterial pressure?
hemodynamics	How does increased venous return affect cardiac muscle stretch?
hemodynamics	What settings should I use on the Doppler to avoid signal distortion?
hemodynamics	How are flow, pressure, and vessel characteristics mathematically related in the arteries?
hemodynamics	What method is used to monitor arterial pressure in real time?
heterologous_expression_of_alkaloid_gene_clusters	How can researchers ensure that the transcriptional machinery of a host organism properly recognizes the promoter structures of an alkaloid gene cluster?
heterologous_expression_of_alkaloid_gene_clusters	Why is it beneficial to fuse P450 enzymes with their native electron transfer partners when producing alkaloids in foreign hosts?
heterologous_expression_of_alkaloid_gene_clusters	What role do low-copy-number vectors play in avoiding metabolic stress in host organisms expressing alkaloid gene clusters?
heterologous_expression_of_alkaloid_gene_clusters	Why might integrated single-copy loci be preferable to episomal plasmids for long-term fermentation processes?
heterologous_expression_of_alkaloid_gene_clusters	How does maintaining a steady elongation velocity across a transcript impact the overall decoding efficiency in heterologous systems?
hide_preparation	Why is maintaining a specific humidity level so important when drying hides?
hide_preparation	How do vegetable tans differ from chemical tanning methods in terms of processing time?
hide_preparation	What happens to the hide if the thickness isn’t kept uniform after scraping?
hide_preparation	How does moisture control affect the final product to prevent warping?
hide_preparation	What role does chromium trioxide play in stabilizing the hide’s collagen structure?
hide_trimming_and_leveling	what safety gear should I wear to stay safe while the rotating arm is in motion?
hide_trimming_and_leveling	how much time does it usually take to finish the trimming and leveling process?
hide_trimming_and_leveling	where is the best place in my workshop to set up the trimming machine for proper airflow?
hide_trimming_and_leveling	what happens to the excess hair and skin that falls off during the trimming phase?
hide_trimming_and_leveling	how can I tell if the hide has reached the right thickness for the next stage?
hierarchical_search_routing	what role do Raft or Paxos play in keeping the replicated index copies consistent?
hierarchical_search_routing	how does the system react when latency suddenly jumps in a specific subgraph?
hierarchical_search_routing	why are L1 cache hits preferred over L2 or L3 in the query routing algorithm?
hierarchical_search_routing	what metadata accompanies each sub-query to determine its routing destination and priority?
hierarchical_search_routing	how does write-through protocol affect the way cache invalidation works at the L1 level?
high_fire_glazing_techniques	what minerals should I include in my recipe to get a strong red or purple color in a high fire glaze?
high_fire_glazing_techniques	how can I stop my glaze from running off the bottom of the pot while it is firing in the kiln?
high_fire_glazing_techniques	why does the electric kiln atmosphere matter when I am designing a high fire glaze formula?
high_fire_glazing_techniques	what role do sodium and potassium play in controlling how much my glaze flows on the clay?
high_fire_glazing_techniques	how do I ensure my glaze materials will stay chemically stable in an oxidation environment?
high_performance_computing_architectures	What happens when an application runs across multiple NUMA nodes and accesses remote memory?
high_performance_computing_architectures	Why is cache partitioning important for maintaining performance consistency across different streaming multiprocessors?
high_performance_computing_architectures	How does hardware mapping impact the latency of memory operations in a multi-socket server environment?
high_performance_computing_architectures	Can you explain how SR-IOV ensures that virtual machines don't interfere with each other during heavy network traffic?
high_performance_computing_architectures	What is the difference between shared memory and distributed memory parallelism in the context of large-scale HPC jobs?
high_precision_linear_actuation_technologies	what materials are used to keep linear actuators from warping when they get hot?
high_precision_linear_actuation_technologies	how do engineers fix the wobble or backlash in high precision linear actuators?
high_precision_linear_actuation_technologies	why are piezoelectric actuators chosen for tasks that need nanometer-level accuracy?
high_precision_linear_actuation_technologies	what makes direct drive linear motors more expensive to install and maintain than traditional drives?
high_precision_linear_actuation_technologies	can you explain how bidirectional movements are used to map hysteresis loops for correction?
high_pressure_fluid_dynamics	What role do vapor pressure and surface tension play in how cavitation propagates under high pressure?
high_pressure_fluid_dynamics	How does the Rankine-Hugoniot jump condition help describe discontinuities in high pressure flow?
high_pressure_fluid_dynamics	Why are type K or type T thermocouples considered essential for mapping temperature in high-pressure zones?
high_pressure_fluid_dynamics	What makes capacitive pressure sensors suitable for capturing fast pressure changes in high-pressure systems?
high_pressure_fluid_dynamics	How do Volume of Fluid methods use a scalar field to track phase interfaces in these flows?
high_pressure_grinding_technology	what are the typical feed rates and particle sizes suitable for this type of grinding process?
high_pressure_grinding_technology	does the presence of additives like ball mill balls significantly affect the final powder quality?
high_pressure_grinding_technology	what are the common surface finishing techniques applied to the rolls to minimize friction and heat generation?
high_pressure_grinding_technology	how does the choice of roll material impact the overall efficiency and longevity of the high-pressure grinding system?
high_pressure_grinding_technology	can the process parameters be adjusted in real-time to compensate for variations in feed material composition?
high_pressure_nozzle_design	How do I determine the correct bolt tightening procedure for my nozzle flange assembly?
high_pressure_nozzle_design	Which factors influence the choice of gasket material in high-pressure applications?
high_pressure_nozzle_design	How does surface texture affect fluid flow characteristics inside the nozzle?
high_pressure_nozzle_design	What method should I use to assess the long-term structural integrity under cyclic loading?
high_pressure_nozzle_design	Why is erosion a primary concern for the exit section of a high-velocity nozzle?
high_temperature_material_design	How can I use machine learning to find new ceramic materials that resist oxidation at high temperatures?
high_temperature_material_design	Why does removing grain boundaries change how single-crystal alloys fail under heat?
high_temperature_material_design	What role does solute depletion play in weakening solid solution strengthening in alloys?
high_temperature_material_design	Can I create single-phase alloys to measure just the solid-solution strengthening effect?
high_temperature_material_design	How can I control grain size during processing without changing the shape of precipitates?
high_temperature_oxidation_resistance	How does mechanical stress affect the durability of the protective oxide layer?
high_temperature_oxidation_resistance	What role does electrical conductivity play in the oxidation process of high-temperature materials?
high_temperature_oxidation_resistance	Why is it important to avoid alloying elements that form volatile oxides?
high_temperature_oxidation_resistance	What structural property helps prevent damage when a material is subjected to intense heat?
high_temperature_oxidation_resistance	How does the movement of ions through the oxide scale influence its protective effectiveness?
high_voltage_engineering	how can surface coatings be used to reduce corona discharge in high voltage systems?
high_voltage_engineering	what role does environmental pollution play in determining the coefficient K for high voltage equipment?
high_voltage_engineering	which physical processes are responsible for the breakdown of polymer insulators in high voltage applications?
high_voltage_engineering	why is a test duration of at least one minute necessary when measuring leakage currents?
high_voltage_engineering	how do temperature differences between connected parts affect the reliability of high voltage components?
historical_architecture_and_spatial_organization	How do moisture levels affect the longevity of old wooden buildings?
historical_architecture_and_spatial_organization	What methods allow walls to have openings without weakening the structure?
historical_architecture_and_spatial_organization	Why do some architects use identical designs to influence societal behavior?
historical_architecture_and_spatial_organization	What ethical principles guide the restoration of historic buildings?
historical_architecture_and_spatial_organization	Why must current conditions be recorded before any changes are made to old structures?
historical_evidence_authentication	Do experts look for signs of natural wear and tear to confirm a document’s authenticity?
historical_evidence_authentication	How does tracking ownership history through archives help prove an artifact’s origin?
historical_evidence_authentication	What specific materials should conservators use when handling fragile historical papers?
historical_evidence_authentication	Why is it important to record a document’s condition and analysis history during each handover?
historical_evidence_authentication	Can light exposure help researchers date when a manuscript was first created?
homage_and_fealty_rituals	Which specific types of blades are commonly used in different regions for the homage ceremony?
homage_and_fealty_rituals	How does the formal acknowledgment between the two parties mark the end of the ritual?
homage_and_fealty_rituals	In what ways do the physical gestures performed during the oath differ depending on the local laws?
homage_and_fealty_rituals	Can a vassal keep their lands after the ceremony if the oath is not properly concluded?
homage_and_fealty_rituals	What are the legal consequences that come with the verbal renunciation of loyalty?
homomorphic_encryption	how does the tensor product structure support native multiplication of ciphertexts in the GSW encoding scheme?
homomorphic_encryption	what is the bootstrapping operation and how does it preserve arbitrary circuit evaluation by restoring ciphertexts?
homomorphic_encryption	which lattice reduction algorithms are commonly used in known attacks against homomorphic encryption schemes?
homomorphic_encryption	how do permutation operations manipulate data across slots in the Ring Learning With Errors scheme?
homomorphic_encryption	how does a precomputed key-switching key enable arbitrary reordering of slots during homomorphic operations?
hot_gas_exhaust_mass_flow_rate	How does the nozzle exit area affect the maximum theoretical mass flow rate?
hot_gas_exhaust_mass_flow_rate	What is the correct procedure for calibrating pressure transducers in high-temperature applications?
hot_gas_exhaust_mass_flow_rate	Why does boundary layer separation in nozzles reduce effective mass flow?
hot_gas_exhaust_mass_flow_rate	How do CFD models like RANS or LES help predict flow behavior in exhaust systems?
hot_gas_exhaust_mass_flow_rate	What role does the specific heat ratio play in establishing the critical pressure ratio for choked flow?
human_robot_interaction	What role does natural language processing play in helping robots accurately interpret spoken or written human commands?
human_robot_interaction	How can robots adjust their level of autonomy when faced with more complex environments or changing task requirements?
human_robot_interaction	Why are Bayesian inference methods used in robots to keep their internal state estimates reliable even when sensor data is noisy?
human_robot_interaction	What specific design features help users build trust in robots by making their decision-making processes understandable?
human_robot_interaction	How do privacy-focused strategies like data minimization and on-device processing protect sensitive information from domestic or industrial robots?
hundred_court_jurisprudence	How did the use of local juries in assize cases influence the fairness of judicial decisions?
hundred_court_jurisprudence	In what ways does the transparency of court proceedings help prevent corruption among judges?
hundred_court_jurisprudence	Why did the approach to interpreting statutes shift from a literal to a purposive method over time?
hundred_court_jurisprudence	What role did community members play in the historical operation of the Hundred Court?
hundred_court_jurisprudence	How are public records maintained for cases that are open to the public?
hydraulic_engineering_and_pipe_network_design	How does a change in pipe diameter affect flow resistance in laminar versus turbulent conditions?
hydraulic_engineering_and_pipe_network_design	What mathematical relationship links head loss to the flow rate in pipe network models?
hydraulic_engineering_and_pipe_network_design	How do pump stations influence the energy balance within a hydraulic system?
hydraulic_engineering_and_pipe_network_design	What role does the square of velocity play in the Darcy-Weisbach equation for head loss?
hydraulic_engineering_and_pipe_network_design	Why is it important to document calibration procedures when designing pipe networks?
hydraulic_jump_analysis	how does the length of the hydraulic jump change if the channel bed slope is steeper?
hydraulic_jump_analysis	what causes the swirling motion inside the recirculation zone after the jump?
hydraulic_jump_analysis	why is the water depth downstream always deeper than upstream according to the specific energy diagram?
hydraulic_jump_analysis	how do varying depth and velocity profiles affect the momentum equation for non-uniform flow?
hydraulic_jump_analysis	how is the specific energy calculated based on the channel's average depth?
hydraulic_modeling_and_network_simulation	How do valve coefficients influence the overall behavior of a hydraulic network?
hydraulic_modeling_and_network_simulation	Why do finite element methods use piecewise polynomial basis functions for modeling?
hydraulic_modeling_and_network_simulation	What are the limitations of using steady-state simulations for predicting flow dynamics?
hydraulic_modeling_and_network_simulation	How does the momentum equation relate to the forces acting within a fluid?
hydraulic_modeling_and_network_simulation	In what scenarios would steady-state models fall short compared to dynamic simulations?
hydraulic_modeling	how do uncertainty quantification methods affect the trustworthiness of hydraulic model results?
hydraulic_modeling	what role does friction play in the momentum equation for open channel flow?
hydraulic_modeling	why does first-order upwinding cause problems with wave front accuracy in hydraulic simulations?
hydraulic_modeling	how do digital elevation models contribute to the representation of floodplain inundation?
hydraulic_modeling	what makes the Crank-Nicolson method useful for solving stiff problems in hydraulic modeling?
hydraulic_pressure_compensation	what components are used to regulate flow independently of load pressure?
hydraulic_pressure_compensation	how can algorithm parameters be tuned to improve system stability?
hydraulic_pressure_compensation	what role do solenoid valves and pressure transducers play in electronic relief?
hydraulic_pressure_compensation	how can cavitation be prevented while maintaining necessary flow and pressure?
hydraulic_pressure_compensation	what valve configurations help minimize dead zones and ensure even pressure?
hydraulics_and_fluid_mechanics	What role does the Darcy-Weisbach equation play in estimating friction losses in piping networks?
hydraulics_and_fluid_mechanics	How does the energy equation help predict pressure changes when fluid travels through a pipeline with varying elevations?
hydraulics_and_fluid_mechanics	What are the implications of fluid density variations in compressible flow regimes for engineering calculations?
hydraulics_and_fluid_mechanics	Why is the velocity term from the continuity equation essential for applying Bernoulli’s equation correctly?
hydraulics_and_fluid_mechanics	How do rotating blades or vanes in a rotor influence the interaction between a machine and the fluid it processes?
hydrodynamic_bearing_design	how does oil viscosity impact the pressure generation in a hydrodynamic bearing?
hydrodynamic_bearing_design	why must film thickness be significantly smaller than the bearing radius to simplify the governing equations?
hydrodynamic_bearing_design	what are the typical trade-offs when selecting lubricant additives for bearing protection?
hydrodynamic_bearing_design	how can increasing rotational speed help maintain a stable film thickness in hydrodynamic bearings?
hydrodynamic_bearing_design	why are high-speed applications often designed to use oils with lower viscosity?
hydrodynamic_lubrication	what physical mechanism allows the viscous fluid to support the applied load without direct contact between surfaces?
hydrodynamic_lubrication	how does the mathematical model describe the relationship between film thickness, pressure gradient, and shear stress?
hydrodynamic_lubrication	in what way does the viscosity of the oil influence the pressure buildup within the hydrodynamic film?
hydrodynamic_lubrication	what specific temperature effects can degrade the lubricating film and compromise bearing performance?
hydrodynamic_lubrication	how does the system transition from mixed lubrication to a fully hydrodynamic regime?
hydrodynamics	Why does the gradient of the stream function give the velocity components in two-dimensional flow?
hydrodynamics	What role does eddy mixing play in delaying boundary layer separation compared to laminar flow?
hydrodynamics	How do high Froude numbers lead to the formation of hydraulic jumps and free-surface waves?
hydrodynamics	Why are normal velocity components specified when applying boundary conditions at solid surfaces?
hydrodynamics	How does the continuity equation ensure mass conservation within a fluid system?
hydrological_drainage_design	how do gentle slopes affect water flow in a drainage system and why do they cause pooling?
hydrological_drainage_design	will future climate changes make my current drainage infrastructure obsolete sooner?
hydrological_drainage_design	what speed limits apply to water moving through drainage pipes based on pipe material?
hydrological_drainage_design	what environmental rules do I need to follow for stormwater quality in my design?
hydrological_drainage_design	how do I figure out how much green space I need based on the amount of paved area?
hydrological_modeling	how does equifinality affect the reliability of parameter identification in hydrological simulations?
hydrological_modeling	what are the main differences between Picard iteration and Newton-Raphson methods when linearizing equations?
hydrological_modeling	how do bulk transfer coefficients help quantify sublimation rates in land surface models?
hydrological_modeling	in what ways do changes in temperature and precipitation intensity influence runoff generation according to hydrological models?
hydrological_modeling	how does uncertainty in climate projections impact the outcomes of hydrological risk assessments?
hydrology	how do saltwater intrusions from rising seas impact underground water supplies?
hydrology	what role does soil texture play in how much water the ground can hold?
hydrology	why are decentralized water treatment systems becoming more important for cities?
hydrology	how do root zones and channel roughness affect water movement in landscapes?
hydrology	in what ways do watershed monitoring networks help managers adapt to changing conditions?
hygroscopic_material_behavior	how do dynamic mechanical testing and humidity control work together to show how a material’s stiffness changes with moisture?
hygroscopic_material_behavior	why does the Frenkel-Halsey-Hill equation use a lattice gas model to describe water vapor adsorption on solids?
hygroscopic_material_behavior	what causes internal stress gradients to form across the thickness of layered composite panels?
hygroscopic_material_behavior	how does porosity and pore size distribution affect the speed at which a material takes up and releases moisture?
hygroscopic_material_behavior	why is mechanical stability over repeated hydration and dehydration cycles treated as a mandatory design constraint?
hyperspectral_imaging	how do flat-field calibration steps correct for uneven illumination across a hyperspectral image?
hyperspectral_imaging	what role do autoencoders play in making hyperspectral data more robust to noise?
hyperspectral_imaging	how is spectral resolution defined and why does it matter for distinguishing similar materials?
hyperspectral_imaging	in what ways are metadata and processing steps stored to ensure reproducibility in hyperspectral studies?
hyperspectral_imaging	how do dark-field measurements help reduce sensor noise in hyperspectral imaging systems?
hysteresis_modeling_and_correction	what kind of excitation signals should I use if I want to capture how fast the hysteresis loop changes with time?
hysteresis_modeling_and_correction	why is the Bouc-Wen model preferred for describing rate-dependent hysteresis in ferromagnetic materials?
hysteresis_modeling_and_correction	how does coercivity relate to overcoming pinning sites and anisotropy in a magnetic material?
hysteresis_modeling_and_correction	why do composite cores need multi-scale modeling instead of a single unified model?
hysteresis_modeling_and_correction	what equipment or sensors do I need to measure magnetic, thermal, and mechanical effects all at once during hysteresis experiments?
image_processing	what is the role of mutual information in connecting image patches with non-linear intensity relationships?
image_processing	how do depthwise separable convolutions reduce computational complexity by separating spatial and channel-wise operations?
image_processing	why is discarding less important data effective for significant file size reduction in lossy compression?
image_processing	how does the ICC color profile standard support device-independent color management?
image_processing	in what way do patch-based methods lower computational complexity compared to processing entire images?
impedance_control	What are the advantages of using an L-network topology for impedance matching?
impedance_control	How does transformer-based impedance transformation affect signal phase at different frequencies?
impedance_control	Can you explain the mathematical relationship between phase angle and normalized impedance on the Smith Chart?
impedance_control	Why is it necessary to measure both real and imaginary parts when characterizing impedance in complex materials?
impedance_control	What special considerations are required when measuring impedance on anisotropic substrates?
impedance_tensor_inversion	Why does the Jacobian become ill-conditioned in 2D and 3D models?
impedance_tensor_inversion	What role does the static shift parameter play in the inversion process?
impedance_tensor_inversion	How is the passive media behavior enforced during inversion?
impedance_tensor_inversion	Why are the eigenvalues of the impedance tensor constrained to have positive real parts?
impedance_tensor_inversion	How does the balancing weighting scheme help resolve both shallow and deep structures at the same time?
in_situ_x_ray_diffraction	how can I reduce the diffraction path length by using small samples between anvils?
in_situ_x_ray_diffraction	what kind of algorithms do I need for phase identification to distinguish between similar crystal structures?
in_situ_x_ray_diffraction	how long should the mechanical stage dwell at each target position to ensure enough detector readout cycles?
in_situ_x_ray_diffraction	can exposure time be dynamically adjusted to keep consistent data quality?
in_situ_x_ray_diffraction	what is the typical lattice parameter accuracy for high-quality in-situ X-ray diffraction data?
index_key_value_comparison	How do concurrent tree algorithms prevent readers from seeing inconsistent data while writers are updating the index?
index_key_value_comparison	Why does fetching the memory address of the table entry cause issues when dealing with non-clustered indexes?
index_key_value_comparison	What happens when the less than operator finds that the first character code is not smaller than the second key's character code?
index_key_value_comparison	How can SIMD-friendly data layouts help reduce cache misses during comparison operations?
index_key_value_comparison	Why do separate structures for non-clustered indexes lead to random I/O operations?
induced_pole_resistivity	What depth does the vertical sensitivity of induced pole resistivity measurements peak at?
induced_pole_resistivity	How does the receiver coil’s shape influence which electric field components are picked up during a survey?
induced_pole_resistivity	In what way do hills and valleys distort current paths and impact the quality of the resistivity results?
induced_pole_resistivity	Why does the inversion step depend on the forward modeling code simulating the correct electromagnetic response?
induced_pole_resistivity	How does the primary electric field create current flow in the ground according to Ohm’s law?
industrial_hygiene	How does airflow direction impact the control of airborne contaminants in industrial settings?
industrial_hygiene	What legal obligations do U.S. employers have regarding occupational safety standards?
industrial_hygiene	Which real-time sensor technologies are used for continuous pollutant monitoring?
industrial_hygiene	Why is pre-use inspection of personal protective equipment essential for worker safety?
industrial_hygiene	How can regular training sessions improve the effectiveness of industrial hygiene controls?
industrial_maintenance_and_reliability	How should I adjust my maintenance schedule if the machine is showing more vibration than usual?
industrial_maintenance_and_reliability	What kind of wear on a keyway could cause a coupling to fail?
industrial_maintenance_and_reliability	Why do some factories use partial discharge measurements to track electrical health?
industrial_maintenance_and_reliability	How can I use real-time data to change when I should do preventive maintenance?
industrial_maintenance_and_reliability	What are some global standards I can use to compare my maintenance program with others?
industrial_steel_manufacturing	how long must the steel be held at high heat to ensure the austenite breaks down properly?
industrial_steel_manufacturing	why does having less impurities make it easier to manage the heating and shaping process?
industrial_steel_manufacturing	what causes holes to form in the middle of a steel ingot if the solidification isn't flat?
industrial_steel_manufacturing	which testing method does a specific standard require for finding hidden flaws in structural plates?
industrial_steel_manufacturing	how do you prevent internal layers from separating when rolling out new steel?
industrial_vision_systems_for_part_alignment	how can I measure tiny surface details on a part when the color or shine makes it hard to see?
industrial_vision_systems_for_part_alignment	what happens if the feedback loop between the vision system and the machine gets too slow?
industrial_vision_systems_for_part_alignment	is modbus still a good choice for connecting older factory equipment to a new vision setup?
industrial_vision_systems_for_part_alignment	how do engineers make sure the camera’s image matches the real-world part size and shape?
industrial_vision_systems_for_part_alignment	can you tell me what a “ground truth” means when checking if a vision system is working correctly?
inorganic_salt_decomposition_kinetics	What impact do impurities have on the rate of solid-state decomposition?
inorganic_salt_decomposition_kinetics	How do different heating rates influence the observed activation energy values?
inorganic_salt_decomposition_kinetics	Can you explain how defect generation affects the decomposition pathway?
inorganic_salt_decomposition_kinetics	What does the shape of the DSC curve reveal about nucleation mechanisms?
inorganic_salt_decomposition_kinetics	Why is the pre-exponential factor often treated as temperature-independent in these models?
instrumentation_and_metrology	what does piezoresistive transduction mean and how does it convert mechanical stress into electrical signals?
instrumentation_and_metrology	how can self-calibration help avoid the high costs and logistical issues of using primary standards?
instrumentation_and_metrology	what does metrological traceability ensure when it links measurement results to international primary standards?
instrumentation_and_metrology	how does the confidence level of a coverage factor relate to the uncertainty of a measurement result?
instrumentation_and_metrology	what is the relationship between an analog-to-digital converter's bit depth and the noise floor in digital instrumentation?
inter_process_communication_protocols	How does the kernel track usage counts and permissions for memory regions that multiple processes share?
inter_process_communication_protocols	What happens when a node in a distributed system loses its leader and enters a degraded state?
inter_process_communication_protocols	Why do network interface cards use direct memory access instead of relying on the CPU for data transfers?
inter_process_communication_protocols	How can processing multiple messages at once through vectorization improve overall throughput in communication systems?
inter_process_communication_protocols	What steps does the system take to verify that a process has the right to read from a pipe or socket?
interfacial_debonding_mechanisms	Does exposure to sunlight gradually weaken the glue holding layers together?
interfacial_debonding_mechanisms	What does surface tension tell us about how much energy is needed to separate bonded materials?
interfacial_debonding_mechanisms	How can computer models predict where a bond is most likely to fail under load?
interfacial_debonding_mechanisms	Can 3D scanning reveal hidden gaps forming inside a composite structure?
interfacial_debonding_mechanisms	Why do cracks sometimes change direction instead of running straight through the interface?
interfacial_energy_analysis	how much oil contamination is enough to noticeably change contact angle measurements in experiments?
interfacial_energy_analysis	why do pendant drop shapes depend on the balance between gravity and surface forces?
interfacial_energy_analysis	how do surfactant tail sizes affect their ability to lower interfacial tension?
interfacial_energy_analysis	what determines the final structure of emulsions and foams when interfacial effects are considered?
interfacial_energy_analysis	why does high surface tension limit how far a liquid spreads across a surface?
interfacial_energy_quantification	Why is it impossible to get a free interface between two solids for direct measurement of interfacial energy?
interfacial_energy_quantification	What are the specific requirements for the slab geometry when calculating interfacial energy via simulation?
interfacial_energy_quantification	How does the Ginzburg-Landau framework explain the behavior of interfacial thickness near the critical temperature?
interfacial_energy_quantification	What kind of testing is performed to guarantee that force field results transfer well across different chemical environments?
interfacial_energy_quantification	Is this interfacial energy quantification technique suitable for large volumes of immiscible fluids?
interfacial_thermodynamics	How does capillary condensation change the thermodynamic behavior of fluids inside pores?
interfacial_thermodynamics	Why do weaker cohesive forces make it easier to increase surface area?
interfacial_thermodynamics	What happens to the validity of the equation if the solid surface has contaminants on it?
interfacial_thermodynamics	In what way can one adsorbed species block another from binding to a surface?
interfacial_thermodynamics	How does VSFG spectroscopy allow researchers to see molecular composition and measure surface tension at the same time?
interferometric_measurement	how does destructive interference happen in an interferometer setup?
interferometric_measurement	why does the movable mirror need to reflect the second beam path back to the beam splitter?
interferometric_measurement	in what way do mechanical vibrations mess up the precision of an interference pattern?
interferometric_measurement	how can phase-shifting techniques improve measurement accuracy by dealing with noise?
interferometric_measurement	what makes Fourier transform spectroscopy effective for extracting wavelength data from interference patterns?
interferometric_metrology	how do mechanical vibrations impact the accuracy of phase measurements in interferometry?
interferometric_metrology	what role does the sign of the beat frequency play in determining movement direction?
interferometric_metrology	why do Fabry-Perot cavities provide better phase sensitivity compared to simple interferometer setups?
interferometric_metrology	what limitation causes Mach-Zehnder interferometers to struggle with measuring large distances?
interferometric_metrology	how can stabilized lasers enable measurements that exceed the wavelength of light?
interlaminar_bonding_techniques	what is the relationship between bond strength and interfacial adhesion energy?
interlaminar_bonding_techniques	how to select a bonding agent that is compatible with a given resin matrix?
interlaminar_bonding_techniques	which etching agents are effective for creating micro-roughness on polymer substrates?
interlaminar_bonding_techniques	can residual stresses from thermal expansion mismatch cause delamination?
interlaminar_bonding_techniques	how do heating profiles and dwell times impact the bond formation process?
internal_combustion_engine_dynamics	What is the relationship between the crankshaft's continuous rotation and the piston's reciprocating motion?
internal_combustion_engine_dynamics	Why do manufacturers use exhaust gas recirculation to decrease nitrogen oxide emissions?
internal_combustion_engine_dynamics	How does an intercooler contribute to the performance of a turbocharged engine?
internal_combustion_engine_dynamics	What design considerations are most important for an effective exhaust manifold?
internal_combustion_engine_dynamics	How is thermal energy transformed into useful mechanical work inside the cylinder?
intrinsic_phase_stabilization	how does changing the ratio of elements in a crystal affect which structural phase becomes energetically favored?
intrinsic_phase_stabilization	can the movement of dopants to grain boundaries help preserve unstable material states?
intrinsic_phase_stabilization	what happens to the electronic band structure when the lattice distorts in a chiral pattern?
intrinsic_phase_stabilization	how does the interaction between electrons and lattice vibrations influence the stability of competing ground states?
intrinsic_phase_stabilization	can deep energy wells in a material’s landscape protect quantum states from environmental noise?
intumescent_coating_chemistry	What role does ammonium dihydrogen phosphate play when the coating is heated?
intumescent_coating_chemistry	Why is it important to keep humidity under 85% when applying the paint?
intumescent_coating_chemistry	How does the acid catalyst help create the protective char layer?
intumescent_coating_chemistry	What happens to the coating if it is applied in multiple thin layers instead of one?
intumescent_coating_chemistry	Which component is responsible for turning into gas when the material gets hot?
inventory_density_management	Why do electric motors need extra power capacity to handle sudden traffic spikes?
inventory_density_management	What kind of math helps fit the most goods into limited warehouse space?
inventory_density_management	How does a Kalman filter make sense of messy sensor readings in real time?
inventory_density_management	Can algorithms guess when shelves will fill up based on what happened before?
inventory_density_management	What happens when real-time space usage gets posted to a live tracking board?
inverse_ellipsometry_modeling	How does the causality requirement influence the extraction of n and k values in inverse ellipsometry?
inverse_ellipsometry_modeling	Why might a poor initial guess lead to convergence toward unphysical solutions during the fitting process?
inverse_ellipsometry_modeling	What impact does the broadening parameter have on the modeling of spectral line shapes?
inverse_ellipsometry_modeling	How can tight constraints in the algorithm affect the ability to find the true global minimum?
inverse_ellipsometry_modeling	Why is it necessary to distinguish between different material classes using causality principles?
inverse_kinematics_algorithms	do tree-based search methods like IK-Fast struggle with the curse of dimensionality in high-DOF systems?
inverse_kinematics_algorithms	how do Denavit-Hartenberg parameters help construct homogeneous transformation matrices in analytical inverse kinematics?
inverse_kinematics_algorithms	what role does the damping matrix play in determining energy dissipation of a virtual element?
inverse_kinematics_algorithms	how do inverse kinematics algorithms balance task accuracy with physical and safety constraints?
inverse_kinematics_algorithms	why do tree-based algorithms have exponential worst-case time complexity relative to the number of degrees of freedom?
inverse_theory_in_geophysics	What is the mathematical form of the forward problem in geophysical inversion?
inverse_theory_in_geophysics	How does seismic refraction help detect changes in velocity with depth?
inverse_theory_in_geophysics	What is full waveform inversion and how does it use the complete wavefield?
inverse_theory_in_geophysics	How do parallel computing architectures speed up inversion calculations?
inverse_theory_in_geophysics	What do lateral heterogeneities in the crust and mantle represent in velocity models?
inverse_theory	how does the regularization parameter balance fitting the data against keeping the solution smooth?
inverse_theory	what is the role of the forward operator in causing instability in inverse problems?
inverse_theory	why do I need adjoint solvers when working with non-linear models?
inverse_theory	how does sensitivity analysis help in computing gradients for the inverse problem?
inverse_theory	what makes deterministic inverse theory different from probabilistic approaches?
iron_oxide_color_theory	What role does the 2.2 eV band gap play in determining the visible color of hematite?
iron_oxide_color_theory	How does controlled oxygen partial pressure influence the synthesis of plate-like hematite?
iron_oxide_color_theory	Why is goethite considered magnetically weak compared to other iron oxide phases?
iron_oxide_color_theory	In which regions of the visible spectrum does goethite show the strongest light absorption?
iron_oxide_color_theory	What factors contribute to a more saturated, deeper red hue in iron oxide pigments?
irrigation_engineering	how do I make sure my pump motor matches the electrical requirements of the irrigation setup?
irrigation_engineering	should I adjust watering amounts based on the slope of my field?
irrigation_engineering	where should I place emitters to best support how my plants absorb water?
irrigation_engineering	what soil salt levels are safe before they start harming my crops?
irrigation_engineering	why are underground drains important for keeping salts away from roots?
isentropic_efficiency_analysis	how does rising inlet temperature impact the efficiency of a compressor?
isentropic_efficiency_analysis	what role do non-adiabatic heat losses play in real compressor processes?
isentropic_efficiency_analysis	how is isentropic efficiency mathematically defined for compressors?
isentropic_efficiency_analysis	can you explain how to determine the actual outlet enthalpy from temperature and pressure measurements?
isentropic_efficiency_analysis	what is the purpose of reheating fluid before the next expansion stage in a turbine?
isentropic_efficiency_calculation	what temperature values do i need to measure at the turbine inlet and outlet to calculate isentropic efficiency?
isentropic_efficiency_calculation	can you show me a step-by-step example of calculating isentropic efficiency using actual and isentropic enthalpy changes?
isentropic_efficiency_calculation	how do I determine the isentropic temperature difference when I only have pressure and temperature readings from my instrument?
isentropic_efficiency_calculation	why is it important to compare actual temperature difference to isentropic temperature difference when evaluating a turbine's performance?
isentropic_efficiency_calculation	what happens to my isentropic efficiency calculation if i assume constant specific heats for a gas that is actually behaving non-ideally?
isotope_ratio_mass_spectrometry	how does the exponential law help in calculating isotope fractionation?
isotope_ratio_mass_spectrometry	what is the benefit of using a thorium oxide coating in mass spectrometry?
isotope_ratio_mass_spectrometry	why is physical separation important for Faraday cup arrays?
isotope_ratio_mass_spectrometry	how is a high-purity precursor obtained for preparing standard-reference materials?
isotope_ratio_mass_spectrometry	what role does high voltage biasing play in Faraday cup arrays?
isotope_tracer_diffusion	How is the diffusion coefficient calculated from experimental concentration profiles?
isotope_tracer_diffusion	What kind of sample shapes are suitable for diffusion studies?
isotope_tracer_diffusion	Why is it important to keep the sample in an inert atmosphere?
isotope_tracer_diffusion	How does positron annihilation spectroscopy contribute to defect analysis?
isotope_tracer_diffusion	What does the diffusion equation say about concentration changes over time?
isotopic_labeling_techniques	how does the gyromagnetic ratio determine the exact resonance frequency of a specific isotope in NMR experiments?
isotopic_labeling_techniques	what kind of waste disposal process is appropriate for stable isotope byproducts from research labs?
isotopic_labeling_techniques	why is the electronic structure of a molecule unaffected by swapping atoms with isotopes of the same element?
isotopic_labeling_techniques	where can I find software that offers statistical modeling for analyzing isotopologue distribution data?
isotopic_labeling_techniques	what legal requirements must be met for the production and storage of radioactive isotopes in a laboratory setting?
joint_alignment_assessment	how can a lateral x-ray help detect problems with the knee's sagittal curve?
joint_alignment_assessment	what movements are involved in the Lachman test to check ligament strength?
joint_alignment_assessment	why must the legs be straight and aligned when preparing for a joint exam?
joint_alignment_assessment	how do ct scans reveal hidden bone damage that affects joint stability?
joint_alignment_assessment	what kind of structural details about the knee bone can be seen on a ct scan?
kerf_debris_removal_mechanisms	What happens when sawdust builds up inside the cut space?
kerf_debris_removal_mechanisms	Does the shape of the blade edge affect how chips move?
kerf_debris_removal_mechanisms	How does the direction of the wood fibers change the amount of dust created?
kerf_debris_removal_mechanisms	Why does clearing the tensioner area help with blade tracking?
kerf_debris_removal_mechanisms	Can spraying air or water help stop the blade from getting too hot?
kiln_atmosphere_control_and_redox_chemistry	how does the hydrogen to water vapor ratio affect the chemical changes happening inside the kiln?
kiln_atmosphere_control_and_redox_chemistry	what happens to metal oxides if the temperature changes during the firing process?
kiln_atmosphere_control_and_redox_chemistry	can you explain why it is important to check the safety interlocks at every stage of the kiln run?
kiln_atmosphere_control_and_redox_chemistry	how do temperature differences impact the way gases dissolve and react within the kiln?
kiln_atmosphere_control_and_redox_chemistry	what role does redox chemistry play in determining the final state of the materials being fired?
kiln_construction_and_temperature_control	what happens if the gas sensors detect too much methane inside the kiln?
kiln_construction_and_temperature_control	how does the heating system adjust when the temperature drops below the target?
kiln_construction_and_temperature_control	why does the kiln's insulation get thicker as you move outward?
kiln_construction_and_temperature_control	what causes the gasket to flex instead of tearing during operation?
kiln_construction_and_temperature_control	how does the fire suppression system know when to release extinguishing agents?
kiln_insulation_system_optimization	how should I model gas leakage and cooling spots on the kiln floor?
kiln_insulation_system_optimization	what temperature change rate keeps moisture from escaping properly?
kiln_insulation_system_optimization	why do silica bricks belong in the mid-temperature section?
kiln_insulation_system_optimization	how do you calculate thermal resistance using infrared cameras?
kiln_insulation_system_optimization	how does moisture damage worsen insulation over time?
kiln_loading_and_firing_schedules	Why should heavy items be placed at the bottom of the kiln before firing?
kiln_loading_and_firing_schedules	How can I determine the ideal temperature decrease rate near critical phase transition points?
kiln_loading_and_firing_schedules	What happens to the color intensity of metal oxides at higher firing temperatures?
kiln_loading_and_firing_schedules	Why is it important to slow down cooling rates to prevent kilnware damage?
kiln_loading_and_firing_schedules	How do I set up baseline temperature profiles as reference standards for my firing schedules?
kiln_thermodynamics	How do you choose the right fuel for the highest flame temperature?
kiln_thermodynamics	Why is the time constant of the kiln mass important for control?
kiln_thermodynamics	How does ceramic fiber wool help save energy in a kiln?
kiln_thermodynamics	What is the relationship between fuel calorific value and flame temperature?
kiln_thermodynamics	How does the heat capacity of the material help with feed rate variations?
kilnware_arrangement	why do kiln shelves need to be free of dirt before loading pieces?
kilnware_arrangement	what happens if my kilnware and shelves expand at different rates during firing?
kilnware_arrangement	how should I place heavy or thick items to ensure they heat through evenly?
kilnware_arrangement	in what ways can I position my work to prevent damage during the cooling phase?
kilnware_arrangement	how does the layout of pieces change the way heat moves inside the kiln?
kinematic_chain_analysis	what are denavit-hartenberg parameters used for in defining joint transformations?
kinematic_chain_analysis	how does the jacobian matrix relate to the end-effector's motion in robotic systems?
kinematic_chain_analysis	what does the chebychev-grubbe criterion have to do with degrees of freedom?
kinematic_chain_analysis	what does infinite gain imply about a system's inverse kinematic solution?
kinematic_chain_analysis	how can negative values from the chebychev-grubbe criterion indicate an overconstrained mechanism?
kuratowski_s_theorem	what happens when you try to apply kuratowski's theorem to a graph that contains loops?
kuratowski_s_theorem	how does the presence of k5 or k3,3 subdivisions relate to planarity testing?
kuratowski_s_theorem	why is checking for subdivisions considered computationally hard?
kuratowski_s_theorem	can you use kuratowski's theorem for hypergraphs instead of regular graphs?
kuratowski_s_theorem	which field of engineering uses the theorem for circuit layout design?
landau_theory_of_phase_transitions	How does the correlation length relate to the square of a specific parameter near the critical point?
landau_theory_of_phase_transitions	What happens to the free energy stability if the quartic coefficient becomes negative?
landau_theory_of_phase_transitions	Why is a sixth-order term necessary when the quartic coefficient is negative?
landau_theory_of_phase_transitions	What is the definition of the order parameter manifold in terms of symmetry groups?
landau_theory_of_phase_transitions	How do magnetostriction or piezoelectric effects influence the symmetry of the free energy landscape?
laser_beam_alignment	how do I properly clean my lens surfaces before setting up the laser system?
laser_beam_alignment	why is it important to use a reference beam when lining up the first aperture?
laser_beam_alignment	what kind of laser source characteristics make for the best baseline for alignment?
laser_beam_alignment	how can I prevent the laser from accidentally turning on while I'm working?
laser_beam_alignment	where should I place safety barriers to keep the beam path contained?
laser_beam_profiling	Why must statistical averaging or depolarization be used when dealing with speckle in coherent measurements?
laser_beam_profiling	How can I reconstruct the full beam profile using only sequential measurements?
laser_beam_profiling	Why does using a shorter focal length lead to better spatial resolution in beam profiling?
laser_beam_profiling	What is the proper procedure for calibrating a laser beam measurement system before starting data acquisition?
laser_beam_profiling	How does the choice of detector wavelength sensitivity impact accuracy and safety in laser profiling?
laser_beam_propagation_analysis	what is the relationship between a laser's wavelength and how much its beam spreads over distance?
laser_beam_propagation_analysis	how can i determine if my laser is operating in the fundamental mode based on its spot pattern?
laser_beam_propagation_analysis	why does a fundamental Gaussian beam have the least possible spread compared to other beam types?
laser_beam_propagation_analysis	what does the paraxial wave equation tell me about how a laser beam evolves as it moves?
laser_beam_propagation_analysis	how does the curvature of a laser's wavefront change as the beam propagates away from the waist?
laser_beam_propagation	Why does the beam radius increase by exactly the square root of two at a specific distance called the Rayleigh range?
laser_beam_propagation	How does the wave nature of light explain why a laser beam cannot be confined to an arbitrarily small spot?
laser_beam_propagation	What happens to the light intensity when a complex multi-mode beam is forced into a single-mode optical fiber?
laser_beam_propagation	Why must the tangential components of the electric and magnetic fields be continuous when light crosses an interface?
laser_beam_propagation	How does the refractive index of the core and cladding determine whether a laser mode can be guided?
laser_scanning_profilometry	How does the scanner deal with surfaces that are see-through or partially transparent?
laser_scanning_profilometry	What happens when a part of the object blocks the laser from reaching some areas?
laser_scanning_profilometry	How does the system create a full 3D model instead of just a flat line?
laser_scanning_profilometry	Why is it necessary to use a lookup table to fix errors in the scanning movement?
laser_scanning_profilometry	How can I analyze the way light passes through the material underneath the surface?
last_write_wins_conflict_resolution	How can I make sure my application handles duplicate write requests correctly in a last-write-wins system?
last_write_wins_conflict_resolution	What role do idempotency keys play in preventing unintended state changes during writes?
last_write_wins_conflict_resolution	Why might timestamps from different nodes not reflect the actual chronological order of events?
last_write_wins_conflict_resolution	How can I verify that an incoming write is consistent with the client’s previous state?
last_write_wins_conflict_resolution	What problem occurs when clock skew causes timestamps to diverge from real time?
lattice_based_cryptography	Which specific error distribution is considered essential for maintaining the security of the key generation process?
lattice_based_cryptography	How can developers use sharing techniques to protect sensitive variables from side-channel attacks?
lattice_based_cryptography	What factors must be considered when choosing parameters to ensure both strong security and fast performance?
lattice_based_cryptography	How does the quality of security reductions differ between various lattice-based schemes?
lattice_based_cryptography	Can you explain the role of the basis matrix in defining the structure of a lattice?
lay_representation	can i speak directly to the other side’s lawyer about the case without my lawyer present?
lay_representation	what are the penalties if a lay representative crosses the line into professional advocacy?
lay_representation	is it possible for a lay representative to submit witness statements on their own?
lay_representation	must a lay representative only represent someone they personally know?
lay_representation	what steps should i take if a judge reprimands a lay representative for improper conduct?
leaf_node_traversal	What memory structure is used to keep track of nodes during breadth-first leaf traversal?
leaf_node_traversal	How does a skewed tree affect the timing of when leaves are reached in pre-order traversal?
leaf_node_traversal	Why must hazard pointers or epoch-based reclamation be used for memory management in concurrent leaf traversal?
leaf_node_traversal	In what way does storing key-value pairs locally within each node support efficient traversal?
leaf_node_traversal	How does the maximum width of a tree influence memory allocation during breadth-first search?
leather_tanning_and_leatherworking	What type of equipment is used during the buffing stage of leather processing?
leather_tanning_and_leatherworking	How should containers holding hazardous chemicals be managed in a workshop?
leather_tanning_and_leatherworking	What is the usual percentage range for formaldehyde concentration in tanning?
leather_tanning_and_leatherworking	Why might a leather finish end up with patchy coloring?
leather_tanning_and_leatherworking	What steps do professionals take to spot problems with leather quality?
leather_tanning	What happens to the collagen structure if too much alkali is added during tanning?
leather_tanning	Which chemicals do tanners typically use to bind to collagen's negative charges?
leather_tanning	How does moisture level influence the heating process in leather tanning?
leather_tanning	Why do tanneries need to report their chromium trioxide use to the US?
leather_tanning	What temperature range is used once leather starts drying?
leather_thickness_and_density_control	how does the application of vacuum during the final processing stage influence the density and structure of the leather fibers?
leather_thickness_and_density_control	why might the core density remain unchanged when surface coatings are added to the leather during manufacturing?
leather_thickness_and_density_control	what are the structural consequences of sanding the hide to prepare it for subsequent finishing layers?
leather_thickness_and_density_control	in what way does the use of chromium salts in the tanning process affect the physical properties of the leather after the wet phase?
leather_thickness_and_density_control	how can the quality of the raw hide influence the likelihood of defects occurring during mechanical processing?
legal_burden_of_proof_methodology	how does the quality of evidence influence the decision-making process when certainty is not measured by a number?
legal_burden_of_proof_methodology	what happens when cognitive errors cause investigators to stop looking for information too soon?
legal_burden_of_proof_methodology	does the side carrying the persuasion burden need to prove every detail in the lawsuit?
legal_burden_of_proof_methodology	how can closing statements help organize evidence so the judge sees all required elements are met?
legal_burden_of_proof_methodology	is there a way for a litigant to introduce new facts even if they aren't required to prove them directly?
lignin_chemistry	What happens to the size of lignin fragments when they are broken down chemically?
lignin_chemistry	Why do acidic conditions sometimes damage the aromatic rings during lignin processing?
lignin_chemistry	How do the electronic effects of methoxy groups influence the stability of carbocation intermediates?
lignin_chemistry	What role do hydrophobic forces play in how lignin molecules organize themselves?
lignin_chemistry	Can lignin’s functional groups help in creating metal-organic frameworks, and if so, how?
lignocellulosic_material_science	what role does enzyme affinity play in the breakdown of long cellulose chains?
lignocellulosic_material_science	how can we minimize the formation of toxic compounds during lignin processing?
lignocellulosic_material_science	does the concentration of acid impact the stability of the lignin structure?
lignocellulosic_material_science	what is the mechanism behind converting xylose into xylulose using catalysts?
lignocellulosic_material_science	how does the bond-breaking speed determine the overall rate of depolymerization?
linear_programming_optimization	How do you convert a primal linear programming problem into its dual form using the objective function coefficients?
linear_programming_optimization	What happens to the simplex tableau when a basic variable ends up with a zero value after pivoting?
linear_programming_optimization	How does the algorithm decide how much the entering variable can increase before breaking non-negativity rules?
linear_programming_optimization	What makes the ellipsoid method different from interior-point methods regarding strict feasibility and Newton systems?
linear_programming_optimization	Why does the ellipsoid method need a polynomial-time separation oracle to work on linear programming problems?
lineweaver_burk_plots	How does the reciprocal transformation of kinetic data affect the reliability of the resulting plot?
lineweaver_burk_plots	Why can't standard linear regression be used directly on Lineweaver-Burk data without adjustment?
lineweaver_burk_plots	What experimental steps are needed to get the initial velocities for building this type of graph?
lineweaver_burk_plots	How does competitive inhibition look different on a Lineweaver-Burk plot compared to other mechanisms?
lineweaver_burk_plots	Where does the equation y = mx + b come from in the context of enzyme kinetics?
linux_kernel_internals	how do cgroups work with namespaces to contain workloads securely?
linux_kernel_internals	can i batch multiple I/O operations using io_uring instead of separate syscalls?
linux_kernel_internals	why is mapping a file into user-space with mmap beneficial for performance?
linux_kernel_internals	how does RCU enable readers to access data structures without taking locks?
linux_kernel_internals	does using too many mutexes cause higher latency because of context switches?
lipid_barrier_permeation_kinetics	how do the collective movements of lipid acyl chains influence the free volume available for permeant molecules to hop between sites?
lipid_barrier_permeation_kinetics	why do lipids that favor high spontaneous curvature help create temporary gaps in the membrane that allow substances to pass more easily?
lipid_barrier_permeation_kinetics	in what way does positive curvature stress increase the energy required for small uncharged molecules to cross the lipid barrier?
lipid_barrier_permeation_kinetics	how does the membrane respond to hydrophobic mismatch by changing its structure or the shape of the molecule trying to cross?
lipid_barrier_permeation_kinetics	what is the connection between the structural ordering of lipids and the height of the energy barrier that amphiphilic solutes face when translocating?
liquid_liquid_chromatography	How do ion-pairing agents influence the charge state and hydrophobicity of analytes in liquid-liquid chromatography?
liquid_liquid_chromatography	What mechanical tolerances are required for the pump to maintain consistent retention times in liquid-liquid chromatography?
liquid_liquid_chromatography	How should data acquisition parameters be configured to match the expected retention times and peak widths of analytes?
liquid_liquid_chromatography	Why is it necessary to perform method validation at each scale to confirm reproducibility and purity in liquid-liquid chromatography?
liquid_liquid_chromatography	What role do intermolecular forces play in determining the solubility of analytes in each phase during liquid-liquid chromatography?
load_rating_and_bearing_capacity_analysis	how do I determine which bearing has the shortest calculated dynamic life to identify it as the critical component?
load_rating_and_bearing_capacity_analysis	why does the size of roller or ball elements directly influence the magnitude of contact stress and the number of elements carrying load?
load_rating_and_bearing_capacity_analysis	what is the definition of dynamic load rating in terms of fatigue life and revolutions?
load_rating_and_bearing_capacity_analysis	how does the allowable stress factor into the bearing capacity analysis based on material properties?
load_rating_and_bearing_capacity_analysis	in what way does deformation affect the contact area and distribution of contact stress?
logarithmic_complexity_analysis	What mechanism allows binary search to achieve logarithmic time complexity in sorted arrays?
logarithmic_complexity_analysis	How does memory fragmentation impact the performance of logarithmic algorithms?
logarithmic_complexity_analysis	Why does theoretical analysis prioritize structural growth over exact execution times?
logarithmic_complexity_analysis	In what ways do composite data structures combine the complexities of their individual operations?
logarithmic_complexity_analysis	How does repeated halving of the search space result in logarithmic time complexity?
logistics_and_supply_chain_management	How do AI algorithms help supply chains predict changes in customer demand?
logistics_and_supply_chain_management	What external factors do demand sensing tools use to improve forecast accuracy?
logistics_and_supply_chain_management	How do free trade agreements influence where a company decides to manufacture its products?
logistics_and_supply_chain_management	Why do teams participate in kaizen events to improve their supply chain processes?
logistics_and_supply_chain_management	In what ways does integrating technology allow companies to automate manual tasks in logistics?
low_cycle_fatigue_analysis_and_crack_propagation_modeling	which non-destructive testing method can map subsurface crack initiation in metals?
low_cycle_fatigue_analysis_and_crack_propagation_modeling	how are Paris law parameters adjusted for different material microstructures?
low_cycle_fatigue_analysis_and_crack_propagation_modeling	what role does the mean stress correction factor play in fatigue calculations?
low_cycle_fatigue_analysis_and_crack_propagation_modeling	what standard governs fatigue analysis for pressure vessels in aerospace industries?
low_cycle_fatigue_analysis_and_crack_propagation_modeling	what requirements does EASA CS-25 set for aircraft fatigue certification procedures?
low_latency_network_interface_engineering	how do memory pools help avoid dynamic allocation latency during packet processing?
low_latency_network_interface_engineering	what information do RSS algorithms use to create a hash for each network flow?
low_latency_network_interface_engineering	how does batching packet processing reduce per-packet interrupt overhead?
low_latency_network_interface_engineering	can advanced NICs use programmable pipelines to steer traffic with custom rules?
low_latency_network_interface_engineering	why does continuous hardware-assisted messaging help maintain synchronization in low latency systems?
lumber_drying_and_moisture_control	what role does wood species density play in drying speed?
lumber_drying_and_moisture_control	how should lumber be positioned relative to airflow for best results?
lumber_drying_and_moisture_control	why does tangential drying take longer than other orientations?
lumber_drying_and_moisture_control	when should I move wood from the kiln to storage?
lumber_drying_and_moisture_control	which direction does moisture leave wood fastest during drying?
lumber_milling_and_sawmill_operations	How does the sawmill adjust its blade tension to handle different types of wood?
lumber_milling_and_sawmill_operations	What role do interlock systems play in protecting workers during routine maintenance?
lumber_milling_and_sawmill_operations	Why are weekly safety audits essential for keeping the facility running smoothly?
lumber_milling_and_sawmill_operations	What kind of blade does a band saw use, and why is it designed that way?
lumber_milling_and_sawmill_operations	How does the production line adapt when it encounters logs that vary in shape or quality?
machine_isolation_and_vibration_damping_systems	how does temperature affect the long-term effectiveness of rubber isolation pads?
machine_isolation_and_vibration_damping_systems	what signs indicate that a machine needs realignment after being moved?
machine_isolation_and_vibration_damping_systems	why does isolation effectiveness change when the machine runs at different speeds?
machine_isolation_and_vibration_damping_systems	how should I choose new damping materials based on performance specifications?
machine_isolation_and_vibration_damping_systems	what role does the natural frequency play in reducing machine vibration transmission?
machine_tool_error_compensation	how do laser trackers measure the position of a target attached to a tool holder with high precision?
machine_tool_error_compensation	what environmental conditions are necessary to minimize thermal drift during the machining of test pieces?
machine_tool_error_compensation	how can counter-rotational forces be used to mitigate thermal growth in a spindle?
machine_tool_error_compensation	why is a closed-loop feedback mechanism essential for validating the effectiveness of applied compensation in the control system?
machine_tool_error_compensation	how do continuous feedback loops allow the system to maintain accuracy during dynamic machining operations?
macropore_network_analysis	how does beam-induced motion affect the accuracy of cryo-EM reconstructions in biological pore networks?
macropore_network_analysis	what role do wettability and contact angle boundary conditions play in lattice Boltzmann simulations of fluid flow?
macropore_network_analysis	how do MPI protocols help reduce data transfer overhead when simulating large-scale pore network models?
macropore_network_analysis	why does parallelization overhead increase when the number of processes grows in distributed memory simulations?
macropore_network_analysis	how is the 3D digital pore network transformed into a graph-theoretic model for analysis?
magnetic_field_gradient_analysis	what determines the accuracy of a magnetic field gradient map?
magnetic_field_gradient_analysis	where does the equation delta omega equals gamma times G times z come from?
magnetic_field_gradient_analysis	how do active feedback systems keep the magnetic field stable?
magnetic_field_gradient_analysis	what does it mean for a point to have all positive eigenvalues in a gradient analysis?
magnetic_field_gradient_analysis	which materials are typically used to wind superconducting magnet coils?
magnetic_field_mapping	what is the advantage of using Hall effect sensors for mapping magnetic fields?
magnetic_field_mapping	how does a SQUID's periodic transfer function relate to its operation?
magnetic_field_mapping	how do tunnel magnetoresistance sensors detect magnetic fields through resistance changes?
magnetic_field_mapping	what is cross-axis sensitivity and how is it measured in magnetic sensors?
magnetic_field_mapping	how does regularization help solve the ill-posed inverse problem in magnetic field mapping?
magnetometer_data_processing	how is the soft-iron correction matrix applied to the corrected vector?
magnetometer_data_processing	what role does the noise covariance matrix play in handling magnetic interference?
magnetometer_data_processing	how does a sphere-fitting algorithm estimate scale and offset values?
magnetometer_data_processing	why is anisotropic permeability a concern for magnetometer accuracy?
magnetometer_data_processing	how are magnetometer measurements adjusted when cross-axis sensitivity is present?
magnetometry_and_field_quantification	which coil arrangement is best for reducing non-uniformities in a magnetic field setup?
magnetometry_and_field_quantification	how does mu-metal shielding work to block unwanted magnetic interference?
magnetometry_and_field_quantification	what role does the Verdet constant play in maintaining accurate field readings?
magnetometry_and_field_quantification	how do engineers adjust for thermal drift when calibrating magnetic sensors?
magnetometry_and_field_quantification	why is it important to keep the magnetic field linear within the imaging region?
magnetorheological_actuator_design	How do I calculate the correct number of coil turns for my actuator's magnetic field?
magnetorheological_actuator_design	What is the purpose of integrating active cooling systems in a magnetorheological actuator?
magnetorheological_actuator_design	How does the mechanical stiffness of the containment structure affect the actuation system?
magnetorheological_actuator_design	How do I implement a temperature compensation mechanism for the magnetorheological fluid?
magnetorheological_actuator_design	What parasitic resonances might arise from the added mass and compliance of the actuator housing?
magnetorheological_fluid_dynamics	why does increasing the magnetic field strength reduce the frequency response bandwidth of the fluid?
magnetorheological_fluid_dynamics	how does the concentration of particles influence the overall viscosity of the magnetorheological fluid?
magnetorheological_fluid_dynamics	what are the recommended methods for cooling embedded coils in high-performance systems?
magnetorheological_fluid_dynamics	which carrier fluids are best suited for maintaining thermal stability under magnetic stress?
magnetorheological_fluid_dynamics	how do the chain-like clusters of particles contribute to the material's cohesive structure?
magnetotelluric_sounding	how does the skin depth parameter influence the penetration depth of electromagnetic signals?
magnetotelluric_sounding	what trade-offs exist between spatial resolution and depth penetration when selecting different periods?
magnetotelluric_sounding	how does the Nyquist sampling requirement affect the design of data acquisition systems?
magnetotelluric_sounding	in what ways does signal-to-noise ratio impact the reliability of magnetotelluric measurements?
magnetotelluric_sounding	how do statistical approaches like Markov chain Monte Carlo help in estimating model uncertainty?
magnetotellurics	what happens to our results when human-made noise drowns out the natural signals?
magnetotellurics	how does the phase and amplitude of the fields tell us about the shape and size of underground conductivity?
magnetotellurics	what methods are used to choose regularization parameters for balancing data fit and smoothness?
magnetotellurics	why are the final impedance tensor components written as complex numbers?
magnetotellurics	how do we know the range of reliability for our apparent resistivity and phase values?
maintenance_and_reliability_engineering	How are high-risk failure modes identified and prioritized for immediate maintenance intervention?
maintenance_and_reliability_engineering	What is the formula used to calculate MTTR in reliability engineering contexts?
maintenance_and_reliability_engineering	How do compliance audits ensure the proper functioning of lockout devices and tags during maintenance?
maintenance_and_reliability_engineering	In what way are reference gas sources used to establish baseline sensitivity thresholds for leak detection?
maintenance_and_reliability_engineering	How does multi-sensor correlation help minimize false positives in leak detection systems?
manipulator_design	How does the number of independent joint variables determine the degrees of freedom for a manipulator’s end effector?
manipulator_design	Why would a designer choose pneumatic actuators over electric motors for applications needing rapid movement?
manipulator_design	In what ways does modular construction enable targeted reinforcement while preserving the system’s dynamic behavior?
manipulator_design	What process should be followed to ensure monthly calibration of torque and force sensors remains accurate?
manipulator_design	How can running test cycles against known targets be used to validate a manipulator’s positional accuracy and repeatability?
manorial_court_proceedings	What was the physical setup of the room where judges sat during trials?
manorial_court_proceedings	Could a man’s son represent his father in a legal dispute before the court?
manorial_court_proceedings	Why did manorial courts often meet during fairs instead of on regular days?
manorial_court_proceedings	What happened if someone wanted to challenge a manorial court’s ruling without going to royal authorities?
manorial_justice	How did the physical layout of the manorial court building help the bailiffs maintain order during proceedings?
manorial_justice	What happened if someone refused to show up for a scheduled hearing at the manorial court?
manorial_justice	How was it enforced when a man was fined for missing court?
manorial_justice	What was the legal consequence if a free person became involved in a dispute?
manorial_justice	Why did the community’s collective decision on a case carry weight for both the individuals and the lord?
map_projection_geometry	how does conformal property affect the accuracy of angles on a flat map?
map_projection_geometry	why can’t a map projection preserve both equal area and correct angles at the same time?
map_projection_geometry	what makes cylindrical maps ideal for showing mid-latitude regions?
map_projection_geometry	when should I choose an equal-area projection for my regional maps?
map_projection_geometry	how do digital mapping systems use projected coordinates for better data integration?
martensite_variant_selection	how does the principle of maximum strain energy reduction guide the choice of specific martensite variants during phase transformation?
martensite_variant_selection	can the selection of martensite variants be adjusted in real time by applying external mechanical loads?
martensite_variant_selection	what happens to the material's shape when the applied stress field favors variants that create a cumulative macroscopic strain?
martensite_variant_selection	how does the irreversibility of variant selection under asymmetric loading lead to permanent deformation in the alloy?
martensite_variant_selection	why does thermal cycling help scientists isolate the thermodynamic driving forces from other factors in the transformation process?
martensitic_steel_heat_treatment	What role does the choice of quenching medium play in preventing underhardening in martensitic steel?
martensitic_steel_heat_treatment	How do alloying elements influence the transformation kinetics during the formation of martensite?
martensitic_steel_heat_treatment	Why is post-quench tempering important for reducing retained austenite in steel components?
martensitic_steel_heat_treatment	What makes ferritic martensite more ductile compared to other forms of martensite?
martensitic_steel_heat_treatment	How does the high dislocation density in martensite improve resistance to plastic deformation?
martensitic_transformation_control	how does rapid cooling impact the amount of elastic strain energy stored in the material due to retained defects?
martensitic_transformation_control	what role do excess solute atoms play in partitioning into secondary phases or staying in supersaturated solution?
martensitic_transformation_control	how does machine learning help accelerate the sampling of atomistic transformation pathways?
martensitic_transformation_control	what functional fatigue resistance do defects provide for repeated martensitic transformation cycles?
martensitic_transformation_control	how does texture evolution in polycrystalline martensitic materials balance intrinsic crystallographic preferences with extrinsic field-induced biases?
martensitic_transformation	How does the size of the temperature drop between the start and finish temperatures affect the total amount of martensite that forms?
martensitic_transformation	Why are grain boundaries considered effective places for the transformation to begin?
martensitic_transformation	What role do coherent interfaces play in accommodating the lattice distortion during the phase change?
martensitic_transformation	How does the cooperative movement of atoms during the transformation preserve the crystallographic relationship between the old and new phases?
martensitic_transformation	Why do intersections between different martensite variants often lead to microcracks and increased internal stress?
martensitic_transformation_thermodynamics	Why does lowering the temperature below Ms increase the driving force for martensitic transformation?
martensitic_transformation_thermodynamics	How do elements like carbon or silicon affect the Ms temperature by altering the free energy difference?
martensitic_transformation_thermodynamics	What mechanism accommodates the localized strain field during martensitic transformation?
martensitic_transformation_thermodynamics	Why does the interfacial energy barrier reduce the thermodynamic driving force available for the phase transition?
martensitic_transformation_thermodynamics	How does the thermodynamic consistency of the transformation relation ensure compliance with the second law of thermodynamics?
masonry_and_stone_cutting	what happens to the stone if I cut it too quickly with a diamond blade?
masonry_and_stone_cutting	should i use water when cutting stone to keep the dust down?
masonry_and_stone_cutting	how can i make sure my cut follows the exact shape I drew?
masonry_and_stone_cutting	what signs should i look for before my blade needs replacing?
masonry_and_stone_cutting	where do i put safety shields on my stone cutting machine?
masonry_composite_action_theory	how does the plane sections remain plane assumption simplify the analysis of masonry composite sections?
masonry_composite_action_theory	what role does grout play in ensuring complete filling of void spaces within masonry infill?
masonry_composite_action_theory	why is it necessary to apply reduction factors for axial strength in composite masonry design?
masonry_composite_action_theory	how does the combined effect of bracing and diaphragm action influence the buckling load of masonry infill?
masonry_composite_action_theory	what steps are involved in comparing calculated deflection against allowable limits in composite masonry structures?
masonry_joint_design	what happens if the mortar doesn't bond completely to the brick surface?
masonry_joint_design	how does the water-cement ratio affect how strong the mortar becomes?
masonry_joint_design	can computers be used to predict where the mortar might crack?
masonry_joint_design	why do we add flexible layers between the blocks and the mortar?
masonry_joint_design	what role does lateral strain play in keeping the joint from failing?
masonry_joint_detailing	how should I align control joints to prevent cracking from thermal expansion?
masonry_joint_detailing	where exactly do weep holes need to connect to ensure proper drainage?
masonry_joint_detailing	which sealing material holds up better in areas with frequent movement?
masonry_joint_detailing	what happens if I use polyurethane foam in high-movement zones?
masonry_joint_detailing	how does joint thickness affect the overall structural strength of the wall?
masonry_joint_troweling	how do I know when the mortar has cured enough to work on it?
masonry_joint_troweling	what happens to my trowel blades if I use harsh chemical cleaners?
masonry_joint_troweling	should I recycle my old metal trowels or just throw them away?
masonry_structural_analysis	How do tie beams help prevent out-of-plane collapse when a building experiences earthquake activity?
masonry_structural_analysis	Why is the bond strength between masonry units critical for resisting lateral forces and preventing sliding?
masonry_structural_analysis	How does a high aspect ratio in a masonry wall increase its risk of buckling under compression?
masonry_structural_analysis	What causes stress concentrations around openings in a masonry wall and why are they problematic?
masonry_structural_analysis	In what way does deteriorated bond strength reduce the composite action of masonry blocks?
masonry_unit_compressive_strength_testing	how do I calculate the actual strength value once the sample fails during testing?
masonry_unit_compressive_strength_testing	what is the correct way to store masonry blocks before they go into the press?
masonry_unit_compressive_strength_testing	why does a shorter piece of the block give a higher strength number than the full size?
masonry_unit_compressive_strength_testing	how much variation is allowed in the flatness of the block faces before the test is invalid?
masonry_unit_compressive_strength_testing	what happens to my data if the load isn't added at a steady pace during the test?
masonry_wall_bonding_techniques	how do I calculate the proper depth for excavating a foundation trench before laying masonry?
masonry_wall_bonding_techniques	what type of fabric should I place over the subgrade to prevent soil from contaminating the foundation?
masonry_wall_bonding_techniques	why do polymer-modified mortars cure faster than standard cement mixes?
masonry_wall_bonding_techniques	how does the mechanical interlock of masonry components improve load transfer between units?
masonry_wall_bonding_techniques	what pattern should I choose if I want to minimize stress concentration where the joints meet?
mass_flow_rate_stoichiometry_in_fire	what happens to the flame when the fuel supply gets too fast and crosses the blow-off limit?
mass_flow_rate_stoichiometry_in_fire	can I use less fuel to get the same flame heat if I'm burning in pure oxygen instead of air?
mass_flow_rate_stoichiometry_in_fire	how do I figure out flame temperature when the setup is losing heat to the surroundings?
mass_flow_rate_stoichiometry_in_fire	why is it important to keep the temperature and pressure steady when I am calibrating my sensors?
mass_flow_rate_stoichiometry_in_fire	how do I make sure my computer system uses the right numbers to fix the sensor readings automatically?
mass_spectrometry	how can electron multiplier calibration help maintain linearity across different concentration levels?
mass_spectrometry	why is atmospheric pressure chemical ionization better suited for semi-volatile compounds?
mass_spectrometry	what happens to the peptide backbone during electron transfer dissociation?
mass_spectrometry	can matrix components sometimes help increase the signal of the analyte?
mass_spectrometry	what are the drawbacks of full scan acquisition when analyzing complex mixtures?
mass_transfer_and_interfacial_phenomena	how does the Soret effect emerge from multicomponent coupling in diffusion?
mass_transfer_and_interfacial_phenomena	what role does the Damköhler number play in determining whether reactions or transport limits the process?
mass_transfer_and_interfacial_phenomena	why do surface-active species create non-equilibrium conditions at the interface?
mass_transfer_and_interfacial_phenomena	can you clarify how adjusting packing size and column diameter maintains key performance ratios?
mass_transfer_and_interfacial_phenomena	how does reverse diffusion occur in systems with coupled multicomponent transport?
material_handling_systems	What safety features protect workers from accidental machinery engagement when they enter restricted areas?
material_handling_systems	Why would a facility choose an overhead crane over fixed conveyor tracks for moving goods?
material_handling_systems	How do AGVs know when an AGV is coming so the driver can stop safely?
material_handling_systems	Which modern protocols allow inventory software to talk directly to material handling robots?
material_handling_systems	What kinds of sensors do autonomous vehicles use to detect people or obstacles nearby?
material_hardness_testing	What is the actual definition of how hardness is calculated from the indentation results?
material_hardness_testing	Why does the Vickers indenter create a wider contact patch than the Knoop one under the same load?
material_hardness_testing	How deep does the indentation need to be relative to the sample thickness to get a valid reading?
material_hardness_testing	Can I rely on a Brinell number to tell me how hard the material is against surface wear?
material_hardness_testing	What happens to my test results if I skip the daily calibration checks with standard blocks?
materials_defect_analysis	What are the main reasons why brittle materials tend to crack along the boundaries between their grains when pulled?
materials_defect_analysis	How can I make better predictions about how a material will behave when it is subjected to very harsh or extreme environments?
materials_defect_analysis	What is the difference between using cheap test results and expensive simulations when trying to model material behavior?
materials_defect_analysis	How do statistical tools help connect the tiny features inside a material to how it behaves as a whole piece?
materials_defect_analysis	Can you explain how scanning transmission electron microscopy provides both clear pictures and chemical information at the same time?
materials_phase_diagram_analysis	What role do grain boundaries play in altering the chemical potential of materials?
materials_phase_diagram_analysis	How does a negative Gibbs free energy change signal a spontaneous transformation?
materials_phase_diagram_analysis	Why are continuous mathematical functions used to represent thermodynamic properties in CALPHAD?
materials_phase_diagram_analysis	What impact do ordered magnetic moments have on the stability of magnetic phases?
materials_phase_diagram_analysis	How do spin-lattice coupling models help evaluate magnetic contributions to free energy?
materials_science_for_bow_limbs	how does the thickness of a bow limb influence the amount of force required to pull the string?
materials_science_for_bow_limbs	what role does the ratio of stiffness to weight play in maximizing energy storage in a bow limb?
materials_science_for_bow_limbs	why might temperature fluctuations lead to cracks forming where different materials are joined together?
materials_science_for_bow_limbs	how does the shape of the force-distance graph relate to the total energy a bow limb can store?
materials_science_for_bow_limbs	what happens to the structural integrity of a bow limb if it contains internal voids?
materials_science	how does the speed of solidification influence the distribution of impurities in the resulting material?
materials_science	what role do band gaps play in deciding whether a substance conducts electricity?
materials_science	how can heat treatment improve the strength and durability of a manufactured component?
materials_science	which experimental values must match simulation results to prove a model is accurate?
materials_science	why is the amount of precipitate important for fatigue resistance and hardening?
materials_selection_for_chemical_processing	what mechanical properties are used to measure a material’s resistance to erosion from particle-filled fluids?
materials_selection_for_chemical_processing	how can heat treatment mistakes weaken chromium alloys and make them more prone to corrosion?
materials_selection_for_chemical_processing	why is preventing long-term deformation under pressure so critical when choosing materials for chemical equipment?
materials_selection_for_chemical_processing	how does the thickness or quality of a surface oxide layer influence how quickly metal is lost during operation?
materials_selection_for_chemical_processing	in what ways does decision-making in chemical processing favor long-term reliability instead of saving money initially?
materials_thermodynamics	How does chemical potential drive atomic movement during phase transformations?
materials_thermodynamics	What does the JMAK exponent tell us about the growth mechanism and nucleation type?
materials_thermodynamics	Why is the specific heat capacity important for calculating the temperature dependence of Gibbs free energy?
materials_thermodynamics	How does the phase rule constrain the possible states of a multicomponent system during transformation?
materials_thermodynamics	What thermodynamic condition must be satisfied for a system to reach a stable equilibrium?
mean_field_theory_and_ginzburg_landau_functional	What role do thermal fluctuations play in modifying the standard mean-field prediction for the superconducting transition temperature?
mean_field_theory_and_ginzburg_landau_functional	How does the Ginzburg criterion help estimate the size of the fluctuation region near the critical point?
mean_field_theory_and_ginzburg_landau_functional	What determines whether vortices in a superconductor are fixed in place or able to move under an applied current?
mean_field_theory_and_ginzburg_landau_functional	Why does the order parameter amplitude decrease continuously as the temperature approaches the critical temperature from below?
mean_field_theory_and_ginzburg_landau_functional	How can one calculate the force exerted on a vortex line when it is subjected to an external magnetic field?
mechanical_engineering_and_impact_force_analysis	what are the specific boundary constraints needed to properly model contact zones in a simulation?
mechanical_engineering_and_impact_force_analysis	does a higher drop height significantly alter the peak force compared to a lower release point?
mechanical_engineering_and_impact_force_analysis	how does the coefficient of restitution change when testing against different target materials?
mechanical_engineering_and_impact_force_analysis	what role do surface asperities play in altering the measured impact pressure?
mechanical_engineering_and_impact_force_analysis	how precise must the guide rail be to meet the ±1 mm repeatability requirement?
mechanical_sealing_and_leakage_prevention	how does heat affect the thickness of fluid inside a mechanical seal?
mechanical_sealing_and_leakage_prevention	why do magnetic seals work better in vacuum conditions than traditional ones?
mechanical_sealing_and_leakage_prevention	what kind of special steps are needed when installing polymer-enhanced seals?
mechanical_sealing_and_leakage_prevention	how do spring mechanisms keep seals from losing pressure during operation?
mechanical_sealing_and_leakage_prevention	what makes a seal material compatible with both high heat and chemical exposure?
mechanical_transmission_systems	Do electromagnetic clutches play a role in modern start-stop vehicle technologies?
mechanical_transmission_systems	How does a lower gear ratio affect a vehicle's torque multiplication and acceleration?
mechanical_transmission_systems	Why are belt drives often chosen for applications needing variable speed control?
mechanical_transmission_systems	What mechanical issues can arise when a shaft runout exceeds specified tolerance limits?
mechanical_transmission_systems	How does replacing worn-out components improve the overall performance of a transmission system?
mechanical_vibration_analysis	how can I use FFT to extract amplitude spectra from raw vibration data?
mechanical_vibration_analysis	what role does the forcing frequency play in determining system resonance?
mechanical_vibration_analysis	can you describe how mode shapes influence the overall vibration response?
mechanical_vibration_analysis	how do experimental material properties affect the accuracy of vibration simulations?
mechanical_vibration_analysis	are there methods to simulate aeroelastic effects in real-time engineering designs?
mechanism_synthesis	How does the facial preference of a nucleophile influence the three-dimensional shape of the final product?
mechanism_synthesis	Why are minimizing step count and protecting groups important for improving overall synthesis yield?
mechanism_synthesis	What advantage does this approach offer over traditional linear synthetic sequences in terms of time and expense?
mechanism_synthesis	How does high-resolution mass spectrometry allow chemists to differentiate between compounds with the same nominal mass?
mechanism_synthesis	What information does gas chromatography provide when it is linked with mass spectrometry for compound analysis?
medicinal_chemistry_of_alkaloids	How does the three-dimensional shape of an alkaloid molecule influence its interaction with specific biological targets?
medicinal_chemistry_of_alkaloids	What type of reactive oxygen species do enzymes use to modify alkaloid structures?
medicinal_chemistry_of_alkaloids	Why does converting a tertiary amine into a quaternary salt stop the molecule from being demethylated?
medicinal_chemistry_of_alkaloids	How does the liver's initial breakdown of alkaloids affect the amount of drug that reaches the rest of the body?
medicinal_chemistry_of_alkaloids	Why might the same dose of an alkaloid medication work differently for two different patients?
medieval_property_law	Why did partition laws require dividing heritable land into equal portions for heirs?
medieval_property_law	How were disputes over monastic estate divisions settled by the courts?
medieval_property_law	What happened legally when a land tenure was severed from its physical structures?
medieval_property_law	Which court was responsible for handling conflicts about feudal aid payments?
medieval_property_law	How did the law address conflicts over duties tied to property ownership?
membrane_mechanics	how is the force used in micropipette aspiration related to membrane properties?
membrane_mechanics	why does bending a membrane more cost more energy?
membrane_mechanics	what role do saturated versus unsaturated lipids play in membrane state?
membrane_mechanics	how does the spontaneous curvature influence the energy needed to deform a bilayer?
membrane_mechanics	what methods are used to control the size of formed vesicles?
memory_management_and_paging	What determines whether a page is currently resident in physical memory?
memory_management_and_paging	How does the kernel move data from disk into a newly allocated frame?
memory_management_and_paging	Why does the hardware block access to unmapped memory regions?
memory_management_and_paging	What role do protection bits play during each memory access?
memory_management_and_paging	How does the system ensure that index lookups eventually reach the correct leaf entry?
memory_safety_analysis	Why do shadow memory structures cause additional performance overhead in safe language runtimes?
memory_safety_analysis	What happens when a program attempts to access memory outside the bounds of a pre-allocated buffer?
memory_safety_analysis	How do strict safety rules in safe languages affect the verbosity of code needed for complex memory operations?
memory_safety_analysis	Why is zero-cost abstraction considered an advantage for developers working with unsafe languages?
memory_safety_analysis	How does retaining only reachable objects in memory help prevent dangling reference issues?
mercantile_logistics_and_caravan_management	How do merchants decide when to set up temporary camps during a long trek?
mercantile_logistics_and_caravan_management	What steps are taken to make sure everyone knows the results of a cargo check?
mercantile_logistics_and_caravan_management	Why is it important to avoid mountain passes during the rainy season?
mercantile_logistics_and_caravan_management	How do caravans handle the risk of animals straying off course with their loads?
mercantile_logistics_and_caravan_management	Where do traders usually stop to rest and buy supplies on a long journey?
mercantile_trade_routes_and_double_entry_bookkeeping	how did customs inspections lead to the development of verifiable financial records for merchants?
mercantile_trade_routes_and_double_entry_bookkeeping	why did foreign warehouses become established as a result of trade efficiency improvements?
mercantile_trade_routes_and_double_entry_bookkeeping	what kind of financial documents could merchants create using double-entry bookkeeping?
mercantile_trade_routes_and_double_entry_bookkeeping	how did merchants ensure their financial records were trustworthy enough for foreign officials and banks?
mercantile_trade_routes_and_double_entry_bookkeeping	in what way did credit networks start functioning without depending on physical transportation routes?
merkle_tree_cryptography	What happens to the root hash when a single leaf node in the Merkle tree is altered?
merkle_tree_cryptography	How does verification work if I only have access to a portion of the block data?
merkle_tree_cryptography	Why do protocols sometimes need to duplicate leaf entries or use padding to build the tree?
merkle_tree_cryptography	What determines whether an internal node stores a value or a list of child pointers?
merkle_tree_cryptography	What is the first step someone should take when looking for a specific node in the Merkle tree structure?
mesh_based_modeling	what is a t-junction and why does it break the manifold assumption?
mesh_based_modeling	how are vertex weights calculated using cotangents of angles in mesh modeling?
mesh_based_modeling	why is handling coplanar and overlapping triangles important for contact manifold generation?
mesh_based_modeling	what role do Voronoi diagrams play in partitioning space for meshing?
mesh_based_modeling	how do boundary constraints affect the process of generating meshes?
mesh_network_routing_protocols	How do mesh networks use backup paths to handle link failures without interrupting service?
mesh_network_routing_protocols	What is the role of OLSR in sharing route information across all nodes in a mesh network?
mesh_network_routing_protocols	Can you explain how power control adjusts transmission strength based on signal quality?
mesh_network_routing_protocols	Why are revocation lists important for maintaining security in a mesh network?
mesh_network_routing_protocols	How does dividing the network into logical domains improve routing performance?
metabolic_flux_analysis	how does the dimensionality of the feasible solution space relate to the stoichiometric matrix rank and column count?
metabolic_flux_analysis	what specific benefit does preserving stoichiometric constraints provide when simplifying isotopic bookkeeping?
metabolic_flux_analysis	why is measuring isotopic labeling kinetics necessary for validation instead of relying on steady-state assumptions?
metabolic_flux_analysis	how does the mathematical objective function involve the dot product of coefficient and flux vectors?
metabolic_flux_analysis	what characteristic of dynamic systems causes them to violate the steady-state assumption?
metabolic_network_reconstruction	which automated tools are commonly used to assign functional annotations to genomic sequences for metabolic pathway linkage?
metabolic_network_reconstruction	why do researchers need to manually curate metabolic networks after automated gap-filling procedures?
metabolic_network_reconstruction	how does the computational burden of genome-scale metabolic model reconstruction scale with genome size?
metabolic_network_reconstruction	what specific challenges arise when reconstructing metabolic networks for organisms with high gene-protein-reaction association complexity?
metabolic_network_reconstruction	how can refined metabolic models improve the identification of essential genes and drug targets under specific biological conditions?
metabolomics	how does total ion current normalization adjust for differences in sample volume and machine sensitivity?
metabolomics	what are the limitations of electrospray ionization when dealing with very large proteins?
metabolomics	why does acetyl-CoA serve as a key connection point for glycolysis, fatty acid oxidation, and the citric acid cycle?
metabolomics	how does the body use high ATP levels to slow down glycolysis and avoid making too much energy?
metabolomics	which validation methods are used to ensure that metabolomics models are robust and not overfitting?
metal_solute_depletion_modeling	how does the solidification velocity parameter influence the composition profile of the forming solid?
metal_solute_depletion_modeling	in what ways does solute trapping alter the expected equilibrium partitioning at the interface?
metal_solute_depletion_modeling	what role does atomic probe tomography play in verifying simulated solute distributions?
metal_solute_depletion_modeling	how can neutron diffraction data be used to check macroscopic depletion models?
metal_solute_depletion_modeling	why is the finite volume approach preferred for conserving mass and momentum in these simulations?
metallographic_microstructure_analysis	how does the grain boundary intercept method according to astm e384 help determine grain size distributions in polycrystalline materials?
metallographic_microstructure_analysis	what role does beam energy play in controlling surface roughness during ion milling for tem analysis?
metallographic_microstructure_analysis	why is it important to use adhesive-free or conductive mounts when preparing metallographic samples?
metallographic_microstructure_analysis	how can cross-contamination during sample mounting or analysis lead to false positives like foreign particles or inclusions?
metallographic_microstructure_analysis	what information does comparing measured orientations against theoretical orientation relationships provide about a material's transformation mechanism?
metallography_and_edge_geometry	what etchant should I use to reveal the grain structure of my aluminum alloy specimen?
metallography_and_edge_geometry	how does the hardness of a metal phase guide my choice of cutting technique?
metallography_and_edge_geometry	why is it necessary to follow a specific sequence of polishing steps before examination?
metallography_and_edge_geometry	how can I avoid introducing a work-hardened layer that distorts the microstructure during preparation?
metallography_and_edge_geometry	in what way does the stability of my cutting machine influence the quality of the final prepared sample?
metallography_and_microstructural_analysis	How does sample preparation impact the accuracy of microstructural analysis?
metallography_and_microstructural_analysis	Why are fine, dispersed carbides important for improving material toughness?
metallography_and_microstructural_analysis	What role does EDS play in identifying alloying elements in specific microstructural regions?
metallography_and_microstructural_analysis	How do segmentation errors affect the reliability of microstructural measurements?
metallography_and_microstructural_analysis	What are the standard terminology rules for describing microstructural features according to ASTM E229?
metallography_and_microstructure_characterization	how does the coating process affect the accuracy of diffraction analysis in electron microscopy?
metallography_and_microstructure_characterization	what role does consistent magnification play in quantifying grain size distributions?
metallography_and_microstructure_characterization	can image segmentation software reliably distinguish between different grain orientations in complex microstructures?
metallography_and_microstructure_characterization	how does the processing history of a material influence the interpretation of fracture surfaces during failure analysis?
metallography_and_microstructure_characterization	in what ways do diffraction techniques contribute to determining phase fractions within a polycrystalline sample?
metallography	why is continuous pressure necessary when polishing metal samples?
metallography	how does Nye’s reagent improve etch depth for ferrous alloys?
metallography	what factors influence the crack propagation paths in metals?
metallography	how are phase volume fractions used to predict mechanical properties?
metallography	what causes localized heating during the polishing process?
metallurgical_heat_treatment	what happens to the metal structure if the cooling rate is too slow during quenching?
metallurgical_heat_treatment	how much internal stress does martensite create in the material?
metallurgical_heat_treatment	why is it important to control humidity in the quenching area?
metallurgical_heat_treatment	what signs indicate that my quenching oil has gone bad?
metallurgical_heat_treatment	how can I check if the inside of my part is intact after heat treatment?
metallurgy_and_alloy_smelting	what intermetallic compounds form during precipitation hardening in these alloys?
metallurgy_and_alloy_smelting	how do fluxes like limestone prevent high-melting-point phases in the ore?
metallurgy_and_alloy_smelting	why must water vapor be continuously removed during the smelting reaction?
metallurgy_and_alloy_smelting	how do higher cooling rates influence grain structure in the fusion zone?
metallurgy_and_alloy_smelting	what causes the residual stress distribution between weld metal and base metal?
metallurgy_and_materials_science	What is the effect of extended aging times on precipitate size and number density through Ostwald ripening?
metallurgy_and_materials_science	How do phase diagrams show equilibrium states based on composition and temperature?
metallurgy_and_materials_science	What are the two mechanisms by which dislocations interact with precipitates to increase strength?
metallurgy_and_materials_science	How does oxygen partial pressure and cooling rate influence the formation of oxide scales?
metallurgy_and_materials_science	What is the thermodynamic driving force for intermetallic formation?
metastable_phase_nucleation_kinetics	How does the crystal structure of a nucleus affect its stability during formation?
metastable_phase_nucleation_kinetics	Can intermediate phases reduce the energy required to start a new phase?
metastable_phase_nucleation_kinetics	Do external magnetic fields change the orientation of growing nuclei?
metastable_phase_nucleation_kinetics	What happens to nucleation rates when supersaturation becomes very high?
metastable_phase_nucleation_kinetics	How does the shape of a critical cluster change if non-spherical geometries are considered?
meteorology	What does high CAPE mean for storm development?
meteorology	How does the GPM radar measure rain intensity?
meteorology	Why does moderate wind shear help cyclones form?
meteorology	How does ensemble forecasting work in weather prediction?
meteorology	What does ensemble spread tell us about forecast reliability?
micro_machining_and_precision_surface_finishing_techniques	how can artificial intelligence forecast when a cutting tool is about to wear out during micro machining operations?
micro_machining_and_precision_surface_finishing_techniques	why must surface flatness be kept under 0.2 micrometers on small components?
micro_machining_and_precision_surface_finishing_techniques	what kind of cutting tools are necessary to achieve sub-micron surface roughness values?
micro_machining_and_precision_surface_finishing_techniques	how does adjusting machine parameters in real time help control the temperature of the cut?
micro_machining_and_precision_surface_finishing_techniques	in what range should residual compressive stress be maintained to improve fatigue life?
microcracking_prevention_through_controlled_cooling_protocols	how can i use pid controllers to automatically fix temperature spikes during the cooling phase?
microcracking_prevention_through_controlled_cooling_protocols	what happens to residual stress if i cool a material too quickly?
microcracking_prevention_through_controlled_cooling_protocols	why do grain boundaries with high misorientation angles become weak spots for microcracks?
microcracking_prevention_through_controlled_cooling_protocols	how do i balance cooling speed with my material's expansion rate to avoid internal damage?
microcracking_prevention_through_controlled_cooling_protocols	can i prevent thermal shock by matching the cooling protocol to the material's stiffness?
microfluidic_separation_systems	How do surface chemistry changes affect particle adhesion in microfluidic channels?
microfluidic_separation_systems	Is gravity a significant factor when designing separation devices at the micro-scale?
microfluidic_separation_systems	What role does the Reynolds number play in determining flow behavior within these devices?
microfluidic_separation_systems	Why is soft lithography preferred for research-grade microfluidic applications over other fabrication techniques?
microfluidic_separation_systems	How does the surface roughness of 3D printed parts compare to lithographic methods in terms of chemical resistance?
microstructural_control_in_glass_ceramics	how do surface coatings function to prevent additional crystallization or corrosion at the material's interface?
microstructural_control_in_glass_ceramics	what role does the residual amorphous phase play in enhancing the fracture toughness of glass ceramics?
microstructural_control_in_glass_ceramics	how does increasing the annealing temperature affect the reduction of internal residual stresses?
microstructural_control_in_glass_ceramics	why is the morphology of the crystalline grains determined by growth rates along specific crystallographic directions?
microstructural_control_in_glass_ceramics	how does the Arrhenius relationship explain the increase in atomic mobility and growth rate at higher temperatures?
microstructural_stability_modeling	What is the role of electron microscopy in validating the microstructural features used in stability models?
microstructural_stability_modeling	How does Ostwald ripening affect the long-term coarsening behavior of precipitates in alloys?
microstructural_stability_modeling	Why are level-set methods combined with phase-field models for better interface tracking?
microstructural_stability_modeling	What are the main limitations of thermodynamic databases when modeling high-entropy alloys?
microstructural_stability_modeling	Why can't atomistic simulations be used for predicting macroscopic properties in microstructural models?
microstructural_stress_mapping	how can direct electron detectors improve the quality of diffraction data for stress mapping?
microstructural_stress_mapping	what role does neutron reflectometry play in predicting crack propagation in materials?
microstructural_stress_mapping	how do high-resolution x-ray diffraction techniques capture orientation changes at the microstructural level?
microstructural_stress_mapping	can you explain how elastic scattering of electrons helps in identifying crystal lattice planes?
microstructural_stress_mapping	what is the benefit of using high frame rates and low noise thresholds when collecting diffraction data?
mineral_hardness_measurement_and_testing	what specific tools or equipment are needed to conduct an accurate scratch test on a mineral?
mineral_hardness_measurement_and_testing	can you explain how the triangular pyramid shape of the indenter helps in getting a more precise hardness result?
mineral_hardness_measurement_and_testing	is there a risk of damaging the mineral sample during the hardness testing process?
mineral_hardness_measurement_and_testing	why is fluorite specifically chosen as the standard mineral with a hardness value of four?
mineral_hardness_measurement_and_testing	how does the size of the indenter affect the accuracy of the hardness measurement?
mineralogical_property_characterization	what calibration standards must be used to ensure accuracy in quantitative electron microanalysis?
mineralogical_property_characterization	how does peak indexing software determine a mineral's crystal system from diffraction data?
mineralogical_property_characterization	why do ionic bonds generally produce stiffer minerals than covalent ones in comparable structures?
mineralogical_property_characterization	what environmental controls are necessary when curing epoxy resin for sample preparation?
mineralogical_property_characterization	what is the ideal thickness range for grinding thin sections before microscopic examination?
mirror_figure_control	how does the system use sensors to track the master limb's motion accurately?
mirror_figure_control	what role do servo motors play in maintaining stability during mirrored movements?
mirror_figure_control	how does the control system prevent oscillations and ensure smooth motion?
mirror_figure_control	why are redundant mechanical stops included in the mirror control system?
mirror_figure_control	how does the watchdog timer protect the system from communication failures or unexpected states?
mirror_manufacturing_and_optical_coating	what type of compound is used in the last polishing step of mirror production?
mirror_manufacturing_and_optical_coating	how can I tell if my mirror has hidden scratches from a quality check?
mirror_manufacturing_and_optical_coating	do I need to use chromatography to verify my mirror coatings are good?
mirror_manufacturing_and_optical_coating	what tool helps monitor the vacuum inside the deposition chamber?
mirror_manufacturing_and_optical_coating	can you recommend a way to polish the glass without making it rougher?
mixed_lubrication	why are wear particles in mixed lubrication considered an abrasive medium?
mixed_lubrication	how should I balance solid lubricant additives to prevent both boundary failure and abrasion?
mixed_lubrication	what surface finish is ideal for promoting a thicker hydrodynamic film?
mixed_lubrication	how do I choose the right lubricant viscosity to avoid excessive friction losses?
mixed_lubrication	what is the trade-off between forming a protective boundary layer and risking abrasive wear?
modal_analysis	How does the imaginary component of a complex eigenvalue indicate damping or energy loss in a system?
modal_analysis	Why is it critical to apply accurate boundary conditions when performing modal analysis?
modal_analysis	What happens to the eigenvalue problem when the system is transformed to preserve real eigenvalues and orthogonality?
modal_analysis	How are frequency response functions calculated from spectral data of response and excitation?
modal_analysis	In what way can residue matrices of frequency response functions be used to determine eigenvectors?
modern_c11_standards	how do I use atomic_load to read an atomic variable's value in c11?
modern_c11_standards	what is the purpose of sequential consistency in multi-threaded c11 programs?
modern_c11_standards	can i use posix_memalign for memory allocation in c11 applications?
modern_c11_standards	are there formal verification tools that can prevent buffer overflows in c code?
modern_c11_standards	how do pointer type specifiers work for matching pointer types in c11?
molecular_dynamics_simulation	how does the Verlet algorithm update atomic positions using previous and current data?
molecular_dynamics_simulation	what role do fast Fourier transforms play in calculating long-range forces efficiently?
molecular_dynamics_simulation	how do neighbor lists help reduce the computational cost of non-bonded interactions?
molecular_dynamics_simulation	in what way does particle mesh Ewald method improve electrostatic calculations in simulations?
molecular_dynamics_simulation	how does particle decomposition distribute work across multiple computing resources?
monetary_zone_theory_and_policy	what are the main costs associated with asymmetric shocks in a monetary zone?
monetary_zone_theory_and_policy	how does the prohibition of direct central bank financing affect national government budgets?
monetary_zone_theory_and_policy	why might a single central bank’s inflation target not suit all member countries?
monetary_zone_theory_and_policy	in what way does payment infrastructure efficiency impact a country’s financial competitiveness?
monetary_zone_theory_and_policy	how do national governments address productivity gaps without using central bank tools?
mortar_mix_design	what role do pozzolanic phases play in improving mortar strength and reducing permeability?
mortar_mix_design	how do temperature changes in extreme climates affect mortar performance?
mortar_mix_design	which construction methods require specific adjustments to mortar consistency and setting time?
mortar_mix_design	how does the interaction between paste and aggregate influence mechanical properties?
mortar_mix_design	what admixtures or water adjustments are needed when the w/c ratio is too low for proper placement?
mortar_rheology	How does the development of interparticle bonds influence the modulus of a mortar over time?
mortar_rheology	In what way does the spread index reflect the paste's resistance to lateral expansion during placement?
mortar_rheology	What factors govern the balance between van der Waals attraction and repulsion to determine yield stress?
mortar_rheology	How does improved bond strength contribute to load transfer within the mortar matrix?
mortar_rheology	Why is it important to correlate rheological parameters with workability indices for consistent mortar performance?
mortar_unit_interface_bonding_mechanics	how does the temperature difference between mortar and brick affect the bond strength?
mortar_unit_interface_bonding_mechanics	what happens to the interface when the air is too dry during laying?
mortar_unit_interface_bonding_mechanics	why are local building codes important for choosing compatible substrates?
mortar_unit_interface_bonding_mechanics	how does mechanical interlock contribute to the overall strength of the bond?
mortar_unit_interface_bonding_mechanics	what are the risks of using a mortar mix that doesn't match the masonry unit?
mortise_and_tenon_joinery	how do I ensure the tenon shoulder sits perfectly flush with the mortise top?
mortise_and_tenon_joinery	what should I do if the joint feels loose after the wood has dried over time?
mortise_and_tenon_joinery	how can I check my tenon dimensions for accuracy before cutting?
mortise_and_tenon_joinery	why is controlling wood moisture important for keeping the mortise and tenon aligned?
mortise_and_tenon_joinery	how do I clamp the joint properly to avoid distorting the wood?
multi_omics_integration	how does liquid-liquid extraction contribute to the preprocessing steps in metabolomics workflows?
multi_omics_integration	what role do normalization techniques like total sum scaling play in reducing technical noise in multi-omics datasets?
multi_omics_integration	why is maintaining statistical rigor important when projecting multi-omics data for joint interpretation?
multi_omics_integration	how do dense embeddings generated from multi-omics data improve the accuracy of supervised learning models?
multi_omics_integration	in network-based multi-omics analysis, what is the significance of identifying seed nodes at the beginning of traversal?
multi_version_concurrency_control	What happens when a transaction tries to access a data item version that was created after it started?
multi_version_concurrency_control	Do readers ever have to wait for writers to finish their updates in this system?
multi_version_concurrency_control	Why does the database have to roll back changes when a transaction is found to be invalid?
multi_version_concurrency_control	What determines whether a specific version of a data item is still useful or can be deleted?
multi_version_concurrency_control	How does the system know when a transaction has successfully committed its changes?
multibody_dynamics	How can I improve the numerical stability of the linear system in my multibody dynamics solver?
multibody_dynamics	What role do bounding volume hierarchies play in the collision detection process?
multibody_dynamics	How can I handle unilateral contact constraints in my simulation model?
multibody_dynamics	Why is scaling the constraint Jacobian matrix recommended for solving the dynamic equations?
multibody_dynamics	What is the difference between using Lagrange multipliers and a penalty method for constraints?
multivector_calculus	How does the geometric product’s associativity influence the way different components interact in multivector calculus?
multivector_calculus	What role do basis vectors play in defining the inner product within this algebraic framework?
multivector_calculus	Can you explain how multiplying a vector by a bivector results in another vector?
multivector_calculus	Why is the inverse of the vector derivative operator necessary for solving problems involving current density?
multivector_calculus	How do rotations and translations combine when represented as operators in multivector calculus?
network_protocols	How does a recursive resolver communicate the final answer back to the authoritative server?
network_protocols	What specific mechanisms does BGP use to decide which path is most suitable for routing traffic?
network_protocols	How can multiple application data streams be sent at the same time on a single connection?
network_protocols	What steps are involved in the cryptographic handshake for establishing secure connections?
network_protocols	How does ALPN help a client and server agree on which application protocol to use?
neuroimaging_and_electrophysiology	Can Tikhonov regularization help reduce noise in electrophysiological source localization without losing real signal details?
neuroimaging_and_electrophysiology	Why is cross-validation considered essential when training machine learning models to detect neural oscillations?
neuroimaging_and_electrophysiology	How does the slow hemodynamic response in fMRI blur the timing of neural events compared to direct electrophysiology?
neuroimaging_and_electrophysiology	What do precise spatiotemporal registration techniques enable when linking brain wave patterns to specific anatomical structures?
neuroimaging_and_electrophysiology	Is there a way to combine high temporal resolution from electrophysiology with the detailed spatial maps of imaging techniques?
neutron_depth_profiling	Why is cryogenic cooling essential for maintaining the efficiency of deuterium neutron sources?
neutron_depth_profiling	How does the exponential decrease in neutron flux relate to the material's attenuation coefficient?
neutron_depth_profiling	What role do absorption corrections play when analyzing the depth profiles from a neutron depth profiling experiment?
neutron_depth_profiling	Why are precise thickness measurements necessary during the sample preparation process?
neutron_depth_profiling	Can variations in beam alignment significantly impact the overall accuracy of the depth profiling results?
non_competitive_inhibition	what experimental evidence distinguishes non-competitive inhibition from uncompetitive inhibition during pre-steady-state analysis?
non_competitive_inhibition	how does the inhibition constant Ki change when substrate concentration increases in the case of pure non-competitive inhibitors?
non_competitive_inhibition	why do non-competitive inhibitors fail to be overcome by adding more substrate compared to competitive inhibitors?
non_competitive_inhibition	what structural features typically characterize the allosteric binding site for non-competitive inhibitors?
non_competitive_inhibition	how does the Vmax of an enzyme change in the presence of a non-competitive inhibitor while Km stays the same?
non_destructive_testing_and_quality_assurance	how does the shape of a probe coil influence the area of material being examined?
non_destructive_testing_and_quality_assurance	what physical mechanisms cause ultrasonic waves to reveal internal flaws?
non_destructive_testing_and_quality_assurance	how is the proper magnetizing current selected based on a component's design and composition?
non_destructive_testing_and_quality_assurance	in what way does cpk measure a manufacturing process's ability to meet standards?
non_destructive_testing_and_quality_assurance	how do digital filters help separate useful defect signals from background noise?
non_destructive_testing_of_timber	Do moisture gradients within timber cause scattering of ultrasonic signals?
non_destructive_testing_of_timber	How does statistical filtering help distinguish environmental noise from genuine structural anomalies?
non_destructive_testing_of_timber	What do Fast Fourier Transform algorithms convert time-domain acoustic signals into for defect characterization?
non_destructive_testing_of_timber	Which ASTM D2585 method estimates the modulus of elasticity in timber?
non_destructive_testing	what role does the Beer-Lambert law play in determining the intensity of radiation after it passes through a specific material?
non_destructive_testing	how does the choice of frequency affect the depth of penetration in eddy current testing?
non_destructive_testing	what are the specific calibration and maintenance requirements outlined in ASME Section V Part 2?
non_destructive_testing	why are coupling agents typically avoided when performing eddy current tests?
non_destructive_testing	what kinds of inspections and testing procedures are detailed in ASME Section V Part 9?
non_equilibrium_phase_diagram_calculation	why do mean-field approximations fail near critical points in non-equilibrium phase transitions?
non_equilibrium_phase_diagram_calculation	how does the delay time between excitation and probing pulses influence the resolution of kinetic effects?
non_equilibrium_phase_diagram_calculation	what role does the continuous energy flux from external driving forces play in maintaining non-equilibrium states?
non_equilibrium_phase_diagram_calculation	can kinetic Monte Carlo simulations accurately capture the stochastic nature of phase transitions at the atomic level?
non_equilibrium_phase_diagram_calculation	how do path-dependencies in non-equilibrium phase diagrams differ from traditional equilibrium phase behavior?
non_linear_structural_dynamics_and_vibration_isolation_systems	how do non-smooth discontinuities in the equations affect the accuracy of standard linear vibration theory?
non_linear_structural_dynamics_and_vibration_isolation_systems	what phenomenon causes the system to jump between stable and unstable response branches due to amplitude-dependent frequency shifts?
non_linear_structural_dynamics_and_vibration_isolation_systems	how does friction introduce rate-independent hysteresis into the force-displacement relationship?
non_linear_structural_dynamics_and_vibration_isolation_systems	why is it necessary to shift the effective natural frequency away from the excitation spectrum as amplitude increases?
non_linear_structural_dynamics_and_vibration_isolation_systems	how does the energy transfer between translational and rotational modes change at resonance frequencies?
non_ribosomal_peptide_synthetase_assembly	How do hydrophobic interactions within the enzyme pocket influence substrate binding and specificity?
non_ribosomal_peptide_synthetase_assembly	What role do epigenetic modifications like DNA methylation play in regulating NRPS gene expression?
non_ribosomal_peptide_synthetase_assembly	How does the cyclization domain facilitate intramolecular amide bond formation to create cyclic peptides?
non_ribosomal_peptide_synthetase_assembly	In what ways do global regulatory networks respond to environmental cues to control biosynthetic gene clusters?
non_ribosomal_peptide_synthetase_assembly	How is the active site serine regenerated after the hydrolysis of the peptide intermediate?
nucleation_and_growth_kinetics	what role does the molar volume parameter play in the thermodynamics of phase transformations?
nucleation_and_growth_kinetics	how does a high boundary velocity affect solute atom diffusion and the resulting growth kinetics?
nucleation_and_growth_kinetics	what distinguishes spinodal decomposition from nucleation and growth in polymer phase separation?
nucleation_and_growth_kinetics	why do non-classical nucleation mechanisms involve metastable intermediate states instead of going directly to the final crystal?
nucleation_and_growth_kinetics	how does solute drag influence the rate of interface movement during solidification?
nucleation_and_growth_kinetics_simulation	What is the relationship between the attachment coefficient and the physical properties of the diffusing monomers?
nucleation_and_growth_kinetics_simulation	Why are phase-field models preferred over atomistic simulations for larger systems and longer durations?
nucleation_and_growth_kinetics_simulation	How does the free energy functional mathematically couple the order parameter with solute concentration?
nucleation_and_growth_kinetics_simulation	What is the specific role of Voronoi tessellation in analyzing the output of phase-field simulations?
nucleation_and_growth_kinetics_simulation	How can simulated results be quantitatively compared against experimental data from scanning electron microscopy?
nucleation_kinetics	How does the angle at which a crystal meets a substrate surface influence the energy needed to start forming?
nucleation_kinetics	Why do larger clusters follow a specific mathematical tail in their size distribution during steady growth?
nucleation_kinetics	How does the initial number of nuclei formed decide how far apart the growing particles end up being?
nucleation_kinetics	What impact does the final arrangement of the microstructure have on the material's ability to conduct electricity?
nucleation_kinetics	How does increasing the concentration of solute influence the critical size required for stable nuclei to form?
numerical_analysis_and_interpolation	how can we determine the exact error of a numerical solution without knowing the true function values?
numerical_analysis_and_interpolation	what role do CSR and CSC formats play in speeding up linear algebra operations?
numerical_analysis_and_interpolation	how does the divided difference table method help in constructing interpolation polynomials?
numerical_analysis_and_interpolation	why is bending energy used as a criterion for choosing the optimal interpolating curve?
numerical_analysis_and_interpolation	how do ghost points help enforce boundary conditions in finite difference schemes?
numerical_geophysics	How does the choice of smoothing width affect the trade-off between source bandwidth and numerical dispersion?
numerical_geophysics	Why is the zero traction condition specifically applied to the topmost grid nodes in the model?
numerical_geophysics	What role do Biot coefficients play in coupling the solid stress and fluid pressure?
numerical_geophysics	Why are explicit schemes often unstable for simulating wave propagation and fluid diffusion?
numerical_geophysics	How does hybrid parallelization improve performance by combining message-passing with shared-memory threading?
numerical_methods	what is the role of numerical quadrature in determining the stiffness matrix for each element?
numerical_methods	how does algebraic multigrid use grid hierarchy to speed up solving large sparse systems?
numerical_methods	where does the jacobian matrix come from in nonlinear problem formulations?
numerical_methods	why is preserving stability important when evaluating nonlinear terms in spectral methods?
numerical_methods	how can i obtain a lower triangular factor from an asset correlation matrix?
numerical_optimization_methods	how does the choice of convergence threshold impact how long an optimization algorithm runs?
numerical_optimization_methods	what role does convexity play in ensuring that a local minimum is the best possible solution?
numerical_optimization_methods	why are finite difference methods considered computationally expensive as the problem size grows?
numerical_optimization_methods	does stopping when the function value changes slightly guarantee a high-quality result?
numerical_optimization_methods	can you describe how scaling affects the condition number of the Hessian matrix?
numerical_solution_of_laplace_s_equation	what determines whether jacobi and gauss-seidel methods converge for stationary laplace solvers?
numerical_solution_of_laplace_s_equation	how does the condition number of the system matrix affect the computational cost of solving laplace's equation?
numerical_solution_of_laplace_s_equation	why do asynchronous iterative solvers improve scalability on heterogeneous hardware for laplace problems?
numerical_solution_of_laplace_s_equation	how do multigrid techniques handle high and low frequency errors when solving laplace's equation?
numerical_solution_of_laplace_s_equation	how is the system matrix for laplace's equation built using flux approximations across control volume faces?
open_channel_flow_analysis	how does the Froude number help predict the depth of water after a hydraulic jump?
open_channel_flow_analysis	what is the role of the logarithmic velocity profile in modeling open channel flow?
open_channel_flow_analysis	how does the finite difference method divide a river reach for numerical analysis?
open_channel_flow_analysis	in what situations is the kinematic wave approximation suitable for flood routing?
open_channel_flow_analysis	when can I safely ignore lateral variations and use a one-dimensional model for river analysis?
open_channel_flow_design	why is critical depth calculation necessary for each section of an open channel design?
open_channel_flow_design	how does the Froude number help engineers maintain stability in water flow?
open_channel_flow_design	what does specific energy mean in the context of open channel hydraulics?
open_channel_flow_design	how does using a lower energy slope influence the overall channel gradient?
open_channel_flow_design	why are computational models like HEC-RAS preferred for one-dimensional hydraulic design?
open_channel_flow_hydraulics	What is the physical meaning of specific energy in open channel flow?
open_channel_flow_hydraulics	How does the hydraulic radius influence the velocity in uniform open channel flow?
open_channel_flow_hydraulics	Why are friction forces ignored when analyzing a direct hydraulic jump?
open_channel_flow_hydraulics	What does the energy slope represent in Manning’s equation for open channel flow?
open_channel_flow_hydraulics	Why are there two possible downstream depths for a given upstream condition in a hydraulic jump?
open_channel_hydraulics	how is the mean velocity calculated using flow rate and cross-sectional area?
open_channel_hydraulics	what does the momentum equation account for in open channel flow analysis?
open_channel_hydraulics	how are the spatial and temporal domains discretized when solving the governing equations?
open_channel_hydraulics	what is the significance of hydraulic depth in the calculation of flow parameters?
open_channel_hydraulics	how is the Froude number defined in terms of flow velocity and gravitational acceleration?
operating_systems_sched	What is the purpose of binding threads to specific memory nodes in NUMA systems?
operating_systems_sched	How does the CFS algorithm use vruntime to determine which task runs next?
operating_systems_sched	Why does Bounded Priority Inheritance limit the priority boost of a resource-holding task?
operating_systems_sched	How do SCHED_FIFO and SCHED_RR policies differ from standard process scheduling in Linux?
operating_systems_sched	What problem does NUMA memory node balancing solve regarding access latency?
operational_transformation	can you explain the role of the associativity property in how operations are combined during real-time collaboration?
operational_transformation	what specific data structures are typically used to represent the document state in operational transformation systems?
operational_transformation	how does the local document model on the client side keep track of changes before they are sent to the server?
operational_transformation	in what ways does operational transformation prevent data loss when users are editing a document concurrently?
operational_transformation	can you describe the process by which the system ensures all clients eventually reach the same final document state?
optical_coherence_tomography	how does the signal-to-noise ratio scale with the power of the light source in OCT?
optical_coherence_tomography	what happens to the interference contrast when the reference and sample arms are not perfectly matched in length?
optical_coherence_tomography	how does spectral windowing affect the quality of the depth profile in OCT imaging?
optical_coherence_tomography	what are the trade-offs between scan speed and deflection angle when using acousto-optic deflectors?
optical_coherence_tomography	why is precise control of the RF drive signal necessary for acousto-optic deflector-based OCT systems?
optical_diffraction_and_wavefront_analysis	how can pixel-level non-uniformities in the averaged image be removed using flat-field correction?
optical_diffraction_and_wavefront_analysis	what role does the beam waist location and radius after the lens play in determining the transformed q parameter?
optical_diffraction_and_wavefront_analysis	how does the finite pixel pitch influence the maximum spatial frequency that can be encoded without aliasing artifacts?
optical_diffraction_and_wavefront_analysis	why is the resulting complex amplitude distribution in the far field described as the product of two sinc functions corresponding to the x and y dimensions?
optical_diffraction_and_wavefront_analysis	how do you determine the beam waist location and radius after the lens by solving for the real and imaginary parts of the transformed q parameter?
optical_interferometry	how does the refractive index of air affect the accuracy of my optical path length measurements?
optical_interferometry	what happens to the interference pattern if I introduce a slight tilt between the two beams?
optical_interferometry	how can I calculate the coherence length of my laser source from its spectral width?
optical_interferometry	why does the mutual coherence function relate to the stability of the fringes?
optical_interferometry	what role does aperture size play in determining the spatial coherence of the beam?
optical_metrology	What physical mechanism causes refractive index variations in the optical path?
optical_metrology	Why is the phase information of a diffracted wave lost during detection?
optical_metrology	How does the spatial domain algorithm enforce constraints on the object support?
optical_metrology	What equation relates the measured phase difference to the actual phase difference?
optical_metrology	How does temperature gradient impact the phase shift in optical measurements?
optical_path_length_matching	why do I need to match the optical path lengths in my interferometer setup?
optical_path_length_matching	how does the coherence length limit affect my ability to observe interference fringes?
optical_path_length_matching	what role does phase stability play in achieving perfect constructive interference?
optical_path_length_matching	how can I ensure the two light beams maintain a constant phase relationship?
optical_path_length_matching	what causes the interference pattern to disappear when the path difference exceeds a certain value?
optical_system_design	How can I reduce chromatic aberration by selecting glass materials with different dispersion characteristics?
optical_system_design	What determines the maximum spatial resolution of my optical system based on aperture and wavelength?
optical_system_design	How can I implement active thermal management to maintain system stability during operation?
optical_system_design	What role does adaptive optics play in compensating for time-varying atmospheric or mechanical distortions?
optical_system_design	How do I ensure coating materials do not absorb light across the desired spectral band?
optical_thin_film_design_and_modeling	What constraints are placed on the imaginary part of the refractive index during optical design?
optical_thin_film_design_and_modeling	How does RCWA handle the calculation of Fourier coefficients for electric and magnetic fields?
optical_thin_film_design_and_modeling	Why must the tangential components of fields remain continuous at each interface?
optical_thin_film_design_and_modeling	What role does the biaxial stress tensor play in describing mechanical states in thin films?
optical_thin_film_design_and_modeling	How does stress-induced birefringence influence the interference fringes in multilayer stacks?
optical_wavefront_reconstruction	how does the ratio of pupil diameter to wavelength limit the number of correctable modes in wavefront reconstruction?
optical_wavefront_reconstruction	can interference patterns capture phase information alongside amplitude in optical systems?
optical_wavefront_reconstruction	what makes the phase retrieval problem ill-posed during detection in wavefront reconstruction?
optical_wavefront_reconstruction	how does increasing wavelength affect the accuracy of wavefront reconstruction?
optical_wavefront_reconstruction	what role does redundancy play in resolving ambiguities in single-shot phase retrieval?
organic_chemistry_and_fermentation	how can i keep enough oxygen dissolved in my fermenter when the culture is growing fast?
organic_chemistry_and_fermentation	what kind of enzymes do bacillus bacteria secrete to break down proteins and fats?
organic_chemistry_and_fermentation	does removing hemicellulose with a base actually help cellulase enzymes reach their target?
organic_chemistry_and_fermentation	is phosphoglycerate involved in making glycerol or just being a dead end?
organic_chemistry_and_fermentation	how much saponification do i need to do before pretreatment so enzymes can work properly?
osmotic_potential_dynamics	How does the reflection coefficient change when solutes become more permeant through the membrane?
osmotic_potential_dynamics	Why does accumulating solutes in the vacuole help the cell build up turgor pressure?
osmotic_potential_dynamics	How does osmotic stress affect enzyme activity through macromolecular crowding?
osmotic_potential_dynamics	What happens to ion channels and transporters when membrane fluidity changes?
osmotic_potential_dynamics	How do non-permeant solutes compared to permeant ions influence water movement across membranes?
out_of_band_communication_signaling	How does the use of separate copper or fiber links help isolate control traffic from data traffic?
out_of_band_communication_signaling	Why would a network administrator configure rate limiting for signaling packets?
out_of_band_communication_signaling	What role do access control lists play in managing out-of-band signaling traffic?
out_of_band_communication_signaling	How does sending a signaling request packet over a dedicated interface work?
out_of_band_communication_signaling	Why are multiple independent control channels deployed to ensure redundancy?
oxidative_melaninogenesis_pathways	What role does molecular oxygen play in the catalytic cycle of melanin synthesis?
oxidative_melaninogenesis_pathways	How does a lack of dietary tyrosine affect the color of skin pigmentation?
oxidative_melaninogenesis_pathways	What chemical reactions are responsible for the polymerization of DOPA-quinone into melanin?
oxidative_melaninogenesis_pathways	Why is immunohistochemical staining with melanin-specific antibodies useful for identifying pigment-positive cells?
oxidative_melaninogenesis_pathways	What are the two primary forms of melanin produced through non-enzymatic polymerization?
page_splitting_algorithms	what mechanism ensures the free page list is properly updated after a split occurs?
page_splitting_algorithms	why does page splitting happen specifically when content exceeds page dimensions?
page_splitting_algorithms	how is the leftover data distributed when a page is divided?
page_splitting_algorithms	what role do segmentation schemes play in triggering page splits?
page_splitting_algorithms	how does the ratio of physical memory to allocation units bound the split count?
pairing_based_cryptography	What role does the Miller loop play in pairing evaluation and how can it be optimized?
pairing_based_cryptography	How does the symmetry of the Weil pairing compare with the properties of the Tate pairing?
pairing_based_cryptography	What mathematical problem underpins the security of the Bilinear Diffie-Hellman assumption?
pairing_based_cryptography	How is a digital signature verified using a pairing operation and public key components?
pairing_based_cryptography	What trade-offs must be considered when selecting field sizes to achieve optimal security in pairing-based schemes?
pairing_based_signature_schemes	how does the Ate pairing optimization reduce the computational cost of the Miller loop compared to the standard Weil pairing?
pairing_based_signature_schemes	what role does the embedding degree k=12 play in the security and performance trade-offs of BLS12-381 curves?
pairing_based_signature_schemes	how do GLV endomorphisms on supersingular curves achieve approximately a two-fold speedup in scalar multiplication?
pairing_based_signature_schemes	why are BN curves and BLS12-381 commonly chosen as parameter sets for pairing-based signature schemes?
pairing_based_signature_schemes	how does the trace of Frobenius influence the minimization of the exponent size in optimal Ate pairings?
partial_synchrony_models	how can dynamic timeout mechanisms accurately estimate the unknown bound delta in a partially synchronous network?
partial_synchrony_models	why is it necessary for any two valid quorums to share at least one honest node to prevent conflicting decisions?
partial_synchrony_models	how does the requirement that message delays must be bounded after GST influence the design of consensus algorithms?
partial_synchrony_models	what mechanisms ensure that safety is maintained even when the system is operating in the asynchronous phase before GST?
partial_synchrony_models	how do distributed systems detect when the Global Stabilization Time has occurred if it is not provided by an external oracle?
pattern_recognition	how does the attention mechanism capture long-range relationships in sequences?
pattern_recognition	what is the function of fully connected layers in the final classification stage?
pattern_recognition	how do the two networks in GANs compete during the training process?
pattern_recognition	why do reinforcement learning agents use intrinsic curiosity to encourage novelty?
pattern_recognition	in what way do contextual bandits adjust their exploration based on state similarity?
perceptual_color_mapping	What role does ICC profile data play in ensuring accurate color reproduction across different monitors or printers?
perceptual_color_mapping	How does gamut mapping work when a digital image contains colors that a target display cannot physically reproduce?
perceptual_color_mapping	What do the a* and b* values in CIELAB actually signify in terms of human color perception?
perceptual_color_mapping	How can perceptual uniformity metrics help designers choose between different color spaces for their projects?
perceptual_color_mapping	Why are the x and y coordinates from CIE 1931 transformed into the more perceptually meaningful L*, a*, and b* components?
permeable_pavement	how does the slope of the installation influence where the water goes after it hits the ground?
permeable_pavement	what kind of rocks are best for the foundation layer to keep the system from clogging?
permeable_pavement	does the color of the pavement material help protect the groundwater temperature?
permeable_pavement	how does it rain a lot lately impact the way this surface handles stormwater?
permeable_pavement	is there a point where these roads stop collecting rainwater and start sending it straight to the drain?
phase_diagram_analysis	how do you determine the equilibrium compositions using the common tangent construction on a phase diagram?
phase_diagram_analysis	why does external pressure cause phase boundaries to shift in a phase diagram?
phase_diagram_analysis	what role does the Legendre transform play in relating different thermodynamic potentials in phase analysis?
phase_diagram_analysis	how can you use phase field simulations to validate experimental observations of microstructure?
phase_diagram_analysis	what condition must be met for phase boundaries when external fields are present?
phase_field_modeling_of_solidification	How does the kinetic anisotropy function influence the growth direction and stability of dendrites?
phase_field_modeling_of_solidification	What is the effect of modifying the mobility term on the interface velocity during solidification?
phase_field_modeling_of_solidification	How do adaptive spatial discretization methods improve the simulation of complex solidification patterns?
phase_field_modeling_of_solidification	Can you explain how the double-well potential helps differentiate between solid and liquid phases in the model?
phase_field_modeling_of_solidification	Why is strong coupling between order parameters and concentration fields important for capturing non-equilibrium partitioning?
phase_field_modeling	what role do preconditioned Krylov solvers play in solving the linear systems from phase field discretization?
phase_field_modeling	how does operator splitting help when solving the coupled diffusion and reaction terms?
phase_field_modeling	why is artificial viscosity often used in phase field simulations?
phase_field_modeling	does the Neumann boundary condition with zero flux guarantee mass conservation in closed systems?
phase_field_modeling	how does adaptive mesh refinement help resolve sharp interfaces efficiently?
phase_problem	why does an odd multiple of pi cause destructive interference in wave superposition?
phase_problem	can atmospheric turbulence ruin the clarity of interference fringes over long distances?
phase_problem	how does a beam splitter create two separate paths for light?
phase_problem	are statistical properties of structure factors used to guess initial phase values?
phase_problem	does collecting data at multiple wavelengths help solve the phase problem?
phase_transfer_catalysis	what type of catalyst structure is needed if I want it to be solid instead of dissolved?
phase_transfer_catalysis	how can I figure out the best logP value for choosing a phase transfer catalyst?
phase_transfer_catalysis	why is it important to separate the catalyst from the product after the reaction?
phase_transfer_catalysis	can I use ion-exchange methods if my catalyst is immobilized on a support material?
phase_transfer_catalysis	how do I prevent my catalyst from breaking down when the reaction gets warm?
phase_transformation_kinetics_and_alloy_design	what drives the precipitation process in supersaturated solid solutions according to chemical potential differences?
phase_transformation_kinetics_and_alloy_design	how do non-equilibrium boundary conditions in phase-field models capture transient diffusion phenomena?
phase_transformation_kinetics_and_alloy_design	in what ways do elastic strain energy and lattice mismatch affect the local growth rate of phases?
phase_transformation_kinetics_and_alloy_design	why is it necessary to use anisotropic interfacial energy terms when simulating dendrite arm spacing?
phase_transformation_kinetics_and_alloy_design	how does the combination of reduced bulk driving force and Gibbs-Thomson effects suppress nucleation at small scales?
phase_transformation_kinetics_and_thermodynamics	how does the time variable influence the transformed volume fraction in the mathematical model X(t) = 1 - exp(-kt^n)?
phase_transformation_kinetics_and_thermodynamics	what does the exponent n in the Avrami equation represent regarding the growth mechanism of the new phase?
phase_transformation_kinetics_and_thermodynamics	why is the supersaturation lower for smaller particles compared to larger ones during phase transformation?
phase_transformation_kinetics_and_thermodynamics	how does the pre-exponential factor relate to atomic mobility and the frequency of successful transformation attempts?
phase_transformation_kinetics_and_thermodynamics	what happens to the driving force for phase formation as the system approaches equilibrium solubility?
phase_transformation_kinetics	how does the Avrami exponent change when nucleation occurs continuously during three-dimensional growth?
phase_transformation_kinetics	what role does lattice mismatch play in modifying the interfacial energy during phase transformation?
phase_transformation_kinetics	how does the starting temperature dictate the final product fraction in an athermal martensitic transformation?
phase_transformation_kinetics	why is chemical partitioning possible in diffusion-controlled transformations but not in martensitic ones?
phase_transformation_kinetics	how does crystallographic orientation of the substrate impact the kinetics of nucleation?
phase_transitions_in_condensed_matter	how do topological defects affect the formation of long-range order in low-dimensional materials?
phase_transitions_in_condensed_matter	what role does the dynamical critical exponent play in scaling behavior near quantum critical points?
phase_transitions_in_condensed_matter	how does the renormalization group approach explain universality classes in phase transitions?
phase_transitions_in_condensed_matter	what determines whether a phase transition is first-order or continuous in condensed matter systems?
phase_transitions_in_condensed_matter	how does spatial dimensionality influence the critical properties of quantum phase transitions?
phase_transitions	How does the gradient energy coefficient influence the formation of modulated structures?
phase_transitions	What role do irrelevant operators play in determining universal critical properties?
phase_transitions	How can experimental techniques be used to map out phase diagrams across temperature and composition?
phase_transitions	Why must the interface between magnetic materials and heat exchangers be optimized for thermal contact?
phase_transitions	How does magnetic susceptibility behave near the critical point?
phloem_loading_and_unloading	How does the PLC complex return to its starting position after sugar transport occurs?
phloem_loading_and_unloading	What specific protein helps regulate the activity of the SUT4 transporter?
phloem_loading_and_unloading	How do researchers use radioactive glucose to measure the speed of phloem loading?
phloem_loading_and_unloading	What kind of color changes occur when voltage-sensitive dyes detect phloem unloading?
phloem_loading_and_unloading	Which cellular structures work together to keep the pressure difference needed for sugar movement?
phloem_translocation	how does the lack of a nucleus in sieve tubes affect sugar flow?
phloem_translocation	what role do proton pumps play in loading sugars into phloem?
phloem_translocation	what temperature range supports the best phloem transport in C3 plants?
phloem_translocation	how is sink strength calculated in plants?
phloem_translocation	when does phloem translocation stop in a plant?
photoelectric_effect_quantification	how does increasing the brightness of the light affect the number of electrons released?
photoelectric_effect_quantification	what role does the stopping potential play in measuring electron energy?
photoelectric_effect_quantification	why does changing the color of the light matter more than its intensity?
photoelectric_effect_quantification	how can the graph of current versus voltage help find the threshold frequency?
photoelectric_effect_quantification	does the material's surface temperature influence the photoelectric output?
photoemission_spectroscopy	What is the mathematical relationship between kinetic energy, photon frequency, and binding energy in this technique?
photoemission_spectroscopy	How does the choice of X-ray source energy affect the resolution of the resulting spectrum?
photoemission_spectroscopy	Why must the energy scale be adjusted using the Fermi level or a standard reference?
photoemission_spectroscopy	What determines how the electron relaxes after a core-level vacancy is formed?
photoemission_spectroscopy	How does changing the wavelength of the incident light shift the positions of spectral peaks?
photogrammetry	what is the purpose of using weighted least squares in photogrammetric adjustments?
photogrammetry	how are ground control points determined and assigned coordinates?
photogrammetry	what role does the fundamental matrix play in relating points between images?
photogrammetry	how does sensor noise affect photogrammetry results and how is it handled?
photogrammetry	which atmospheric models are typically used in photogrammetry processing?
photonics	How does modifying group velocity dispersion help manage pulse broadening in photonic systems?
photonics	What are the specific effects of stress-induced birefringence on signal integrity in fiber optics?
photonics	Why is the collection efficiency of electron-hole pairs a limiting factor for photodetector performance?
photonics	How do physical changes caused by mechanical stress impact the phase stability of resonators?
photonics	What methods are commonly used to protect photonic devices from mechanical degradation?
photoperiodism_and_photomorphogenesis	Why do young shoots have more light sensors than mature leaves?
photoperiodism_and_photomorphogenesis	Which wavelength of light does the Pfr phytochrome form absorb best?
photoperiodism_and_photomorphogenesis	How do cryptochrome 1 and phytochrome B work together to trigger growth changes?
photoperiodism_and_photomorphogenesis	What happens to phytochrome when it is in its inactive P500 state?
photoperiodism_and_photomorphogenesis	How do scientists figure out which proteins interact in the phytochrome signaling pathway?
physical_storage_layout	what software tools are typically used to simulate warehouse layouts before construction?
physical_storage_layout	how do warehouse management systems communicate with physical inventory tracking devices?
physical_storage_layout	what are the main considerations when selecting the weight capacity of storage racks?
physical_storage_layout	how are pick paths determined within a warehouse to minimize walking time?
physical_storage_layout	why is it important to keep aisles wide enough for heavy equipment to move safely?
picking_path_optimization	how does aisle width impact the turning radius and speed limits for material handling equipment in a warehouse?
picking_path_optimization	when optimizing for multiple robots, what strategies are used to prevent collisions and balance the load across the fleet?
picking_path_optimization	how can warehouse execution system (WES) congestion data be used to prevent bottlenecks during the picking process?
picking_path_optimization	why are path optimization algorithms specifically important for block racking systems to minimize the number of turns?
picking_path_optimization	what key factors should drive-in lane path optimization algorithms prioritize to handle deep storage efficiently?
piezoelectric_actuation	how does applying a short-circuit boundary condition change the piezoelectric response compared to other electrical conditions?
piezoelectric_actuation	what is the mathematical relationship between the direct and converse coefficients in piezoelectric materials?
piezoelectric_actuation	which drive waveform should I choose if my primary goal is achieving maximum displacement?
piezoelectric_actuation	what type of sensor is typically used in closed-loop systems to correct piezo actuator drift?
piezoelectric_actuation	why are lutetium-based materials preferred over polycrystalline ceramics for high-linearity applications?
piezoelectric_transduction	How does the choice of substrate material affect the overall transduction efficiency?
piezoelectric_transduction	Why is sputtering often the technique of choice for depositing conductive layers?
piezoelectric_transduction	What specific properties make ceramic materials like PZT stand out in piezoelectric applications?
piezoelectric_transduction	In what way do thin-film geometries help improve the performance of the device?
piezoelectric_transduction	How does the preamplifier contribute to the signal quality after transduction?
pile_group_load_distribution	What does the group efficiency factor measure in terms of pile group performance?
pile_group_load_distribution	How does pile stiffness influence the distribution of applied loads within a group?
pile_group_load_distribution	What impact does a lower neutral plane have on bending stresses along a pile?
pile_group_load_distribution	Why is finite element analysis useful for modeling pile-soil interactions?
pile_group_load_distribution	How does cap flexibility affect the differential settlement analysis of a pile group?
pipe_network_analysis	what components make up the total head at any node in a pipe network?
pipe_network_analysis	how are minor head losses determined when analyzing pipe systems?
pipe_network_analysis	what is the primary unknown when using the method of loops for pipe flow?
pipe_network_analysis	how does the continuity equation link pressure changes with fluid density variations?
pipe_network_analysis	where exactly must boundary conditions be set in a pipe network model?
pipelined_consensus_protocols	how does the system avoid latency bottlenecks when many nodes are trying to agree at once?
pipelined_consensus_protocols	what role do fast storage devices play in keeping up with the consensus log?
pipelined_consensus_protocols	how many nodes need to respond before a new round can start safely?
pipelined_consensus_protocols	why is it important for nodes to sync their state when their histories fall out of sync?
pipelined_consensus_protocols	how does the design protect against faulty nodes while still moving quickly?
piston_ring_sealing_technology	What role does carbon percentage play in preventing piston ring wear?
piston_ring_sealing_technology	How does groove depth influence the ring's ability to maintain proper contact?
piston_ring_sealing_technology	Why is a specific surface texture crucial for forming a good gas barrier?
piston_ring_sealing_technology	What material properties help protect rings from hot combustion gases?
piston_ring_sealing_technology	How does the honing process contribute to uniform ring expansion?
planar_graph_embedding	What does it mean for a planar graph embedding to be considered valid according to the algorithm?
planar_graph_embedding	How is a planar dual graph constructed from a given embedding?
planar_graph_embedding	Why does the absence of triangles in a simple planar graph lead to the edge bound $E \leq 3V - 6$?
planar_graph_embedding	In what way does the cyclic ordering of edges determine the combinatorial structure of an embedding?
planar_graph_embedding	How does the geometric drawing relate to the underlying combinatorial faces?
plant_hormone_crosstalk	Why does the balance between activation and repression by gibberellins set the stage for a seed to start germinating?
plant_hormone_crosstalk	In what way do calcium signaling cascades help guard cells respond to both ABA and ethylene?
plant_hormone_crosstalk	How does the WUSCHEL transcription factor keep stem cells in the root and shoot tips alive?
plant_hormone_crosstalk	Why does the plant make more auxin-responsive genes when brassinosteroids are active?
plant_hormone_crosstalk	How does auxin create a loop that keeps the plant growing taller?
plant_hydraulics	how does the chemical nature of cell walls help water climb against gravity in xylem vessels?
plant_hydraulics	why is SnRK2 kinase kept active when phosphatase PP2C is inhibited?
plant_hydraulics	where in the plant kingdom can you find the specialized vessel elements?
plant_hydraulics	how does the shape of a root system change how water moves through different soil layers?
plant_hydraulics	what kind of soil helps a plant keep moving water around for a longer time?
plant_physiology_and_morphology	what is the role of the endodermis in controlling what enters the plant cell?
plant_physiology_and_morphology	how does auxin affect the growth of side branches along the stem?
plant_physiology_and_morphology	why do some plant structures bend when they are trying to open?
plant_physiology_and_morphology	how can plants prepare for future attacks by altering their genes?
plant_physiology_and_morphology	what specific proteins help plants recognize bacteria or viruses?
plant_physiology	How do histone modifiers adjust chromatin structure in response to environmental signals?
plant_physiology	What role do polyamine and indole pathways play in forming alkaloids from amino acids?
plant_physiology	How does membrane expansion support the incorporation of new lipids and proteins during cell growth?
plant_physiology	Why do electrons move from plastocyanin to Photosystem I and get re-energized by light?
plant_physiology	How do chromatin remodeling complexes expose regulatory DNA during key developmental stages?
plant_tissue_mechanics	How does the transcription factor MYB11 influence the breakdown of pectin in plant cell walls?
plant_tissue_mechanics	Why do plants produce expansins in response to auxin accumulation in their cortex?
plant_tissue_mechanics	What is the relationship between cross-linking density and a tissue's ability to absorb energy during fracture?
plant_tissue_mechanics	How does the preferential deposition of secondary walls on the outer side of cells prevent excessive thinning?
plant_tissue_mechanics	In what way does altered gene expression affect the production of structural proteins like cellulose?
plasticity_and_hardening_modeling	How does the choice of integration points impact the stability of nonlinear plasticity simulations?
plasticity_and_hardening_modeling	What role does the consistent tangent operator play in updating the global stiffness matrix?
plasticity_and_hardening_modeling	Why are higher-order integration points sometimes preferred despite their higher computational cost?
plasticity_and_hardening_modeling	How does the kinematic stress vector contribute to the definition of effective stress?
plasticity_and_hardening_modeling	What is the significance of the sensitivity of the tangent modulus in plasticity modeling?
pm_cast_lifecycle	when does a guard stop watching and start walking around?
pm_cast_lifecycle	what causes rumors to spread through the village and affect how people act?
pm_cast_lifecycle	do characters go to bed when it gets dark in the simulation?
pm_cast_lifecycle	how does the game know if a path is blocked so a character will hide?
pm_cast_lifecycle	what makes a chat between two characters end automatically?
pm_chronicle_memory	What kind of memory storage does the game use for its historical events?
pm_chronicle_memory	Why does the game organize important moments into thematic groups?
pm_chronicle_memory	How does the game’s storage system help players look back on past gameplay?
pm_chronicle_memory	What role does the game’s social network structure play in event spread?
pm_chronicle_memory	Why does the game use a fixed-capacity system for storing event logs?
pm_civic_magic_order	how are the tariffs negotiated by the Commerce Associations for local traders?
pm_civic_magic_order	what kind of wards protect the Guild’s central archive from theft?
pm_civic_magic_order	how does the Floor hazard calibration system work in dungeons?
pm_civic_magic_order	why is membership in the institution restricted to those with noble ancestry?
pm_civic_magic_order	what steps are involved in the empirical result documentation for spell research?
pm_combat_guilds	Who has the authority to manage wildlife and resources in the Hunters Guild's mapped territories?
pm_combat_guilds	What is the required response time for the defending force when a breach occurs?
pm_combat_guilds	How do defensive vanguard charges function as tactical maneuvers in battle?
pm_combat_guilds	Where can adventurers find and view publicly posted contracts from Guildmasters?
pm_combat_guilds	What kind of bounties does the Adventurers guild receptionist post regarding dire wolf attacks?
pm_craft_production	what type of binding agent is used in aqueduct channels?
pm_craft_production	how are runes inscribed onto metal surfaces?
pm_craft_production	what materials are commonly woven into enchanted thread?
pm_craft_production	how does cooling in oil prevent internal stress in blades?
pm_craft_production	why must experimental outcomes be documented by guild members?
pm_director_pacing	what determines the exact timing of story events to avoid feeling scripted or forced?
pm_director_pacing	how do mathematically modeled tension curves translate into actual gameplay moments?
pm_director_pacing	why do crises become more frequent and severe as the game reaches its conclusion?
pm_director_pacing	can you explain the process of arranging narrative beats to create a steady sense of escalation?
pm_director_pacing	how does the director adjust the number of active threats to match a player's ability to recover?
pm_feudal_politics	What happens to a man’s legal status if he is found to be fleeing from his lord’s land without leave?
pm_feudal_politics	How does a sudden shortage of food turn into mass uprising among farmers?
pm_feudal_politics	Why does the collapse of loyalty between nobles lead to outright rebellion?
pm_feudal_politics	What penalties fall on those who fail to pay their feudal taxes on time?
pm_feudal_politics	In what ways does the demand for forced military service shape village communities?
pm_kinetics_ragdoll	how does the system decide when to switch from rigid body dynamics to soft body behavior during an impact?
pm_kinetics_ragdoll	what happens to joint torque limits when a ragdoll motor or muscle reaches its maximum force capacity?
pm_kinetics_ragdoll	how does the system handle preventing unnatural joint hyper-extension in ragdoll simulations?
pm_kinetics_ragdoll	what is the purpose of exposing parameters as serialized fields in Unity for ragdoll runtime adjustment?
pm_kinetics_ragdoll	how does the foot placement algorithm determine the correct position for a ragdoll's foot during locomotion?
pm_kinship_domestic	how does the departure of able-bodied workers in the morning shape daily life at home?
pm_kinship_domestic	what role do children play when they have to step up earlier than kids with both parents alive?
pm_kinship_domestic	how do family ties strengthen when everyone shares the burden of daily labor?
pm_kinship_domestic	in what ways does the community use local production networks to stay stable during tough times?
pm_kinship_domestic	how does the death of a soldier change the daily routines of a spouse and orphaned child?
pm_perception_sensors	Why does blending into the background make it harder for enemies to detect you?
pm_perception_sensors	What role does pathfinding play in how agents navigate around obstacles?
pm_perception_sensors	How do search parties coordinate their movements to cover an area?
pm_perception_sensors	In what ways do different sensory inputs influence an agent's state changes?
pm_perception_sensors	Why is precise occlusion checking important for dynamic environments in games?
pm_steward_economy	How do I ensure enough workers are back at the workshops after a hard season?
pm_steward_economy	Why should I increase taxes when the harvest is at its peak?
pm_steward_economy	What role do the state granaries play in keeping people safe from food shortages?
pm_steward_economy	How do I get my production back running after the craftsmen have left?
pm_steward_economy	Why does my economy struggle to recover when too many people are busy surviving?
pm_system_isekai	How do rarity tiers affect the strength of the items I find?
pm_system_isekai	Why would I choose different perks if my character class is the same?
pm_system_isekai	What do the verification algorithms actually check in the game?
pm_system_isekai	Can I go past the hard caps on my stats if I keep leveling?
pm_system_isekai	How do threshold bonuses change my character’s abilities?
pm_tactics_combat	how do i use suppressive fire to pin down a grouped enemy unit?
pm_tactics_combat	where should i place my weakest soldiers for maximum protection?
pm_tactics_combat	what factors does the ai consider when deciding the order of attacks?
pm_tactics_combat	how can i use the terrain to limit where the enemy can move?
pm_tactics_combat	how does the system adjust its strategy when new enemy positions are detected?
pm_voice_dialogue	Do characters ever say things that make you feel uneasy about what they are really doing?
pm_voice_dialogue	What kind of comforting words do characters use when they want to show they care about you?
pm_voice_dialogue	How does the game decide which line to play when there are many possible choices?
pm_voice_dialogue	Can a character’s speech reveal a lie without saying it directly?
pm_voice_dialogue	Why does the dialogue system become more complicated when you suspect something is wrong?
pm_wilds_ecology	does hibernation help mammals save energy in cold weather?
pm_wilds_ecology	how do animals defend their territory from other animals?
pm_wilds_ecology	what makes the soil stay warm under a thick layer of snow?
pm_wilds_ecology	why do herbivores eat worse food when it gets cold?
pm_wilds_ecology	how do animals team up to trap their prey?
pneumatology	what is the difference between ventilation and perfusion in the lungs?
pneumatology	where should I insert the needle for a thoracentesis?
pneumatology	how does the compressor work to deliver air or gas?
pneumatology	what causes bronchoconstriction through cross-bridge cycling?
pneumatology	what is the meaning of positive end-expiratory pressure in respiratory therapy?
point_addition	why is point addition in prime fields considered computationally heavy?
point_addition	how does the slope formula change when you add a point to its own inverse?
point_addition	what does it mean for the sum of a point and its inverse to be the point at infinity?
point_addition	how is the identity element of the group ensured through this addition condition?
point_addition	why is the elliptic curve described as a principal homogeneous space for its Jacobian?
point_doubling	how does using twisted Edwards curves improve efficiency during point doubling without needing field inversions?
point_doubling	can side-channel attacks extract secrets by analyzing electromagnetic emissions from the point doubling process?
point_doubling	why is it important for memory access patterns to stay the same regardless of secret data during elliptic curve operations?
point_doubling	how does multiplying by the modular inverse replace division in point doubling calculations?
point_doubling	what makes the derivative-based slope formula different from the standard slope used in point addition?
polarimetry	How does the temperature of the solution affect the observed rotation in polarimetry?
polarimetry	Why are parallel, optically flat windows used in the construction of the sample cell?
polarimetry	What role do integrated thermocouples or RTDs play in monitoring temperature?
polarimetry	How does a variable compensator, such as a rotating plate or wedge-shaped crystal, help determine the rotation angle?
polarimetry	How is the null point related to the angular position of the variable compensator?
polymer_chemistry_and_crosslinking	How does temperature affect the balance between reaction kinetics and thermodynamic stability in thermoset curing?
polymer_chemistry_and_crosslinking	Can you explain the role of chain transfer in forming covalent networks during acrylate polymerization?
polymer_chemistry_and_crosslinking	Why do elevated temperatures lead to increased chain scission in polymer matrices?
polymer_chemistry_and_crosslinking	What advantages do carbon nanotubes offer when incorporated into nanocomposite barrier materials?
polymer_chemistry_and_crosslinking	How do controlled stirring and temperature protocols in batch reactors contribute to reproducible polymer synthesis?
polymer_matrix_thermal_degradation	why do researchers use differential scanning calorimetry together with thermogravimetric analysis for studying polymer stability?
polymer_matrix_thermal_degradation	how does lowering the pressure during heating affect the decomposition pathway of a polymer?
polymer_matrix_thermal_degradation	what role do heat stabilizers play in stopping the breakdown of polymer chains?
polymer_matrix_thermal_degradation	how can the creation of micro-voids from decomposition products weaken the mechanical strength of a polymer?
polymer_matrix_thermal_degradation	in what way do certain polymer segments protect the core material from thermal damage?
polymer_rheology	what is the Cox-Merz rule and how does it help estimate complex viscosity?
polymer_rheology	how does the flow index parameter change when the molecular weight distribution becomes broader?
polymer_rheology	why does shear banding happen in concentrated polymer solutions at high Weissenberg numbers?
polymer_rheology	what is the limiting stretch parameter and why is it important for predicting strain hardening?
polymer_rheology	how does the model describe the behavior of the first normal stress difference in simple shear flow?
porcelain_vitrification_processes	How do I keep the kiln atmosphere from causing oxidation defects?
porcelain_vitrification_processes	Why do I need to hold the porcelain at peak temperature for a long time?
porcelain_vitrification_processes	What is the acceptable range for the thermal expansion coefficient of the porcelain body?
porcelain_vitrification_processes	How can I stop the glaze from cracking when it cools down?
porcelain_vitrification_processes	What should I do to avoid pinholes caused by gas release during firing?
precipitate_hardening	what role does anti-phase boundary energy play in strengthening precipitate-hardened alloys?
precipitate_hardening	how do zirconium and boron improve creep resistance in metals?
precipitate_hardening	why does fracture toughness decrease when precipitates coarsen along grain boundaries?
precipitate_hardening	what is the difference between particle shearing and Orowan looping mechanisms in strengthening?
precipitate_hardening	how does chemical short-range order affect the yield strength of an alloy?
precision_agriculture	how does the use of multi-constellation GPS signals reduce errors caused by signal reflection?
precision_agriculture	in what way does scaling irrigation rates based on ET ratios improve water efficiency?
precision_agriculture	why is targeted nutrient application better for soil structure than traditional spreading methods?
precision_agriculture	how does reducing soluble salt concentration in the rhizosphere benefit root health?
precision_agriculture	what role does cross-validation play in making soil and crop models more reliable?
precision_gear_manufacturing	What nitrogen potential levels are needed to get the right nitride layer thickness during nitriding?
precision_gear_manufacturing	How does machine rigidity affect the choice of spindle speed for precise gear cutting?
precision_gear_manufacturing	Why are non-destructive methods like liquid penetrant testing important for finding hidden gear defects?
precision_gear_manufacturing	What kind of surface cracks can magnetic particle inspection detect in manufactured gears?
precision_gear_manufacturing	How are failed gear components categorized based on how severe their defects are?
precision_grinding_and_abrasive_technology	what are the consequences when a grinding wheel has insufficient porosity for proper coolant circulation?
precision_grinding_and_abrasive_technology	how does the choice of abrasive grain shape affect the density of cutting edges on the wheel surface?
precision_grinding_and_abrasive_technology	why might softer abrasive grains cause a decrease in cutting efficiency during heavy grinding operations?
precision_grinding_and_abrasive_technology	in what ways does the use of recut particles contribute to a rougher final surface finish?
precision_grinding_and_abrasive_technology	how does the hard bonding phase help maintain grain retention under high-load grinding conditions?
precision_hand_tool_maintenance	How often should I recalibrate my precision instruments according to industry standards?
precision_hand_tool_maintenance	What type of oil should I use to protect high carbon steel tools during long-term storage?
precision_hand_tool_maintenance	Why is it important to check for play or binding in movable parts before use?
precision_hand_tool_maintenance	How can I prevent electrostatic discharge damage when storing tools with sensitive electronics?
precision_hand_tool_maintenance	What contaminants should I keep out of the packaging materials for my hand tools?
precision_lens_grinding_and_polishing	How much time does it typically take to polish a single lens?
precision_lens_grinding_and_polishing	What materials are commonly used for the micro-plow ridge?
precision_lens_grinding_and_polishing	Can I use standard sandpaper for the initial grinding stage?
precision_lens_grinding_and_polishing	What happens to the lens if the tool wear compensation fails?
precision_lens_grinding_and_polishing	Do I need a special vacuum system for the polishing area?
precision_machining_and_surface_finishing	How do predictive thermal models influence the dimensional stability of a machined part?
precision_machining_and_surface_finishing	What role does spindle angular runout play in the final surface finish quality?
precision_machining_and_surface_finishing	Can you explain how reducing stress concentration affects the formation of micro-cracks in ceramics?
precision_machining_and_surface_finishing	How does precise control of feed rate impact the overall integrity of the finished surface?
precision_machining_and_surface_finishing	What parameters does a laser profiler measure to define the roughness of a machined part?
precision_machining_and_tolerances	What does the acronym MaE stand for in the context of feature specifications?
precision_machining_and_tolerances	How does the difference in thermal expansion between materials affect surface roughness?
precision_machining_and_tolerances	At what rate should the correction factor be updated to preserve geometric precision?
precision_machining_and_tolerances	What type of certified artifact should I use to calibrate the center of my probe tip?
precision_machining_and_tolerances	Why is it important to keep track of the room temperature while performing measurements?
precision_machining_of_crankshafts	how much should I increase the feed rate when machining cast iron crankshafts?
precision_machining_of_crankshafts	what surface finish values should I aim for when turning pinholes on a crankshaft?
precision_machining_of_crankshafts	how can I prevent dimensional errors caused by tool deflection during crankshaft machining?
precision_machining_of_crankshafts	what type of tooling holders are best for transmitting torque efficiently?
precision_machining_of_crankshafts	what can I do to stop a cutting tool from breaking during crankshaft production?
precision_mechanical_flexure_and_structural_dynamics	What role does modal analysis play in predicting the dynamic response of a precision flexure?
precision_mechanical_flexure_and_structural_dynamics	How do engineers mitigate the effects of thermal expansion mismatches in flexure structures?
precision_mechanical_flexure_and_structural_dynamics	What techniques are used to calculate residual stresses in flexible mechanical components?
precision_mechanical_flexure_and_structural_dynamics	Why is surface damping considered important in high-precision flexure applications?
precision_mechanical_flexure_and_structural_dynamics	How does lateral drift affect the centerline accuracy of a loaded flexure?
precision_metrology_and_calibration	how does internal stress redistribution in precision materials impact long-term measurement stability?
precision_metrology_and_calibration	what role does the Avogadro constant play in defining the mole in modern metrology?
precision_metrology_and_calibration	how do ISO/IEC 17025 requirements for regular competence assessments benefit calibration laboratories?
precision_metrology_and_calibration	can principal component analysis effectively separate systematic bias from random noise in calibration data?
precision_metrology_and_calibration	why is traceability a critical requirement for maintaining accuracy in precision measurement systems?
precision_metrology_and_dimensional_inspection	how can machine learning algorithms improve pattern recognition in automated dimensional inspection?
precision_metrology_and_dimensional_inspection	what types of clamping methods help distribute pressure evenly across workpieces?
precision_metrology_and_dimensional_inspection	which metrics are most important when evaluating optical measurement system performance?
precision_metrology_and_dimensional_inspection	what standard provides the framework for uncertainty analysis in precision metrology?
precision_metrology_and_dimensional_inspection	how is the root sum of squares method used in measurement uncertainty calculations?
precision_optical_testing	how does a beam splitter ensure that the reference and measurement beams have equal intensity for proper interference?
precision_optical_testing	what trigonometric functions are used to extract the phase information from the recorded intensity data?
precision_optical_testing	how do autoencoders help reduce the size of interferogram files for faster storage and retrieval?
precision_optical_testing	what kind of optical surface defects can deep learning models detect that traditional methods might miss?
precision_optical_testing	can you explain how the phase term is mathematically separated from the intensity measurements in interferometry?
precision_spindle_design_and_kinematics	How does using a direct drive setup help reduce vibration from the motor?
precision_spindle_design_and_kinematics	Why are belt-driven systems more likely to cause speed fluctuations during cutting?
precision_spindle_design_and_kinematics	What role does the thermal expansion difference play in keeping the spindle from seizing up?
precision_spindle_design_and_kinematics	Can you explain how a larger inertia spindle helps smooth out speed changes when the tool hits the workpiece?
precision_spindle_design_and_kinematics	How does the taper angle tolerance affect how evenly the spindle is held in place?
precision_surface_profiling	why is rigid coupling between the probe head and stage assembly critical for maintaining measurement accuracy?
precision_surface_profiling	how can I use interferometry to achieve sub-nanometer vertical resolution during surface profiling?
precision_surface_profiling	what steps should I take to determine the profile linearity using the least squares method?
precision_surface_profiling	how do I prevent differential thermal expansion by keeping the ambient temperature at ±0.1°C?
precision_surface_profiling	what is the correct procedure for cleaning the probe tip with a solvent-free wipe and ultrasonic cleaning?
preferential_flow_quantification	How does soil texture influence the hydraulic gradient needed to start preferential flow?
preferential_flow_quantification	What mechanisms drive mass transfer between the soil matrix and macropore domains?
preferential_flow_quantification	How can observed hydraulic heads be used to constrain preferential flow parameters in models?
preferential_flow_quantification	Why is coupling hydrological models with inverse estimation effective for separating flow pathways?
preferential_flow_quantification	How does integrating multiple data sources help resolve scale mismatches in monitoring?
pressure_drop_calculation_and_flow_resistance_engineering	How does the flow behavior index affect the friction factor calculation for power-law fluids?
pressure_drop_calculation_and_flow_resistance_engineering	What is the practical difference in pressure drop between using a nozzle versus a diffuser in a pipeline?
pressure_drop_calculation_and_flow_resistance_engineering	Why is an iterative numerical method necessary when solving for pressure and flow rate in complex networks?
pressure_drop_calculation_and_flow_resistance_engineering	How does the Metzner-Reed method account for non-Newtonian fluid behavior in turbulent pipe flow?
pressure_drop_calculation_and_flow_resistance_engineering	What specific characteristics of laminar flow cause it to have a parabolic velocity profile?
pressure_zone_management_and_control	What happens to the pressure differential when the system returns to normal operation?
pressure_zone_management_and_control	How are pressure differential alarms triggered outside the specified operational range?
pressure_zone_management_and_control	What role does airtight construction play in maintaining pressure integrity within sealed compartments?
pressure_zone_management_and_control	How can I diagnose pressure loss by comparing differential pressure across the control valve to the setpoint?
pressure_zone_management_and_control	What are the proper steps for replacing faulty components with certified replacements according to the manufacturer's specifications?
prism_calibration	Why is thermal expansion a concern when calibrating precision optical prisms?
prism_calibration	What does the flatness specification of less than 0.5 micrometers mean for the prism's mounting flange?
prism_calibration	How do the three orthogonal components of raw angular data relate to the instrument's coordinate system?
prism_calibration	What information needs to be logged in the calibration documentation for each measurement session?
prism_calibration	How is drift calculated using standard deviation of repeated measurements?
process_safety_management	what kind of historical information helps computers set new safety limits for machinery?
process_safety_management	why is it important to have extra safety controls that can stop a reaction on their own?
process_safety_management	how does teaching workers help lower the number of mistakes that lead to accidents?
process_safety_management	what role do accident investigations play in figuring out what risks to worry about?
process_safety_management	can you explain how a computer tells the difference between normal operation and a dangerous trend?
program_verification	How do monotonic transformers on complete lattices help build sound approximations of program behavior?
program_verification	Why must each subgoal in verification be discharged by a proof assistant or SMT solver?
program_verification	In what ways are program constructs translated into first-order logic while preserving meaning?
program_verification	How does trace-based monitoring use temporal logic specifications to check execution paths?
program_verification	What advantages do hybrid approaches offer by combining static analysis with dynamic monitoring?
progressive_collapse_modeling	how does initiating damage in critical load-bearing components trigger the collapse sequence?
progressive_collapse_modeling	what methods are used to identify which structural elements are most vulnerable to failure?
progressive_collapse_modeling	how do sensitivity analyses help refine the properties of structural elements in the model?
progressive_collapse_modeling	what happens to the critical load threshold when boundary conditions are changed?
progressive_collapse_modeling	how does the integration scheme affect the conservation or dissipation of energy during the simulation?
protective_coating_formation	what role does the critical gel point play in creating an impermeable coating barrier?
protective_coating_formation	how does spray application compare to dipping or brushing in terms of solvent entrapment?
protective_coating_formation	why might fast evaporation cause a coating to develop a porous or aggregated structure?
protective_coating_formation	what temperature control is necessary for powder coatings to melt and flow properly?
protective_coating_formation	how does X-ray photoelectron spectroscopy help determine a coating's corrosion resistance?
pump_and_turbine_selection	What factors influence the choice of casing material for a pump operating under high-pressure conditions?
pump_and_turbine_selection	How should I select between a Kaplan and Francis runner when dealing with medium head conditions?
pump_and_turbine_selection	Why does the system head curve usually increase with the square of the flow rate?
pump_and_turbine_selection	Which standard should I refer to for mechanical design and quality assurance of centrifugal pumps in oil and gas?
pump_and_turbine_selection	What standard covers the mechanical design and quality requirements for reciprocating compressors?
pump_control_algorithms_and_energy_optimization	What impact does adjusting pump speed have on overall energy consumption in a hydraulic system?
pump_control_algorithms_and_energy_optimization	How are the dynamic behaviors during mode transitions modeled in energy optimization algorithms?
pump_control_algorithms_and_energy_optimization	Why is high-frequency data acquisition necessary for validating pump control models?
pump_control_algorithms_and_energy_optimization	What is the relationship between hydraulic power and electrical power in pump systems?
pump_control_algorithms_and_energy_optimization	How can fine-tuning flow and pressure improve energy efficiency without changing the number of pumps?
pump_design	what causes cavitation in a centrifugal pump system?
pump_design	how does the shape of the impeller blades affect fluid flow separation?
pump_design	why does lower fluid viscosity make the pump run more efficiently?
pump_design	what role does temperature play in reducing internal friction within the pump?
pump_design	how do manufacturing tolerances impact the pump’s internal clearance?
pyrolysis_and_char_formation	What role does ash play in changing the types of products formed during heating?
pyrolysis_and_char_formation	How can we simplify the complex chemical equations used in pyrolysis modeling?
pyrolysis_and_char_formation	Why does the flow of gases become slower as the char structure develops?
pyrolysis_and_char_formation	Which kinetic model is most commonly used for estimating weight loss during solid-phase heating?
pyrolysis_and_char_formation	What specific reactions are responsible for removing oxygen from the biomass?
python_runtime	what happens to unreachable objects with reference counts above zero during python's garbage collection cycle?
python_runtime	how does the interpreter handle stack pushes and pops to keep track of intermediate calculation results?
python_runtime	when does python decide to completely discard an arena from memory during runtime management?
python_runtime	why do non-data descriptors get ignored if an instance attribute with the same name exists in the dictionary?
python_runtime	how does the interpreter walk through base class dictionaries when resolving a method call on an object?
quality_assurance_and_inspection_protocols	how do you verify that your measurement tools are accurate against national standards?
quality_assurance_and_inspection_protocols	what happens when incoming materials don't meet the required specifications?
quality_assurance_and_inspection_protocols	can the system automatically clear a batch after quality checks are complete?
quality_assurance_and_inspection_protocols	how do you make sure allergens don't mix between different production steps?
quality_assurance_and_inspection_protocols	why is it important to have a traceability system ready for a product recall?
quantitative_elemental_analysis	How do I select the right internal standard to counteract space-charge effects in my analysis?
quantitative_elemental_analysis	What specific calibration methods work best when dealing with non-linear signal responses?
quantitative_elemental_analysis	How does tube current in X-ray fluorescence influence the intensity of the emitted primary X-rays?
quantitative_elemental_analysis	Why is the accelerating voltage so important for determining the energy of X-ray tubes in elemental analysis?
quantitative_elemental_analysis	Can non-spectral interferences be mitigated by modifying the physical environment of my sample?
quantitative_metallography	how do I determine the minimum sample size needed for my statistical confidence intervals to be meaningful?
quantitative_metallography	what specific image processing methods work best for reducing background noise in metallographic images?
quantitative_metallography	which contrast enhancement techniques are most effective for highlighting faint grain boundaries?
quantitative_metallography	how should I choose the appropriate certified reference materials for calibrating my microscope's optical system?
quantitative_metallography	what steps do I need to take to ensure my automated segmentation algorithm is correctly identifying microstructural features?
quantum_anomalous_hall_effect	why does the quantization of Hall conductance depend on topological invariants rather than material details?
quantum_anomalous_hall_effect	how does temperature affect the stability of quantized Hall plateaus in these systems?
quantum_anomalous_hall_effect	what role does exchange coupling play in opening the topological gap in magnetic heterostructures?
quantum_anomalous_hall_effect	why are edge states considered topologically protected against backscattering?
quantum_anomalous_hall_effect	how does disorder influence the robustness of edge transport in the quantum anomalous Hall effect?
quantum_chromodynamics	What is the significance of the antisymmetric structure constants in the three-gluon vertex?
quantum_chromodynamics	How does color coherence affect gluon radiation between partons?
quantum_chromodynamics	Why do gluons carry color charge in the octet representation of SU(3)?
quantum_chromodynamics	How does the infinite energy barrier prevent quarks from being isolated?
quantum_chromodynamics	What happens to the strong coupling constant as the energy scale becomes very large?
quantum_computing	what is the role of the oracle in the quantum search algorithm?
quantum_computing	how does the diffusion operator amplify the probability of finding the correct state?
quantum_computing	why are unitary gates described as reversible operations in quantum computing?
quantum_computing	what does it mean for a quantum gate to preserve total probability amplitude?
quantum_computing	how do the GCD calculations with a^(r/2) help in factoring large numbers?
quantum_electrodynamics	how does the fine-structure constant influence the calculation of the anomalous magnetic moment in quantum electrodynamics?
quantum_electrodynamics	what role does the power series expansion of the interaction term play in the Lagrangian density?
quantum_electrodynamics	why is the equality of the renormalization constants for the vertex and fermion wave function important for charge stability?
quantum_electrodynamics	can you explain how perturbative expansions are used to compute higher-order corrections in quantum electrodynamics?
quantum_electrodynamics	how is the wave function defined in quantum electrodynamics in terms of relative and center-of-mass momenta?
quantum_field_theory	Why must the S-matrix remain unchanged when we adjust the gauge-fixing parameter during calculations?
quantum_field_theory	What ensures that physical results do not depend on the arbitrary choice of renormalization scale?
quantum_field_theory	How are the boundary conditions in the bulk theory linked to the source terms in the conformal field theory?
quantum_field_theory	Why is the true ground state formed by mixing all topologically distinct vacuum states?
quantum_field_theory	How does the Heisenberg picture describe how operators evolve in time?
quasi_static_maxwell_equations	how does the continuity of the tangential magnetic field at an interface relate to the presence of surface currents?
quasi_static_maxwell_equations	what does the electrostatic limit imply about the behavior of the electric and magnetic fields?
quasi_static_maxwell_equations	how does reciprocity influence the simulation of linear, time-invariant electromagnetic systems?
quasi_static_maxwell_equations	what role does rotational symmetry play in the conservation of angular momentum for electromagnetic fields in isotropic media?
quasi_static_maxwell_equations	how must the domain geometry be specified to ensure accurate quasi static maxwell equation solutions?
quorum_based_consensus_mechanisms	how can quorum sizes be optimized to balance latency and fault tolerance in a distributed network?
quorum_based_consensus_mechanisms	what trade-offs exist between synchronous and partially synchronous consensus models in terms of performance?
quorum_based_consensus_mechanisms	how does threshold signature technology enhance security without introducing a single point of failure?
quorum_based_consensus_mechanisms	why must quorums overlap to ensure that at least one node holds the correct system state?
quorum_based_consensus_mechanisms	how does network instability impact the choice between linearizable and eventually consistent consensus protocols?
quorum_certificate_verification	which cryptographic algorithm is used to generate the hash for the quorum certificate?
quorum_certificate_verification	how does the system prevent forks by linking certificates together?
quorum_certificate_verification	what penalties do validators face if they issue conflicting certificates?
quorum_certificate_verification	how do new nodes obtain the list of active validators and their public keys?
quorum_certificate_verification	in what way does a quorum certificate help prevent a single faulty leader from stalling the protocol?
radiative_transfer_theory	What role does the asymmetry parameter play in determining the angular distribution of scattered radiation?
radiative_transfer_theory	How does the Beer-Lambert law apply to the attenuation of radiation in a participating medium?
radiative_transfer_theory	What does the source function quantify in the context of radiative transfer theory?
radiative_transfer_theory	How does the density distribution of a medium affect the scattering rate per unit volume?
radiative_transfer_theory	Why is the discrete ordinates method preferred for smooth solutions but problematic for highly directional features?
range_query_optimization	What does predicate pushdown mean for distributed databases running range scans?
range_query_optimization	How does the optimizer estimate the cost of reading a full table instead of using an index?
range_query_optimization	Why does low selectivity combined with a large table lead to an index range scan?
range_query_optimization	What is the process of descending to the leftmost leaf node during a range query?
range_query_optimization	How does data being sorted in a B-tree help with sequential access during range queries?
range_scan_parallelization	how do stragglers in a parallel range scan typically get detected and handled?
range_scan_parallelization	what specific synchronization mechanisms are used at partition boundaries to avoid race conditions?
range_scan_parallelization	how do you determine the correct column or key to split the data range into independent sections?
range_scan_parallelization	why is it crucial that each partial result covers its assigned range without any gaps or overlaps?
range_scan_parallelization	what guarantees ensure the combined output of parallel range scans contains every element exactly once?
ransac_algorithm	what is the role of the distance threshold in deciding which points are outliers?
ransac_algorithm	how does the random sampling step influence the final accuracy of the computed model?
ransac_algorithm	why is the algorithm considered non-deterministic and what does that mean for reproducibility?
ransac_algorithm	what impact does a high percentage of outliers have on the number of iterations required?
ransac_algorithm	how does the refitting stage improve the model after the initial minimal sample is found?
real_time_monitoring_and_alarm_threshold_configuration	How do I safely test a new threshold before it affects live alerts?
real_time_monitoring_and_alarm_threshold_configuration	What happens to the evaluation engine if an alarm rule starts failing?
real_time_monitoring_and_alarm_threshold_configuration	How does the system ensure that all nodes agree on a state change?
real_time_monitoring_and_alarm_threshold_configuration	What is required for an operator to confirm or suppress an alarm?
real_time_monitoring_and_alarm_threshold_configuration	How can I measure the impact of new logic on system latency and throughput?
real_time_operating_system_design	how does the compile-time memory partitioning affect task isolation and performance?
real_time_operating_system_design	what mechanism allows the scheduler to predict task arrival and completion patterns?
real_time_operating_system_design	how does hardware assistance reduce the software overhead during context switches?
real_time_operating_system_design	why does the handler trigger a context switch specifically when a higher priority task becomes ready?
real_time_operating_system_design	what kind of information does the scheduler receive from the hardware to make scheduling decisions?
reciprocating_motion_mechanisms	How does the geometric relationship between crank radius and connecting rod length strictly constrain piston motion?
reciprocating_motion_mechanisms	What happens to the connecting rod when the axial force exceeds its structural stability limit?
reciprocating_motion_mechanisms	Why does a specific cam lobe shape help prevent flow turbulence in the intake port?
reciprocating_motion_mechanisms	How does reduced valve overlap affect the volume of compressed gases during the exhaust stroke?
reciprocating_motion_mechanisms	What mechanism balances vibration to reduce strain on engine mounts and bearings?
recursive_function_call_stack_management	Why does mutual recursion cause stack frames to grow in direct proportion to the cycle length?
recursive_function_call_stack_management	What happens to the instruction pointer when a function returns to its caller?
recursive_function_call_stack_management	How do garbage collectors handle stack scanning during tail call transitions?
recursive_function_call_stack_management	Why does deep nesting lead to stack space usage that scales with depth?
recursive_function_call_stack_management	Can tail call optimization completely replace recursive function calls with loops?
reduction_oxidation_firing_techniques	what happens to my pottery if I don't let the kiln get hot enough to fully melt the clay?
reduction_oxidation_firing_techniques	why might my finished pieces look dry or unglazed after the firing process?
reduction_oxidation_firing_techniques	how can I prevent my pottery from warping due to mismatches between the clay and the glaze?
reduction_oxidation_firing_techniques	what role does the speed of heating play in creating specific crystalline structures in the clay?
reduction_oxidation_firing_techniques	how can I tell if my reduction firing wasn't complete by looking at the final colors?
redundant_control_logic_design	how do I set up voting logic to compare outputs from multiple processors for fault detection?
redundant_control_logic_design	what role do distributed control architectures play in improving fault tolerance?
redundant_control_logic_design	how can I analyze failure modes to find and eliminate common-cause issues?
redundant_control_logic_design	what methods are available to monitor how quickly failure events are detected?
redundant_control_logic_design	how does majority decision making contribute to higher system reliability in this design?
redundant_server_architecture	What role does idempotency play in preventing data corruption during duplicate write requests?
redundant_server_architecture	How can configuring shared virtual memory in the hypervisor improve failover performance?
redundant_server_architecture	Why are dual-ported fiber channel host bus adapters used for storage connectivity in these servers?
redundant_server_architecture	What happens to the primary server while it is being restored to the cluster?
redundant_server_architecture	How does anycast routing help direct users to the closest server instance?
refractive_index_correction	what material properties are needed to create a non-uniform refractive index profile?
refractive_index_correction	how does the driving field frequency influence electron displacement in optical materials?
refractive_index_correction	what do the parameters B, C, and D represent in the refractive index dispersion equation?
refractive_index_correction	which optical devices benefit from the ability to tune refractive index dynamically?
refractive_index_correction	how do wavefront sensors help correct refractive index distortions in real time?
refractive_index_metrology	how do researchers compensate for temperature swings when measuring a material's optical properties?
refractive_index_metrology	why would someone choose a Mach-Zehnder interferometer over a Michelson one for high-precision work?
refractive_index_metrology	what exactly happens to light when it passes through a prism to reveal a film's characteristics?
refractive_index_metrology	is there a way to measure refractive index that doesn't depend as much on the material's absorption?
refractive_index_metrology	how can small variations in density inside a sample affect the results of an optical measurement?
refractive_index_standardization	how does the wavelength of light change the reading on my device?
refractive_index_standardization	why do I need to clean the prism before taking any measurements?
refractive_index_standardization	what happens to the refractive index if the density of the sample goes down?
refractive_index_standardization	how do I know which wavelength setting to use for my specific material?
refractive_index_standardization	what should I do if the room temperature starts to drift during a test?
refractory_composite_formulation	what role does covalent cross-linking play in bonding the fiber surface to the matrix during composite processing?
refractory_composite_formulation	how do thermodynamically stable carbides affect dislocation movement and diffusional flow within the composite structure?
refractory_composite_formulation	why is it beneficial for the reinforcement phase to have a lower coefficient of thermal expansion than the matrix?
refractory_composite_formulation	what makes neutron diffraction a useful tool for measuring bulk stress in materials containing heavy refractory elements?
refractory_composite_formulation	how do protective oxide scales form and prevent spalling during oxidation of refractory composites?
refractory_engineering	how do I control the sintering atmosphere to keep my refractory material from oxidizing or reducing?
refractory_engineering	what happens to thermal shock resistance when phase distribution in monolithic refractories causes mismatched expansion coefficients?
refractory_engineering	at what specific temperature and duration should I run the drying process to hit the target green density?
refractory_engineering	what standard do I use to measure the thermal conductivity of my refractory materials?
refractory_engineering	how can I use thermal modeling to optimize refractory thickness and avoid adding unnecessary weight or cost?
refractory_material_engineering	how do inert gases like argon aid in the densification of refractory materials?
refractory_material_engineering	what mechanisms lead to chemical degradation when refractory bricks encounter molten metals?
refractory_material_engineering	how does the structure of internal pores influence the spread of cracks within a material?
refractory_material_engineering	why are high-melting-point oxides chosen for protective coatings on refractory components?
refractory_material_engineering	in what ways does enhanced thermal conductivity benefit the stability of refractory structures during thermal shocks?
refractory_material_science	how does increasing the porosity of a refractory ceramic affect its ability to conduct heat?
refractory_material_science	what role does applying high pressure during densification play in reducing interparticle voids?
refractory_material_science	why does silicon carbide form a better protective oxide layer compared to materials that produce only boron oxide?
refractory_material_science	how does interfacial thermal resistance cause the temperature on the hot side of a material to exceed the surrounding gas temperature?
refractory_material_science	in what ways do simultaneous thermal and mechanical stresses contribute to spallation and delamination in refractory components?
regression_analysis_and_least_squares_fitting	Why does the Gauss-Markov theorem insist that my regression model must be correctly specified in mean?
regression_analysis_and_least_squares_fitting	How does the orthogonality of fitted values relate to the geometry of the predictor matrix columns?
regression_analysis_and_least_squares_fitting	What is the impact on coefficient variance when my design matrix has a large condition number?
regression_analysis_and_least_squares_fitting	How do I compute the mean square due to the model using regression sum of squares and predictor count?
regression_analysis_and_least_squares_fitting	Does violating homoscedasticity make my OLS estimates biased or just less efficient?
regularization_in_inverse_problems	What specific structural properties of the solution does the prior distribution encode in regularization?
regularization_in_inverse_problems	How does the data fidelity term measure the difference between the model and observed measurements?
regularization_in_inverse_problems	In which way does the iteration count serve as an implicit regularization parameter?
regularization_in_inverse_problems	How does the regularized solution behave as the noise level approaches zero?
regularization_in_inverse_problems	What criterion determines the optimal value of the regularization parameter?
reinforced_masonry_shear_design	where exactly should horizontal steel bars be located inside a masonry block during construction?
reinforced_masonry_shear_design	is it necessary for vertical rebar to run uninterrupted through the confinement bands?
reinforced_masonry_shear_design	do the shear strength formulas change depending on the specific building code used?
reinforced_masonry_shear_design	why are reinforced masonry shear walls considered the main system for lateral stability?
reinforced_masonry_shear_design	how does the design account for the fact that these walls might deform in a non-linear way?
relational_database_b_tree_indexing	How are B-tree pages organized on disk to minimize I/O overhead during database operations?
relational_database_b_tree_indexing	What happens to the tree structure when a root node splits and a new level is added?
relational_database_b_tree_indexing	Why can non-contiguous leaf pages lead to performance degradation in range scan queries?
relational_database_b_tree_indexing	How does reorganizing internal nodes help reduce the number of levels traversed during point lookups?
relational_database_b_tree_indexing	What triggers the creation of a new node when keys exceed the capacity of an existing B-tree page?
remote_sensing_image_processing	What is the first processing step taken to convert raw sensor data into calibrated radiance?
remote_sensing_image_processing	How do machine learning models like random forests determine land cover classes from feature vectors?
remote_sensing_image_processing	What role does image rectification play in simplifying the search for corresponding pixel pairs?
remote_sensing_image_processing	Why does the interference pattern in radar systems encode both range and azimuth information?
remote_sensing_image_processing	How are 3D point cloud coordinates generated using matched features from stereo images?
remote_sensing	How do attention mechanisms improve the processing of spectral and spatial data in remote sensing?
remote_sensing	What are the specific advantages and limitations of using airborne platforms compared to satellites for image resolution and coverage?
remote_sensing	How is the 3D structure of vegetation characterized using modern LiDAR technology on spaceborne and airborne systems?
remote_sensing	What challenges arise in signal processing and data homogenization due to the increasing number of small satellite constellations?
remote_sensing	How does the differential reflectance across multiple bands help distinguish between urban surfaces and bare soil in remote sensing algorithms?
renormalization_group_flow	what is the physical significance of the exact renormalization group equation for studying scale dependence?
renormalization_group_flow	how do irrelevant operators affect the behavior of a theory at low energy scales compared to relevant ones?
renormalization_group_flow	in what way does the Gaussian fixed point influence the stability of perturbations in the infrared regime?
renormalization_group_flow	how does the momentum cutoff scale relate to the continuous evolution of the effective action in quantum field theory?
renormalization_group_flow	what determines whether an operator dominates the dynamics as the energy scale is lowered?
renormalization_group_theory	What does it mean for a fixed point in the RG flow to be infrared attractive?
renormalization_group_theory	How does the exact renormalization group equation describe the evolution of the effective action?
renormalization_group_theory	What is the mathematical definition of the beta function in this context?
renormalization_group_theory	Why is a regulator function introduced into the path integral during renormalization?
renormalization_group_theory	What is the leading order approximation for the effective action in the functional renormalization group?
reprojection_error	how does pixel resolution limit the accuracy of feature localization in image processing?
reprojection_error	what role does the SIFT descriptor play in improving initial pose estimates?
reprojection_error	why is the convergence of reprojection error minimization sensitive to initial pose guesses?
reprojection_error	how does Gaussian noise assumption affect the statistical consistency of the estimator?
reprojection_error	what happens if you don’t remove outliers before optimizing the camera parameters?
residual_strength_assessment_methods	Do convergence studies really guarantee that refining a finite element mesh won't change the final strength prediction?
residual_strength_assessment_methods	Which material types make electrochemical potential mapping impossible for assessing localized corrosion damage?
residual_strength_assessment_methods	Where can I find the official API 576 guidelines for checking pressure vessels and piping?
residual_strength_assessment_methods	When would a safety engineer decide that destructive testing is the only option for a critical part?
residual_strength_assessment_methods	What should the final report contain after completing a residual strength assessment of a damaged component?
residual_stress_analysis_and_stress_relief_techniques	How do you determine the right amount of compressive stress needed for my part to resist fatigue cracks?
residual_stress_analysis_and_stress_relief_techniques	What happens to the surface layer if the material contracts at a different rate during cooling?
residual_stress_analysis_and_stress_relief_techniques	Can I use shot peening on parts that need a very smooth finish?
residual_stress_analysis_and_stress_relief_techniques	How is the equilibrium of forces inside a component used to calculate residual stress?
residual_stress_analysis_and_stress_relief_techniques	What role does Hooke's law play in converting strain measurements into stress values?
residual_stress_engineering_in_sintered_materials	Why do stress concentrations occur specifically at triple junctions in sintered materials?
residual_stress_engineering_in_sintered_materials	How does differential contraction lead to internal strain incompatibilities within the material?
residual_stress_engineering_in_sintered_materials	What role does oxidation-induced expansion play in generating compressive and tensile stresses?
residual_stress_engineering_in_sintered_materials	How can sintering temperature be controlled to minimize residual stresses while maintaining densification?
residual_stress_engineering_in_sintered_materials	Why does microstructural homogeneity help reduce local stress gradients in sintered parts?
residual_stress_management_in_multilayer_systems	how can a constrained layer model be used to correct nanoindentation data for substrate effects in thin films?
residual_stress_management_in_multilayer_systems	why does strong interfacial adhesion make it harder for layers in a multilayer system to delaminate?
residual_stress_management_in_multilayer_systems	what role does stress-relief annealing play in reducing internal strain through atomic diffusion?
residual_stress_management_in_multilayer_systems	why do gradient compositions in multilayer systems add complexity and cost to the manufacturing process?
residual_stress_management_in_multilayer_systems	how does the incompatibility between bonded layers lead to elastic or plastic deformation within each layer?
residual_stress_measurement_and_mapping	what role does the incident beam energy play in determining how deep the X-ray diffraction technique can penetrate a component?
residual_stress_measurement_and_mapping	how does the absence of constraint in the initial layers of additive manufacturing influence the residual stress distribution?
residual_stress_measurement_and_mapping	what makes X-ray diffraction particularly sensitive to detecting lattice strain and crystallographic orientation?
residual_stress_measurement_and_mapping	how can X-ray diffraction be used to visualize stress gradients near the surface of a part?
residual_stress_measurement_and_mapping	what kind of validation methods are necessary to confirm the accuracy of residual stress measurements?
retaining_wall_construction	how does geogrid fabric help distribute weight when building a retaining wall?
retaining_wall_construction	what are the basic steps for compacting soil around drainage pipes during backfill?
retaining_wall_construction	why do engineers use direct shear tests to measure soil strength for walls?
retaining_wall_construction	where does Eurocode 7 apply in geotechnical design for retaining structures?
retaining_wall_construction	what safety factors does ASCE 39 recommend for wall stability and material strength?
retinal_ganglion_cell_mapping	What is the primary neurotransmitter released by retinal ganglion cells when they project to the lateral geniculate nucleus?
retinal_ganglion_cell_mapping	How does calcium influence the release of neurotransmitters from retinal ganglion cells?
retinal_ganglion_cell_mapping	Which specific type of voltage-gated channels regulate neurotransmitter release in these cells?
retinal_ganglion_cell_mapping	How can researchers determine that spikes recorded from different cells are independent of each other?
retinal_ganglion_cell_mapping	Do regular retinal ganglion cells have faster or slower temporal responses than midget cells?
rework_and_re_inspection_contingency_planning	how does access control prevent unauthorized changes to quality data during rework procedures?
rework_and_re_inspection_contingency_planning	why are pilot runs or simulations used to validate corrective actions before full implementation?
rework_and_re_inspection_contingency_planning	what happens to a component if it does not pass pressure testing requirements?
rework_and_re_inspection_contingency_planning	how is the percentage of units needing rework calculated in production tracking?
rework_and_re_inspection_contingency_planning	what does rework lead time variability measure and why is it important?
rheological_fluid_processing	how can i control the shear rate to prevent my emulsion from breaking apart during processing?
rheological_fluid_processing	what happens to the pumping power when my fluid has a yield stress instead of behaving like a normal liquid?
rheological_fluid_processing	how do I select the right mixing equipment to handle thick suspensions with clumps that need breaking down?
rheological_fluid_processing	what role do stabilizers play in keeping my emulsion from separating when I apply high shear?
rheological_fluid_processing	how does the alignment of droplets during flow affect the overall resistance of the fluid as it moves?
rheology_of_polymer_solutions	When does the fluid start behaving differently when you shear it faster than the chains can relax?
rheology_of_polymer_solutions	Why does the stiffness of the polymer mixture increase with the square root of how fast you shake it?
rheology_of_polymer_solutions	How does the size of a polymer chain in solution relate to its coiled shape in a theta solvent?
rheology_of_polymer_solutions	What does the Weissenberg number tell me about whether my processing conditions are safe for the material?
rheology_of_polymer_solutions	How can I use dimensionless numbers to figure out the safe operating range for extruding polymer solutions?
riparian_buffers	does the type of grass matter for how well a buffer captures rainwater?
riparian_buffers	can you measure how fast water moves through a buffer zone with sensors?
riparian_buffers	should the width of a buffer depend on whether it's near a floodplain or a well?
riparian_buffers	which animals rely on buffer plants for food and shelter?
riparian_buffers	do the benefits of carbon storage in buffers help make up for losing farm land?
robotic_compliance	how does the control algorithm decide the exact torque needed for each joint to keep the robot's touch behavior as intended?
robotic_compliance	why do control gains need to change so often when the robot switches between different operating modes?
robotic_compliance	in what way does the damping parameter affect how the controller calculates the target force?
robotic_compliance	what happens to the inner motion control loop if the outer compliance loop detects a problem?
robotic_compliance	how does using impedance control keep the robot's stiffness low enough to prevent injury during a sudden bump?
robotic_control_systems	how do predictive maintenance models use component wear data to stop equipment failures before they happen?
robotic_control_systems	what role do hardware-triggered interrupts play in keeping sensor data perfectly synchronized with the control algorithm?
robotic_control_systems	why are real-time operating systems considered essential for ensuring deterministic task scheduling in robotics?
robotic_control_systems	how do laser trackers and vision-based systems help calibrate a robot’s actual kinematic parameters?
robotic_control_systems	what steps are involved in obtaining independent third-party certification for ISO 10218 and ISO/TS 15066 compliance?
robotic_kinematics	how do joint limits affect the reachable workspace of a robotic arm?
robotic_kinematics	can you explain how torque feedback helps maintain precision during movement?
robotic_kinematics	in what way does the jacobian matrix connect joint motion to end-effector motion?
robotic_kinematics	how do degrees of freedom determine the size of a robot's configuration space?
robotic_kinematics	when would a robot benefit from having more joints than necessary for a task?
robotics	How do octrees improve collision detection speed compared to other spatial partitioning methods in robotics?
robotics	What role does sensor noise estimation play in determining which measurements a Kalman filter should trust more?
robotics	How does the concept of a workspace differ from the configuration space when analyzing a robot's movement capabilities?
robotics	Why is preventing electrical interference important when a robot uses a centralized power distribution system?
robotics	What happens to a battery's performance if thermal gradients inside its enclosure are not properly minimized?
rock_engineering	how do engineers determine when to apply reinforcement to a tunnel face?
rock_engineering	what factors influence the calculation of stress around an excavation?
rock_engineering	how does weather affect the stability of rock faces over time?
rock_engineering	what role does material stiffness play in predicting tunnel deformation?
rock_engineering	how do monitoring systems decide when to activate corrective measures?
rock_mechanics	how do engineers determine the friction angle and cohesion directly from a natural rock slope?
rock_mechanics	what does the normal stress acting on a failure plane actually mean in practical terms?
rock_mechanics	how do stress shadows and stress concentrations together affect tunnel wall stability?
rock_mechanics	why is there a direct link between a specific index and the overall mechanical strength of a rock mass?
rock_mechanics	how can a standardized system help compare rock quality between different geological projects?
rocm_gpu_compute	How does the bank structure of LDS affect throughput when multiple threads in a wavefront access the same address?
rocm_gpu_compute	Why does high register pressure limit the number of active warps that can run on a compute unit?
rocm_gpu_compute	What happens to compiler behavior when register usage per wavefront exceeds the maximum allowed limit?
rocm_gpu_compute	How does a grid hierarchy organize thread blocks during a single kernel execution?
rocm_gpu_compute	In what ways do predictable memory access patterns improve the efficiency of hardware prefetchers?
role_based_access_control_systems	what is the specific structure of the role permission assignment table that links roles to permissions?
role_based_access_control_systems	how does the relational database schema in role-based access control systems organize the relationships between users, roles, and permissions?
role_based_access_control_systems	in what ways can automated provisioning systems help minimize manual errors when enforcing access control policies?
role_based_access_control_systems	how does the Identity Provider determine a user's identity context to support the access control process?
role_based_access_control_systems	what role does the Permission Definition play in defining the specific actions that are allowed for a particular role?
rotating_machinery_and_shaft_alignment	How should I record the baseline data for future maintenance tracking?
rotating_machinery_and_shaft_alignment	What mechanical stability is needed to prevent thermal drift in the receiver housing?
rotating_machinery_and_shaft_alignment	Why does constant radial force cause uneven wear on bearing races?
rotating_machinery_and_shaft_alignment	How does high stiffness impact dynamic loads on the machinery?
rotating_machinery_and_shaft_alignment	How can I tell the difference between shaft misalignment and coupling deformation when analyzing alignment data?
rotating_machinery_balancing	How does dial indicator alignment help in preventing runout from hiding actual imbalance?
rotating_machinery_balancing	What happens if balancing weights aren't fastened with fasteners rated for the specific operating speed?
rotating_machinery_balancing	At what point during the process should you consider the phase angle deviation as a sign of residual imbalance?
rotating_machinery_balancing	Why is the primary correction plane the first place to add or remove weights when fixing residual vectors?
rotating_machinery_balancing	How can laser alignment systems improve accuracy compared to traditional dial indicators when setting up the rotor shaft?
rotational_dynamics_and_inertial_balancing	How do dynamic balancing machines use Newton's third law to determine the necessary correction mass?
rotational_dynamics_and_inertial_balancing	What is the significance of placing the correction mass diametrically opposite the unbalance vector?
rotational_dynamics_and_inertial_balancing	Why are pivot points essential for the free rotation of counterweight arms?
rotational_dynamics_and_inertial_balancing	How does the magnitude and phase angle of the imbalance vector get recorded during the spin?
rotational_dynamics_and_inertial_balancing	What role does conservation of angular momentum play in dynamic balancing?
rotordynamic_analysis	Why do magnetic bearings often cause self-excited vibrations in rotating machinery?
rotordynamic_analysis	How can you use a calibrated shaker to perform an accurate frequency sweep test?
rotordynamic_analysis	What is the purpose of calculating the eigenvalues of the Jacobian matrix in rotor dynamics?
rotordynamic_analysis	How do you calculate the damping coefficients for a rotor system using experimental data?
rotordynamic_analysis	What steps are needed to figure out the balancing corrections required to lower vibration amplitudes?
scada_system_architecture_and_design	how does the system handle data transmission between field devices and gateways?
scada_system_architecture_and_design	what protocols are commonly used for communication in scada networks?
scada_system_architecture_and_design	how do gateways help in separating different technology domains within a network?
scada_system_architecture_and_design	what is the purpose of using deterministic communication networks in scada systems?
scada_system_architecture_and_design	why is time synchronization important for event logging in scada networks?
secondary_ion_mass_spectrometry	what factors determine the optimal kinetic energy for the primary ion beam in SIMS?
secondary_ion_mass_spectrometry	how does the mass analyzer distinguish between different ions in secondary ion mass spectrometry?
secondary_ion_mass_spectrometry	what precautions are necessary when transferring a sample into the SIMS instrument?
secondary_ion_mass_spectrometry	how are samples held in place inside the SIMS vacuum chamber?
secondary_ion_mass_spectrometry	why is negative ion mode preferred for analyzing organic compounds in SIMS?
secure_enclaves	How does the enclave loader verify the code integrity before execution begins?
secure_enclaves	Why is a cryptographic hash computed specifically for the enclave's code and data sections?
secure_enclaves	How are subsequent communications encrypted after the session key is established during attestation?
secure_enclaves	What hardware mechanisms are used to prevent speculative execution from sharing state between different enclaves?
secure_enclaves	How does key rotation work to ensure dependent services receive updated cryptographic material securely?
secure_multi_party_computation	how does homomorphic encryption enable math on encrypted data without ever decrypting it?
secure_multi_party_computation	what is the purpose of using public parameters to check computation results safely?
secure_multi_party_computation	how do compression algorithms help keep MPC protocols fast while staying secure?
secure_multi_party_computation	why is threshold cryptography important for sharing secret keys among multiple users?
secure_multi_party_computation	can you explain how zero-knowledge proofs confirm that intermediate steps are correct without showing private inputs?
security_architecture_and_access_control_systems	what mechanisms ensure that legacy applications receive temporary credentials without exposing long-term secrets?
security_architecture_and_access_control_systems	how does the use of cached contextual data improve performance during repeated access requests?
security_architecture_and_access_control_systems	in what ways are X.509 certificates utilized to build mutual trust between identity providers?
security_architecture_and_access_control_systems	what specific measures are implemented to stop attackers from stealing valid tokens?
security_architecture_and_access_control_systems	how can correlation rules help security teams uncover complex, multi-step cyber attacks?
seismic_reflection_analysis	How does the layout of receiver arrays influence what we can see in different directions beneath the surface?
seismic_reflection_analysis	What does the imaginary part of the wavenumber actually measure in terms of seismic energy?
seismic_reflection_analysis	How do time shifts and gain adjustments in stacking improve the clarity of weak signals?
seismic_reflection_analysis	Why do gas pockets cause a drop in amplitude and a flip in phase relative to water-filled rocks?
seismic_reflection_analysis	What role does azimuthal coverage play when mapping complex underground structures?
seismic_reflection_tomography	how does the use of full-offset Green’s functions enhance resolution compared to traditional ray-based approaches?
seismic_reflection_tomography	what metrics are commonly employed to quantify the difference between observed and synthetic seismograms during inversion?
seismic_reflection_tomography	why does anisotropy lead to the splitting of shear waves into separate fast and slow components?
seismic_reflection_tomography	how do amplitude variations in seismic data relate to the polarization of waves interacting with anisotropic media?
seismic_reflection_tomography	what challenges can arise if high frequencies are introduced too early in a multi-scale inversion workflow?
seismic_tomography	what is the mathematical basis for using slowness instead of velocity in seismic inversion?
seismic_tomography	how does the L1-norm penalty help identify sharp boundaries in the Earth's interior?
seismic_tomography	why can surface waves alone fail to image the lower mantle?
seismic_tomography	what trade-off exists between resolution enhancement and solution uniqueness when using sparsity constraints?
seismic_tomography	how does combining body waves with surface waves help overcome depth-dependent resolution limits?
seismic_wave_propagation	What method uses global basis functions to accurately represent smooth wavefields?
seismic_wave_propagation	How does depth-related shear wave velocity structure control Love wave velocity?
seismic_wave_propagation	What defines the spatial distribution of radiated energy for a fault?
seismic_wave_propagation	Why are regularization techniques applied to stabilize inversion processes?
seismic_wave_propagation	How does acoustic impedance contrast affect energy partitioning at interfaces?
seismic_wavefield_modeling	what are the main advantages of using adaptive filtering for noise reduction in seismic data processing?
seismic_wavefield_modeling	how do finite element methods handle complex geological structures in their mesh generation?
seismic_wavefield_modeling	what is the Courant-Friedrichs-Lewy condition and how does it affect the simulation speed?
seismic_wavefield_modeling	can you explain how geometric corrections improve the alignment of seismic events?
seismic_wavefield_modeling	what role does the mass-weighted stiffness matrix play in finite element simulations?
seismology_and_crustal_structure	how do seismic waves travel differently through layers of varying stiffness?
seismology_and_crustal_structure	what determines whether a rock will break or bend under pressure?
seismology_and_crustal_structure	how far apart do earthquake sensors need to be to see detailed crustal features?
seismology_and_crustal_structure	why do aftershocks cluster in certain areas after a primary earthquake?
seismology_and_crustal_structure	what physical changes cause seismic waves to bounce or bend underground?
semantic_rule_evaluation	how does the versioning subsystem track changes to semantic rules over time?
semantic_rule_evaluation	what happens when an exception clause is triggered during rule evaluation?
semantic_rule_evaluation	how do distributed tracing systems help identify rule performance issues?
semantic_rule_evaluation	why does the versioning subsystem need to maintain historical rule states?
semantic_rule_evaluation	how does the exception handling strategy affect the flow of rule evaluation?
semiconductor_epitaxy	how does strain affect the optical properties of the grown semiconductor layers?
semiconductor_epitaxy	why does increasing the temperature help achieve smoother film growth?
semiconductor_epitaxy	what role does magnetic shielding play in maintaining material purity?
semiconductor_epitaxy	how can we determine when wetting transitions to island formation?
semiconductor_epitaxy	what do the oscillating reflectometry signals tell us about the film structure?
sensor_calibration_protocols	how do I check for physical damage like corrosion on a pressure transducer before calibration?
sensor_calibration_protocols	what happens to system operation if the primary communication link between sensors fails?
sensor_calibration_protocols	which U.S. organization provides the official traceability chain for pressure measurement standards?
sensor_calibration_protocols	how can vibration isolation platforms improve accuracy during the calibration process?
sensor_calibration_protocols	what is the purpose of using a temperature-specific correction model to index the sensor reading?
shallow_foundation_design	how do engineers determine the group index from laboratory test results?
shallow_foundation_design	why is the compressive stress distribution assumed to be linear under the foundation?
shallow_foundation_design	what is the purpose of designing group foundations as a single unit?
shallow_foundation_design	how must the combined load be handled to protect the soil mass?
shallow_foundation_design	how does the effective stress state impact the accuracy of settlement predictions?
shape_memory_alloys	what is the role of twin boundary movement in shape memory behavior?
shape_memory_alloys	how does heating restore the original shape of a shape memory alloy?
shape_memory_alloys	why does the hysteresis loop widen with repeated cycles?
shape_memory_alloys	what does the widening hysteresis loop signify for functional strain?
shape_memory_alloys	how does energy dissipation affect the operation of shape memory alloys?
shape_memory_effect_activation	how do internal stress concentrations impact the overall performance of shape memory alloys?
shape_memory_effect_activation	what role do precipitates play in the nucleation of martensite during the transformation process?
shape_memory_effect_activation	why is the coherency of precipitate phases significant in determining whether martensite formation is promoted or inhibited?
shape_memory_effect_activation	how does the volume fraction of the precipitate phase influence the behavior of the alloy during activation?
shape_memory_effect_activation	what are the potential risks associated with using electrical heating methods for shape memory effect activation?
shear_induced_crystallization_in_polymer_melts	how does the molecular weight distribution of a polymer affect the onset of shear induced crystallization?
shear_induced_crystallization_in_polymer_melts	what role do nucleating agents play in lowering the critical shear stress for fibril formation?
shear_induced_crystallization_in_polymer_melts	how can additives that improve solubility paradoxically hinder the crystallization process?
shear_induced_crystallization_in_polymer_melts	what method do I use to determine the critical shear rate for a specific polymer melt?
shear_induced_crystallization_in_polymer_melts	why do narrow molecular weight distributions make polymer melts less sensitive to shear induced nucleation?
shear_strength_testing	what role does the shear vane play in preventing bending moments during a shear test?
shear_strength_testing	how can non-linear behavior in highly deformable materials be accounted for in shear strength testing?
shear_strength_testing	what systematic errors might arise from variations in sample preparation methods for shear tests?
shear_strength_testing	how does temperature influence shear strength through interparticle friction and creep mechanisms?
shear_strength_testing	what dimensionless parameters are commonly used to normalize shear strength data across different test conditions?
sheriff_s_court_administration	Are regular penetration tests required for all digital systems in sheriff courts to meet data security standards?
sheriff_s_court_administration	Does a signed arrest order have to specify both the person involved and the crime?
sheriff_s_court_administration	When would a civil case go to a superior court instead of a sheriff court?
sheriff_s_court_administration	Which government bodies oversee sheriff courts to make sure they follow legal requirements?
sheriff_s_court_administration	Are courts required to update their operations regularly through strategic planning and evidence-based changes?
shish_kebab_morphology_development	how do I arrange the meat pieces so they cook evenly without blocking each other?
shish_kebab_morphology_development	what happens to the fats inside the meat when it gets hot?
shish_kebab_morphology_development	should I cut the meat with or against the muscle lines?
shish_kebab_morphology_development	why does the outside get so crispy while the inside stays juicy?
shish_kebab_morphology_development	how does the heat affect the smell of the cooking food?
siege_mining_and_subterranean_sapping	how do you calculate the exact size of the underground chamber you need to dig before placing explosives?
siege_mining_and_subterranean_sapping	what happens to the tunnel walls if you dig too deep or too wide for the planned charge?
siege_mining_and_subterranean_sapping	how do you determine the right moment to blow up the mine so the whole structure crumbles at once?
siege_mining_and_subterranean_sapping	are there different types of detonators you can use to start the blast in a tunnel?
siege_mining_and_subterranean_sapping	why is it important to time the explosion so the mining face doesn't collapse before the charge is set?
siege_warfare_tactics	Why does the tower have a sloped design on its profile?
siege_warfare_tactics	How are siege machines broken down to move through rough landscapes?
siege_warfare_tactics	What determines how far a catapult can accurately strike a target?
siege_warfare_tactics	How do mobile artillery teams support attacks on moving siege equipment?
siege_warfare_tactics	What does it mean when steps are interlocked to press defenders continuously?
siege_weapons_and_fortification_defenses	how does the counterweight mechanism help throw heavier rocks over castle walls?
siege_weapons_and_fortification_defenses	why do castle designers angle the walls to make it harder for projectiles to cause damage?
siege_weapons_and_fortification_defenses	what role did naval attacks play in shaping the design of coastal defenses?
siege_weapons_and_fortification_defenses	how does the thickness of the fortress walls affect which weapons work best against them?
siege_weapons_and_fortification_defenses	how did the shift from wood to stone in castle construction change the length and cost of sieges?
signal_processing	what is the significance of the nyquist rate when determining sampling rates for signal reconstruction?
signal_processing	how does the region of convergence relate to the stability of discrete-time systems?
signal_processing	why might windowed filters be preferred despite their longer lengths for achieving specific attenuation levels?
signal_processing	how do dac systems benefit from oversampling in terms of reconstruction filters and image artifacts?
signal_processing	what is the advantage of using polyphase filters in terms of computational bandwidth per sample?
silicate_melt_rheology	how does the addition of carbon dioxide influence the viscosity of silicate melts compared to water?
silicate_melt_rheology	what is the significance of the critical stress range between 10 and 100 MPa in silicate systems?
silicate_melt_rheology	how does a high fragility index relate to the short-range order of a silicate melt?
silicate_melt_rheology	why is the resulting amorphous solid formed during kinetic arrest specifically called glass?
silicate_melt_rheology	what distinguishes the flow law of Newtonian melts from non-Newtonian materials?
skin_depth_calculation	how does the frequency of an electromagnetic wave influence the penetration depth into a conductor?
skin_depth_calculation	what role does the physical thickness of a material play when it is thinner than the calculated skin depth?
skin_depth_calculation	can the skin depth concept be applied to dielectric materials or are they fundamentally immune to this effect?
skin_depth_calculation	how does the choice of material's magnetic permeability impact the skin depth calculation for non-ferromagnetic metals?
skin_depth_calculation	what experimental techniques are commonly used to determine the skin depth of thin conductive films?
slotting_analysis	what role does thermal expansion coefficient matching play in avoiding induced stresses around slotted components?
slotting_analysis	how do discrete element methods help model particle behavior near the edges of a slot?
slotting_analysis	what size limits define acceptable defects for radiographic testing of slotted parts?
slotting_analysis	which manufacturing controls are used to guarantee good surface finish at the slot root?
slotting_analysis	how does surface finish quality influence where fatigue cracks begin to form?
smart_contract_execution	Why do developers use proxy patterns to replace smart contract code?
smart_contract_execution	How do smart contracts communicate with other contracts on the network?
smart_contract_execution	What problem do upgradeable storage patterns introduce that can lead to data loss?
smart_contract_execution	Why are Byzantine Fault Tolerance algorithms necessary for distributed networks?
smart_contract_execution	What design choices help prevent uncontrolled resource usage in smart contracts?
soil_consolidation	what role does grain size play in controlling how water moves through soil?
soil_consolidation	how does overestimating the overconsolidation ratio affect predicted settlement?
soil_consolidation	why does fresh organic matter have such high compressibility and low permeability?
soil_consolidation	what creates the soil fabric that resists initial compression?
soil_consolidation	how is the coefficient of consolidation determined using one-dimensional theory?
soil_hydraulic_conductivity_measurement	how do I keep the water pressure steady at the top of the ring during testing?
soil_hydraulic_conductivity_measurement	why does the size of the lab column matter for getting reliable data?
soil_hydraulic_conductivity_measurement	how do I know if my lab results actually match what's happening in the field?
soil_hydraulic_conductivity_measurement	what happens if the water gets hotter or colder during the measurement?
soil_hydraulic_conductivity_measurement	how do I handle the fact that soil isn't perfectly uniform when I'm measuring?
soil_mechanics	what role does pore water pressure play when calculating the actual stress on a soil matrix?
soil_mechanics	how can the residual shear strength be determined from the residual shear stress?
soil_mechanics	why must soil samples be split into three equal parts for testing?
soil_mechanics	how does Terzaghi’s theory limit the application of soil mechanics in unsaturated conditions?
soil_mechanics	how does optimum moisture content help control field compaction procedures for engineers?
soil_moisture_retention_and_drainage_engineering	how do spatial variations in hydraulic conductivity affect water distribution in drainage systems?
soil_moisture_retention_and_drainage_engineering	why is specific surface area important for capillary forces in soil-water interactions?
soil_moisture_retention_and_drainage_engineering	what role does maximum particle size play in preventing clogging in drainage materials?
soil_moisture_retention_and_drainage_engineering	how can I place sensors to monitor moisture in the root zone or drainage layer?
soil_moisture_retention_and_drainage_engineering	is modeling post-event moisture depletion a reliable way to estimate hydraulic conductivity?
soil_moisture_sensor_calibration	How can electrical noise be reduced during signal conditioning?
soil_moisture_sensor_calibration	What methods are used to determine the permanent wilting point of soil?
soil_moisture_sensor_calibration	How is baseline signal offset adjusted using reference electrodes?
soil_moisture_sensor_calibration	What visual signs indicate that an electrode is suffering from biofilm buildup?
soil_moisture_sensor_calibration	Why must temperature compensation algorithms be checked every time you calibrate?
soil_physics_and_dielectric_constant_measurement	How does ionic conduction affect energy dissipation in soil measurements?
soil_physics_and_dielectric_constant_measurement	What role does the dielectric constant of air play in transmission line setups?
soil_physics_and_dielectric_constant_measurement	How does the velocity of propagation help determine effective permittivity?
soil_physics_and_dielectric_constant_measurement	Why do low-frequency measurements capture bound water and ionic conduction effects?
soil_physics_and_dielectric_constant_measurement	How does polarizability of water molecules influence high-frequency permittivity?
soil_physics	why does the non-linear relationship between hydraulic conductivity and water content cause small changes in water content near saturation to result in large changes in infiltration capacity?
soil_physics	how does rapid loading rate prevent drainage of pore water in saturated soils?
soil_physics	what is the mechanism of wetting front instability in heterogeneous media?
soil_physics	why do core-boring methods typically produce lower bulk density values?
soil_physics	how does matric potential change as soil water content decreases?
soil_structure_interaction_analysis	how does the relative magnitude of structural stiffness compared to soil stiffness determine which vibration mode dominates the system?
soil_structure_interaction_analysis	what post-processing outputs should I examine to understand displacement, stress distribution, and settlement patterns in my coupled model?
soil_structure_interaction_analysis	why is the condition u_s = w_f used to enforce displacement continuity at the interface between the soil and the structure?
soil_structure_interaction_analysis	when would I need to perform a dynamic time-domain analysis instead of using frequency-domain methods for soil-structure interaction?
soil_structure_interaction_analysis	how can dynamic time-domain analysis account for nonlinear soil behavior and the degradation of stiffness during repeated loading cycles?
solder_joint_reliability_analysis	how does moisture affect the strength of a solder bond?
solder_joint_reliability_analysis	what happens to a solder joint when it goes through many heat cycles?
solder_joint_reliability_analysis	how can I see what types of crystals form in the solder?
solder_joint_reliability_analysis	which tool shows me where the solder joint is getting too hot?
solder_joint_reliability_analysis	how does the choice of solder mix change how much it shrinks?
soleplate_contact_verification	how does air between the surfaces affect heat transfer efficiency?
soleplate_contact_verification	why is checking the iron tip for wear important for the connection?
soleplate_contact_verification	what steps should i take before setting up the temperature measurement?
soleplate_contact_verification	how can i visually confirm the solder joint is wetting correctly?
soleplate_contact_verification	what kind of tools help me find voids in the solder joint?
solid_mechanics	How do nonlinear material behaviors change the way engineers solve solid mechanics problems using iterative methods?
solid_mechanics	What happens to a material's stress-strain relationship when multiple physical fields interact with it?
solid_mechanics	Why is the speed of transverse waves in a solid dependent on its shear modulus and density?
solid_mechanics	How does the finite element method ensure numerical stability when solving complex solid mechanics problems?
solid_mechanics	What are internal variables and how do they modify the constitutive response of solids in multiphysics scenarios?
solid_state_physics	What is the role of electron-phonon coupling in the formation of Cooper pairs?
solid_state_physics	How does scanning tunneling microscopy enable atomic-scale imaging of surfaces?
solid_state_physics	What information can resonant inelastic X-ray scattering reveal about electronic correlations?
solid_state_physics	How is the effective mass tensor mathematically defined in terms of energy dispersion?
solid_state_physics	Why does the Hall voltage emerge as a transverse voltage in equilibrium?
solidification_kinetics_and_interface_stability	why does a steep temperature gradient help maintain a flat solid-liquid boundary during solidification?
solidification_kinetics_and_interface_stability	how do sound waves influence the way a material solidifies in a specific direction?
solidification_kinetics_and_interface_stability	what happens to the stability of the growing crystal when the temperature drops or the growth speed increases?
solidification_kinetics_and_interface_stability	can high-speed X-ray imaging capture the exact shape changes at the solidification front in real time?
solidification_kinetics_and_interface_stability	how does the strength of an applied field change the size of the ripples that form on the interface?
solute_drag_interface_mobility	What physical mechanism causes the interface to slow down when solutes are present?
solute_drag_interface_mobility	How does the segregation energy influence the strength of the drag effect?
solute_drag_interface_mobility	What happens to the solute distribution when the interface is nearly stationary?
solute_drag_interface_mobility	Why is the Larché-Cahn model better than others for certain alloy systems?
solute_drag_interface_mobility	What determines the absolute maximum speed an interface can reach?
solute_partitioning_and_rejection	how does membrane porosity influence the separation of small molecules versus larger ones?
solute_partitioning_and_rejection	what happens to solute rejection when a fouling layer builds up on the membrane surface?
solute_partitioning_and_rejection	how do electrostatic forces affect the transport of ions through a charged membrane?
solute_partitioning_and_rejection	can you explain why some membranes reject certain solutes more effectively than others based on charge matching?
solute_partitioning_and_rejection	how does the thickness of the selective layer impact the overall rejection rate of a membrane?
solvent_extraction_engineering	how much area is needed to prevent soil contamination during a solvent spill?
solvent_extraction_engineering	what happens to product purity when using solvents with low volatility?
solvent_extraction_engineering	how does the specific interfacial area influence the mass transfer rate?
solvent_extraction_engineering	why must the chemical potential of each solute be equal across both liquid phases?
solvent_extraction_engineering	what is the recommended capacity of secondary containment structures for solvent tanks?
solvent_selection_for_natural_product_isolation	Why is the polarity index so important for selecting the right solvent when isolating natural products?
solvent_selection_for_natural_product_isolation	Could you explain what happens to natural products if there is any leftover solvent after evaporation?
solvent_selection_for_natural_product_isolation	What are some common solvents used for separating highly polar natural product fractions?
solvent_selection_for_natural_product_isolation	How can gas chromatography coupled with mass spectrometry help identify volatile components?
solvent_selection_for_natural_product_isolation	What does X-ray crystallography reveal about the molecular structure of isolated natural products?
source_sink_relationships	how do conductive pathways like wires or traces connect sources and sinks in a circuit?
source_sink_relationships	can you explain how feedback mechanisms keep source-sink systems stable by adjusting inputs based on outputs?
source_sink_relationships	what role does source impedance play in causing voltage drops and internal losses during power transmission?
source_sink_relationships	how do thermal management systems use temperature sensors to limit source activity when it gets too hot?
source_sink_relationships	can you verify consistency between Thevenin and Norton equivalents by matching their resistance values?
spatial_data_encoding	Why does bit-packing multiple small integers into single machine words lead to fewer cache misses during spatial tree traversal?
spatial_data_encoding	How does specifying Neumann boundary conditions at the edges help preserve smoothness in numerical simulations?
spatial_data_encoding	What role do explicit adjacency matrices or connectivity graphs play in keeping topological relationships intact when coordinates change?
spatial_data_encoding	Why should partition boundaries be aligned with natural geographic or administrative divisions instead of arbitrary lines?
spatial_data_encoding	How can data encoding schemes achieve lossless compression of coordinates while still meeting strict precision requirements?
spatial_data_structures	How do heuristic split rules in R-trees prevent excessive node overlap and reduce the total bounding box area?
spatial_data_structures	What role does the minimum occupancy ratio play in keeping nodes flexible enough for new data insertions?
spatial_data_structures	Why are techniques like PCA or t-SNE necessary when applying traditional spatial indexes to high-dimensional datasets?
spatial_data_structures	In what ways can spatial metadata be used by query planners to predict result size and optimize execution plans?
spatial_data_structures	How do hierarchical and grid-based partitioning methods improve the speed of range searches over geometric datasets?
spatial_indexing_and_spatial_partitioning	what strategies prevent memory fragmentation when data points are unevenly distributed across a spatial index?
spatial_indexing_and_spatial_partitioning	when does a node in a spatial tree get divided and how is the split determined?
spatial_indexing_and_spatial_partitioning	how does the system manage concurrent updates without locking the entire dataset?
spatial_indexing_and_spatial_partitioning	why do linear spatial indexing methods struggle with dynamic or changing datasets?
spatial_indexing_and_spatial_partitioning	what mechanisms do tree structures use to keep themselves balanced after insertions or deletions?
spatial_mechanics	how do you check if a math model for spatial mechanics actually works in real life?
spatial_mechanics	what does kinematic determinacy mean and why is it important for stable motion?
spatial_mechanics	how is the movement of a rigid body broken down into translation and rotation?
spatial_mechanics	what is closed-loop feedback control and how does it correct the system's state?
spatial_mechanics	why do we use gain scheduling to keep controllers stable across different operating conditions?
spatial_vector_algebra	What exactly is the dual operation for a multivector and how is it computed?
spatial_vector_algebra	How is the unit bivector for a plane defined using orthogonal vectors?
spatial_vector_algebra	Why is the geometric product of two vectors not commutative?
spatial_vector_algebra	How does using rotors help avoid singularities in rigid body dynamics?
spatial_vector_algebra	What advantage does the rotor formalism offer over Euler angles in describing rotations?
specific_energy_analysis	what are the key steps in setting energy-related objectives that support both environmental and economic targets?
specific_energy_analysis	how do I create a prioritized list of conservation measures based on cost-effectiveness and energy savings potential?
specific_energy_analysis	what is the energy payback period and how does it measure the recovery time for an energy investment?
specific_energy_analysis	how does smart grid integration improve real-time visibility into consumption and generation dynamics?
specific_energy_analysis	what benefits do cloud-based analytics platforms offer for identifying cross-site efficiency opportunities and benchmarking performance?
spectral_analysis	Why do continuous spectral bands appear in solid samples instead of discrete lines?
spectral_analysis	How can I protect my samples from light damage during sample prep?
spectral_analysis	Why does a noisy spectrum make it harder to detect trace analytes?
spectral_analysis	What role do PCA and PLS play in simplifying complex spectral data?
spectral_analysis	Why can multivariate methods resolve overlapping peaks from different components?
spectral_calibration	Do I need to worry about gravity when measuring wavelengths with a lab spectrometer?
spectral_calibration	How precise does my instrument's resolution need to be for the reference lines?
spectral_calibration	What happens to a photon's wavelength if it falls into a strong gravitational field?
spectral_calibration	Why do we have to match the measured peaks to theoretical values during calibration?
spectral_calibration	Which types of reference sources are best suited for high-resolution spectroscopy?
spectral_deconvolution	how does assuming sparsity help separate the actual signal from background noise?
spectral_deconvolution	what happens to the accuracy of the solution if the point spread function is only estimated approximately?
spectral_deconvolution	why does the signal-to-noise ratio dictate the need for regularization terms?
spectral_deconvolution	how does a large condition number affect the speed of iterative solvers like ADMM?
spectral_deconvolution	in what way do low-rank approximations simplify the representation of spectral data?
spectral_interference_reduction	what is the advantage of using pinholes in filtering out higher-order transverse modes?
spectral_interference_reduction	how do kinematic mounts contribute to stable optical alignment during spectral measurements?
spectral_interference_reduction	why is it important to account for the angle of incidence in optical system design?
spectral_interference_reduction	what effect does increasing the number of reflective surfaces have on overall spectral interference?
spectral_interference_reduction	how can active feedback systems help correct misalignments in real-time optical setups?
spectral_line_analysis	How can you separate overlapping spectral lines to see the individual components clearly?
spectral_line_analysis	What role does detector resolution play in preventing distortion in the recorded spectral data?
spectral_line_analysis	How can researchers eliminate the interference caused by gases in the atmosphere during a measurement?
spectral_line_analysis	What type of mathematical function is used to model the broadening of spectral lines due to particle collisions?
spectral_line_analysis	Why is Fourier transform infrared spectroscopy preferred when needing high precision in wavelength measurements?
spectral_resolution_enhancement	what role do mathematical constraints and prior knowledge play in boosting resolution beyond the physical diffraction limit?
spectral_resolution_enhancement	how can a frequency-domain filter like Wiener filtering improve the signal-to-noise ratio while enhancing spectral resolution?
spectral_resolution_enhancement	what are the risks of using super-resolution models that may hallucinate spectral features not actually present in the data?
spectral_resolution_enhancement	how does the numerical aperture of an optical system directly influence the cutoff spatial frequency and thus spectral resolution?
spectral_resolution_enhancement	why do finite aperture effects in instruments lead to instrumental broadening that blurs closely spaced spectral lines?
spectroscopic_analysis_and_metrology	How does the physical separation of light wavelengths in a spectrometer help identify unknown substances?
spectroscopic_analysis_and_metrology	Why must calibration standards match the chemical makeup of my sample to avoid measurement errors?
spectroscopic_analysis_and_metrology	What is the role of detector non-linearity correction in achieving accurate concentration values?
spectroscopic_analysis_and_metrology	How does the random arrival of photons affect the stability of my fluorescence intensity readings?
spectroscopic_analysis_and_metrology	What protocols are used to verify that a detector’s response remains proportional across different signal levels?
spectroscopic_analysis	How do you correct for baseline drift in a recorded spectrum?
spectroscopic_analysis	Why do some transitions appear forbidden in the spectrum?
spectroscopic_analysis	What kind of sample prep is best for a volatile analyte?
spectroscopic_analysis	How does stray light ruin the linearity of an absorbance plot?
spectroscopic_analysis	Does using a higher signal-to-noise ratio actually make the data more accurate?
spectroscopic_ellipsometry	How does the complex dielectric function relate to the refractive index and extinction coefficient?
spectroscopic_ellipsometry	Why must the measured dielectric function satisfy the Kramers-Kronig relations?
spectroscopic_ellipsometry	What happens to the accuracy of extracted parameters when the wavelength range is too narrow?
spectroscopic_ellipsometry	How do I choose the correct optical model for my sample structure?
spectroscopic_ellipsometry	Why does increasing the wavelength range help reduce correlation between the extracted parameters?
spectroscopic_refractometry	why do solid samples need to be polished to an optical grade finish before performing spectroscopic refractometry?
spectroscopic_refractometry	what should I do if I notice phase separation or particulate matter in my sample during a measurement?
spectroscopic_refractometry	how does the thermo-optic coefficient influence the refractive index of the measuring prism?
spectroscopic_refractometry	what does it mean when the two crosshairs align exactly with the edge of the sample image?
spectroscopic_refractometry	how does spectroscopic refractometry determine the refractive index across a defined wavelength range?
spectroscopy	Why is standard addition preferred for quantifying analytes in complex matrices rather than using a simple calibration curve?
spectroscopy	How does using cryogenic temperatures help sharpen spectral peaks during vibrational spectroscopy?
spectroscopy	What problem does X-ray photoelectron spectroscopy face regarding linearity when measuring analyte concentration?
spectroscopy	Why do laser sources make spectroscopic detection more sensitive than conventional light lamps?
spectroscopy	How does an increase in temperature cause spectral lines to broaden and shift in position?
spinor_theory	how does the dimension of a minimal spinor change when moving from even to odd spacetime dimensions?
spinor_theory	what role does the charge conjugation operator play in allowing the Majorana representation in four-dimensional space?
spinor_theory	why is the vanishing of the obstruction bundle significant for the existence of spin structures on manifolds?
spinor_theory	how can the isomorphism between Spin(1,3) and SL(2,C) be used to explicitly construct spinor representations?
spinor_theory	what physical or mathematical consequence arises if the tangent bundle does not admit a spin structure?
spontaneous_symmetry_breaking_in_condensed_matter	how does the Ginzburg-Landau theory use Taylor expansions to describe phase transitions?
spontaneous_symmetry_breaking_in_condensed_matter	why does breaking rotational symmetry lead to distinct material phases?
spontaneous_symmetry_breaking_in_condensed_matter	how does the Meissner effect relate to gauge fields gaining mass?
spontaneous_symmetry_breaking_in_condensed_matter	what role do bound pairs play in preserving quasi-long-range order?
spontaneous_symmetry_breaking_in_condensed_matter	where can the Higgs mechanism be observed beyond condensed matter?
spring_based_force_regulation	how does work hardening during wire drawing influence the spring's ability to resist plastic deformation?
spring_based_force_regulation	what happens to the spring's efficiency when it operates at or above its allowable shear stress limit?
spring_based_force_regulation	how does the number of active coils change the overall stiffness of a helical spring?
spring_based_force_regulation	why is a higher safety factor required for dynamic applications compared to static ones?
spring_based_force_regulation	what role does the yield strength play in determining the reversible elastic deformation range of a spring?
squeeze_out_defect_quantification	how does the inverse power-law relationship between current density and time-to-failure affect reliability predictions in interconnect structures?
squeeze_out_defect_quantification	what impact does spatial variation in copper thickness have on the magnitude of squeeze-out in metal lines?
squeeze_out_defect_quantification	how can I calculate defect density using void volume and cross-sectional area of the metal line?
squeeze_out_defect_quantification	why does oxidation of intermetallic phases promote void initiation and weaken mechanical integrity?
squeeze_out_defect_quantification	how do accelerated life testing campaigns validate the predictive model for squeeze-out defect quantification?
stable_isotope_probing	which mass spectrometry technique is best suited for detecting stable isotope labels in biological samples?
stable_isotope_probing	how do researchers separate labeled DNA from unlabeled DNA in their experiments?
stable_isotope_probing	what role does nuclear magnetic resonance spectroscopy play in complementing SIP analysis?
stable_isotope_probing	how is the separation process designed to distinguish between the mass differences of labeled and unlabeled compounds?
stable_isotope_probing	what steps are taken to normalize data when there are variations in total biomass across experimental replicates?
standardization_and_regulatory_compliance	How do internal audits and management reviews help keep a quality management system running smoothly?
standardization_and_regulatory_compliance	What steps are necessary to secure keys and keep them updated in a system architecture?
standardization_and_regulatory_compliance	Why is IEC 62301 important for medical device companies when submitting regulatory documents?
standardization_and_regulatory_compliance	How do companies check if a product change affects its compliance with existing standards?
standardization_and_regulatory_compliance	What role do quality assurance and regulatory teams play after a re-evaluation is completed?
static_analysis	how does on-demand call-graph construction help keep static analysis fast without losing too much accuracy?
static_analysis	what role does the narrowing operator play in refining analysis results once the system has reached a stable state?
static_analysis	why do static analysis tools prefer sound over-approximations instead of trying to solve undecidable problems exactly?
static_analysis	how do widening operators prevent infinite loops when analyzing code with unbounded values or recursion?
static_analysis	can you describe how memory safety checks are extended across multiple function calls in interprocedural analysis?
statistical_mechanics	what does it mean for the entropy function to have convex intrusions and why are those regions inaccessible in the canonical ensemble?
statistical_mechanics	how is the Lagrange multiplier beta identified with the inverse temperature by comparing statistical entropy to the thermodynamic relation dS = dQ/T?
statistical_mechanics	what role does the thermodynamic limit play in allowing convex intrusions in the entropy function?
statistical_mechanics	how does the Maxwell-Boltzmann distribution arise from maximizing the Gibbs entropy functional under constraints on particle number and total energy?
statistical_mechanics	why does the system stay confined to a specific region of phase space for timescales that diverge with system size?
statistical_validation_methods	what does the sum of squares between groups represent in an ANOVA analysis?
statistical_validation_methods	how do I calculate degrees of freedom for a contingency table?
statistical_validation_methods	does ANOVA require the randomization process to be properly conducted?
statistical_validation_methods	how can I detect non-linearity using a residual plot?
statistical_validation_methods	what does it mean when independent variables have additive effects on the outcome?
steel_colorimetry_and_visual_inspection	How does changing the color of the room lights change how the defects look?
steel_colorimetry_and_visual_inspection	What happens to the steel’s inner structure when it starts cooling?
steel_colorimetry_and_visual_inspection	Why do we need special tools to measure the exact colors reflected by steel?
steel_colorimetry_and_visual_inspection	What is the light pattern that makes colors look brighter or darker?
steel_colorimetry_and_visual_inspection	How can we use light waves to tell what is happening in the metal’s microstructure?
stereoscopic_vision	How does the brain combine signals from both eyes to figure out how far away an object is?
stereoscopic_vision	What role does the LGN play in preparing visual data before it reaches the brain?
stereoscopic_vision	Why do we need a specific line in each image to help match up corresponding points?
stereoscopic_vision	How do monocular depth cues work together with binocular disparity to create a sense of 3D?
stereoscopic_vision	What causes the discomfort when watching 3D movies on a flat screen?
stoichiometric_matrix_analysis	what does the non-negativity constraint imply about the geometry of the solution space in metabolic models?
stoichiometric_matrix_analysis	how can using different objective functions help researchers identify alternative metabolic strategies?
stoichiometric_matrix_analysis	what is the difference between structural and parametric robustness in the context of stoichiometric analysis?
stoichiometric_matrix_analysis	how does the Jacobian matrix help predict the effects of small changes on steady-state flux distributions?
stoichiometric_matrix_analysis	in what ways does constrained optimization ensure that calculated fluxes are physically realistic?
stomatal_conductance	what environmental factors trigger a plant to reduce stomatal conductance?
stomatal_conductance	how does light intensity influence the rate of gas exchange through stomata?
stomatal_conductance	what is the relationship between soil moisture levels and stomatal regulation?
stomatal_conductance	how does the boundary layer affect the calculation of stomatal conductance?
stomatal_conductance	why do plants balance carbon uptake with the risk of water loss?
stomatal_physiology	how does the breakdown of starch granules help maintain stomatal opening during nighttime or in dim light?
stomatal_physiology	what mechanism allows elevated atmospheric carbon dioxide levels to cause stomata to shut down?
stomatal_physiology	how does the movement of potassium ions through specific plasma membrane pumps affect guard cell water uptake?
stomatal_physiology	in what way does the difference in water vapor pressure between the leaf and the air affect plant transpiration?
stomatal_physiology	how does mesophyll tissue conductance influence the concentration of carbon dioxide inside the leaf?
stone_cutting_and_dressing	what temperature range keeps diamond wire saws cool and efficient during stone cutting?
stone_cutting_and_dressing	why does storing stone in a climate-controlled space prevent it from warping or cracking?
stone_cutting_and_dressing	how does extreme temperature change affect the cutting performance of stone materials?
stone_cutting_and_dressing	what kind of surface finish results from using machine dressing on stone?
stone_cutting_and_dressing	do diamond-impregnated blades work best with granite because of its hardness?
stone_dressing_and_honing_techniques	do i need to check for old sealant before starting to dress a slab?
stone_dressing_and_honing_techniques	how can I see hidden scratches on the surface before moving to finer grits?
stone_dressing_and_honing_techniques	why does some stone look shiny and colorful while other stones stay dull?
stone_dressing_and_honing_techniques	what happens if I use a polishing pad on stone that isn't dense enough?
stone_dressing_and_honing_techniques	is it safe to start working if the cord has a small fraying near the plug?
stone_masonry_and_vault_construction	How does the initial placement of the keystone help ensure the vault remains symmetrical?
stone_masonry_and_vault_construction	What happens to the stress distribution when you start removing the centering from the springing points?
stone_masonry_and_vault_construction	Why is limestone preferred over other types of rock when carving stones for a vault?
stone_masonry_and_vault_construction	Do you need to set any mortar when first arranging the stones for a vault before locking them in place?
stone_masonry_and_vault_construction	How does proper foundation preparation stop the vault ribs from cracking over time?
stone_surface_sealing_and_finishing	how much surface area should I seal at one time to get the best results?
stone_surface_sealing_and_finishing	which types of stone do I need to use film-forming sealers on?
stone_surface_sealing_and_finishing	how does the humidity in my room affect how well the sealer cures?
stone_surface_sealing_and_finishing	how often should I reapply my sealer depending on how the stone is used?
stone_surface_sealing_and_finishing	what level of relative humidity is safe for applying water-based sealers?
stratigraphic_modeling	what are the key mechanisms that influence how sediment layers change in thickness across a field?
stratigraphic_modeling	how does the accuracy of a stratigraphic model directly impact reservoir characterization?
stratigraphic_modeling	what happens to engineering decisions if a model isn’t properly calibrated with well log data?
stratigraphic_modeling	how does the workflow use seismic comparisons to improve the model over time?
stratigraphic_modeling	why are Markov chains specifically useful for describing the vertical sequence of rock types?
stratum_corneum_partitioning	how does low humidity affect the skin's barrier function?
stratum_corneum_partitioning	what role do free fatty acids play in the stratum corneum?
stratum_corneum_partitioning	how does the lipid-to-protein ratio in the stratum corneum differ between areas?
stratum_corneum_partitioning	what happens to keratinocytes as they reach the top of the skin layers?
stratum_corneum_partitioning	which pathway allows smaller molecules to pass through the stratum corneum more easily?
strehl_ratio_optimization	how do i select the right microlens pitch for my Shack-Hartmann wavefront sensor to avoid aliasing?
strehl_ratio_optimization	what mechanical mount designs best minimize thermal drift while keeping the support frequency high enough?
strehl_ratio_optimization	how can i detect and compensate for pentastigmatism in my optical train before alignment?
strehl_ratio_optimization	what are the best practices for characterizing mirror figure error so it stays below a fraction of the wavelength?
strehl_ratio_optimization	how do i balance tight alignment tolerances against the need for a robust, vibration-resistant mechanical design?
structural_botany_and_plant_architecture	How does the self-similar branching pattern help plants distribute nutrients efficiently without needing new designs at each level?
structural_botany_and_plant_architecture	Why does extra auxin building up on the sides encourage side buds to develop into new branches?
structural_botany_and_plant_architecture	What causes a growing shoot to curve toward light instead of growing straight up?
structural_botany_and_plant_architecture	How do differences in water pressure between neighboring cells steer the direction of stem and leaf growth?
structural_botany_and_plant_architecture	In what way does the arrangement of leaves follow a specific geometric pattern dictated by auxin levels?
structural_dynamics	How do inertial forces stored during dynamic motion depend on how mass is distributed within a structure?
structural_dynamics	What does the symbol F(t) represent in the context of dynamic structural analysis?
structural_dynamics	Why are spectral stochastic methods preferred for handling random inputs in frequency-domain analysis?
structural_dynamics	How does inserting flexible bearings in base isolation systems reduce the seismic forces transmitted to the superstructure?
structural_dynamics	In what ways is mass distribution balanced to minimize torsional coupling and inter-story drift during an earthquake?
structural_engineering_and_load_bearing_design	how do we put together the overall stiffness of a structure from the individual parts?
structural_engineering_and_load_bearing_design	what does the Japanese standard JIS G 3101 actually cover for steel buildings?
structural_engineering_and_load_bearing_design	do all welds in a structure need to be checked with ultrasonic testing?
structural_engineering_and_load_bearing_design	how do we make sure a joint stays strong after it has been fixed in the field?
structural_engineering_and_load_bearing_design	what does the axial force do inside a structural member?
structural_fire_dynamics	what happens when positive pressure ventilation is applied to a burning building?
structural_fire_dynamics	how does the thermal conductivity of building materials affect heat transfer during a fire?
structural_fire_dynamics	in what way does the floor assembly's thermal mass influence ceiling temperatures?
structural_fire_dynamics	why do pyrolysis vapors mix with the hot gas layer in a fire?
structural_fire_dynamics	how does the ambient temperature impact the speed of material breakdown during combustion?
structural_integrity_assessment	what role does ASME B31.1 play when evaluating pressure vessel welds under repeated temperature cycles?
structural_integrity_assessment	how does finite element analysis handle anisotropic elasticity in determining stress concentrations for composite laminates?
structural_integrity_assessment	in what way do interface friction coefficients influence shear stress transfer between joined materials?
structural_integrity_assessment	why do compressive stresses arise in neighboring components during shear load transfer?
structural_integrity_assessment	how is progressive plastic deformation accounted for during incremental load steps in structural simulations?
structural_timber_engineering	how are nominal timber properties modified when accounting for the reduced stiffness of a charred layer?
structural_timber_engineering	what are the characteristic values used to define the modulus of elasticity and modulus of rupture for timber?
structural_timber_engineering	why does cross-laminated timber behave differently along its thickness compared to the plane of its laminations?
structural_timber_engineering	how can design details prevent water pooling and improve air circulation around timber components?
structural_timber_engineering	what does the ratio of ultimate to elastic displacement indicate about a structure's ductility?
structure_from_motion	What does it mean for the structure from motion matrix to have only five independent degrees of freedom?
structure_from_motion	Why are reprojection errors minimized in bundle adjustment instead of using other error metrics?
structure_from_motion	How might a slow convergence process affect the practical application of SIFT descriptors in real-time systems?
structure_from_motion	Does bundle adjustment require a specific number of feature matches to guarantee finding the global minimum?
structure_from_motion	What specific techniques are used to generate orientation descriptors for keypoints in structure from motion pipelines?
structured_reference_string_generation	Why are the source identifiers considered immutable during the string generation process?
structured_reference_string_generation	How does the validation pipeline ensure that cryptographic hashes match the stored values?
structured_reference_string_generation	What happens if the resolution algorithm encounters a path that does not end at a leaf node?
structured_reference_string_generation	Can you describe how type safety differentiates between text literals and commands inside the string?
structured_reference_string_generation	What are the specific cryptographic constraints enforced during the final stage of validation?
subcritical_and_supercritical_flow_regimes	what distinguishes the flow characteristics of subcritical regimes from those that are supercritical?
subcritical_and_supercritical_flow_regimes	how does the presence of a phase interface influence heat transfer in subcritical flow?
subcritical_and_supercritical_flow_regimes	what role does the Reynolds number play in determining flow regimes in pipes and channels?
subcritical_and_supercritical_flow_regimes	which physical laws describe the conservation properties across shock waves?
subcritical_and_supercritical_flow_regimes	how do phase change dynamics contribute to erosion and thermal cycling in subcritical systems?
subgrid_scale_stress_modeling	How does empirical calibration of the Smagorinsky constant affect the prediction of turbulent flow features?
subgrid_scale_stress_modeling	What role does the scale-similarity hypothesis play in deriving the production term for the transport equation?
subgrid_scale_stress_modeling	How does comparing filtered Navier-Stokes equations at different scales help determine unknown model coefficients?
subgrid_scale_stress_modeling	Why is maintaining consistency with compressible Navier-Stokes equations important in this formulation?
subgrid_scale_stress_modeling	How does this modeling approach balance computational efficiency with accuracy for flow separation and reattachment?
subsurface_conductivity_inversion	Which regularization method should I pick for a complex geological setting versus a simple one?
subsurface_conductivity_inversion	How is the governing equation for electromagnetic flow actually written in mathematical terms?
subsurface_conductivity_inversion	Why are Schlumberger layouts favored when trying to image deep underground structures?
subsurface_conductivity_inversion	Can I use surrogate models to speed up the computationally heavy optimization steps?
subsurface_conductivity_inversion	What is the difference between a single best-fit model and an ensemble approach for uncertainty?
subsurface_drainage_systems	do i need to get special permits before digging for subsurface drains?
subsurface_drainage_systems	how do flexible couplings help keep drainage joints from breaking?
subsurface_drainage_systems	what happens if catch basins get clogged with debris?
subsurface_drainage_systems	how does soil texture change the design of my drainage layout?
subsurface_drainage_systems	can I install subsurface drains without lowering the groundwater level?
subsurface_imaging_systems	How do uncertainty quantification methods help determine if corrected subsurface images are reliable?
subsurface_imaging_systems	Why are solid-state contact pads preferred over fluid-based systems in dry or high-pressure drilling scenarios?
subsurface_imaging_systems	What kind of information do joint inversion algorithms use to decrease ambiguity when analyzing multiple physical property datasets?
subsurface_imaging_systems	Which organizations set the rules for conducting subsurface imaging projects in ecologically sensitive areas?
subsurface_imaging_systems	How do environmental impact assessments help protect local water systems and animal habitats before the equipment is even set up?
succulent_cultivation_and_propagation	How long should I let the detached leaf callous before planting it?
succulent_cultivation_and_propagation	What causes water loss through the plant's epidermis and how do succulents reduce it?
succulent_cultivation_and_propagation	Which insects are best treated with horticultural oil instead of chemical sprays?
succulent_cultivation_and_propagation	How can I stop an infection from spreading to other parts of the succulent?
succulent_cultivation_and_propagation	What should a healthy root system look like before I transplant the plant?
superconducting_quantum_interference_device_technology	how much cooling is needed to keep the Josephson junctions in their superconducting state?
superconducting_quantum_interference_device_technology	what role does the loop inductance play in determining the screening current of a SQUID?
superconducting_quantum_interference_device_technology	why is radiofrequency shielding important for the voltage signals coming from the Josephson junctions?
superconducting_quantum_interference_device_technology	how does the external magnetic flux influence the screening current inside a SQUID loop?
superconducting_quantum_interference_device_technology	what steps does the firmware take to turn the digital count into a final measurement value?
supercritical_flow_transition	What causes the critical Reynolds number to drop when flow speeds exceed the speed of sound?
supercritical_flow_transition	How does viscosity scale in a way that defies standard fluid dynamics models near the critical point?
supercritical_flow_transition	What role does the Mach number play in setting the boundary between subsonic and supersonic flow regimes?
supercritical_flow_transition	Why does the thermal expansion coefficient vary so dramatically around the critical region?
supercritical_flow_transition	How do engineers account for non-classical viscosity scaling when designing systems operating near critical conditions?
surface_energy_and_curvature_effects	How do adsorbates lower the interfacial tension of a material's surface?
surface_energy_and_curvature_effects	What role does surface curvature play in changing the chemical potential of particles?
surface_energy_and_curvature_effects	How can atomic force microscopy be used to measure surface energy?
surface_energy_and_curvature_effects	Why does curvature introduce an additional pressure term at a material interface?
surface_energy_and_curvature_effects	How do stress fields affect the critical nucleus size during homogeneous nucleation?
surface_engineering	How does the speed of cooling after laser treatment affect the new material phases formed on the surface?
surface_engineering	What does a high fractal dimension actually tell me about how well a surface will handle friction and wear?
surface_engineering	Why might some impurities at the boundary help materials stick better while others do the opposite?
surface_engineering	What specific sampling length do I need to choose when using ISO 11328 to measure surface roughness?
surface_engineering	How does using optical methods change the results compared to traditional mechanical profilometry for surface assessment?
surface_enhancement_and_fin_geometry_optimization	Why do engineers need to leave extra safety space when designing surfaces that will be machined?
surface_enhancement_and_fin_geometry_optimization	How does surface roughness directly affect the way heat and fluid move near a solid boundary?
surface_enhancement_and_fin_geometry_optimization	What steps does an optimization algorithm take to find the best fin shape while keeping constraints in mind?
surface_enhancement_and_fin_geometry_optimization	What is the usual size limit for dimensional errors when using standard machining processes?
surface_enhancement_and_fin_geometry_optimization	Why do real-world thermal efficiency results fall short of what theoretical equations predict?
surface_figure_measurement	how do i know if my measurement system is truly accurate without certified reference materials?
surface_figure_measurement	what type of mechanical stage design helps prevent damage during probe-sample contact?
surface_figure_measurement	how can i distinguish between figure errors and surface roughness using spatial filtering?
surface_figure_measurement	what physical factor determines the best resolution achievable with scanning probe microscopy?
surface_figure_measurement	how does contamination on the probe tip affect the quality of my surface measurements?
surface_finish_evaluation	How does wavelet filtering help reduce phase distortion when analyzing surface profile signals?
surface_finish_evaluation	Why are ISO 4287 and ISO 4288 standards important for standardizing surface finish evaluation?
surface_finish_evaluation	What does Ra represent in the calculation of surface roughness parameters?
surface_finish_evaluation	How do quality control systems use measured surface finish values to automatically reject defective parts?
surface_finish_evaluation	What role does high-stage precision play in ensuring the accuracy of spatial coordinates during surface measurement?
surface_finish_optimization	What specific roughness parameters are most important for predicting fatigue life in aerospace components?
surface_finish_optimization	How does increasing the tool flank angle influence the occurrence of chatter during milling operations?
surface_finish_optimization	Why do thermal treatments like annealing or tempering alter residual stress patterns on machined surfaces?
surface_finish_optimization	What role do compressive residual stresses play in extending the service life of ground surfaces?
surface_finish_optimization	How does the use of low-pressure lapping affect the continuity of grain boundaries compared to conventional grinding?
surface_hardening_and_tribology	how do I prevent the surface from cracking after the hardening process is complete?
surface_hardening_and_tribology	what does the nitride layer do to stop my parts from wearing down?
surface_hardening_and_tribology	can I use an ultrasonic test to check if the residual stresses are right?
surface_hardening_and_tribology	why does making the surface smoother help reduce wear in the first place?
surface_hardening_and_tribology	how much does the hardness need to go up to get good resistance against adhesive wear?
surface_protection_technologies	what role does surface oxidation play in helping a coating bond to metal substrates?
surface_protection_technologies	how does high humidity affect the lifespan of polymer-based protective coatings?
surface_protection_technologies	can you explain why interconnected grain structures help prevent microcracks in coatings?
surface_protection_technologies	what is the ideal contamination limit to avoid pinhole formation in protective layers?
surface_protection_technologies	how do sol-gel silane coatings improve water vapor resistance and adhesion?
surface_reconstruction_techniques	What role does plasma cleaning play in preparing a metal surface for atomic-scale analysis?
surface_reconstruction_techniques	How can theoretical calculations be used to interpret confusing diffraction patterns from a reconstructed crystal?
surface_reconstruction_techniques	Why is it important to know the electronic density of states when studying surface topography?
surface_reconstruction_techniques	What conditions must be considered when predicting the stability of a surface reconstruction using computational models?
surface_reconstruction_techniques	How does scanning tunneling microscopy provide more detailed surface information than standard topographic imaging alone?
surface_roughness_metrology	how do calibration artifacts help correct for errors caused by physical interaction with the surface?
surface_roughness_metrology	what role does the gaussian filter play in making roughness measurements comparable?
surface_roughness_metrology	how are the beginning and ending points of a measurement trace determined?
surface_roughness_metrology	which parameters are calculated from the profile data beyond basic roughness?
surface_roughness_metrology	why is comparing results to certified artifacts necessary for confirming accuracy?
surface_science_and_interface_characterization	what factors determine whether a thin film grows layer-by-layer or forms distinct islands on a substrate?
surface_science_and_interface_characterization	how do temperature and vacuum level affect the stability of the interaction between a scanning probe tip and the sample surface?
surface_science_and_interface_characterization	what role do surface dipoles play in modifying the electronic properties of adsorbed species?
surface_science_and_interface_characterization	how does the ratio of incoming precursor flux to the distance a molecule can diffuse determine the resulting film growth mode?
surface_science_and_interface_characterization	what advantages does in situ ambient pressure X-ray photoelectron spectroscopy offer for studying interfaces under realistic operational conditions?
surface_science	how do strain fields influence the thermodynamic stability of thin films?
surface_science	what experimental technique is used to correct for matrix effects in XPS measurements?
surface_science	how does temperature impact the rate of desorption from a surface?
surface_science	in what way does ARPES determine the electronic dispersion relation?
surface_science	how can atomic-scale features be engineered to enhance catalytic selectivity?
surface_thermodynamics	what causes a departure from the expected hyperbolic behavior in adsorption isotherms?
surface_thermodynamics	why do undercoordinated surface atoms bind reactants more strongly than flat terraces?
surface_thermodynamics	how do surface, interfacial, and elastic energies compete to dictate particle growth patterns?
surface_thermodynamics	why is the definition of surface tension dependent on where the dividing surface is placed?
surface_thermodynamics	how does the electron density profile obtained from X-ray reflectivity relate to statistical mechanical models of interfaces?
surface_water_routing	how does the continuity equation interact with the momentum equation in surface water flow modeling?
surface_water_routing	what factors determine the numerical stability when selecting boundary conditions for a reach?
surface_water_routing	why is constant channel geometry assumed along a single segment in these models?
surface_water_routing	which types of drainage systems typically utilize this surface water routing approach due to their rapid response?
surface_water_routing	under what slope and velocity conditions is this method considered suitable for channel analysis?
surveying_and_topographic_mapping	How are vegetation types and densities mapped during the preparation of a topographic map?
surveying_and_topographic_mapping	Why are digital elevation models created using point cloud data from LiDAR or photogrammetry?
surveying_and_topographic_mapping	In what way do vertical datums influence the appearance of elevation and contour lines on topographic maps?
surveying_and_topographic_mapping	What is the hierarchical system based on powers of ten that standard topographic scales follow?
surveying_and_topographic_mapping	How are color codes, such as green for vegetation and blue for water, used to convey information on a topographic map?
symbolic_execution	How does detecting aliasing in memory affect the way symbolic execution propagates values through a program?
symbolic_execution	What is the role of loop unrolling in making iterative code more amenable to symbolic analysis?
symbolic_execution	Why do some symbolic execution engines merge states when they encounter aliased memory regions?
symbolic_execution	How does concolic execution help overcome the limitations of pure symbolic evaluation for external functions?
symbolic_execution	In what ways does model checking complement the results produced by symbolic execution engines?
synchrotron_radiation_physics	What determines where the brightest peak of the synchrotron radiation spectrum appears?
synchrotron_radiation_physics	How do the beamline optics get the radiation from the vacuum ring to the actual sample?
synchrotron_radiation_physics	Why does the absorption cross-section drop off so quickly as photon energy increases?
synchrotron_radiation_physics	What equation connects the angle of diffraction with the crystal structure and wavelength?
synchrotron_radiation_physics	How is the focused beam delivered into the experimental chamber for analysis?
syntax_directed_translation	how do compilers handle the ambiguity of operator precedence when parsing expressions in grammar rules?
syntax_directed_translation	what happens to semantic actions when a parser reduces a non-terminal to a set of terminals in a bottom-up approach?
syntax_directed_translation	in what ways can semantic actions influence parsing decisions in top-down systems by passing data structures downwards?
syntax_directed_translation	how does the intermediate representation change during the translation process to reach the final program output?
syntax_directed_translation	what role do precedence and associativity declarations play in ensuring correct parsing of complex expressions?
systems_biology	What happens when the physical properties of cellular droplets change how fast molecules move around inside them?
systems_biology	How can researchers clean up messy data that has missing pieces and inconsistencies from different experiments?
systems_biology	In what ways can computer networks help scientists find the most important proteins in a cell’s control system?
systems_biology	Why is it necessary to create special methods for dealing with uneven data in biological studies?
systems_biology	How do the structure of genetic circuits and random molecular events together determine what traits an organism shows?
tanning_chemistry_and_penetration	how does the oxidation speed of a tanning agent influence the final shade of tan achieved on the skin?
tanning_chemistry_and_penetration	what role does water solubility play in determining how well a tanning ingredient spreads throughout the skin layers?
tanning_chemistry_and_penetration	how does the physiological pH of the skin affect the charge and penetration of ionizable tanning molecules?
tanning_chemistry_and_penetration	why do UVA and UVB radiation differ in their ability to trigger the melanin production pathway?
tanning_chemistry_and_penetration	how does the polymerization process convert tanning intermediates like DOPAQ into stable melanin pigments?
tax_provision_accounting	What information must be disclosed when a company has uncertain tax positions that do not meet recognition criteria?
tax_provision_accounting	How are permanent differences tracked and documented for audit and review purposes?
tax_provision_accounting	What details are required in the disclosure of a potential favorable outcome for an uncertain tax position?
tax_provision_accounting	Why is it important to maintain version control of tax provision calculations?
tax_provision_accounting	How does documenting differences between book and tax bases support audit trails?
tensile_testing_and_stress_analysis	how does the machine know when to stop applying load during the test?
tensile_testing_and_stress_analysis	what happens to the stress-strain curve if the testing speed is too fast?
tensile_testing_and_stress_analysis	why does the gauge section need to be at least 12.7 mm wide for steel samples?
tensile_testing_and_stress_analysis	how do you determine the modulus of elasticity from the graph?
tensile_testing_and_stress_analysis	what is the purpose of setting a maximum load limit in the testing software?
textile_drying_and_moisture_control	what kind of insulation materials are best for reducing heat loss in textile dryers?
textile_drying_and_moisture_control	how can I accurately calibrate temperature sensors in my drying system?
textile_drying_and_moisture_control	why is continuous emission monitoring required for textile dryer exhaust stacks?
textile_drying_and_moisture_control	what role do high-efficiency particulate filters play in drying processes?
textile_drying_and_moisture_control	how much energy is needed to maintain the temperature for moisture evaporation?
textile_engineering	How does increasing the draw ratio affect the elongation at break in highly oriented textile fibers?
textile_engineering	Why might reactive dyes be problematic for protein-based fibers compared to synthetic polymers like polyester?
textile_engineering	What role does uneven tension distribution play in causing localized failure in yarns?
textile_engineering	Which testing standards are commonly used to assess pilling resistance in textile products?
textile_engineering	How do alkaline conditions impact the fiber surface when using reactive dyes on different materials?
textile_weaving_and_wool_processing	how does the pH level affect the fiber during the bleaching process?
textile_weaving_and_wool_processing	what component provides the main strength and structure of the wool fiber?
textile_weaving_and_wool_processing	why do cuticle scales move in the direction of the fiber axis?
textile_weaving_and_wool_processing	how does the dyeing process achieve color absorption into the wool?
textile_weaving_and_wool_processing	what happens to the fiber scales when certain forces are applied during processing?
textured_thin_film_deposition	What is the specific impact of the applied bias voltage on the ionization energy of the incident ions during deposition?
textured_thin_film_deposition	How does the annealing duration influence the process of defect annihilation in the final film?
textured_thin_film_deposition	Why is it critical to optimize the film thickness for the etchant to fully penetrate the template pores?
textured_thin_film_deposition	How does a high density of nucleation sites prevent the formation of large, defect-prone columnar grains?
textured_thin_film_deposition	What does a wetting angle exceeding 90 degrees imply for the spreading coefficient and subsequent island growth?
thermal_barrier_coatings	which deposition method is best suited for applying thermal barrier coatings on turbine blades?
thermal_barrier_coatings	how can Raman spectroscopy be used to detect carbon contamination in these coatings?
thermal_barrier_coatings	what role do corrosive gases like sulfur dioxide play in degrading thermal barrier coatings?
thermal_barrier_coatings	how do researchers determine the pore size distribution within a thermal barrier coating?
thermal_barrier_coatings	why are creep resistance and thermal fatigue tolerance critical for turbine blade applications?
thermal_expansion_and_contraction	how do expansion loops help mitigate stress in pipelines during temperature changes?
thermal_expansion_and_contraction	can thermocouples be used to monitor temperature fluctuations in industrial piping systems?
thermal_expansion_and_contraction	what role does the mechanical stiffness of the matrix play in thermal cycling of composite materials?
thermal_expansion_and_contraction	how do reinforcement geometries affect the overall thermal expansion coefficient according to Halpin-Tsai equations?
thermal_expansion_and_contraction	why are flexible couplings preferred over rigid connections for managing thermal displacement in long conduits?
thermal_expansion_coefficient_measurement	how do I set up my measurement holders to ensure they experience the same temperature changes throughout the test?
thermal_expansion_coefficient_measurement	should I log ambient conditions at the same time I’m recording the sample expansion?
thermal_expansion_coefficient_measurement	why is it useful to run the measurement cycle over and over again before analyzing the results?
thermal_expansion_coefficient_measurement	what kind of sample holders should I use to make sure the material can expand without any resistance?
thermal_expansion_coefficient_measurement	how can I tell if my data changes are due to temperature or because the material is absorbing moisture from the air?
thermal_expansion_compensation	what geometric rules determine how much a metal strip bends when heated?
thermal_expansion_compensation	how does isotropic behavior affect the volume change compared to just length change?
thermal_expansion_compensation	which industry standards specify the testing methods for thermal expansion compensation?
thermal_expansion_compensation	why does beryllium copper hold its shape better than other metals during temperature cycles?
thermal_expansion_compensation	what material properties make stainless steel effective for structural parts under wide temperature ranges?
thermal_fluctuations	what role does friction play in determining how particles spread out over time?
thermal_fluctuations	can non-equilibrium simulation data be used to find equilibrium properties?
thermal_fluctuations	what does it mean when the standard fluctuation-dissipation relation breaks down?
thermal_fluctuations	how is the breakdown of fluctuation-dissipation measured in complex systems?
thermal_fluctuations	why do we need symmetric matrices when modeling transport coefficients?
thermal_gradient_control	what factors influence the calculation of pump flow rates in liquid cooling systems?
thermal_gradient_control	how do disturbances affect MPC models in thermal control applications?
thermal_gradient_control	in what ways does fluid dynamics influence convective heat transfer mechanisms?
thermal_gradient_control	why does thermal mass impact the accuracy of temperature control systems?
thermal_gradient_control	how do humidity control mechanisms support consistent thermal properties in a system?
thermal_insulation_design	how do residual gas molecules affect heat transfer in high-pressure insulation systems?
thermal_insulation_design	what factors cause the thermal conductivity of porous insulation materials to increase as temperature rises?
thermal_insulation_design	which International Building Code fire resistance ratings must insulation materials satisfy for different building occupancies?
thermal_insulation_design	how do I select insulation thickness and thermal conductivity to meet ASHRAE 90.1 energy efficiency R-value requirements?
thermal_insulation_design	what role does radiative heat transfer play in the thermal performance of insulation materials at elevated temperatures?
thermal_insulation_materials	why does aerogel perform so well at blocking heat conduction?
thermal_insulation_materials	how does time influence the measurement of thermal conductivity?
thermal_insulation_materials	what happens to polymer insulation when exposed to high temperatures?
thermal_insulation_materials	why is it important to avoid fire sources when spray foam is curing?
thermal_insulation_materials	how should drainage be handled in outside spray foam projects?
thermal_interface_material_engineering	Which ASTM standard should I follow to properly test the thermal conductivity of a thin film coating?
thermal_interface_material_engineering	How does the formation of voids at the interface impact the overall thermal conductivity of the material?
thermal_interface_material_engineering	Can I use thermal cycling analysis to help determine the optimal thickness and geometry for my thermal interface material?
thermal_interface_material_engineering	Why would incorporating phase change materials into my system help reduce the size of the heat sink?
thermal_interface_material_engineering	In what ways can reducing the thermal resistance of the interface allow me to use a smaller heat sink?
thermal_load_specification_and_duty_rate_determination	which internal heat sources typically contribute to the total thermal load of a facility?
thermal_load_specification_and_duty_rate_determination	what is the difference between duty rate and duty cycle in equipment sizing?
thermal_load_specification_and_duty_rate_determination	how can thermal zones be defined when specifying a new HVAC system?
thermal_load_specification_and_duty_rate_determination	how do duty factors influence the final capacity requirements for cooling devices?
thermal_load_specification_and_duty_rate_determination	what is the importance of using simulation tools for validating thermal load estimates?
thermal_management_in_optical_systems	how do I mitigate wavefront distortion caused by thermal expansion coefficient mismatches in optical substrates and mounting hardware?
thermal_management_in_optical_systems	what materials provide the best thermal conductivity for high-power laser applications in optical systems?
thermal_management_in_optical_systems	how do I select thermal interface materials that maintain integrity during repeated thermal cycling?
thermal_management_in_optical_systems	what role do thermal conductivity variations between dielectric layers play in causing delamination?
thermal_management_in_optical_systems	how can I prevent localized stress concentrations in optical coatings using thermal gradient monitoring?
thermal_management_systems	how does the volume of coolant flowing through a heat pump affect temperature regulation efficiency?
thermal_management_systems	in what ways does capillary action influence the performance of heat spreaders?
thermal_management_systems	why is forced convection generally considered more effective than natural convection for cooling electronic components?
thermal_management_systems	what factors should be considered when selecting the right thermal interface material for high-performance processors?
thermal_management_systems	how does the distance between cooling fins impact airflow and overall thermal dissipation?
thermal_mass_characterization	What is the difference between specific heat and volumetric heat capacity?
thermal_mass_characterization	How does the orientation of a building affect the temperature changes inside?
thermal_mass_characterization	Which international standard outlines the steps for measuring a building material's thermal mass?
thermal_mass_characterization	What are the recommendations from the NRC for incorporating thermal mass into a building?
thermal_mass_characterization	Why is heat capacity considered an intensive property of a material?
thermal_processing_of_non_crystalline_materials	what role do radical scavengers play in stopping polymer chains from breaking down under heat?
thermal_processing_of_non_crystalline_materials	how does laser radiation affect the temperature difference between the surface and the center of a sample?
thermal_processing_of_non_crystalline_materials	can I use light scattering techniques to measure how tangled polymer chains are in a melt?
thermal_processing_of_non_crystalline_materials	would adding a thermal barrier coating help reduce thermal stress on the material's surface?
thermal_processing_of_non_crystalline_materials	how do rheology tests help me determine the safe temperature range for processing a polymer?
thermal_shock_engineering	how do engineers use computer models to predict when a component will fail under rapid heating or cooling?
thermal_shock_engineering	what role do residual compressive stresses play in preventing cracks from growing in composite materials?
thermal_shock_engineering	why do materials with tensile stresses in their matrix phase become less resistant to thermal shock?
thermal_shock_engineering	how is Weibull statistics applied to estimate the lifespan of materials exposed to thermal cycling?
thermal_shock_engineering	in what way does the path of maximum tensile stress influence the final failure mode of a structure?
thermal_shock_resistance_engineering	how do compressive residual stresses from shot peening help materials withstand thermal cycling?
thermal_shock_resistance_engineering	what role does high convection coefficient play in worsening thermal gradients?
thermal_shock_resistance_engineering	why is thermal conductivity important for minimizing temperature differences in alloys?
thermal_shock_resistance_engineering	how does ISO 11229 standardize the testing of glass and ceramic thermal shock resistance?
thermal_shock_resistance_engineering	what inputs does finite element analysis use to predict stress and temperature fields?
thermal_shock_resistance	Why do residual stresses inside a material's crystal lattice matter when it comes to thermal shock failure?
thermal_shock_resistance	What causes the surface of a material to flake off after repeated heating and cooling cycles?
thermal_shock_resistance	How does having a uniform internal structure help prevent a material from breaking during sudden temperature changes?
thermal_shock_resistance	In what ways does the amount of built-in stress change the temperature range a material can safely endure?
thermal_shock_resistance	Why does exposure to fresh air after oxide layer damage make further degradation happen faster?
thermal_stress_analysis_in_ceramics	what are the key limitations of using plane stress assumptions when analyzing thick ceramic stacks?
thermal_stress_analysis_in_ceramics	how does a mismatch in thermal expansion coefficients affect the residual stresses in ceramic coatings?
thermal_stress_analysis_in_ceramics	what role does finite strain theory play in the constitutive modeling of thermal stress in ceramics?
thermal_stress_analysis_in_ceramics	why do compressive residual stresses improve the fatigue life of ceramic materials?
thermal_stress_analysis_in_ceramics	how do coating layers interact with the substrate to generate thermal stress?
thermal_stress_analysis_in_manufacturing	How does thermal softening in yield criteria affect the accuracy of stress predictions during rapid cooling?
thermal_stress_analysis_in_manufacturing	Can X-ray diffraction detect microstructural changes caused by post-build heat treatment cycles?
thermal_stress_analysis_in_manufacturing	What methods are used to correlate surface temperature maps from thermography with internal stress concentrations?
thermal_stress_analysis_in_manufacturing	How do residual compressive stresses influence the fatigue life of manufactured components?
thermal_stress_analysis_in_manufacturing	What are the key parameters that determine the effectiveness of homogenizing microstructures through heat treatment?
thermal_stress_analysis	What criteria dictate the selection of an appropriate time step when solving transient heat transfer problems?
thermal_stress_analysis	How does the volumetric heat capacity factor into the calculation of internal energy changes over time?
thermal_stress_analysis	Why does a material with a large thermal expansion coefficient experience greater strain for the same temperature change?
thermal_stress_analysis	How are residual stresses from repeated heating and cooling cycles accounted for in fatigue life estimations?
thermal_stress_analysis	What specific sources of error must be considered when quantifying measurement uncertainty in experimental thermal data?
thermal_stress_modeling_in_ceramics	how does refining the polynomial order of shape functions improve the accuracy of thermal stress solutions in smooth material regions?
thermal_stress_modeling_in_ceramics	in what ways can X-ray diffraction data be used to validate predicted internal stress states and phase transformations in ceramics?
thermal_stress_modeling_in_ceramics	why do creep mechanisms at high temperatures cause time-dependent deformations that alter static thermal stress predictions?
thermal_stress_modeling_in_ceramics	how can the spatial distribution of phase transformations be controlled to reduce stress concentrations in ceramic structures?
thermal_stress_modeling_in_ceramics	what does Fourier's law of conduction contribute to constitutive equations used in thermal stress modeling of ceramics?
thermo_mechanical_finite_element_analysis	How do hourglass modes affect the stability of structural elements when using reduced integration in thermo-mechanical simulations?
thermo_mechanical_finite_element_analysis	In what way does the stiffness matrix connect elastic strain to the stress tensor within the constitutive model?
thermo_mechanical_finite_element_analysis	How is the final solution determined through iterative updates until the residual norm meets the convergence threshold?
thermo_mechanical_finite_element_analysis	Does the thermal-mechanical coupling in this analysis treat the fields as independent or does it account for mutual influence?
thermo_mechanical_finite_element_analysis	What makes nonlinear analysis necessary when thermal expansion coefficients change markedly with temperature?
thermo_mechanical_stress_analysis_and_residual_stress_mapping	How do sub-pixel correlation algorithms enhance the spatial resolution of Digital Image Correlation measurements?
thermo_mechanical_stress_analysis_and_residual_stress_mapping	What is the significance of embedding constitutive laws directly into the finite element formulation?
thermo_mechanical_stress_analysis_and_residual_stress_mapping	How does compressive residual stress contribute to improved fracture toughness in components?
thermo_mechanical_stress_analysis_and_residual_stress_mapping	What specific ISO standard governs the non-destructive evaluation of residual stresses using X-ray diffraction?
thermo_mechanical_stress_analysis_and_residual_stress_mapping	Can you describe how initial temperature fields are defined and applied in thermo-mechanical simulations?
thermodynamic_driving_force_calculation	How do you correct the standard Gibbs free energy change for non-standard pressure conditions in a gas-phase reaction?
thermodynamic_driving_force_calculation	Can you explain how the equilibrium constant relates to the standard cell potential when calculating the thermodynamic driving force?
thermodynamic_driving_force_calculation	What happens to the entropy term if the temperature is entered in Celsius instead of Kelvin during this calculation?
thermodynamic_driving_force_calculation	How do you estimate the enthalpy change for a reaction when standard formation data isn't available for all the reactants?
thermodynamic_driving_force_calculation	What does it mean for the chemical potential of a species to be well-defined across a phase boundary?
thermodynamic_feasibility_analysis	Which activity coefficient models are recommended for handling highly polar or aqueous mixtures?
thermodynamic_feasibility_analysis	What does enthalpy represent in the context of a thermodynamic system?
thermodynamic_feasibility_analysis	Why are azeotropes considered a limitation for conventional distillation processes?
thermodynamic_feasibility_analysis	How do process simulation tools combine thermodynamic models with mass and energy balances?
thermodynamic_feasibility_analysis	What are the key steps in performing a thermodynamic feasibility analysis?
thermodynamic_phase_diagram_construction	How can infrared spectroscopy be used to identify functional group interactions within polymer solutions?
thermodynamic_phase_diagram_construction	What role does the binodal curve play in defining the limits of two-phase coexistence?
thermodynamic_phase_diagram_construction	How do thermodynamic integration methods help calculate free energy differences between different states?
thermodynamic_phase_diagram_construction	Why do properties like conductivity and magnetization change abruptly at phase boundaries influenced by external fields?
thermodynamic_phase_diagram_construction	What does the Gibbs phase rule say about the relationship between components and degrees of freedom in a system?
thermodynamic_property_correlation_and_modeling	What role does quantum chemistry play in predicting solvation free energies using COSMO-RS?
thermodynamic_property_correlation_and_modeling	Why is it necessary to compile high-quality experimental datasets covering specific temperature and pressure ranges?
thermodynamic_property_correlation_and_modeling	How does the parameter b in cubic equations of state relate to the critical volume of a substance?
thermodynamic_property_correlation_and_modeling	What thermodynamic laws must computational techniques incorporate to maintain physical consistency?
thermodynamic_property_correlation_and_modeling	How are fugacity coefficients constrained by the Maxwell relation linking pressure and volume derivatives?
thermodynamic_stability_of_multiphase_systems	how does the spinodal decomposition mechanism create a bicontinuous microstructure?
thermodynamic_stability_of_multiphase_systems	why do kinetic limitations cause effective phase boundaries to shift to lower temperatures?
thermodynamic_stability_of_multiphase_systems	what role does the high surface-to-volume ratio of nanoscale inclusions play in interfacial effects?
thermodynamic_stability_of_multiphase_systems	how does the divergence from equilibrium prevent a system from reaching its global free energy minimum?
thermodynamic_stability_of_multiphase_systems	what are the implications of the Gibbs phase rule for multiphase systems with varying phase counts?
thermodynamics_and_heat_transfer	how does the presence of contact resistance affect the overall heat transfer rate through a composite wall?
thermodynamics_and_heat_transfer	what physical meaning does the Prandtl number have in terms of fluid flow and temperature distribution?
thermodynamics_and_heat_transfer	how are thermodynamic property tables typically used to determine fluid properties during phase change calculations?
thermodynamics_and_heat_transfer	what mathematical approach is required to find both liquid and vapor densities using cubic equations of state?
thermodynamics_and_heat_transfer	why do engineers rely on experimental correlations instead of theoretical models when predicting real gas behavior?
thermodynamics_and_phase_transformations	how do I determine the critical radius for a nucleating phase given the interfacial energy and the bulk free energy difference?
thermodynamics_and_phase_transformations	what causes the parabolic time dependence in diffusion-controlled phase transformations?
thermodynamics_and_phase_transformations	why does the total free energy of a nucleus have both a positive surface term and a negative bulk term?
thermodynamics_and_phase_transformations	how does the Gibbs free energy landscape change when a material moves from a metastable to a stable phase state?
thermodynamics_and_phase_transformations	can I use the phase rule to predict how many phases will form when cooling a ternary alloy?
thermodynamics_of_phase_transitions	how does the Hessian matrix of Gibbs free energy determine whether a single phase is stable?
thermodynamics_of_phase_transitions	what role do elastic strain fields play in shaping microstructure during phase transitions?
thermodynamics_of_phase_transitions	how can neutron scattering data be used to extract the correlation length and critical exponent?
thermodynamics_of_phase_transitions	why does a negative coefficient in the Landau expansion indicate an ordered phase with non-zero order parameter?
thermodynamics_of_phase_transitions	what is the physical meaning of the derivative term (∂lnγ/∂T) in the extended Clapeyron equation?
thermodynamics	How does the excluded volume of gas molecules affect the total volume of a system when the pressure is increased?
thermodynamics	What is the formula for calculating the thermal efficiency of a Carnot engine?
thermodynamics	How do the two thermodynamic potentials work together to define the equilibrium state of a closed system?
thermodynamics	What experimental measurements are required to validate the theoretical predictions of thermodynamics?
thermodynamics	What does the Clausius inequality tell us about the cyclic integral of heat transfer over absolute temperature?
thermoelastic_finite_element_analysis	What advantages do triangular elements with bilinear shape functions offer in thermoelastic simulations compared to other element types?
thermoelastic_finite_element_analysis	How do local residual-based error estimators help quantify discretization errors in temperature and displacement fields?
thermoelastic_finite_element_analysis	Why must initial and boundary conditions be applied consistently across thermal and mechanical domains in finite element models?
thermoelastic_finite_element_analysis	What role do Bayesian inference methods play in determining confidence intervals for calibrated material properties?
thermoelastic_finite_element_analysis	How does the absence of matrix inversion in explicit schemes reduce computational cost per time step in thermoelastic analysis?
thermomechanical_fatigue_analysis	how does the coefficient of thermal expansion mismatch between layers generate internal stresses during thermal cycling?
thermomechanical_fatigue_analysis	in what way does the Bauschinger effect contribute to material softening under repeated thermal-mechanical loads?
thermomechanical_fatigue_analysis	how does sustained high-temperature creep affect the load-bearing capacity of structural components?
thermomechanical_fatigue_analysis	what distinguishes in-phase thermomechanical fatigue loading from other loading conditions?
thermomechanical_fatigue_analysis	how is the strain range-life method used to predict fatigue failure in TMF applications?
thermomechanical_processing_and_heat_treatment	how do you use finite element analysis to predict distortion during the heat treatment process?
thermomechanical_processing_and_heat_treatment	what role does agitation play in improving heat transfer during quenching?
thermomechanical_processing_and_heat_treatment	why might residual austenite form if the cooling rate is too slow?
thermomechanical_processing_and_heat_treatment	how does rapid cooling influence the formation of martensite in steel?
thermomechanical_processing_and_heat_treatment	can you describe how thermomechanical processing improves fatigue resistance?
thermomechanical_processing	how does the concentration of alloying elements like chromium affect the rate of recrystallization?
thermomechanical_processing	what is the effect of high dislocation density on the nucleation of new grains?
thermomechanical_processing	how do heat transfer coefficients influence the speed of energy exchange in a system?
thermomechanical_processing	why is precise emissivity necessary when dealing with radiative heat transfer?
thermomechanical_processing	how does the initial stress state impact the results of a heat treatment cycle?
thermoplastic_composite_manufacturing	What is the critical stress threshold that prevents fiber debonding or matrix scorching?
thermoplastic_composite_manufacturing	How does moisture absorption affect the glass transition temperature of the polymer matrix?
thermoplastic_composite_manufacturing	Why is it important to balance material properties with the final mechanical performance requirements?
thermoplastic_composite_manufacturing	What steps are taken during the vacuum bagging or infusion process to ensure proper bonding?
thermoplastic_composite_manufacturing	How does applying pressure during consolidation help eliminate residual voids?
thin_film_deposition_and_growth	how do pyrometers help keep the evaporation rate stable during deposition?
thin_film_deposition_and_growth	what is the purpose of a load lock chamber in the vacuum system?
thin_film_deposition_and_growth	how does lattice mismatch affect the electronic band structure of a thin film?
thin_film_deposition_and_growth	can strain engineering be used to improve the mechanical strength of a thin film?
thin_film_deposition_and_growth	what are the Stranski-Krastanov and Herring-Van der Merwe models used for?
thin_film_deposition	how does substrate bias affect ion flux and film adhesion during plasma-enhanced deposition?
thin_film_deposition	what role does chamber pressure play in controlling the mean free path of depositing species?
thin_film_deposition	how does increasing background gas pressure influence the kinetic energy and growth direction of thin films?
thin_film_deposition	why is void fraction considered harmful to the dielectric breakdown strength of thin films?
thin_film_deposition	what specific features does scanning electron microscopy analyze after thin film deposition?
thin_film_metrology	how does the incident angle tolerance affect the accuracy of optical path difference calculations?
thin_film_metrology	why is it important to multiply characteristic matrices from substrate to air for multilayer stacks?
thin_film_metrology	what role does the Sellmeier equation play in modeling refractive index dispersion?
thin_film_metrology	how does using a broader spectral range help reduce parameter correlation in measurements?
thin_film_metrology	why can low spectral resolution cause aliasing of structural parameters into optical constants?
thin_film_optics	How does the refractive index difference affect the performance of my optical coating?
thin_film_optics	What role do prism coupling and grating coupling play in thin film systems?
thin_film_optics	How can I ensure proper chemical compatibility between layers in my thin film?
thin_film_optics	Why does momentum matching help in achieving better optical confinement?
thin_film_optics	How do sputtering chambers help control the composition of the deposited film?
thin_film_physics	how does the distance from the source affect the uniformity of large-area thin film deposition?
thin_film_physics	what role does the thickness of a layer play in determining the interference pattern?
thin_film_physics	how does the humidity level impact the quality of thin film deposition?
thin_film_physics	what determines the critical thickness for the transition from continuous to island growth?
thin_film_physics	why does the number of defects affect the electrical conductivity of intrinsic semiconductor films?
thixotropy	how does shear rate influence the time it takes for a thixotropic fluid to return to its original thickness?
thixotropy	what happens to the hydrogen bonds that hold the thixotropic network together when the temperature gets higher?
thixotropy	how do dissolved salts change the spacing between charged particles to make the material thinner?
thixotropy	which measurement tells you how long it takes for the fluid structure to rebuild after being stirred?
thixotropy	why do van der Waals forces play a role in breaking down the material when heat is applied?
threshold_cryptography	How does the verification phase catch a dealer trying to send out wrong shares?
threshold_cryptography	Why does the secret have to be picked at random from GF(p)?
threshold_cryptography	What happens to security if not enough participants stay honest during the protocol?
threshold_cryptography	How does a participant actually get their own share using their key and the public ciphertext?
threshold_cryptography	Can you walk me through how the parties compute their shares without learning the secret?
threshold_signature_schemes	how can a system prevent an attacker from reconstructing the secret key if fewer than the required number of shares are compromised?
threshold_signature_schemes	what specific techniques are used to protect threshold signature implementations from timing-based leakage?
threshold_signature_schemes	does the initial configuration of a threshold scheme require a central authority or can it be performed entirely by the participants?
threshold_signature_schemes	in what ways does secure multi-party computation allow parties to collaborate on signing without exposing their private data?
threshold_signature_schemes	why is it necessary for threshold signatures to prevent any individual participant from having the ability to sign on their own?
timber_combustion_kinetics	why does not enough oxygen make a fire produce more dangerous carbon monoxide?
timber_combustion_kinetics	how does the temperature change affect which gases are released when wood burns?
timber_combustion_kinetics	what role does the type of wood species play in how much char is left behind?
timber_combustion_kinetics	does the amount of surrounding air change how fast the gases react during burning?
timber_combustion_kinetics	how much heat is needed to start the oxidation process on the surface of charcoal?
timber_framing_and_joinery	when should the temporary supports be taken down after the frame is built?
timber_framing_and_joinery	which softwood trees are best suited for main beams and posts?
timber_framing_and_joinery	how do you make sure a tenon fits perfectly into a mortise?
timber_framing_and_joinery	what safety gear should workers have on their heads and eyes?
timber_framing_and_joinery	how often should you check the condition of your scaffolding?
time_reversal_symmetry_breaking	what role do Chern numbers play in characterizing systems with broken time-reversal symmetry?
time_reversal_symmetry_breaking	how does magnetic doping transform a topological insulator into a quantum anomalous Hall insulator?
time_reversal_symmetry_breaking	why does the introduction of exchange interactions open a gap at the Dirac point?
time_reversal_symmetry_breaking	can non-reciprocal quantum channels be created through the breaking of time-reversal symmetry?
time_reversal_symmetry_breaking	how do exceptional points in non-Hermitian systems enable enhanced sensitivity?
timestamp_based_versioning	what determines whether access permissions for the latest version also apply to older historical copies?
timestamp_based_versioning	how does the system ensure that every write gets a timestamp that is strictly higher than any previous one?
timestamp_based_versioning	in what way does the hybrid timestamp prevent conflicts when ordering multiple concurrent version changes?
timestamp_based_versioning	what steps does the system take to match a requested timestamp with the correct version identifier in the metadata?
timestamp_based_versioning	how is the recovered version presented to the user after it is pulled from the storage system?
tool_geometry_optimization	How can adjusting the shear angle in a cutting process lead to more accurate predictions of cutting forces?
tool_geometry_optimization	What role do closed-loop control systems play in achieving real-time tool geometry optimization?
tool_geometry_optimization	Why is it important to account for thermal expansion when selecting materials for tool design?
tool_geometry_optimization	How do laser displacement sensors help in maintaining precise tool tip positioning during operation?
tool_geometry_optimization	In what ways does minimizing radial runout contribute to overall stability during rotational movements?
topographic_mapping	Can hyperspectral imaging tell the difference between rock and soil types on a map?
topographic_mapping	Why can’t you just use one LiDAR scan to track how terrain changes over time?
topographic_mapping	What happens if the control points used for a map don’t reflect the actual landscape complexity?
topographic_mapping	How do you know if a map is accurate by comparing it to control point coordinates?
topographic_mapping	Why do digital elevation models need to be continuous for further geospatial analysis?
topological_data_analysis	how does the choice of distance metric influence the topological features detected by the complex?
topological_data_analysis	do Betti number one features in protein folding typically correspond to alpha-helices and beta-sheets?
topological_data_analysis	how are columns of the boundary matrix processed during the standard reduction algorithm?
topological_data_analysis	why does changing the filtration affect the birth and death of homological features?
topological_data_analysis	what kind of algebraic structure results from analyzing topological features across multiple parameters simultaneously?
topological_graph_theory	what does it mean for a graph embedding to be regular in three-dimensional space?
topological_graph_theory	how does the crossing number relate to the genus of the surface where a graph is embedded?
topological_graph_theory	why does the proof of the four-color theorem depend on reducible configurations in planar triangulations?
topological_graph_theory	how can an algorithm preserve planarity while inserting edges into a partial embedding?
topological_graph_theory	what role do face adjacency lists play when processing edges in DFS order?
topological_insulators	how does interface roughness affect backscattering in topological insulators?
topological_insulators	what happens to magnetoresistance when time-reversal symmetry is broken?
topological_insulators	how does the Chern number differentiate topological from trivial insulators?
topological_insulators	does Kramers degeneracy occur at time-reversal invariant momenta?
topological_insulators	can you explain why time-reversal symmetry matters for topological insulators?
total_internal_reflection_imaging	How does the decay constant affect the penetration depth of the evanescent wave?
total_internal_reflection_imaging	What happens to the critical angle when using shorter wavelengths of light?
total_internal_reflection_imaging	How should I minimize background fluorescence in my TIRF experiment?
total_internal_reflection_imaging	Why is it important to balance the incident angle for resolution and signal strength?
total_internal_reflection_imaging	How does a thinner sample improve the quality of the detected photons?
traditional_timber_framing	how do tie beams work to keep the timber frame from spreading apart?
traditional_timber_framing	why is cedar commonly used for exterior parts of a timber frame even though it isn't strong enough for main beams?
traditional_timber_framing	what is the role of copper or zinc coatings on metal parts in preventing damage to the wood?
traditional_timber_framing	how does the geometry of the joints allow the structure to move under stress without falling apart?
traditional_timber_framing	what is the recommended method for positioning timber members to avoid moisture-related decay?
trans_epidermal_drug_delivery	can targeting peptides help medications cross the skin barrier more easily?
trans_epidermal_drug_delivery	why is a pKa between 5 and 8 important for drugs to move through the skin?
trans_epidermal_drug_delivery	how do prodrugs release their active ingredient at a specific spot in the skin?
trans_epidermal_drug_delivery	does using alternating current improve the stability of pores in the skin?
trans_epidermal_drug_delivery	what effect does a stronger electric field have on the size and lifespan of skin pores?
transpiration_physiology	why does the release of anions cause water to leave the guard cells?
transpiration_physiology	how does pH affect the function of aquaporin proteins in guard cells?
transpiration_physiology	what is symplastic transport and how do plasmodesmata contribute to it?
transpiration_physiology	why do high light, heat, low humidity, and wind all together increase transpiration rates?
transpiration_physiology	how does crassulacean acid metabolism allow plants to save water during the day?
trench_shoring_and_slope_stability	are there any specific signs that indicate a shoring system is becoming unstable?
trench_shoring_and_slope_stability	why is it important to survey the trench alignment before placing sheet piles?
trench_shoring_and_slope_stability	which types of soil make vertical sheet pile walls the best choice for retaining structures?
trench_shoring_and_slope_stability	can noise and vibration from construction equipment damage the stability of the shoring?
trench_shoring_and_slope_stability	how do engineers decide the proper spacing for nails in soil nailing systems?
tribology_and_lubrication_engineering	What types of base oils are typically used in lubrication systems and what factors influence their selection?
tribology_and_lubrication_engineering	How does the bearing geometry need to be designed to handle thermal expansion?
tribology_and_lubrication_engineering	What causes pitting and how does it affect bearing components?
tribology_and_lubrication_engineering	Why is maintaining optimal operating temperatures crucial for preventing lubricant degradation?
tribology_and_lubrication_engineering	How do surface asperities interact with the lubricant film in terms of contact and wear?
tribology_and_surface_contact_mechanics	How does the thermal conductivity of a lubricating fluid influence temperature buildup at the contact interface?
tribology_and_surface_contact_mechanics	Why does the layered crystal structure of molybdenum disulfide enable such low friction on oxide layers?
tribology_and_surface_contact_mechanics	What happens to surface roughness parameters when they increase and how does that affect wear rates?
tribology_and_surface_contact_mechanics	How does the temperature-dependent drop in material yield strength contribute to accelerated damage in sliding contacts?
tribology_and_surface_contact_mechanics	In what ways does the transition to mixed lubrication help dissipate heat generated at the contact area?
tribology_and_wear_resistance	what happens to oil thickness when a machine runs in freezing weather?
tribology_and_wear_resistance	can you use a mix of fine and large crystals to make a part more durable?
tribology_and_wear_resistance	how can a machine keep itself oiled while it moves back and forth?
tribology_and_wear_resistance	what kind of speeds are used when testing how fast a surface wears down?
tribology_and_wear_resistance	how do you stop a coated part from cracking if the oil gets too stiff?
tribology	What role do detergents and dispersants play in keeping a mechanical system free from sludge and particulate matter?
tribology	How does the viscosity of a lubricant influence the amount of fluid delivered to the contact area?
tribology	What happens when additives in a lubricant interact with each other in an antagonistic way?
tribology	What safety factor is typically applied when calculating the load capacity of a bearing?
tribology	How does the competition between surface roughness interactions and fluid film development affect the transition from dry to lubricated contact?
tribunal_procedure	What type of disputes typically fall under the jurisdiction of administrative tribunals?
tribunal_procedure	How is the burden of proof defined for administrative matters before the tribunal?
tribunal_procedure	What is the order in which witnesses are examined during a tribunal hearing?
tribunal_procedure	How does the tribunal keep track of case filings and important dates?
tribunal_procedure	Who writes the final reasoned decision for a tribunal case?
turbine_blade_aerodynamics	How does turbulent mixing enhance momentum exchange between the blade surface and the main flow?
turbine_blade_aerodynamics	What role does secondary flow play in maintaining aerodynamic efficiency?
turbine_blade_aerodynamics	Why does shock-boundary layer interaction become significant at certain speeds?
turbine_blade_aerodynamics	When does thin airfoil theory fail to accurately predict blade performance?
turbine_blade_aerodynamics	What causes the Prandtl-Glauert correction to lose accuracy as speed increases?
turbomachine_performance_modeling	how do inertial forces influence pressure distribution and flow separation in impellers and diffusers?
turbomachine_performance_modeling	how is the difference between actual and ideal work quantified to measure useful work reduction?
turbomachine_performance_modeling	what are the key shortcomings of mean-line analysis regarding radial flow property variations?
turbomachine_performance_modeling	how does blade thickness affect effective flow area and boundary layer friction losses?
turbomachine_performance_modeling	why are thinner blades necessary for high Mach number applications to minimize compressibility effects?
turbomachinery_aerodynamics	what determines the starting parameters for a turbomachine design process?
turbomachinery_aerodynamics	how is the isentropic efficiency calculated when accounting for friction and leakage losses?
turbomachinery_aerodynamics	why are oblique shocks commonly observed in supersonic flows over curved surfaces?
turbomachinery_aerodynamics	what impact does interstage separation have on the structural life of turbine blades?
turbomachinery_aerodynamics	how do the tangential blade velocities at the inlet and outlet influence the overall aerodynamics?
turbomachinery_and_pump_performance_analysis	what role does the steady flow energy equation play in quantifying shaft work and heat transfer in turbomachinery?
turbomachinery_and_pump_performance_analysis	how does the efficiency map help me identify the best operating point for a given pump or turbine?
turbomachinery_and_pump_performance_analysis	why is it critical to create a high-fidelity geometric model before running computational fluid dynamics simulations?
turbomachinery_and_pump_performance_analysis	how do Reynolds number effects impact boundary layer behavior and flow separation on turbine blades?
turbomachinery_and_pump_performance_analysis	why should nozzle exit angles be aligned with the flow direction to reduce performance losses?
turbulence_closure_models	How does the pressure-strain correlation influence the behavior of Reynolds stress components in turbulence models?
turbulence_closure_models	What role does the anisotropy tensor play in capturing energy redistribution among normal stress components?
turbulence_closure_models	Why is the assumption of isotropic turbulence considered a key limitation of standard RANS models?
turbulence_closure_models	How does the Smagorinsky constant affect the calculation of subgrid-scale viscosity in LES?
turbulence_closure_models	What is the relationship between the filter width and the accuracy of subgrid-scale modeling in high Reynolds number flows?
turbulence_modeling	how do viscous sublayers affect turbulence development near solid boundaries in computational fluid dynamics?
turbulence_modeling	what role does the filter width play in determining the behavior of subgrid-scale models?
turbulence_modeling	how does the dynamic coefficient influence the accuracy of turbulence simulations compared to fixed constants?
turbulence_modeling	why is high grid resolution necessary for capturing the smallest dissipative scales in direct numerical simulations?
turbulence_modeling	how does a fan or compressor help maintain steady airflow conditions for turbulence analysis?
turbulent_mixing_engineering	What minimum power requirement is needed to maintain turbulence when dealing with non-Newtonian fluids?
turbulent_mixing_engineering	How does the pitch angle of an impeller influence the creation of secondary flows?
turbulent_mixing_engineering	Why is it essential to define the velocity profile of the feed stream at the inlet?
turbulent_mixing_engineering	What determines the initial bubble size when using sparging mechanisms for gas introduction?
turbulent_mixing_engineering	How does enhanced turbulence lead to a higher mass transfer coefficient on the liquid side?
twinning_induced_plasticity	what effect does manganese have on the stacking fault energy of the alloy?
twinning_induced_plasticity	how do mechanical twins interfere with the movement of dislocations?
twinning_induced_plasticity	why does the nucleation of deformation twins start under stress concentration?
twinning_induced_plasticity	how does the continuous formation of twins help maintain high work hardening during deformation?
twinning_induced_plasticity	in what way does the lower critical resolved shear stress of the base phase compare to the TWIP phase?
two_phase_flow_dynamics	How does the volume fraction of the dispersed phase influence the time it takes for droplets to merge?
two_phase_flow_dynamics	What factors determine whether a pipe will experience dry wall flow or annular flow based on the Weber number?
two_phase_flow_dynamics	Why is radioactive shielding necessary when using gamma-ray attenuation for measuring void fractions?
two_phase_flow_dynamics	How can differences in sound travel times be used to estimate slip velocity in a multiphase stream?
two_phase_flow_dynamics	What limitations arise when applying acoustic methods to measure flow properties in non-uniform pipe geometries?
uncompetitive_inhibition	what is the structural difference between a normal substrate and the transition state that inhibitors mimic?
uncompetitive_inhibition	why do computational docking simulations target the ES complex instead of the free enzyme?
uncompetitive_inhibition	what happens to the enzyme if an uncompetitive inhibitor binds before the substrate arrives?
uncompetitive_inhibition	how do transition-state analogs differ from regular substrate analogs in terms of binding strength?
uncompetitive_inhibition	what does it mean when a drug designer creates a molecule that looks like an enzyme intermediate?
universality_classes_in_field_theory	how are the eigenvalues of the linearized beta functions related to the stability of a fixed point?
universality_classes_in_field_theory	what role do the divergent parts of Feynman diagrams play in calculating the beta function?
universality_classes_in_field_theory	how do topological defects like vortices drive the Kosterlitz-Thouless transition in two-dimensional systems?
universality_classes_in_field_theory	why do renormalization group beta functions exhibit a non-analytic structure near the separatrix?
universality_classes_in_field_theory	which operators determine whether a fixed point is stable or unstable?
unsaturated_flow_modeling	How can I include both constant head and drainage flux at different parts of my model domain?
unsaturated_flow_modeling	Why does a single soil water retention curve give inaccurate results when the soil wets and dries repeatedly?
unsaturated_flow_modeling	What is the standard name for the equation linking hydraulic conductivity to moisture content?
unsaturated_flow_modeling	Which numerical approach handles rapid changes in water content without assuming instantaneous equilibrium?
unsaturated_flow_modeling	How do errors in measured soil parameters affect the overall accuracy of a Richards equation simulation?
unsaturated_soil_mechanics	What is the physical meaning of matric suction and how is it measured?
unsaturated_soil_mechanics	Why can't analytical methods fully solve the coupled flow and deformation processes?
unsaturated_soil_mechanics	How does vapor phase change influence the mass balance within the soil pore space?
unsaturated_soil_mechanics	What are the key empirical parameters needed for the van Genuchten-Mualem model?
unsaturated_soil_mechanics	How is the outflow method applied to determine hydraulic conductivity in laboratory tests?
urban_planning_and_traffic_flow_design	How do engineers model the unpredictable nature of human drivers to make traffic simulations more realistic?
urban_planning_and_traffic_flow_design	What is the physical purpose of putting up a 1.5-meter barrier down the middle of a highway?
urban_planning_and_traffic_flow_design	How do traffic density, flow rate, and speed relate to each other in a fundamental diagram?
urban_planning_and_traffic_flow_design	Why are pedestrian clearance times considered a mandatory constraint in the design of urban intersections?
urban_planning_and_traffic_flow_design	What role does real-time data play in adjusting traffic metering rates to prevent congestion?
vascular_anatomy	what role does high smooth muscle content play in muscular arteries?
vascular_anatomy	how do active neurons influence blood vessel tone?
vascular_anatomy	which embryonic structure gives rise to the aortic arches?
vascular_anatomy	where in the skull does the internal carotid artery travel?
vascular_anatomy	what vasoactive substances are released by active neurons?
vascular_biomechanics	How does fractional calculus help model the creep behavior of arterial walls?
vascular_biomechanics	What effect does circumferential stretch have on endothelial cell proliferation?
vascular_biomechanics	Why does increased wall stress lead to a higher risk of vessel rupture?
vascular_biomechanics	How does Laplace’s law relate vessel pressure, radius, and wall thickness to wall stress?
vascular_biomechanics	In what way do changes in wall shear stress contribute to inflammation in atherosclerotic plaques?
vassal_obligation_enforcement_mechanisms	How did the Church influence vassal loyalty in medieval Europe?
vassal_obligation_enforcement_mechanisms	What role did the qadi play in enforcing obligations under Islamic rule?
vassal_obligation_enforcement_mechanisms	Why were royal courts restricted from handling feudal tenure disputes?
vassal_obligation_enforcement_mechanisms	How did personal oaths function as a tool for enforcing vassal duties?
vassal_obligation_enforcement_mechanisms	In what way did the concept of bay’a shape political allegiance in caliphates?
vector_clock_synchronization	What is the initial state of a vector clock when a brand new process joins the distributed system?
vector_clock_synchronization	How does the algorithm determine if two specific events happened independently of each other?
vector_clock_synchronization	Which component of the vector clock gets updated every time a local event takes place?
vector_clock_synchronization	Why is it impossible for one vector timestamp to be strictly greater than another in every single position?
vector_clock_synchronization	What role does causal ordering play in the functioning of a distributed system using this method?
ventilation_and_gas_management	how do you measure the actual airflow at each outlet to confirm the system is working correctly?
ventilation_and_gas_management	what is the best way to spot leaks in the ventilation ductwork?
ventilation_and_gas_management	why do high-efficiency filters increase resistance in the system?
ventilation_and_gas_management	what happens to the differential pressure when an air filter becomes clogged?
ventilation_and_gas_management	how does non-compliance with ventilation standards lead to catastrophic incidents?
ventilation_limited_combustion_modeling	Why does molecular diffusion time matter for achieving stoichiometric reactant interfaces?
ventilation_limited_combustion_modeling	How does the Lewis number affect flame stability due to differential diffusion effects?
ventilation_limited_combustion_modeling	In what way does the filtered reaction rate model resolve the interaction between turbulence and chemical source terms?
ventilation_limited_combustion_modeling	How does the FGM approach decouple chemical kinetics from fluid dynamics to lower computational costs?
ventilation_limited_combustion_modeling	What role does the progress variable method play in enabling unsteady flame propagation simulations in complex 3D geometries?
vibration_analysis_and_modal_testing	how does software process input and output data to compute frequency response functions for vibration analysis?
vibration_analysis_and_modal_testing	how should I orient accelerometers to reduce cross-axis sensitivity errors during testing?
vibration_analysis_and_modal_testing	what is the rational curve fitting method and how does it model system response with partial fractions?
vibration_analysis_and_modal_testing	can vibration analysis detect early-stage bearing degradation in jet engines using spectral analysis?
vibration_analysis_and_modal_testing	how is vibration analysis applied in manufacturing to diagnose machine tool faults and boost production line efficiency?
vibration_analysis_and_monitoring	Why must I use a high sampling rate when analyzing bearing faults?
vibration_analysis_and_monitoring	Should I always isolate my equipment with vibration dampening pads?
vibration_analysis_and_monitoring	How do inert gas-filled sensors prevent moisture-related signal degradation?
vibration_analysis_and_monitoring	What happens to my data if I don't use low-noise amplifiers?
vibration_analysis_and_monitoring	How can I track intermittent damage over different periods of time?
vibration_isolation_engineering	how does mass ratio influence the effectiveness of vibration isolation in structural interfaces?
vibration_isolation_engineering	what role do viscoelastic pads play in adjusting a system's natural frequency during operation?
vibration_isolation_engineering	why is it important to avoid matching the natural frequency with excitation frequencies during startup or shutdown?
vibration_isolation_engineering	how do active systems use sensor data to reduce resonance and structural fatigue?
vibration_isolation_engineering	in what ways do control algorithms help minimize damage to isolated structures?
vibration_isolation_systems	How can I verify that the isolation system meets my design specs across the operating frequency band?
vibration_isolation_systems	Why do rubber isolators perform worse when exposed to high heat?
vibration_isolation_systems	What method do engineers use to correct misalignment in multi-pad setups?
vibration_isolation_systems	How do semi-active isolators differ from standard passive ones?
vibration_isolation_systems	How much power do semi-active systems actually draw during normal use?
view_stamped_replication	what is the exact role of the coordinator in ensuring that all replicas reach a consistent state before a view change occurs?
view_stamped_replication	how does the deterministic tie-breaking mechanism work when two replicas have conflicting writes with the same view-stamped timestamp?
view_stamped_replication	can you describe the process by which a new leader is chosen during a view transition and what criteria determine its selection?
view_stamped_replication	in what way do view numbers contribute to the causal ordering of configuration updates throughout the distributed system?
view_stamped_replication	how does the system guarantee that all replicas eventually converge to the same state despite potential conflicts during replication?
view_synchronization_mechanisms	How does the system decide which client’s version of the data takes precedence when conflicts arise?
view_synchronization_mechanisms	What happens if a client misses several heartbeat messages before reconnecting?
view_synchronization_mechanisms	How many copies of the data are kept around to protect against server failures?
view_synchronization_mechanisms	Why do reads and writes need to overlap in quorum-based setups?
view_synchronization_mechanisms	What kind of information does the server compare when a client reconnects after being offline?
viscoplasticity_theory	Why is it necessary to use implicit formulations when deriving consistent tangent operators for Newton-Raphson iterations in viscoplasticity?
viscoplasticity_theory	How does the strain rate magnitude affect the direction of plastic flow in rate-dependent materials?
viscoplasticity_theory	What role do internal state variables play in capturing the material's loading history for both viscous and plastic behaviors?
viscoplasticity_theory	How is the viscous flow component mathematically defined in terms of the current stress state and time-dependent variables?
viscoplasticity_theory	Why do evolution laws for internal state variables need to be restricted in viscoplasticity models?
viscous_flow_dynamics	what role does viscosity play in the formation of boundary layers during fluid motion?
viscous_flow_dynamics	how are boundary conditions applied at domain interfaces in viscous flow simulations?
viscous_flow_dynamics	why are models like Large Eddy Simulation used for solving turbulent flow problems?
viscous_flow_dynamics	how does temperature variation influence fluid density and cause natural convection?
viscous_flow_dynamics	what numerical methods are typically required to solve the Navier-Stokes equations for viscous flows?
visual_cortex_topography	How does the foveal representation in primate V1 compare to the rest of the cortical surface?
visual_cortex_topography	In what way do V2 and V4 integrate inputs from multiple cortical areas to form their maps?
visual_cortex_topography	How does sensory deprivation or enrichment influence the plasticity of visual cortex topography?
visual_cortex_topography	What specific function does the parahippocampal place area serve in processing natural scenes?
visual_cortex_topography	How does the distribution of disparity-sensitive neurons relate to the orientation map in V1?
visual_information_design	How do pre-attentive visual attributes like color and orientation enable the brain to process data quickly?
visual_information_design	What is the purpose of column grids in organizing layout zones for categorical separation?
visual_information_design	How do layout algorithms reduce edge crossings to improve readability in complex network diagrams?
visual_information_design	Why is it important for abstract visual representations to align with our natural visual processing attributes?
visual_information_design	How does viewbox scaling keep vector graphics clear across different pixel densities?
voltage_divider_design_and_impedance_matching	What happens to the frequency response if I use large resistors in my voltage divider?
voltage_divider_design_and_impedance_matching	How can I prevent temperature changes from shifting my bias voltages off center?
voltage_divider_design_and_impedance_matching	What is the difference between matching impedance for maximum power versus maximum voltage transfer?
voltage_divider_design_and_impedance_matching	How do I choose resistor values so my output stage doesn't get overloaded by the next block?
voltage_divider_design_and_impedance_matching	What signs should I watch for if my op-amp is cutting off peaks because it can't switch fast enough?
warehouse_layout_optimization	How do I protect sensitive items from temperature changes and physical damage during storage?
warehouse_layout_optimization	What determines the proper width of pathways to ensure my forklifts and carts can move safely?
warehouse_layout_optimization	Why is proper illumination and air quality important for both worker safety and warehouse productivity?
warehouse_layout_optimization	What does the error rate statistic tell me about the accuracy of my team’s picking performance?
warehouse_layout_optimization	How can I make the most of the vertical space in my facility to increase storage density?
water_distribution_systems	how can I set up cybersecurity audits to keep the SCADA network safe?
water_distribution_systems	what are the key factors when choosing the right flow meter for a pipe?
water_distribution_systems	why are gate valves considered better for main distribution lines?
water_distribution_systems	how can I use pressure relief devices to prevent pipe bursts?
water_distribution_systems	where should I place water quality stations to monitor lead and copper levels?
water_flow_control_and_lubrication_systems	how does the negative feedback loop formed by the two spools stabilize the flow rate?
water_flow_control_and_lubrication_systems	what steps are necessary to verify that the system is properly isolated from power and fluid sources?
water_flow_control_and_lubrication_systems	how does the control algorithm use the difference between measured pressure and the setpoint defined by load to regulate the system?
water_flow_control_and_lubrication_systems	what methods are used to determine the contamination levels of the fluid?
water_flow_control_and_lubrication_systems	why is it important to collect fluid samples under actual operating conditions for accurate analysis?
water_jet_cutting_and_material_removal	why is precise positioning of the workpiece so critical for accurate cuts?
water_jet_cutting_and_material_removal	how can I prevent corrosion in the pump caused by high pH levels in the water?
water_jet_cutting_and_material_removal	what types of non-ferrous metals like aluminum and titanium can these machines cut?
water_jet_cutting_and_material_removal	how do water pressure and nozzle diameter determine the maximum thickness I can process?
water_jet_cutting_and_material_removal	what factors contribute to optimal cutting performance and longer system life?
water_resources_engineering	how do engineers use rainfall data across different areas to simulate water flow in a watershed?
water_resources_engineering	what role does hydraulic modeling play in testing how a water system handles unexpected demand spikes?
water_resources_engineering	how are pump stations designed to handle the highest levels of water demand without losing pressure?
water_resources_engineering	why do engineers consider conservative values when calculating the slope and thickness of a water reservoir wall?
water_resources_engineering	what steps are taken to calibrate a computer model so it accurately predicts water levels or flow rates?
waterjet_cutting_and_high_pressure_fluid_dynamics	how does the Bernoulli principle explain the pressure drop that helps pull abrasive particles into the stream?
waterjet_cutting_and_high_pressure_fluid_dynamics	what specific acoustic signals does the system monitor to detect changes in the material being cut?
waterjet_cutting_and_high_pressure_fluid_dynamics	why is a pressure rating of over 2,000 bar considered so dangerous and what safeguards are required?
waterjet_cutting_and_high_pressure_fluid_dynamics	how does the hardness of the target material influence the choice of abrasive particle size?
waterjet_cutting_and_high_pressure_fluid_dynamics	what is the role of flow rate meters in maintaining the correct ratio of fluid to abrasive during cutting?
watermill_and_windmill_engineering	how do lubricated bearings and precision-cut gear teeth help minimize friction in water and windmill systems?
watermill_and_windmill_engineering	what is the torque equation used to calculate the rotational force of a waterwheel?
watermill_and_windmill_engineering	how does hydraulic pressure from flowing water create torque in a watermill?
watermill_and_windmill_engineering	why do water wheels need strong housing to handle splash and erosion?
watermill_and_windmill_engineering	how does the risk of cavitation limit the rotational speed of watermills?
wavefront_error_analysis	what is the minimum residual wavefront error allowed after system calibration?
wavefront_error_analysis	how does grid discretization affect the calculation of discrete inner products in wavefront analysis?
wavefront_error_analysis	why does increasing actuator stroke trade off correction amplitude against bandwidth?
wavefront_error_analysis	what mechanism does atmospheric turbulence use to alter wavefront propagation?
wavefront_error_analysis	how do adaptive optics systems manage real-time correction of dynamic wavefront errors?
wavefront_sensing_and_control	How does the weighting matrix W influence the accuracy of wavefront reconstruction?
wavefront_sensing_and_control	What happens to the measurement bandwidth if more subapertures are used in the adaptive optics sensor?
wavefront_sensing_and_control	Why is it important to keep the axial misalignment between the reference and test beams under 10 micrometers?
wavefront_sensing_and_control	Can you explain how aliasing occurs when the sampling frequency is too low relative to the Fried parameter?
wavefront_sensing_and_control	How does the decoupling matrix help in applying correction commands without cross-talk interference?
wavefront_sensing	what is the significance of RMS error in wavefront analysis?
wavefront_sensing	how does photon budget limit the performance of a wavefront sensor?
wavefront_sensing	can least squares still work if I have fewer measurements than coefficients?
wavefront_sensing	what happens to residual error if the update rate is slower than atmospheric coherence time?
wavefront_sensing	how do I determine if my wavefront sensor has enough data to constrain the coefficients?
welding_and_coating_process_engineering	What causes interfacial delamination in welded joints and how is it accelerated?
welding_and_coating_process_engineering	How does rapid cooling in the weld pool affect the resulting grain structure and strength?
welding_and_coating_process_engineering	Why do high shielding gas flow rates lead to more porosity in welds?
welding_and_coating_process_engineering	Where should fume extraction systems be placed to effectively capture particulate matter?
welding_and_coating_process_engineering	What safety measures are needed to prevent contamination from solvent storage and handling?
wetting_phenomena	What causes the thickness of a thin liquid film to reach a stable equilibrium state?
wetting_phenomena	Why does the contact line move slower when going backwards compared to forwards?
wetting_phenomena	How does viscosity affect the speed at which a liquid spreads across a surface?
wetting_phenomena	What method can be used to determine surface tension by analyzing the dimensions of a liquid drop?
wetting_phenomena	Under what conditions does a liquid bead up into nearly spherical shapes instead of spreading out?
windowed_methods	how does explicit padding affect the accuracy of biological sequence analysis when using windowed methods?
windowed_methods	why is it important to use masking strategies to suppress padded positions in attention-based models?
windowed_methods	what role do scatter-gather DMA engines play in preparing data for efficient windowed processing?
windowed_methods	how does increasing the window size impact the temporal resolution of a signal analysis?
windowed_methods	can you describe how convolution in the frequency domain relates to windowed signal processing?
wire_tensioning_systems	how does the corrosion reduction factor influence the calculation of a wire's effective breaking strength?
wire_tensioning_systems	what is the procedure for calibrating tension gauges against certified reference standards?
wire_tensioning_systems	why is it important to perform zero-point drift correction under controlled ambient conditions?
wire_tensioning_systems	how does the brittle nature of zinc coating contribute to faster fatigue crack propagation in galvanized steel wires?
wire_tensioning_systems	what signal does the pressure transducer send to the proportional control valve when tension decreases?
wood_chip_formation_dynamics	what role does heat play in determining when wood fibers separate into discrete chips?
wood_chip_formation_dynamics	how does adjusting the cutting speed impact the overall efficiency of the wood chip production process?
wood_chip_formation_dynamics	in what way does the depth of cut influence the thickness of the resulting wood chips?
wood_chip_formation_dynamics	how can we reduce material waste by modifying the width of the cutting tool's kerf?
wood_chip_formation_dynamics	what trade-off must be made between chip thickness and the smoothness of the wood surface?
wood_moisture_meter_calibration	how often should I recalibrate my wood moisture meter to keep readings accurate?
wood_moisture_meter_calibration	does the type of wood I use for calibration affect the meter's accuracy on other species?
wood_moisture_meter_calibration	can temperature changes make my capacitance meter give wrong readings?
wood_moisture_meter_calibration	should I wait for my moisture meter to reach room temperature before taking measurements?
wood_moisture_meter_calibration	is it okay to reuse probe tips between different wood samples?
wood_species_identification_and_grading	how do I properly clean a wood sample before I begin the identification process?
wood_species_identification_and_grading	what specific structural advantages do straight and uniform grain patterns offer in construction applications?
wood_species_identification_and_grading	how is vessel wall thickness used as a diagnostic tool to differentiate hardwoods from softwoods?
wood_species_identification_and_grading	what specific visual defects are typically considered when evaluating wood for aesthetic quality?
wood_species_identification_and_grading	which Australian and New Zealand standard outlines the specific grading criteria for structural wood components?
wood_technology	how do i set up the conveyor system to move lumber and finished pieces through the line?
wood_technology	what happens to the wood cells when they dry out and how does that affect the board?
wood_technology	what steps should i take to read the operator manual before operating new equipment?
wood_technology	why is it important to keep detailed records of quality measurements for future process upgrades?
wood_technology	how does the amount of water in the wood affect its ability to insulate a building?
woodworking_joinery_and_surface_finishing	what happens if I skip vacuuming between sanding grits and how badly will it affect my finish?
woodworking_joinery_and_surface_finishing	how does the chemical reaction between isocyanates and polyols create urethane linkages in polyurethane?
woodworking_joinery_and_surface_finishing	why does the finger joint need to be at least one-third of the board thickness to hold properly?
woodworking_joinery_and_surface_finishing	how can I control the depth of cut when using a hand plane on complex shapes?
woodworking_joinery_and_surface_finishing	why is belt-sanding less suitable for detailed joinery work compared to other methods?
woodworking_joinery_techniques	what causes glue line cracking in assembled joints?
woodworking_joinery_techniques	how does wood warping distort the original joint geometry?
woodworking_joinery_techniques	why does excessive curing time compromise the structural integrity of wood?
woodworking_joinery_techniques	how can stress concentrations lead to premature failure of wood fibers?
woodworking_joinery_techniques	what tools are best for cutting waste sections along marked lines in joinery?
woodworking_machinery_design	how does eccentricity affect rotational accuracy in woodworking machinery?
woodworking_machinery_design	what are the effects of differential thermal expansion between the table and router base on the interface?
woodworking_machinery_design	how can the table height adjustment mechanism be designed to avoid lateral movement in the fence assembly?
woodworking_machinery_design	what features should a holder for high-speed steel cutting tools have to prevent deflection during drilling?
woodworking_machinery_design	how does the holder design need to account for the heat treatment profile of the tool for dimensional stability?
wool_felting_and_matting	how do I know if my felt is thick enough after the process?
wool_felting_and_matting	what happens to the wool if the machine needle is too shallow?
wool_felting_and_matting	how does the direction of the drum affect the final texture?
wool_felting_and_matting	what is the best way to fix a needle that has lost its sharp edge?
wool_felting_and_matting	why does the lining inside the drum need to be replaced so often?
work_function_engineering	how does Fowler-Nordheim tunneling depend on the local electric field at the emitter tip?
work_function_engineering	why does the (1x1) termination stay the most stable configuration for close-packed surfaces?
work_function_engineering	how is photoelectron spectroscopy used to find surface state density and vacuum level?
work_function_engineering	what role do kinetic barriers play in how long a work function engineering state lasts?
work_function_engineering	how does the angle of the electron beam change the secondary electron yield and work function measurement?
work_hardening_and_strain_aging	Why does strain aging take longer at lower strain rates?
work_hardening_and_strain_aging	How does solute concentration around a dislocation create back stress?
work_hardening_and_strain_aging	What mechanism allows precipitates to block dislocation movement?
work_hardening_and_strain_aging	How does thermal activation influence screw dislocations in BCC alloys?
work_hardening_and_strain_aging	Why does the yield strength increase when dislocations get pinned?
x_ray_crystallography	how is the X-ray beam made monochromatic before it hits the crystal?
x_ray_crystallography	why does inelastic scattering create a blurry background instead of clear spots?
x_ray_crystallography	how does the position of a diffraction spot relate to the crystal's internal grid?
x_ray_crystallography	when does a reflection disappear from the diffraction pattern entirely?
x_ray_crystallography	how are the final 3D maps calculated from the measured reflection intensities?
x_ray_diffraction	How do size and strain affect the width of peaks in nanocrystals?
x_ray_diffraction	What causes satellite reflections to match the symmetry of a distorted lattice?
x_ray_diffraction	How does the instrument setup influence the shape of the diffraction profile?
x_ray_diffraction	Why do charge density waves create new diffraction spots at specific wave vectors?
x_ray_diffraction	What happens when the refinement process reaches the minimum residual difference?
x_ray_fluorescence_spectroscopy	What is the specific role of the monochromating crystal in wavelength-dispersive X-ray fluorescence setups?
x_ray_fluorescence_spectroscopy	How does the standard addition method help overcome interference from the sample matrix?
x_ray_fluorescence_spectroscopy	Why are X-ray beams from synchrotrons particularly useful for high-resolution imaging?
x_ray_fluorescence_spectroscopy	What factors determine the size of the interaction volume during X-ray fluorescence measurements?
x_ray_fluorescence_spectroscopy	Why do energy-dispersive systems generally have lower energy resolution compared to wavelength-dispersive ones?
xylem_anatomy	Why do xylem vessels lack end walls while tracheids have them?
xylem_anatomy	What causes perforation plates to form in the secondary cell walls of xylem elements?
xylem_anatomy	How does the water transmission mechanism in xylem allow plants to draw water high above ground?
xylem_anatomy	In what way does the vascular cambium contribute to the formation of new xylem cells?
xylem_anatomy	What structural features of xylem vessel walls enable faster water movement than other plant cells?
xylem_mechanics	how does the age of xylem vessel elements influence their mechanical strength?
xylem_mechanics	why do xylem conduits with fewer pit pairs have lower resistance to cavitation?
xylem_mechanics	how does secondary wall thickness vary across different layers of the vessel wall?
xylem_mechanics	what determines the extent of viscoelastic recovery in xylem cell walls?
xylem_mechanics	how does increased cell elongation lead to more secondary wall deposition?
zero_knowledge_proofs	what happens to the soundness property if the discrete logarithm problem becomes easy to solve?
zero_knowledge_proofs	can a single verification step check multiple zero knowledge proofs efficiently?
zero_knowledge_proofs	how does the constant proof size of zk-SNARKs compare to other proof systems?
zero_knowledge_proofs	what kind of implementation errors can compromise a zero knowledge proof protocol?
zero_knowledge_proofs	why do cryptographic assumptions like lattice-based problems matter for proof security?
