"Kind","Agent_Id","Queue_Id","Stream_Id","Thread_Id","Dispatch_Id","Kernel_Id","Kernel_Name","Correlation_Id","Start_Timestamp","End_Timestamp","LDS_Block_Size","Scratch_Size","VGPR_Count","Accum_VGPR_Count","SGPR_Count","Workgroup_Size_X","Workgroup_Size_Y","Workgroup_Size_Z","Grid_Size_X","Grid_Size_Y","Grid_Size_Z"
"KERNEL_DISPATCH","Agent 1",2,0,29203,1,2,"__amd_rocclr_fillBufferAligned",7393,699906315341679,699906315390560,0,0,16,0,128,256,1,1,8192,1,1
"KERNEL_DISPATCH","Agent 1",1,1,29203,2,2,"__amd_rocclr_fillBufferAligned",7403,699906315593084,699906315600844,0,0,16,0,128,256,1,1,256,1,1
"KERNEL_DISPATCH","Agent 1",1,1,29203,3,23,"join_input(float const*, Scratch*, int, int)",7408,699906316166736,699906316169616,0,0,8,0,128,256,1,1,26880,1,1
"KERNEL_DISPATCH","Agent 1",1,1,29203,4,2483,"Cijk_Alik_Bljk_S_B_Bias_HA_S_SAV_UserArgs_MT16x16x8_SN_LDSB0_AFC1_AFEM1_AFEM1_ASEM1_CLR0_CADS0_DTLA0_DTLB0_DTVA0_DTVB0_EPS1_FDSI0_GRPM1_GRVWA1_GRVWB1_GSUAMB_GLS0_ISA1201_IU1_K1_LDSTI0_LBSPPA0_LBSPPB0_LBSPPM0_LPA0_LPB0_LPM0_LRVW1_LWPMn1_MIAV0_MO40_NTn1_NTA0_NTB0_NTC0_NTD0_NTM0_NEPBS0_NLCA1_NLCB1_ONLL1_PGR1_PLR0_PKA0_SIA1_SS0_SPO0_SRVW0_SSO0_SVW1_SK0_SKFTR0_SKXCCM0_TT2_2_TLDS0_ULSGRO0_USL1_UIOFGRO0_USFGROn1_VSn1_VWA1_VWB1_WSGRA0_WSGRB0_WS64_WG8_8_1",7452,699906427659909,699906427683309,2048,0,28,0,128,64,1,1,256,8,1
"KERNEL_DISPATCH","Agent 1",1,1,29203,5,22,"activation(float*, int, int*)",7455,699906427688189,699906427689789,0,0,8,0,128,256,1,1,8192,1,1
"KERNEL_DISPATCH","Agent 1",1,1,29203,6,23,"join_input(float const*, Scratch*, int, int)",7459,699906427694109,699906427695989,0,0,8,0,128,256,1,1,26880,1,1
"KERNEL_DISPATCH","Agent 1",1,1,29203,7,2483,"Cijk_Alik_Bljk_S_B_Bias_HA_S_SAV_UserArgs_MT16x16x8_SN_LDSB0_AFC1_AFEM1_AFEM1_ASEM1_CLR0_CADS0_DTLA0_DTLB0_DTVA0_DTVB0_EPS1_FDSI0_GRPM1_GRVWA1_GRVWB1_GSUAMB_GLS0_ISA1201_IU1_K1_LDSTI0_LBSPPA0_LBSPPB0_LBSPPM0_LPA0_LPB0_LPM0_LRVW1_LWPMn1_MIAV0_MO40_NTn1_NTA0_NTB0_NTC0_NTD0_NTM0_NEPBS0_NLCA1_NLCB1_ONLL1_PGR1_PLR0_PKA0_SIA1_SS0_SPO0_SRVW0_SSO0_SVW1_SK0_SKFTR0_SKXCCM0_TT2_2_TLDS0_ULSGRO0_USL1_UIOFGRO0_USFGROn1_VSn1_VWA1_VWB1_WSGRA0_WSGRB0_WS64_WG8_8_1",7469,699906427752390,699906427760950,2048,0,28,0,128,64,1,1,256,8,1
"KERNEL_DISPATCH","Agent 1",1,1,29203,8,22,"activation(float*, int, int*)",7472,699906427765150,699906427766590,0,0,8,0,128,256,1,1,8192,1,1
"KERNEL_DISPATCH","Agent 1",1,1,29203,9,23,"join_input(float const*, Scratch*, int, int)",7476,699906427771070,699906427772670,0,0,8,0,128,256,1,1,26880,1,1
"KERNEL_DISPATCH","Agent 1",1,1,29203,10,2483,"Cijk_Alik_Bljk_S_B_Bias_HA_S_SAV_UserArgs_MT16x16x8_SN_LDSB0_AFC1_AFEM1_AFEM1_ASEM1_CLR0_CADS0_DTLA0_DTLB0_DTVA0_DTVB0_EPS1_FDSI0_GRPM1_GRVWA1_GRVWB1_GSUAMB_GLS0_ISA1201_IU1_K1_LDSTI0_LBSPPA0_LBSPPB0_LBSPPM0_LPA0_LPB0_LPM0_LRVW1_LWPMn1_MIAV0_MO40_NTn1_NTA0_NTB0_NTC0_NTD0_NTM0_NEPBS0_NLCA1_NLCB1_ONLL1_PGR1_PLR0_PKA0_SIA1_SS0_SPO0_SRVW0_SSO0_SVW1_SK0_SKFTR0_SKXCCM0_TT2_2_TLDS0_ULSGRO0_USL1_UIOFGRO0_USFGROn1_VSn1_VWA1_VWB1_WSGRA0_WSGRB0_WS64_WG8_8_1",7486,699906427776910,699906427785470,2048,0,28,0,128,64,1,1,256,8,1
"KERNEL_DISPATCH","Agent 1",1,1,29203,11,22,"activation(float*, int, int*)",7489,699906427789950,699906427791430,0,0,8,0,128,256,1,1,8192,1,1
"KERNEL_DISPATCH","Agent 1",1,1,29203,12,23,"join_input(float const*, Scratch*, int, int)",7493,699906427795590,699906427797150,0,0,8,0,128,256,1,1,26880,1,1
"KERNEL_DISPATCH","Agent 1",1,1,29203,13,2483,"Cijk_Alik_Bljk_S_B_Bias_HA_S_SAV_UserArgs_MT16x16x8_SN_LDSB0_AFC1_AFEM1_AFEM1_ASEM1_CLR0_CADS0_DTLA0_DTLB0_DTVA0_DTVB0_EPS1_FDSI0_GRPM1_GRVWA1_GRVWB1_GSUAMB_GLS0_ISA1201_IU1_K1_LDSTI0_LBSPPA0_LBSPPB0_LBSPPM0_LPA0_LPB0_LPM0_LRVW1_LWPMn1_MIAV0_MO40_NTn1_NTA0_NTB0_NTC0_NTD0_NTM0_NEPBS0_NLCA1_NLCB1_ONLL1_PGR1_PLR0_PKA0_SIA1_SS0_SPO0_SRVW0_SSO0_SVW1_SK0_SKFTR0_SKXCCM0_TT2_2_TLDS0_ULSGRO0_USL1_UIOFGRO0_USFGROn1_VSn1_VWA1_VWB1_WSGRA0_WSGRB0_WS64_WG8_8_1",7503,699906427801270,699906427809831,2048,0,28,0,128,64,1,1,256,8,1
"KERNEL_DISPATCH","Agent 1",1,1,29203,14,22,"activation(float*, int, int*)",7506,699906427814071,699906427815511,0,0,8,0,128,256,1,1,8192,1,1
"KERNEL_DISPATCH","Agent 1",1,1,29203,15,20,"final_input(Scratch*, int, int)",7510,699906427819911,699906427821271,0,0,8,0,128,256,1,1,8448,1,1
"KERNEL_DISPATCH","Agent 1",1,1,29203,16,2483,"Cijk_Alik_Bljk_S_B_Bias_HA_S_SAV_UserArgs_MT16x16x8_SN_LDSB0_AFC1_AFEM1_AFEM1_ASEM1_CLR0_CADS0_DTLA0_DTLB0_DTVA0_DTVB0_EPS1_FDSI0_GRPM1_GRVWA1_GRVWB1_GSUAMB_GLS0_ISA1201_IU1_K1_LDSTI0_LBSPPA0_LBSPPB0_LBSPPM0_LPA0_LPB0_LPM0_LRVW1_LWPMn1_MIAV0_MO40_NTn1_NTA0_NTB0_NTC0_NTD0_NTM0_NEPBS0_NLCA1_NLCB1_ONLL1_PGR1_PLR0_PKA0_SIA1_SS0_SPO0_SRVW0_SSO0_SVW1_SK0_SKFTR0_SKXCCM0_TT2_2_TLDS0_ULSGRO0_USL1_UIOFGRO0_USFGROn1_VSn1_VWA1_VWB1_WSGRA0_WSGRB0_WS64_WG8_8_1",7520,699906427858231,699906427863351,2048,0,28,0,128,64,1,1,64,8,1
"KERNEL_DISPATCH","Agent 1",1,1,29203,17,19,"softmax(Scratch*, float const*, float*, int, int*)",7523,699906427867592,699906427879312,0,0,48,0,128,128,1,1,128,1,1
"KERNEL_DISPATCH","Agent 1",1,1,29203,18,18,"transpose_weights(Net const*, Scratch*, int, int)",7527,699906427883752,699906427885472,0,0,8,0,128,256,1,1,1024,1,1
"KERNEL_DISPATCH","Agent 1",1,1,29203,19,2483,"Cijk_Alik_Bljk_S_B_Bias_HA_S_SAV_UserArgs_MT16x16x8_SN_LDSB0_AFC1_AFEM1_AFEM1_ASEM1_CLR0_CADS0_DTLA0_DTLB0_DTVA0_DTVB0_EPS1_FDSI0_GRPM1_GRVWA1_GRVWB1_GSUAMB_GLS0_ISA1201_IU1_K1_LDSTI0_LBSPPA0_LBSPPB0_LBSPPM0_LPA0_LPB0_LPM0_LRVW1_LWPMn1_MIAV0_MO40_NTn1_NTA0_NTB0_NTC0_NTD0_NTM0_NEPBS0_NLCA1_NLCB1_ONLL1_PGR1_PLR0_PKA0_SIA1_SS0_SPO0_SRVW0_SSO0_SVW1_SK0_SKFTR0_SKXCCM0_TT2_2_TLDS0_ULSGRO0_USL1_UIOFGRO0_USFGROn1_VSn1_VWA1_VWB1_WSGRA0_WSGRB0_WS64_WG8_8_1",7537,699906427889512,699906427904912,2048,0,28,0,128,64,1,1,256,8,1
"KERNEL_DISPATCH","Agent 1",1,1,29203,20,17,"derivative(Scratch*, int, int, int*)",7540,699906427909392,699906427910832,0,0,8,0,128,256,1,1,8192,1,1
"KERNEL_DISPATCH","Agent 1",1,1,29203,21,18,"transpose_weights(Net const*, Scratch*, int, int)",7544,699906427915512,699906427917032,0,0,8,0,128,256,1,1,4096,1,1
"KERNEL_DISPATCH","Agent 1",1,1,29203,22,2483,"Cijk_Alik_Bljk_S_B_Bias_HA_S_SAV_UserArgs_MT16x16x8_SN_LDSB0_AFC1_AFEM1_AFEM1_ASEM1_CLR0_CADS0_DTLA0_DTLB0_DTVA0_DTVB0_EPS1_FDSI0_GRPM1_GRVWA1_GRVWB1_GSUAMB_GLS0_ISA1201_IU1_K1_LDSTI0_LBSPPA0_LBSPPB0_LBSPPM0_LPA0_LPB0_LPM0_LRVW1_LWPMn1_MIAV0_MO40_NTn1_NTA0_NTB0_NTC0_NTD0_NTM0_NEPBS0_NLCA1_NLCB1_ONLL1_PGR1_PLR0_PKA0_SIA1_SS0_SPO0_SRVW0_SSO0_SVW1_SK0_SKFTR0_SKXCCM0_TT2_2_TLDS0_ULSGRO0_USL1_UIOFGRO0_USFGROn1_VSn1_VWA1_VWB1_WSGRA0_WSGRB0_WS64_WG8_8_1",7554,699906427934553,699906427938073,2048,0,28,0,128,64,1,1,256,8,1
"KERNEL_DISPATCH","Agent 1",1,1,29203,23,17,"derivative(Scratch*, int, int, int*)",7557,699906427942273,699906427943753,0,0,8,0,128,256,1,1,8192,1,1
"KERNEL_DISPATCH","Agent 1",1,1,29203,24,18,"transpose_weights(Net const*, Scratch*, int, int)",7561,699906427947873,699906427949313,0,0,8,0,128,256,1,1,4096,1,1
"KERNEL_DISPATCH","Agent 1",1,1,29203,25,2483,"Cijk_Alik_Bljk_S_B_Bias_HA_S_SAV_UserArgs_MT16x16x8_SN_LDSB0_AFC1_AFEM1_AFEM1_ASEM1_CLR0_CADS0_DTLA0_DTLB0_DTVA0_DTVB0_EPS1_FDSI0_GRPM1_GRVWA1_GRVWB1_GSUAMB_GLS0_ISA1201_IU1_K1_LDSTI0_LBSPPA0_LBSPPB0_LBSPPM0_LPA0_LPB0_LPM0_LRVW1_LWPMn1_MIAV0_MO40_NTn1_NTA0_NTB0_NTC0_NTD0_NTM0_NEPBS0_NLCA1_NLCB1_ONLL1_PGR1_PLR0_PKA0_SIA1_SS0_SPO0_SRVW0_SSO0_SVW1_SK0_SKFTR0_SKXCCM0_TT2_2_TLDS0_ULSGRO0_USL1_UIOFGRO0_USFGROn1_VSn1_VWA1_VWB1_WSGRA0_WSGRB0_WS64_WG8_8_1",7571,699906427953633,699906427957073,2048,0,28,0,128,64,1,1,256,8,1
"KERNEL_DISPATCH","Agent 1",1,1,29203,26,17,"derivative(Scratch*, int, int, int*)",7574,699906427961593,699906427963073,0,0,8,0,128,256,1,1,8192,1,1
"KERNEL_DISPATCH","Agent 1",1,1,29203,27,18,"transpose_weights(Net const*, Scratch*, int, int)",7578,699906427967273,699906427968793,0,0,8,0,128,256,1,1,4096,1,1
"KERNEL_DISPATCH","Agent 1",1,1,29203,28,2483,"Cijk_Alik_Bljk_S_B_Bias_HA_S_SAV_UserArgs_MT16x16x8_SN_LDSB0_AFC1_AFEM1_AFEM1_ASEM1_CLR0_CADS0_DTLA0_DTLB0_DTVA0_DTVB0_EPS1_FDSI0_GRPM1_GRVWA1_GRVWB1_GSUAMB_GLS0_ISA1201_IU1_K1_LDSTI0_LBSPPA0_LBSPPB0_LBSPPM0_LPA0_LPB0_LPM0_LRVW1_LWPMn1_MIAV0_MO40_NTn1_NTA0_NTB0_NTC0_NTD0_NTM0_NEPBS0_NLCA1_NLCB1_ONLL1_PGR1_PLR0_PKA0_SIA1_SS0_SPO0_SRVW0_SSO0_SVW1_SK0_SKFTR0_SKXCCM0_TT2_2_TLDS0_ULSGRO0_USL1_UIOFGRO0_USFGROn1_VSn1_VWA1_VWB1_WSGRA0_WSGRB0_WS64_WG8_8_1",7588,699906427985273,699906427988674,2048,0,28,0,128,64,1,1,256,8,1
"KERNEL_DISPATCH","Agent 1",1,1,29203,29,17,"derivative(Scratch*, int, int, int*)",7591,699906427992394,699906427993554,0,0,8,0,128,256,1,1,8192,1,1
"KERNEL_DISPATCH","Agent 1",1,1,29203,30,2489,"Cijk_Ailk_Bjlk_S_B_Bias_HA_S_SAV_UserArgs_MT8x8x8_SN_LDSB0_AFC1_AFEM1_AFEM1_ASEM1_CLR0_CADS0_DTLA0_DTLB0_DTVA0_DTVB0_EPS1_FDSI0_GRPM1_GRVWA1_GRVWB1_GSUAMB_GLS0_ISA1201_IU1_K1_LDSTI0_LBSPPA0_LBSPPB0_LBSPPM0_LPA0_LPB0_LPM0_LRVW1_LWPMn1_MIAV0_MO40_NTn1_NTA0_NTB0_NTC0_NTD0_NTM0_NEPBS0_NLCA1_NLCB1_ONLL1_PGR1_PLR0_PKA0_SIA1_SS0_SPO0_SRVW0_SSO0_SVW1_SK0_SKFTR0_SKXCCM0_TT1_1_TLDS0_ULSGRO0_USL1_UIOFGRO0_USFGROn1_VSn1_VWA1_VWB1_WSGRA0_WSGRB0_WS64_WG8_8_1",7627,699906429215174,699906429225734,2048,0,24,0,128,64,1,1,576,2,1
"KERNEL_DISPATCH","Agent 1",1,1,29203,31,2487,"Cijk_Ailk_Bjlk_S_B_Bias_HA_S_SAV_UserArgs_MT16x16x16_SN_LDSB0_AFC1_AFEM1_AFEM1_ASEM1_CLR0_CADS0_DTLA0_DTLB0_DTVA0_DTVB0_EPS1_FDSI0_GRPM1_GRVWA1_GRVWB1_GSUAMB_GLS0_ISA1201_IU1_K1_LDSTI0_LBSPPA0_LBSPPB0_LBSPPM0_LPA0_LPB0_LPM0_LRVW1_LWPMn1_MIAV0_MO40_NTn1_NTA0_NTB0_NTC0_NTD0_NTM0_NEPBS0_NLCA1_NLCB1_ONLL1_PGR1_PLR0_PKA0_SIA1_SS0_SPO0_SRVW0_SSO0_SVW1_SK0_SKFTR0_SKXCCM0_TT2_2_TLDS0_ULSGRO0_USL1_UIOFGRO0_USFGROn1_VSn1_VWA1_VWB1_WSGRA0_WSGRB0_WS64_WG8_8_1",7641,699906429273655,699906429296655,4096,0,32,0,128,64,1,1,896,4,1
"KERNEL_DISPATCH","Agent 1",1,1,29203,32,21,"check_weights(float const*, int, int*)",7644,699906429300775,699906429303976,0,0,8,0,128,256,1,1,53504,1,1
"KERNEL_DISPATCH","Agent 1",1,1,29203,33,21,"check_weights(float const*, int, int*)",7648,699906429307776,699906429309016,0,0,8,0,128,256,1,1,1280,1,1
"KERNEL_DISPATCH","Agent 1",1,1,29203,34,16,"reduce_loss(float const*, int, int*, float*)",7652,699906429313016,699906429318256,0,0,16,0,128,1,1,1,1,1,1
"KERNEL_DISPATCH","Agent 1",1,1,29203,35,23,"join_input(float const*, Scratch*, int, int)",7656,699906429322416,699906429324176,0,0,8,0,128,256,1,1,26880,1,1
"KERNEL_DISPATCH","Agent 1",1,1,29203,36,2483,"Cijk_Alik_Bljk_S_B_Bias_HA_S_SAV_UserArgs_MT16x16x8_SN_LDSB0_AFC1_AFEM1_AFEM1_ASEM1_CLR0_CADS0_DTLA0_DTLB0_DTVA0_DTVB0_EPS1_FDSI0_GRPM1_GRVWA1_GRVWB1_GSUAMB_GLS0_ISA1201_IU1_K1_LDSTI0_LBSPPA0_LBSPPB0_LBSPPM0_LPA0_LPB0_LPM0_LRVW1_LWPMn1_MIAV0_MO40_NTn1_NTA0_NTB0_NTC0_NTD0_NTM0_NEPBS0_NLCA1_NLCB1_ONLL1_PGR1_PLR0_PKA0_SIA1_SS0_SPO0_SRVW0_SSO0_SVW1_SK0_SKFTR0_SKXCCM0_TT2_2_TLDS0_ULSGRO0_USL1_UIOFGRO0_USFGROn1_VSn1_VWA1_VWB1_WSGRA0_WSGRB0_WS64_WG8_8_1",7666,699906429327976,699906429339336,2048,0,28,0,128,64,1,1,256,8,1
"KERNEL_DISPATCH","Agent 1",1,1,29203,37,22,"activation(float*, int, int*)",7669,699906429343376,699906429344936,0,0,8,0,128,256,1,1,8192,1,1
"KERNEL_DISPATCH","Agent 1",1,1,29203,38,23,"join_input(float const*, Scratch*, int, int)",7673,699906429348616,699906429350096,0,0,8,0,128,256,1,1,26880,1,1
"KERNEL_DISPATCH","Agent 1",1,1,29203,39,2483,"Cijk_Alik_Bljk_S_B_Bias_HA_S_SAV_UserArgs_MT16x16x8_SN_LDSB0_AFC1_AFEM1_AFEM1_ASEM1_CLR0_CADS0_DTLA0_DTLB0_DTVA0_DTVB0_EPS1_FDSI0_GRPM1_GRVWA1_GRVWB1_GSUAMB_GLS0_ISA1201_IU1_K1_LDSTI0_LBSPPA0_LBSPPB0_LBSPPM0_LPA0_LPB0_LPM0_LRVW1_LWPMn1_MIAV0_MO40_NTn1_NTA0_NTB0_NTC0_NTD0_NTM0_NEPBS0_NLCA1_NLCB1_ONLL1_PGR1_PLR0_PKA0_SIA1_SS0_SPO0_SRVW0_SSO0_SVW1_SK0_SKFTR0_SKXCCM0_TT2_2_TLDS0_ULSGRO0_USL1_UIOFGRO0_USFGROn1_VSn1_VWA1_VWB1_WSGRA0_WSGRB0_WS64_WG8_8_1",7683,699906429354376,699906429362657,2048,0,28,0,128,64,1,1,256,8,1
"KERNEL_DISPATCH","Agent 1",1,1,29203,40,22,"activation(float*, int, int*)",7686,699906429366537,699906429367897,0,0,8,0,128,256,1,1,8192,1,1
"KERNEL_DISPATCH","Agent 1",1,1,29203,41,23,"join_input(float const*, Scratch*, int, int)",7690,699906429371737,699906429373337,0,0,8,0,128,256,1,1,26880,1,1
"KERNEL_DISPATCH","Agent 1",1,1,29203,42,2483,"Cijk_Alik_Bljk_S_B_Bias_HA_S_SAV_UserArgs_MT16x16x8_SN_LDSB0_AFC1_AFEM1_AFEM1_ASEM1_CLR0_CADS0_DTLA0_DTLB0_DTVA0_DTVB0_EPS1_FDSI0_GRPM1_GRVWA1_GRVWB1_GSUAMB_GLS0_ISA1201_IU1_K1_LDSTI0_LBSPPA0_LBSPPB0_LBSPPM0_LPA0_LPB0_LPM0_LRVW1_LWPMn1_MIAV0_MO40_NTn1_NTA0_NTB0_NTC0_NTD0_NTM0_NEPBS0_NLCA1_NLCB1_ONLL1_PGR1_PLR0_PKA0_SIA1_SS0_SPO0_SRVW0_SSO0_SVW1_SK0_SKFTR0_SKXCCM0_TT2_2_TLDS0_ULSGRO0_USL1_UIOFGRO0_USFGROn1_VSn1_VWA1_VWB1_WSGRA0_WSGRB0_WS64_WG8_8_1",7700,699906429377697,699906429386017,2048,0,28,0,128,64,1,1,256,8,1
"KERNEL_DISPATCH","Agent 1",1,1,29203,43,22,"activation(float*, int, int*)",7703,699906429442018,699906429443538,0,0,8,0,128,256,1,1,8192,1,1
"KERNEL_DISPATCH","Agent 1",1,1,29203,44,23,"join_input(float const*, Scratch*, int, int)",7707,699906429447338,699906429448778,0,0,8,0,128,256,1,1,26880,1,1
"KERNEL_DISPATCH","Agent 1",1,1,29203,45,2483,"Cijk_Alik_Bljk_S_B_Bias_HA_S_SAV_UserArgs_MT16x16x8_SN_LDSB0_AFC1_AFEM1_AFEM1_ASEM1_CLR0_CADS0_DTLA0_DTLB0_DTVA0_DTVB0_EPS1_FDSI0_GRPM1_GRVWA1_GRVWB1_GSUAMB_GLS0_ISA1201_IU1_K1_LDSTI0_LBSPPA0_LBSPPB0_LBSPPM0_LPA0_LPB0_LPM0_LRVW1_LWPMn1_MIAV0_MO40_NTn1_NTA0_NTB0_NTC0_NTD0_NTM0_NEPBS0_NLCA1_NLCB1_ONLL1_PGR1_PLR0_PKA0_SIA1_SS0_SPO0_SRVW0_SSO0_SVW1_SK0_SKFTR0_SKXCCM0_TT2_2_TLDS0_ULSGRO0_USL1_UIOFGRO0_USFGROn1_VSn1_VWA1_VWB1_WSGRA0_WSGRB0_WS64_WG8_8_1",7717,699906429481619,699906429490059,2048,0,28,0,128,64,1,1,256,8,1
"KERNEL_DISPATCH","Agent 1",1,1,29203,46,22,"activation(float*, int, int*)",7720,699906429494139,699906429495459,0,0,8,0,128,256,1,1,8192,1,1
"KERNEL_DISPATCH","Agent 1",1,1,29203,47,20,"final_input(Scratch*, int, int)",7724,699906429499299,699906429501019,0,0,8,0,128,256,1,1,8448,1,1
"KERNEL_DISPATCH","Agent 1",1,1,29203,48,2483,"Cijk_Alik_Bljk_S_B_Bias_HA_S_SAV_UserArgs_MT16x16x8_SN_LDSB0_AFC1_AFEM1_AFEM1_ASEM1_CLR0_CADS0_DTLA0_DTLB0_DTVA0_DTVB0_EPS1_FDSI0_GRPM1_GRVWA1_GRVWB1_GSUAMB_GLS0_ISA1201_IU1_K1_LDSTI0_LBSPPA0_LBSPPB0_LBSPPM0_LPA0_LPB0_LPM0_LRVW1_LWPMn1_MIAV0_MO40_NTn1_NTA0_NTB0_NTC0_NTD0_NTM0_NEPBS0_NLCA1_NLCB1_ONLL1_PGR1_PLR0_PKA0_SIA1_SS0_SPO0_SRVW0_SSO0_SVW1_SK0_SKFTR0_SKXCCM0_TT2_2_TLDS0_ULSGRO0_USL1_UIOFGRO0_USFGROn1_VSn1_VWA1_VWB1_WSGRA0_WSGRB0_WS64_WG8_8_1",7734,699906429505259,699906429509219,2048,0,28,0,128,64,1,1,64,8,1
"KERNEL_DISPATCH","Agent 1",1,1,29203,49,19,"softmax(Scratch*, float const*, float*, int, int*)",7737,699906429513219,699906429524739,0,0,48,0,128,128,1,1,128,1,1
"KERNEL_DISPATCH","Agent 1",1,1,29203,50,18,"transpose_weights(Net const*, Scratch*, int, int)",7741,699906429529019,699906429530579,0,0,8,0,128,256,1,1,1024,1,1
"KERNEL_DISPATCH","Agent 1",1,1,29203,51,2483,"Cijk_Alik_Bljk_S_B_Bias_HA_S_SAV_UserArgs_MT16x16x8_SN_LDSB0_AFC1_AFEM1_AFEM1_ASEM1_CLR0_CADS0_DTLA0_DTLB0_DTVA0_DTVB0_EPS1_FDSI0_GRPM1_GRVWA1_GRVWB1_GSUAMB_GLS0_ISA1201_IU1_K1_LDSTI0_LBSPPA0_LBSPPB0_LBSPPM0_LPA0_LPB0_LPM0_LRVW1_LWPMn1_MIAV0_MO40_NTn1_NTA0_NTB0_NTC0_NTD0_NTM0_NEPBS0_NLCA1_NLCB1_ONLL1_PGR1_PLR0_PKA0_SIA1_SS0_SPO0_SRVW0_SSO0_SVW1_SK0_SKFTR0_SKXCCM0_TT2_2_TLDS0_ULSGRO0_USL1_UIOFGRO0_USFGROn1_VSn1_VWA1_VWB1_WSGRA0_WSGRB0_WS64_WG8_8_1",7751,699906429534699,699906429537339,2048,0,28,0,128,64,1,1,256,8,1
"KERNEL_DISPATCH","Agent 1",1,1,29203,52,17,"derivative(Scratch*, int, int, int*)",7754,699906429541860,699906429543340,0,0,8,0,128,256,1,1,8192,1,1
"KERNEL_DISPATCH","Agent 1",1,1,29203,53,18,"transpose_weights(Net const*, Scratch*, int, int)",7758,699906429547340,699906429560860,0,0,8,0,128,256,1,1,4096,1,1
"KERNEL_DISPATCH","Agent 1",1,1,29203,54,2483,"Cijk_Alik_Bljk_S_B_Bias_HA_S_SAV_UserArgs_MT16x16x8_SN_LDSB0_AFC1_AFEM1_AFEM1_ASEM1_CLR0_CADS0_DTLA0_DTLB0_DTVA0_DTVB0_EPS1_FDSI0_GRPM1_GRVWA1_GRVWB1_GSUAMB_GLS0_ISA1201_IU1_K1_LDSTI0_LBSPPA0_LBSPPB0_LBSPPM0_LPA0_LPB0_LPM0_LRVW1_LWPMn1_MIAV0_MO40_NTn1_NTA0_NTB0_NTC0_NTD0_NTM0_NEPBS0_NLCA1_NLCB1_ONLL1_PGR1_PLR0_PKA0_SIA1_SS0_SPO0_SRVW0_SSO0_SVW1_SK0_SKFTR0_SKXCCM0_TT2_2_TLDS0_ULSGRO0_USL1_UIOFGRO0_USFGROn1_VSn1_VWA1_VWB1_WSGRA0_WSGRB0_WS64_WG8_8_1",7768,699906429565220,699906429568700,2048,0,28,0,128,64,1,1,256,8,1
"KERNEL_DISPATCH","Agent 1",1,1,29203,55,17,"derivative(Scratch*, int, int, int*)",7771,699906429572900,699906429574380,0,0,8,0,128,256,1,1,8192,1,1
"KERNEL_DISPATCH","Agent 1",1,1,29203,56,18,"transpose_weights(Net const*, Scratch*, int, int)",7775,699906429578380,699906429580100,0,0,8,0,128,256,1,1,4096,1,1
"KERNEL_DISPATCH","Agent 1",1,1,29203,57,2483,"Cijk_Alik_Bljk_S_B_Bias_HA_S_SAV_UserArgs_MT16x16x8_SN_LDSB0_AFC1_AFEM1_AFEM1_ASEM1_CLR0_CADS0_DTLA0_DTLB0_DTVA0_DTVB0_EPS1_FDSI0_GRPM1_GRVWA1_GRVWB1_GSUAMB_GLS0_ISA1201_IU1_K1_LDSTI0_LBSPPA0_LBSPPB0_LBSPPM0_LPA0_LPB0_LPM0_LRVW1_LWPMn1_MIAV0_MO40_NTn1_NTA0_NTB0_NTC0_NTD0_NTM0_NEPBS0_NLCA1_NLCB1_ONLL1_PGR1_PLR0_PKA0_SIA1_SS0_SPO0_SRVW0_SSO0_SVW1_SK0_SKFTR0_SKXCCM0_TT2_2_TLDS0_ULSGRO0_USL1_UIOFGRO0_USFGROn1_VSn1_VWA1_VWB1_WSGRA0_WSGRB0_WS64_WG8_8_1",7785,699906429584140,699906429587500,2048,0,28,0,128,64,1,1,256,8,1
"KERNEL_DISPATCH","Agent 1",1,1,29203,58,17,"derivative(Scratch*, int, int, int*)",7788,699906429591780,699906429593220,0,0,8,0,128,256,1,1,8192,1,1
"KERNEL_DISPATCH","Agent 1",1,1,29203,59,18,"transpose_weights(Net const*, Scratch*, int, int)",7792,699906429597300,699906429598780,0,0,8,0,128,256,1,1,4096,1,1
"KERNEL_DISPATCH","Agent 1",1,1,29203,60,2483,"Cijk_Alik_Bljk_S_B_Bias_HA_S_SAV_UserArgs_MT16x16x8_SN_LDSB0_AFC1_AFEM1_AFEM1_ASEM1_CLR0_CADS0_DTLA0_DTLB0_DTVA0_DTVB0_EPS1_FDSI0_GRPM1_GRVWA1_GRVWB1_GSUAMB_GLS0_ISA1201_IU1_K1_LDSTI0_LBSPPA0_LBSPPB0_LBSPPM0_LPA0_LPB0_LPM0_LRVW1_LWPMn1_MIAV0_MO40_NTn1_NTA0_NTB0_NTC0_NTD0_NTM0_NEPBS0_NLCA1_NLCB1_ONLL1_PGR1_PLR0_PKA0_SIA1_SS0_SPO0_SRVW0_SSO0_SVW1_SK0_SKFTR0_SKXCCM0_TT2_2_TLDS0_ULSGRO0_USL1_UIOFGRO0_USFGROn1_VSn1_VWA1_VWB1_WSGRA0_WSGRB0_WS64_WG8_8_1",7802,699906429602861,699906429606261,2048,0,28,0,128,64,1,1,256,8,1
"KERNEL_DISPATCH","Agent 1",1,1,29203,61,17,"derivative(Scratch*, int, int, int*)",7805,699906429610541,699906429611901,0,0,8,0,128,256,1,1,8192,1,1
"KERNEL_DISPATCH","Agent 1",1,1,29203,62,2489,"Cijk_Ailk_Bjlk_S_B_Bias_HA_S_SAV_UserArgs_MT8x8x8_SN_LDSB0_AFC1_AFEM1_AFEM1_ASEM1_CLR0_CADS0_DTLA0_DTLB0_DTVA0_DTVB0_EPS1_FDSI0_GRPM1_GRVWA1_GRVWB1_GSUAMB_GLS0_ISA1201_IU1_K1_LDSTI0_LBSPPA0_LBSPPB0_LBSPPM0_LPA0_LPB0_LPM0_LRVW1_LWPMn1_MIAV0_MO40_NTn1_NTA0_NTB0_NTC0_NTD0_NTM0_NEPBS0_NLCA1_NLCB1_ONLL1_PGR1_PLR0_PKA0_SIA1_SS0_SPO0_SRVW0_SSO0_SVW1_SK0_SKFTR0_SKXCCM0_TT1_1_TLDS0_ULSGRO0_USL1_UIOFGRO0_USFGROn1_VSn1_VWA1_VWB1_WSGRA0_WSGRB0_WS64_WG8_8_1",7815,699906429629741,699906429636341,2048,0,24,0,128,64,1,1,576,2,1
"KERNEL_DISPATCH","Agent 1",1,1,29203,63,2487,"Cijk_Ailk_Bjlk_S_B_Bias_HA_S_SAV_UserArgs_MT16x16x16_SN_LDSB0_AFC1_AFEM1_AFEM1_ASEM1_CLR0_CADS0_DTLA0_DTLB0_DTVA0_DTVB0_EPS1_FDSI0_GRPM1_GRVWA1_GRVWB1_GSUAMB_GLS0_ISA1201_IU1_K1_LDSTI0_LBSPPA0_LBSPPB0_LBSPPM0_LPA0_LPB0_LPM0_LRVW1_LWPMn1_MIAV0_MO40_NTn1_NTA0_NTB0_NTC0_NTD0_NTM0_NEPBS0_NLCA1_NLCB1_ONLL1_PGR1_PLR0_PKA0_SIA1_SS0_SPO0_SRVW0_SSO0_SVW1_SK0_SKFTR0_SKXCCM0_TT2_2_TLDS0_ULSGRO0_USL1_UIOFGRO0_USFGROn1_VSn1_VWA1_VWB1_WSGRA0_WSGRB0_WS64_WG8_8_1",7824,699906429640261,699906429654621,4096,0,32,0,128,64,1,1,896,4,1
"KERNEL_DISPATCH","Agent 1",1,1,29203,64,21,"check_weights(float const*, int, int*)",7827,699906429658941,699906429660422,0,0,8,0,128,256,1,1,53504,1,1
"KERNEL_DISPATCH","Agent 1",1,1,29203,65,21,"check_weights(float const*, int, int*)",7831,699906429664502,699906429665782,0,0,8,0,128,256,1,1,1280,1,1
"KERNEL_DISPATCH","Agent 1",1,1,29203,66,16,"reduce_loss(float const*, int, int*, float*)",7835,699906429669662,699906429674582,0,0,16,0,128,1,1,1,1,1,1
"KERNEL_DISPATCH","Agent 1",1,1,29203,67,23,"join_input(float const*, Scratch*, int, int)",7839,699906429678702,699906429680622,0,0,8,0,128,256,1,1,26880,1,1
"KERNEL_DISPATCH","Agent 1",1,1,29203,68,2483,"Cijk_Alik_Bljk_S_B_Bias_HA_S_SAV_UserArgs_MT16x16x8_SN_LDSB0_AFC1_AFEM1_AFEM1_ASEM1_CLR0_CADS0_DTLA0_DTLB0_DTVA0_DTVB0_EPS1_FDSI0_GRPM1_GRVWA1_GRVWB1_GSUAMB_GLS0_ISA1201_IU1_K1_LDSTI0_LBSPPA0_LBSPPB0_LBSPPM0_LPA0_LPB0_LPM0_LRVW1_LWPMn1_MIAV0_MO40_NTn1_NTA0_NTB0_NTC0_NTD0_NTM0_NEPBS0_NLCA1_NLCB1_ONLL1_PGR1_PLR0_PKA0_SIA1_SS0_SPO0_SRVW0_SSO0_SVW1_SK0_SKFTR0_SKXCCM0_TT2_2_TLDS0_ULSGRO0_USL1_UIOFGRO0_USFGROn1_VSn1_VWA1_VWB1_WSGRA0_WSGRB0_WS64_WG8_8_1",7849,699906429684662,699906429693822,2048,0,28,0,128,64,1,1,256,8,1
"KERNEL_DISPATCH","Agent 1",1,1,29203,69,22,"activation(float*, int, int*)",7852,699906429697942,699906429699382,0,0,8,0,128,256,1,1,8192,1,1
"KERNEL_DISPATCH","Agent 1",1,1,29203,70,23,"join_input(float const*, Scratch*, int, int)",7856,699906429703502,699906429705022,0,0,8,0,128,256,1,1,26880,1,1
"KERNEL_DISPATCH","Agent 1",1,1,29203,71,2483,"Cijk_Alik_Bljk_S_B_Bias_HA_S_SAV_UserArgs_MT16x16x8_SN_LDSB0_AFC1_AFEM1_AFEM1_ASEM1_CLR0_CADS0_DTLA0_DTLB0_DTVA0_DTVB0_EPS1_FDSI0_GRPM1_GRVWA1_GRVWB1_GSUAMB_GLS0_ISA1201_IU1_K1_LDSTI0_LBSPPA0_LBSPPB0_LBSPPM0_LPA0_LPB0_LPM0_LRVW1_LWPMn1_MIAV0_MO40_NTn1_NTA0_NTB0_NTC0_NTD0_NTM0_NEPBS0_NLCA1_NLCB1_ONLL1_PGR1_PLR0_PKA0_SIA1_SS0_SPO0_SRVW0_SSO0_SVW1_SK0_SKFTR0_SKXCCM0_TT2_2_TLDS0_ULSGRO0_USL1_UIOFGRO0_USFGROn1_VSn1_VWA1_VWB1_WSGRA0_WSGRB0_WS64_WG8_8_1",7866,699906429709342,699906429717862,2048,0,28,0,128,64,1,1,256,8,1
"KERNEL_DISPATCH","Agent 1",1,1,29203,72,22,"activation(float*, int, int*)",7869,699906429721943,699906429723383,0,0,8,0,128,256,1,1,8192,1,1
"KERNEL_DISPATCH","Agent 1",1,1,29203,73,23,"join_input(float const*, Scratch*, int, int)",7873,699906429727503,699906429728943,0,0,8,0,128,256,1,1,26880,1,1
"KERNEL_DISPATCH","Agent 1",1,1,29203,74,2483,"Cijk_Alik_Bljk_S_B_Bias_HA_S_SAV_UserArgs_MT16x16x8_SN_LDSB0_AFC1_AFEM1_AFEM1_ASEM1_CLR0_CADS0_DTLA0_DTLB0_DTVA0_DTVB0_EPS1_FDSI0_GRPM1_GRVWA1_GRVWB1_GSUAMB_GLS0_ISA1201_IU1_K1_LDSTI0_LBSPPA0_LBSPPB0_LBSPPM0_LPA0_LPB0_LPM0_LRVW1_LWPMn1_MIAV0_MO40_NTn1_NTA0_NTB0_NTC0_NTD0_NTM0_NEPBS0_NLCA1_NLCB1_ONLL1_PGR1_PLR0_PKA0_SIA1_SS0_SPO0_SRVW0_SSO0_SVW1_SK0_SKFTR0_SKXCCM0_TT2_2_TLDS0_ULSGRO0_USL1_UIOFGRO0_USFGROn1_VSn1_VWA1_VWB1_WSGRA0_WSGRB0_WS64_WG8_8_1",7883,699906429732743,699906429740223,2048,0,28,0,128,64,1,1,256,8,1
"KERNEL_DISPATCH","Agent 1",1,1,29203,75,22,"activation(float*, int, int*)",7886,699906429744063,699906429745303,0,0,8,0,128,256,1,1,8192,1,1
"KERNEL_DISPATCH","Agent 1",1,1,29203,76,23,"join_input(float const*, Scratch*, int, int)",7890,699906429748903,699906429750583,0,0,8,0,128,256,1,1,26880,1,1
"KERNEL_DISPATCH","Agent 1",1,1,29203,77,2483,"Cijk_Alik_Bljk_S_B_Bias_HA_S_SAV_UserArgs_MT16x16x8_SN_LDSB0_AFC1_AFEM1_AFEM1_ASEM1_CLR0_CADS0_DTLA0_DTLB0_DTVA0_DTVB0_EPS1_FDSI0_GRPM1_GRVWA1_GRVWB1_GSUAMB_GLS0_ISA1201_IU1_K1_LDSTI0_LBSPPA0_LBSPPB0_LBSPPM0_LPA0_LPB0_LPM0_LRVW1_LWPMn1_MIAV0_MO40_NTn1_NTA0_NTB0_NTC0_NTD0_NTM0_NEPBS0_NLCA1_NLCB1_ONLL1_PGR1_PLR0_PKA0_SIA1_SS0_SPO0_SRVW0_SSO0_SVW1_SK0_SKFTR0_SKXCCM0_TT2_2_TLDS0_ULSGRO0_USL1_UIOFGRO0_USFGROn1_VSn1_VWA1_VWB1_WSGRA0_WSGRB0_WS64_WG8_8_1",7900,699906429754503,699906429761823,2048,0,28,0,128,64,1,1,256,8,1
"KERNEL_DISPATCH","Agent 1",1,1,29203,78,22,"activation(float*, int, int*)",7903,699906429765463,699906429767063,0,0,8,0,128,256,1,1,8192,1,1
"KERNEL_DISPATCH","Agent 1",1,1,29203,79,20,"final_input(Scratch*, int, int)",7907,699906429770823,699906429772063,0,0,8,0,128,256,1,1,8448,1,1
"KERNEL_DISPATCH","Agent 1",1,1,29203,80,2483,"Cijk_Alik_Bljk_S_B_Bias_HA_S_SAV_UserArgs_MT16x16x8_SN_LDSB0_AFC1_AFEM1_AFEM1_ASEM1_CLR0_CADS0_DTLA0_DTLB0_DTVA0_DTVB0_EPS1_FDSI0_GRPM1_GRVWA1_GRVWB1_GSUAMB_GLS0_ISA1201_IU1_K1_LDSTI0_LBSPPA0_LBSPPB0_LBSPPM0_LPA0_LPB0_LPM0_LRVW1_LWPMn1_MIAV0_MO40_NTn1_NTA0_NTB0_NTC0_NTD0_NTM0_NEPBS0_NLCA1_NLCB1_ONLL1_PGR1_PLR0_PKA0_SIA1_SS0_SPO0_SRVW0_SSO0_SVW1_SK0_SKFTR0_SKXCCM0_TT2_2_TLDS0_ULSGRO0_USL1_UIOFGRO0_USFGROn1_VSn1_VWA1_VWB1_WSGRA0_WSGRB0_WS64_WG8_8_1",7917,699906429775703,699906429779183,2048,0,28,0,128,64,1,1,64,8,1
"KERNEL_DISPATCH","Agent 1",1,1,29203,81,19,"softmax(Scratch*, float const*, float*, int, int*)",7920,699906429783104,699906429794384,0,0,48,0,128,128,1,1,128,1,1
"KERNEL_DISPATCH","Agent 1",1,1,29203,82,18,"transpose_weights(Net const*, Scratch*, int, int)",7924,699906429798224,699906429799424,0,0,8,0,128,256,1,1,1024,1,1
"KERNEL_DISPATCH","Agent 1",1,1,29203,83,2483,"Cijk_Alik_Bljk_S_B_Bias_HA_S_SAV_UserArgs_MT16x16x8_SN_LDSB0_AFC1_AFEM1_AFEM1_ASEM1_CLR0_CADS0_DTLA0_DTLB0_DTVA0_DTVB0_EPS1_FDSI0_GRPM1_GRVWA1_GRVWB1_GSUAMB_GLS0_ISA1201_IU1_K1_LDSTI0_LBSPPA0_LBSPPB0_LBSPPM0_LPA0_LPB0_LPM0_LRVW1_LWPMn1_MIAV0_MO40_NTn1_NTA0_NTB0_NTC0_NTD0_NTM0_NEPBS0_NLCA1_NLCB1_ONLL1_PGR1_PLR0_PKA0_SIA1_SS0_SPO0_SRVW0_SSO0_SVW1_SK0_SKFTR0_SKXCCM0_TT2_2_TLDS0_ULSGRO0_USL1_UIOFGRO0_USFGROn1_VSn1_VWA1_VWB1_WSGRA0_WSGRB0_WS64_WG8_8_1",7934,699906429803064,699906429805264,2048,0,28,0,128,64,1,1,256,8,1
"KERNEL_DISPATCH","Agent 1",1,1,29203,84,17,"derivative(Scratch*, int, int, int*)",7937,699906429809224,699906429810464,0,0,8,0,128,256,1,1,8192,1,1
"KERNEL_DISPATCH","Agent 1",1,1,29203,85,18,"transpose_weights(Net const*, Scratch*, int, int)",7941,699906429814304,699906429815544,0,0,8,0,128,256,1,1,4096,1,1
"KERNEL_DISPATCH","Agent 1",1,1,29203,86,2483,"Cijk_Alik_Bljk_S_B_Bias_HA_S_SAV_UserArgs_MT16x16x8_SN_LDSB0_AFC1_AFEM1_AFEM1_ASEM1_CLR0_CADS0_DTLA0_DTLB0_DTVA0_DTVB0_EPS1_FDSI0_GRPM1_GRVWA1_GRVWB1_GSUAMB_GLS0_ISA1201_IU1_K1_LDSTI0_LBSPPA0_LBSPPB0_LBSPPM0_LPA0_LPB0_LPM0_LRVW1_LWPMn1_MIAV0_MO40_NTn1_NTA0_NTB0_NTC0_NTD0_NTM0_NEPBS0_NLCA1_NLCB1_ONLL1_PGR1_PLR0_PKA0_SIA1_SS0_SPO0_SRVW0_SSO0_SVW1_SK0_SKFTR0_SKXCCM0_TT2_2_TLDS0_ULSGRO0_USL1_UIOFGRO0_USFGROn1_VSn1_VWA1_VWB1_WSGRA0_WSGRB0_WS64_WG8_8_1",7951,699906429819104,699906429822664,2048,0,28,0,128,64,1,1,256,8,1
"KERNEL_DISPATCH","Agent 1",1,1,29203,87,17,"derivative(Scratch*, int, int, int*)",7954,699906429826264,699906429827424,0,0,8,0,128,256,1,1,8192,1,1
"KERNEL_DISPATCH","Agent 1",1,1,29203,88,18,"transpose_weights(Net const*, Scratch*, int, int)",7958,699906429830944,699906429832424,0,0,8,0,128,256,1,1,4096,1,1
"KERNEL_DISPATCH","Agent 1",1,1,29203,89,2483,"Cijk_Alik_Bljk_S_B_Bias_HA_S_SAV_UserArgs_MT16x16x8_SN_LDSB0_AFC1_AFEM1_AFEM1_ASEM1_CLR0_CADS0_DTLA0_DTLB0_DTVA0_DTVB0_EPS1_FDSI0_GRPM1_GRVWA1_GRVWB1_GSUAMB_GLS0_ISA1201_IU1_K1_LDSTI0_LBSPPA0_LBSPPB0_LBSPPM0_LPA0_LPB0_LPM0_LRVW1_LWPMn1_MIAV0_MO40_NTn1_NTA0_NTB0_NTC0_NTD0_NTM0_NEPBS0_NLCA1_NLCB1_ONLL1_PGR1_PLR0_PKA0_SIA1_SS0_SPO0_SRVW0_SSO0_SVW1_SK0_SKFTR0_SKXCCM0_TT2_2_TLDS0_ULSGRO0_USL1_UIOFGRO0_USFGROn1_VSn1_VWA1_VWB1_WSGRA0_WSGRB0_WS64_WG8_8_1",7968,699906429835944,699906429839305,2048,0,28,0,128,64,1,1,256,8,1
"KERNEL_DISPATCH","Agent 1",1,1,29203,90,17,"derivative(Scratch*, int, int, int*)",7971,699906429843025,699906429844225,0,0,8,0,128,256,1,1,8192,1,1
"KERNEL_DISPATCH","Agent 1",1,1,29203,91,18,"transpose_weights(Net const*, Scratch*, int, int)",7975,699906429848145,699906429849305,0,0,8,0,128,256,1,1,4096,1,1
"KERNEL_DISPATCH","Agent 1",1,1,29203,92,2483,"Cijk_Alik_Bljk_S_B_Bias_HA_S_SAV_UserArgs_MT16x16x8_SN_LDSB0_AFC1_AFEM1_AFEM1_ASEM1_CLR0_CADS0_DTLA0_DTLB0_DTVA0_DTVB0_EPS1_FDSI0_GRPM1_GRVWA1_GRVWB1_GSUAMB_GLS0_ISA1201_IU1_K1_LDSTI0_LBSPPA0_LBSPPB0_LBSPPM0_LPA0_LPB0_LPM0_LRVW1_LWPMn1_MIAV0_MO40_NTn1_NTA0_NTB0_NTC0_NTD0_NTM0_NEPBS0_NLCA1_NLCB1_ONLL1_PGR1_PLR0_PKA0_SIA1_SS0_SPO0_SRVW0_SSO0_SVW1_SK0_SKFTR0_SKXCCM0_TT2_2_TLDS0_ULSGRO0_USL1_UIOFGRO0_USFGROn1_VSn1_VWA1_VWB1_WSGRA0_WSGRB0_WS64_WG8_8_1",7985,699906429865105,699906429868345,2048,0,28,0,128,64,1,1,256,8,1
"KERNEL_DISPATCH","Agent 1",1,1,29203,93,17,"derivative(Scratch*, int, int, int*)",7988,699906429872185,699906429873425,0,0,8,0,128,256,1,1,8192,1,1
"KERNEL_DISPATCH","Agent 1",1,1,29203,94,2489,"Cijk_Ailk_Bjlk_S_B_Bias_HA_S_SAV_UserArgs_MT8x8x8_SN_LDSB0_AFC1_AFEM1_AFEM1_ASEM1_CLR0_CADS0_DTLA0_DTLB0_DTVA0_DTVB0_EPS1_FDSI0_GRPM1_GRVWA1_GRVWB1_GSUAMB_GLS0_ISA1201_IU1_K1_LDSTI0_LBSPPA0_LBSPPB0_LBSPPM0_LPA0_LPB0_LPM0_LRVW1_LWPMn1_MIAV0_MO40_NTn1_NTA0_NTB0_NTC0_NTD0_NTM0_NEPBS0_NLCA1_NLCB1_ONLL1_PGR1_PLR0_PKA0_SIA1_SS0_SPO0_SRVW0_SSO0_SVW1_SK0_SKFTR0_SKXCCM0_TT1_1_TLDS0_ULSGRO0_USL1_UIOFGRO0_USFGROn1_VSn1_VWA1_VWB1_WSGRA0_WSGRB0_WS64_WG8_8_1",7998,699906429876985,699906429891305,2048,0,24,0,128,64,1,1,576,2,1
"KERNEL_DISPATCH","Agent 1",1,1,29203,95,2487,"Cijk_Ailk_Bjlk_S_B_Bias_HA_S_SAV_UserArgs_MT16x16x16_SN_LDSB0_AFC1_AFEM1_AFEM1_ASEM1_CLR0_CADS0_DTLA0_DTLB0_DTVA0_DTVB0_EPS1_FDSI0_GRPM1_GRVWA1_GRVWB1_GSUAMB_GLS0_ISA1201_IU1_K1_LDSTI0_LBSPPA0_LBSPPB0_LBSPPM0_LPA0_LPB0_LPM0_LRVW1_LWPMn1_MIAV0_MO40_NTn1_NTA0_NTB0_NTC0_NTD0_NTM0_NEPBS0_NLCA1_NLCB1_ONLL1_PGR1_PLR0_PKA0_SIA1_SS0_SPO0_SRVW0_SSO0_SVW1_SK0_SKFTR0_SKXCCM0_TT2_2_TLDS0_ULSGRO0_USL1_UIOFGRO0_USFGROn1_VSn1_VWA1_VWB1_WSGRA0_WSGRB0_WS64_WG8_8_1",8007,699906429894945,699906429909226,4096,0,32,0,128,64,1,1,896,4,1
"KERNEL_DISPATCH","Agent 1",1,1,29203,96,21,"check_weights(float const*, int, int*)",8010,699906429912826,699906429914266,0,0,8,0,128,256,1,1,53504,1,1
"KERNEL_DISPATCH","Agent 1",1,1,29203,97,21,"check_weights(float const*, int, int*)",8014,699906429917826,699906429919026,0,0,8,0,128,256,1,1,1280,1,1
"KERNEL_DISPATCH","Agent 1",1,1,29203,98,16,"reduce_loss(float const*, int, int*, float*)",8018,699906429922786,699906429927506,0,0,16,0,128,1,1,1,1,1,1
"KERNEL_DISPATCH","Agent 1",1,1,29203,99,23,"join_input(float const*, Scratch*, int, int)",8022,699906429931186,699906429932986,0,0,8,0,128,256,1,1,26880,1,1
"KERNEL_DISPATCH","Agent 1",1,1,29203,100,2483,"Cijk_Alik_Bljk_S_B_Bias_HA_S_SAV_UserArgs_MT16x16x8_SN_LDSB0_AFC1_AFEM1_AFEM1_ASEM1_CLR0_CADS0_DTLA0_DTLB0_DTVA0_DTVB0_EPS1_FDSI0_GRPM1_GRVWA1_GRVWB1_GSUAMB_GLS0_ISA1201_IU1_K1_LDSTI0_LBSPPA0_LBSPPB0_LBSPPM0_LPA0_LPB0_LPM0_LRVW1_LWPMn1_MIAV0_MO40_NTn1_NTA0_NTB0_NTC0_NTD0_NTM0_NEPBS0_NLCA1_NLCB1_ONLL1_PGR1_PLR0_PKA0_SIA1_SS0_SPO0_SRVW0_SSO0_SVW1_SK0_SKFTR0_SKXCCM0_TT2_2_TLDS0_ULSGRO0_USL1_UIOFGRO0_USFGROn1_VSn1_VWA1_VWB1_WSGRA0_WSGRB0_WS64_WG8_8_1",8032,699906429936666,699906429944346,2048,0,28,0,128,64,1,1,256,8,1
"KERNEL_DISPATCH","Agent 1",1,1,29203,101,22,"activation(float*, int, int*)",8035,699906429947906,699906429949506,0,0,8,0,128,256,1,1,8192,1,1
"KERNEL_DISPATCH","Agent 1",1,1,29203,102,23,"join_input(float const*, Scratch*, int, int)",8039,699906429953026,699906429954426,0,0,8,0,128,256,1,1,26880,1,1
"KERNEL_DISPATCH","Agent 1",1,1,29203,103,2483,"Cijk_Alik_Bljk_S_B_Bias_HA_S_SAV_UserArgs_MT16x16x8_SN_LDSB0_AFC1_AFEM1_AFEM1_ASEM1_CLR0_CADS0_DTLA0_DTLB0_DTVA0_DTVB0_EPS1_FDSI0_GRPM1_GRVWA1_GRVWB1_GSUAMB_GLS0_ISA1201_IU1_K1_LDSTI0_LBSPPA0_LBSPPB0_LBSPPM0_LPA0_LPB0_LPM0_LRVW1_LWPMn1_MIAV0_MO40_NTn1_NTA0_NTB0_NTC0_NTD0_NTM0_NEPBS0_NLCA1_NLCB1_ONLL1_PGR1_PLR0_PKA0_SIA1_SS0_SPO0_SRVW0_SSO0_SVW1_SK0_SKFTR0_SKXCCM0_TT2_2_TLDS0_ULSGRO0_USL1_UIOFGRO0_USFGROn1_VSn1_VWA1_VWB1_WSGRA0_WSGRB0_WS64_WG8_8_1",8049,699906429958106,699906429965307,2048,0,28,0,128,64,1,1,256,8,1
"KERNEL_DISPATCH","Agent 1",1,1,29203,104,22,"activation(float*, int, int*)",8052,699906430015547,699906430016787,0,0,8,0,128,256,1,1,8192,1,1
"KERNEL_DISPATCH","Agent 1",1,1,29203,105,23,"join_input(float const*, Scratch*, int, int)",8056,699906430020468,699906430021828,0,0,8,0,128,256,1,1,26880,1,1
"KERNEL_DISPATCH","Agent 1",1,1,29203,106,2483,"Cijk_Alik_Bljk_S_B_Bias_HA_S_SAV_UserArgs_MT16x16x8_SN_LDSB0_AFC1_AFEM1_AFEM1_ASEM1_CLR0_CADS0_DTLA0_DTLB0_DTVA0_DTVB0_EPS1_FDSI0_GRPM1_GRVWA1_GRVWB1_GSUAMB_GLS0_ISA1201_IU1_K1_LDSTI0_LBSPPA0_LBSPPB0_LBSPPM0_LPA0_LPB0_LPM0_LRVW1_LWPMn1_MIAV0_MO40_NTn1_NTA0_NTB0_NTC0_NTD0_NTM0_NEPBS0_NLCA1_NLCB1_ONLL1_PGR1_PLR0_PKA0_SIA1_SS0_SPO0_SRVW0_SSO0_SVW1_SK0_SKFTR0_SKXCCM0_TT2_2_TLDS0_ULSGRO0_USL1_UIOFGRO0_USFGROn1_VSn1_VWA1_VWB1_WSGRA0_WSGRB0_WS64_WG8_8_1",8066,699906430060108,699906430067468,2048,0,28,0,128,64,1,1,256,8,1
"KERNEL_DISPATCH","Agent 1",1,1,29203,107,22,"activation(float*, int, int*)",8069,699906430071188,699906430072428,0,0,8,0,128,256,1,1,8192,1,1
"KERNEL_DISPATCH","Agent 1",1,1,29203,108,23,"join_input(float const*, Scratch*, int, int)",8073,699906430076148,699906430077428,0,0,8,0,128,256,1,1,26880,1,1
"KERNEL_DISPATCH","Agent 1",1,1,29203,109,2483,"Cijk_Alik_Bljk_S_B_Bias_HA_S_SAV_UserArgs_MT16x16x8_SN_LDSB0_AFC1_AFEM1_AFEM1_ASEM1_CLR0_CADS0_DTLA0_DTLB0_DTVA0_DTVB0_EPS1_FDSI0_GRPM1_GRVWA1_GRVWB1_GSUAMB_GLS0_ISA1201_IU1_K1_LDSTI0_LBSPPA0_LBSPPB0_LBSPPM0_LPA0_LPB0_LPM0_LRVW1_LWPMn1_MIAV0_MO40_NTn1_NTA0_NTB0_NTC0_NTD0_NTM0_NEPBS0_NLCA1_NLCB1_ONLL1_PGR1_PLR0_PKA0_SIA1_SS0_SPO0_SRVW0_SSO0_SVW1_SK0_SKFTR0_SKXCCM0_TT2_2_TLDS0_ULSGRO0_USL1_UIOFGRO0_USFGROn1_VSn1_VWA1_VWB1_WSGRA0_WSGRB0_WS64_WG8_8_1",8083,699906430081029,699906430088229,2048,0,28,0,128,64,1,1,256,8,1
"KERNEL_DISPATCH","Agent 1",1,1,29203,110,22,"activation(float*, int, int*)",8086,699906430091829,699906430093029,0,0,8,0,128,256,1,1,8192,1,1
"KERNEL_DISPATCH","Agent 1",1,1,29203,111,20,"final_input(Scratch*, int, int)",8090,699906430096709,699906430097909,0,0,8,0,128,256,1,1,8448,1,1
"KERNEL_DISPATCH","Agent 1",1,1,29203,112,2483,"Cijk_Alik_Bljk_S_B_Bias_HA_S_SAV_UserArgs_MT16x16x8_SN_LDSB0_AFC1_AFEM1_AFEM1_ASEM1_CLR0_CADS0_DTLA0_DTLB0_DTVA0_DTVB0_EPS1_FDSI0_GRPM1_GRVWA1_GRVWB1_GSUAMB_GLS0_ISA1201_IU1_K1_LDSTI0_LBSPPA0_LBSPPB0_LBSPPM0_LPA0_LPB0_LPM0_LRVW1_LWPMn1_MIAV0_MO40_NTn1_NTA0_NTB0_NTC0_NTD0_NTM0_NEPBS0_NLCA1_NLCB1_ONLL1_PGR1_PLR0_PKA0_SIA1_SS0_SPO0_SRVW0_SSO0_SVW1_SK0_SKFTR0_SKXCCM0_TT2_2_TLDS0_ULSGRO0_USL1_UIOFGRO0_USFGROn1_VSn1_VWA1_VWB1_WSGRA0_WSGRB0_WS64_WG8_8_1",8100,699906430101629,699906430105069,2048,0,28,0,128,64,1,1,64,8,1
"KERNEL_DISPATCH","Agent 1",1,1,29203,113,19,"softmax(Scratch*, float const*, float*, int, int*)",8103,699906430108669,699906430120149,0,0,48,0,128,128,1,1,128,1,1
"KERNEL_DISPATCH","Agent 1",1,1,29203,114,18,"transpose_weights(Net const*, Scratch*, int, int)",8107,699906430123869,699906430125109,0,0,8,0,128,256,1,1,1024,1,1
"KERNEL_DISPATCH","Agent 1",1,1,29203,115,2483,"Cijk_Alik_Bljk_S_B_Bias_HA_S_SAV_UserArgs_MT16x16x8_SN_LDSB0_AFC1_AFEM1_AFEM1_ASEM1_CLR0_CADS0_DTLA0_DTLB0_DTVA0_DTVB0_EPS1_FDSI0_GRPM1_GRVWA1_GRVWB1_GSUAMB_GLS0_ISA1201_IU1_K1_LDSTI0_LBSPPA0_LBSPPB0_LBSPPM0_LPA0_LPB0_LPM0_LRVW1_LWPMn1_MIAV0_MO40_NTn1_NTA0_NTB0_NTC0_NTD0_NTM0_NEPBS0_NLCA1_NLCB1_ONLL1_PGR1_PLR0_PKA0_SIA1_SS0_SPO0_SRVW0_SSO0_SVW1_SK0_SKFTR0_SKXCCM0_TT2_2_TLDS0_ULSGRO0_USL1_UIOFGRO0_USFGROn1_VSn1_VWA1_VWB1_WSGRA0_WSGRB0_WS64_WG8_8_1",8117,699906430128909,699906430131109,2048,0,28,0,128,64,1,1,256,8,1
"KERNEL_DISPATCH","Agent 1",1,1,29203,116,17,"derivative(Scratch*, int, int, int*)",8120,699906430134749,699906430136029,0,0,8,0,128,256,1,1,8192,1,1
"KERNEL_DISPATCH","Agent 1",1,1,29203,117,18,"transpose_weights(Net const*, Scratch*, int, int)",8124,699906430139590,699906430140910,0,0,8,0,128,256,1,1,4096,1,1
"KERNEL_DISPATCH","Agent 1",1,1,29203,118,2483,"Cijk_Alik_Bljk_S_B_Bias_HA_S_SAV_UserArgs_MT16x16x8_SN_LDSB0_AFC1_AFEM1_AFEM1_ASEM1_CLR0_CADS0_DTLA0_DTLB0_DTVA0_DTVB0_EPS1_FDSI0_GRPM1_GRVWA1_GRVWB1_GSUAMB_GLS0_ISA1201_IU1_K1_LDSTI0_LBSPPA0_LBSPPB0_LBSPPM0_LPA0_LPB0_LPM0_LRVW1_LWPMn1_MIAV0_MO40_NTn1_NTA0_NTB0_NTC0_NTD0_NTM0_NEPBS0_NLCA1_NLCB1_ONLL1_PGR1_PLR0_PKA0_SIA1_SS0_SPO0_SRVW0_SSO0_SVW1_SK0_SKFTR0_SKXCCM0_TT2_2_TLDS0_ULSGRO0_USL1_UIOFGRO0_USFGROn1_VSn1_VWA1_VWB1_WSGRA0_WSGRB0_WS64_WG8_8_1",8134,699906430164950,699906430168150,2048,0,28,0,128,64,1,1,256,8,1
"KERNEL_DISPATCH","Agent 1",1,1,29203,119,17,"derivative(Scratch*, int, int, int*)",8137,699906430171870,699906430173110,0,0,8,0,128,256,1,1,8192,1,1
"KERNEL_DISPATCH","Agent 1",1,1,29203,120,18,"transpose_weights(Net const*, Scratch*, int, int)",8141,699906430176950,699906430178310,0,0,8,0,128,256,1,1,4096,1,1
"KERNEL_DISPATCH","Agent 1",1,1,29203,121,2483,"Cijk_Alik_Bljk_S_B_Bias_HA_S_SAV_UserArgs_MT16x16x8_SN_LDSB0_AFC1_AFEM1_AFEM1_ASEM1_CLR0_CADS0_DTLA0_DTLB0_DTVA0_DTVB0_EPS1_FDSI0_GRPM1_GRVWA1_GRVWB1_GSUAMB_GLS0_ISA1201_IU1_K1_LDSTI0_LBSPPA0_LBSPPB0_LBSPPM0_LPA0_LPB0_LPM0_LRVW1_LWPMn1_MIAV0_MO40_NTn1_NTA0_NTB0_NTC0_NTD0_NTM0_NEPBS0_NLCA1_NLCB1_ONLL1_PGR1_PLR0_PKA0_SIA1_SS0_SPO0_SRVW0_SSO0_SVW1_SK0_SKFTR0_SKXCCM0_TT2_2_TLDS0_ULSGRO0_USL1_UIOFGRO0_USFGROn1_VSn1_VWA1_VWB1_WSGRA0_WSGRB0_WS64_WG8_8_1",8151,699906430181710,699906430185350,2048,0,28,0,128,64,1,1,256,8,1
"KERNEL_DISPATCH","Agent 1",1,1,29203,122,17,"derivative(Scratch*, int, int, int*)",8154,699906430188990,699906430190190,0,0,8,0,128,256,1,1,8192,1,1
"KERNEL_DISPATCH","Agent 1",1,1,29203,123,18,"transpose_weights(Net const*, Scratch*, int, int)",8158,699906430193790,699906430195150,0,0,8,0,128,256,1,1,4096,1,1
"KERNEL_DISPATCH","Agent 1",1,1,29203,124,2483,"Cijk_Alik_Bljk_S_B_Bias_HA_S_SAV_UserArgs_MT16x16x8_SN_LDSB0_AFC1_AFEM1_AFEM1_ASEM1_CLR0_CADS0_DTLA0_DTLB0_DTVA0_DTVB0_EPS1_FDSI0_GRPM1_GRVWA1_GRVWB1_GSUAMB_GLS0_ISA1201_IU1_K1_LDSTI0_LBSPPA0_LBSPPB0_LBSPPM0_LPA0_LPB0_LPM0_LRVW1_LWPMn1_MIAV0_MO40_NTn1_NTA0_NTB0_NTC0_NTD0_NTM0_NEPBS0_NLCA1_NLCB1_ONLL1_PGR1_PLR0_PKA0_SIA1_SS0_SPO0_SRVW0_SSO0_SVW1_SK0_SKFTR0_SKXCCM0_TT2_2_TLDS0_ULSGRO0_USL1_UIOFGRO0_USFGROn1_VSn1_VWA1_VWB1_WSGRA0_WSGRB0_WS64_WG8_8_1",8168,699906430211551,699906430214711,2048,0,28,0,128,64,1,1,256,8,1
"KERNEL_DISPATCH","Agent 1",1,1,29203,125,17,"derivative(Scratch*, int, int, int*)",8171,699906430218631,699906430219791,0,0,8,0,128,256,1,1,8192,1,1
"KERNEL_DISPATCH","Agent 1",1,1,29203,126,2489,"Cijk_Ailk_Bjlk_S_B_Bias_HA_S_SAV_UserArgs_MT8x8x8_SN_LDSB0_AFC1_AFEM1_AFEM1_ASEM1_CLR0_CADS0_DTLA0_DTLB0_DTVA0_DTVB0_EPS1_FDSI0_GRPM1_GRVWA1_GRVWB1_GSUAMB_GLS0_ISA1201_IU1_K1_LDSTI0_LBSPPA0_LBSPPB0_LBSPPM0_LPA0_LPB0_LPM0_LRVW1_LWPMn1_MIAV0_MO40_NTn1_NTA0_NTB0_NTC0_NTD0_NTM0_NEPBS0_NLCA1_NLCB1_ONLL1_PGR1_PLR0_PKA0_SIA1_SS0_SPO0_SRVW0_SSO0_SVW1_SK0_SKFTR0_SKXCCM0_TT1_1_TLDS0_ULSGRO0_USL1_UIOFGRO0_USFGROn1_VSn1_VWA1_VWB1_WSGRA0_WSGRB0_WS64_WG8_8_1",8181,699906430223751,699906430239631,2048,0,24,0,128,64,1,1,576,2,1
"KERNEL_DISPATCH","Agent 1",1,1,29203,127,2487,"Cijk_Ailk_Bjlk_S_B_Bias_HA_S_SAV_UserArgs_MT16x16x16_SN_LDSB0_AFC1_AFEM1_AFEM1_ASEM1_CLR0_CADS0_DTLA0_DTLB0_DTVA0_DTVB0_EPS1_FDSI0_GRPM1_GRVWA1_GRVWB1_GSUAMB_GLS0_ISA1201_IU1_K1_LDSTI0_LBSPPA0_LBSPPB0_LBSPPM0_LPA0_LPB0_LPM0_LRVW1_LWPMn1_MIAV0_MO40_NTn1_NTA0_NTB0_NTC0_NTD0_NTM0_NEPBS0_NLCA1_NLCB1_ONLL1_PGR1_PLR0_PKA0_SIA1_SS0_SPO0_SRVW0_SSO0_SVW1_SK0_SKFTR0_SKXCCM0_TT2_2_TLDS0_ULSGRO0_USL1_UIOFGRO0_USFGROn1_VSn1_VWA1_VWB1_WSGRA0_WSGRB0_WS64_WG8_8_1",8190,699906430243231,699906430257071,4096,0,32,0,128,64,1,1,896,4,1
"KERNEL_DISPATCH","Agent 1",1,1,29203,128,21,"check_weights(float const*, int, int*)",8193,699906430260832,699906430262472,0,0,8,0,128,256,1,1,53504,1,1
"KERNEL_DISPATCH","Agent 1",1,1,29203,129,21,"check_weights(float const*, int, int*)",8197,699906430266112,699906430267152,0,0,8,0,128,256,1,1,1280,1,1
"KERNEL_DISPATCH","Agent 1",1,1,29203,130,16,"reduce_loss(float const*, int, int*, float*)",8201,699906430270792,699906430275472,0,0,16,0,128,1,1,1,1,1,1
"KERNEL_DISPATCH","Agent 1",1,1,29203,131,23,"join_input(float const*, Scratch*, int, int)",8205,699906430279112,699906430280512,0,0,8,0,128,256,1,1,26880,1,1
"KERNEL_DISPATCH","Agent 1",1,1,29203,132,2483,"Cijk_Alik_Bljk_S_B_Bias_HA_S_SAV_UserArgs_MT16x16x8_SN_LDSB0_AFC1_AFEM1_AFEM1_ASEM1_CLR0_CADS0_DTLA0_DTLB0_DTVA0_DTVB0_EPS1_FDSI0_GRPM1_GRVWA1_GRVWB1_GSUAMB_GLS0_ISA1201_IU1_K1_LDSTI0_LBSPPA0_LBSPPB0_LBSPPM0_LPA0_LPB0_LPM0_LRVW1_LWPMn1_MIAV0_MO40_NTn1_NTA0_NTB0_NTC0_NTD0_NTM0_NEPBS0_NLCA1_NLCB1_ONLL1_PGR1_PLR0_PKA0_SIA1_SS0_SPO0_SRVW0_SSO0_SVW1_SK0_SKFTR0_SKXCCM0_TT2_2_TLDS0_ULSGRO0_USL1_UIOFGRO0_USFGROn1_VSn1_VWA1_VWB1_WSGRA0_WSGRB0_WS64_WG8_8_1",8215,699906430283952,699906430291632,2048,0,28,0,128,64,1,1,256,8,1
"KERNEL_DISPATCH","Agent 1",1,1,29203,133,22,"activation(float*, int, int*)",8218,699906430295312,699906430296552,0,0,8,0,128,256,1,1,8192,1,1
"KERNEL_DISPATCH","Agent 1",1,1,29203,134,23,"join_input(float const*, Scratch*, int, int)",8222,699906430300112,699906430301512,0,0,8,0,128,256,1,1,26880,1,1
"KERNEL_DISPATCH","Agent 1",1,1,29203,135,2483,"Cijk_Alik_Bljk_S_B_Bias_HA_S_SAV_UserArgs_MT16x16x8_SN_LDSB0_AFC1_AFEM1_AFEM1_ASEM1_CLR0_CADS0_DTLA0_DTLB0_DTVA0_DTVB0_EPS1_FDSI0_GRPM1_GRVWA1_GRVWB1_GSUAMB_GLS0_ISA1201_IU1_K1_LDSTI0_LBSPPA0_LBSPPB0_LBSPPM0_LPA0_LPB0_LPM0_LRVW1_LWPMn1_MIAV0_MO40_NTn1_NTA0_NTB0_NTC0_NTD0_NTM0_NEPBS0_NLCA1_NLCB1_ONLL1_PGR1_PLR0_PKA0_SIA1_SS0_SPO0_SRVW0_SSO0_SVW1_SK0_SKFTR0_SKXCCM0_TT2_2_TLDS0_ULSGRO0_USL1_UIOFGRO0_USFGROn1_VSn1_VWA1_VWB1_WSGRA0_WSGRB0_WS64_WG8_8_1",8232,699906430305232,699906430312432,2048,0,28,0,128,64,1,1,256,8,1
"KERNEL_DISPATCH","Agent 1",1,1,29203,136,22,"activation(float*, int, int*)",8235,699906430316152,699906430317393,0,0,8,0,128,256,1,1,8192,1,1
"KERNEL_DISPATCH","Agent 1",1,1,29203,137,23,"join_input(float const*, Scratch*, int, int)",8239,699906430321273,699906430322593,0,0,8,0,128,256,1,1,26880,1,1
"KERNEL_DISPATCH","Agent 1",1,1,29203,138,2483,"Cijk_Alik_Bljk_S_B_Bias_HA_S_SAV_UserArgs_MT16x16x8_SN_LDSB0_AFC1_AFEM1_AFEM1_ASEM1_CLR0_CADS0_DTLA0_DTLB0_DTVA0_DTVB0_EPS1_FDSI0_GRPM1_GRVWA1_GRVWB1_GSUAMB_GLS0_ISA1201_IU1_K1_LDSTI0_LBSPPA0_LBSPPB0_LBSPPM0_LPA0_LPB0_LPM0_LRVW1_LWPMn1_MIAV0_MO40_NTn1_NTA0_NTB0_NTC0_NTD0_NTM0_NEPBS0_NLCA1_NLCB1_ONLL1_PGR1_PLR0_PKA0_SIA1_SS0_SPO0_SRVW0_SSO0_SVW1_SK0_SKFTR0_SKXCCM0_TT2_2_TLDS0_ULSGRO0_USL1_UIOFGRO0_USFGROn1_VSn1_VWA1_VWB1_WSGRA0_WSGRB0_WS64_WG8_8_1",8249,699906430326153,699906430333713,2048,0,28,0,128,64,1,1,256,8,1
"KERNEL_DISPATCH","Agent 1",1,1,29203,139,22,"activation(float*, int, int*)",8252,699906430337233,699906430338513,0,0,8,0,128,256,1,1,8192,1,1
"KERNEL_DISPATCH","Agent 1",1,1,29203,140,23,"join_input(float const*, Scratch*, int, int)",8256,699906430342273,699906430343713,0,0,8,0,128,256,1,1,26880,1,1
"KERNEL_DISPATCH","Agent 1",1,1,29203,141,2483,"Cijk_Alik_Bljk_S_B_Bias_HA_S_SAV_UserArgs_MT16x16x8_SN_LDSB0_AFC1_AFEM1_AFEM1_ASEM1_CLR0_CADS0_DTLA0_DTLB0_DTVA0_DTVB0_EPS1_FDSI0_GRPM1_GRVWA1_GRVWB1_GSUAMB_GLS0_ISA1201_IU1_K1_LDSTI0_LBSPPA0_LBSPPB0_LBSPPM0_LPA0_LPB0_LPM0_LRVW1_LWPMn1_MIAV0_MO40_NTn1_NTA0_NTB0_NTC0_NTD0_NTM0_NEPBS0_NLCA1_NLCB1_ONLL1_PGR1_PLR0_PKA0_SIA1_SS0_SPO0_SRVW0_SSO0_SVW1_SK0_SKFTR0_SKXCCM0_TT2_2_TLDS0_ULSGRO0_USL1_UIOFGRO0_USFGROn1_VSn1_VWA1_VWB1_WSGRA0_WSGRB0_WS64_WG8_8_1",8266,699906430347393,699906430354713,2048,0,28,0,128,64,1,1,256,8,1
"KERNEL_DISPATCH","Agent 1",1,1,29203,142,22,"activation(float*, int, int*)",8269,699906430358353,699906430359993,0,0,8,0,128,256,1,1,8192,1,1
"KERNEL_DISPATCH","Agent 1",1,1,29203,143,20,"final_input(Scratch*, int, int)",8273,699906430363513,699906430364753,0,0,8,0,128,256,1,1,8448,1,1
"KERNEL_DISPATCH","Agent 1",1,1,29203,144,2483,"Cijk_Alik_Bljk_S_B_Bias_HA_S_SAV_UserArgs_MT16x16x8_SN_LDSB0_AFC1_AFEM1_AFEM1_ASEM1_CLR0_CADS0_DTLA0_DTLB0_DTVA0_DTVB0_EPS1_FDSI0_GRPM1_GRVWA1_GRVWB1_GSUAMB_GLS0_ISA1201_IU1_K1_LDSTI0_LBSPPA0_LBSPPB0_LBSPPM0_LPA0_LPB0_LPM0_LRVW1_LWPMn1_MIAV0_MO40_NTn1_NTA0_NTB0_NTC0_NTD0_NTM0_NEPBS0_NLCA1_NLCB1_ONLL1_PGR1_PLR0_PKA0_SIA1_SS0_SPO0_SRVW0_SSO0_SVW1_SK0_SKFTR0_SKXCCM0_TT2_2_TLDS0_ULSGRO0_USL1_UIOFGRO0_USFGROn1_VSn1_VWA1_VWB1_WSGRA0_WSGRB0_WS64_WG8_8_1",8283,699906430368273,699906430371793,2048,0,28,0,128,64,1,1,64,8,1
"KERNEL_DISPATCH","Agent 1",1,1,29203,145,19,"softmax(Scratch*, float const*, float*, int, int*)",8286,699906430375433,699906430386794,0,0,48,0,128,128,1,1,128,1,1
"KERNEL_DISPATCH","Agent 1",1,1,29203,146,18,"transpose_weights(Net const*, Scratch*, int, int)",8290,699906430390394,699906430391674,0,0,8,0,128,256,1,1,1024,1,1
"KERNEL_DISPATCH","Agent 1",1,1,29203,147,2483,"Cijk_Alik_Bljk_S_B_Bias_HA_S_SAV_UserArgs_MT16x16x8_SN_LDSB0_AFC1_AFEM1_AFEM1_ASEM1_CLR0_CADS0_DTLA0_DTLB0_DTVA0_DTVB0_EPS1_FDSI0_GRPM1_GRVWA1_GRVWB1_GSUAMB_GLS0_ISA1201_IU1_K1_LDSTI0_LBSPPA0_LBSPPB0_LBSPPM0_LPA0_LPB0_LPM0_LRVW1_LWPMn1_MIAV0_MO40_NTn1_NTA0_NTB0_NTC0_NTD0_NTM0_NEPBS0_NLCA1_NLCB1_ONLL1_PGR1_PLR0_PKA0_SIA1_SS0_SPO0_SRVW0_SSO0_SVW1_SK0_SKFTR0_SKXCCM0_TT2_2_TLDS0_ULSGRO0_USL1_UIOFGRO0_USFGROn1_VSn1_VWA1_VWB1_WSGRA0_WSGRB0_WS64_WG8_8_1",8300,699906430395394,699906430397554,2048,0,28,0,128,64,1,1,256,8,1
"KERNEL_DISPATCH","Agent 1",1,1,29203,148,17,"derivative(Scratch*, int, int, int*)",8303,699906430401274,699906430402874,0,0,8,0,128,256,1,1,8192,1,1
"KERNEL_DISPATCH","Agent 1",1,1,29203,149,18,"transpose_weights(Net const*, Scratch*, int, int)",8307,699906430406394,699906430407634,0,0,8,0,128,256,1,1,4096,1,1
"KERNEL_DISPATCH","Agent 1",1,1,29203,150,2483,"Cijk_Alik_Bljk_S_B_Bias_HA_S_SAV_UserArgs_MT16x16x8_SN_LDSB0_AFC1_AFEM1_AFEM1_ASEM1_CLR0_CADS0_DTLA0_DTLB0_DTVA0_DTVB0_EPS1_FDSI0_GRPM1_GRVWA1_GRVWB1_GSUAMB_GLS0_ISA1201_IU1_K1_LDSTI0_LBSPPA0_LBSPPB0_LBSPPM0_LPA0_LPB0_LPM0_LRVW1_LWPMn1_MIAV0_MO40_NTn1_NTA0_NTB0_NTC0_NTD0_NTM0_NEPBS0_NLCA1_NLCB1_ONLL1_PGR1_PLR0_PKA0_SIA1_SS0_SPO0_SRVW0_SSO0_SVW1_SK0_SKFTR0_SKXCCM0_TT2_2_TLDS0_ULSGRO0_USL1_UIOFGRO0_USFGROn1_VSn1_VWA1_VWB1_WSGRA0_WSGRB0_WS64_WG8_8_1",8317,699906430423514,699906430426754,2048,0,28,0,128,64,1,1,256,8,1
"KERNEL_DISPATCH","Agent 1",1,1,29203,151,17,"derivative(Scratch*, int, int, int*)",8320,699906430430434,699906430431754,0,0,8,0,128,256,1,1,8192,1,1
"KERNEL_DISPATCH","Agent 1",1,1,29203,152,18,"transpose_weights(Net const*, Scratch*, int, int)",8324,699906430435274,699906430436955,0,0,8,0,128,256,1,1,4096,1,1
"KERNEL_DISPATCH","Agent 1",1,1,29203,153,2483,"Cijk_Alik_Bljk_S_B_Bias_HA_S_SAV_UserArgs_MT16x16x8_SN_LDSB0_AFC1_AFEM1_AFEM1_ASEM1_CLR0_CADS0_DTLA0_DTLB0_DTVA0_DTVB0_EPS1_FDSI0_GRPM1_GRVWA1_GRVWB1_GSUAMB_GLS0_ISA1201_IU1_K1_LDSTI0_LBSPPA0_LBSPPB0_LBSPPM0_LPA0_LPB0_LPM0_LRVW1_LWPMn1_MIAV0_MO40_NTn1_NTA0_NTB0_NTC0_NTD0_NTM0_NEPBS0_NLCA1_NLCB1_ONLL1_PGR1_PLR0_PKA0_SIA1_SS0_SPO0_SRVW0_SSO0_SVW1_SK0_SKFTR0_SKXCCM0_TT2_2_TLDS0_ULSGRO0_USL1_UIOFGRO0_USFGROn1_VSn1_VWA1_VWB1_WSGRA0_WSGRB0_WS64_WG8_8_1",8334,699906430440475,699906430443795,2048,0,28,0,128,64,1,1,256,8,1
"KERNEL_DISPATCH","Agent 1",1,1,29203,154,17,"derivative(Scratch*, int, int, int*)",8337,699906430447475,699906430448715,0,0,8,0,128,256,1,1,8192,1,1
"KERNEL_DISPATCH","Agent 1",1,1,29203,155,18,"transpose_weights(Net const*, Scratch*, int, int)",8341,699906430452195,699906430453555,0,0,8,0,128,256,1,1,4096,1,1
"KERNEL_DISPATCH","Agent 1",1,1,29203,156,2483,"Cijk_Alik_Bljk_S_B_Bias_HA_S_SAV_UserArgs_MT16x16x8_SN_LDSB0_AFC1_AFEM1_AFEM1_ASEM1_CLR0_CADS0_DTLA0_DTLB0_DTVA0_DTVB0_EPS1_FDSI0_GRPM1_GRVWA1_GRVWB1_GSUAMB_GLS0_ISA1201_IU1_K1_LDSTI0_LBSPPA0_LBSPPB0_LBSPPM0_LPA0_LPB0_LPM0_LRVW1_LWPMn1_MIAV0_MO40_NTn1_NTA0_NTB0_NTC0_NTD0_NTM0_NEPBS0_NLCA1_NLCB1_ONLL1_PGR1_PLR0_PKA0_SIA1_SS0_SPO0_SRVW0_SSO0_SVW1_SK0_SKFTR0_SKXCCM0_TT2_2_TLDS0_ULSGRO0_USL1_UIOFGRO0_USFGROn1_VSn1_VWA1_VWB1_WSGRA0_WSGRB0_WS64_WG8_8_1",8351,699906430471875,699906430475115,2048,0,28,0,128,64,1,1,256,8,1
"KERNEL_DISPATCH","Agent 1",1,1,29203,157,17,"derivative(Scratch*, int, int, int*)",8354,699906430478755,699906430479995,0,0,8,0,128,256,1,1,8192,1,1
"KERNEL_DISPATCH","Agent 1",1,1,29203,158,2489,"Cijk_Ailk_Bjlk_S_B_Bias_HA_S_SAV_UserArgs_MT8x8x8_SN_LDSB0_AFC1_AFEM1_AFEM1_ASEM1_CLR0_CADS0_DTLA0_DTLB0_DTVA0_DTVB0_EPS1_FDSI0_GRPM1_GRVWA1_GRVWB1_GSUAMB_GLS0_ISA1201_IU1_K1_LDSTI0_LBSPPA0_LBSPPB0_LBSPPM0_LPA0_LPB0_LPM0_LRVW1_LWPMn1_MIAV0_MO40_NTn1_NTA0_NTB0_NTC0_NTD0_NTM0_NEPBS0_NLCA1_NLCB1_ONLL1_PGR1_PLR0_PKA0_SIA1_SS0_SPO0_SRVW0_SSO0_SVW1_SK0_SKFTR0_SKXCCM0_TT1_1_TLDS0_ULSGRO0_USL1_UIOFGRO0_USFGROn1_VSn1_VWA1_VWB1_WSGRA0_WSGRB0_WS64_WG8_8_1",8364,699906430483835,699906430489275,2048,0,24,0,128,64,1,1,576,2,1
"KERNEL_DISPATCH","Agent 1",1,1,29203,159,2487,"Cijk_Ailk_Bjlk_S_B_Bias_HA_S_SAV_UserArgs_MT16x16x16_SN_LDSB0_AFC1_AFEM1_AFEM1_ASEM1_CLR0_CADS0_DTLA0_DTLB0_DTVA0_DTVB0_EPS1_FDSI0_GRPM1_GRVWA1_GRVWB1_GSUAMB_GLS0_ISA1201_IU1_K1_LDSTI0_LBSPPA0_LBSPPB0_LBSPPM0_LPA0_LPB0_LPM0_LRVW1_LWPMn1_MIAV0_MO40_NTn1_NTA0_NTB0_NTC0_NTD0_NTM0_NEPBS0_NLCA1_NLCB1_ONLL1_PGR1_PLR0_PKA0_SIA1_SS0_SPO0_SRVW0_SSO0_SVW1_SK0_SKFTR0_SKXCCM0_TT2_2_TLDS0_ULSGRO0_USL1_UIOFGRO0_USFGROn1_VSn1_VWA1_VWB1_WSGRA0_WSGRB0_WS64_WG8_8_1",8373,699906430505236,699906430519276,4096,0,32,0,128,64,1,1,896,4,1
"KERNEL_DISPATCH","Agent 1",1,1,29203,160,21,"check_weights(float const*, int, int*)",8376,699906430523076,699906430524436,0,0,8,0,128,256,1,1,53504,1,1
"KERNEL_DISPATCH","Agent 1",1,1,29203,161,21,"check_weights(float const*, int, int*)",8380,699906430527996,699906430529036,0,0,8,0,128,256,1,1,1280,1,1
"KERNEL_DISPATCH","Agent 1",1,1,29203,162,16,"reduce_loss(float const*, int, int*, float*)",8384,699906430532516,699906430537236,0,0,16,0,128,1,1,1,1,1,1
"KERNEL_DISPATCH","Agent 1",1,1,29203,163,23,"join_input(float const*, Scratch*, int, int)",8388,699906430540876,699906430542316,0,0,8,0,128,256,1,1,26880,1,1
"KERNEL_DISPATCH","Agent 1",1,1,29203,164,2483,"Cijk_Alik_Bljk_S_B_Bias_HA_S_SAV_UserArgs_MT16x16x8_SN_LDSB0_AFC1_AFEM1_AFEM1_ASEM1_CLR0_CADS0_DTLA0_DTLB0_DTVA0_DTVB0_EPS1_FDSI0_GRPM1_GRVWA1_GRVWB1_GSUAMB_GLS0_ISA1201_IU1_K1_LDSTI0_LBSPPA0_LBSPPB0_LBSPPM0_LPA0_LPB0_LPM0_LRVW1_LWPMn1_MIAV0_MO40_NTn1_NTA0_NTB0_NTC0_NTD0_NTM0_NEPBS0_NLCA1_NLCB1_ONLL1_PGR1_PLR0_PKA0_SIA1_SS0_SPO0_SRVW0_SSO0_SVW1_SK0_SKFTR0_SKXCCM0_TT2_2_TLDS0_ULSGRO0_USL1_UIOFGRO0_USFGROn1_VSn1_VWA1_VWB1_WSGRA0_WSGRB0_WS64_WG8_8_1",8398,699906430546356,699906430554116,2048,0,28,0,128,64,1,1,256,8,1
"KERNEL_DISPATCH","Agent 1",1,1,29203,165,22,"activation(float*, int, int*)",8401,699906430557997,699906430559197,0,0,8,0,128,256,1,1,8192,1,1
"KERNEL_DISPATCH","Agent 1",1,1,29203,166,23,"join_input(float const*, Scratch*, int, int)",8405,699906430605877,699906430607197,0,0,8,0,128,256,1,1,26880,1,1
"KERNEL_DISPATCH","Agent 1",1,1,29203,167,2483,"Cijk_Alik_Bljk_S_B_Bias_HA_S_SAV_UserArgs_MT16x16x8_SN_LDSB0_AFC1_AFEM1_AFEM1_ASEM1_CLR0_CADS0_DTLA0_DTLB0_DTVA0_DTVB0_EPS1_FDSI0_GRPM1_GRVWA1_GRVWB1_GSUAMB_GLS0_ISA1201_IU1_K1_LDSTI0_LBSPPA0_LBSPPB0_LBSPPM0_LPA0_LPB0_LPM0_LRVW1_LWPMn1_MIAV0_MO40_NTn1_NTA0_NTB0_NTC0_NTD0_NTM0_NEPBS0_NLCA1_NLCB1_ONLL1_PGR1_PLR0_PKA0_SIA1_SS0_SPO0_SRVW0_SSO0_SVW1_SK0_SKFTR0_SKXCCM0_TT2_2_TLDS0_ULSGRO0_USL1_UIOFGRO0_USFGROn1_VSn1_VWA1_VWB1_WSGRA0_WSGRB0_WS64_WG8_8_1",8415,699906430644518,699906430651798,2048,0,28,0,128,64,1,1,256,8,1
"KERNEL_DISPATCH","Agent 1",1,1,29203,168,22,"activation(float*, int, int*)",8418,699906430655438,699906430656718,0,0,8,0,128,256,1,1,8192,1,1
"KERNEL_DISPATCH","Agent 1",1,1,29203,169,23,"join_input(float const*, Scratch*, int, int)",8422,699906430660678,699906430662038,0,0,8,0,128,256,1,1,26880,1,1
"KERNEL_DISPATCH","Agent 1",1,1,29203,170,2483,"Cijk_Alik_Bljk_S_B_Bias_HA_S_SAV_UserArgs_MT16x16x8_SN_LDSB0_AFC1_AFEM1_AFEM1_ASEM1_CLR0_CADS0_DTLA0_DTLB0_DTVA0_DTVB0_EPS1_FDSI0_GRPM1_GRVWA1_GRVWB1_GSUAMB_GLS0_ISA1201_IU1_K1_LDSTI0_LBSPPA0_LBSPPB0_LBSPPM0_LPA0_LPB0_LPM0_LRVW1_LWPMn1_MIAV0_MO40_NTn1_NTA0_NTB0_NTC0_NTD0_NTM0_NEPBS0_NLCA1_NLCB1_ONLL1_PGR1_PLR0_PKA0_SIA1_SS0_SPO0_SRVW0_SSO0_SVW1_SK0_SKFTR0_SKXCCM0_TT2_2_TLDS0_ULSGRO0_USL1_UIOFGRO0_USFGROn1_VSn1_VWA1_VWB1_WSGRA0_WSGRB0_WS64_WG8_8_1",8432,699906430665478,699906430673158,2048,0,28,0,128,64,1,1,256,8,1
"KERNEL_DISPATCH","Agent 1",1,1,29203,171,22,"activation(float*, int, int*)",8435,699906430676719,699906430677999,0,0,8,0,128,256,1,1,8192,1,1
"KERNEL_DISPATCH","Agent 1",1,1,29203,172,23,"join_input(float const*, Scratch*, int, int)",8439,699906430681479,699906430682799,0,0,8,0,128,256,1,1,26880,1,1
"KERNEL_DISPATCH","Agent 1",1,1,29203,173,2483,"Cijk_Alik_Bljk_S_B_Bias_HA_S_SAV_UserArgs_MT16x16x8_SN_LDSB0_AFC1_AFEM1_AFEM1_ASEM1_CLR0_CADS0_DTLA0_DTLB0_DTVA0_DTVB0_EPS1_FDSI0_GRPM1_GRVWA1_GRVWB1_GSUAMB_GLS0_ISA1201_IU1_K1_LDSTI0_LBSPPA0_LBSPPB0_LBSPPM0_LPA0_LPB0_LPM0_LRVW1_LWPMn1_MIAV0_MO40_NTn1_NTA0_NTB0_NTC0_NTD0_NTM0_NEPBS0_NLCA1_NLCB1_ONLL1_PGR1_PLR0_PKA0_SIA1_SS0_SPO0_SRVW0_SSO0_SVW1_SK0_SKFTR0_SKXCCM0_TT2_2_TLDS0_ULSGRO0_USL1_UIOFGRO0_USFGROn1_VSn1_VWA1_VWB1_WSGRA0_WSGRB0_WS64_WG8_8_1",8449,699906430686679,699906430694039,2048,0,28,0,128,64,1,1,256,8,1
"KERNEL_DISPATCH","Agent 1",1,1,29203,174,22,"activation(float*, int, int*)",8452,699906430697639,699906430699319,0,0,8,0,128,256,1,1,8192,1,1
"KERNEL_DISPATCH","Agent 1",1,1,29203,175,20,"final_input(Scratch*, int, int)",8456,699906430702959,699906430704119,0,0,8,0,128,256,1,1,8448,1,1
"KERNEL_DISPATCH","Agent 1",1,1,29203,176,2483,"Cijk_Alik_Bljk_S_B_Bias_HA_S_SAV_UserArgs_MT16x16x8_SN_LDSB0_AFC1_AFEM1_AFEM1_ASEM1_CLR0_CADS0_DTLA0_DTLB0_DTVA0_DTVB0_EPS1_FDSI0_GRPM1_GRVWA1_GRVWB1_GSUAMB_GLS0_ISA1201_IU1_K1_LDSTI0_LBSPPA0_LBSPPB0_LBSPPM0_LPA0_LPB0_LPM0_LRVW1_LWPMn1_MIAV0_MO40_NTn1_NTA0_NTB0_NTC0_NTD0_NTM0_NEPBS0_NLCA1_NLCB1_ONLL1_PGR1_PLR0_PKA0_SIA1_SS0_SPO0_SRVW0_SSO0_SVW1_SK0_SKFTR0_SKXCCM0_TT2_2_TLDS0_ULSGRO0_USL1_UIOFGRO0_USFGROn1_VSn1_VWA1_VWB1_WSGRA0_WSGRB0_WS64_WG8_8_1",8466,699906430707719,699906430711239,2048,0,28,0,128,64,1,1,64,8,1
"KERNEL_DISPATCH","Agent 1",1,1,29203,177,19,"softmax(Scratch*, float const*, float*, int, int*)",8469,699906430715199,699906430726559,0,0,48,0,128,128,1,1,128,1,1
"KERNEL_DISPATCH","Agent 1",1,1,29203,178,18,"transpose_weights(Net const*, Scratch*, int, int)",8473,699906430730239,699906430731439,0,0,8,0,128,256,1,1,1024,1,1
"KERNEL_DISPATCH","Agent 1",1,1,29203,179,2483,"Cijk_Alik_Bljk_S_B_Bias_HA_S_SAV_UserArgs_MT16x16x8_SN_LDSB0_AFC1_AFEM1_AFEM1_ASEM1_CLR0_CADS0_DTLA0_DTLB0_DTVA0_DTVB0_EPS1_FDSI0_GRPM1_GRVWA1_GRVWB1_GSUAMB_GLS0_ISA1201_IU1_K1_LDSTI0_LBSPPA0_LBSPPB0_LBSPPM0_LPA0_LPB0_LPM0_LRVW1_LWPMn1_MIAV0_MO40_NTn1_NTA0_NTB0_NTC0_NTD0_NTM0_NEPBS0_NLCA1_NLCB1_ONLL1_PGR1_PLR0_PKA0_SIA1_SS0_SPO0_SRVW0_SSO0_SVW1_SK0_SKFTR0_SKXCCM0_TT2_2_TLDS0_ULSGRO0_USL1_UIOFGRO0_USFGROn1_VSn1_VWA1_VWB1_WSGRA0_WSGRB0_WS64_WG8_8_1",8483,699906430734919,699906430737160,2048,0,28,0,128,64,1,1,256,8,1
"KERNEL_DISPATCH","Agent 1",1,1,29203,180,17,"derivative(Scratch*, int, int, int*)",8486,699906430740800,699906430742080,0,0,8,0,128,256,1,1,8192,1,1
"KERNEL_DISPATCH","Agent 1",1,1,29203,181,18,"transpose_weights(Net const*, Scratch*, int, int)",8490,699906430745680,699906430746960,0,0,8,0,128,256,1,1,4096,1,1
"KERNEL_DISPATCH","Agent 1",1,1,29203,182,2483,"Cijk_Alik_Bljk_S_B_Bias_HA_S_SAV_UserArgs_MT16x16x8_SN_LDSB0_AFC1_AFEM1_AFEM1_ASEM1_CLR0_CADS0_DTLA0_DTLB0_DTVA0_DTVB0_EPS1_FDSI0_GRPM1_GRVWA1_GRVWB1_GSUAMB_GLS0_ISA1201_IU1_K1_LDSTI0_LBSPPA0_LBSPPB0_LBSPPM0_LPA0_LPB0_LPM0_LRVW1_LWPMn1_MIAV0_MO40_NTn1_NTA0_NTB0_NTC0_NTD0_NTM0_NEPBS0_NLCA1_NLCB1_ONLL1_PGR1_PLR0_PKA0_SIA1_SS0_SPO0_SRVW0_SSO0_SVW1_SK0_SKFTR0_SKXCCM0_TT2_2_TLDS0_ULSGRO0_USL1_UIOFGRO0_USFGROn1_VSn1_VWA1_VWB1_WSGRA0_WSGRB0_WS64_WG8_8_1",8500,699906430767200,699906430770360,2048,0,28,0,128,64,1,1,256,8,1
"KERNEL_DISPATCH","Agent 1",1,1,29203,183,17,"derivative(Scratch*, int, int, int*)",8503,699906430773600,699906430774760,0,0,8,0,128,256,1,1,8192,1,1
"KERNEL_DISPATCH","Agent 1",1,1,29203,184,18,"transpose_weights(Net const*, Scratch*, int, int)",8507,699906430777960,699906430779080,0,0,8,0,128,256,1,1,4096,1,1
"KERNEL_DISPATCH","Agent 1",1,1,29203,185,2483,"Cijk_Alik_Bljk_S_B_Bias_HA_S_SAV_UserArgs_MT16x16x8_SN_LDSB0_AFC1_AFEM1_AFEM1_ASEM1_CLR0_CADS0_DTLA0_DTLB0_DTVA0_DTVB0_EPS1_FDSI0_GRPM1_GRVWA1_GRVWB1_GSUAMB_GLS0_ISA1201_IU1_K1_LDSTI0_LBSPPA0_LBSPPB0_LBSPPM0_LPA0_LPB0_LPM0_LRVW1_LWPMn1_MIAV0_MO40_NTn1_NTA0_NTB0_NTC0_NTD0_NTM0_NEPBS0_NLCA1_NLCB1_ONLL1_PGR1_PLR0_PKA0_SIA1_SS0_SPO0_SRVW0_SSO0_SVW1_SK0_SKFTR0_SKXCCM0_TT2_2_TLDS0_ULSGRO0_USL1_UIOFGRO0_USFGROn1_VSn1_VWA1_VWB1_WSGRA0_WSGRB0_WS64_WG8_8_1",8517,699906430792520,699906430795721,2048,0,28,0,128,64,1,1,256,8,1
"KERNEL_DISPATCH","Agent 1",1,1,29203,186,17,"derivative(Scratch*, int, int, int*)",8520,699906430798921,699906430800081,0,0,8,0,128,256,1,1,8192,1,1
"KERNEL_DISPATCH","Agent 1",1,1,29203,187,18,"transpose_weights(Net const*, Scratch*, int, int)",8524,699906430803601,699906430804841,0,0,8,0,128,256,1,1,4096,1,1
"KERNEL_DISPATCH","Agent 1",1,1,29203,188,2483,"Cijk_Alik_Bljk_S_B_Bias_HA_S_SAV_UserArgs_MT16x16x8_SN_LDSB0_AFC1_AFEM1_AFEM1_ASEM1_CLR0_CADS0_DTLA0_DTLB0_DTVA0_DTVB0_EPS1_FDSI0_GRPM1_GRVWA1_GRVWB1_GSUAMB_GLS0_ISA1201_IU1_K1_LDSTI0_LBSPPA0_LBSPPB0_LBSPPM0_LPA0_LPB0_LPM0_LRVW1_LWPMn1_MIAV0_MO40_NTn1_NTA0_NTB0_NTC0_NTD0_NTM0_NEPBS0_NLCA1_NLCB1_ONLL1_PGR1_PLR0_PKA0_SIA1_SS0_SPO0_SRVW0_SSO0_SVW1_SK0_SKFTR0_SKXCCM0_TT2_2_TLDS0_ULSGRO0_USL1_UIOFGRO0_USFGROn1_VSn1_VWA1_VWB1_WSGRA0_WSGRB0_WS64_WG8_8_1",8534,699906430808481,699906430811641,2048,0,28,0,128,64,1,1,256,8,1
"KERNEL_DISPATCH","Agent 1",1,1,29203,189,17,"derivative(Scratch*, int, int, int*)",8537,699906430815241,699906430816401,0,0,8,0,128,256,1,1,8192,1,1
"KERNEL_DISPATCH","Agent 1",1,1,29203,190,2489,"Cijk_Ailk_Bjlk_S_B_Bias_HA_S_SAV_UserArgs_MT8x8x8_SN_LDSB0_AFC1_AFEM1_AFEM1_ASEM1_CLR0_CADS0_DTLA0_DTLB0_DTVA0_DTVB0_EPS1_FDSI0_GRPM1_GRVWA1_GRVWB1_GSUAMB_GLS0_ISA1201_IU1_K1_LDSTI0_LBSPPA0_LBSPPB0_LBSPPM0_LPA0_LPB0_LPM0_LRVW1_LWPMn1_MIAV0_MO40_NTn1_NTA0_NTB0_NTC0_NTD0_NTM0_NEPBS0_NLCA1_NLCB1_ONLL1_PGR1_PLR0_PKA0_SIA1_SS0_SPO0_SRVW0_SSO0_SVW1_SK0_SKFTR0_SKXCCM0_TT1_1_TLDS0_ULSGRO0_USL1_UIOFGRO0_USFGROn1_VSn1_VWA1_VWB1_WSGRA0_WSGRB0_WS64_WG8_8_1",8547,699906430833001,699906430843801,2048,0,24,0,128,64,1,1,576,2,1
"KERNEL_DISPATCH","Agent 1",1,1,29203,191,2487,"Cijk_Ailk_Bjlk_S_B_Bias_HA_S_SAV_UserArgs_MT16x16x16_SN_LDSB0_AFC1_AFEM1_AFEM1_ASEM1_CLR0_CADS0_DTLA0_DTLB0_DTVA0_DTVB0_EPS1_FDSI0_GRPM1_GRVWA1_GRVWB1_GSUAMB_GLS0_ISA1201_IU1_K1_LDSTI0_LBSPPA0_LBSPPB0_LBSPPM0_LPA0_LPB0_LPM0_LRVW1_LWPMn1_MIAV0_MO40_NTn1_NTA0_NTB0_NTC0_NTD0_NTM0_NEPBS0_NLCA1_NLCB1_ONLL1_PGR1_PLR0_PKA0_SIA1_SS0_SPO0_SRVW0_SSO0_SVW1_SK0_SKFTR0_SKXCCM0_TT2_2_TLDS0_ULSGRO0_USL1_UIOFGRO0_USFGROn1_VSn1_VWA1_VWB1_WSGRA0_WSGRB0_WS64_WG8_8_1",8556,699906430847481,699906430861202,4096,0,32,0,128,64,1,1,896,4,1
"KERNEL_DISPATCH","Agent 1",1,1,29203,192,21,"check_weights(float const*, int, int*)",8559,699906430864522,699906430865802,0,0,8,0,128,256,1,1,53504,1,1
"KERNEL_DISPATCH","Agent 1",1,1,29203,193,21,"check_weights(float const*, int, int*)",8563,699906430868962,699906430870042,0,0,8,0,128,256,1,1,1280,1,1
"KERNEL_DISPATCH","Agent 1",1,1,29203,194,16,"reduce_loss(float const*, int, int*, float*)",8567,699906430873682,699906430878282,0,0,16,0,128,1,1,1,1,1,1
"KERNEL_DISPATCH","Agent 1",1,1,29203,195,23,"join_input(float const*, Scratch*, int, int)",8571,699906430881562,699906430882882,0,0,8,0,128,256,1,1,26880,1,1
"KERNEL_DISPATCH","Agent 1",1,1,29203,196,2483,"Cijk_Alik_Bljk_S_B_Bias_HA_S_SAV_UserArgs_MT16x16x8_SN_LDSB0_AFC1_AFEM1_AFEM1_ASEM1_CLR0_CADS0_DTLA0_DTLB0_DTVA0_DTVB0_EPS1_FDSI0_GRPM1_GRVWA1_GRVWB1_GSUAMB_GLS0_ISA1201_IU1_K1_LDSTI0_LBSPPA0_LBSPPB0_LBSPPM0_LPA0_LPB0_LPM0_LRVW1_LWPMn1_MIAV0_MO40_NTn1_NTA0_NTB0_NTC0_NTD0_NTM0_NEPBS0_NLCA1_NLCB1_ONLL1_PGR1_PLR0_PKA0_SIA1_SS0_SPO0_SRVW0_SSO0_SVW1_SK0_SKFTR0_SKXCCM0_TT2_2_TLDS0_ULSGRO0_USL1_UIOFGRO0_USFGROn1_VSn1_VWA1_VWB1_WSGRA0_WSGRB0_WS64_WG8_8_1",8581,699906430886442,699906430894082,2048,0,28,0,128,64,1,1,256,8,1
"KERNEL_DISPATCH","Agent 1",1,1,29203,197,22,"activation(float*, int, int*)",8584,699906430897642,699906430898802,0,0,8,0,128,256,1,1,8192,1,1
"KERNEL_DISPATCH","Agent 1",1,1,29203,198,23,"join_input(float const*, Scratch*, int, int)",8588,699906430902162,699906430903402,0,0,8,0,128,256,1,1,26880,1,1
"KERNEL_DISPATCH","Agent 1",1,1,29203,199,2483,"Cijk_Alik_Bljk_S_B_Bias_HA_S_SAV_UserArgs_MT16x16x8_SN_LDSB0_AFC1_AFEM1_AFEM1_ASEM1_CLR0_CADS0_DTLA0_DTLB0_DTVA0_DTVB0_EPS1_FDSI0_GRPM1_GRVWA1_GRVWB1_GSUAMB_GLS0_ISA1201_IU1_K1_LDSTI0_LBSPPA0_LBSPPB0_LBSPPM0_LPA0_LPB0_LPM0_LRVW1_LWPMn1_MIAV0_MO40_NTn1_NTA0_NTB0_NTC0_NTD0_NTM0_NEPBS0_NLCA1_NLCB1_ONLL1_PGR1_PLR0_PKA0_SIA1_SS0_SPO0_SRVW0_SSO0_SVW1_SK0_SKFTR0_SKXCCM0_TT2_2_TLDS0_ULSGRO0_USL1_UIOFGRO0_USFGROn1_VSn1_VWA1_VWB1_WSGRA0_WSGRB0_WS64_WG8_8_1",8598,699906430906722,699906430913962,2048,0,28,0,128,64,1,1,256,8,1
"KERNEL_DISPATCH","Agent 1",1,1,29203,200,22,"activation(float*, int, int*)",8601,699906430917283,699906430918443,0,0,8,0,128,256,1,1,8192,1,1
"KERNEL_DISPATCH","Agent 1",1,1,29203,201,23,"join_input(float const*, Scratch*, int, int)",8605,699906430921763,699906430922963,0,0,8,0,128,256,1,1,26880,1,1
"KERNEL_DISPATCH","Agent 1",1,1,29203,202,2483,"Cijk_Alik_Bljk_S_B_Bias_HA_S_SAV_UserArgs_MT16x16x8_SN_LDSB0_AFC1_AFEM1_AFEM1_ASEM1_CLR0_CADS0_DTLA0_DTLB0_DTVA0_DTVB0_EPS1_FDSI0_GRPM1_GRVWA1_GRVWB1_GSUAMB_GLS0_ISA1201_IU1_K1_LDSTI0_LBSPPA0_LBSPPB0_LBSPPM0_LPA0_LPB0_LPM0_LRVW1_LWPMn1_MIAV0_MO40_NTn1_NTA0_NTB0_NTC0_NTD0_NTM0_NEPBS0_NLCA1_NLCB1_ONLL1_PGR1_PLR0_PKA0_SIA1_SS0_SPO0_SRVW0_SSO0_SVW1_SK0_SKFTR0_SKXCCM0_TT2_2_TLDS0_ULSGRO0_USL1_UIOFGRO0_USFGROn1_VSn1_VWA1_VWB1_WSGRA0_WSGRB0_WS64_WG8_8_1",8615,699906430926243,699906430936603,2048,0,28,0,128,64,1,1,256,8,1
"KERNEL_DISPATCH","Agent 1",1,1,29203,203,22,"activation(float*, int, int*)",8618,699906430940123,699906430941323,0,0,8,0,128,256,1,1,8192,1,1
"KERNEL_DISPATCH","Agent 1",1,1,29203,204,23,"join_input(float const*, Scratch*, int, int)",8622,699906430945003,699906430946243,0,0,8,0,128,256,1,1,26880,1,1
"KERNEL_DISPATCH","Agent 1",1,1,29203,205,2483,"Cijk_Alik_Bljk_S_B_Bias_HA_S_SAV_UserArgs_MT16x16x8_SN_LDSB0_AFC1_AFEM1_AFEM1_ASEM1_CLR0_CADS0_DTLA0_DTLB0_DTVA0_DTVB0_EPS1_FDSI0_GRPM1_GRVWA1_GRVWB1_GSUAMB_GLS0_ISA1201_IU1_K1_LDSTI0_LBSPPA0_LBSPPB0_LBSPPM0_LPA0_LPB0_LPM0_LRVW1_LWPMn1_MIAV0_MO40_NTn1_NTA0_NTB0_NTC0_NTD0_NTM0_NEPBS0_NLCA1_NLCB1_ONLL1_PGR1_PLR0_PKA0_SIA1_SS0_SPO0_SRVW0_SSO0_SVW1_SK0_SKFTR0_SKXCCM0_TT2_2_TLDS0_ULSGRO0_USL1_UIOFGRO0_USFGROn1_VSn1_VWA1_VWB1_WSGRA0_WSGRB0_WS64_WG8_8_1",8632,699906430949523,699906430956723,2048,0,28,0,128,64,1,1,256,8,1
"KERNEL_DISPATCH","Agent 1",1,1,29203,206,22,"activation(float*, int, int*)",8635,699906430960243,699906430961403,0,0,8,0,128,256,1,1,8192,1,1
"KERNEL_DISPATCH","Agent 1",1,1,29203,207,20,"final_input(Scratch*, int, int)",8639,699906430964683,699906430965843,0,0,8,0,128,256,1,1,8448,1,1
"KERNEL_DISPATCH","Agent 1",1,1,29203,208,2483,"Cijk_Alik_Bljk_S_B_Bias_HA_S_SAV_UserArgs_MT16x16x8_SN_LDSB0_AFC1_AFEM1_AFEM1_ASEM1_CLR0_CADS0_DTLA0_DTLB0_DTVA0_DTVB0_EPS1_FDSI0_GRPM1_GRVWA1_GRVWB1_GSUAMB_GLS0_ISA1201_IU1_K1_LDSTI0_LBSPPA0_LBSPPB0_LBSPPM0_LPA0_LPB0_LPM0_LRVW1_LWPMn1_MIAV0_MO40_NTn1_NTA0_NTB0_NTC0_NTD0_NTM0_NEPBS0_NLCA1_NLCB1_ONLL1_PGR1_PLR0_PKA0_SIA1_SS0_SPO0_SRVW0_SSO0_SVW1_SK0_SKFTR0_SKXCCM0_TT2_2_TLDS0_ULSGRO0_USL1_UIOFGRO0_USFGROn1_VSn1_VWA1_VWB1_WSGRA0_WSGRB0_WS64_WG8_8_1",8649,699906430980324,699906430983724,2048,0,28,0,128,64,1,1,64,8,1
"KERNEL_DISPATCH","Agent 1",1,1,29203,209,19,"softmax(Scratch*, float const*, float*, int, int*)",8652,699906430986924,699906430998204,0,0,48,0,128,128,1,1,128,1,1
"KERNEL_DISPATCH","Agent 1",1,1,29203,210,18,"transpose_weights(Net const*, Scratch*, int, int)",8656,699906431001604,699906431002804,0,0,8,0,128,256,1,1,1024,1,1
"KERNEL_DISPATCH","Agent 1",1,1,29203,211,2483,"Cijk_Alik_Bljk_S_B_Bias_HA_S_SAV_UserArgs_MT16x16x8_SN_LDSB0_AFC1_AFEM1_AFEM1_ASEM1_CLR0_CADS0_DTLA0_DTLB0_DTVA0_DTVB0_EPS1_FDSI0_GRPM1_GRVWA1_GRVWB1_GSUAMB_GLS0_ISA1201_IU1_K1_LDSTI0_LBSPPA0_LBSPPB0_LBSPPM0_LPA0_LPB0_LPM0_LRVW1_LWPMn1_MIAV0_MO40_NTn1_NTA0_NTB0_NTC0_NTD0_NTM0_NEPBS0_NLCA1_NLCB1_ONLL1_PGR1_PLR0_PKA0_SIA1_SS0_SPO0_SRVW0_SSO0_SVW1_SK0_SKFTR0_SKXCCM0_TT2_2_TLDS0_ULSGRO0_USL1_UIOFGRO0_USFGROn1_VSn1_VWA1_VWB1_WSGRA0_WSGRB0_WS64_WG8_8_1",8666,699906431006284,699906431008404,2048,0,28,0,128,64,1,1,256,8,1
"KERNEL_DISPATCH","Agent 1",1,1,29203,212,17,"derivative(Scratch*, int, int, int*)",8669,699906431011764,699906431012924,0,0,8,0,128,256,1,1,8192,1,1
"KERNEL_DISPATCH","Agent 1",1,1,29203,213,18,"transpose_weights(Net const*, Scratch*, int, int)",8673,699906431016164,699906431026844,0,0,8,0,128,256,1,1,4096,1,1
"KERNEL_DISPATCH","Agent 1",1,1,29203,214,2483,"Cijk_Alik_Bljk_S_B_Bias_HA_S_SAV_UserArgs_MT16x16x8_SN_LDSB0_AFC1_AFEM1_AFEM1_ASEM1_CLR0_CADS0_DTLA0_DTLB0_DTVA0_DTVB0_EPS1_FDSI0_GRPM1_GRVWA1_GRVWB1_GSUAMB_GLS0_ISA1201_IU1_K1_LDSTI0_LBSPPA0_LBSPPB0_LBSPPM0_LPA0_LPB0_LPM0_LRVW1_LWPMn1_MIAV0_MO40_NTn1_NTA0_NTB0_NTC0_NTD0_NTM0_NEPBS0_NLCA1_NLCB1_ONLL1_PGR1_PLR0_PKA0_SIA1_SS0_SPO0_SRVW0_SSO0_SVW1_SK0_SKFTR0_SKXCCM0_TT2_2_TLDS0_ULSGRO0_USL1_UIOFGRO0_USFGROn1_VSn1_VWA1_VWB1_WSGRA0_WSGRB0_WS64_WG8_8_1",8683,699906431030364,699906431033524,2048,0,28,0,128,64,1,1,256,8,1
"KERNEL_DISPATCH","Agent 1",1,1,29203,215,17,"derivative(Scratch*, int, int, int*)",8686,699906431036765,699906431037885,0,0,8,0,128,256,1,1,8192,1,1
"KERNEL_DISPATCH","Agent 1",1,1,29203,216,18,"transpose_weights(Net const*, Scratch*, int, int)",8690,699906431041485,699906431042605,0,0,8,0,128,256,1,1,4096,1,1
"KERNEL_DISPATCH","Agent 1",1,1,29203,217,2483,"Cijk_Alik_Bljk_S_B_Bias_HA_S_SAV_UserArgs_MT16x16x8_SN_LDSB0_AFC1_AFEM1_AFEM1_ASEM1_CLR0_CADS0_DTLA0_DTLB0_DTVA0_DTVB0_EPS1_FDSI0_GRPM1_GRVWA1_GRVWB1_GSUAMB_GLS0_ISA1201_IU1_K1_LDSTI0_LBSPPA0_LBSPPB0_LBSPPM0_LPA0_LPB0_LPM0_LRVW1_LWPMn1_MIAV0_MO40_NTn1_NTA0_NTB0_NTC0_NTD0_NTM0_NEPBS0_NLCA1_NLCB1_ONLL1_PGR1_PLR0_PKA0_SIA1_SS0_SPO0_SRVW0_SSO0_SVW1_SK0_SKFTR0_SKXCCM0_TT2_2_TLDS0_ULSGRO0_USL1_UIOFGRO0_USFGROn1_VSn1_VWA1_VWB1_WSGRA0_WSGRB0_WS64_WG8_8_1",8700,699906431045845,699906431048965,2048,0,28,0,128,64,1,1,256,8,1
"KERNEL_DISPATCH","Agent 1",1,1,29203,218,17,"derivative(Scratch*, int, int, int*)",8703,699906431052165,699906431053325,0,0,8,0,128,256,1,1,8192,1,1
"KERNEL_DISPATCH","Agent 1",1,1,29203,219,18,"transpose_weights(Net const*, Scratch*, int, int)",8707,699906431056565,699906431057925,0,0,8,0,128,256,1,1,4096,1,1
"KERNEL_DISPATCH","Agent 1",1,1,29203,220,2483,"Cijk_Alik_Bljk_S_B_Bias_HA_S_SAV_UserArgs_MT16x16x8_SN_LDSB0_AFC1_AFEM1_AFEM1_ASEM1_CLR0_CADS0_DTLA0_DTLB0_DTVA0_DTVB0_EPS1_FDSI0_GRPM1_GRVWA1_GRVWB1_GSUAMB_GLS0_ISA1201_IU1_K1_LDSTI0_LBSPPA0_LBSPPB0_LBSPPM0_LPA0_LPB0_LPM0_LRVW1_LWPMn1_MIAV0_MO40_NTn1_NTA0_NTB0_NTC0_NTD0_NTM0_NEPBS0_NLCA1_NLCB1_ONLL1_PGR1_PLR0_PKA0_SIA1_SS0_SPO0_SRVW0_SSO0_SVW1_SK0_SKFTR0_SKXCCM0_TT2_2_TLDS0_ULSGRO0_USL1_UIOFGRO0_USFGROn1_VSn1_VWA1_VWB1_WSGRA0_WSGRB0_WS64_WG8_8_1",8717,699906431082645,699906431085765,2048,0,28,0,128,64,1,1,256,8,1
"KERNEL_DISPATCH","Agent 1",1,1,29203,221,17,"derivative(Scratch*, int, int, int*)",8720,699906431089365,699906431090525,0,0,8,0,128,256,1,1,8192,1,1
"KERNEL_DISPATCH","Agent 1",1,1,29203,222,2489,"Cijk_Ailk_Bjlk_S_B_Bias_HA_S_SAV_UserArgs_MT8x8x8_SN_LDSB0_AFC1_AFEM1_AFEM1_ASEM1_CLR0_CADS0_DTLA0_DTLB0_DTVA0_DTVB0_EPS1_FDSI0_GRPM1_GRVWA1_GRVWB1_GSUAMB_GLS0_ISA1201_IU1_K1_LDSTI0_LBSPPA0_LBSPPB0_LBSPPM0_LPA0_LPB0_LPM0_LRVW1_LWPMn1_MIAV0_MO40_NTn1_NTA0_NTB0_NTC0_NTD0_NTM0_NEPBS0_NLCA1_NLCB1_ONLL1_PGR1_PLR0_PKA0_SIA1_SS0_SPO0_SRVW0_SSO0_SVW1_SK0_SKFTR0_SKXCCM0_TT1_1_TLDS0_ULSGRO0_USL1_UIOFGRO0_USFGROn1_VSn1_VWA1_VWB1_WSGRA0_WSGRB0_WS64_WG8_8_1",8730,699906431093685,699906431098406,2048,0,24,0,128,64,1,1,576,2,1
"KERNEL_DISPATCH","Agent 1",1,1,29203,223,2487,"Cijk_Ailk_Bjlk_S_B_Bias_HA_S_SAV_UserArgs_MT16x16x16_SN_LDSB0_AFC1_AFEM1_AFEM1_ASEM1_CLR0_CADS0_DTLA0_DTLB0_DTVA0_DTVB0_EPS1_FDSI0_GRPM1_GRVWA1_GRVWB1_GSUAMB_GLS0_ISA1201_IU1_K1_LDSTI0_LBSPPA0_LBSPPB0_LBSPPM0_LPA0_LPB0_LPM0_LRVW1_LWPMn1_MIAV0_MO40_NTn1_NTA0_NTB0_NTC0_NTD0_NTM0_NEPBS0_NLCA1_NLCB1_ONLL1_PGR1_PLR0_PKA0_SIA1_SS0_SPO0_SRVW0_SSO0_SVW1_SK0_SKFTR0_SKXCCM0_TT2_2_TLDS0_ULSGRO0_USL1_UIOFGRO0_USFGROn1_VSn1_VWA1_VWB1_WSGRA0_WSGRB0_WS64_WG8_8_1",8739,699906431115846,699906431129686,4096,0,32,0,128,64,1,1,896,4,1
"KERNEL_DISPATCH","Agent 1",1,1,29203,224,21,"check_weights(float const*, int, int*)",8742,699906431132966,699906431134086,0,0,8,0,128,256,1,1,53504,1,1
"KERNEL_DISPATCH","Agent 1",1,1,29203,225,21,"check_weights(float const*, int, int*)",8746,699906431137286,699906431138766,0,0,8,0,128,256,1,1,1280,1,1
"KERNEL_DISPATCH","Agent 1",1,1,29203,226,16,"reduce_loss(float const*, int, int*, float*)",8750,699906431141966,699906431146486,0,0,16,0,128,1,1,1,1,1,1
"KERNEL_DISPATCH","Agent 1",1,1,29203,227,23,"join_input(float const*, Scratch*, int, int)",8754,699906431199207,699906431200527,0,0,8,0,128,256,1,1,26880,1,1
"KERNEL_DISPATCH","Agent 1",1,1,29203,228,2483,"Cijk_Alik_Bljk_S_B_Bias_HA_S_SAV_UserArgs_MT16x16x8_SN_LDSB0_AFC1_AFEM1_AFEM1_ASEM1_CLR0_CADS0_DTLA0_DTLB0_DTVA0_DTVB0_EPS1_FDSI0_GRPM1_GRVWA1_GRVWB1_GSUAMB_GLS0_ISA1201_IU1_K1_LDSTI0_LBSPPA0_LBSPPB0_LBSPPM0_LPA0_LPB0_LPM0_LRVW1_LWPMn1_MIAV0_MO40_NTn1_NTA0_NTB0_NTC0_NTD0_NTM0_NEPBS0_NLCA1_NLCB1_ONLL1_PGR1_PLR0_PKA0_SIA1_SS0_SPO0_SRVW0_SSO0_SVW1_SK0_SKFTR0_SKXCCM0_TT2_2_TLDS0_ULSGRO0_USL1_UIOFGRO0_USFGROn1_VSn1_VWA1_VWB1_WSGRA0_WSGRB0_WS64_WG8_8_1",8764,699906431232888,699906431240648,2048,0,28,0,128,64,1,1,256,8,1
"KERNEL_DISPATCH","Agent 1",1,1,29203,229,22,"activation(float*, int, int*)",8767,699906431244288,699906431245488,0,0,8,0,128,256,1,1,8192,1,1
"KERNEL_DISPATCH","Agent 1",1,1,29203,230,23,"join_input(float const*, Scratch*, int, int)",8771,699906431248808,699906431250128,0,0,8,0,128,256,1,1,26880,1,1
"KERNEL_DISPATCH","Agent 1",1,1,29203,231,2483,"Cijk_Alik_Bljk_S_B_Bias_HA_S_SAV_UserArgs_MT16x16x8_SN_LDSB0_AFC1_AFEM1_AFEM1_ASEM1_CLR0_CADS0_DTLA0_DTLB0_DTVA0_DTVB0_EPS1_FDSI0_GRPM1_GRVWA1_GRVWB1_GSUAMB_GLS0_ISA1201_IU1_K1_LDSTI0_LBSPPA0_LBSPPB0_LBSPPM0_LPA0_LPB0_LPM0_LRVW1_LWPMn1_MIAV0_MO40_NTn1_NTA0_NTB0_NTC0_NTD0_NTM0_NEPBS0_NLCA1_NLCB1_ONLL1_PGR1_PLR0_PKA0_SIA1_SS0_SPO0_SRVW0_SSO0_SVW1_SK0_SKFTR0_SKXCCM0_TT2_2_TLDS0_ULSGRO0_USL1_UIOFGRO0_USFGROn1_VSn1_VWA1_VWB1_WSGRA0_WSGRB0_WS64_WG8_8_1",8781,699906431253408,699906431260568,2048,0,28,0,128,64,1,1,256,8,1
"KERNEL_DISPATCH","Agent 1",1,1,29203,232,22,"activation(float*, int, int*)",8784,699906431264288,699906431265488,0,0,8,0,128,256,1,1,8192,1,1
"KERNEL_DISPATCH","Agent 1",1,1,29203,233,23,"join_input(float const*, Scratch*, int, int)",8788,699906431268808,699906431270128,0,0,8,0,128,256,1,1,26880,1,1
"KERNEL_DISPATCH","Agent 1",1,1,29203,234,2483,"Cijk_Alik_Bljk_S_B_Bias_HA_S_SAV_UserArgs_MT16x16x8_SN_LDSB0_AFC1_AFEM1_AFEM1_ASEM1_CLR0_CADS0_DTLA0_DTLB0_DTVA0_DTVB0_EPS1_FDSI0_GRPM1_GRVWA1_GRVWB1_GSUAMB_GLS0_ISA1201_IU1_K1_LDSTI0_LBSPPA0_LBSPPB0_LBSPPM0_LPA0_LPB0_LPM0_LRVW1_LWPMn1_MIAV0_MO40_NTn1_NTA0_NTB0_NTC0_NTD0_NTM0_NEPBS0_NLCA1_NLCB1_ONLL1_PGR1_PLR0_PKA0_SIA1_SS0_SPO0_SRVW0_SSO0_SVW1_SK0_SKFTR0_SKXCCM0_TT2_2_TLDS0_ULSGRO0_USL1_UIOFGRO0_USFGROn1_VSn1_VWA1_VWB1_WSGRA0_WSGRB0_WS64_WG8_8_1",8798,699906431273448,699906431280729,2048,0,28,0,128,64,1,1,256,8,1
"KERNEL_DISPATCH","Agent 1",1,1,29203,235,22,"activation(float*, int, int*)",8801,699906431284289,699906431285489,0,0,8,0,128,256,1,1,8192,1,1
"KERNEL_DISPATCH","Agent 1",1,1,29203,236,23,"join_input(float const*, Scratch*, int, int)",8805,699906431288689,699906431289969,0,0,8,0,128,256,1,1,26880,1,1
"KERNEL_DISPATCH","Agent 1",1,1,29203,237,2483,"Cijk_Alik_Bljk_S_B_Bias_HA_S_SAV_UserArgs_MT16x16x8_SN_LDSB0_AFC1_AFEM1_AFEM1_ASEM1_CLR0_CADS0_DTLA0_DTLB0_DTVA0_DTVB0_EPS1_FDSI0_GRPM1_GRVWA1_GRVWB1_GSUAMB_GLS0_ISA1201_IU1_K1_LDSTI0_LBSPPA0_LBSPPB0_LBSPPM0_LPA0_LPB0_LPM0_LRVW1_LWPMn1_MIAV0_MO40_NTn1_NTA0_NTB0_NTC0_NTD0_NTM0_NEPBS0_NLCA1_NLCB1_ONLL1_PGR1_PLR0_PKA0_SIA1_SS0_SPO0_SRVW0_SSO0_SVW1_SK0_SKFTR0_SKXCCM0_TT2_2_TLDS0_ULSGRO0_USL1_UIOFGRO0_USFGROn1_VSn1_VWA1_VWB1_WSGRA0_WSGRB0_WS64_WG8_8_1",8815,699906431293289,699906431300529,2048,0,28,0,128,64,1,1,256,8,1
"KERNEL_DISPATCH","Agent 1",1,1,29203,238,22,"activation(float*, int, int*)",8818,699906431303809,699906431305009,0,0,8,0,128,256,1,1,8192,1,1
"KERNEL_DISPATCH","Agent 1",1,1,29203,239,20,"final_input(Scratch*, int, int)",8822,699906431308289,699906431309449,0,0,8,0,128,256,1,1,8448,1,1
"KERNEL_DISPATCH","Agent 1",1,1,29203,240,2483,"Cijk_Alik_Bljk_S_B_Bias_HA_S_SAV_UserArgs_MT16x16x8_SN_LDSB0_AFC1_AFEM1_AFEM1_ASEM1_CLR0_CADS0_DTLA0_DTLB0_DTVA0_DTVB0_EPS1_FDSI0_GRPM1_GRVWA1_GRVWB1_GSUAMB_GLS0_ISA1201_IU1_K1_LDSTI0_LBSPPA0_LBSPPB0_LBSPPM0_LPA0_LPB0_LPM0_LRVW1_LWPMn1_MIAV0_MO40_NTn1_NTA0_NTB0_NTC0_NTD0_NTM0_NEPBS0_NLCA1_NLCB1_ONLL1_PGR1_PLR0_PKA0_SIA1_SS0_SPO0_SRVW0_SSO0_SVW1_SK0_SKFTR0_SKXCCM0_TT2_2_TLDS0_ULSGRO0_USL1_UIOFGRO0_USFGROn1_VSn1_VWA1_VWB1_WSGRA0_WSGRB0_WS64_WG8_8_1",8832,699906431312729,699906431324209,2048,0,28,0,128,64,1,1,64,8,1
"KERNEL_DISPATCH","Agent 1",1,1,29203,241,19,"softmax(Scratch*, float const*, float*, int, int*)",8835,699906431327609,699906431338810,0,0,48,0,128,128,1,1,128,1,1
"KERNEL_DISPATCH","Agent 1",1,1,29203,242,18,"transpose_weights(Net const*, Scratch*, int, int)",8839,699906431342370,699906431343570,0,0,8,0,128,256,1,1,1024,1,1
"KERNEL_DISPATCH","Agent 1",1,1,29203,243,2483,"Cijk_Alik_Bljk_S_B_Bias_HA_S_SAV_UserArgs_MT16x16x8_SN_LDSB0_AFC1_AFEM1_AFEM1_ASEM1_CLR0_CADS0_DTLA0_DTLB0_DTVA0_DTVB0_EPS1_FDSI0_GRPM1_GRVWA1_GRVWB1_GSUAMB_GLS0_ISA1201_IU1_K1_LDSTI0_LBSPPA0_LBSPPB0_LBSPPM0_LPA0_LPB0_LPM0_LRVW1_LWPMn1_MIAV0_MO40_NTn1_NTA0_NTB0_NTC0_NTD0_NTM0_NEPBS0_NLCA1_NLCB1_ONLL1_PGR1_PLR0_PKA0_SIA1_SS0_SPO0_SRVW0_SSO0_SVW1_SK0_SKFTR0_SKXCCM0_TT2_2_TLDS0_ULSGRO0_USL1_UIOFGRO0_USFGROn1_VSn1_VWA1_VWB1_WSGRA0_WSGRB0_WS64_WG8_8_1",8849,699906431346810,699906431348810,2048,0,28,0,128,64,1,1,256,8,1
"KERNEL_DISPATCH","Agent 1",1,1,29203,244,17,"derivative(Scratch*, int, int, int*)",8852,699906431351970,699906431353450,0,0,8,0,128,256,1,1,8192,1,1
"KERNEL_DISPATCH","Agent 1",1,1,29203,245,18,"transpose_weights(Net const*, Scratch*, int, int)",8856,699906431356770,699906431358330,0,0,8,0,128,256,1,1,4096,1,1
"KERNEL_DISPATCH","Agent 1",1,1,29203,246,2483,"Cijk_Alik_Bljk_S_B_Bias_HA_S_SAV_UserArgs_MT16x16x8_SN_LDSB0_AFC1_AFEM1_AFEM1_ASEM1_CLR0_CADS0_DTLA0_DTLB0_DTVA0_DTVB0_EPS1_FDSI0_GRPM1_GRVWA1_GRVWB1_GSUAMB_GLS0_ISA1201_IU1_K1_LDSTI0_LBSPPA0_LBSPPB0_LBSPPM0_LPA0_LPB0_LPM0_LRVW1_LWPMn1_MIAV0_MO40_NTn1_NTA0_NTB0_NTC0_NTD0_NTM0_NEPBS0_NLCA1_NLCB1_ONLL1_PGR1_PLR0_PKA0_SIA1_SS0_SPO0_SRVW0_SSO0_SVW1_SK0_SKFTR0_SKXCCM0_TT2_2_TLDS0_ULSGRO0_USL1_UIOFGRO0_USFGROn1_VSn1_VWA1_VWB1_WSGRA0_WSGRB0_WS64_WG8_8_1",8866,699906431361730,699906431364850,2048,0,28,0,128,64,1,1,256,8,1
"KERNEL_DISPATCH","Agent 1",1,1,29203,247,17,"derivative(Scratch*, int, int, int*)",8869,699906431368210,699906431369330,0,0,8,0,128,256,1,1,8192,1,1
"KERNEL_DISPATCH","Agent 1",1,1,29203,248,18,"transpose_weights(Net const*, Scratch*, int, int)",8873,699906431373010,699906431374210,0,0,8,0,128,256,1,1,4096,1,1
"KERNEL_DISPATCH","Agent 1",1,1,29203,249,2483,"Cijk_Alik_Bljk_S_B_Bias_HA_S_SAV_UserArgs_MT16x16x8_SN_LDSB0_AFC1_AFEM1_AFEM1_ASEM1_CLR0_CADS0_DTLA0_DTLB0_DTVA0_DTVB0_EPS1_FDSI0_GRPM1_GRVWA1_GRVWB1_GSUAMB_GLS0_ISA1201_IU1_K1_LDSTI0_LBSPPA0_LBSPPB0_LBSPPM0_LPA0_LPB0_LPM0_LRVW1_LWPMn1_MIAV0_MO40_NTn1_NTA0_NTB0_NTC0_NTD0_NTM0_NEPBS0_NLCA1_NLCB1_ONLL1_PGR1_PLR0_PKA0_SIA1_SS0_SPO0_SRVW0_SSO0_SVW1_SK0_SKFTR0_SKXCCM0_TT2_2_TLDS0_ULSGRO0_USL1_UIOFGRO0_USFGROn1_VSn1_VWA1_VWB1_WSGRA0_WSGRB0_WS64_WG8_8_1",8883,699906431397931,699906431401091,2048,0,28,0,128,64,1,1,256,8,1
"KERNEL_DISPATCH","Agent 1",1,1,29203,250,17,"derivative(Scratch*, int, int, int*)",8886,699906431404691,699906431405771,0,0,8,0,128,256,1,1,8192,1,1
"KERNEL_DISPATCH","Agent 1",1,1,29203,251,18,"transpose_weights(Net const*, Scratch*, int, int)",8890,699906431409211,699906431410451,0,0,8,0,128,256,1,1,4096,1,1
"KERNEL_DISPATCH","Agent 1",1,1,29203,252,2483,"Cijk_Alik_Bljk_S_B_Bias_HA_S_SAV_UserArgs_MT16x16x8_SN_LDSB0_AFC1_AFEM1_AFEM1_ASEM1_CLR0_CADS0_DTLA0_DTLB0_DTVA0_DTVB0_EPS1_FDSI0_GRPM1_GRVWA1_GRVWB1_GSUAMB_GLS0_ISA1201_IU1_K1_LDSTI0_LBSPPA0_LBSPPB0_LBSPPM0_LPA0_LPB0_LPM0_LRVW1_LWPMn1_MIAV0_MO40_NTn1_NTA0_NTB0_NTC0_NTD0_NTM0_NEPBS0_NLCA1_NLCB1_ONLL1_PGR1_PLR0_PKA0_SIA1_SS0_SPO0_SRVW0_SSO0_SVW1_SK0_SKFTR0_SKXCCM0_TT2_2_TLDS0_ULSGRO0_USL1_UIOFGRO0_USFGROn1_VSn1_VWA1_VWB1_WSGRA0_WSGRB0_WS64_WG8_8_1",8900,699906431413731,699906431426051,2048,0,28,0,128,64,1,1,256,8,1
"KERNEL_DISPATCH","Agent 1",1,1,29203,253,17,"derivative(Scratch*, int, int, int*)",8903,699906431429371,699906431430491,0,0,8,0,128,256,1,1,8192,1,1
"KERNEL_DISPATCH","Agent 1",1,1,29203,254,2489,"Cijk_Ailk_Bjlk_S_B_Bias_HA_S_SAV_UserArgs_MT8x8x8_SN_LDSB0_AFC1_AFEM1_AFEM1_ASEM1_CLR0_CADS0_DTLA0_DTLB0_DTVA0_DTVB0_EPS1_FDSI0_GRPM1_GRVWA1_GRVWB1_GSUAMB_GLS0_ISA1201_IU1_K1_LDSTI0_LBSPPA0_LBSPPB0_LBSPPM0_LPA0_LPB0_LPM0_LRVW1_LWPMn1_MIAV0_MO40_NTn1_NTA0_NTB0_NTC0_NTD0_NTM0_NEPBS0_NLCA1_NLCB1_ONLL1_PGR1_PLR0_PKA0_SIA1_SS0_SPO0_SRVW0_SSO0_SVW1_SK0_SKFTR0_SKXCCM0_TT1_1_TLDS0_ULSGRO0_USL1_UIOFGRO0_USFGROn1_VSn1_VWA1_VWB1_WSGRA0_WSGRB0_WS64_WG8_8_1",8913,699906431433731,699906431438891,2048,0,24,0,128,64,1,1,576,2,1
"KERNEL_DISPATCH","Agent 1",1,1,29203,255,2487,"Cijk_Ailk_Bjlk_S_B_Bias_HA_S_SAV_UserArgs_MT16x16x16_SN_LDSB0_AFC1_AFEM1_AFEM1_ASEM1_CLR0_CADS0_DTLA0_DTLB0_DTVA0_DTVB0_EPS1_FDSI0_GRPM1_GRVWA1_GRVWB1_GSUAMB_GLS0_ISA1201_IU1_K1_LDSTI0_LBSPPA0_LBSPPB0_LBSPPM0_LPA0_LPB0_LPM0_LRVW1_LWPMn1_MIAV0_MO40_NTn1_NTA0_NTB0_NTC0_NTD0_NTM0_NEPBS0_NLCA1_NLCB1_ONLL1_PGR1_PLR0_PKA0_SIA1_SS0_SPO0_SRVW0_SSO0_SVW1_SK0_SKFTR0_SKXCCM0_TT2_2_TLDS0_ULSGRO0_USL1_UIOFGRO0_USFGROn1_VSn1_VWA1_VWB1_WSGRA0_WSGRB0_WS64_WG8_8_1",8922,699906431457892,699906431472092,4096,0,32,0,128,64,1,1,896,4,1
"KERNEL_DISPATCH","Agent 1",1,1,29203,256,21,"check_weights(float const*, int, int*)",8925,699906431475532,699906431476692,0,0,8,0,128,256,1,1,53504,1,1
"KERNEL_DISPATCH","Agent 1",1,1,29203,257,21,"check_weights(float const*, int, int*)",8929,699906431479852,699906431480892,0,0,8,0,128,256,1,1,1280,1,1
"KERNEL_DISPATCH","Agent 1",1,1,29203,258,16,"reduce_loss(float const*, int, int*, float*)",8933,699906431484132,699906431488772,0,0,16,0,128,1,1,1,1,1,1
"KERNEL_DISPATCH","Agent 1",1,1,29203,259,14,"__amd_rocclr_copyBuffer",8935,699906431492212,699906431494252,0,0,16,0,128,512,1,1,512,1,1
"KERNEL_DISPATCH","Agent 1",1,1,29203,260,14,"__amd_rocclr_copyBuffer",8936,699906431497892,699906431499452,0,0,16,0,128,512,1,1,512,1,1
"KERNEL_DISPATCH","Agent 1",1,1,29203,261,2,"__amd_rocclr_fillBufferAligned",8939,699906431620534,699906431622334,0,0,16,0,128,256,1,1,256,1,1
"KERNEL_DISPATCH","Agent 1",1,1,29203,262,23,"join_input(float const*, Scratch*, int, int)",8944,699906431675575,699906431677335,0,0,8,0,128,256,1,1,26880,1,1
"KERNEL_DISPATCH","Agent 1",1,1,29203,263,2483,"Cijk_Alik_Bljk_S_B_Bias_HA_S_SAV_UserArgs_MT16x16x8_SN_LDSB0_AFC1_AFEM1_AFEM1_ASEM1_CLR0_CADS0_DTLA0_DTLB0_DTVA0_DTVB0_EPS1_FDSI0_GRPM1_GRVWA1_GRVWB1_GSUAMB_GLS0_ISA1201_IU1_K1_LDSTI0_LBSPPA0_LBSPPB0_LBSPPM0_LPA0_LPB0_LPM0_LRVW1_LWPMn1_MIAV0_MO40_NTn1_NTA0_NTB0_NTC0_NTD0_NTM0_NEPBS0_NLCA1_NLCB1_ONLL1_PGR1_PLR0_PKA0_SIA1_SS0_SPO0_SRVW0_SSO0_SVW1_SK0_SKFTR0_SKXCCM0_TT2_2_TLDS0_ULSGRO0_USL1_UIOFGRO0_USFGROn1_VSn1_VWA1_VWB1_WSGRA0_WSGRB0_WS64_WG8_8_1",8954,699906431697336,699906431705096,2048,0,28,0,128,64,1,1,256,8,1
"KERNEL_DISPATCH","Agent 1",1,1,29203,264,22,"activation(float*, int, int*)",8957,699906431708576,699906431709776,0,0,8,0,128,256,1,1,8192,1,1
"KERNEL_DISPATCH","Agent 1",1,1,29203,265,23,"join_input(float const*, Scratch*, int, int)",8961,699906431713496,699906431714736,0,0,8,0,128,256,1,1,26880,1,1
"KERNEL_DISPATCH","Agent 1",1,1,29203,266,2483,"Cijk_Alik_Bljk_S_B_Bias_HA_S_SAV_UserArgs_MT16x16x8_SN_LDSB0_AFC1_AFEM1_AFEM1_ASEM1_CLR0_CADS0_DTLA0_DTLB0_DTVA0_DTVB0_EPS1_FDSI0_GRPM1_GRVWA1_GRVWB1_GSUAMB_GLS0_ISA1201_IU1_K1_LDSTI0_LBSPPA0_LBSPPB0_LBSPPM0_LPA0_LPB0_LPM0_LRVW1_LWPMn1_MIAV0_MO40_NTn1_NTA0_NTB0_NTC0_NTD0_NTM0_NEPBS0_NLCA1_NLCB1_ONLL1_PGR1_PLR0_PKA0_SIA1_SS0_SPO0_SRVW0_SSO0_SVW1_SK0_SKFTR0_SKXCCM0_TT2_2_TLDS0_ULSGRO0_USL1_UIOFGRO0_USFGROn1_VSn1_VWA1_VWB1_WSGRA0_WSGRB0_WS64_WG8_8_1",8971,699906431718136,699906431730256,2048,0,28,0,128,64,1,1,256,8,1
"KERNEL_DISPATCH","Agent 1",1,1,29203,267,22,"activation(float*, int, int*)",8974,699906431733576,699906431734736,0,0,8,0,128,256,1,1,8192,1,1
"KERNEL_DISPATCH","Agent 1",1,1,29203,268,23,"join_input(float const*, Scratch*, int, int)",8978,699906431738136,699906431739576,0,0,8,0,128,256,1,1,26880,1,1
"KERNEL_DISPATCH","Agent 1",1,1,29203,269,2483,"Cijk_Alik_Bljk_S_B_Bias_HA_S_SAV_UserArgs_MT16x16x8_SN_LDSB0_AFC1_AFEM1_AFEM1_ASEM1_CLR0_CADS0_DTLA0_DTLB0_DTVA0_DTVB0_EPS1_FDSI0_GRPM1_GRVWA1_GRVWB1_GSUAMB_GLS0_ISA1201_IU1_K1_LDSTI0_LBSPPA0_LBSPPB0_LBSPPM0_LPA0_LPB0_LPM0_LRVW1_LWPMn1_MIAV0_MO40_NTn1_NTA0_NTB0_NTC0_NTD0_NTM0_NEPBS0_NLCA1_NLCB1_ONLL1_PGR1_PLR0_PKA0_SIA1_SS0_SPO0_SRVW0_SSO0_SVW1_SK0_SKFTR0_SKXCCM0_TT2_2_TLDS0_ULSGRO0_USL1_UIOFGRO0_USFGROn1_VSn1_VWA1_VWB1_WSGRA0_WSGRB0_WS64_WG8_8_1",8988,699906431752897,699906431760057,2048,0,28,0,128,64,1,1,256,8,1
"KERNEL_DISPATCH","Agent 1",1,1,29203,270,22,"activation(float*, int, int*)",8991,699906431763617,699906431764857,0,0,8,0,128,256,1,1,8192,1,1
"KERNEL_DISPATCH","Agent 1",1,1,29203,271,23,"join_input(float const*, Scratch*, int, int)",8995,699906431768097,699906431769337,0,0,8,0,128,256,1,1,26880,1,1
"KERNEL_DISPATCH","Agent 1",1,1,29203,272,2483,"Cijk_Alik_Bljk_S_B_Bias_HA_S_SAV_UserArgs_MT16x16x8_SN_LDSB0_AFC1_AFEM1_AFEM1_ASEM1_CLR0_CADS0_DTLA0_DTLB0_DTVA0_DTVB0_EPS1_FDSI0_GRPM1_GRVWA1_GRVWB1_GSUAMB_GLS0_ISA1201_IU1_K1_LDSTI0_LBSPPA0_LBSPPB0_LBSPPM0_LPA0_LPB0_LPM0_LRVW1_LWPMn1_MIAV0_MO40_NTn1_NTA0_NTB0_NTC0_NTD0_NTM0_NEPBS0_NLCA1_NLCB1_ONLL1_PGR1_PLR0_PKA0_SIA1_SS0_SPO0_SRVW0_SSO0_SVW1_SK0_SKFTR0_SKXCCM0_TT2_2_TLDS0_ULSGRO0_USL1_UIOFGRO0_USFGROn1_VSn1_VWA1_VWB1_WSGRA0_WSGRB0_WS64_WG8_8_1",9005,699906431772697,699906431779897,2048,0,28,0,128,64,1,1,256,8,1
"KERNEL_DISPATCH","Agent 1",1,1,29203,273,22,"activation(float*, int, int*)",9008,699906431783577,699906431784737,0,0,8,0,128,256,1,1,8192,1,1
"KERNEL_DISPATCH","Agent 1",1,1,29203,274,20,"final_input(Scratch*, int, int)",9012,699906431788097,699906431789297,0,0,8,0,128,256,1,1,8448,1,1
"KERNEL_DISPATCH","Agent 1",1,1,29203,275,2483,"Cijk_Alik_Bljk_S_B_Bias_HA_S_SAV_UserArgs_MT16x16x8_SN_LDSB0_AFC1_AFEM1_AFEM1_ASEM1_CLR0_CADS0_DTLA0_DTLB0_DTVA0_DTVB0_EPS1_FDSI0_GRPM1_GRVWA1_GRVWB1_GSUAMB_GLS0_ISA1201_IU1_K1_LDSTI0_LBSPPA0_LBSPPB0_LBSPPM0_LPA0_LPB0_LPM0_LRVW1_LWPMn1_MIAV0_MO40_NTn1_NTA0_NTB0_NTC0_NTD0_NTM0_NEPBS0_NLCA1_NLCB1_ONLL1_PGR1_PLR0_PKA0_SIA1_SS0_SPO0_SRVW0_SSO0_SVW1_SK0_SKFTR0_SKXCCM0_TT2_2_TLDS0_ULSGRO0_USL1_UIOFGRO0_USFGROn1_VSn1_VWA1_VWB1_WSGRA0_WSGRB0_WS64_WG8_8_1",9022,699906431792537,699906431803537,2048,0,28,0,128,64,1,1,64,8,1
"KERNEL_DISPATCH","Agent 1",1,1,29203,276,19,"softmax(Scratch*, float const*, float*, int, int*)",9025,699906431806977,699906431818178,0,0,48,0,128,128,1,1,128,1,1
"KERNEL_DISPATCH","Agent 1",1,1,29203,277,18,"transpose_weights(Net const*, Scratch*, int, int)",9029,699906431821658,699906431822778,0,0,8,0,128,256,1,1,1024,1,1
"KERNEL_DISPATCH","Agent 1",1,1,29203,278,2483,"Cijk_Alik_Bljk_S_B_Bias_HA_S_SAV_UserArgs_MT16x16x8_SN_LDSB0_AFC1_AFEM1_AFEM1_ASEM1_CLR0_CADS0_DTLA0_DTLB0_DTVA0_DTVB0_EPS1_FDSI0_GRPM1_GRVWA1_GRVWB1_GSUAMB_GLS0_ISA1201_IU1_K1_LDSTI0_LBSPPA0_LBSPPB0_LBSPPM0_LPA0_LPB0_LPM0_LRVW1_LWPMn1_MIAV0_MO40_NTn1_NTA0_NTB0_NTC0_NTD0_NTM0_NEPBS0_NLCA1_NLCB1_ONLL1_PGR1_PLR0_PKA0_SIA1_SS0_SPO0_SRVW0_SSO0_SVW1_SK0_SKFTR0_SKXCCM0_TT2_2_TLDS0_ULSGRO0_USL1_UIOFGRO0_USFGROn1_VSn1_VWA1_VWB1_WSGRA0_WSGRB0_WS64_WG8_8_1",9039,699906431826418,699906431828578,2048,0,28,0,128,64,1,1,256,8,1
"KERNEL_DISPATCH","Agent 1",1,1,29203,279,17,"derivative(Scratch*, int, int, int*)",9042,699906431831818,699906431833098,0,0,8,0,128,256,1,1,8192,1,1
"KERNEL_DISPATCH","Agent 1",1,1,29203,280,18,"transpose_weights(Net const*, Scratch*, int, int)",9046,699906431836338,699906431837498,0,0,8,0,128,256,1,1,4096,1,1
"KERNEL_DISPATCH","Agent 1",1,1,29203,281,2483,"Cijk_Alik_Bljk_S_B_Bias_HA_S_SAV_UserArgs_MT16x16x8_SN_LDSB0_AFC1_AFEM1_AFEM1_ASEM1_CLR0_CADS0_DTLA0_DTLB0_DTVA0_DTVB0_EPS1_FDSI0_GRPM1_GRVWA1_GRVWB1_GSUAMB_GLS0_ISA1201_IU1_K1_LDSTI0_LBSPPA0_LBSPPB0_LBSPPM0_LPA0_LPB0_LPM0_LRVW1_LWPMn1_MIAV0_MO40_NTn1_NTA0_NTB0_NTC0_NTD0_NTM0_NEPBS0_NLCA1_NLCB1_ONLL1_PGR1_PLR0_PKA0_SIA1_SS0_SPO0_SRVW0_SSO0_SVW1_SK0_SKFTR0_SKXCCM0_TT2_2_TLDS0_ULSGRO0_USL1_UIOFGRO0_USFGROn1_VSn1_VWA1_VWB1_WSGRA0_WSGRB0_WS64_WG8_8_1",9056,699906431858418,699906431861538,2048,0,28,0,128,64,1,1,256,8,1
"KERNEL_DISPATCH","Agent 1",1,1,29203,282,17,"derivative(Scratch*, int, int, int*)",9059,699906431864978,699906431866178,0,0,8,0,128,256,1,1,8192,1,1
"KERNEL_DISPATCH","Agent 1",1,1,29203,283,18,"transpose_weights(Net const*, Scratch*, int, int)",9063,699906431869658,699906431870858,0,0,8,0,128,256,1,1,4096,1,1
"KERNEL_DISPATCH","Agent 1",1,1,29203,284,2483,"Cijk_Alik_Bljk_S_B_Bias_HA_S_SAV_UserArgs_MT16x16x8_SN_LDSB0_AFC1_AFEM1_AFEM1_ASEM1_CLR0_CADS0_DTLA0_DTLB0_DTVA0_DTVB0_EPS1_FDSI0_GRPM1_GRVWA1_GRVWB1_GSUAMB_GLS0_ISA1201_IU1_K1_LDSTI0_LBSPPA0_LBSPPB0_LBSPPM0_LPA0_LPB0_LPM0_LRVW1_LWPMn1_MIAV0_MO40_NTn1_NTA0_NTB0_NTC0_NTD0_NTM0_NEPBS0_NLCA1_NLCB1_ONLL1_PGR1_PLR0_PKA0_SIA1_SS0_SPO0_SRVW0_SSO0_SVW1_SK0_SKFTR0_SKXCCM0_TT2_2_TLDS0_ULSGRO0_USL1_UIOFGRO0_USFGROn1_VSn1_VWA1_VWB1_WSGRA0_WSGRB0_WS64_WG8_8_1",9073,699906431874099,699906431877299,2048,0,28,0,128,64,1,1,256,8,1
"KERNEL_DISPATCH","Agent 1",1,1,29203,285,17,"derivative(Scratch*, int, int, int*)",9076,699906431881019,699906431882219,0,0,8,0,128,256,1,1,8192,1,1
"KERNEL_DISPATCH","Agent 1",1,1,29203,286,18,"transpose_weights(Net const*, Scratch*, int, int)",9080,699906431886019,699906431887499,0,0,8,0,128,256,1,1,4096,1,1
"KERNEL_DISPATCH","Agent 1",1,1,29203,287,2483,"Cijk_Alik_Bljk_S_B_Bias_HA_S_SAV_UserArgs_MT16x16x8_SN_LDSB0_AFC1_AFEM1_AFEM1_ASEM1_CLR0_CADS0_DTLA0_DTLB0_DTVA0_DTVB0_EPS1_FDSI0_GRPM1_GRVWA1_GRVWB1_GSUAMB_GLS0_ISA1201_IU1_K1_LDSTI0_LBSPPA0_LBSPPB0_LBSPPM0_LPA0_LPB0_LPM0_LRVW1_LWPMn1_MIAV0_MO40_NTn1_NTA0_NTB0_NTC0_NTD0_NTM0_NEPBS0_NLCA1_NLCB1_ONLL1_PGR1_PLR0_PKA0_SIA1_SS0_SPO0_SRVW0_SSO0_SVW1_SK0_SKFTR0_SKXCCM0_TT2_2_TLDS0_ULSGRO0_USL1_UIOFGRO0_USFGROn1_VSn1_VWA1_VWB1_WSGRA0_WSGRB0_WS64_WG8_8_1",9090,699906431908019,699906431911179,2048,0,28,0,128,64,1,1,256,8,1
"KERNEL_DISPATCH","Agent 1",1,1,29203,288,17,"derivative(Scratch*, int, int, int*)",9093,699906431914459,699906431915579,0,0,8,0,128,256,1,1,8192,1,1
"KERNEL_DISPATCH","Agent 1",1,1,29203,289,2489,"Cijk_Ailk_Bjlk_S_B_Bias_HA_S_SAV_UserArgs_MT8x8x8_SN_LDSB0_AFC1_AFEM1_AFEM1_ASEM1_CLR0_CADS0_DTLA0_DTLB0_DTVA0_DTVB0_EPS1_FDSI0_GRPM1_GRVWA1_GRVWB1_GSUAMB_GLS0_ISA1201_IU1_K1_LDSTI0_LBSPPA0_LBSPPB0_LBSPPM0_LPA0_LPB0_LPM0_LRVW1_LWPMn1_MIAV0_MO40_NTn1_NTA0_NTB0_NTC0_NTD0_NTM0_NEPBS0_NLCA1_NLCB1_ONLL1_PGR1_PLR0_PKA0_SIA1_SS0_SPO0_SRVW0_SSO0_SVW1_SK0_SKFTR0_SKXCCM0_TT1_1_TLDS0_ULSGRO0_USL1_UIOFGRO0_USFGROn1_VSn1_VWA1_VWB1_WSGRA0_WSGRB0_WS64_WG8_8_1",9103,699906431991021,699906431995781,2048,0,24,0,128,64,1,1,576,2,1
"KERNEL_DISPATCH","Agent 1",1,1,29203,290,2487,"Cijk_Ailk_Bjlk_S_B_Bias_HA_S_SAV_UserArgs_MT16x16x16_SN_LDSB0_AFC1_AFEM1_AFEM1_ASEM1_CLR0_CADS0_DTLA0_DTLB0_DTVA0_DTVB0_EPS1_FDSI0_GRPM1_GRVWA1_GRVWB1_GSUAMB_GLS0_ISA1201_IU1_K1_LDSTI0_LBSPPA0_LBSPPB0_LBSPPM0_LPA0_LPB0_LPM0_LRVW1_LWPMn1_MIAV0_MO40_NTn1_NTA0_NTB0_NTC0_NTD0_NTM0_NEPBS0_NLCA1_NLCB1_ONLL1_PGR1_PLR0_PKA0_SIA1_SS0_SPO0_SRVW0_SSO0_SVW1_SK0_SKFTR0_SKXCCM0_TT2_2_TLDS0_ULSGRO0_USL1_UIOFGRO0_USFGROn1_VSn1_VWA1_VWB1_WSGRA0_WSGRB0_WS64_WG8_8_1",9112,699906432026741,699906432040461,4096,0,32,0,128,64,1,1,896,4,1
"KERNEL_DISPATCH","Agent 1",1,1,29203,291,21,"check_weights(float const*, int, int*)",9115,699906432043861,699906432045341,0,0,8,0,128,256,1,1,53504,1,1
"KERNEL_DISPATCH","Agent 1",1,1,29203,292,21,"check_weights(float const*, int, int*)",9119,699906432048621,699906432049661,0,0,8,0,128,256,1,1,1280,1,1
"KERNEL_DISPATCH","Agent 1",1,1,29203,293,16,"reduce_loss(float const*, int, int*, float*)",9123,699906432052862,699906432057422,0,0,16,0,128,1,1,1,1,1,1
"KERNEL_DISPATCH","Agent 1",1,1,29203,294,23,"join_input(float const*, Scratch*, int, int)",9127,699906432060622,699906432061942,0,0,8,0,128,256,1,1,26880,1,1
"KERNEL_DISPATCH","Agent 1",1,1,29203,295,2483,"Cijk_Alik_Bljk_S_B_Bias_HA_S_SAV_UserArgs_MT16x16x8_SN_LDSB0_AFC1_AFEM1_AFEM1_ASEM1_CLR0_CADS0_DTLA0_DTLB0_DTVA0_DTVB0_EPS1_FDSI0_GRPM1_GRVWA1_GRVWB1_GSUAMB_GLS0_ISA1201_IU1_K1_LDSTI0_LBSPPA0_LBSPPB0_LBSPPM0_LPA0_LPB0_LPM0_LRVW1_LWPMn1_MIAV0_MO40_NTn1_NTA0_NTB0_NTC0_NTD0_NTM0_NEPBS0_NLCA1_NLCB1_ONLL1_PGR1_PLR0_PKA0_SIA1_SS0_SPO0_SRVW0_SSO0_SVW1_SK0_SKFTR0_SKXCCM0_TT2_2_TLDS0_ULSGRO0_USL1_UIOFGRO0_USFGROn1_VSn1_VWA1_VWB1_WSGRA0_WSGRB0_WS64_WG8_8_1",9137,699906432065262,699906432072822,2048,0,28,0,128,64,1,1,256,8,1
"KERNEL_DISPATCH","Agent 1",1,1,29203,296,22,"activation(float*, int, int*)",9140,699906432076182,699906432077302,0,0,8,0,128,256,1,1,8192,1,1
"KERNEL_DISPATCH","Agent 1",1,1,29203,297,23,"join_input(float const*, Scratch*, int, int)",9144,699906432080622,699906432081902,0,0,8,0,128,256,1,1,26880,1,1
"KERNEL_DISPATCH","Agent 1",1,1,29203,298,2483,"Cijk_Alik_Bljk_S_B_Bias_HA_S_SAV_UserArgs_MT16x16x8_SN_LDSB0_AFC1_AFEM1_AFEM1_ASEM1_CLR0_CADS0_DTLA0_DTLB0_DTVA0_DTVB0_EPS1_FDSI0_GRPM1_GRVWA1_GRVWB1_GSUAMB_GLS0_ISA1201_IU1_K1_LDSTI0_LBSPPA0_LBSPPB0_LBSPPM0_LPA0_LPB0_LPM0_LRVW1_LWPMn1_MIAV0_MO40_NTn1_NTA0_NTB0_NTC0_NTD0_NTM0_NEPBS0_NLCA1_NLCB1_ONLL1_PGR1_PLR0_PKA0_SIA1_SS0_SPO0_SRVW0_SSO0_SVW1_SK0_SKFTR0_SKXCCM0_TT2_2_TLDS0_ULSGRO0_USL1_UIOFGRO0_USFGROn1_VSn1_VWA1_VWB1_WSGRA0_WSGRB0_WS64_WG8_8_1",9154,699906432085222,699906432092662,2048,0,28,0,128,64,1,1,256,8,1
"KERNEL_DISPATCH","Agent 1",1,1,29203,299,22,"activation(float*, int, int*)",9157,699906432095982,699906432097182,0,0,8,0,128,256,1,1,8192,1,1
"KERNEL_DISPATCH","Agent 1",1,1,29203,300,23,"join_input(float const*, Scratch*, int, int)",9161,699906432100422,699906432101702,0,0,8,0,128,256,1,1,26880,1,1
"KERNEL_DISPATCH","Agent 1",1,1,29203,301,2483,"Cijk_Alik_Bljk_S_B_Bias_HA_S_SAV_UserArgs_MT16x16x8_SN_LDSB0_AFC1_AFEM1_AFEM1_ASEM1_CLR0_CADS0_DTLA0_DTLB0_DTVA0_DTVB0_EPS1_FDSI0_GRPM1_GRVWA1_GRVWB1_GSUAMB_GLS0_ISA1201_IU1_K1_LDSTI0_LBSPPA0_LBSPPB0_LBSPPM0_LPA0_LPB0_LPM0_LRVW1_LWPMn1_MIAV0_MO40_NTn1_NTA0_NTB0_NTC0_NTD0_NTM0_NEPBS0_NLCA1_NLCB1_ONLL1_PGR1_PLR0_PKA0_SIA1_SS0_SPO0_SRVW0_SSO0_SVW1_SK0_SKFTR0_SKXCCM0_TT2_2_TLDS0_ULSGRO0_USL1_UIOFGRO0_USFGROn1_VSn1_VWA1_VWB1_WSGRA0_WSGRB0_WS64_WG8_8_1",9171,699906432105022,699906432112263,2048,0,28,0,128,64,1,1,256,8,1
"KERNEL_DISPATCH","Agent 1",1,1,29203,302,22,"activation(float*, int, int*)",9174,699906432115503,699906432116703,0,0,8,0,128,256,1,1,8192,1,1
"KERNEL_DISPATCH","Agent 1",1,1,29203,303,23,"join_input(float const*, Scratch*, int, int)",9178,699906432119943,699906432121143,0,0,8,0,128,256,1,1,26880,1,1
"KERNEL_DISPATCH","Agent 1",1,1,29203,304,2483,"Cijk_Alik_Bljk_S_B_Bias_HA_S_SAV_UserArgs_MT16x16x8_SN_LDSB0_AFC1_AFEM1_AFEM1_ASEM1_CLR0_CADS0_DTLA0_DTLB0_DTVA0_DTVB0_EPS1_FDSI0_GRPM1_GRVWA1_GRVWB1_GSUAMB_GLS0_ISA1201_IU1_K1_LDSTI0_LBSPPA0_LBSPPB0_LBSPPM0_LPA0_LPB0_LPM0_LRVW1_LWPMn1_MIAV0_MO40_NTn1_NTA0_NTB0_NTC0_NTD0_NTM0_NEPBS0_NLCA1_NLCB1_ONLL1_PGR1_PLR0_PKA0_SIA1_SS0_SPO0_SRVW0_SSO0_SVW1_SK0_SKFTR0_SKXCCM0_TT2_2_TLDS0_ULSGRO0_USL1_UIOFGRO0_USFGROn1_VSn1_VWA1_VWB1_WSGRA0_WSGRB0_WS64_WG8_8_1",9188,699906432124423,699906432131663,2048,0,28,0,128,64,1,1,256,8,1
"KERNEL_DISPATCH","Agent 1",1,1,29203,305,22,"activation(float*, int, int*)",9191,699906432134903,699906432136103,0,0,8,0,128,256,1,1,8192,1,1
"KERNEL_DISPATCH","Agent 1",1,1,29203,306,20,"final_input(Scratch*, int, int)",9195,699906432139423,699906432140503,0,0,8,0,128,256,1,1,8448,1,1
"KERNEL_DISPATCH","Agent 1",1,1,29203,307,2483,"Cijk_Alik_Bljk_S_B_Bias_HA_S_SAV_UserArgs_MT16x16x8_SN_LDSB0_AFC1_AFEM1_AFEM1_ASEM1_CLR0_CADS0_DTLA0_DTLB0_DTVA0_DTVB0_EPS1_FDSI0_GRPM1_GRVWA1_GRVWB1_GSUAMB_GLS0_ISA1201_IU1_K1_LDSTI0_LBSPPA0_LBSPPB0_LBSPPM0_LPA0_LPB0_LPM0_LRVW1_LWPMn1_MIAV0_MO40_NTn1_NTA0_NTB0_NTC0_NTD0_NTM0_NEPBS0_NLCA1_NLCB1_ONLL1_PGR1_PLR0_PKA0_SIA1_SS0_SPO0_SRVW0_SSO0_SVW1_SK0_SKFTR0_SKXCCM0_TT2_2_TLDS0_ULSGRO0_USL1_UIOFGRO0_USFGROn1_VSn1_VWA1_VWB1_WSGRA0_WSGRB0_WS64_WG8_8_1",9205,699906432155023,699906432158423,2048,0,28,0,128,64,1,1,64,8,1
"KERNEL_DISPATCH","Agent 1",1,1,29203,308,19,"softmax(Scratch*, float const*, float*, int, int*)",9208,699906432161983,699906432173264,0,0,48,0,128,128,1,1,128,1,1
"KERNEL_DISPATCH","Agent 1",1,1,29203,309,18,"transpose_weights(Net const*, Scratch*, int, int)",9212,699906432177024,699906432178224,0,0,8,0,128,256,1,1,1024,1,1
"KERNEL_DISPATCH","Agent 1",1,1,29203,310,2483,"Cijk_Alik_Bljk_S_B_Bias_HA_S_SAV_UserArgs_MT16x16x8_SN_LDSB0_AFC1_AFEM1_AFEM1_ASEM1_CLR0_CADS0_DTLA0_DTLB0_DTVA0_DTVB0_EPS1_FDSI0_GRPM1_GRVWA1_GRVWB1_GSUAMB_GLS0_ISA1201_IU1_K1_LDSTI0_LBSPPA0_LBSPPB0_LBSPPM0_LPA0_LPB0_LPM0_LRVW1_LWPMn1_MIAV0_MO40_NTn1_NTA0_NTB0_NTC0_NTD0_NTM0_NEPBS0_NLCA1_NLCB1_ONLL1_PGR1_PLR0_PKA0_SIA1_SS0_SPO0_SRVW0_SSO0_SVW1_SK0_SKFTR0_SKXCCM0_TT2_2_TLDS0_ULSGRO0_USL1_UIOFGRO0_USFGROn1_VSn1_VWA1_VWB1_WSGRA0_WSGRB0_WS64_WG8_8_1",9222,699906432181464,699906432183544,2048,0,28,0,128,64,1,1,256,8,1
"KERNEL_DISPATCH","Agent 1",1,1,29203,311,17,"derivative(Scratch*, int, int, int*)",9225,699906432186944,699906432188104,0,0,8,0,128,256,1,1,8192,1,1
"KERNEL_DISPATCH","Agent 1",1,1,29203,312,18,"transpose_weights(Net const*, Scratch*, int, int)",9229,699906432191464,699906432192904,0,0,8,0,128,256,1,1,4096,1,1
"KERNEL_DISPATCH","Agent 1",1,1,29203,313,2483,"Cijk_Alik_Bljk_S_B_Bias_HA_S_SAV_UserArgs_MT16x16x8_SN_LDSB0_AFC1_AFEM1_AFEM1_ASEM1_CLR0_CADS0_DTLA0_DTLB0_DTVA0_DTVB0_EPS1_FDSI0_GRPM1_GRVWA1_GRVWB1_GSUAMB_GLS0_ISA1201_IU1_K1_LDSTI0_LBSPPA0_LBSPPB0_LBSPPM0_LPA0_LPB0_LPM0_LRVW1_LWPMn1_MIAV0_MO40_NTn1_NTA0_NTB0_NTC0_NTD0_NTM0_NEPBS0_NLCA1_NLCB1_ONLL1_PGR1_PLR0_PKA0_SIA1_SS0_SPO0_SRVW0_SSO0_SVW1_SK0_SKFTR0_SKXCCM0_TT2_2_TLDS0_ULSGRO0_USL1_UIOFGRO0_USFGROn1_VSn1_VWA1_VWB1_WSGRA0_WSGRB0_WS64_WG8_8_1",9239,699906432196344,699906432199544,2048,0,28,0,128,64,1,1,256,8,1
"KERNEL_DISPATCH","Agent 1",1,1,29203,314,17,"derivative(Scratch*, int, int, int*)",9242,699906432202824,699906432204024,0,0,8,0,128,256,1,1,8192,1,1
"KERNEL_DISPATCH","Agent 1",1,1,29203,315,18,"transpose_weights(Net const*, Scratch*, int, int)",9246,699906432207664,699906432208824,0,0,8,0,128,256,1,1,4096,1,1
"KERNEL_DISPATCH","Agent 1",1,1,29203,316,2483,"Cijk_Alik_Bljk_S_B_Bias_HA_S_SAV_UserArgs_MT16x16x8_SN_LDSB0_AFC1_AFEM1_AFEM1_ASEM1_CLR0_CADS0_DTLA0_DTLB0_DTVA0_DTVB0_EPS1_FDSI0_GRPM1_GRVWA1_GRVWB1_GSUAMB_GLS0_ISA1201_IU1_K1_LDSTI0_LBSPPA0_LBSPPB0_LBSPPM0_LPA0_LPB0_LPM0_LRVW1_LWPMn1_MIAV0_MO40_NTn1_NTA0_NTB0_NTC0_NTD0_NTM0_NEPBS0_NLCA1_NLCB1_ONLL1_PGR1_PLR0_PKA0_SIA1_SS0_SPO0_SRVW0_SSO0_SVW1_SK0_SKFTR0_SKXCCM0_TT2_2_TLDS0_ULSGRO0_USL1_UIOFGRO0_USFGROn1_VSn1_VWA1_VWB1_WSGRA0_WSGRB0_WS64_WG8_8_1",9256,699906432232545,699906432235705,2048,0,28,0,128,64,1,1,256,8,1
"KERNEL_DISPATCH","Agent 1",1,1,29203,317,17,"derivative(Scratch*, int, int, int*)",9259,699906432239345,699906432240505,0,0,8,0,128,256,1,1,8192,1,1
"KERNEL_DISPATCH","Agent 1",1,1,29203,318,18,"transpose_weights(Net const*, Scratch*, int, int)",9263,699906432243865,699906432244985,0,0,8,0,128,256,1,1,4096,1,1
"KERNEL_DISPATCH","Agent 1",1,1,29203,319,2483,"Cijk_Alik_Bljk_S_B_Bias_HA_S_SAV_UserArgs_MT16x16x8_SN_LDSB0_AFC1_AFEM1_AFEM1_ASEM1_CLR0_CADS0_DTLA0_DTLB0_DTVA0_DTVB0_EPS1_FDSI0_GRPM1_GRVWA1_GRVWB1_GSUAMB_GLS0_ISA1201_IU1_K1_LDSTI0_LBSPPA0_LBSPPB0_LBSPPM0_LPA0_LPB0_LPM0_LRVW1_LWPMn1_MIAV0_MO40_NTn1_NTA0_NTB0_NTC0_NTD0_NTM0_NEPBS0_NLCA1_NLCB1_ONLL1_PGR1_PLR0_PKA0_SIA1_SS0_SPO0_SRVW0_SSO0_SVW1_SK0_SKFTR0_SKXCCM0_TT2_2_TLDS0_ULSGRO0_USL1_UIOFGRO0_USFGROn1_VSn1_VWA1_VWB1_WSGRA0_WSGRB0_WS64_WG8_8_1",9273,699906432258625,699906432261745,2048,0,28,0,128,64,1,1,256,8,1
"KERNEL_DISPATCH","Agent 1",1,1,29203,320,17,"derivative(Scratch*, int, int, int*)",9276,699906432265145,699906432266305,0,0,8,0,128,256,1,1,8192,1,1
"KERNEL_DISPATCH","Agent 1",1,1,29203,321,2489,"Cijk_Ailk_Bjlk_S_B_Bias_HA_S_SAV_UserArgs_MT8x8x8_SN_LDSB0_AFC1_AFEM1_AFEM1_ASEM1_CLR0_CADS0_DTLA0_DTLB0_DTVA0_DTVB0_EPS1_FDSI0_GRPM1_GRVWA1_GRVWB1_GSUAMB_GLS0_ISA1201_IU1_K1_LDSTI0_LBSPPA0_LBSPPB0_LBSPPM0_LPA0_LPB0_LPM0_LRVW1_LWPMn1_MIAV0_MO40_NTn1_NTA0_NTB0_NTC0_NTD0_NTM0_NEPBS0_NLCA1_NLCB1_ONLL1_PGR1_PLR0_PKA0_SIA1_SS0_SPO0_SRVW0_SSO0_SVW1_SK0_SKFTR0_SKXCCM0_TT1_1_TLDS0_ULSGRO0_USL1_UIOFGRO0_USFGROn1_VSn1_VWA1_VWB1_WSGRA0_WSGRB0_WS64_WG8_8_1",9286,699906432269985,699906432274785,2048,0,24,0,128,64,1,1,576,2,1
"KERNEL_DISPATCH","Agent 1",1,1,29203,322,2487,"Cijk_Ailk_Bjlk_S_B_Bias_HA_S_SAV_UserArgs_MT16x16x16_SN_LDSB0_AFC1_AFEM1_AFEM1_ASEM1_CLR0_CADS0_DTLA0_DTLB0_DTVA0_DTVB0_EPS1_FDSI0_GRPM1_GRVWA1_GRVWB1_GSUAMB_GLS0_ISA1201_IU1_K1_LDSTI0_LBSPPA0_LBSPPB0_LBSPPM0_LPA0_LPB0_LPM0_LRVW1_LWPMn1_MIAV0_MO40_NTn1_NTA0_NTB0_NTC0_NTD0_NTM0_NEPBS0_NLCA1_NLCB1_ONLL1_PGR1_PLR0_PKA0_SIA1_SS0_SPO0_SRVW0_SSO0_SVW1_SK0_SKFTR0_SKXCCM0_TT2_2_TLDS0_ULSGRO0_USL1_UIOFGRO0_USFGROn1_VSn1_VWA1_VWB1_WSGRA0_WSGRB0_WS64_WG8_8_1",9295,699906432294666,699906432308546,4096,0,32,0,128,64,1,1,896,4,1
"KERNEL_DISPATCH","Agent 1",1,1,29203,323,21,"check_weights(float const*, int, int*)",9298,699906432311826,699906432313226,0,0,8,0,128,256,1,1,53504,1,1
"KERNEL_DISPATCH","Agent 1",1,1,29203,324,21,"check_weights(float const*, int, int*)",9302,699906432316426,699906432317626,0,0,8,0,128,256,1,1,1280,1,1
"KERNEL_DISPATCH","Agent 1",1,1,29203,325,16,"reduce_loss(float const*, int, int*, float*)",9306,699906432321226,699906432325866,0,0,16,0,128,1,1,1,1,1,1
"KERNEL_DISPATCH","Agent 1",1,1,29203,326,23,"join_input(float const*, Scratch*, int, int)",9310,699906432329306,699906432330666,0,0,8,0,128,256,1,1,26880,1,1
"KERNEL_DISPATCH","Agent 1",1,1,29203,327,2483,"Cijk_Alik_Bljk_S_B_Bias_HA_S_SAV_UserArgs_MT16x16x8_SN_LDSB0_AFC1_AFEM1_AFEM1_ASEM1_CLR0_CADS0_DTLA0_DTLB0_DTVA0_DTVB0_EPS1_FDSI0_GRPM1_GRVWA1_GRVWB1_GSUAMB_GLS0_ISA1201_IU1_K1_LDSTI0_LBSPPA0_LBSPPB0_LBSPPM0_LPA0_LPB0_LPM0_LRVW1_LWPMn1_MIAV0_MO40_NTn1_NTA0_NTB0_NTC0_NTD0_NTM0_NEPBS0_NLCA1_NLCB1_ONLL1_PGR1_PLR0_PKA0_SIA1_SS0_SPO0_SRVW0_SSO0_SVW1_SK0_SKFTR0_SKXCCM0_TT2_2_TLDS0_ULSGRO0_USL1_UIOFGRO0_USFGROn1_VSn1_VWA1_VWB1_WSGRA0_WSGRB0_WS64_WG8_8_1",9320,699906432334026,699906432341666,2048,0,28,0,128,64,1,1,256,8,1
"KERNEL_DISPATCH","Agent 1",1,1,29203,328,22,"activation(float*, int, int*)",9323,699906432345186,699906432346386,0,0,8,0,128,256,1,1,8192,1,1
"KERNEL_DISPATCH","Agent 1",1,1,29203,329,23,"join_input(float const*, Scratch*, int, int)",9327,699906432349707,699906432351027,0,0,8,0,128,256,1,1,26880,1,1
"KERNEL_DISPATCH","Agent 1",1,1,29203,330,2483,"Cijk_Alik_Bljk_S_B_Bias_HA_S_SAV_UserArgs_MT16x16x8_SN_LDSB0_AFC1_AFEM1_AFEM1_ASEM1_CLR0_CADS0_DTLA0_DTLB0_DTVA0_DTVB0_EPS1_FDSI0_GRPM1_GRVWA1_GRVWB1_GSUAMB_GLS0_ISA1201_IU1_K1_LDSTI0_LBSPPA0_LBSPPB0_LBSPPM0_LPA0_LPB0_LPM0_LRVW1_LWPMn1_MIAV0_MO40_NTn1_NTA0_NTB0_NTC0_NTD0_NTM0_NEPBS0_NLCA1_NLCB1_ONLL1_PGR1_PLR0_PKA0_SIA1_SS0_SPO0_SRVW0_SSO0_SVW1_SK0_SKFTR0_SKXCCM0_TT2_2_TLDS0_ULSGRO0_USL1_UIOFGRO0_USFGROn1_VSn1_VWA1_VWB1_WSGRA0_WSGRB0_WS64_WG8_8_1",9337,699906432354307,699906432361707,2048,0,28,0,128,64,1,1,256,8,1
"KERNEL_DISPATCH","Agent 1",1,1,29203,331,22,"activation(float*, int, int*)",9340,699906432364987,699906432366307,0,0,8,0,128,256,1,1,8192,1,1
"KERNEL_DISPATCH","Agent 1",1,1,29203,332,23,"join_input(float const*, Scratch*, int, int)",9344,699906432369587,699906432371267,0,0,8,0,128,256,1,1,26880,1,1
"KERNEL_DISPATCH","Agent 1",1,1,29203,333,2483,"Cijk_Alik_Bljk_S_B_Bias_HA_S_SAV_UserArgs_MT16x16x8_SN_LDSB0_AFC1_AFEM1_AFEM1_ASEM1_CLR0_CADS0_DTLA0_DTLB0_DTVA0_DTVB0_EPS1_FDSI0_GRPM1_GRVWA1_GRVWB1_GSUAMB_GLS0_ISA1201_IU1_K1_LDSTI0_LBSPPA0_LBSPPB0_LBSPPM0_LPA0_LPB0_LPM0_LRVW1_LWPMn1_MIAV0_MO40_NTn1_NTA0_NTB0_NTC0_NTD0_NTM0_NEPBS0_NLCA1_NLCB1_ONLL1_PGR1_PLR0_PKA0_SIA1_SS0_SPO0_SRVW0_SSO0_SVW1_SK0_SKFTR0_SKXCCM0_TT2_2_TLDS0_ULSGRO0_USL1_UIOFGRO0_USFGROn1_VSn1_VWA1_VWB1_WSGRA0_WSGRB0_WS64_WG8_8_1",9354,699906432374427,699906432381667,2048,0,28,0,128,64,1,1,256,8,1
"KERNEL_DISPATCH","Agent 1",1,1,29203,335,23,"join_input(float const*, Scratch*, int, int)",9361,699906432391187,699906432392427,0,0,8,0,128,256,1,1,26880,1,1
"KERNEL_DISPATCH","Agent 1",1,1,29203,334,22,"activation(float*, int, int*)",9357,699906432385787,699906432387147,0,0,8,0,128,256,1,1,8192,1,1
"KERNEL_DISPATCH","Agent 1",1,1,29203,336,2483,"Cijk_Alik_Bljk_S_B_Bias_HA_S_SAV_UserArgs_MT16x16x8_SN_LDSB0_AFC1_AFEM1_AFEM1_ASEM1_CLR0_CADS0_DTLA0_DTLB0_DTVA0_DTVB0_EPS1_FDSI0_GRPM1_GRVWA1_GRVWB1_GSUAMB_GLS0_ISA1201_IU1_K1_LDSTI0_LBSPPA0_LBSPPB0_LBSPPM0_LPA0_LPB0_LPM0_LRVW1_LWPMn1_MIAV0_MO40_NTn1_NTA0_NTB0_NTC0_NTD0_NTM0_NEPBS0_NLCA1_NLCB1_ONLL1_PGR1_PLR0_PKA0_SIA1_SS0_SPO0_SRVW0_SSO0_SVW1_SK0_SKFTR0_SKXCCM0_TT2_2_TLDS0_ULSGRO0_USL1_UIOFGRO0_USFGROn1_VSn1_VWA1_VWB1_WSGRA0_WSGRB0_WS64_WG8_8_1",9371,699906432407027,699906432414268,2048,0,28,0,128,64,1,1,256,8,1
"KERNEL_DISPATCH","Agent 1",1,1,29203,367,23,"join_input(float const*, Scratch*, int, int)",9544,699906433573087,699906433574447,0,0,8,0,128,256,1,1,26880,1,1
"KERNEL_DISPATCH","Agent 1",1,1,29203,366,22,"activation(float*, int, int*)",9540,699906433518446,699906433519646,0,0,8,0,128,256,1,1,8192,1,1
"KERNEL_DISPATCH","Agent 1",1,1,29203,365,2483,"Cijk_Alik_Bljk_S_B_Bias_HA_S_SAV_UserArgs_MT16x16x8_SN_LDSB0_AFC1_AFEM1_AFEM1_ASEM1_CLR0_CADS0_DTLA0_DTLB0_DTVA0_DTVB0_EPS1_FDSI0_GRPM1_GRVWA1_GRVWB1_GSUAMB_GLS0_ISA1201_IU1_K1_LDSTI0_LBSPPA0_LBSPPB0_LBSPPM0_LPA0_LPB0_LPM0_LRVW1_LWPMn1_MIAV0_MO40_NTn1_NTA0_NTB0_NTC0_NTD0_NTM0_NEPBS0_NLCA1_NLCB1_ONLL1_PGR1_PLR0_PKA0_SIA1_SS0_SPO0_SRVW0_SSO0_SVW1_SK0_SKFTR0_SKXCCM0_TT2_2_TLDS0_ULSGRO0_USL1_UIOFGRO0_USFGROn1_VSn1_VWA1_VWB1_WSGRA0_WSGRB0_WS64_WG8_8_1",9537,699906433458965,699906433466965,2048,0,28,0,128,64,1,1,256,8,1
"KERNEL_DISPATCH","Agent 1",1,1,29203,364,23,"join_input(float const*, Scratch*, int, int)",9527,699906433396644,699906433398044,0,0,8,0,128,256,1,1,26880,1,1
"KERNEL_DISPATCH","Agent 1",1,1,29203,363,22,"activation(float*, int, int*)",9523,699906433336163,699906433338043,0,0,8,0,128,256,1,1,8192,1,1
"KERNEL_DISPATCH","Agent 1",1,1,29203,362,2483,"Cijk_Alik_Bljk_S_B_Bias_HA_S_SAV_UserArgs_MT16x16x8_SN_LDSB0_AFC1_AFEM1_AFEM1_ASEM1_CLR0_CADS0_DTLA0_DTLB0_DTVA0_DTVB0_EPS1_FDSI0_GRPM1_GRVWA1_GRVWB1_GSUAMB_GLS0_ISA1201_IU1_K1_LDSTI0_LBSPPA0_LBSPPB0_LBSPPM0_LPA0_LPB0_LPM0_LRVW1_LWPMn1_MIAV0_MO40_NTn1_NTA0_NTB0_NTC0_NTD0_NTM0_NEPBS0_NLCA1_NLCB1_ONLL1_PGR1_PLR0_PKA0_SIA1_SS0_SPO0_SRVW0_SSO0_SVW1_SK0_SKFTR0_SKXCCM0_TT2_2_TLDS0_ULSGRO0_USL1_UIOFGRO0_USFGROn1_VSn1_VWA1_VWB1_WSGRA0_WSGRB0_WS64_WG8_8_1",9520,699906433277282,699906433284682,2048,0,28,0,128,64,1,1,256,8,1
"KERNEL_DISPATCH","Agent 1",1,1,29203,361,23,"join_input(float const*, Scratch*, int, int)",9510,699906433210841,699906433212601,0,0,8,0,128,256,1,1,26880,1,1
"KERNEL_DISPATCH","Agent 1",1,1,29203,360,22,"activation(float*, int, int*)",9506,699906433153520,699906433154760,0,0,8,0,128,256,1,1,8192,1,1
"KERNEL_DISPATCH","Agent 1",1,1,29203,359,2483,"Cijk_Alik_Bljk_S_B_Bias_HA_S_SAV_UserArgs_MT16x16x8_SN_LDSB0_AFC1_AFEM1_AFEM1_ASEM1_CLR0_CADS0_DTLA0_DTLB0_DTVA0_DTVB0_EPS1_FDSI0_GRPM1_GRVWA1_GRVWB1_GSUAMB_GLS0_ISA1201_IU1_K1_LDSTI0_LBSPPA0_LBSPPB0_LBSPPM0_LPA0_LPB0_LPM0_LRVW1_LWPMn1_MIAV0_MO40_NTn1_NTA0_NTB0_NTC0_NTD0_NTM0_NEPBS0_NLCA1_NLCB1_ONLL1_PGR1_PLR0_PKA0_SIA1_SS0_SPO0_SRVW0_SSO0_SVW1_SK0_SKFTR0_SKXCCM0_TT2_2_TLDS0_ULSGRO0_USL1_UIOFGRO0_USFGROn1_VSn1_VWA1_VWB1_WSGRA0_WSGRB0_WS64_WG8_8_1",9503,699906433097359,699906433105479,2048,0,28,0,128,64,1,1,256,8,1
"KERNEL_DISPATCH","Agent 1",1,1,29203,358,23,"join_input(float const*, Scratch*, int, int)",9493,699906433025118,699906433026678,0,0,8,0,128,256,1,1,26880,1,1
"KERNEL_DISPATCH","Agent 1",1,1,29203,357,16,"reduce_loss(float const*, int, int*, float*)",9489,699906433016478,699906433021118,0,0,16,0,128,1,1,1,1,1,1
"KERNEL_DISPATCH","Agent 1",1,1,29203,356,21,"check_weights(float const*, int, int*)",9485,699906432957197,699906432958237,0,0,8,0,128,256,1,1,1280,1,1
"KERNEL_DISPATCH","Agent 1",1,1,29203,355,21,"check_weights(float const*, int, int*)",9481,699906432900156,699906432901356,0,0,8,0,128,256,1,1,53504,1,1
"KERNEL_DISPATCH","Agent 1",1,1,29203,354,2487,"Cijk_Ailk_Bjlk_S_B_Bias_HA_S_SAV_UserArgs_MT16x16x16_SN_LDSB0_AFC1_AFEM1_AFEM1_ASEM1_CLR0_CADS0_DTLA0_DTLB0_DTVA0_DTVB0_EPS1_FDSI0_GRPM1_GRVWA1_GRVWB1_GSUAMB_GLS0_ISA1201_IU1_K1_LDSTI0_LBSPPA0_LBSPPB0_LBSPPM0_LPA0_LPB0_LPM0_LRVW1_LWPMn1_MIAV0_MO40_NTn1_NTA0_NTB0_NTC0_NTD0_NTM0_NEPBS0_NLCA1_NLCB1_ONLL1_PGR1_PLR0_PKA0_SIA1_SS0_SPO0_SRVW0_SSO0_SVW1_SK0_SKFTR0_SKXCCM0_TT2_2_TLDS0_ULSGRO0_USL1_UIOFGRO0_USFGROn1_VSn1_VWA1_VWB1_WSGRA0_WSGRB0_WS64_WG8_8_1",9478,699906432843075,699906432856835,4096,0,32,0,128,64,1,1,896,4,1
"KERNEL_DISPATCH","Agent 1",1,1,29203,353,2489,"Cijk_Ailk_Bjlk_S_B_Bias_HA_S_SAV_UserArgs_MT8x8x8_SN_LDSB0_AFC1_AFEM1_AFEM1_ASEM1_CLR0_CADS0_DTLA0_DTLB0_DTVA0_DTVB0_EPS1_FDSI0_GRPM1_GRVWA1_GRVWB1_GSUAMB_GLS0_ISA1201_IU1_K1_LDSTI0_LBSPPA0_LBSPPB0_LBSPPM0_LPA0_LPB0_LPM0_LRVW1_LWPMn1_MIAV0_MO40_NTn1_NTA0_NTB0_NTC0_NTD0_NTM0_NEPBS0_NLCA1_NLCB1_ONLL1_PGR1_PLR0_PKA0_SIA1_SS0_SPO0_SRVW0_SSO0_SVW1_SK0_SKFTR0_SKXCCM0_TT1_1_TLDS0_ULSGRO0_USL1_UIOFGRO0_USFGROn1_VSn1_VWA1_VWB1_WSGRA0_WSGRB0_WS64_WG8_8_1",9469,699906432779394,699906432784194,2048,0,24,0,128,64,1,1,576,2,1
"KERNEL_DISPATCH","Agent 1",1,1,29203,352,17,"derivative(Scratch*, int, int, int*)",9459,699906432715353,699906432716433,0,0,8,0,128,256,1,1,8192,1,1
"KERNEL_DISPATCH","Agent 1",1,1,29203,351,2483,"Cijk_Alik_Bljk_S_B_Bias_HA_S_SAV_UserArgs_MT16x16x8_SN_LDSB0_AFC1_AFEM1_AFEM1_ASEM1_CLR0_CADS0_DTLA0_DTLB0_DTVA0_DTVB0_EPS1_FDSI0_GRPM1_GRVWA1_GRVWB1_GSUAMB_GLS0_ISA1201_IU1_K1_LDSTI0_LBSPPA0_LBSPPB0_LBSPPM0_LPA0_LPB0_LPM0_LRVW1_LWPMn1_MIAV0_MO40_NTn1_NTA0_NTB0_NTC0_NTD0_NTM0_NEPBS0_NLCA1_NLCB1_ONLL1_PGR1_PLR0_PKA0_SIA1_SS0_SPO0_SRVW0_SSO0_SVW1_SK0_SKFTR0_SKXCCM0_TT2_2_TLDS0_ULSGRO0_USL1_UIOFGRO0_USFGROn1_VSn1_VWA1_VWB1_WSGRA0_WSGRB0_WS64_WG8_8_1",9456,699906432659792,699906432663072,2048,0,28,0,128,64,1,1,256,8,1
"KERNEL_DISPATCH","Agent 1",1,1,29203,350,18,"transpose_weights(Net const*, Scratch*, int, int)",9446,699906432494549,699906432496229,0,0,8,0,128,256,1,1,4096,1,1
"KERNEL_DISPATCH","Agent 1",1,1,29203,349,17,"derivative(Scratch*, int, int, int*)",9442,699906432490109,699906432491189,0,0,8,0,128,256,1,1,8192,1,1
"KERNEL_DISPATCH","Agent 1",1,1,29203,348,2483,"Cijk_Alik_Bljk_S_B_Bias_HA_S_SAV_UserArgs_MT16x16x8_SN_LDSB0_AFC1_AFEM1_AFEM1_ASEM1_CLR0_CADS0_DTLA0_DTLB0_DTVA0_DTVB0_EPS1_FDSI0_GRPM1_GRVWA1_GRVWB1_GSUAMB_GLS0_ISA1201_IU1_K1_LDSTI0_LBSPPA0_LBSPPB0_LBSPPM0_LPA0_LPB0_LPM0_LRVW1_LWPMn1_MIAV0_MO40_NTn1_NTA0_NTB0_NTC0_NTD0_NTM0_NEPBS0_NLCA1_NLCB1_ONLL1_PGR1_PLR0_PKA0_SIA1_SS0_SPO0_SRVW0_SSO0_SVW1_SK0_SKFTR0_SKXCCM0_TT2_2_TLDS0_ULSGRO0_USL1_UIOFGRO0_USFGROn1_VSn1_VWA1_VWB1_WSGRA0_WSGRB0_WS64_WG8_8_1",9439,699906432483509,699906432486749,2048,0,28,0,128,64,1,1,256,8,1
"KERNEL_DISPATCH","Agent 1",1,1,29203,347,18,"transpose_weights(Net const*, Scratch*, int, int)",9429,699906432478829,699906432480069,0,0,8,0,128,256,1,1,4096,1,1
"KERNEL_DISPATCH","Agent 1",1,1,29203,346,17,"derivative(Scratch*, int, int, int*)",9425,699906432474229,699906432475389,0,0,8,0,128,256,1,1,8192,1,1
"KERNEL_DISPATCH","Agent 1",1,1,29203,345,2483,"Cijk_Alik_Bljk_S_B_Bias_HA_S_SAV_UserArgs_MT16x16x8_SN_LDSB0_AFC1_AFEM1_AFEM1_ASEM1_CLR0_CADS0_DTLA0_DTLB0_DTVA0_DTVB0_EPS1_FDSI0_GRPM1_GRVWA1_GRVWB1_GSUAMB_GLS0_ISA1201_IU1_K1_LDSTI0_LBSPPA0_LBSPPB0_LBSPPM0_LPA0_LPB0_LPM0_LRVW1_LWPMn1_MIAV0_MO40_NTn1_NTA0_NTB0_NTC0_NTD0_NTM0_NEPBS0_NLCA1_NLCB1_ONLL1_PGR1_PLR0_PKA0_SIA1_SS0_SPO0_SRVW0_SSO0_SVW1_SK0_SKFTR0_SKXCCM0_TT2_2_TLDS0_ULSGRO0_USL1_UIOFGRO0_USFGROn1_VSn1_VWA1_VWB1_WSGRA0_WSGRB0_WS64_WG8_8_1",9422,699906432467428,699906432470909,2048,0,28,0,128,64,1,1,256,8,1
"KERNEL_DISPATCH","Agent 1",1,1,29203,344,18,"transpose_weights(Net const*, Scratch*, int, int)",9412,699906432463068,699906432464228,0,0,8,0,128,256,1,1,4096,1,1
"KERNEL_DISPATCH","Agent 1",1,1,29203,343,17,"derivative(Scratch*, int, int, int*)",9408,699906432458508,699906432459628,0,0,8,0,128,256,1,1,8192,1,1
"KERNEL_DISPATCH","Agent 1",1,1,29203,342,2483,"Cijk_Alik_Bljk_S_B_Bias_HA_S_SAV_UserArgs_MT16x16x8_SN_LDSB0_AFC1_AFEM1_AFEM1_ASEM1_CLR0_CADS0_DTLA0_DTLB0_DTVA0_DTVB0_EPS1_FDSI0_GRPM1_GRVWA1_GRVWB1_GSUAMB_GLS0_ISA1201_IU1_K1_LDSTI0_LBSPPA0_LBSPPB0_LBSPPM0_LPA0_LPB0_LPM0_LRVW1_LWPMn1_MIAV0_MO40_NTn1_NTA0_NTB0_NTC0_NTD0_NTM0_NEPBS0_NLCA1_NLCB1_ONLL1_PGR1_PLR0_PKA0_SIA1_SS0_SPO0_SRVW0_SSO0_SVW1_SK0_SKFTR0_SKXCCM0_TT2_2_TLDS0_ULSGRO0_USL1_UIOFGRO0_USFGROn1_VSn1_VWA1_VWB1_WSGRA0_WSGRB0_WS64_WG8_8_1",9405,699906432452788,699906432455308,2048,0,28,0,128,64,1,1,256,8,1
"KERNEL_DISPATCH","Agent 1",1,1,29203,341,18,"transpose_weights(Net const*, Scratch*, int, int)",9395,699906432448428,699906432449548,0,0,8,0,128,256,1,1,1024,1,1
"KERNEL_DISPATCH","Agent 1",1,1,29203,340,19,"softmax(Scratch*, float const*, float*, int, int*)",9391,699906432433708,699906432444988,0,0,48,0,128,128,1,1,128,1,1
"KERNEL_DISPATCH","Agent 1",1,1,29203,339,2483,"Cijk_Alik_Bljk_S_B_Bias_HA_S_SAV_UserArgs_MT16x16x8_SN_LDSB0_AFC1_AFEM1_AFEM1_ASEM1_CLR0_CADS0_DTLA0_DTLB0_DTVA0_DTVB0_EPS1_FDSI0_GRPM1_GRVWA1_GRVWB1_GSUAMB_GLS0_ISA1201_IU1_K1_LDSTI0_LBSPPA0_LBSPPB0_LBSPPM0_LPA0_LPB0_LPM0_LRVW1_LWPMn1_MIAV0_MO40_NTn1_NTA0_NTB0_NTC0_NTD0_NTM0_NEPBS0_NLCA1_NLCB1_ONLL1_PGR1_PLR0_PKA0_SIA1_SS0_SPO0_SRVW0_SSO0_SVW1_SK0_SKFTR0_SKXCCM0_TT2_2_TLDS0_ULSGRO0_USL1_UIOFGRO0_USFGROn1_VSn1_VWA1_VWB1_WSGRA0_WSGRB0_WS64_WG8_8_1",9388,699906432426948,699906432430308,2048,0,28,0,128,64,1,1,64,8,1
"KERNEL_DISPATCH","Agent 1",1,1,29203,338,20,"final_input(Scratch*, int, int)",9378,699906432422188,699906432423308,0,0,8,0,128,256,1,1,8448,1,1
"KERNEL_DISPATCH","Agent 1",1,1,29203,337,22,"activation(float*, int, int*)",9374,699906432417548,699906432418748,0,0,8,0,128,256,1,1,8192,1,1
"KERNEL_DISPATCH","Agent 1",1,1,29203,368,2483,"Cijk_Alik_Bljk_S_B_Bias_HA_S_SAV_UserArgs_MT16x16x8_SN_LDSB0_AFC1_AFEM1_AFEM1_ASEM1_CLR0_CADS0_DTLA0_DTLB0_DTVA0_DTVB0_EPS1_FDSI0_GRPM1_GRVWA1_GRVWB1_GSUAMB_GLS0_ISA1201_IU1_K1_LDSTI0_LBSPPA0_LBSPPB0_LBSPPM0_LPA0_LPB0_LPM0_LRVW1_LWPMn1_MIAV0_MO40_NTn1_NTA0_NTB0_NTC0_NTD0_NTM0_NEPBS0_NLCA1_NLCB1_ONLL1_PGR1_PLR0_PKA0_SIA1_SS0_SPO0_SRVW0_SSO0_SVW1_SK0_SKFTR0_SKXCCM0_TT2_2_TLDS0_ULSGRO0_USL1_UIOFGRO0_USFGROn1_VSn1_VWA1_VWB1_WSGRA0_WSGRB0_WS64_WG8_8_1",9554,699906433646328,699906433654568,2048,0,28,0,128,64,1,1,256,8,1
"KERNEL_DISPATCH","Agent 1",1,1,29203,369,22,"activation(float*, int, int*)",9557,699906433711689,699906433713129,0,0,8,0,128,256,1,1,8192,1,1
"KERNEL_DISPATCH","Agent 1",1,1,29203,370,20,"final_input(Scratch*, int, int)",9561,699906433716929,699906433718089,0,0,8,0,128,256,1,1,8448,1,1
"KERNEL_DISPATCH","Agent 1",1,1,29203,371,2483,"Cijk_Alik_Bljk_S_B_Bias_HA_S_SAV_UserArgs_MT16x16x8_SN_LDSB0_AFC1_AFEM1_AFEM1_ASEM1_CLR0_CADS0_DTLA0_DTLB0_DTVA0_DTVB0_EPS1_FDSI0_GRPM1_GRVWA1_GRVWB1_GSUAMB_GLS0_ISA1201_IU1_K1_LDSTI0_LBSPPA0_LBSPPB0_LBSPPM0_LPA0_LPB0_LPM0_LRVW1_LWPMn1_MIAV0_MO40_NTn1_NTA0_NTB0_NTC0_NTD0_NTM0_NEPBS0_NLCA1_NLCB1_ONLL1_PGR1_PLR0_PKA0_SIA1_SS0_SPO0_SRVW0_SSO0_SVW1_SK0_SKFTR0_SKXCCM0_TT2_2_TLDS0_ULSGRO0_USL1_UIOFGRO0_USFGROn1_VSn1_VWA1_VWB1_WSGRA0_WSGRB0_WS64_WG8_8_1",9571,699906433755130,699906433758970,2048,0,28,0,128,64,1,1,64,8,1
"KERNEL_DISPATCH","Agent 1",1,1,29203,372,19,"softmax(Scratch*, float const*, float*, int, int*)",9574,699906433762730,699906433774530,0,0,48,0,128,128,1,1,128,1,1
"KERNEL_DISPATCH","Agent 1",1,1,29203,373,18,"transpose_weights(Net const*, Scratch*, int, int)",9578,699906433778090,699906433779450,0,0,8,0,128,256,1,1,1024,1,1
"KERNEL_DISPATCH","Agent 1",1,1,29203,374,2483,"Cijk_Alik_Bljk_S_B_Bias_HA_S_SAV_UserArgs_MT16x16x8_SN_LDSB0_AFC1_AFEM1_AFEM1_ASEM1_CLR0_CADS0_DTLA0_DTLB0_DTVA0_DTVB0_EPS1_FDSI0_GRPM1_GRVWA1_GRVWB1_GSUAMB_GLS0_ISA1201_IU1_K1_LDSTI0_LBSPPA0_LBSPPB0_LBSPPM0_LPA0_LPB0_LPM0_LRVW1_LWPMn1_MIAV0_MO40_NTn1_NTA0_NTB0_NTC0_NTD0_NTM0_NEPBS0_NLCA1_NLCB1_ONLL1_PGR1_PLR0_PKA0_SIA1_SS0_SPO0_SRVW0_SSO0_SVW1_SK0_SKFTR0_SKXCCM0_TT2_2_TLDS0_ULSGRO0_USL1_UIOFGRO0_USFGROn1_VSn1_VWA1_VWB1_WSGRA0_WSGRB0_WS64_WG8_8_1",9588,699906433783370,699906433785611,2048,0,28,0,128,64,1,1,256,8,1
"KERNEL_DISPATCH","Agent 1",1,1,29203,375,17,"derivative(Scratch*, int, int, int*)",9591,699906433789531,699906433791091,0,0,8,0,128,256,1,1,8192,1,1
"KERNEL_DISPATCH","Agent 1",1,1,29203,376,18,"transpose_weights(Net const*, Scratch*, int, int)",9595,699906433794611,699906433795971,0,0,8,0,128,256,1,1,4096,1,1
"KERNEL_DISPATCH","Agent 1",1,1,29203,377,2483,"Cijk_Alik_Bljk_S_B_Bias_HA_S_SAV_UserArgs_MT16x16x8_SN_LDSB0_AFC1_AFEM1_AFEM1_ASEM1_CLR0_CADS0_DTLA0_DTLB0_DTVA0_DTVB0_EPS1_FDSI0_GRPM1_GRVWA1_GRVWB1_GSUAMB_GLS0_ISA1201_IU1_K1_LDSTI0_LBSPPA0_LBSPPB0_LBSPPM0_LPA0_LPB0_LPM0_LRVW1_LWPMn1_MIAV0_MO40_NTn1_NTA0_NTB0_NTC0_NTD0_NTM0_NEPBS0_NLCA1_NLCB1_ONLL1_PGR1_PLR0_PKA0_SIA1_SS0_SPO0_SRVW0_SSO0_SVW1_SK0_SKFTR0_SKXCCM0_TT2_2_TLDS0_ULSGRO0_USL1_UIOFGRO0_USFGROn1_VSn1_VWA1_VWB1_WSGRA0_WSGRB0_WS64_WG8_8_1",9605,699906433829771,699906433832971,2048,0,28,0,128,64,1,1,256,8,1
"KERNEL_DISPATCH","Agent 1",1,1,29203,378,17,"derivative(Scratch*, int, int, int*)",9608,699906433836491,699906433838011,0,0,8,0,128,256,1,1,8192,1,1
"KERNEL_DISPATCH","Agent 1",1,1,29203,379,18,"transpose_weights(Net const*, Scratch*, int, int)",9612,699906433841531,699906433843171,0,0,8,0,128,256,1,1,4096,1,1
"KERNEL_DISPATCH","Agent 1",1,1,29203,380,2483,"Cijk_Alik_Bljk_S_B_Bias_HA_S_SAV_UserArgs_MT16x16x8_SN_LDSB0_AFC1_AFEM1_AFEM1_ASEM1_CLR0_CADS0_DTLA0_DTLB0_DTVA0_DTVB0_EPS1_FDSI0_GRPM1_GRVWA1_GRVWB1_GSUAMB_GLS0_ISA1201_IU1_K1_LDSTI0_LBSPPA0_LBSPPB0_LBSPPM0_LPA0_LPB0_LPM0_LRVW1_LWPMn1_MIAV0_MO40_NTn1_NTA0_NTB0_NTC0_NTD0_NTM0_NEPBS0_NLCA1_NLCB1_ONLL1_PGR1_PLR0_PKA0_SIA1_SS0_SPO0_SRVW0_SSO0_SVW1_SK0_SKFTR0_SKXCCM0_TT2_2_TLDS0_ULSGRO0_USL1_UIOFGRO0_USFGROn1_VSn1_VWA1_VWB1_WSGRA0_WSGRB0_WS64_WG8_8_1",9622,699906433862252,699906433865452,2048,0,28,0,128,64,1,1,256,8,1
"KERNEL_DISPATCH","Agent 1",1,1,29203,381,17,"derivative(Scratch*, int, int, int*)",9625,699906433869812,699906433870972,0,0,8,0,128,256,1,1,8192,1,1
"KERNEL_DISPATCH","Agent 1",1,1,29203,382,18,"transpose_weights(Net const*, Scratch*, int, int)",9629,699906433874692,699906433876092,0,0,8,0,128,256,1,1,4096,1,1
"KERNEL_DISPATCH","Agent 1",1,1,29203,383,2483,"Cijk_Alik_Bljk_S_B_Bias_HA_S_SAV_UserArgs_MT16x16x8_SN_LDSB0_AFC1_AFEM1_AFEM1_ASEM1_CLR0_CADS0_DTLA0_DTLB0_DTVA0_DTVB0_EPS1_FDSI0_GRPM1_GRVWA1_GRVWB1_GSUAMB_GLS0_ISA1201_IU1_K1_LDSTI0_LBSPPA0_LBSPPB0_LBSPPM0_LPA0_LPB0_LPM0_LRVW1_LWPMn1_MIAV0_MO40_NTn1_NTA0_NTB0_NTC0_NTD0_NTM0_NEPBS0_NLCA1_NLCB1_ONLL1_PGR1_PLR0_PKA0_SIA1_SS0_SPO0_SRVW0_SSO0_SVW1_SK0_SKFTR0_SKXCCM0_TT2_2_TLDS0_ULSGRO0_USL1_UIOFGRO0_USFGROn1_VSn1_VWA1_VWB1_WSGRA0_WSGRB0_WS64_WG8_8_1",9639,699906433891332,699906433894892,2048,0,28,0,128,64,1,1,256,8,1
"KERNEL_DISPATCH","Agent 1",1,1,29203,384,17,"derivative(Scratch*, int, int, int*)",9642,699906433898492,699906433899692,0,0,8,0,128,256,1,1,8192,1,1
"KERNEL_DISPATCH","Agent 1",1,1,29203,385,2489,"Cijk_Ailk_Bjlk_S_B_Bias_HA_S_SAV_UserArgs_MT8x8x8_SN_LDSB0_AFC1_AFEM1_AFEM1_ASEM1_CLR0_CADS0_DTLA0_DTLB0_DTVA0_DTVB0_EPS1_FDSI0_GRPM1_GRVWA1_GRVWB1_GSUAMB_GLS0_ISA1201_IU1_K1_LDSTI0_LBSPPA0_LBSPPB0_LBSPPM0_LPA0_LPB0_LPM0_LRVW1_LWPMn1_MIAV0_MO40_NTn1_NTA0_NTB0_NTC0_NTD0_NTM0_NEPBS0_NLCA1_NLCB1_ONLL1_PGR1_PLR0_PKA0_SIA1_SS0_SPO0_SRVW0_SSO0_SVW1_SK0_SKFTR0_SKXCCM0_TT1_1_TLDS0_ULSGRO0_USL1_UIOFGRO0_USFGROn1_VSn1_VWA1_VWB1_WSGRA0_WSGRB0_WS64_WG8_8_1",9652,699906433903212,699906433908013,2048,0,24,0,128,64,1,1,576,2,1
"KERNEL_DISPATCH","Agent 1",1,1,29203,386,2487,"Cijk_Ailk_Bjlk_S_B_Bias_HA_S_SAV_UserArgs_MT16x16x16_SN_LDSB0_AFC1_AFEM1_AFEM1_ASEM1_CLR0_CADS0_DTLA0_DTLB0_DTVA0_DTVB0_EPS1_FDSI0_GRPM1_GRVWA1_GRVWB1_GSUAMB_GLS0_ISA1201_IU1_K1_LDSTI0_LBSPPA0_LBSPPB0_LBSPPM0_LPA0_LPB0_LPM0_LRVW1_LWPMn1_MIAV0_MO40_NTn1_NTA0_NTB0_NTC0_NTD0_NTM0_NEPBS0_NLCA1_NLCB1_ONLL1_PGR1_PLR0_PKA0_SIA1_SS0_SPO0_SRVW0_SSO0_SVW1_SK0_SKFTR0_SKXCCM0_TT2_2_TLDS0_ULSGRO0_USL1_UIOFGRO0_USFGROn1_VSn1_VWA1_VWB1_WSGRA0_WSGRB0_WS64_WG8_8_1",9661,699906433935093,699906433949013,4096,0,32,0,128,64,1,1,896,4,1
"KERNEL_DISPATCH","Agent 1",1,1,29203,387,21,"check_weights(float const*, int, int*)",9664,699906433952573,699906433953773,0,0,8,0,128,256,1,1,53504,1,1
"KERNEL_DISPATCH","Agent 1",1,1,29203,388,21,"check_weights(float const*, int, int*)",9668,699906433957213,699906433958413,0,0,8,0,128,256,1,1,1280,1,1
"KERNEL_DISPATCH","Agent 1",1,1,29203,389,16,"reduce_loss(float const*, int, int*, float*)",9672,699906433962653,699906433967534,0,0,16,0,128,1,1,1,1,1,1
"KERNEL_DISPATCH","Agent 1",1,1,29203,390,23,"join_input(float const*, Scratch*, int, int)",9676,699906433971814,699906433973054,0,0,8,0,128,256,1,1,26880,1,1
"KERNEL_DISPATCH","Agent 1",1,1,29203,391,2483,"Cijk_Alik_Bljk_S_B_Bias_HA_S_SAV_UserArgs_MT16x16x8_SN_LDSB0_AFC1_AFEM1_AFEM1_ASEM1_CLR0_CADS0_DTLA0_DTLB0_DTVA0_DTVB0_EPS1_FDSI0_GRPM1_GRVWA1_GRVWB1_GSUAMB_GLS0_ISA1201_IU1_K1_LDSTI0_LBSPPA0_LBSPPB0_LBSPPM0_LPA0_LPB0_LPM0_LRVW1_LWPMn1_MIAV0_MO40_NTn1_NTA0_NTB0_NTC0_NTD0_NTM0_NEPBS0_NLCA1_NLCB1_ONLL1_PGR1_PLR0_PKA0_SIA1_SS0_SPO0_SRVW0_SSO0_SVW1_SK0_SKFTR0_SKXCCM0_TT2_2_TLDS0_ULSGRO0_USL1_UIOFGRO0_USFGROn1_VSn1_VWA1_VWB1_WSGRA0_WSGRB0_WS64_WG8_8_1",9686,699906433976534,699906433984214,2048,0,28,0,128,64,1,1,256,8,1
"KERNEL_DISPATCH","Agent 1",1,1,29203,392,22,"activation(float*, int, int*)",9689,699906433988494,699906433989814,0,0,8,0,128,256,1,1,8192,1,1
"KERNEL_DISPATCH","Agent 1",1,1,29203,393,23,"join_input(float const*, Scratch*, int, int)",9693,699906433993654,699906433995094,0,0,8,0,128,256,1,1,26880,1,1
"KERNEL_DISPATCH","Agent 1",1,1,29203,394,2483,"Cijk_Alik_Bljk_S_B_Bias_HA_S_SAV_UserArgs_MT16x16x8_SN_LDSB0_AFC1_AFEM1_AFEM1_ASEM1_CLR0_CADS0_DTLA0_DTLB0_DTVA0_DTVB0_EPS1_FDSI0_GRPM1_GRVWA1_GRVWB1_GSUAMB_GLS0_ISA1201_IU1_K1_LDSTI0_LBSPPA0_LBSPPB0_LBSPPM0_LPA0_LPB0_LPM0_LRVW1_LWPMn1_MIAV0_MO40_NTn1_NTA0_NTB0_NTC0_NTD0_NTM0_NEPBS0_NLCA1_NLCB1_ONLL1_PGR1_PLR0_PKA0_SIA1_SS0_SPO0_SRVW0_SSO0_SVW1_SK0_SKFTR0_SKXCCM0_TT2_2_TLDS0_ULSGRO0_USL1_UIOFGRO0_USFGROn1_VSn1_VWA1_VWB1_WSGRA0_WSGRB0_WS64_WG8_8_1",9703,699906434011534,699906434018734,2048,0,28,0,128,64,1,1,256,8,1
"KERNEL_DISPATCH","Agent 1",1,1,29203,395,22,"activation(float*, int, int*)",9706,699906434022454,699906434023775,0,0,8,0,128,256,1,1,8192,1,1
"KERNEL_DISPATCH","Agent 1",1,1,29203,396,23,"join_input(float const*, Scratch*, int, int)",9710,699906434027215,699906434028455,0,0,8,0,128,256,1,1,26880,1,1
"KERNEL_DISPATCH","Agent 1",1,1,29203,397,2483,"Cijk_Alik_Bljk_S_B_Bias_HA_S_SAV_UserArgs_MT16x16x8_SN_LDSB0_AFC1_AFEM1_AFEM1_ASEM1_CLR0_CADS0_DTLA0_DTLB0_DTVA0_DTVB0_EPS1_FDSI0_GRPM1_GRVWA1_GRVWB1_GSUAMB_GLS0_ISA1201_IU1_K1_LDSTI0_LBSPPA0_LBSPPB0_LBSPPM0_LPA0_LPB0_LPM0_LRVW1_LWPMn1_MIAV0_MO40_NTn1_NTA0_NTB0_NTC0_NTD0_NTM0_NEPBS0_NLCA1_NLCB1_ONLL1_PGR1_PLR0_PKA0_SIA1_SS0_SPO0_SRVW0_SSO0_SVW1_SK0_SKFTR0_SKXCCM0_TT2_2_TLDS0_ULSGRO0_USL1_UIOFGRO0_USFGROn1_VSn1_VWA1_VWB1_WSGRA0_WSGRB0_WS64_WG8_8_1",9720,699906434045815,699906434053615,2048,0,28,0,128,64,1,1,256,8,1
"KERNEL_DISPATCH","Agent 1",1,1,29203,398,22,"activation(float*, int, int*)",9723,699906434058175,699906434059415,0,0,8,0,128,256,1,1,8192,1,1
"KERNEL_DISPATCH","Agent 1",1,1,29203,399,23,"join_input(float const*, Scratch*, int, int)",9727,699906434063135,699906434064455,0,0,8,0,128,256,1,1,26880,1,1
"KERNEL_DISPATCH","Agent 1",1,1,29203,400,2483,"Cijk_Alik_Bljk_S_B_Bias_HA_S_SAV_UserArgs_MT16x16x8_SN_LDSB0_AFC1_AFEM1_AFEM1_ASEM1_CLR0_CADS0_DTLA0_DTLB0_DTVA0_DTVB0_EPS1_FDSI0_GRPM1_GRVWA1_GRVWB1_GSUAMB_GLS0_ISA1201_IU1_K1_LDSTI0_LBSPPA0_LBSPPB0_LBSPPM0_LPA0_LPB0_LPM0_LRVW1_LWPMn1_MIAV0_MO40_NTn1_NTA0_NTB0_NTC0_NTD0_NTM0_NEPBS0_NLCA1_NLCB1_ONLL1_PGR1_PLR0_PKA0_SIA1_SS0_SPO0_SRVW0_SSO0_SVW1_SK0_SKFTR0_SKXCCM0_TT2_2_TLDS0_ULSGRO0_USL1_UIOFGRO0_USFGROn1_VSn1_VWA1_VWB1_WSGRA0_WSGRB0_WS64_WG8_8_1",9737,699906434068175,699906434075495,2048,0,28,0,128,64,1,1,256,8,1
"KERNEL_DISPATCH","Agent 1",1,1,29203,401,22,"activation(float*, int, int*)",9740,699906434078895,699906434080255,0,0,8,0,128,256,1,1,8192,1,1
"KERNEL_DISPATCH","Agent 1",1,1,29203,402,20,"final_input(Scratch*, int, int)",9744,699906434083816,699906434085096,0,0,8,0,128,256,1,1,8448,1,1
"KERNEL_DISPATCH","Agent 1",1,1,29203,403,2483,"Cijk_Alik_Bljk_S_B_Bias_HA_S_SAV_UserArgs_MT16x16x8_SN_LDSB0_AFC1_AFEM1_AFEM1_ASEM1_CLR0_CADS0_DTLA0_DTLB0_DTVA0_DTVB0_EPS1_FDSI0_GRPM1_GRVWA1_GRVWB1_GSUAMB_GLS0_ISA1201_IU1_K1_LDSTI0_LBSPPA0_LBSPPB0_LBSPPM0_LPA0_LPB0_LPM0_LRVW1_LWPMn1_MIAV0_MO40_NTn1_NTA0_NTB0_NTC0_NTD0_NTM0_NEPBS0_NLCA1_NLCB1_ONLL1_PGR1_PLR0_PKA0_SIA1_SS0_SPO0_SRVW0_SSO0_SVW1_SK0_SKFTR0_SKXCCM0_TT2_2_TLDS0_ULSGRO0_USL1_UIOFGRO0_USFGROn1_VSn1_VWA1_VWB1_WSGRA0_WSGRB0_WS64_WG8_8_1",9754,699906434107856,699906434111656,2048,0,28,0,128,64,1,1,64,8,1
"KERNEL_DISPATCH","Agent 1",1,1,29203,404,19,"softmax(Scratch*, float const*, float*, int, int*)",9757,699906434115816,699906434126976,0,0,48,0,128,128,1,1,128,1,1
"KERNEL_DISPATCH","Agent 1",1,1,29203,405,18,"transpose_weights(Net const*, Scratch*, int, int)",9761,699906434130776,699906434132496,0,0,8,0,128,256,1,1,1024,1,1
"KERNEL_DISPATCH","Agent 1",1,1,29203,406,2483,"Cijk_Alik_Bljk_S_B_Bias_HA_S_SAV_UserArgs_MT16x16x8_SN_LDSB0_AFC1_AFEM1_AFEM1_ASEM1_CLR0_CADS0_DTLA0_DTLB0_DTVA0_DTVB0_EPS1_FDSI0_GRPM1_GRVWA1_GRVWB1_GSUAMB_GLS0_ISA1201_IU1_K1_LDSTI0_LBSPPA0_LBSPPB0_LBSPPM0_LPA0_LPB0_LPM0_LRVW1_LWPMn1_MIAV0_MO40_NTn1_NTA0_NTB0_NTC0_NTD0_NTM0_NEPBS0_NLCA1_NLCB1_ONLL1_PGR1_PLR0_PKA0_SIA1_SS0_SPO0_SRVW0_SSO0_SVW1_SK0_SKFTR0_SKXCCM0_TT2_2_TLDS0_ULSGRO0_USL1_UIOFGRO0_USFGROn1_VSn1_VWA1_VWB1_WSGRA0_WSGRB0_WS64_WG8_8_1",9771,699906434135736,699906434137856,2048,0,28,0,128,64,1,1,256,8,1
"KERNEL_DISPATCH","Agent 1",1,1,29203,407,17,"derivative(Scratch*, int, int, int*)",9774,699906434141256,699906434142417,0,0,8,0,128,256,1,1,8192,1,1
"KERNEL_DISPATCH","Agent 1",1,1,29203,408,18,"transpose_weights(Net const*, Scratch*, int, int)",9778,699906434146017,699906434147457,0,0,8,0,128,256,1,1,4096,1,1
"KERNEL_DISPATCH","Agent 1",1,1,29203,409,2483,"Cijk_Alik_Bljk_S_B_Bias_HA_S_SAV_UserArgs_MT16x16x8_SN_LDSB0_AFC1_AFEM1_AFEM1_ASEM1_CLR0_CADS0_DTLA0_DTLB0_DTVA0_DTVB0_EPS1_FDSI0_GRPM1_GRVWA1_GRVWB1_GSUAMB_GLS0_ISA1201_IU1_K1_LDSTI0_LBSPPA0_LBSPPB0_LBSPPM0_LPA0_LPB0_LPM0_LRVW1_LWPMn1_MIAV0_MO40_NTn1_NTA0_NTB0_NTC0_NTD0_NTM0_NEPBS0_NLCA1_NLCB1_ONLL1_PGR1_PLR0_PKA0_SIA1_SS0_SPO0_SRVW0_SSO0_SVW1_SK0_SKFTR0_SKXCCM0_TT2_2_TLDS0_ULSGRO0_USL1_UIOFGRO0_USFGROn1_VSn1_VWA1_VWB1_WSGRA0_WSGRB0_WS64_WG8_8_1",9788,699906434170817,699906434174137,2048,0,28,0,128,64,1,1,256,8,1
"KERNEL_DISPATCH","Agent 1",1,1,29203,410,17,"derivative(Scratch*, int, int, int*)",9791,699906434178057,699906434179777,0,0,8,0,128,256,1,1,8192,1,1
"KERNEL_DISPATCH","Agent 1",1,1,29203,411,18,"transpose_weights(Net const*, Scratch*, int, int)",9795,699906434183417,699906434184657,0,0,8,0,128,256,1,1,4096,1,1
"KERNEL_DISPATCH","Agent 1",1,1,29203,412,2483,"Cijk_Alik_Bljk_S_B_Bias_HA_S_SAV_UserArgs_MT16x16x8_SN_LDSB0_AFC1_AFEM1_AFEM1_ASEM1_CLR0_CADS0_DTLA0_DTLB0_DTVA0_DTVB0_EPS1_FDSI0_GRPM1_GRVWA1_GRVWB1_GSUAMB_GLS0_ISA1201_IU1_K1_LDSTI0_LBSPPA0_LBSPPB0_LBSPPM0_LPA0_LPB0_LPM0_LRVW1_LWPMn1_MIAV0_MO40_NTn1_NTA0_NTB0_NTC0_NTD0_NTM0_NEPBS0_NLCA1_NLCB1_ONLL1_PGR1_PLR0_PKA0_SIA1_SS0_SPO0_SRVW0_SSO0_SVW1_SK0_SKFTR0_SKXCCM0_TT2_2_TLDS0_ULSGRO0_USL1_UIOFGRO0_USFGROn1_VSn1_VWA1_VWB1_WSGRA0_WSGRB0_WS64_WG8_8_1",9805,699906434351460,699906434355220,2048,0,28,0,128,64,1,1,256,8,1
"KERNEL_DISPATCH","Agent 1",1,1,29203,413,17,"derivative(Scratch*, int, int, int*)",9808,699906434358820,699906434360060,0,0,8,0,128,256,1,1,8192,1,1
"KERNEL_DISPATCH","Agent 1",1,1,29203,414,18,"transpose_weights(Net const*, Scratch*, int, int)",9812,699906434364340,699906434379420,0,0,8,0,128,256,1,1,4096,1,1
"KERNEL_DISPATCH","Agent 1",1,1,29203,415,2483,"Cijk_Alik_Bljk_S_B_Bias_HA_S_SAV_UserArgs_MT16x16x8_SN_LDSB0_AFC1_AFEM1_AFEM1_ASEM1_CLR0_CADS0_DTLA0_DTLB0_DTVA0_DTVB0_EPS1_FDSI0_GRPM1_GRVWA1_GRVWB1_GSUAMB_GLS0_ISA1201_IU1_K1_LDSTI0_LBSPPA0_LBSPPB0_LBSPPM0_LPA0_LPB0_LPM0_LRVW1_LWPMn1_MIAV0_MO40_NTn1_NTA0_NTB0_NTC0_NTD0_NTM0_NEPBS0_NLCA1_NLCB1_ONLL1_PGR1_PLR0_PKA0_SIA1_SS0_SPO0_SRVW0_SSO0_SVW1_SK0_SKFTR0_SKXCCM0_TT2_2_TLDS0_ULSGRO0_USL1_UIOFGRO0_USFGROn1_VSn1_VWA1_VWB1_WSGRA0_WSGRB0_WS64_WG8_8_1",9822,699906434383581,699906434387181,2048,0,28,0,128,64,1,1,256,8,1
"KERNEL_DISPATCH","Agent 1",1,1,29203,416,17,"derivative(Scratch*, int, int, int*)",9825,699906434391341,699906434392781,0,0,8,0,128,256,1,1,8192,1,1
"KERNEL_DISPATCH","Agent 1",1,1,29203,417,2489,"Cijk_Ailk_Bjlk_S_B_Bias_HA_S_SAV_UserArgs_MT8x8x8_SN_LDSB0_AFC1_AFEM1_AFEM1_ASEM1_CLR0_CADS0_DTLA0_DTLB0_DTVA0_DTVB0_EPS1_FDSI0_GRPM1_GRVWA1_GRVWB1_GSUAMB_GLS0_ISA1201_IU1_K1_LDSTI0_LBSPPA0_LBSPPB0_LBSPPM0_LPA0_LPB0_LPM0_LRVW1_LWPMn1_MIAV0_MO40_NTn1_NTA0_NTB0_NTC0_NTD0_NTM0_NEPBS0_NLCA1_NLCB1_ONLL1_PGR1_PLR0_PKA0_SIA1_SS0_SPO0_SRVW0_SSO0_SVW1_SK0_SKFTR0_SKXCCM0_TT1_1_TLDS0_ULSGRO0_USL1_UIOFGRO0_USFGROn1_VSn1_VWA1_VWB1_WSGRA0_WSGRB0_WS64_WG8_8_1",9835,699906434396981,699906434402021,2048,0,24,0,128,64,1,1,576,2,1
"KERNEL_DISPATCH","Agent 1",1,1,29203,418,2487,"Cijk_Ailk_Bjlk_S_B_Bias_HA_S_SAV_UserArgs_MT16x16x16_SN_LDSB0_AFC1_AFEM1_AFEM1_ASEM1_CLR0_CADS0_DTLA0_DTLB0_DTVA0_DTVB0_EPS1_FDSI0_GRPM1_GRVWA1_GRVWB1_GSUAMB_GLS0_ISA1201_IU1_K1_LDSTI0_LBSPPA0_LBSPPB0_LBSPPM0_LPA0_LPB0_LPM0_LRVW1_LWPMn1_MIAV0_MO40_NTn1_NTA0_NTB0_NTC0_NTD0_NTM0_NEPBS0_NLCA1_NLCB1_ONLL1_PGR1_PLR0_PKA0_SIA1_SS0_SPO0_SRVW0_SSO0_SVW1_SK0_SKFTR0_SKXCCM0_TT2_2_TLDS0_ULSGRO0_USL1_UIOFGRO0_USFGROn1_VSn1_VWA1_VWB1_WSGRA0_WSGRB0_WS64_WG8_8_1",9844,699906434434701,699906434449502,4096,0,32,0,128,64,1,1,896,4,1
"KERNEL_DISPATCH","Agent 1",1,1,29203,419,21,"check_weights(float const*, int, int*)",9847,699906434454742,699906434456182,0,0,8,0,128,256,1,1,53504,1,1
"KERNEL_DISPATCH","Agent 1",1,1,29203,420,21,"check_weights(float const*, int, int*)",9851,699906434460142,699906434462462,0,0,8,0,128,256,1,1,1280,1,1
"KERNEL_DISPATCH","Agent 1",1,1,29203,421,16,"reduce_loss(float const*, int, int*, float*)",9855,699906434467622,699906434472382,0,0,16,0,128,1,1,1,1,1,1
"KERNEL_DISPATCH","Agent 1",1,1,29203,422,23,"join_input(float const*, Scratch*, int, int)",9859,699906434476102,699906434478862,0,0,8,0,128,256,1,1,26880,1,1
"KERNEL_DISPATCH","Agent 1",1,1,29203,423,2483,"Cijk_Alik_Bljk_S_B_Bias_HA_S_SAV_UserArgs_MT16x16x8_SN_LDSB0_AFC1_AFEM1_AFEM1_ASEM1_CLR0_CADS0_DTLA0_DTLB0_DTVA0_DTVB0_EPS1_FDSI0_GRPM1_GRVWA1_GRVWB1_GSUAMB_GLS0_ISA1201_IU1_K1_LDSTI0_LBSPPA0_LBSPPB0_LBSPPM0_LPA0_LPB0_LPM0_LRVW1_LWPMn1_MIAV0_MO40_NTn1_NTA0_NTB0_NTC0_NTD0_NTM0_NEPBS0_NLCA1_NLCB1_ONLL1_PGR1_PLR0_PKA0_SIA1_SS0_SPO0_SRVW0_SSO0_SVW1_SK0_SKFTR0_SKXCCM0_TT2_2_TLDS0_ULSGRO0_USL1_UIOFGRO0_USFGROn1_VSn1_VWA1_VWB1_WSGRA0_WSGRB0_WS64_WG8_8_1",9869,699906434482822,699906434490742,2048,0,28,0,128,64,1,1,256,8,1
"KERNEL_DISPATCH","Agent 1",1,1,29203,424,22,"activation(float*, int, int*)",9872,699906434494382,699906434495902,0,0,8,0,128,256,1,1,8192,1,1
"KERNEL_DISPATCH","Agent 1",1,1,29203,425,23,"join_input(float const*, Scratch*, int, int)",9876,699906434499502,699906434500983,0,0,8,0,128,256,1,1,26880,1,1
"KERNEL_DISPATCH","Agent 1",1,1,29203,426,2483,"Cijk_Alik_Bljk_S_B_Bias_HA_S_SAV_UserArgs_MT16x16x8_SN_LDSB0_AFC1_AFEM1_AFEM1_ASEM1_CLR0_CADS0_DTLA0_DTLB0_DTVA0_DTVB0_EPS1_FDSI0_GRPM1_GRVWA1_GRVWB1_GSUAMB_GLS0_ISA1201_IU1_K1_LDSTI0_LBSPPA0_LBSPPB0_LBSPPM0_LPA0_LPB0_LPM0_LRVW1_LWPMn1_MIAV0_MO40_NTn1_NTA0_NTB0_NTC0_NTD0_NTM0_NEPBS0_NLCA1_NLCB1_ONLL1_PGR1_PLR0_PKA0_SIA1_SS0_SPO0_SRVW0_SSO0_SVW1_SK0_SKFTR0_SKXCCM0_TT2_2_TLDS0_ULSGRO0_USL1_UIOFGRO0_USFGROn1_VSn1_VWA1_VWB1_WSGRA0_WSGRB0_WS64_WG8_8_1",9886,699906434525183,699906434532663,2048,0,28,0,128,64,1,1,256,8,1
"KERNEL_DISPATCH","Agent 1",1,1,29203,427,22,"activation(float*, int, int*)",9889,699906434536983,699906434538263,0,0,8,0,128,256,1,1,8192,1,1
"KERNEL_DISPATCH","Agent 1",1,1,29203,428,23,"join_input(float const*, Scratch*, int, int)",9893,699906434542023,699906434543223,0,0,8,0,128,256,1,1,26880,1,1
"KERNEL_DISPATCH","Agent 1",1,1,29203,429,2483,"Cijk_Alik_Bljk_S_B_Bias_HA_S_SAV_UserArgs_MT16x16x8_SN_LDSB0_AFC1_AFEM1_AFEM1_ASEM1_CLR0_CADS0_DTLA0_DTLB0_DTVA0_DTVB0_EPS1_FDSI0_GRPM1_GRVWA1_GRVWB1_GSUAMB_GLS0_ISA1201_IU1_K1_LDSTI0_LBSPPA0_LBSPPB0_LBSPPM0_LPA0_LPB0_LPM0_LRVW1_LWPMn1_MIAV0_MO40_NTn1_NTA0_NTB0_NTC0_NTD0_NTM0_NEPBS0_NLCA1_NLCB1_ONLL1_PGR1_PLR0_PKA0_SIA1_SS0_SPO0_SRVW0_SSO0_SVW1_SK0_SKFTR0_SKXCCM0_TT2_2_TLDS0_ULSGRO0_USL1_UIOFGRO0_USFGROn1_VSn1_VWA1_VWB1_WSGRA0_WSGRB0_WS64_WG8_8_1",9903,699906434560984,699906434568304,2048,0,28,0,128,64,1,1,256,8,1
"KERNEL_DISPATCH","Agent 1",1,1,29203,430,22,"activation(float*, int, int*)",9906,699906434572384,699906434573744,0,0,8,0,128,256,1,1,8192,1,1
"KERNEL_DISPATCH","Agent 1",1,1,29203,431,23,"join_input(float const*, Scratch*, int, int)",9910,699906434578144,699906434579424,0,0,8,0,128,256,1,1,26880,1,1
"KERNEL_DISPATCH","Agent 1",1,1,29203,432,2483,"Cijk_Alik_Bljk_S_B_Bias_HA_S_SAV_UserArgs_MT16x16x8_SN_LDSB0_AFC1_AFEM1_AFEM1_ASEM1_CLR0_CADS0_DTLA0_DTLB0_DTVA0_DTVB0_EPS1_FDSI0_GRPM1_GRVWA1_GRVWB1_GSUAMB_GLS0_ISA1201_IU1_K1_LDSTI0_LBSPPA0_LBSPPB0_LBSPPM0_LPA0_LPB0_LPM0_LRVW1_LWPMn1_MIAV0_MO40_NTn1_NTA0_NTB0_NTC0_NTD0_NTM0_NEPBS0_NLCA1_NLCB1_ONLL1_PGR1_PLR0_PKA0_SIA1_SS0_SPO0_SRVW0_SSO0_SVW1_SK0_SKFTR0_SKXCCM0_TT2_2_TLDS0_ULSGRO0_USL1_UIOFGRO0_USFGROn1_VSn1_VWA1_VWB1_WSGRA0_WSGRB0_WS64_WG8_8_1",9920,699906434602904,699906434610344,2048,0,28,0,128,64,1,1,256,8,1
"KERNEL_DISPATCH","Agent 1",1,1,29203,433,22,"activation(float*, int, int*)",9923,699906434614424,699906434615824,0,0,8,0,128,256,1,1,8192,1,1
"KERNEL_DISPATCH","Agent 1",1,1,29203,434,20,"final_input(Scratch*, int, int)",9927,699906434619864,699906434621225,0,0,8,0,128,256,1,1,8448,1,1
"KERNEL_DISPATCH","Agent 1",1,1,29203,435,2483,"Cijk_Alik_Bljk_S_B_Bias_HA_S_SAV_UserArgs_MT16x16x8_SN_LDSB0_AFC1_AFEM1_AFEM1_ASEM1_CLR0_CADS0_DTLA0_DTLB0_DTVA0_DTVB0_EPS1_FDSI0_GRPM1_GRVWA1_GRVWB1_GSUAMB_GLS0_ISA1201_IU1_K1_LDSTI0_LBSPPA0_LBSPPB0_LBSPPM0_LPA0_LPB0_LPM0_LRVW1_LWPMn1_MIAV0_MO40_NTn1_NTA0_NTB0_NTC0_NTD0_NTM0_NEPBS0_NLCA1_NLCB1_ONLL1_PGR1_PLR0_PKA0_SIA1_SS0_SPO0_SRVW0_SSO0_SVW1_SK0_SKFTR0_SKXCCM0_TT2_2_TLDS0_ULSGRO0_USL1_UIOFGRO0_USFGROn1_VSn1_VWA1_VWB1_WSGRA0_WSGRB0_WS64_WG8_8_1",9937,699906434651025,699906434654585,2048,0,28,0,128,64,1,1,64,8,1
"KERNEL_DISPATCH","Agent 1",1,1,29203,436,19,"softmax(Scratch*, float const*, float*, int, int*)",9940,699906434659705,699906434671025,0,0,48,0,128,128,1,1,128,1,1
"KERNEL_DISPATCH","Agent 1",1,1,29203,437,18,"transpose_weights(Net const*, Scratch*, int, int)",9944,699906434675345,699906434676705,0,0,8,0,128,256,1,1,1024,1,1
"KERNEL_DISPATCH","Agent 1",1,1,29203,438,2483,"Cijk_Alik_Bljk_S_B_Bias_HA_S_SAV_UserArgs_MT16x16x8_SN_LDSB0_AFC1_AFEM1_AFEM1_ASEM1_CLR0_CADS0_DTLA0_DTLB0_DTVA0_DTVB0_EPS1_FDSI0_GRPM1_GRVWA1_GRVWB1_GSUAMB_GLS0_ISA1201_IU1_K1_LDSTI0_LBSPPA0_LBSPPB0_LBSPPM0_LPA0_LPB0_LPM0_LRVW1_LWPMn1_MIAV0_MO40_NTn1_NTA0_NTB0_NTC0_NTD0_NTM0_NEPBS0_NLCA1_NLCB1_ONLL1_PGR1_PLR0_PKA0_SIA1_SS0_SPO0_SRVW0_SSO0_SVW1_SK0_SKFTR0_SKXCCM0_TT2_2_TLDS0_ULSGRO0_USL1_UIOFGRO0_USFGROn1_VSn1_VWA1_VWB1_WSGRA0_WSGRB0_WS64_WG8_8_1",9954,699906434705146,699906434707386,2048,0,28,0,128,64,1,1,256,8,1
"KERNEL_DISPATCH","Agent 1",1,1,29203,439,17,"derivative(Scratch*, int, int, int*)",9957,699906434712026,699906434713306,0,0,8,0,128,256,1,1,8192,1,1
"KERNEL_DISPATCH","Agent 1",1,1,29203,440,18,"transpose_weights(Net const*, Scratch*, int, int)",9961,699906434716946,699906434718506,0,0,8,0,128,256,1,1,4096,1,1
"KERNEL_DISPATCH","Agent 1",1,1,29203,441,2483,"Cijk_Alik_Bljk_S_B_Bias_HA_S_SAV_UserArgs_MT16x16x8_SN_LDSB0_AFC1_AFEM1_AFEM1_ASEM1_CLR0_CADS0_DTLA0_DTLB0_DTVA0_DTVB0_EPS1_FDSI0_GRPM1_GRVWA1_GRVWB1_GSUAMB_GLS0_ISA1201_IU1_K1_LDSTI0_LBSPPA0_LBSPPB0_LBSPPM0_LPA0_LPB0_LPM0_LRVW1_LWPMn1_MIAV0_MO40_NTn1_NTA0_NTB0_NTC0_NTD0_NTM0_NEPBS0_NLCA1_NLCB1_ONLL1_PGR1_PLR0_PKA0_SIA1_SS0_SPO0_SRVW0_SSO0_SVW1_SK0_SKFTR0_SKXCCM0_TT2_2_TLDS0_ULSGRO0_USL1_UIOFGRO0_USFGROn1_VSn1_VWA1_VWB1_WSGRA0_WSGRB0_WS64_WG8_8_1",9971,699906434755067,699906434758547,2048,0,28,0,128,64,1,1,256,8,1
"KERNEL_DISPATCH","Agent 1",1,1,29203,442,17,"derivative(Scratch*, int, int, int*)",9974,699906434765027,699906434766667,0,0,8,0,128,256,1,1,8192,1,1
"KERNEL_DISPATCH","Agent 1",1,1,29203,443,18,"transpose_weights(Net const*, Scratch*, int, int)",9978,699906434770307,699906434771747,0,0,8,0,128,256,1,1,4096,1,1
"KERNEL_DISPATCH","Agent 1",1,1,29203,444,2483,"Cijk_Alik_Bljk_S_B_Bias_HA_S_SAV_UserArgs_MT16x16x8_SN_LDSB0_AFC1_AFEM1_AFEM1_ASEM1_CLR0_CADS0_DTLA0_DTLB0_DTVA0_DTVB0_EPS1_FDSI0_GRPM1_GRVWA1_GRVWB1_GSUAMB_GLS0_ISA1201_IU1_K1_LDSTI0_LBSPPA0_LBSPPB0_LBSPPM0_LPA0_LPB0_LPM0_LRVW1_LWPMn1_MIAV0_MO40_NTn1_NTA0_NTB0_NTC0_NTD0_NTM0_NEPBS0_NLCA1_NLCB1_ONLL1_PGR1_PLR0_PKA0_SIA1_SS0_SPO0_SRVW0_SSO0_SVW1_SK0_SKFTR0_SKXCCM0_TT2_2_TLDS0_ULSGRO0_USL1_UIOFGRO0_USFGROn1_VSn1_VWA1_VWB1_WSGRA0_WSGRB0_WS64_WG8_8_1",9988,699906434812708,699906434817188,2048,0,28,0,128,64,1,1,256,8,1
"KERNEL_DISPATCH","Agent 1",1,1,29203,445,17,"derivative(Scratch*, int, int, int*)",9991,699906434823068,699906434824628,0,0,8,0,128,256,1,1,8192,1,1
"KERNEL_DISPATCH","Agent 1",1,1,29203,446,18,"transpose_weights(Net const*, Scratch*, int, int)",9995,699906434828188,699906434831388,0,0,8,0,128,256,1,1,4096,1,1
"KERNEL_DISPATCH","Agent 1",1,1,29203,447,2483,"Cijk_Alik_Bljk_S_B_Bias_HA_S_SAV_UserArgs_MT16x16x8_SN_LDSB0_AFC1_AFEM1_AFEM1_ASEM1_CLR0_CADS0_DTLA0_DTLB0_DTVA0_DTVB0_EPS1_FDSI0_GRPM1_GRVWA1_GRVWB1_GSUAMB_GLS0_ISA1201_IU1_K1_LDSTI0_LBSPPA0_LBSPPB0_LBSPPM0_LPA0_LPB0_LPM0_LRVW1_LWPMn1_MIAV0_MO40_NTn1_NTA0_NTB0_NTC0_NTD0_NTM0_NEPBS0_NLCA1_NLCB1_ONLL1_PGR1_PLR0_PKA0_SIA1_SS0_SPO0_SRVW0_SSO0_SVW1_SK0_SKFTR0_SKXCCM0_TT2_2_TLDS0_ULSGRO0_USL1_UIOFGRO0_USFGROn1_VSn1_VWA1_VWB1_WSGRA0_WSGRB0_WS64_WG8_8_1",10005,699906434860789,699906434864109,2048,0,28,0,128,64,1,1,256,8,1
"KERNEL_DISPATCH","Agent 1",1,1,29203,448,17,"derivative(Scratch*, int, int, int*)",10008,699906434869389,699906434870709,0,0,8,0,128,256,1,1,8192,1,1
"KERNEL_DISPATCH","Agent 1",1,1,29203,449,2489,"Cijk_Ailk_Bjlk_S_B_Bias_HA_S_SAV_UserArgs_MT8x8x8_SN_LDSB0_AFC1_AFEM1_AFEM1_ASEM1_CLR0_CADS0_DTLA0_DTLB0_DTVA0_DTVB0_EPS1_FDSI0_GRPM1_GRVWA1_GRVWB1_GSUAMB_GLS0_ISA1201_IU1_K1_LDSTI0_LBSPPA0_LBSPPB0_LBSPPM0_LPA0_LPB0_LPM0_LRVW1_LWPMn1_MIAV0_MO40_NTn1_NTA0_NTB0_NTC0_NTD0_NTM0_NEPBS0_NLCA1_NLCB1_ONLL1_PGR1_PLR0_PKA0_SIA1_SS0_SPO0_SRVW0_SSO0_SVW1_SK0_SKFTR0_SKXCCM0_TT1_1_TLDS0_ULSGRO0_USL1_UIOFGRO0_USFGROn1_VSn1_VWA1_VWB1_WSGRA0_WSGRB0_WS64_WG8_8_1",10018,699906434891949,699906434909349,2048,0,24,0,128,64,1,1,576,2,1
"KERNEL_DISPATCH","Agent 1",1,1,29203,450,2487,"Cijk_Ailk_Bjlk_S_B_Bias_HA_S_SAV_UserArgs_MT16x16x16_SN_LDSB0_AFC1_AFEM1_AFEM1_ASEM1_CLR0_CADS0_DTLA0_DTLB0_DTVA0_DTVB0_EPS1_FDSI0_GRPM1_GRVWA1_GRVWB1_GSUAMB_GLS0_ISA1201_IU1_K1_LDSTI0_LBSPPA0_LBSPPB0_LBSPPM0_LPA0_LPB0_LPM0_LRVW1_LWPMn1_MIAV0_MO40_NTn1_NTA0_NTB0_NTC0_NTD0_NTM0_NEPBS0_NLCA1_NLCB1_ONLL1_PGR1_PLR0_PKA0_SIA1_SS0_SPO0_SRVW0_SSO0_SVW1_SK0_SKFTR0_SKXCCM0_TT2_2_TLDS0_ULSGRO0_USL1_UIOFGRO0_USFGROn1_VSn1_VWA1_VWB1_WSGRA0_WSGRB0_WS64_WG8_8_1",10027,699906434913309,699906434927270,4096,0,32,0,128,64,1,1,896,4,1
"KERNEL_DISPATCH","Agent 1",1,1,29203,451,21,"check_weights(float const*, int, int*)",10030,699906434932310,699906434933630,0,0,8,0,128,256,1,1,53504,1,1
"KERNEL_DISPATCH","Agent 1",1,1,29203,452,21,"check_weights(float const*, int, int*)",10034,699906434937230,699906434938430,0,0,8,0,128,256,1,1,1280,1,1
"KERNEL_DISPATCH","Agent 1",1,1,29203,453,16,"reduce_loss(float const*, int, int*, float*)",10038,699906434945070,699906434950550,0,0,16,0,128,1,1,1,1,1,1
"KERNEL_DISPATCH","Agent 1",1,1,29203,454,23,"join_input(float const*, Scratch*, int, int)",10042,699906434955550,699906434957310,0,0,8,0,128,256,1,1,26880,1,1
"KERNEL_DISPATCH","Agent 1",1,1,29203,455,2483,"Cijk_Alik_Bljk_S_B_Bias_HA_S_SAV_UserArgs_MT16x16x8_SN_LDSB0_AFC1_AFEM1_AFEM1_ASEM1_CLR0_CADS0_DTLA0_DTLB0_DTVA0_DTVB0_EPS1_FDSI0_GRPM1_GRVWA1_GRVWB1_GSUAMB_GLS0_ISA1201_IU1_K1_LDSTI0_LBSPPA0_LBSPPB0_LBSPPM0_LPA0_LPB0_LPM0_LRVW1_LWPMn1_MIAV0_MO40_NTn1_NTA0_NTB0_NTC0_NTD0_NTM0_NEPBS0_NLCA1_NLCB1_ONLL1_PGR1_PLR0_PKA0_SIA1_SS0_SPO0_SRVW0_SSO0_SVW1_SK0_SKFTR0_SKXCCM0_TT2_2_TLDS0_ULSGRO0_USL1_UIOFGRO0_USFGROn1_VSn1_VWA1_VWB1_WSGRA0_WSGRB0_WS64_WG8_8_1",10052,699906434991031,699906434999311,2048,0,28,0,128,64,1,1,256,8,1
"KERNEL_DISPATCH","Agent 1",1,1,29203,456,22,"activation(float*, int, int*)",10055,699906435003151,699906435004391,0,0,8,0,128,256,1,1,8192,1,1
"KERNEL_DISPATCH","Agent 1",1,1,29203,457,23,"join_input(float const*, Scratch*, int, int)",10059,699906435007911,699906435009431,0,0,8,0,128,256,1,1,26880,1,1
"KERNEL_DISPATCH","Agent 1",1,1,29203,458,2483,"Cijk_Alik_Bljk_S_B_Bias_HA_S_SAV_UserArgs_MT16x16x8_SN_LDSB0_AFC1_AFEM1_AFEM1_ASEM1_CLR0_CADS0_DTLA0_DTLB0_DTVA0_DTVB0_EPS1_FDSI0_GRPM1_GRVWA1_GRVWB1_GSUAMB_GLS0_ISA1201_IU1_K1_LDSTI0_LBSPPA0_LBSPPB0_LBSPPM0_LPA0_LPB0_LPM0_LRVW1_LWPMn1_MIAV0_MO40_NTn1_NTA0_NTB0_NTC0_NTD0_NTM0_NEPBS0_NLCA1_NLCB1_ONLL1_PGR1_PLR0_PKA0_SIA1_SS0_SPO0_SRVW0_SSO0_SVW1_SK0_SKFTR0_SKXCCM0_TT2_2_TLDS0_ULSGRO0_USL1_UIOFGRO0_USFGROn1_VSn1_VWA1_VWB1_WSGRA0_WSGRB0_WS64_WG8_8_1",10069,699906435034271,699906435041672,2048,0,28,0,128,64,1,1,256,8,1
"KERNEL_DISPATCH","Agent 1",1,1,29203,459,22,"activation(float*, int, int*)",10072,699906435045592,699906435046912,0,0,8,0,128,256,1,1,8192,1,1
"KERNEL_DISPATCH","Agent 1",1,1,29203,460,23,"join_input(float const*, Scratch*, int, int)",10076,699906435052392,699906435054432,0,0,8,0,128,256,1,1,26880,1,1
"KERNEL_DISPATCH","Agent 1",1,1,29203,461,2483,"Cijk_Alik_Bljk_S_B_Bias_HA_S_SAV_UserArgs_MT16x16x8_SN_LDSB0_AFC1_AFEM1_AFEM1_ASEM1_CLR0_CADS0_DTLA0_DTLB0_DTVA0_DTVB0_EPS1_FDSI0_GRPM1_GRVWA1_GRVWB1_GSUAMB_GLS0_ISA1201_IU1_K1_LDSTI0_LBSPPA0_LBSPPB0_LBSPPM0_LPA0_LPB0_LPM0_LRVW1_LWPMn1_MIAV0_MO40_NTn1_NTA0_NTB0_NTC0_NTD0_NTM0_NEPBS0_NLCA1_NLCB1_ONLL1_PGR1_PLR0_PKA0_SIA1_SS0_SPO0_SRVW0_SSO0_SVW1_SK0_SKFTR0_SKXCCM0_TT2_2_TLDS0_ULSGRO0_USL1_UIOFGRO0_USFGROn1_VSn1_VWA1_VWB1_WSGRA0_WSGRB0_WS64_WG8_8_1",10086,699906435074952,699906435083112,2048,0,28,0,128,64,1,1,256,8,1
"KERNEL_DISPATCH","Agent 1",1,1,29203,462,22,"activation(float*, int, int*)",10089,699906435087952,699906435089152,0,0,8,0,128,256,1,1,8192,1,1
"KERNEL_DISPATCH","Agent 1",1,1,29203,463,23,"join_input(float const*, Scratch*, int, int)",10093,699906435094592,699906435095952,0,0,8,0,128,256,1,1,26880,1,1
"KERNEL_DISPATCH","Agent 1",1,1,29203,464,2483,"Cijk_Alik_Bljk_S_B_Bias_HA_S_SAV_UserArgs_MT16x16x8_SN_LDSB0_AFC1_AFEM1_AFEM1_ASEM1_CLR0_CADS0_DTLA0_DTLB0_DTVA0_DTVB0_EPS1_FDSI0_GRPM1_GRVWA1_GRVWB1_GSUAMB_GLS0_ISA1201_IU1_K1_LDSTI0_LBSPPA0_LBSPPB0_LBSPPM0_LPA0_LPB0_LPM0_LRVW1_LWPMn1_MIAV0_MO40_NTn1_NTA0_NTB0_NTC0_NTD0_NTM0_NEPBS0_NLCA1_NLCB1_ONLL1_PGR1_PLR0_PKA0_SIA1_SS0_SPO0_SRVW0_SSO0_SVW1_SK0_SKFTR0_SKXCCM0_TT2_2_TLDS0_ULSGRO0_USL1_UIOFGRO0_USFGROn1_VSn1_VWA1_VWB1_WSGRA0_WSGRB0_WS64_WG8_8_1",10103,699906435114873,699906435122713,2048,0,28,0,128,64,1,1,256,8,1
"KERNEL_DISPATCH","Agent 1",1,1,29203,465,22,"activation(float*, int, int*)",10106,699906435126393,699906435128393,0,0,8,0,128,256,1,1,8192,1,1
"KERNEL_DISPATCH","Agent 1",1,1,29203,466,20,"final_input(Scratch*, int, int)",10110,699906435132673,699906435133793,0,0,8,0,128,256,1,1,8448,1,1
"KERNEL_DISPATCH","Agent 1",1,1,29203,467,2483,"Cijk_Alik_Bljk_S_B_Bias_HA_S_SAV_UserArgs_MT16x16x8_SN_LDSB0_AFC1_AFEM1_AFEM1_ASEM1_CLR0_CADS0_DTLA0_DTLB0_DTVA0_DTVB0_EPS1_FDSI0_GRPM1_GRVWA1_GRVWB1_GSUAMB_GLS0_ISA1201_IU1_K1_LDSTI0_LBSPPA0_LBSPPB0_LBSPPM0_LPA0_LPB0_LPM0_LRVW1_LWPMn1_MIAV0_MO40_NTn1_NTA0_NTB0_NTC0_NTD0_NTM0_NEPBS0_NLCA1_NLCB1_ONLL1_PGR1_PLR0_PKA0_SIA1_SS0_SPO0_SRVW0_SSO0_SVW1_SK0_SKFTR0_SKXCCM0_TT2_2_TLDS0_ULSGRO0_USL1_UIOFGRO0_USFGROn1_VSn1_VWA1_VWB1_WSGRA0_WSGRB0_WS64_WG8_8_1",10120,699906435160474,699906435163954,2048,0,28,0,128,64,1,1,64,8,1
"KERNEL_DISPATCH","Agent 1",1,1,29203,468,19,"softmax(Scratch*, float const*, float*, int, int*)",10123,699906435167954,699906435179234,0,0,48,0,128,128,1,1,128,1,1
"KERNEL_DISPATCH","Agent 1",1,1,29203,469,18,"transpose_weights(Net const*, Scratch*, int, int)",10127,699906435182834,699906435184314,0,0,8,0,128,256,1,1,1024,1,1
"KERNEL_DISPATCH","Agent 1",1,1,29203,470,2483,"Cijk_Alik_Bljk_S_B_Bias_HA_S_SAV_UserArgs_MT16x16x8_SN_LDSB0_AFC1_AFEM1_AFEM1_ASEM1_CLR0_CADS0_DTLA0_DTLB0_DTVA0_DTVB0_EPS1_FDSI0_GRPM1_GRVWA1_GRVWB1_GSUAMB_GLS0_ISA1201_IU1_K1_LDSTI0_LBSPPA0_LBSPPB0_LBSPPM0_LPA0_LPB0_LPM0_LRVW1_LWPMn1_MIAV0_MO40_NTn1_NTA0_NTB0_NTC0_NTD0_NTM0_NEPBS0_NLCA1_NLCB1_ONLL1_PGR1_PLR0_PKA0_SIA1_SS0_SPO0_SRVW0_SSO0_SVW1_SK0_SKFTR0_SKXCCM0_TT2_2_TLDS0_ULSGRO0_USL1_UIOFGRO0_USFGROn1_VSn1_VWA1_VWB1_WSGRA0_WSGRB0_WS64_WG8_8_1",10137,699906435187874,699906435189994,2048,0,28,0,128,64,1,1,256,8,1
"KERNEL_DISPATCH","Agent 1",1,1,29203,471,17,"derivative(Scratch*, int, int, int*)",10140,699906435193474,699906435194674,0,0,8,0,128,256,1,1,8192,1,1
"KERNEL_DISPATCH","Agent 1",1,1,29203,472,18,"transpose_weights(Net const*, Scratch*, int, int)",10144,699906435198114,699906435199274,0,0,8,0,128,256,1,1,4096,1,1
"KERNEL_DISPATCH","Agent 1",1,1,29203,473,2483,"Cijk_Alik_Bljk_S_B_Bias_HA_S_SAV_UserArgs_MT16x16x8_SN_LDSB0_AFC1_AFEM1_AFEM1_ASEM1_CLR0_CADS0_DTLA0_DTLB0_DTVA0_DTVB0_EPS1_FDSI0_GRPM1_GRVWA1_GRVWB1_GSUAMB_GLS0_ISA1201_IU1_K1_LDSTI0_LBSPPA0_LBSPPB0_LBSPPM0_LPA0_LPB0_LPM0_LRVW1_LWPMn1_MIAV0_MO40_NTn1_NTA0_NTB0_NTC0_NTD0_NTM0_NEPBS0_NLCA1_NLCB1_ONLL1_PGR1_PLR0_PKA0_SIA1_SS0_SPO0_SRVW0_SSO0_SVW1_SK0_SKFTR0_SKXCCM0_TT2_2_TLDS0_ULSGRO0_USL1_UIOFGRO0_USFGROn1_VSn1_VWA1_VWB1_WSGRA0_WSGRB0_WS64_WG8_8_1",10154,699906435360157,699906435363317,2048,0,28,0,128,64,1,1,256,8,1
"KERNEL_DISPATCH","Agent 1",1,1,29203,474,17,"derivative(Scratch*, int, int, int*)",10157,699906435366757,699906435367957,0,0,8,0,128,256,1,1,8192,1,1
"KERNEL_DISPATCH","Agent 1",1,1,29203,475,18,"transpose_weights(Net const*, Scratch*, int, int)",10161,699906435371797,699906435383117,0,0,8,0,128,256,1,1,4096,1,1
"KERNEL_DISPATCH","Agent 1",1,1,29203,476,2483,"Cijk_Alik_Bljk_S_B_Bias_HA_S_SAV_UserArgs_MT16x16x8_SN_LDSB0_AFC1_AFEM1_AFEM1_ASEM1_CLR0_CADS0_DTLA0_DTLB0_DTVA0_DTVB0_EPS1_FDSI0_GRPM1_GRVWA1_GRVWB1_GSUAMB_GLS0_ISA1201_IU1_K1_LDSTI0_LBSPPA0_LBSPPB0_LBSPPM0_LPA0_LPB0_LPM0_LRVW1_LWPMn1_MIAV0_MO40_NTn1_NTA0_NTB0_NTC0_NTD0_NTM0_NEPBS0_NLCA1_NLCB1_ONLL1_PGR1_PLR0_PKA0_SIA1_SS0_SPO0_SRVW0_SSO0_SVW1_SK0_SKFTR0_SKXCCM0_TT2_2_TLDS0_ULSGRO0_USL1_UIOFGRO0_USFGROn1_VSn1_VWA1_VWB1_WSGRA0_WSGRB0_WS64_WG8_8_1",10171,699906435386557,699906435389677,2048,0,28,0,128,64,1,1,256,8,1
"KERNEL_DISPATCH","Agent 1",1,1,29203,477,17,"derivative(Scratch*, int, int, int*)",10174,699906435393037,699906435394197,0,0,8,0,128,256,1,1,8192,1,1
"KERNEL_DISPATCH","Agent 1",1,1,29203,478,18,"transpose_weights(Net const*, Scratch*, int, int)",10178,699906435397518,699906435398758,0,0,8,0,128,256,1,1,4096,1,1
"KERNEL_DISPATCH","Agent 1",1,1,29203,479,2483,"Cijk_Alik_Bljk_S_B_Bias_HA_S_SAV_UserArgs_MT16x16x8_SN_LDSB0_AFC1_AFEM1_AFEM1_ASEM1_CLR0_CADS0_DTLA0_DTLB0_DTVA0_DTVB0_EPS1_FDSI0_GRPM1_GRVWA1_GRVWB1_GSUAMB_GLS0_ISA1201_IU1_K1_LDSTI0_LBSPPA0_LBSPPB0_LBSPPM0_LPA0_LPB0_LPM0_LRVW1_LWPMn1_MIAV0_MO40_NTn1_NTA0_NTB0_NTC0_NTD0_NTM0_NEPBS0_NLCA1_NLCB1_ONLL1_PGR1_PLR0_PKA0_SIA1_SS0_SPO0_SRVW0_SSO0_SVW1_SK0_SKFTR0_SKXCCM0_TT2_2_TLDS0_ULSGRO0_USL1_UIOFGRO0_USFGROn1_VSn1_VWA1_VWB1_WSGRA0_WSGRB0_WS64_WG8_8_1",10188,699906435402398,699906435405638,2048,0,28,0,128,64,1,1,256,8,1
"KERNEL_DISPATCH","Agent 1",1,1,29203,480,17,"derivative(Scratch*, int, int, int*)",10191,699906435409118,699906435410198,0,0,8,0,128,256,1,1,8192,1,1
"KERNEL_DISPATCH","Agent 1",1,1,29203,481,2489,"Cijk_Ailk_Bjlk_S_B_Bias_HA_S_SAV_UserArgs_MT8x8x8_SN_LDSB0_AFC1_AFEM1_AFEM1_ASEM1_CLR0_CADS0_DTLA0_DTLB0_DTVA0_DTVB0_EPS1_FDSI0_GRPM1_GRVWA1_GRVWB1_GSUAMB_GLS0_ISA1201_IU1_K1_LDSTI0_LBSPPA0_LBSPPB0_LBSPPM0_LPA0_LPB0_LPM0_LRVW1_LWPMn1_MIAV0_MO40_NTn1_NTA0_NTB0_NTC0_NTD0_NTM0_NEPBS0_NLCA1_NLCB1_ONLL1_PGR1_PLR0_PKA0_SIA1_SS0_SPO0_SRVW0_SSO0_SVW1_SK0_SKFTR0_SKXCCM0_TT1_1_TLDS0_ULSGRO0_USL1_UIOFGRO0_USFGROn1_VSn1_VWA1_VWB1_WSGRA0_WSGRB0_WS64_WG8_8_1",10201,699906435434358,699906435439198,2048,0,24,0,128,64,1,1,576,2,1
"KERNEL_DISPATCH","Agent 1",1,1,29203,482,2487,"Cijk_Ailk_Bjlk_S_B_Bias_HA_S_SAV_UserArgs_MT16x16x16_SN_LDSB0_AFC1_AFEM1_AFEM1_ASEM1_CLR0_CADS0_DTLA0_DTLB0_DTVA0_DTVB0_EPS1_FDSI0_GRPM1_GRVWA1_GRVWB1_GSUAMB_GLS0_ISA1201_IU1_K1_LDSTI0_LBSPPA0_LBSPPB0_LBSPPM0_LPA0_LPB0_LPM0_LRVW1_LWPMn1_MIAV0_MO40_NTn1_NTA0_NTB0_NTC0_NTD0_NTM0_NEPBS0_NLCA1_NLCB1_ONLL1_PGR1_PLR0_PKA0_SIA1_SS0_SPO0_SRVW0_SSO0_SVW1_SK0_SKFTR0_SKXCCM0_TT2_2_TLDS0_ULSGRO0_USL1_UIOFGRO0_USFGROn1_VSn1_VWA1_VWB1_WSGRA0_WSGRB0_WS64_WG8_8_1",10210,699906435442598,699906435456438,4096,0,32,0,128,64,1,1,896,4,1
"KERNEL_DISPATCH","Agent 1",1,1,29203,483,21,"check_weights(float const*, int, int*)",10213,699906435459799,699906435461279,0,0,8,0,128,256,1,1,53504,1,1
"KERNEL_DISPATCH","Agent 1",1,1,29203,484,21,"check_weights(float const*, int, int*)",10217,699906435464759,699906435465839,0,0,8,0,128,256,1,1,1280,1,1
"KERNEL_DISPATCH","Agent 1",1,1,29203,485,16,"reduce_loss(float const*, int, int*, float*)",10221,699906435469399,699906435474079,0,0,16,0,128,1,1,1,1,1,1
"KERNEL_DISPATCH","Agent 1",1,1,29203,486,23,"join_input(float const*, Scratch*, int, int)",10225,699906435477839,699906435479119,0,0,8,0,128,256,1,1,26880,1,1
"KERNEL_DISPATCH","Agent 1",1,1,29203,487,2483,"Cijk_Alik_Bljk_S_B_Bias_HA_S_SAV_UserArgs_MT16x16x8_SN_LDSB0_AFC1_AFEM1_AFEM1_ASEM1_CLR0_CADS0_DTLA0_DTLB0_DTVA0_DTVB0_EPS1_FDSI0_GRPM1_GRVWA1_GRVWB1_GSUAMB_GLS0_ISA1201_IU1_K1_LDSTI0_LBSPPA0_LBSPPB0_LBSPPM0_LPA0_LPB0_LPM0_LRVW1_LWPMn1_MIAV0_MO40_NTn1_NTA0_NTB0_NTC0_NTD0_NTM0_NEPBS0_NLCA1_NLCB1_ONLL1_PGR1_PLR0_PKA0_SIA1_SS0_SPO0_SRVW0_SSO0_SVW1_SK0_SKFTR0_SKXCCM0_TT2_2_TLDS0_ULSGRO0_USL1_UIOFGRO0_USFGROn1_VSn1_VWA1_VWB1_WSGRA0_WSGRB0_WS64_WG8_8_1",10235,699906435482519,699906435490199,2048,0,28,0,128,64,1,1,256,8,1
"KERNEL_DISPATCH","Agent 1",1,1,29203,488,22,"activation(float*, int, int*)",10238,699906435493679,699906435494879,0,0,8,0,128,256,1,1,8192,1,1
"KERNEL_DISPATCH","Agent 1",1,1,29203,489,23,"join_input(float const*, Scratch*, int, int)",10242,699906435498319,699906435510399,0,0,8,0,128,256,1,1,26880,1,1
"KERNEL_DISPATCH","Agent 1",1,1,29203,490,2483,"Cijk_Alik_Bljk_S_B_Bias_HA_S_SAV_UserArgs_MT16x16x8_SN_LDSB0_AFC1_AFEM1_AFEM1_ASEM1_CLR0_CADS0_DTLA0_DTLB0_DTVA0_DTVB0_EPS1_FDSI0_GRPM1_GRVWA1_GRVWB1_GSUAMB_GLS0_ISA1201_IU1_K1_LDSTI0_LBSPPA0_LBSPPB0_LBSPPM0_LPA0_LPB0_LPM0_LRVW1_LWPMn1_MIAV0_MO40_NTn1_NTA0_NTB0_NTC0_NTD0_NTM0_NEPBS0_NLCA1_NLCB1_ONLL1_PGR1_PLR0_PKA0_SIA1_SS0_SPO0_SRVW0_SSO0_SVW1_SK0_SKFTR0_SKXCCM0_TT2_2_TLDS0_ULSGRO0_USL1_UIOFGRO0_USFGROn1_VSn1_VWA1_VWB1_WSGRA0_WSGRB0_WS64_WG8_8_1",10252,699906435514119,699906435521440,2048,0,28,0,128,64,1,1,256,8,1
"KERNEL_DISPATCH","Agent 1",1,1,29203,491,22,"activation(float*, int, int*)",10255,699906435524760,699906435525960,0,0,8,0,128,256,1,1,8192,1,1
"KERNEL_DISPATCH","Agent 1",1,1,29203,492,23,"join_input(float const*, Scratch*, int, int)",10259,699906435529280,699906435530960,0,0,8,0,128,256,1,1,26880,1,1
"KERNEL_DISPATCH","Agent 1",1,1,29203,493,2483,"Cijk_Alik_Bljk_S_B_Bias_HA_S_SAV_UserArgs_MT16x16x8_SN_LDSB0_AFC1_AFEM1_AFEM1_ASEM1_CLR0_CADS0_DTLA0_DTLB0_DTVA0_DTVB0_EPS1_FDSI0_GRPM1_GRVWA1_GRVWB1_GSUAMB_GLS0_ISA1201_IU1_K1_LDSTI0_LBSPPA0_LBSPPB0_LBSPPM0_LPA0_LPB0_LPM0_LRVW1_LWPMn1_MIAV0_MO40_NTn1_NTA0_NTB0_NTC0_NTD0_NTM0_NEPBS0_NLCA1_NLCB1_ONLL1_PGR1_PLR0_PKA0_SIA1_SS0_SPO0_SRVW0_SSO0_SVW1_SK0_SKFTR0_SKXCCM0_TT2_2_TLDS0_ULSGRO0_USL1_UIOFGRO0_USFGROn1_VSn1_VWA1_VWB1_WSGRA0_WSGRB0_WS64_WG8_8_1",10269,699906435534200,699906435541800,2048,0,28,0,128,64,1,1,256,8,1
"KERNEL_DISPATCH","Agent 1",1,1,29203,494,22,"activation(float*, int, int*)",10272,699906435545320,699906435546520,0,0,8,0,128,256,1,1,8192,1,1
"KERNEL_DISPATCH","Agent 1",1,1,29203,495,23,"join_input(float const*, Scratch*, int, int)",10276,699906435550040,699906435551520,0,0,8,0,128,256,1,1,26880,1,1
"KERNEL_DISPATCH","Agent 1",1,1,29203,496,2483,"Cijk_Alik_Bljk_S_B_Bias_HA_S_SAV_UserArgs_MT16x16x8_SN_LDSB0_AFC1_AFEM1_AFEM1_ASEM1_CLR0_CADS0_DTLA0_DTLB0_DTVA0_DTVB0_EPS1_FDSI0_GRPM1_GRVWA1_GRVWB1_GSUAMB_GLS0_ISA1201_IU1_K1_LDSTI0_LBSPPA0_LBSPPB0_LBSPPM0_LPA0_LPB0_LPM0_LRVW1_LWPMn1_MIAV0_MO40_NTn1_NTA0_NTB0_NTC0_NTD0_NTM0_NEPBS0_NLCA1_NLCB1_ONLL1_PGR1_PLR0_PKA0_SIA1_SS0_SPO0_SRVW0_SSO0_SVW1_SK0_SKFTR0_SKXCCM0_TT2_2_TLDS0_ULSGRO0_USL1_UIOFGRO0_USFGROn1_VSn1_VWA1_VWB1_WSGRA0_WSGRB0_WS64_WG8_8_1",10286,699906435566920,699906435574240,2048,0,28,0,128,64,1,1,256,8,1
"KERNEL_DISPATCH","Agent 1",1,1,29203,497,22,"activation(float*, int, int*)",10289,699906435577641,699906435578801,0,0,8,0,128,256,1,1,8192,1,1
"KERNEL_DISPATCH","Agent 1",1,1,29203,498,20,"final_input(Scratch*, int, int)",10293,699906435582241,699906435583441,0,0,8,0,128,256,1,1,8448,1,1
"KERNEL_DISPATCH","Agent 1",1,1,29203,499,2483,"Cijk_Alik_Bljk_S_B_Bias_HA_S_SAV_UserArgs_MT16x16x8_SN_LDSB0_AFC1_AFEM1_AFEM1_ASEM1_CLR0_CADS0_DTLA0_DTLB0_DTVA0_DTVB0_EPS1_FDSI0_GRPM1_GRVWA1_GRVWB1_GSUAMB_GLS0_ISA1201_IU1_K1_LDSTI0_LBSPPA0_LBSPPB0_LBSPPM0_LPA0_LPB0_LPM0_LRVW1_LWPMn1_MIAV0_MO40_NTn1_NTA0_NTB0_NTC0_NTD0_NTM0_NEPBS0_NLCA1_NLCB1_ONLL1_PGR1_PLR0_PKA0_SIA1_SS0_SPO0_SRVW0_SSO0_SVW1_SK0_SKFTR0_SKXCCM0_TT2_2_TLDS0_ULSGRO0_USL1_UIOFGRO0_USFGROn1_VSn1_VWA1_VWB1_WSGRA0_WSGRB0_WS64_WG8_8_1",10303,699906435587081,699906435590481,2048,0,28,0,128,64,1,1,64,8,1
"KERNEL_DISPATCH","Agent 1",1,1,29203,500,19,"softmax(Scratch*, float const*, float*, int, int*)",10306,699906435594281,699906435605521,0,0,48,0,128,128,1,1,128,1,1
"KERNEL_DISPATCH","Agent 1",1,1,29203,501,18,"transpose_weights(Net const*, Scratch*, int, int)",10310,699906435609121,699906435610281,0,0,8,0,128,256,1,1,1024,1,1
"KERNEL_DISPATCH","Agent 1",1,1,29203,502,2483,"Cijk_Alik_Bljk_S_B_Bias_HA_S_SAV_UserArgs_MT16x16x8_SN_LDSB0_AFC1_AFEM1_AFEM1_ASEM1_CLR0_CADS0_DTLA0_DTLB0_DTVA0_DTVB0_EPS1_FDSI0_GRPM1_GRVWA1_GRVWB1_GSUAMB_GLS0_ISA1201_IU1_K1_LDSTI0_LBSPPA0_LBSPPB0_LBSPPM0_LPA0_LPB0_LPM0_LRVW1_LWPMn1_MIAV0_MO40_NTn1_NTA0_NTB0_NTC0_NTD0_NTM0_NEPBS0_NLCA1_NLCB1_ONLL1_PGR1_PLR0_PKA0_SIA1_SS0_SPO0_SRVW0_SSO0_SVW1_SK0_SKFTR0_SKXCCM0_TT2_2_TLDS0_ULSGRO0_USL1_UIOFGRO0_USFGROn1_VSn1_VWA1_VWB1_WSGRA0_WSGRB0_WS64_WG8_8_1",10320,699906435613481,699906435615601,2048,0,28,0,128,64,1,1,256,8,1
"KERNEL_DISPATCH","Agent 1",1,1,29203,503,17,"derivative(Scratch*, int, int, int*)",10323,699906435619001,699906435620361,0,0,8,0,128,256,1,1,8192,1,1
"KERNEL_DISPATCH","Agent 1",1,1,29203,504,18,"transpose_weights(Net const*, Scratch*, int, int)",10327,699906435623921,699906435625481,0,0,8,0,128,256,1,1,4096,1,1
"KERNEL_DISPATCH","Agent 1",1,1,29203,505,2483,"Cijk_Alik_Bljk_S_B_Bias_HA_S_SAV_UserArgs_MT16x16x8_SN_LDSB0_AFC1_AFEM1_AFEM1_ASEM1_CLR0_CADS0_DTLA0_DTLB0_DTVA0_DTVB0_EPS1_FDSI0_GRPM1_GRVWA1_GRVWB1_GSUAMB_GLS0_ISA1201_IU1_K1_LDSTI0_LBSPPA0_LBSPPB0_LBSPPM0_LPA0_LPB0_LPM0_LRVW1_LWPMn1_MIAV0_MO40_NTn1_NTA0_NTB0_NTC0_NTD0_NTM0_NEPBS0_NLCA1_NLCB1_ONLL1_PGR1_PLR0_PKA0_SIA1_SS0_SPO0_SRVW0_SSO0_SVW1_SK0_SKFTR0_SKXCCM0_TT2_2_TLDS0_ULSGRO0_USL1_UIOFGRO0_USFGROn1_VSn1_VWA1_VWB1_WSGRA0_WSGRB0_WS64_WG8_8_1",10337,699906435649242,699906435652402,2048,0,28,0,128,64,1,1,256,8,1
"KERNEL_DISPATCH","Agent 1",1,1,29203,506,17,"derivative(Scratch*, int, int, int*)",10340,699906435656082,699906435657282,0,0,8,0,128,256,1,1,8192,1,1
"KERNEL_DISPATCH","Agent 1",1,1,29203,507,18,"transpose_weights(Net const*, Scratch*, int, int)",10344,699906435660722,699906435662002,0,0,8,0,128,256,1,1,4096,1,1
"KERNEL_DISPATCH","Agent 1",1,1,29203,508,2483,"Cijk_Alik_Bljk_S_B_Bias_HA_S_SAV_UserArgs_MT16x16x8_SN_LDSB0_AFC1_AFEM1_AFEM1_ASEM1_CLR0_CADS0_DTLA0_DTLB0_DTVA0_DTVB0_EPS1_FDSI0_GRPM1_GRVWA1_GRVWB1_GSUAMB_GLS0_ISA1201_IU1_K1_LDSTI0_LBSPPA0_LBSPPB0_LBSPPM0_LPA0_LPB0_LPM0_LRVW1_LWPMn1_MIAV0_MO40_NTn1_NTA0_NTB0_NTC0_NTD0_NTM0_NEPBS0_NLCA1_NLCB1_ONLL1_PGR1_PLR0_PKA0_SIA1_SS0_SPO0_SRVW0_SSO0_SVW1_SK0_SKFTR0_SKXCCM0_TT2_2_TLDS0_ULSGRO0_USL1_UIOFGRO0_USFGROn1_VSn1_VWA1_VWB1_WSGRA0_WSGRB0_WS64_WG8_8_1",10354,699906435665402,699906435668602,2048,0,28,0,128,64,1,1,256,8,1
"KERNEL_DISPATCH","Agent 1",1,1,29203,509,17,"derivative(Scratch*, int, int, int*)",10357,699906435672122,699906435673282,0,0,8,0,128,256,1,1,8192,1,1
"KERNEL_DISPATCH","Agent 1",1,1,29203,510,18,"transpose_weights(Net const*, Scratch*, int, int)",10361,699906435676762,699906435678002,0,0,8,0,128,256,1,1,4096,1,1
"KERNEL_DISPATCH","Agent 1",1,1,29203,511,2483,"Cijk_Alik_Bljk_S_B_Bias_HA_S_SAV_UserArgs_MT16x16x8_SN_LDSB0_AFC1_AFEM1_AFEM1_ASEM1_CLR0_CADS0_DTLA0_DTLB0_DTVA0_DTVB0_EPS1_FDSI0_GRPM1_GRVWA1_GRVWB1_GSUAMB_GLS0_ISA1201_IU1_K1_LDSTI0_LBSPPA0_LBSPPB0_LBSPPM0_LPA0_LPB0_LPM0_LRVW1_LWPMn1_MIAV0_MO40_NTn1_NTA0_NTB0_NTC0_NTD0_NTM0_NEPBS0_NLCA1_NLCB1_ONLL1_PGR1_PLR0_PKA0_SIA1_SS0_SPO0_SRVW0_SSO0_SVW1_SK0_SKFTR0_SKXCCM0_TT2_2_TLDS0_ULSGRO0_USL1_UIOFGRO0_USFGROn1_VSn1_VWA1_VWB1_WSGRA0_WSGRB0_WS64_WG8_8_1",10371,699906435698883,699906435702043,2048,0,28,0,128,64,1,1,256,8,1
"KERNEL_DISPATCH","Agent 1",1,1,29203,512,17,"derivative(Scratch*, int, int, int*)",10374,699906435705563,699906435706763,0,0,8,0,128,256,1,1,8192,1,1
"KERNEL_DISPATCH","Agent 1",1,1,29203,513,2489,"Cijk_Ailk_Bjlk_S_B_Bias_HA_S_SAV_UserArgs_MT8x8x8_SN_LDSB0_AFC1_AFEM1_AFEM1_ASEM1_CLR0_CADS0_DTLA0_DTLB0_DTVA0_DTVB0_EPS1_FDSI0_GRPM1_GRVWA1_GRVWB1_GSUAMB_GLS0_ISA1201_IU1_K1_LDSTI0_LBSPPA0_LBSPPB0_LBSPPM0_LPA0_LPB0_LPM0_LRVW1_LWPMn1_MIAV0_MO40_NTn1_NTA0_NTB0_NTC0_NTD0_NTM0_NEPBS0_NLCA1_NLCB1_ONLL1_PGR1_PLR0_PKA0_SIA1_SS0_SPO0_SRVW0_SSO0_SVW1_SK0_SKFTR0_SKXCCM0_TT1_1_TLDS0_ULSGRO0_USL1_UIOFGRO0_USFGROn1_VSn1_VWA1_VWB1_WSGRA0_WSGRB0_WS64_WG8_8_1",10384,699906435710563,699906435715603,2048,0,24,0,128,64,1,1,576,2,1
"KERNEL_DISPATCH","Agent 1",1,1,29203,514,2487,"Cijk_Ailk_Bjlk_S_B_Bias_HA_S_SAV_UserArgs_MT16x16x16_SN_LDSB0_AFC1_AFEM1_AFEM1_ASEM1_CLR0_CADS0_DTLA0_DTLB0_DTVA0_DTVB0_EPS1_FDSI0_GRPM1_GRVWA1_GRVWB1_GSUAMB_GLS0_ISA1201_IU1_K1_LDSTI0_LBSPPA0_LBSPPB0_LBSPPM0_LPA0_LPB0_LPM0_LRVW1_LWPMn1_MIAV0_MO40_NTn1_NTA0_NTB0_NTC0_NTD0_NTM0_NEPBS0_NLCA1_NLCB1_ONLL1_PGR1_PLR0_PKA0_SIA1_SS0_SPO0_SRVW0_SSO0_SVW1_SK0_SKFTR0_SKXCCM0_TT2_2_TLDS0_ULSGRO0_USL1_UIOFGRO0_USFGROn1_VSn1_VWA1_VWB1_WSGRA0_WSGRB0_WS64_WG8_8_1",10393,699906435738123,699906435751923,4096,0,32,0,128,64,1,1,896,4,1
"KERNEL_DISPATCH","Agent 1",1,1,29203,515,21,"check_weights(float const*, int, int*)",10396,699906435755523,699906435756724,0,0,8,0,128,256,1,1,53504,1,1
"KERNEL_DISPATCH","Agent 1",1,1,29203,516,21,"check_weights(float const*, int, int*)",10400,699906435760364,699906435761444,0,0,8,0,128,256,1,1,1280,1,1
"KERNEL_DISPATCH","Agent 1",1,1,29203,517,16,"reduce_loss(float const*, int, int*, float*)",10404,699906435765004,699906435769604,0,0,16,0,128,1,1,1,1,1,1
"KERNEL_DISPATCH","Agent 1",1,1,29203,518,14,"__amd_rocclr_copyBuffer",10406,699906435772964,699906435774604,0,0,16,0,128,512,1,1,512,1,1
"KERNEL_DISPATCH","Agent 1",1,1,29203,519,14,"__amd_rocclr_copyBuffer",10407,699906435778084,699906435779444,0,0,16,0,128,512,1,1,512,1,1
"KERNEL_DISPATCH","Agent 1",1,1,29203,520,2,"__amd_rocclr_fillBufferAligned",10410,699906435900086,699906435901886,0,0,16,0,128,256,1,1,256,1,1
"KERNEL_DISPATCH","Agent 1",1,1,29203,521,23,"join_input(float const*, Scratch*, int, int)",10415,699906435977807,699906435979327,0,0,8,0,128,256,1,1,26880,1,1
"KERNEL_DISPATCH","Agent 1",1,1,29203,522,2483,"Cijk_Alik_Bljk_S_B_Bias_HA_S_SAV_UserArgs_MT16x16x8_SN_LDSB0_AFC1_AFEM1_AFEM1_ASEM1_CLR0_CADS0_DTLA0_DTLB0_DTVA0_DTVB0_EPS1_FDSI0_GRPM1_GRVWA1_GRVWB1_GSUAMB_GLS0_ISA1201_IU1_K1_LDSTI0_LBSPPA0_LBSPPB0_LBSPPM0_LPA0_LPB0_LPM0_LRVW1_LWPMn1_MIAV0_MO40_NTn1_NTA0_NTB0_NTC0_NTD0_NTM0_NEPBS0_NLCA1_NLCB1_ONLL1_PGR1_PLR0_PKA0_SIA1_SS0_SPO0_SRVW0_SSO0_SVW1_SK0_SKFTR0_SKXCCM0_TT2_2_TLDS0_ULSGRO0_USL1_UIOFGRO0_USFGROn1_VSn1_VWA1_VWB1_WSGRA0_WSGRB0_WS64_WG8_8_1",10425,699906435992807,699906436000488,2048,0,28,0,128,64,1,1,256,8,1
"KERNEL_DISPATCH","Agent 1",1,1,29203,523,22,"activation(float*, int, int*)",10428,699906436003808,699906436005008,0,0,8,0,128,256,1,1,8192,1,1
"KERNEL_DISPATCH","Agent 1",1,1,29203,524,23,"join_input(float const*, Scratch*, int, int)",10432,699906436008368,699906436009608,0,0,8,0,128,256,1,1,26880,1,1
"KERNEL_DISPATCH","Agent 1",1,1,29203,525,2483,"Cijk_Alik_Bljk_S_B_Bias_HA_S_SAV_UserArgs_MT16x16x8_SN_LDSB0_AFC1_AFEM1_AFEM1_ASEM1_CLR0_CADS0_DTLA0_DTLB0_DTVA0_DTVB0_EPS1_FDSI0_GRPM1_GRVWA1_GRVWB1_GSUAMB_GLS0_ISA1201_IU1_K1_LDSTI0_LBSPPA0_LBSPPB0_LBSPPM0_LPA0_LPB0_LPM0_LRVW1_LWPMn1_MIAV0_MO40_NTn1_NTA0_NTB0_NTC0_NTD0_NTM0_NEPBS0_NLCA1_NLCB1_ONLL1_PGR1_PLR0_PKA0_SIA1_SS0_SPO0_SRVW0_SSO0_SVW1_SK0_SKFTR0_SKXCCM0_TT2_2_TLDS0_ULSGRO0_USL1_UIOFGRO0_USFGROn1_VSn1_VWA1_VWB1_WSGRA0_WSGRB0_WS64_WG8_8_1",10442,699906436023168,699906436030408,2048,0,28,0,128,64,1,1,256,8,1
"KERNEL_DISPATCH","Agent 1",1,1,29203,526,22,"activation(float*, int, int*)",10445,699906436034328,699906436035528,0,0,8,0,128,256,1,1,8192,1,1
"KERNEL_DISPATCH","Agent 1",1,1,29203,527,23,"join_input(float const*, Scratch*, int, int)",10449,699906436038728,699906436040008,0,0,8,0,128,256,1,1,26880,1,1
"KERNEL_DISPATCH","Agent 1",1,1,29203,528,2483,"Cijk_Alik_Bljk_S_B_Bias_HA_S_SAV_UserArgs_MT16x16x8_SN_LDSB0_AFC1_AFEM1_AFEM1_ASEM1_CLR0_CADS0_DTLA0_DTLB0_DTVA0_DTVB0_EPS1_FDSI0_GRPM1_GRVWA1_GRVWB1_GSUAMB_GLS0_ISA1201_IU1_K1_LDSTI0_LBSPPA0_LBSPPB0_LBSPPM0_LPA0_LPB0_LPM0_LRVW1_LWPMn1_MIAV0_MO40_NTn1_NTA0_NTB0_NTC0_NTD0_NTM0_NEPBS0_NLCA1_NLCB1_ONLL1_PGR1_PLR0_PKA0_SIA1_SS0_SPO0_SRVW0_SSO0_SVW1_SK0_SKFTR0_SKXCCM0_TT2_2_TLDS0_ULSGRO0_USL1_UIOFGRO0_USFGROn1_VSn1_VWA1_VWB1_WSGRA0_WSGRB0_WS64_WG8_8_1",10459,699906436043448,699906436050688,2048,0,28,0,128,64,1,1,256,8,1
"KERNEL_DISPATCH","Agent 1",1,1,29203,529,22,"activation(float*, int, int*)",10462,699906436054128,699906436055369,0,0,8,0,128,256,1,1,8192,1,1
"KERNEL_DISPATCH","Agent 1",1,1,29203,530,23,"join_input(float const*, Scratch*, int, int)",10466,699906436058569,699906436059809,0,0,8,0,128,256,1,1,26880,1,1
"KERNEL_DISPATCH","Agent 1",1,1,29203,531,2483,"Cijk_Alik_Bljk_S_B_Bias_HA_S_SAV_UserArgs_MT16x16x8_SN_LDSB0_AFC1_AFEM1_AFEM1_ASEM1_CLR0_CADS0_DTLA0_DTLB0_DTVA0_DTVB0_EPS1_FDSI0_GRPM1_GRVWA1_GRVWB1_GSUAMB_GLS0_ISA1201_IU1_K1_LDSTI0_LBSPPA0_LBSPPB0_LBSPPM0_LPA0_LPB0_LPM0_LRVW1_LWPMn1_MIAV0_MO40_NTn1_NTA0_NTB0_NTC0_NTD0_NTM0_NEPBS0_NLCA1_NLCB1_ONLL1_PGR1_PLR0_PKA0_SIA1_SS0_SPO0_SRVW0_SSO0_SVW1_SK0_SKFTR0_SKXCCM0_TT2_2_TLDS0_ULSGRO0_USL1_UIOFGRO0_USFGROn1_VSn1_VWA1_VWB1_WSGRA0_WSGRB0_WS64_WG8_8_1",10476,699906436078329,699906436085529,2048,0,28,0,128,64,1,1,256,8,1
"KERNEL_DISPATCH","Agent 1",1,1,29203,532,22,"activation(float*, int, int*)",10479,699906436088849,699906436090009,0,0,8,0,128,256,1,1,8192,1,1
"KERNEL_DISPATCH","Agent 1",1,1,29203,533,20,"final_input(Scratch*, int, int)",10483,699906436093409,699906436094569,0,0,8,0,128,256,1,1,8448,1,1
"KERNEL_DISPATCH","Agent 1",1,1,29203,534,2483,"Cijk_Alik_Bljk_S_B_Bias_HA_S_SAV_UserArgs_MT16x16x8_SN_LDSB0_AFC1_AFEM1_AFEM1_ASEM1_CLR0_CADS0_DTLA0_DTLB0_DTVA0_DTVB0_EPS1_FDSI0_GRPM1_GRVWA1_GRVWB1_GSUAMB_GLS0_ISA1201_IU1_K1_LDSTI0_LBSPPA0_LBSPPB0_LBSPPM0_LPA0_LPB0_LPM0_LRVW1_LWPMn1_MIAV0_MO40_NTn1_NTA0_NTB0_NTC0_NTD0_NTM0_NEPBS0_NLCA1_NLCB1_ONLL1_PGR1_PLR0_PKA0_SIA1_SS0_SPO0_SRVW0_SSO0_SVW1_SK0_SKFTR0_SKXCCM0_TT2_2_TLDS0_ULSGRO0_USL1_UIOFGRO0_USFGROn1_VSn1_VWA1_VWB1_WSGRA0_WSGRB0_WS64_WG8_8_1",10493,699906436097889,699906436101289,2048,0,28,0,128,64,1,1,64,8,1
"KERNEL_DISPATCH","Agent 1",1,1,29203,535,19,"softmax(Scratch*, float const*, float*, int, int*)",10496,699906436105009,699906436116210,0,0,48,0,128,128,1,1,128,1,1
"KERNEL_DISPATCH","Agent 1",1,1,29203,536,18,"transpose_weights(Net const*, Scratch*, int, int)",10500,699906436119610,699906436120770,0,0,8,0,128,256,1,1,1024,1,1
"KERNEL_DISPATCH","Agent 1",1,1,29203,537,2483,"Cijk_Alik_Bljk_S_B_Bias_HA_S_SAV_UserArgs_MT16x16x8_SN_LDSB0_AFC1_AFEM1_AFEM1_ASEM1_CLR0_CADS0_DTLA0_DTLB0_DTVA0_DTVB0_EPS1_FDSI0_GRPM1_GRVWA1_GRVWB1_GSUAMB_GLS0_ISA1201_IU1_K1_LDSTI0_LBSPPA0_LBSPPB0_LBSPPM0_LPA0_LPB0_LPM0_LRVW1_LWPMn1_MIAV0_MO40_NTn1_NTA0_NTB0_NTC0_NTD0_NTM0_NEPBS0_NLCA1_NLCB1_ONLL1_PGR1_PLR0_PKA0_SIA1_SS0_SPO0_SRVW0_SSO0_SVW1_SK0_SKFTR0_SKXCCM0_TT2_2_TLDS0_ULSGRO0_USL1_UIOFGRO0_USFGROn1_VSn1_VWA1_VWB1_WSGRA0_WSGRB0_WS64_WG8_8_1",10510,699906436272292,699906436274452,2048,0,28,0,128,64,1,1,256,8,1
"KERNEL_DISPATCH","Agent 1",1,1,29203,538,17,"derivative(Scratch*, int, int, int*)",10513,699906436277772,699906436279212,0,0,8,0,128,256,1,1,8192,1,1
"KERNEL_DISPATCH","Agent 1",1,1,29203,539,18,"transpose_weights(Net const*, Scratch*, int, int)",10517,699906436282532,699906436284132,0,0,8,0,128,256,1,1,4096,1,1
"KERNEL_DISPATCH","Agent 1",1,1,29203,540,2483,"Cijk_Alik_Bljk_S_B_Bias_HA_S_SAV_UserArgs_MT16x16x8_SN_LDSB0_AFC1_AFEM1_AFEM1_ASEM1_CLR0_CADS0_DTLA0_DTLB0_DTVA0_DTVB0_EPS1_FDSI0_GRPM1_GRVWA1_GRVWB1_GSUAMB_GLS0_ISA1201_IU1_K1_LDSTI0_LBSPPA0_LBSPPB0_LBSPPM0_LPA0_LPB0_LPM0_LRVW1_LWPMn1_MIAV0_MO40_NTn1_NTA0_NTB0_NTC0_NTD0_NTM0_NEPBS0_NLCA1_NLCB1_ONLL1_PGR1_PLR0_PKA0_SIA1_SS0_SPO0_SRVW0_SSO0_SVW1_SK0_SKFTR0_SKXCCM0_TT2_2_TLDS0_ULSGRO0_USL1_UIOFGRO0_USFGROn1_VSn1_VWA1_VWB1_WSGRA0_WSGRB0_WS64_WG8_8_1",10527,699906436287572,699906436290732,2048,0,28,0,128,64,1,1,256,8,1
"KERNEL_DISPATCH","Agent 1",1,1,29203,541,17,"derivative(Scratch*, int, int, int*)",10530,699906436294053,699906436295213,0,0,8,0,128,256,1,1,8192,1,1
"KERNEL_DISPATCH","Agent 1",1,1,29203,542,18,"transpose_weights(Net const*, Scratch*, int, int)",10534,699906436298813,699906436299973,0,0,8,0,128,256,1,1,4096,1,1
"KERNEL_DISPATCH","Agent 1",1,1,29203,543,2483,"Cijk_Alik_Bljk_S_B_Bias_HA_S_SAV_UserArgs_MT16x16x8_SN_LDSB0_AFC1_AFEM1_AFEM1_ASEM1_CLR0_CADS0_DTLA0_DTLB0_DTVA0_DTVB0_EPS1_FDSI0_GRPM1_GRVWA1_GRVWB1_GSUAMB_GLS0_ISA1201_IU1_K1_LDSTI0_LBSPPA0_LBSPPB0_LBSPPM0_LPA0_LPB0_LPM0_LRVW1_LWPMn1_MIAV0_MO40_NTn1_NTA0_NTB0_NTC0_NTD0_NTM0_NEPBS0_NLCA1_NLCB1_ONLL1_PGR1_PLR0_PKA0_SIA1_SS0_SPO0_SRVW0_SSO0_SVW1_SK0_SKFTR0_SKXCCM0_TT2_2_TLDS0_ULSGRO0_USL1_UIOFGRO0_USFGROn1_VSn1_VWA1_VWB1_WSGRA0_WSGRB0_WS64_WG8_8_1",10544,699906436319013,699906436322173,2048,0,28,0,128,64,1,1,256,8,1
"KERNEL_DISPATCH","Agent 1",1,1,29203,544,17,"derivative(Scratch*, int, int, int*)",10547,699906436325453,699906436327013,0,0,8,0,128,256,1,1,8192,1,1
"KERNEL_DISPATCH","Agent 1",1,1,29203,545,18,"transpose_weights(Net const*, Scratch*, int, int)",10551,699906436330533,699906436331773,0,0,8,0,128,256,1,1,4096,1,1
"KERNEL_DISPATCH","Agent 1",1,1,29203,546,2483,"Cijk_Alik_Bljk_S_B_Bias_HA_S_SAV_UserArgs_MT16x16x8_SN_LDSB0_AFC1_AFEM1_AFEM1_ASEM1_CLR0_CADS0_DTLA0_DTLB0_DTVA0_DTVB0_EPS1_FDSI0_GRPM1_GRVWA1_GRVWB1_GSUAMB_GLS0_ISA1201_IU1_K1_LDSTI0_LBSPPA0_LBSPPB0_LBSPPM0_LPA0_LPB0_LPM0_LRVW1_LWPMn1_MIAV0_MO40_NTn1_NTA0_NTB0_NTC0_NTD0_NTM0_NEPBS0_NLCA1_NLCB1_ONLL1_PGR1_PLR0_PKA0_SIA1_SS0_SPO0_SRVW0_SSO0_SVW1_SK0_SKFTR0_SKXCCM0_TT2_2_TLDS0_ULSGRO0_USL1_UIOFGRO0_USFGROn1_VSn1_VWA1_VWB1_WSGRA0_WSGRB0_WS64_WG8_8_1",10561,699906436335013,699906436338133,2048,0,28,0,128,64,1,1,256,8,1
"KERNEL_DISPATCH","Agent 1",1,1,29203,547,17,"derivative(Scratch*, int, int, int*)",10564,699906436341733,699906436342893,0,0,8,0,128,256,1,1,8192,1,1
"KERNEL_DISPATCH","Agent 1",1,1,29203,548,2489,"Cijk_Ailk_Bjlk_S_B_Bias_HA_S_SAV_UserArgs_MT8x8x8_SN_LDSB0_AFC1_AFEM1_AFEM1_ASEM1_CLR0_CADS0_DTLA0_DTLB0_DTVA0_DTVB0_EPS1_FDSI0_GRPM1_GRVWA1_GRVWB1_GSUAMB_GLS0_ISA1201_IU1_K1_LDSTI0_LBSPPA0_LBSPPB0_LBSPPM0_LPA0_LPB0_LPM0_LRVW1_LWPMn1_MIAV0_MO40_NTn1_NTA0_NTB0_NTC0_NTD0_NTM0_NEPBS0_NLCA1_NLCB1_ONLL1_PGR1_PLR0_PKA0_SIA1_SS0_SPO0_SRVW0_SSO0_SVW1_SK0_SKFTR0_SKXCCM0_TT1_1_TLDS0_ULSGRO0_USL1_UIOFGRO0_USFGROn1_VSn1_VWA1_VWB1_WSGRA0_WSGRB0_WS64_WG8_8_1",10574,699906436364014,699906436375854,2048,0,24,0,128,64,1,1,576,2,1
"KERNEL_DISPATCH","Agent 1",1,1,29203,549,2487,"Cijk_Ailk_Bjlk_S_B_Bias_HA_S_SAV_UserArgs_MT16x16x16_SN_LDSB0_AFC1_AFEM1_AFEM1_ASEM1_CLR0_CADS0_DTLA0_DTLB0_DTVA0_DTVB0_EPS1_FDSI0_GRPM1_GRVWA1_GRVWB1_GSUAMB_GLS0_ISA1201_IU1_K1_LDSTI0_LBSPPA0_LBSPPB0_LBSPPM0_LPA0_LPB0_LPM0_LRVW1_LWPMn1_MIAV0_MO40_NTn1_NTA0_NTB0_NTC0_NTD0_NTM0_NEPBS0_NLCA1_NLCB1_ONLL1_PGR1_PLR0_PKA0_SIA1_SS0_SPO0_SRVW0_SSO0_SVW1_SK0_SKFTR0_SKXCCM0_TT2_2_TLDS0_ULSGRO0_USL1_UIOFGRO0_USFGROn1_VSn1_VWA1_VWB1_WSGRA0_WSGRB0_WS64_WG8_8_1",10583,699906436379094,699906436392934,4096,0,32,0,128,64,1,1,896,4,1
"KERNEL_DISPATCH","Agent 1",1,1,29203,550,21,"check_weights(float const*, int, int*)",10586,699906436396414,699906436397494,0,0,8,0,128,256,1,1,53504,1,1
"KERNEL_DISPATCH","Agent 1",1,1,29203,551,21,"check_weights(float const*, int, int*)",10590,699906436400774,699906436401774,0,0,8,0,128,256,1,1,1280,1,1
"KERNEL_DISPATCH","Agent 1",1,1,29203,552,16,"reduce_loss(float const*, int, int*, float*)",10594,699906436405134,699906436409734,0,0,16,0,128,1,1,1,1,1,1
"KERNEL_DISPATCH","Agent 1",1,1,29203,553,23,"join_input(float const*, Scratch*, int, int)",10598,699906436413054,699906436414335,0,0,8,0,128,256,1,1,26880,1,1
"KERNEL_DISPATCH","Agent 1",1,1,29203,554,2483,"Cijk_Alik_Bljk_S_B_Bias_HA_S_SAV_UserArgs_MT16x16x8_SN_LDSB0_AFC1_AFEM1_AFEM1_ASEM1_CLR0_CADS0_DTLA0_DTLB0_DTVA0_DTVB0_EPS1_FDSI0_GRPM1_GRVWA1_GRVWB1_GSUAMB_GLS0_ISA1201_IU1_K1_LDSTI0_LBSPPA0_LBSPPB0_LBSPPM0_LPA0_LPB0_LPM0_LRVW1_LWPMn1_MIAV0_MO40_NTn1_NTA0_NTB0_NTC0_NTD0_NTM0_NEPBS0_NLCA1_NLCB1_ONLL1_PGR1_PLR0_PKA0_SIA1_SS0_SPO0_SRVW0_SSO0_SVW1_SK0_SKFTR0_SKXCCM0_TT2_2_TLDS0_ULSGRO0_USL1_UIOFGRO0_USFGROn1_VSn1_VWA1_VWB1_WSGRA0_WSGRB0_WS64_WG8_8_1",10608,699906436417495,699906436425095,2048,0,28,0,128,64,1,1,256,8,1
"KERNEL_DISPATCH","Agent 1",1,1,29203,555,22,"activation(float*, int, int*)",10611,699906436428655,699906436429815,0,0,8,0,128,256,1,1,8192,1,1
"KERNEL_DISPATCH","Agent 1",1,1,29203,556,23,"join_input(float const*, Scratch*, int, int)",10615,699906436433175,699906436434495,0,0,8,0,128,256,1,1,26880,1,1
"KERNEL_DISPATCH","Agent 1",1,1,29203,557,2483,"Cijk_Alik_Bljk_S_B_Bias_HA_S_SAV_UserArgs_MT16x16x8_SN_LDSB0_AFC1_AFEM1_AFEM1_ASEM1_CLR0_CADS0_DTLA0_DTLB0_DTVA0_DTVB0_EPS1_FDSI0_GRPM1_GRVWA1_GRVWB1_GSUAMB_GLS0_ISA1201_IU1_K1_LDSTI0_LBSPPA0_LBSPPB0_LBSPPM0_LPA0_LPB0_LPM0_LRVW1_LWPMn1_MIAV0_MO40_NTn1_NTA0_NTB0_NTC0_NTD0_NTM0_NEPBS0_NLCA1_NLCB1_ONLL1_PGR1_PLR0_PKA0_SIA1_SS0_SPO0_SRVW0_SSO0_SVW1_SK0_SKFTR0_SKXCCM0_TT2_2_TLDS0_ULSGRO0_USL1_UIOFGRO0_USFGROn1_VSn1_VWA1_VWB1_WSGRA0_WSGRB0_WS64_WG8_8_1",10625,699906436437775,699906436445135,2048,0,28,0,128,64,1,1,256,8,1
"KERNEL_DISPATCH","Agent 1",1,1,29203,558,22,"activation(float*, int, int*)",10628,699906436448495,699906436449695,0,0,8,0,128,256,1,1,8192,1,1
"KERNEL_DISPATCH","Agent 1",1,1,29203,559,23,"join_input(float const*, Scratch*, int, int)",10632,699906436452935,699906436454135,0,0,8,0,128,256,1,1,26880,1,1
"KERNEL_DISPATCH","Agent 1",1,1,29203,560,2483,"Cijk_Alik_Bljk_S_B_Bias_HA_S_SAV_UserArgs_MT16x16x8_SN_LDSB0_AFC1_AFEM1_AFEM1_ASEM1_CLR0_CADS0_DTLA0_DTLB0_DTVA0_DTVB0_EPS1_FDSI0_GRPM1_GRVWA1_GRVWB1_GSUAMB_GLS0_ISA1201_IU1_K1_LDSTI0_LBSPPA0_LBSPPB0_LBSPPM0_LPA0_LPB0_LPM0_LRVW1_LWPMn1_MIAV0_MO40_NTn1_NTA0_NTB0_NTC0_NTD0_NTM0_NEPBS0_NLCA1_NLCB1_ONLL1_PGR1_PLR0_PKA0_SIA1_SS0_SPO0_SRVW0_SSO0_SVW1_SK0_SKFTR0_SKXCCM0_TT2_2_TLDS0_ULSGRO0_USL1_UIOFGRO0_USFGROn1_VSn1_VWA1_VWB1_WSGRA0_WSGRB0_WS64_WG8_8_1",10642,699906436457495,699906436464775,2048,0,28,0,128,64,1,1,256,8,1
"KERNEL_DISPATCH","Agent 1",1,1,29203,561,22,"activation(float*, int, int*)",10645,699906436468175,699906436469335,0,0,8,0,128,256,1,1,8192,1,1
"KERNEL_DISPATCH","Agent 1",1,1,29203,562,23,"join_input(float const*, Scratch*, int, int)",10649,699906436472655,699906436473896,0,0,8,0,128,256,1,1,26880,1,1
"KERNEL_DISPATCH","Agent 1",1,1,29203,563,2483,"Cijk_Alik_Bljk_S_B_Bias_HA_S_SAV_UserArgs_MT16x16x8_SN_LDSB0_AFC1_AFEM1_AFEM1_ASEM1_CLR0_CADS0_DTLA0_DTLB0_DTVA0_DTVB0_EPS1_FDSI0_GRPM1_GRVWA1_GRVWB1_GSUAMB_GLS0_ISA1201_IU1_K1_LDSTI0_LBSPPA0_LBSPPB0_LBSPPM0_LPA0_LPB0_LPM0_LRVW1_LWPMn1_MIAV0_MO40_NTn1_NTA0_NTB0_NTC0_NTD0_NTM0_NEPBS0_NLCA1_NLCB1_ONLL1_PGR1_PLR0_PKA0_SIA1_SS0_SPO0_SRVW0_SSO0_SVW1_SK0_SKFTR0_SKXCCM0_TT2_2_TLDS0_ULSGRO0_USL1_UIOFGRO0_USFGROn1_VSn1_VWA1_VWB1_WSGRA0_WSGRB0_WS64_WG8_8_1",10659,699906436487816,699906436495016,2048,0,28,0,128,64,1,1,256,8,1
"KERNEL_DISPATCH","Agent 1",1,1,29203,564,22,"activation(float*, int, int*)",10662,699906436498376,699906436499576,0,0,8,0,128,256,1,1,8192,1,1
"KERNEL_DISPATCH","Agent 1",1,1,29203,565,20,"final_input(Scratch*, int, int)",10666,699906436502816,699906436503936,0,0,8,0,128,256,1,1,8448,1,1
"KERNEL_DISPATCH","Agent 1",1,1,29203,566,2483,"Cijk_Alik_Bljk_S_B_Bias_HA_S_SAV_UserArgs_MT16x16x8_SN_LDSB0_AFC1_AFEM1_AFEM1_ASEM1_CLR0_CADS0_DTLA0_DTLB0_DTVA0_DTVB0_EPS1_FDSI0_GRPM1_GRVWA1_GRVWB1_GSUAMB_GLS0_ISA1201_IU1_K1_LDSTI0_LBSPPA0_LBSPPB0_LBSPPM0_LPA0_LPB0_LPM0_LRVW1_LWPMn1_MIAV0_MO40_NTn1_NTA0_NTB0_NTC0_NTD0_NTM0_NEPBS0_NLCA1_NLCB1_ONLL1_PGR1_PLR0_PKA0_SIA1_SS0_SPO0_SRVW0_SSO0_SVW1_SK0_SKFTR0_SKXCCM0_TT2_2_TLDS0_ULSGRO0_USL1_UIOFGRO0_USFGROn1_VSn1_VWA1_VWB1_WSGRA0_WSGRB0_WS64_WG8_8_1",10676,699906436507256,699906436510616,2048,0,28,0,128,64,1,1,64,8,1
"KERNEL_DISPATCH","Agent 1",1,1,29203,567,19,"softmax(Scratch*, float const*, float*, int, int*)",10679,699906436514056,699906436525216,0,0,48,0,128,128,1,1,128,1,1
"KERNEL_DISPATCH","Agent 1",1,1,29203,568,18,"transpose_weights(Net const*, Scratch*, int, int)",10683,699906436528456,699906436529816,0,0,8,0,128,256,1,1,1024,1,1
"KERNEL_DISPATCH","Agent 1",1,1,29203,569,2483,"Cijk_Alik_Bljk_S_B_Bias_HA_S_SAV_UserArgs_MT16x16x8_SN_LDSB0_AFC1_AFEM1_AFEM1_ASEM1_CLR0_CADS0_DTLA0_DTLB0_DTVA0_DTVB0_EPS1_FDSI0_GRPM1_GRVWA1_GRVWB1_GSUAMB_GLS0_ISA1201_IU1_K1_LDSTI0_LBSPPA0_LBSPPB0_LBSPPM0_LPA0_LPB0_LPM0_LRVW1_LWPMn1_MIAV0_MO40_NTn1_NTA0_NTB0_NTC0_NTD0_NTM0_NEPBS0_NLCA1_NLCB1_ONLL1_PGR1_PLR0_PKA0_SIA1_SS0_SPO0_SRVW0_SSO0_SVW1_SK0_SKFTR0_SKXCCM0_TT2_2_TLDS0_ULSGRO0_USL1_UIOFGRO0_USFGROn1_VSn1_VWA1_VWB1_WSGRA0_WSGRB0_WS64_WG8_8_1",10693,699906436533257,699906436535337,2048,0,28,0,128,64,1,1,256,8,1
"KERNEL_DISPATCH","Agent 1",1,1,29203,570,17,"derivative(Scratch*, int, int, int*)",10696,699906436538737,699906436539897,0,0,8,0,128,256,1,1,8192,1,1
"KERNEL_DISPATCH","Agent 1",1,1,29203,571,18,"transpose_weights(Net const*, Scratch*, int, int)",10700,699906436543217,699906436544457,0,0,8,0,128,256,1,1,4096,1,1
"KERNEL_DISPATCH","Agent 1",1,1,29203,572,2483,"Cijk_Alik_Bljk_S_B_Bias_HA_S_SAV_UserArgs_MT16x16x8_SN_LDSB0_AFC1_AFEM1_AFEM1_ASEM1_CLR0_CADS0_DTLA0_DTLB0_DTVA0_DTVB0_EPS1_FDSI0_GRPM1_GRVWA1_GRVWB1_GSUAMB_GLS0_ISA1201_IU1_K1_LDSTI0_LBSPPA0_LBSPPB0_LBSPPM0_LPA0_LPB0_LPM0_LRVW1_LWPMn1_MIAV0_MO40_NTn1_NTA0_NTB0_NTC0_NTD0_NTM0_NEPBS0_NLCA1_NLCB1_ONLL1_PGR1_PLR0_PKA0_SIA1_SS0_SPO0_SRVW0_SSO0_SVW1_SK0_SKFTR0_SKXCCM0_TT2_2_TLDS0_ULSGRO0_USL1_UIOFGRO0_USFGROn1_VSn1_VWA1_VWB1_WSGRA0_WSGRB0_WS64_WG8_8_1",10710,699906436562937,699906436566137,2048,0,28,0,128,64,1,1,256,8,1
"KERNEL_DISPATCH","Agent 1",1,1,29203,573,17,"derivative(Scratch*, int, int, int*)",10713,699906436569457,699906436570617,0,0,8,0,128,256,1,1,8192,1,1
"KERNEL_DISPATCH","Agent 1",1,1,29203,574,18,"transpose_weights(Net const*, Scratch*, int, int)",10717,699906436573977,699906436575217,0,0,8,0,128,256,1,1,4096,1,1
"KERNEL_DISPATCH","Agent 1",1,1,29203,575,2483,"Cijk_Alik_Bljk_S_B_Bias_HA_S_SAV_UserArgs_MT16x16x8_SN_LDSB0_AFC1_AFEM1_AFEM1_ASEM1_CLR0_CADS0_DTLA0_DTLB0_DTVA0_DTVB0_EPS1_FDSI0_GRPM1_GRVWA1_GRVWB1_GSUAMB_GLS0_ISA1201_IU1_K1_LDSTI0_LBSPPA0_LBSPPB0_LBSPPM0_LPA0_LPB0_LPM0_LRVW1_LWPMn1_MIAV0_MO40_NTn1_NTA0_NTB0_NTC0_NTD0_NTM0_NEPBS0_NLCA1_NLCB1_ONLL1_PGR1_PLR0_PKA0_SIA1_SS0_SPO0_SRVW0_SSO0_SVW1_SK0_SKFTR0_SKXCCM0_TT2_2_TLDS0_ULSGRO0_USL1_UIOFGRO0_USFGROn1_VSn1_VWA1_VWB1_WSGRA0_WSGRB0_WS64_WG8_8_1",10727,699906436578457,699906436581657,2048,0,28,0,128,64,1,1,256,8,1
"KERNEL_DISPATCH","Agent 1",1,1,29203,576,17,"derivative(Scratch*, int, int, int*)",10730,699906436584977,699906436586097,0,0,8,0,128,256,1,1,8192,1,1
"KERNEL_DISPATCH","Agent 1",1,1,29203,577,18,"transpose_weights(Net const*, Scratch*, int, int)",10734,699906436589457,699906436590617,0,0,8,0,128,256,1,1,4096,1,1
"KERNEL_DISPATCH","Agent 1",1,1,29203,578,2483,"Cijk_Alik_Bljk_S_B_Bias_HA_S_SAV_UserArgs_MT16x16x8_SN_LDSB0_AFC1_AFEM1_AFEM1_ASEM1_CLR0_CADS0_DTLA0_DTLB0_DTVA0_DTVB0_EPS1_FDSI0_GRPM1_GRVWA1_GRVWB1_GSUAMB_GLS0_ISA1201_IU1_K1_LDSTI0_LBSPPA0_LBSPPB0_LBSPPM0_LPA0_LPB0_LPM0_LRVW1_LWPMn1_MIAV0_MO40_NTn1_NTA0_NTB0_NTC0_NTD0_NTM0_NEPBS0_NLCA1_NLCB1_ONLL1_PGR1_PLR0_PKA0_SIA1_SS0_SPO0_SRVW0_SSO0_SVW1_SK0_SKFTR0_SKXCCM0_TT2_2_TLDS0_ULSGRO0_USL1_UIOFGRO0_USFGROn1_VSn1_VWA1_VWB1_WSGRA0_WSGRB0_WS64_WG8_8_1",10744,699906436615458,699906436618618,2048,0,28,0,128,64,1,1,256,8,1
"KERNEL_DISPATCH","Agent 1",1,1,29203,579,17,"derivative(Scratch*, int, int, int*)",10747,699906436621938,699906436623418,0,0,8,0,128,256,1,1,8192,1,1
"KERNEL_DISPATCH","Agent 1",1,1,29203,580,2489,"Cijk_Ailk_Bjlk_S_B_Bias_HA_S_SAV_UserArgs_MT8x8x8_SN_LDSB0_AFC1_AFEM1_AFEM1_ASEM1_CLR0_CADS0_DTLA0_DTLB0_DTVA0_DTVB0_EPS1_FDSI0_GRPM1_GRVWA1_GRVWB1_GSUAMB_GLS0_ISA1201_IU1_K1_LDSTI0_LBSPPA0_LBSPPB0_LBSPPM0_LPA0_LPB0_LPM0_LRVW1_LWPMn1_MIAV0_MO40_NTn1_NTA0_NTB0_NTC0_NTD0_NTM0_NEPBS0_NLCA1_NLCB1_ONLL1_PGR1_PLR0_PKA0_SIA1_SS0_SPO0_SRVW0_SSO0_SVW1_SK0_SKFTR0_SKXCCM0_TT1_1_TLDS0_ULSGRO0_USL1_UIOFGRO0_USFGROn1_VSn1_VWA1_VWB1_WSGRA0_WSGRB0_WS64_WG8_8_1",10757,699906436627018,699906436631738,2048,0,24,0,128,64,1,1,576,2,1
"KERNEL_DISPATCH","Agent 1",1,1,29203,581,2487,"Cijk_Ailk_Bjlk_S_B_Bias_HA_S_SAV_UserArgs_MT16x16x16_SN_LDSB0_AFC1_AFEM1_AFEM1_ASEM1_CLR0_CADS0_DTLA0_DTLB0_DTVA0_DTVB0_EPS1_FDSI0_GRPM1_GRVWA1_GRVWB1_GSUAMB_GLS0_ISA1201_IU1_K1_LDSTI0_LBSPPA0_LBSPPB0_LBSPPM0_LPA0_LPB0_LPM0_LRVW1_LWPMn1_MIAV0_MO40_NTn1_NTA0_NTB0_NTC0_NTD0_NTM0_NEPBS0_NLCA1_NLCB1_ONLL1_PGR1_PLR0_PKA0_SIA1_SS0_SPO0_SRVW0_SSO0_SVW1_SK0_SKFTR0_SKXCCM0_TT2_2_TLDS0_ULSGRO0_USL1_UIOFGRO0_USFGROn1_VSn1_VWA1_VWB1_WSGRA0_WSGRB0_WS64_WG8_8_1",10766,699906436644738,699906436658459,4096,0,32,0,128,64,1,1,896,4,1
"KERNEL_DISPATCH","Agent 1",1,1,29203,582,21,"check_weights(float const*, int, int*)",10769,699906436662179,699906436663339,0,0,8,0,128,256,1,1,53504,1,1
"KERNEL_DISPATCH","Agent 1",1,1,29203,583,21,"check_weights(float const*, int, int*)",10773,699906436666579,699906436667539,0,0,8,0,128,256,1,1,1280,1,1
"KERNEL_DISPATCH","Agent 1",1,1,29203,584,16,"reduce_loss(float const*, int, int*, float*)",10777,699906436670779,699906436675419,0,0,16,0,128,1,1,1,1,1,1
"KERNEL_DISPATCH","Agent 1",1,1,29203,585,23,"join_input(float const*, Scratch*, int, int)",10781,699906436678739,699906436679979,0,0,8,0,128,256,1,1,26880,1,1
"KERNEL_DISPATCH","Agent 1",1,1,29203,586,2483,"Cijk_Alik_Bljk_S_B_Bias_HA_S_SAV_UserArgs_MT16x16x8_SN_LDSB0_AFC1_AFEM1_AFEM1_ASEM1_CLR0_CADS0_DTLA0_DTLB0_DTVA0_DTVB0_EPS1_FDSI0_GRPM1_GRVWA1_GRVWB1_GSUAMB_GLS0_ISA1201_IU1_K1_LDSTI0_LBSPPA0_LBSPPB0_LBSPPM0_LPA0_LPB0_LPM0_LRVW1_LWPMn1_MIAV0_MO40_NTn1_NTA0_NTB0_NTC0_NTD0_NTM0_NEPBS0_NLCA1_NLCB1_ONLL1_PGR1_PLR0_PKA0_SIA1_SS0_SPO0_SRVW0_SSO0_SVW1_SK0_SKFTR0_SKXCCM0_TT2_2_TLDS0_ULSGRO0_USL1_UIOFGRO0_USFGROn1_VSn1_VWA1_VWB1_WSGRA0_WSGRB0_WS64_WG8_8_1",10791,699906436683179,699906436690819,2048,0,28,0,128,64,1,1,256,8,1
"KERNEL_DISPATCH","Agent 1",1,1,29203,587,22,"activation(float*, int, int*)",10794,699906436694099,699906436695259,0,0,8,0,128,256,1,1,8192,1,1
"KERNEL_DISPATCH","Agent 1",1,1,29203,588,23,"join_input(float const*, Scratch*, int, int)",10798,699906436698539,699906436699819,0,0,8,0,128,256,1,1,26880,1,1
"KERNEL_DISPATCH","Agent 1",1,1,29203,589,2483,"Cijk_Alik_Bljk_S_B_Bias_HA_S_SAV_UserArgs_MT16x16x8_SN_LDSB0_AFC1_AFEM1_AFEM1_ASEM1_CLR0_CADS0_DTLA0_DTLB0_DTVA0_DTVB0_EPS1_FDSI0_GRPM1_GRVWA1_GRVWB1_GSUAMB_GLS0_ISA1201_IU1_K1_LDSTI0_LBSPPA0_LBSPPB0_LBSPPM0_LPA0_LPB0_LPM0_LRVW1_LWPMn1_MIAV0_MO40_NTn1_NTA0_NTB0_NTC0_NTD0_NTM0_NEPBS0_NLCA1_NLCB1_ONLL1_PGR1_PLR0_PKA0_SIA1_SS0_SPO0_SRVW0_SSO0_SVW1_SK0_SKFTR0_SKXCCM0_TT2_2_TLDS0_ULSGRO0_USL1_UIOFGRO0_USFGROn1_VSn1_VWA1_VWB1_WSGRA0_WSGRB0_WS64_WG8_8_1",10808,699906436703059,699906436710379,2048,0,28,0,128,64,1,1,256,8,1
"KERNEL_DISPATCH","Agent 1",1,1,29203,590,22,"activation(float*, int, int*)",10811,699906436713700,699906436714900,0,0,8,0,128,256,1,1,8192,1,1
"KERNEL_DISPATCH","Agent 1",1,1,29203,591,23,"join_input(float const*, Scratch*, int, int)",10815,699906436718220,699906436728820,0,0,8,0,128,256,1,1,26880,1,1
"KERNEL_DISPATCH","Agent 1",1,1,29203,592,2483,"Cijk_Alik_Bljk_S_B_Bias_HA_S_SAV_UserArgs_MT16x16x8_SN_LDSB0_AFC1_AFEM1_AFEM1_ASEM1_CLR0_CADS0_DTLA0_DTLB0_DTVA0_DTVB0_EPS1_FDSI0_GRPM1_GRVWA1_GRVWB1_GSUAMB_GLS0_ISA1201_IU1_K1_LDSTI0_LBSPPA0_LBSPPB0_LBSPPM0_LPA0_LPB0_LPM0_LRVW1_LWPMn1_MIAV0_MO40_NTn1_NTA0_NTB0_NTC0_NTD0_NTM0_NEPBS0_NLCA1_NLCB1_ONLL1_PGR1_PLR0_PKA0_SIA1_SS0_SPO0_SRVW0_SSO0_SVW1_SK0_SKFTR0_SKXCCM0_TT2_2_TLDS0_ULSGRO0_USL1_UIOFGRO0_USFGROn1_VSn1_VWA1_VWB1_WSGRA0_WSGRB0_WS64_WG8_8_1",10825,699906436732300,699906436739540,2048,0,28,0,128,64,1,1,256,8,1
"KERNEL_DISPATCH","Agent 1",1,1,29203,593,22,"activation(float*, int, int*)",10828,699906436742860,699906436744300,0,0,8,0,128,256,1,1,8192,1,1
"KERNEL_DISPATCH","Agent 1",1,1,29203,594,23,"join_input(float const*, Scratch*, int, int)",10832,699906436747820,699906436749380,0,0,8,0,128,256,1,1,26880,1,1
"KERNEL_DISPATCH","Agent 1",1,1,29203,595,2483,"Cijk_Alik_Bljk_S_B_Bias_HA_S_SAV_UserArgs_MT16x16x8_SN_LDSB0_AFC1_AFEM1_AFEM1_ASEM1_CLR0_CADS0_DTLA0_DTLB0_DTVA0_DTVB0_EPS1_FDSI0_GRPM1_GRVWA1_GRVWB1_GSUAMB_GLS0_ISA1201_IU1_K1_LDSTI0_LBSPPA0_LBSPPB0_LBSPPM0_LPA0_LPB0_LPM0_LRVW1_LWPMn1_MIAV0_MO40_NTn1_NTA0_NTB0_NTC0_NTD0_NTM0_NEPBS0_NLCA1_NLCB1_ONLL1_PGR1_PLR0_PKA0_SIA1_SS0_SPO0_SRVW0_SSO0_SVW1_SK0_SKFTR0_SKXCCM0_TT2_2_TLDS0_ULSGRO0_USL1_UIOFGRO0_USFGROn1_VSn1_VWA1_VWB1_WSGRA0_WSGRB0_WS64_WG8_8_1",10842,699906436752660,699906436759860,2048,0,28,0,128,64,1,1,256,8,1
"KERNEL_DISPATCH","Agent 1",1,1,29203,596,22,"activation(float*, int, int*)",10845,699906436763580,699906436764740,0,0,8,0,128,256,1,1,8192,1,1
"KERNEL_DISPATCH","Agent 1",1,1,29203,597,20,"final_input(Scratch*, int, int)",10849,699906436767980,699906436769100,0,0,8,0,128,256,1,1,8448,1,1
"KERNEL_DISPATCH","Agent 1",1,1,29203,598,2483,"Cijk_Alik_Bljk_S_B_Bias_HA_S_SAV_UserArgs_MT16x16x8_SN_LDSB0_AFC1_AFEM1_AFEM1_ASEM1_CLR0_CADS0_DTLA0_DTLB0_DTVA0_DTVB0_EPS1_FDSI0_GRPM1_GRVWA1_GRVWB1_GSUAMB_GLS0_ISA1201_IU1_K1_LDSTI0_LBSPPA0_LBSPPB0_LBSPPM0_LPA0_LPB0_LPM0_LRVW1_LWPMn1_MIAV0_MO40_NTn1_NTA0_NTB0_NTC0_NTD0_NTM0_NEPBS0_NLCA1_NLCB1_ONLL1_PGR1_PLR0_PKA0_SIA1_SS0_SPO0_SRVW0_SSO0_SVW1_SK0_SKFTR0_SKXCCM0_TT2_2_TLDS0_ULSGRO0_USL1_UIOFGRO0_USFGROn1_VSn1_VWA1_VWB1_WSGRA0_WSGRB0_WS64_WG8_8_1",10859,699906436864982,699906436868342,2048,0,28,0,128,64,1,1,64,8,1
"KERNEL_DISPATCH","Agent 1",1,1,29203,599,19,"softmax(Scratch*, float const*, float*, int, int*)",10862,699906436871662,699906436882982,0,0,48,0,128,128,1,1,128,1,1
"KERNEL_DISPATCH","Agent 1",1,1,29203,600,18,"transpose_weights(Net const*, Scratch*, int, int)",10866,699906436886342,699906436887622,0,0,8,0,128,256,1,1,1024,1,1
"KERNEL_DISPATCH","Agent 1",1,1,29203,601,2483,"Cijk_Alik_Bljk_S_B_Bias_HA_S_SAV_UserArgs_MT16x16x8_SN_LDSB0_AFC1_AFEM1_AFEM1_ASEM1_CLR0_CADS0_DTLA0_DTLB0_DTVA0_DTVB0_EPS1_FDSI0_GRPM1_GRVWA1_GRVWB1_GSUAMB_GLS0_ISA1201_IU1_K1_LDSTI0_LBSPPA0_LBSPPB0_LBSPPM0_LPA0_LPB0_LPM0_LRVW1_LWPMn1_MIAV0_MO40_NTn1_NTA0_NTB0_NTC0_NTD0_NTM0_NEPBS0_NLCA1_NLCB1_ONLL1_PGR1_PLR0_PKA0_SIA1_SS0_SPO0_SRVW0_SSO0_SVW1_SK0_SKFTR0_SKXCCM0_TT2_2_TLDS0_ULSGRO0_USL1_UIOFGRO0_USFGROn1_VSn1_VWA1_VWB1_WSGRA0_WSGRB0_WS64_WG8_8_1",10876,699906436890902,699906436892943,2048,0,28,0,128,64,1,1,256,8,1
"KERNEL_DISPATCH","Agent 1",1,1,29203,602,17,"derivative(Scratch*, int, int, int*)",10879,699906436896703,699906436897863,0,0,8,0,128,256,1,1,8192,1,1
"KERNEL_DISPATCH","Agent 1",1,1,29203,603,18,"transpose_weights(Net const*, Scratch*, int, int)",10883,699906436901183,699906436902383,0,0,8,0,128,256,1,1,4096,1,1
"KERNEL_DISPATCH","Agent 1",1,1,29203,604,2483,"Cijk_Alik_Bljk_S_B_Bias_HA_S_SAV_UserArgs_MT16x16x8_SN_LDSB0_AFC1_AFEM1_AFEM1_ASEM1_CLR0_CADS0_DTLA0_DTLB0_DTVA0_DTVB0_EPS1_FDSI0_GRPM1_GRVWA1_GRVWB1_GSUAMB_GLS0_ISA1201_IU1_K1_LDSTI0_LBSPPA0_LBSPPB0_LBSPPM0_LPA0_LPB0_LPM0_LRVW1_LWPMn1_MIAV0_MO40_NTn1_NTA0_NTB0_NTC0_NTD0_NTM0_NEPBS0_NLCA1_NLCB1_ONLL1_PGR1_PLR0_PKA0_SIA1_SS0_SPO0_SRVW0_SSO0_SVW1_SK0_SKFTR0_SKXCCM0_TT2_2_TLDS0_ULSGRO0_USL1_UIOFGRO0_USFGROn1_VSn1_VWA1_VWB1_WSGRA0_WSGRB0_WS64_WG8_8_1",10893,699906436915743,699906436918943,2048,0,28,0,128,64,1,1,256,8,1
"KERNEL_DISPATCH","Agent 1",1,1,29203,605,17,"derivative(Scratch*, int, int, int*)",10896,699906436922383,699906436923823,0,0,8,0,128,256,1,1,8192,1,1
"KERNEL_DISPATCH","Agent 1",1,1,29203,606,18,"transpose_weights(Net const*, Scratch*, int, int)",10900,699906436927303,699906436928543,0,0,8,0,128,256,1,1,4096,1,1
"KERNEL_DISPATCH","Agent 1",1,1,29203,607,2483,"Cijk_Alik_Bljk_S_B_Bias_HA_S_SAV_UserArgs_MT16x16x8_SN_LDSB0_AFC1_AFEM1_AFEM1_ASEM1_CLR0_CADS0_DTLA0_DTLB0_DTVA0_DTVB0_EPS1_FDSI0_GRPM1_GRVWA1_GRVWB1_GSUAMB_GLS0_ISA1201_IU1_K1_LDSTI0_LBSPPA0_LBSPPB0_LBSPPM0_LPA0_LPB0_LPM0_LRVW1_LWPMn1_MIAV0_MO40_NTn1_NTA0_NTB0_NTC0_NTD0_NTM0_NEPBS0_NLCA1_NLCB1_ONLL1_PGR1_PLR0_PKA0_SIA1_SS0_SPO0_SRVW0_SSO0_SVW1_SK0_SKFTR0_SKXCCM0_TT2_2_TLDS0_ULSGRO0_USL1_UIOFGRO0_USFGROn1_VSn1_VWA1_VWB1_WSGRA0_WSGRB0_WS64_WG8_8_1",10910,699906436931783,699906436934983,2048,0,28,0,128,64,1,1,256,8,1
"KERNEL_DISPATCH","Agent 1",1,1,29203,608,17,"derivative(Scratch*, int, int, int*)",10913,699906436938503,699906436939663,0,0,8,0,128,256,1,1,8192,1,1
"KERNEL_DISPATCH","Agent 1",1,1,29203,609,18,"transpose_weights(Net const*, Scratch*, int, int)",10917,699906436942983,699906436944183,0,0,8,0,128,256,1,1,4096,1,1
"KERNEL_DISPATCH","Agent 1",1,1,29203,610,2483,"Cijk_Alik_Bljk_S_B_Bias_HA_S_SAV_UserArgs_MT16x16x8_SN_LDSB0_AFC1_AFEM1_AFEM1_ASEM1_CLR0_CADS0_DTLA0_DTLB0_DTVA0_DTVB0_EPS1_FDSI0_GRPM1_GRVWA1_GRVWB1_GSUAMB_GLS0_ISA1201_IU1_K1_LDSTI0_LBSPPA0_LBSPPB0_LBSPPM0_LPA0_LPB0_LPM0_LRVW1_LWPMn1_MIAV0_MO40_NTn1_NTA0_NTB0_NTC0_NTD0_NTM0_NEPBS0_NLCA1_NLCB1_ONLL1_PGR1_PLR0_PKA0_SIA1_SS0_SPO0_SRVW0_SSO0_SVW1_SK0_SKFTR0_SKXCCM0_TT2_2_TLDS0_ULSGRO0_USL1_UIOFGRO0_USFGROn1_VSn1_VWA1_VWB1_WSGRA0_WSGRB0_WS64_WG8_8_1",10927,699906436962944,699906436966064,2048,0,28,0,128,64,1,1,256,8,1
"KERNEL_DISPATCH","Agent 1",1,1,29203,611,17,"derivative(Scratch*, int, int, int*)",10930,699906436969664,699906436970824,0,0,8,0,128,256,1,1,8192,1,1
"KERNEL_DISPATCH","Agent 1",1,1,29203,612,2489,"Cijk_Ailk_Bjlk_S_B_Bias_HA_S_SAV_UserArgs_MT8x8x8_SN_LDSB0_AFC1_AFEM1_AFEM1_ASEM1_CLR0_CADS0_DTLA0_DTLB0_DTVA0_DTVB0_EPS1_FDSI0_GRPM1_GRVWA1_GRVWB1_GSUAMB_GLS0_ISA1201_IU1_K1_LDSTI0_LBSPPA0_LBSPPB0_LBSPPM0_LPA0_LPB0_LPM0_LRVW1_LWPMn1_MIAV0_MO40_NTn1_NTA0_NTB0_NTC0_NTD0_NTM0_NEPBS0_NLCA1_NLCB1_ONLL1_PGR1_PLR0_PKA0_SIA1_SS0_SPO0_SRVW0_SSO0_SVW1_SK0_SKFTR0_SKXCCM0_TT1_1_TLDS0_ULSGRO0_USL1_UIOFGRO0_USFGROn1_VSn1_VWA1_VWB1_WSGRA0_WSGRB0_WS64_WG8_8_1",10940,699906436974144,699906436978904,2048,0,24,0,128,64,1,1,576,2,1
"KERNEL_DISPATCH","Agent 1",1,1,29203,613,2487,"Cijk_Ailk_Bjlk_S_B_Bias_HA_S_SAV_UserArgs_MT16x16x16_SN_LDSB0_AFC1_AFEM1_AFEM1_ASEM1_CLR0_CADS0_DTLA0_DTLB0_DTVA0_DTVB0_EPS1_FDSI0_GRPM1_GRVWA1_GRVWB1_GSUAMB_GLS0_ISA1201_IU1_K1_LDSTI0_LBSPPA0_LBSPPB0_LBSPPM0_LPA0_LPB0_LPM0_LRVW1_LWPMn1_MIAV0_MO40_NTn1_NTA0_NTB0_NTC0_NTD0_NTM0_NEPBS0_NLCA1_NLCB1_ONLL1_PGR1_PLR0_PKA0_SIA1_SS0_SPO0_SRVW0_SSO0_SVW1_SK0_SKFTR0_SKXCCM0_TT2_2_TLDS0_ULSGRO0_USL1_UIOFGRO0_USFGROn1_VSn1_VWA1_VWB1_WSGRA0_WSGRB0_WS64_WG8_8_1",10949,699906436994744,699906437008504,4096,0,32,0,128,64,1,1,896,4,1
"KERNEL_DISPATCH","Agent 1",1,1,29203,614,21,"check_weights(float const*, int, int*)",10952,699906437011825,699906437013425,0,0,8,0,128,256,1,1,53504,1,1
"KERNEL_DISPATCH","Agent 1",1,1,29203,615,21,"check_weights(float const*, int, int*)",10956,699906437017105,699906437018305,0,0,8,0,128,256,1,1,1280,1,1
"KERNEL_DISPATCH","Agent 1",1,1,29203,616,16,"reduce_loss(float const*, int, int*, float*)",10960,699906437021545,699906437026185,0,0,16,0,128,1,1,1,1,1,1
"KERNEL_DISPATCH","Agent 1",1,1,29203,617,23,"join_input(float const*, Scratch*, int, int)",10964,699906437029425,699906437030705,0,0,8,0,128,256,1,1,26880,1,1
"KERNEL_DISPATCH","Agent 1",1,1,29203,618,2483,"Cijk_Alik_Bljk_S_B_Bias_HA_S_SAV_UserArgs_MT16x16x8_SN_LDSB0_AFC1_AFEM1_AFEM1_ASEM1_CLR0_CADS0_DTLA0_DTLB0_DTVA0_DTVB0_EPS1_FDSI0_GRPM1_GRVWA1_GRVWB1_GSUAMB_GLS0_ISA1201_IU1_K1_LDSTI0_LBSPPA0_LBSPPB0_LBSPPM0_LPA0_LPB0_LPM0_LRVW1_LWPMn1_MIAV0_MO40_NTn1_NTA0_NTB0_NTC0_NTD0_NTM0_NEPBS0_NLCA1_NLCB1_ONLL1_PGR1_PLR0_PKA0_SIA1_SS0_SPO0_SRVW0_SSO0_SVW1_SK0_SKFTR0_SKXCCM0_TT2_2_TLDS0_ULSGRO0_USL1_UIOFGRO0_USFGROn1_VSn1_VWA1_VWB1_WSGRA0_WSGRB0_WS64_WG8_8_1",10974,699906437033945,699906437041545,2048,0,28,0,128,64,1,1,256,8,1
"KERNEL_DISPATCH","Agent 1",1,1,29203,619,22,"activation(float*, int, int*)",10977,699906437044865,699906437046065,0,0,8,0,128,256,1,1,8192,1,1
"KERNEL_DISPATCH","Agent 1",1,1,29203,620,23,"join_input(float const*, Scratch*, int, int)",10981,699906437049345,699906437050585,0,0,8,0,128,256,1,1,26880,1,1
"KERNEL_DISPATCH","Agent 1",1,1,29203,621,2483,"Cijk_Alik_Bljk_S_B_Bias_HA_S_SAV_UserArgs_MT16x16x8_SN_LDSB0_AFC1_AFEM1_AFEM1_ASEM1_CLR0_CADS0_DTLA0_DTLB0_DTVA0_DTVB0_EPS1_FDSI0_GRPM1_GRVWA1_GRVWB1_GSUAMB_GLS0_ISA1201_IU1_K1_LDSTI0_LBSPPA0_LBSPPB0_LBSPPM0_LPA0_LPB0_LPM0_LRVW1_LWPMn1_MIAV0_MO40_NTn1_NTA0_NTB0_NTC0_NTD0_NTM0_NEPBS0_NLCA1_NLCB1_ONLL1_PGR1_PLR0_PKA0_SIA1_SS0_SPO0_SRVW0_SSO0_SVW1_SK0_SKFTR0_SKXCCM0_TT2_2_TLDS0_ULSGRO0_USL1_UIOFGRO0_USFGROn1_VSn1_VWA1_VWB1_WSGRA0_WSGRB0_WS64_WG8_8_1",10991,699906437053945,699906437061385,2048,0,28,0,128,64,1,1,256,8,1
"KERNEL_DISPATCH","Agent 1",1,1,29203,622,22,"activation(float*, int, int*)",10994,699906437064665,699906437065865,0,0,8,0,128,256,1,1,8192,1,1
"KERNEL_DISPATCH","Agent 1",1,1,29203,623,23,"join_input(float const*, Scratch*, int, int)",10998,699906437069265,699906437070545,0,0,8,0,128,256,1,1,26880,1,1
"KERNEL_DISPATCH","Agent 1",1,1,29203,624,2483,"Cijk_Alik_Bljk_S_B_Bias_HA_S_SAV_UserArgs_MT16x16x8_SN_LDSB0_AFC1_AFEM1_AFEM1_ASEM1_CLR0_CADS0_DTLA0_DTLB0_DTVA0_DTVB0_EPS1_FDSI0_GRPM1_GRVWA1_GRVWB1_GSUAMB_GLS0_ISA1201_IU1_K1_LDSTI0_LBSPPA0_LBSPPB0_LBSPPM0_LPA0_LPB0_LPM0_LRVW1_LWPMn1_MIAV0_MO40_NTn1_NTA0_NTB0_NTC0_NTD0_NTM0_NEPBS0_NLCA1_NLCB1_ONLL1_PGR1_PLR0_PKA0_SIA1_SS0_SPO0_SRVW0_SSO0_SVW1_SK0_SKFTR0_SKXCCM0_TT2_2_TLDS0_ULSGRO0_USL1_UIOFGRO0_USFGROn1_VSn1_VWA1_VWB1_WSGRA0_WSGRB0_WS64_WG8_8_1",11008,699906437073786,699906437081026,2048,0,28,0,128,64,1,1,256,8,1
"KERNEL_DISPATCH","Agent 1",1,1,29203,625,22,"activation(float*, int, int*)",11011,699906437084386,699906437085586,0,0,8,0,128,256,1,1,8192,1,1
"KERNEL_DISPATCH","Agent 1",1,1,29203,626,23,"join_input(float const*, Scratch*, int, int)",11015,699906437088826,699906437090066,0,0,8,0,128,256,1,1,26880,1,1
"KERNEL_DISPATCH","Agent 1",1,1,29203,627,2483,"Cijk_Alik_Bljk_S_B_Bias_HA_S_SAV_UserArgs_MT16x16x8_SN_LDSB0_AFC1_AFEM1_AFEM1_ASEM1_CLR0_CADS0_DTLA0_DTLB0_DTVA0_DTVB0_EPS1_FDSI0_GRPM1_GRVWA1_GRVWB1_GSUAMB_GLS0_ISA1201_IU1_K1_LDSTI0_LBSPPA0_LBSPPB0_LBSPPM0_LPA0_LPB0_LPM0_LRVW1_LWPMn1_MIAV0_MO40_NTn1_NTA0_NTB0_NTC0_NTD0_NTM0_NEPBS0_NLCA1_NLCB1_ONLL1_PGR1_PLR0_PKA0_SIA1_SS0_SPO0_SRVW0_SSO0_SVW1_SK0_SKFTR0_SKXCCM0_TT2_2_TLDS0_ULSGRO0_USL1_UIOFGRO0_USFGROn1_VSn1_VWA1_VWB1_WSGRA0_WSGRB0_WS64_WG8_8_1",11025,699906437103866,699906437111106,2048,0,28,0,128,64,1,1,256,8,1
"KERNEL_DISPATCH","Agent 1",1,1,29203,628,22,"activation(float*, int, int*)",11028,699906437114506,699906437115706,0,0,8,0,128,256,1,1,8192,1,1
"KERNEL_DISPATCH","Agent 1",1,1,29203,629,20,"final_input(Scratch*, int, int)",11032,699906437119066,699906437120186,0,0,8,0,128,256,1,1,8448,1,1
"KERNEL_DISPATCH","Agent 1",1,1,29203,630,2483,"Cijk_Alik_Bljk_S_B_Bias_HA_S_SAV_UserArgs_MT16x16x8_SN_LDSB0_AFC1_AFEM1_AFEM1_ASEM1_CLR0_CADS0_DTLA0_DTLB0_DTVA0_DTVB0_EPS1_FDSI0_GRPM1_GRVWA1_GRVWB1_GSUAMB_GLS0_ISA1201_IU1_K1_LDSTI0_LBSPPA0_LBSPPB0_LBSPPM0_LPA0_LPB0_LPM0_LRVW1_LWPMn1_MIAV0_MO40_NTn1_NTA0_NTB0_NTC0_NTD0_NTM0_NEPBS0_NLCA1_NLCB1_ONLL1_PGR1_PLR0_PKA0_SIA1_SS0_SPO0_SRVW0_SSO0_SVW1_SK0_SKFTR0_SKXCCM0_TT2_2_TLDS0_ULSGRO0_USL1_UIOFGRO0_USFGROn1_VSn1_VWA1_VWB1_WSGRA0_WSGRB0_WS64_WG8_8_1",11042,699906437123426,699906437126826,2048,0,28,0,128,64,1,1,64,8,1
"KERNEL_DISPATCH","Agent 1",1,1,29203,631,19,"softmax(Scratch*, float const*, float*, int, int*)",11045,699906437130186,699906437141387,0,0,48,0,128,128,1,1,128,1,1
"KERNEL_DISPATCH","Agent 1",1,1,29203,632,18,"transpose_weights(Net const*, Scratch*, int, int)",11049,699906437148307,699906437149427,0,0,8,0,128,256,1,1,1024,1,1
"KERNEL_DISPATCH","Agent 1",1,1,29203,633,2483,"Cijk_Alik_Bljk_S_B_Bias_HA_S_SAV_UserArgs_MT16x16x8_SN_LDSB0_AFC1_AFEM1_AFEM1_ASEM1_CLR0_CADS0_DTLA0_DTLB0_DTVA0_DTVB0_EPS1_FDSI0_GRPM1_GRVWA1_GRVWB1_GSUAMB_GLS0_ISA1201_IU1_K1_LDSTI0_LBSPPA0_LBSPPB0_LBSPPM0_LPA0_LPB0_LPM0_LRVW1_LWPMn1_MIAV0_MO40_NTn1_NTA0_NTB0_NTC0_NTD0_NTM0_NEPBS0_NLCA1_NLCB1_ONLL1_PGR1_PLR0_PKA0_SIA1_SS0_SPO0_SRVW0_SSO0_SVW1_SK0_SKFTR0_SKXCCM0_TT2_2_TLDS0_ULSGRO0_USL1_UIOFGRO0_USFGROn1_VSn1_VWA1_VWB1_WSGRA0_WSGRB0_WS64_WG8_8_1",11059,699906437152867,699906437154947,2048,0,28,0,128,64,1,1,256,8,1
"KERNEL_DISPATCH","Agent 1",1,1,29203,634,17,"derivative(Scratch*, int, int, int*)",11062,699906437158307,699906437159747,0,0,8,0,128,256,1,1,8192,1,1
"KERNEL_DISPATCH","Agent 1",1,1,29203,635,18,"transpose_weights(Net const*, Scratch*, int, int)",11066,699906437163027,699906437164627,0,0,8,0,128,256,1,1,4096,1,1
"KERNEL_DISPATCH","Agent 1",1,1,29203,636,2483,"Cijk_Alik_Bljk_S_B_Bias_HA_S_SAV_UserArgs_MT16x16x8_SN_LDSB0_AFC1_AFEM1_AFEM1_ASEM1_CLR0_CADS0_DTLA0_DTLB0_DTVA0_DTVB0_EPS1_FDSI0_GRPM1_GRVWA1_GRVWB1_GSUAMB_GLS0_ISA1201_IU1_K1_LDSTI0_LBSPPA0_LBSPPB0_LBSPPM0_LPA0_LPB0_LPM0_LRVW1_LWPMn1_MIAV0_MO40_NTn1_NTA0_NTB0_NTC0_NTD0_NTM0_NEPBS0_NLCA1_NLCB1_ONLL1_PGR1_PLR0_PKA0_SIA1_SS0_SPO0_SRVW0_SSO0_SVW1_SK0_SKFTR0_SKXCCM0_TT2_2_TLDS0_ULSGRO0_USL1_UIOFGRO0_USFGROn1_VSn1_VWA1_VWB1_WSGRA0_WSGRB0_WS64_WG8_8_1",11076,699906437167827,699906437170987,2048,0,28,0,128,64,1,1,256,8,1
"KERNEL_DISPATCH","Agent 1",1,1,29203,637,17,"derivative(Scratch*, int, int, int*)",11079,699906437174347,699906437175507,0,0,8,0,128,256,1,1,8192,1,1
"KERNEL_DISPATCH","Agent 1",1,1,29203,638,18,"transpose_weights(Net const*, Scratch*, int, int)",11083,699906437178867,699906437180227,0,0,8,0,128,256,1,1,4096,1,1
"KERNEL_DISPATCH","Agent 1",1,1,29203,639,2483,"Cijk_Alik_Bljk_S_B_Bias_HA_S_SAV_UserArgs_MT16x16x8_SN_LDSB0_AFC1_AFEM1_AFEM1_ASEM1_CLR0_CADS0_DTLA0_DTLB0_DTVA0_DTVB0_EPS1_FDSI0_GRPM1_GRVWA1_GRVWB1_GSUAMB_GLS0_ISA1201_IU1_K1_LDSTI0_LBSPPA0_LBSPPB0_LBSPPM0_LPA0_LPB0_LPM0_LRVW1_LWPMn1_MIAV0_MO40_NTn1_NTA0_NTB0_NTC0_NTD0_NTM0_NEPBS0_NLCA1_NLCB1_ONLL1_PGR1_PLR0_PKA0_SIA1_SS0_SPO0_SRVW0_SSO0_SVW1_SK0_SKFTR0_SKXCCM0_TT2_2_TLDS0_ULSGRO0_USL1_UIOFGRO0_USFGROn1_VSn1_VWA1_VWB1_WSGRA0_WSGRB0_WS64_WG8_8_1",11093,699906437198548,699906437201708,2048,0,28,0,128,64,1,1,256,8,1
"KERNEL_DISPATCH","Agent 1",1,1,29203,640,17,"derivative(Scratch*, int, int, int*)",11096,699906437204988,699906437206148,0,0,8,0,128,256,1,1,8192,1,1
"KERNEL_DISPATCH","Agent 1",1,1,29203,641,18,"transpose_weights(Net const*, Scratch*, int, int)",11100,699906437209508,699906437210708,0,0,8,0,128,256,1,1,4096,1,1
"KERNEL_DISPATCH","Agent 1",1,1,29203,642,2483,"Cijk_Alik_Bljk_S_B_Bias_HA_S_SAV_UserArgs_MT16x16x8_SN_LDSB0_AFC1_AFEM1_AFEM1_ASEM1_CLR0_CADS0_DTLA0_DTLB0_DTVA0_DTVB0_EPS1_FDSI0_GRPM1_GRVWA1_GRVWB1_GSUAMB_GLS0_ISA1201_IU1_K1_LDSTI0_LBSPPA0_LBSPPB0_LBSPPM0_LPA0_LPB0_LPM0_LRVW1_LWPMn1_MIAV0_MO40_NTn1_NTA0_NTB0_NTC0_NTD0_NTM0_NEPBS0_NLCA1_NLCB1_ONLL1_PGR1_PLR0_PKA0_SIA1_SS0_SPO0_SRVW0_SSO0_SVW1_SK0_SKFTR0_SKXCCM0_TT2_2_TLDS0_ULSGRO0_USL1_UIOFGRO0_USFGROn1_VSn1_VWA1_VWB1_WSGRA0_WSGRB0_WS64_WG8_8_1",11110,699906437213988,699906437217268,2048,0,28,0,128,64,1,1,256,8,1
"KERNEL_DISPATCH","Agent 1",1,1,29203,643,17,"derivative(Scratch*, int, int, int*)",11113,699906437220468,699906437221548,0,0,8,0,128,256,1,1,8192,1,1
"KERNEL_DISPATCH","Agent 1",1,1,29203,644,2489,"Cijk_Ailk_Bjlk_S_B_Bias_HA_S_SAV_UserArgs_MT8x8x8_SN_LDSB0_AFC1_AFEM1_AFEM1_ASEM1_CLR0_CADS0_DTLA0_DTLB0_DTVA0_DTVB0_EPS1_FDSI0_GRPM1_GRVWA1_GRVWB1_GSUAMB_GLS0_ISA1201_IU1_K1_LDSTI0_LBSPPA0_LBSPPB0_LBSPPM0_LPA0_LPB0_LPM0_LRVW1_LWPMn1_MIAV0_MO40_NTn1_NTA0_NTB0_NTC0_NTD0_NTM0_NEPBS0_NLCA1_NLCB1_ONLL1_PGR1_PLR0_PKA0_SIA1_SS0_SPO0_SRVW0_SSO0_SVW1_SK0_SKFTR0_SKXCCM0_TT1_1_TLDS0_ULSGRO0_USL1_UIOFGRO0_USFGROn1_VSn1_VWA1_VWB1_WSGRA0_WSGRB0_WS64_WG8_8_1",11123,699906437241428,699906437252429,2048,0,24,0,128,64,1,1,576,2,1
"KERNEL_DISPATCH","Agent 1",1,1,29203,645,2487,"Cijk_Ailk_Bjlk_S_B_Bias_HA_S_SAV_UserArgs_MT16x16x16_SN_LDSB0_AFC1_AFEM1_AFEM1_ASEM1_CLR0_CADS0_DTLA0_DTLB0_DTVA0_DTVB0_EPS1_FDSI0_GRPM1_GRVWA1_GRVWB1_GSUAMB_GLS0_ISA1201_IU1_K1_LDSTI0_LBSPPA0_LBSPPB0_LBSPPM0_LPA0_LPB0_LPM0_LRVW1_LWPMn1_MIAV0_MO40_NTn1_NTA0_NTB0_NTC0_NTD0_NTM0_NEPBS0_NLCA1_NLCB1_ONLL1_PGR1_PLR0_PKA0_SIA1_SS0_SPO0_SRVW0_SSO0_SVW1_SK0_SKFTR0_SKXCCM0_TT2_2_TLDS0_ULSGRO0_USL1_UIOFGRO0_USFGROn1_VSn1_VWA1_VWB1_WSGRA0_WSGRB0_WS64_WG8_8_1",11132,699906437255789,699906437269629,4096,0,32,0,128,64,1,1,896,4,1
"KERNEL_DISPATCH","Agent 1",1,1,29203,646,21,"check_weights(float const*, int, int*)",11135,699906437272909,699906437274069,0,0,8,0,128,256,1,1,53504,1,1
"KERNEL_DISPATCH","Agent 1",1,1,29203,647,21,"check_weights(float const*, int, int*)",11139,699906437277709,699906437278749,0,0,8,0,128,256,1,1,1280,1,1
"KERNEL_DISPATCH","Agent 1",1,1,29203,648,16,"reduce_loss(float const*, int, int*, float*)",11143,699906437282109,699906437286749,0,0,16,0,128,1,1,1,1,1,1
"KERNEL_DISPATCH","Agent 1",1,1,29203,649,23,"join_input(float const*, Scratch*, int, int)",11147,699906437290109,699906437291389,0,0,8,0,128,256,1,1,26880,1,1
"KERNEL_DISPATCH","Agent 1",1,1,29203,650,2483,"Cijk_Alik_Bljk_S_B_Bias_HA_S_SAV_UserArgs_MT16x16x8_SN_LDSB0_AFC1_AFEM1_AFEM1_ASEM1_CLR0_CADS0_DTLA0_DTLB0_DTVA0_DTVB0_EPS1_FDSI0_GRPM1_GRVWA1_GRVWB1_GSUAMB_GLS0_ISA1201_IU1_K1_LDSTI0_LBSPPA0_LBSPPB0_LBSPPM0_LPA0_LPB0_LPM0_LRVW1_LWPMn1_MIAV0_MO40_NTn1_NTA0_NTB0_NTC0_NTD0_NTM0_NEPBS0_NLCA1_NLCB1_ONLL1_PGR1_PLR0_PKA0_SIA1_SS0_SPO0_SRVW0_SSO0_SVW1_SK0_SKFTR0_SKXCCM0_TT2_2_TLDS0_ULSGRO0_USL1_UIOFGRO0_USFGROn1_VSn1_VWA1_VWB1_WSGRA0_WSGRB0_WS64_WG8_8_1",11157,699906437294669,699906437302549,2048,0,28,0,128,64,1,1,256,8,1
"KERNEL_DISPATCH","Agent 1",1,1,29203,651,22,"activation(float*, int, int*)",11160,699906437306189,699906437307389,0,0,8,0,128,256,1,1,8192,1,1
"KERNEL_DISPATCH","Agent 1",1,1,29203,652,23,"join_input(float const*, Scratch*, int, int)",11164,699906437310590,699906437311910,0,0,8,0,128,256,1,1,26880,1,1
"KERNEL_DISPATCH","Agent 1",1,1,29203,653,2483,"Cijk_Alik_Bljk_S_B_Bias_HA_S_SAV_UserArgs_MT16x16x8_SN_LDSB0_AFC1_AFEM1_AFEM1_ASEM1_CLR0_CADS0_DTLA0_DTLB0_DTVA0_DTVB0_EPS1_FDSI0_GRPM1_GRVWA1_GRVWB1_GSUAMB_GLS0_ISA1201_IU1_K1_LDSTI0_LBSPPA0_LBSPPB0_LBSPPM0_LPA0_LPB0_LPM0_LRVW1_LWPMn1_MIAV0_MO40_NTn1_NTA0_NTB0_NTC0_NTD0_NTM0_NEPBS0_NLCA1_NLCB1_ONLL1_PGR1_PLR0_PKA0_SIA1_SS0_SPO0_SRVW0_SSO0_SVW1_SK0_SKFTR0_SKXCCM0_TT2_2_TLDS0_ULSGRO0_USL1_UIOFGRO0_USFGROn1_VSn1_VWA1_VWB1_WSGRA0_WSGRB0_WS64_WG8_8_1",11174,699906437315150,699906437322750,2048,0,28,0,128,64,1,1,256,8,1
"KERNEL_DISPATCH","Agent 1",1,1,29203,654,22,"activation(float*, int, int*)",11177,699906437326030,699906437327270,0,0,8,0,128,256,1,1,8192,1,1
"KERNEL_DISPATCH","Agent 1",1,1,29203,655,23,"join_input(float const*, Scratch*, int, int)",11181,699906437330550,699906437331750,0,0,8,0,128,256,1,1,26880,1,1
"KERNEL_DISPATCH","Agent 1",1,1,29203,656,2483,"Cijk_Alik_Bljk_S_B_Bias_HA_S_SAV_UserArgs_MT16x16x8_SN_LDSB0_AFC1_AFEM1_AFEM1_ASEM1_CLR0_CADS0_DTLA0_DTLB0_DTVA0_DTVB0_EPS1_FDSI0_GRPM1_GRVWA1_GRVWB1_GSUAMB_GLS0_ISA1201_IU1_K1_LDSTI0_LBSPPA0_LBSPPB0_LBSPPM0_LPA0_LPB0_LPM0_LRVW1_LWPMn1_MIAV0_MO40_NTn1_NTA0_NTB0_NTC0_NTD0_NTM0_NEPBS0_NLCA1_NLCB1_ONLL1_PGR1_PLR0_PKA0_SIA1_SS0_SPO0_SRVW0_SSO0_SVW1_SK0_SKFTR0_SKXCCM0_TT2_2_TLDS0_ULSGRO0_USL1_UIOFGRO0_USFGROn1_VSn1_VWA1_VWB1_WSGRA0_WSGRB0_WS64_WG8_8_1",11191,699906437335110,699906437342390,2048,0,28,0,128,64,1,1,256,8,1
"KERNEL_DISPATCH","Agent 1",1,1,29203,657,22,"activation(float*, int, int*)",11194,699906437345750,699906437346950,0,0,8,0,128,256,1,1,8192,1,1
"KERNEL_DISPATCH","Agent 1",1,1,29203,658,23,"join_input(float const*, Scratch*, int, int)",11198,699906437350350,699906437351830,0,0,8,0,128,256,1,1,26880,1,1
"KERNEL_DISPATCH","Agent 1",1,1,29203,659,2483,"Cijk_Alik_Bljk_S_B_Bias_HA_S_SAV_UserArgs_MT16x16x8_SN_LDSB0_AFC1_AFEM1_AFEM1_ASEM1_CLR0_CADS0_DTLA0_DTLB0_DTVA0_DTVB0_EPS1_FDSI0_GRPM1_GRVWA1_GRVWB1_GSUAMB_GLS0_ISA1201_IU1_K1_LDSTI0_LBSPPA0_LBSPPB0_LBSPPM0_LPA0_LPB0_LPM0_LRVW1_LWPMn1_MIAV0_MO40_NTn1_NTA0_NTB0_NTC0_NTD0_NTM0_NEPBS0_NLCA1_NLCB1_ONLL1_PGR1_PLR0_PKA0_SIA1_SS0_SPO0_SRVW0_SSO0_SVW1_SK0_SKFTR0_SKXCCM0_TT2_2_TLDS0_ULSGRO0_USL1_UIOFGRO0_USFGROn1_VSn1_VWA1_VWB1_WSGRA0_WSGRB0_WS64_WG8_8_1",11208,699906437442352,699906437449592,2048,0,28,0,128,64,1,1,256,8,1
"KERNEL_DISPATCH","Agent 1",1,1,29203,660,22,"activation(float*, int, int*)",11211,699906437453272,699906437454392,0,0,8,0,128,256,1,1,8192,1,1
"KERNEL_DISPATCH","Agent 1",1,1,29203,661,20,"final_input(Scratch*, int, int)",11215,699906437457752,699906437458872,0,0,8,0,128,256,1,1,8448,1,1
"KERNEL_DISPATCH","Agent 1",1,1,29203,662,2483,"Cijk_Alik_Bljk_S_B_Bias_HA_S_SAV_UserArgs_MT16x16x8_SN_LDSB0_AFC1_AFEM1_AFEM1_ASEM1_CLR0_CADS0_DTLA0_DTLB0_DTVA0_DTVB0_EPS1_FDSI0_GRPM1_GRVWA1_GRVWB1_GSUAMB_GLS0_ISA1201_IU1_K1_LDSTI0_LBSPPA0_LBSPPB0_LBSPPM0_LPA0_LPB0_LPM0_LRVW1_LWPMn1_MIAV0_MO40_NTn1_NTA0_NTB0_NTC0_NTD0_NTM0_NEPBS0_NLCA1_NLCB1_ONLL1_PGR1_PLR0_PKA0_SIA1_SS0_SPO0_SRVW0_SSO0_SVW1_SK0_SKFTR0_SKXCCM0_TT2_2_TLDS0_ULSGRO0_USL1_UIOFGRO0_USFGROn1_VSn1_VWA1_VWB1_WSGRA0_WSGRB0_WS64_WG8_8_1",11225,699906437462232,699906437465632,2048,0,28,0,128,64,1,1,64,8,1
"KERNEL_DISPATCH","Agent 1",1,1,29203,663,19,"softmax(Scratch*, float const*, float*, int, int*)",11228,699906437468912,699906437480232,0,0,48,0,128,128,1,1,128,1,1
"KERNEL_DISPATCH","Agent 1",1,1,29203,664,18,"transpose_weights(Net const*, Scratch*, int, int)",11232,699906437483672,699906437484832,0,0,8,0,128,256,1,1,1024,1,1
"KERNEL_DISPATCH","Agent 1",1,1,29203,665,2483,"Cijk_Alik_Bljk_S_B_Bias_HA_S_SAV_UserArgs_MT16x16x8_SN_LDSB0_AFC1_AFEM1_AFEM1_ASEM1_CLR0_CADS0_DTLA0_DTLB0_DTVA0_DTVB0_EPS1_FDSI0_GRPM1_GRVWA1_GRVWB1_GSUAMB_GLS0_ISA1201_IU1_K1_LDSTI0_LBSPPA0_LBSPPB0_LBSPPM0_LPA0_LPB0_LPM0_LRVW1_LWPMn1_MIAV0_MO40_NTn1_NTA0_NTB0_NTC0_NTD0_NTM0_NEPBS0_NLCA1_NLCB1_ONLL1_PGR1_PLR0_PKA0_SIA1_SS0_SPO0_SRVW0_SSO0_SVW1_SK0_SKFTR0_SKXCCM0_TT2_2_TLDS0_ULSGRO0_USL1_UIOFGRO0_USFGROn1_VSn1_VWA1_VWB1_WSGRA0_WSGRB0_WS64_WG8_8_1",11242,699906437488312,699906437490393,2048,0,28,0,128,64,1,1,256,8,1
"KERNEL_DISPATCH","Agent 1",1,1,29203,666,17,"derivative(Scratch*, int, int, int*)",11245,699906437493793,699906437494993,0,0,8,0,128,256,1,1,8192,1,1
"KERNEL_DISPATCH","Agent 1",1,1,29203,667,18,"transpose_weights(Net const*, Scratch*, int, int)",11249,699906437498273,699906437499393,0,0,8,0,128,256,1,1,4096,1,1
"KERNEL_DISPATCH","Agent 1",1,1,29203,668,2483,"Cijk_Alik_Bljk_S_B_Bias_HA_S_SAV_UserArgs_MT16x16x8_SN_LDSB0_AFC1_AFEM1_AFEM1_ASEM1_CLR0_CADS0_DTLA0_DTLB0_DTVA0_DTVB0_EPS1_FDSI0_GRPM1_GRVWA1_GRVWB1_GSUAMB_GLS0_ISA1201_IU1_K1_LDSTI0_LBSPPA0_LBSPPB0_LBSPPM0_LPA0_LPB0_LPM0_LRVW1_LWPMn1_MIAV0_MO40_NTn1_NTA0_NTB0_NTC0_NTD0_NTM0_NEPBS0_NLCA1_NLCB1_ONLL1_PGR1_PLR0_PKA0_SIA1_SS0_SPO0_SRVW0_SSO0_SVW1_SK0_SKFTR0_SKXCCM0_TT2_2_TLDS0_ULSGRO0_USL1_UIOFGRO0_USFGROn1_VSn1_VWA1_VWB1_WSGRA0_WSGRB0_WS64_WG8_8_1",11259,699906437513953,699906437517073,2048,0,28,0,128,64,1,1,256,8,1
"KERNEL_DISPATCH","Agent 1",1,1,29203,669,17,"derivative(Scratch*, int, int, int*)",11262,699906437520713,699906437521833,0,0,8,0,128,256,1,1,8192,1,1
"KERNEL_DISPATCH","Agent 1",1,1,29203,670,18,"transpose_weights(Net const*, Scratch*, int, int)",11266,699906437525193,699906437526393,0,0,8,0,128,256,1,1,4096,1,1
"KERNEL_DISPATCH","Agent 1",1,1,29203,685,2483,"Cijk_Alik_Bljk_S_B_Bias_HA_S_SAV_UserArgs_MT16x16x8_SN_LDSB0_AFC1_AFEM1_AFEM1_ASEM1_CLR0_CADS0_DTLA0_DTLB0_DTVA0_DTVB0_EPS1_FDSI0_GRPM1_GRVWA1_GRVWB1_GSUAMB_GLS0_ISA1201_IU1_K1_LDSTI0_LBSPPA0_LBSPPB0_LBSPPM0_LPA0_LPB0_LPM0_LRVW1_LWPMn1_MIAV0_MO40_NTn1_NTA0_NTB0_NTC0_NTD0_NTM0_NEPBS0_NLCA1_NLCB1_ONLL1_PGR1_PLR0_PKA0_SIA1_SS0_SPO0_SRVW0_SSO0_SVW1_SK0_SKFTR0_SKXCCM0_TT2_2_TLDS0_ULSGRO0_USL1_UIOFGRO0_USFGROn1_VSn1_VWA1_VWB1_WSGRA0_WSGRB0_WS64_WG8_8_1",11357,699906437643795,699906437651195,2048,0,28,0,128,64,1,1,256,8,1
"KERNEL_DISPATCH","Agent 1",1,1,29203,684,23,"join_input(float const*, Scratch*, int, int)",11347,699906437639155,699906437640435,0,0,8,0,128,256,1,1,26880,1,1
"KERNEL_DISPATCH","Agent 1",1,1,29203,683,22,"activation(float*, int, int*)",11343,699906437634555,699906437635755,0,0,8,0,128,256,1,1,8192,1,1
"KERNEL_DISPATCH","Agent 1",1,1,29203,682,2483,"Cijk_Alik_Bljk_S_B_Bias_HA_S_SAV_UserArgs_MT16x16x8_SN_LDSB0_AFC1_AFEM1_AFEM1_ASEM1_CLR0_CADS0_DTLA0_DTLB0_DTVA0_DTVB0_EPS1_FDSI0_GRPM1_GRVWA1_GRVWB1_GSUAMB_GLS0_ISA1201_IU1_K1_LDSTI0_LBSPPA0_LBSPPB0_LBSPPM0_LPA0_LPB0_LPM0_LRVW1_LWPMn1_MIAV0_MO40_NTn1_NTA0_NTB0_NTC0_NTD0_NTM0_NEPBS0_NLCA1_NLCB1_ONLL1_PGR1_PLR0_PKA0_SIA1_SS0_SPO0_SRVW0_SSO0_SVW1_SK0_SKFTR0_SKXCCM0_TT2_2_TLDS0_ULSGRO0_USL1_UIOFGRO0_USFGROn1_VSn1_VWA1_VWB1_WSGRA0_WSGRB0_WS64_WG8_8_1",11340,699906437622955,699906437630915,2048,0,28,0,128,64,1,1,256,8,1
"KERNEL_DISPATCH","Agent 1",1,1,29203,681,23,"join_input(float const*, Scratch*, int, int)",11330,699906437618075,699906437619435,0,0,8,0,128,256,1,1,26880,1,1
"KERNEL_DISPATCH","Agent 1",1,1,29203,680,16,"reduce_loss(float const*, int, int*, float*)",11326,699906437609715,699906437614355,0,0,16,0,128,1,1,1,1,1,1
"KERNEL_DISPATCH","Agent 1",1,1,29203,679,21,"check_weights(float const*, int, int*)",11322,699906437603794,699906437605234,0,0,8,0,128,256,1,1,1280,1,1
"KERNEL_DISPATCH","Agent 1",1,1,29203,678,21,"check_weights(float const*, int, int*)",11318,699906437599234,699906437600434,0,0,8,0,128,256,1,1,53504,1,1
"KERNEL_DISPATCH","Agent 1",1,1,29203,677,2487,"Cijk_Ailk_Bjlk_S_B_Bias_HA_S_SAV_UserArgs_MT16x16x16_SN_LDSB0_AFC1_AFEM1_AFEM1_ASEM1_CLR0_CADS0_DTLA0_DTLB0_DTVA0_DTVB0_EPS1_FDSI0_GRPM1_GRVWA1_GRVWB1_GSUAMB_GLS0_ISA1201_IU1_K1_LDSTI0_LBSPPA0_LBSPPB0_LBSPPM0_LPA0_LPB0_LPM0_LRVW1_LWPMn1_MIAV0_MO40_NTn1_NTA0_NTB0_NTC0_NTD0_NTM0_NEPBS0_NLCA1_NLCB1_ONLL1_PGR1_PLR0_PKA0_SIA1_SS0_SPO0_SRVW0_SSO0_SVW1_SK0_SKFTR0_SKXCCM0_TT2_2_TLDS0_ULSGRO0_USL1_UIOFGRO0_USFGROn1_VSn1_VWA1_VWB1_WSGRA0_WSGRB0_WS64_WG8_8_1",11315,699906437582114,699906437595874,4096,0,32,0,128,64,1,1,896,4,1
"KERNEL_DISPATCH","Agent 1",1,1,29203,676,2489,"Cijk_Ailk_Bjlk_S_B_Bias_HA_S_SAV_UserArgs_MT8x8x8_SN_LDSB0_AFC1_AFEM1_AFEM1_ASEM1_CLR0_CADS0_DTLA0_DTLB0_DTVA0_DTVB0_EPS1_FDSI0_GRPM1_GRVWA1_GRVWB1_GSUAMB_GLS0_ISA1201_IU1_K1_LDSTI0_LBSPPA0_LBSPPB0_LBSPPM0_LPA0_LPB0_LPM0_LRVW1_LWPMn1_MIAV0_MO40_NTn1_NTA0_NTB0_NTC0_NTD0_NTM0_NEPBS0_NLCA1_NLCB1_ONLL1_PGR1_PLR0_PKA0_SIA1_SS0_SPO0_SRVW0_SSO0_SVW1_SK0_SKFTR0_SKXCCM0_TT1_1_TLDS0_ULSGRO0_USL1_UIOFGRO0_USFGROn1_VSn1_VWA1_VWB1_WSGRA0_WSGRB0_WS64_WG8_8_1",11306,699906437566914,699906437578674,2048,0,24,0,128,64,1,1,576,2,1
"KERNEL_DISPATCH","Agent 1",1,1,29203,675,17,"derivative(Scratch*, int, int, int*)",11296,699906437562474,699906437563634,0,0,8,0,128,256,1,1,8192,1,1
"KERNEL_DISPATCH","Agent 1",1,1,29203,674,2483,"Cijk_Alik_Bljk_S_B_Bias_HA_S_SAV_UserArgs_MT16x16x8_SN_LDSB0_AFC1_AFEM1_AFEM1_ASEM1_CLR0_CADS0_DTLA0_DTLB0_DTVA0_DTVB0_EPS1_FDSI0_GRPM1_GRVWA1_GRVWB1_GSUAMB_GLS0_ISA1201_IU1_K1_LDSTI0_LBSPPA0_LBSPPB0_LBSPPM0_LPA0_LPB0_LPM0_LRVW1_LWPMn1_MIAV0_MO40_NTn1_NTA0_NTB0_NTC0_NTD0_NTM0_NEPBS0_NLCA1_NLCB1_ONLL1_PGR1_PLR0_PKA0_SIA1_SS0_SPO0_SRVW0_SSO0_SVW1_SK0_SKFTR0_SKXCCM0_TT2_2_TLDS0_ULSGRO0_USL1_UIOFGRO0_USFGROn1_VSn1_VWA1_VWB1_WSGRA0_WSGRB0_WS64_WG8_8_1",11293,699906437555914,699906437559074,2048,0,28,0,128,64,1,1,256,8,1
"KERNEL_DISPATCH","Agent 1",1,1,29203,673,18,"transpose_weights(Net const*, Scratch*, int, int)",11283,699906437541033,699906437542193,0,0,8,0,128,256,1,1,4096,1,1
"KERNEL_DISPATCH","Agent 1",1,1,29203,672,17,"derivative(Scratch*, int, int, int*)",11279,699906437536513,699906437537673,0,0,8,0,128,256,1,1,8192,1,1
"KERNEL_DISPATCH","Agent 1",1,1,29203,671,2483,"Cijk_Alik_Bljk_S_B_Bias_HA_S_SAV_UserArgs_MT16x16x8_SN_LDSB0_AFC1_AFEM1_AFEM1_ASEM1_CLR0_CADS0_DTLA0_DTLB0_DTVA0_DTVB0_EPS1_FDSI0_GRPM1_GRVWA1_GRVWB1_GSUAMB_GLS0_ISA1201_IU1_K1_LDSTI0_LBSPPA0_LBSPPB0_LBSPPM0_LPA0_LPB0_LPM0_LRVW1_LWPMn1_MIAV0_MO40_NTn1_NTA0_NTB0_NTC0_NTD0_NTM0_NEPBS0_NLCA1_NLCB1_ONLL1_PGR1_PLR0_PKA0_SIA1_SS0_SPO0_SRVW0_SSO0_SVW1_SK0_SKFTR0_SKXCCM0_TT2_2_TLDS0_ULSGRO0_USL1_UIOFGRO0_USFGROn1_VSn1_VWA1_VWB1_WSGRA0_WSGRB0_WS64_WG8_8_1",11276,699906437529673,699906437533153,2048,0,28,0,128,64,1,1,256,8,1
"KERNEL_DISPATCH","Agent 1",1,1,29203,686,22,"activation(float*, int, int*)",11360,699906437690516,699906437692076,0,0,8,0,128,256,1,1,8192,1,1
"KERNEL_DISPATCH","Agent 1",1,1,29203,687,23,"join_input(float const*, Scratch*, int, int)",11364,699906437695636,699906437696836,0,0,8,0,128,256,1,1,26880,1,1
"KERNEL_DISPATCH","Agent 1",1,1,29203,688,2483,"Cijk_Alik_Bljk_S_B_Bias_HA_S_SAV_UserArgs_MT16x16x8_SN_LDSB0_AFC1_AFEM1_AFEM1_ASEM1_CLR0_CADS0_DTLA0_DTLB0_DTVA0_DTVB0_EPS1_FDSI0_GRPM1_GRVWA1_GRVWB1_GSUAMB_GLS0_ISA1201_IU1_K1_LDSTI0_LBSPPA0_LBSPPB0_LBSPPM0_LPA0_LPB0_LPM0_LRVW1_LWPMn1_MIAV0_MO40_NTn1_NTA0_NTB0_NTC0_NTD0_NTM0_NEPBS0_NLCA1_NLCB1_ONLL1_PGR1_PLR0_PKA0_SIA1_SS0_SPO0_SRVW0_SSO0_SVW1_SK0_SKFTR0_SKXCCM0_TT2_2_TLDS0_ULSGRO0_USL1_UIOFGRO0_USFGROn1_VSn1_VWA1_VWB1_WSGRA0_WSGRB0_WS64_WG8_8_1",11374,699906437718716,699906437725876,2048,0,28,0,128,64,1,1,256,8,1
"KERNEL_DISPATCH","Agent 1",1,1,29203,689,22,"activation(float*, int, int*)",11377,699906437729237,699906437730397,0,0,8,0,128,256,1,1,8192,1,1
"KERNEL_DISPATCH","Agent 1",1,1,29203,690,23,"join_input(float const*, Scratch*, int, int)",11381,699906437734077,699906437735317,0,0,8,0,128,256,1,1,26880,1,1
"KERNEL_DISPATCH","Agent 1",1,1,29203,691,2483,"Cijk_Alik_Bljk_S_B_Bias_HA_S_SAV_UserArgs_MT16x16x8_SN_LDSB0_AFC1_AFEM1_AFEM1_ASEM1_CLR0_CADS0_DTLA0_DTLB0_DTVA0_DTVB0_EPS1_FDSI0_GRPM1_GRVWA1_GRVWB1_GSUAMB_GLS0_ISA1201_IU1_K1_LDSTI0_LBSPPA0_LBSPPB0_LBSPPM0_LPA0_LPB0_LPM0_LRVW1_LWPMn1_MIAV0_MO40_NTn1_NTA0_NTB0_NTC0_NTD0_NTM0_NEPBS0_NLCA1_NLCB1_ONLL1_PGR1_PLR0_PKA0_SIA1_SS0_SPO0_SRVW0_SSO0_SVW1_SK0_SKFTR0_SKXCCM0_TT2_2_TLDS0_ULSGRO0_USL1_UIOFGRO0_USFGROn1_VSn1_VWA1_VWB1_WSGRA0_WSGRB0_WS64_WG8_8_1",11391,699906437739117,699906437746357,2048,0,28,0,128,64,1,1,256,8,1
"KERNEL_DISPATCH","Agent 1",1,1,29203,692,22,"activation(float*, int, int*)",11394,699906437749717,699906437750877,0,0,8,0,128,256,1,1,8192,1,1
"KERNEL_DISPATCH","Agent 1",1,1,29203,693,20,"final_input(Scratch*, int, int)",11398,699906437754237,699906437755397,0,0,8,0,128,256,1,1,8448,1,1
"KERNEL_DISPATCH","Agent 1",1,1,29203,694,2483,"Cijk_Alik_Bljk_S_B_Bias_HA_S_SAV_UserArgs_MT16x16x8_SN_LDSB0_AFC1_AFEM1_AFEM1_ASEM1_CLR0_CADS0_DTLA0_DTLB0_DTVA0_DTVB0_EPS1_FDSI0_GRPM1_GRVWA1_GRVWB1_GSUAMB_GLS0_ISA1201_IU1_K1_LDSTI0_LBSPPA0_LBSPPB0_LBSPPM0_LPA0_LPB0_LPM0_LRVW1_LWPMn1_MIAV0_MO40_NTn1_NTA0_NTB0_NTC0_NTD0_NTM0_NEPBS0_NLCA1_NLCB1_ONLL1_PGR1_PLR0_PKA0_SIA1_SS0_SPO0_SRVW0_SSO0_SVW1_SK0_SKFTR0_SKXCCM0_TT2_2_TLDS0_ULSGRO0_USL1_UIOFGRO0_USFGROn1_VSn1_VWA1_VWB1_WSGRA0_WSGRB0_WS64_WG8_8_1",11408,699906437758677,699906437762077,2048,0,28,0,128,64,1,1,64,8,1
"KERNEL_DISPATCH","Agent 1",1,1,29203,695,19,"softmax(Scratch*, float const*, float*, int, int*)",11411,699906437765797,699906437777317,0,0,48,0,128,128,1,1,128,1,1
"KERNEL_DISPATCH","Agent 1",1,1,29203,696,18,"transpose_weights(Net const*, Scratch*, int, int)",11415,699906437780917,699906437782077,0,0,8,0,128,256,1,1,1024,1,1
"KERNEL_DISPATCH","Agent 1",1,1,29203,697,2483,"Cijk_Alik_Bljk_S_B_Bias_HA_S_SAV_UserArgs_MT16x16x8_SN_LDSB0_AFC1_AFEM1_AFEM1_ASEM1_CLR0_CADS0_DTLA0_DTLB0_DTVA0_DTVB0_EPS1_FDSI0_GRPM1_GRVWA1_GRVWB1_GSUAMB_GLS0_ISA1201_IU1_K1_LDSTI0_LBSPPA0_LBSPPB0_LBSPPM0_LPA0_LPB0_LPM0_LRVW1_LWPMn1_MIAV0_MO40_NTn1_NTA0_NTB0_NTC0_NTD0_NTM0_NEPBS0_NLCA1_NLCB1_ONLL1_PGR1_PLR0_PKA0_SIA1_SS0_SPO0_SRVW0_SSO0_SVW1_SK0_SKFTR0_SKXCCM0_TT2_2_TLDS0_ULSGRO0_USL1_UIOFGRO0_USFGROn1_VSn1_VWA1_VWB1_WSGRA0_WSGRB0_WS64_WG8_8_1",11425,699906437785397,699906437787477,2048,0,28,0,128,64,1,1,256,8,1
"KERNEL_DISPATCH","Agent 1",1,1,29203,698,17,"derivative(Scratch*, int, int, int*)",11428,699906437790878,699906437792038,0,0,8,0,128,256,1,1,8192,1,1
"KERNEL_DISPATCH","Agent 1",1,1,29203,699,18,"transpose_weights(Net const*, Scratch*, int, int)",11432,699906437795398,699906437796558,0,0,8,0,128,256,1,1,4096,1,1
"KERNEL_DISPATCH","Agent 1",1,1,29203,700,2483,"Cijk_Alik_Bljk_S_B_Bias_HA_S_SAV_UserArgs_MT16x16x8_SN_LDSB0_AFC1_AFEM1_AFEM1_ASEM1_CLR0_CADS0_DTLA0_DTLB0_DTVA0_DTVB0_EPS1_FDSI0_GRPM1_GRVWA1_GRVWB1_GSUAMB_GLS0_ISA1201_IU1_K1_LDSTI0_LBSPPA0_LBSPPB0_LBSPPM0_LPA0_LPB0_LPM0_LRVW1_LWPMn1_MIAV0_MO40_NTn1_NTA0_NTB0_NTC0_NTD0_NTM0_NEPBS0_NLCA1_NLCB1_ONLL1_PGR1_PLR0_PKA0_SIA1_SS0_SPO0_SRVW0_SSO0_SVW1_SK0_SKFTR0_SKXCCM0_TT2_2_TLDS0_ULSGRO0_USL1_UIOFGRO0_USFGROn1_VSn1_VWA1_VWB1_WSGRA0_WSGRB0_WS64_WG8_8_1",11442,699906437810398,699906437813998,2048,0,28,0,128,64,1,1,256,8,1
"KERNEL_DISPATCH","Agent 1",1,1,29203,701,17,"derivative(Scratch*, int, int, int*)",11445,699906437817278,699906437818438,0,0,8,0,128,256,1,1,8192,1,1
"KERNEL_DISPATCH","Agent 1",1,1,29203,702,18,"transpose_weights(Net const*, Scratch*, int, int)",11449,699906437821718,699906437832518,0,0,8,0,128,256,1,1,4096,1,1
"KERNEL_DISPATCH","Agent 1",1,1,29203,703,2483,"Cijk_Alik_Bljk_S_B_Bias_HA_S_SAV_UserArgs_MT16x16x8_SN_LDSB0_AFC1_AFEM1_AFEM1_ASEM1_CLR0_CADS0_DTLA0_DTLB0_DTVA0_DTVB0_EPS1_FDSI0_GRPM1_GRVWA1_GRVWB1_GSUAMB_GLS0_ISA1201_IU1_K1_LDSTI0_LBSPPA0_LBSPPB0_LBSPPM0_LPA0_LPB0_LPM0_LRVW1_LWPMn1_MIAV0_MO40_NTn1_NTA0_NTB0_NTC0_NTD0_NTM0_NEPBS0_NLCA1_NLCB1_ONLL1_PGR1_PLR0_PKA0_SIA1_SS0_SPO0_SRVW0_SSO0_SVW1_SK0_SKFTR0_SKXCCM0_TT2_2_TLDS0_ULSGRO0_USL1_UIOFGRO0_USFGROn1_VSn1_VWA1_VWB1_WSGRA0_WSGRB0_WS64_WG8_8_1",11459,699906437836158,699906437839318,2048,0,28,0,128,64,1,1,256,8,1
"KERNEL_DISPATCH","Agent 1",1,1,29203,704,17,"derivative(Scratch*, int, int, int*)",11462,699906437842558,699906437843718,0,0,8,0,128,256,1,1,8192,1,1
"KERNEL_DISPATCH","Agent 1",1,1,29203,705,18,"transpose_weights(Net const*, Scratch*, int, int)",11466,699906437847158,699906437848399,0,0,8,0,128,256,1,1,4096,1,1
"KERNEL_DISPATCH","Agent 1",1,1,29203,706,2483,"Cijk_Alik_Bljk_S_B_Bias_HA_S_SAV_UserArgs_MT16x16x8_SN_LDSB0_AFC1_AFEM1_AFEM1_ASEM1_CLR0_CADS0_DTLA0_DTLB0_DTVA0_DTVB0_EPS1_FDSI0_GRPM1_GRVWA1_GRVWB1_GSUAMB_GLS0_ISA1201_IU1_K1_LDSTI0_LBSPPA0_LBSPPB0_LBSPPM0_LPA0_LPB0_LPM0_LRVW1_LWPMn1_MIAV0_MO40_NTn1_NTA0_NTB0_NTC0_NTD0_NTM0_NEPBS0_NLCA1_NLCB1_ONLL1_PGR1_PLR0_PKA0_SIA1_SS0_SPO0_SRVW0_SSO0_SVW1_SK0_SKFTR0_SKXCCM0_TT2_2_TLDS0_ULSGRO0_USL1_UIOFGRO0_USFGROn1_VSn1_VWA1_VWB1_WSGRA0_WSGRB0_WS64_WG8_8_1",11476,699906437852119,699906437855239,2048,0,28,0,128,64,1,1,256,8,1
"KERNEL_DISPATCH","Agent 1",1,1,29203,707,17,"derivative(Scratch*, int, int, int*)",11479,699906437858879,699906437860039,0,0,8,0,128,256,1,1,8192,1,1
"KERNEL_DISPATCH","Agent 1",1,1,29203,708,2489,"Cijk_Ailk_Bjlk_S_B_Bias_HA_S_SAV_UserArgs_MT8x8x8_SN_LDSB0_AFC1_AFEM1_AFEM1_ASEM1_CLR0_CADS0_DTLA0_DTLB0_DTVA0_DTVB0_EPS1_FDSI0_GRPM1_GRVWA1_GRVWB1_GSUAMB_GLS0_ISA1201_IU1_K1_LDSTI0_LBSPPA0_LBSPPB0_LBSPPM0_LPA0_LPB0_LPM0_LRVW1_LWPMn1_MIAV0_MO40_NTn1_NTA0_NTB0_NTC0_NTD0_NTM0_NEPBS0_NLCA1_NLCB1_ONLL1_PGR1_PLR0_PKA0_SIA1_SS0_SPO0_SRVW0_SSO0_SVW1_SK0_SKFTR0_SKXCCM0_TT1_1_TLDS0_ULSGRO0_USL1_UIOFGRO0_USFGROn1_VSn1_VWA1_VWB1_WSGRA0_WSGRB0_WS64_WG8_8_1",11489,699906437878639,699906437883439,2048,0,24,0,128,64,1,1,576,2,1
"KERNEL_DISPATCH","Agent 1",1,1,29203,709,2487,"Cijk_Ailk_Bjlk_S_B_Bias_HA_S_SAV_UserArgs_MT16x16x16_SN_LDSB0_AFC1_AFEM1_AFEM1_ASEM1_CLR0_CADS0_DTLA0_DTLB0_DTVA0_DTVB0_EPS1_FDSI0_GRPM1_GRVWA1_GRVWB1_GSUAMB_GLS0_ISA1201_IU1_K1_LDSTI0_LBSPPA0_LBSPPB0_LBSPPM0_LPA0_LPB0_LPM0_LRVW1_LWPMn1_MIAV0_MO40_NTn1_NTA0_NTB0_NTC0_NTD0_NTM0_NEPBS0_NLCA1_NLCB1_ONLL1_PGR1_PLR0_PKA0_SIA1_SS0_SPO0_SRVW0_SSO0_SVW1_SK0_SKFTR0_SKXCCM0_TT2_2_TLDS0_ULSGRO0_USL1_UIOFGRO0_USFGROn1_VSn1_VWA1_VWB1_WSGRA0_WSGRB0_WS64_WG8_8_1",11498,699906437886639,699906437900359,4096,0,32,0,128,64,1,1,896,4,1
"KERNEL_DISPATCH","Agent 1",1,1,29203,710,21,"check_weights(float const*, int, int*)",11501,699906437903639,699906437904799,0,0,8,0,128,256,1,1,53504,1,1
"KERNEL_DISPATCH","Agent 1",1,1,29203,711,21,"check_weights(float const*, int, int*)",11505,699906437908080,699906437909400,0,0,8,0,128,256,1,1,1280,1,1
"KERNEL_DISPATCH","Agent 1",1,1,29203,712,16,"reduce_loss(float const*, int, int*, float*)",11509,699906437912720,699906437917280,0,0,16,0,128,1,1,1,1,1,1
"KERNEL_DISPATCH","Agent 1",1,1,29203,713,23,"join_input(float const*, Scratch*, int, int)",11513,699906437920560,699906437922280,0,0,8,0,128,256,1,1,26880,1,1
"KERNEL_DISPATCH","Agent 1",1,1,29203,714,2483,"Cijk_Alik_Bljk_S_B_Bias_HA_S_SAV_UserArgs_MT16x16x8_SN_LDSB0_AFC1_AFEM1_AFEM1_ASEM1_CLR0_CADS0_DTLA0_DTLB0_DTVA0_DTVB0_EPS1_FDSI0_GRPM1_GRVWA1_GRVWB1_GSUAMB_GLS0_ISA1201_IU1_K1_LDSTI0_LBSPPA0_LBSPPB0_LBSPPM0_LPA0_LPB0_LPM0_LRVW1_LWPMn1_MIAV0_MO40_NTn1_NTA0_NTB0_NTC0_NTD0_NTM0_NEPBS0_NLCA1_NLCB1_ONLL1_PGR1_PLR0_PKA0_SIA1_SS0_SPO0_SRVW0_SSO0_SVW1_SK0_SKFTR0_SKXCCM0_TT2_2_TLDS0_ULSGRO0_USL1_UIOFGRO0_USFGROn1_VSn1_VWA1_VWB1_WSGRA0_WSGRB0_WS64_WG8_8_1",11523,699906437925720,699906437933320,2048,0,28,0,128,64,1,1,256,8,1
"KERNEL_DISPATCH","Agent 1",1,1,29203,715,22,"activation(float*, int, int*)",11526,699906437936880,699906437938080,0,0,8,0,128,256,1,1,8192,1,1
"KERNEL_DISPATCH","Agent 1",1,1,29203,716,23,"join_input(float const*, Scratch*, int, int)",11530,699906437941480,699906437942640,0,0,8,0,128,256,1,1,26880,1,1
"KERNEL_DISPATCH","Agent 1",1,1,29203,717,2483,"Cijk_Alik_Bljk_S_B_Bias_HA_S_SAV_UserArgs_MT16x16x8_SN_LDSB0_AFC1_AFEM1_AFEM1_ASEM1_CLR0_CADS0_DTLA0_DTLB0_DTVA0_DTVB0_EPS1_FDSI0_GRPM1_GRVWA1_GRVWB1_GSUAMB_GLS0_ISA1201_IU1_K1_LDSTI0_LBSPPA0_LBSPPB0_LBSPPM0_LPA0_LPB0_LPM0_LRVW1_LWPMn1_MIAV0_MO40_NTn1_NTA0_NTB0_NTC0_NTD0_NTM0_NEPBS0_NLCA1_NLCB1_ONLL1_PGR1_PLR0_PKA0_SIA1_SS0_SPO0_SRVW0_SSO0_SVW1_SK0_SKFTR0_SKXCCM0_TT2_2_TLDS0_ULSGRO0_USL1_UIOFGRO0_USFGROn1_VSn1_VWA1_VWB1_WSGRA0_WSGRB0_WS64_WG8_8_1",11540,699906437958120,699906437965360,2048,0,28,0,128,64,1,1,256,8,1
"KERNEL_DISPATCH","Agent 1",1,1,29203,718,22,"activation(float*, int, int*)",11543,699906437969161,699906437970321,0,0,8,0,128,256,1,1,8192,1,1
"KERNEL_DISPATCH","Agent 1",1,1,29203,719,23,"join_input(float const*, Scratch*, int, int)",11547,699906437973601,699906437974801,0,0,8,0,128,256,1,1,26880,1,1
"KERNEL_DISPATCH","Agent 1",1,1,29203,720,2483,"Cijk_Alik_Bljk_S_B_Bias_HA_S_SAV_UserArgs_MT16x16x8_SN_LDSB0_AFC1_AFEM1_AFEM1_ASEM1_CLR0_CADS0_DTLA0_DTLB0_DTVA0_DTVB0_EPS1_FDSI0_GRPM1_GRVWA1_GRVWB1_GSUAMB_GLS0_ISA1201_IU1_K1_LDSTI0_LBSPPA0_LBSPPB0_LBSPPM0_LPA0_LPB0_LPM0_LRVW1_LWPMn1_MIAV0_MO40_NTn1_NTA0_NTB0_NTC0_NTD0_NTM0_NEPBS0_NLCA1_NLCB1_ONLL1_PGR1_PLR0_PKA0_SIA1_SS0_SPO0_SRVW0_SSO0_SVW1_SK0_SKFTR0_SKXCCM0_TT2_2_TLDS0_ULSGRO0_USL1_UIOFGRO0_USFGROn1_VSn1_VWA1_VWB1_WSGRA0_WSGRB0_WS64_WG8_8_1",11557,699906438114123,699906438121323,2048,0,28,0,128,64,1,1,256,8,1
"KERNEL_DISPATCH","Agent 1",1,1,29203,721,22,"activation(float*, int, int*)",11560,699906438124643,699906438125963,0,0,8,0,128,256,1,1,8192,1,1
"KERNEL_DISPATCH","Agent 1",1,1,29203,722,23,"join_input(float const*, Scratch*, int, int)",11564,699906438129203,699906438130443,0,0,8,0,128,256,1,1,26880,1,1
"KERNEL_DISPATCH","Agent 1",1,1,29203,723,2483,"Cijk_Alik_Bljk_S_B_Bias_HA_S_SAV_UserArgs_MT16x16x8_SN_LDSB0_AFC1_AFEM1_AFEM1_ASEM1_CLR0_CADS0_DTLA0_DTLB0_DTVA0_DTVB0_EPS1_FDSI0_GRPM1_GRVWA1_GRVWB1_GSUAMB_GLS0_ISA1201_IU1_K1_LDSTI0_LBSPPA0_LBSPPB0_LBSPPM0_LPA0_LPB0_LPM0_LRVW1_LWPMn1_MIAV0_MO40_NTn1_NTA0_NTB0_NTC0_NTD0_NTM0_NEPBS0_NLCA1_NLCB1_ONLL1_PGR1_PLR0_PKA0_SIA1_SS0_SPO0_SRVW0_SSO0_SVW1_SK0_SKFTR0_SKXCCM0_TT2_2_TLDS0_ULSGRO0_USL1_UIOFGRO0_USFGROn1_VSn1_VWA1_VWB1_WSGRA0_WSGRB0_WS64_WG8_8_1",11574,699906438133843,699906438140963,2048,0,28,0,128,64,1,1,256,8,1
"KERNEL_DISPATCH","Agent 1",1,1,29203,724,22,"activation(float*, int, int*)",11577,699906438144683,699906438145843,0,0,8,0,128,256,1,1,8192,1,1
"KERNEL_DISPATCH","Agent 1",1,1,29203,725,20,"final_input(Scratch*, int, int)",11581,699906438149164,699906438160004,0,0,8,0,128,256,1,1,8448,1,1
"KERNEL_DISPATCH","Agent 1",1,1,29203,726,2483,"Cijk_Alik_Bljk_S_B_Bias_HA_S_SAV_UserArgs_MT16x16x8_SN_LDSB0_AFC1_AFEM1_AFEM1_ASEM1_CLR0_CADS0_DTLA0_DTLB0_DTVA0_DTVB0_EPS1_FDSI0_GRPM1_GRVWA1_GRVWB1_GSUAMB_GLS0_ISA1201_IU1_K1_LDSTI0_LBSPPA0_LBSPPB0_LBSPPM0_LPA0_LPB0_LPM0_LRVW1_LWPMn1_MIAV0_MO40_NTn1_NTA0_NTB0_NTC0_NTD0_NTM0_NEPBS0_NLCA1_NLCB1_ONLL1_PGR1_PLR0_PKA0_SIA1_SS0_SPO0_SRVW0_SSO0_SVW1_SK0_SKFTR0_SKXCCM0_TT2_2_TLDS0_ULSGRO0_USL1_UIOFGRO0_USFGROn1_VSn1_VWA1_VWB1_WSGRA0_WSGRB0_WS64_WG8_8_1",11591,699906438163604,699906438166964,2048,0,28,0,128,64,1,1,64,8,1
"KERNEL_DISPATCH","Agent 1",1,1,29203,727,19,"softmax(Scratch*, float const*, float*, int, int*)",11594,699906438170244,699906438181764,0,0,48,0,128,128,1,1,128,1,1
"KERNEL_DISPATCH","Agent 1",1,1,29203,728,18,"transpose_weights(Net const*, Scratch*, int, int)",11598,699906438185124,699906438186404,0,0,8,0,128,256,1,1,1024,1,1
"KERNEL_DISPATCH","Agent 1",1,1,29203,729,2483,"Cijk_Alik_Bljk_S_B_Bias_HA_S_SAV_UserArgs_MT16x16x8_SN_LDSB0_AFC1_AFEM1_AFEM1_ASEM1_CLR0_CADS0_DTLA0_DTLB0_DTVA0_DTVB0_EPS1_FDSI0_GRPM1_GRVWA1_GRVWB1_GSUAMB_GLS0_ISA1201_IU1_K1_LDSTI0_LBSPPA0_LBSPPB0_LBSPPM0_LPA0_LPB0_LPM0_LRVW1_LWPMn1_MIAV0_MO40_NTn1_NTA0_NTB0_NTC0_NTD0_NTM0_NEPBS0_NLCA1_NLCB1_ONLL1_PGR1_PLR0_PKA0_SIA1_SS0_SPO0_SRVW0_SSO0_SVW1_SK0_SKFTR0_SKXCCM0_TT2_2_TLDS0_ULSGRO0_USL1_UIOFGRO0_USFGROn1_VSn1_VWA1_VWB1_WSGRA0_WSGRB0_WS64_WG8_8_1",11608,699906438189724,699906438192204,2048,0,28,0,128,64,1,1,256,8,1
"KERNEL_DISPATCH","Agent 1",1,1,29203,730,17,"derivative(Scratch*, int, int, int*)",11611,699906438195564,699906438196684,0,0,8,0,128,256,1,1,8192,1,1
"KERNEL_DISPATCH","Agent 1",1,1,29203,731,18,"transpose_weights(Net const*, Scratch*, int, int)",11615,699906438199924,699906438201204,0,0,8,0,128,256,1,1,4096,1,1
"KERNEL_DISPATCH","Agent 1",1,1,29203,732,2483,"Cijk_Alik_Bljk_S_B_Bias_HA_S_SAV_UserArgs_MT16x16x8_SN_LDSB0_AFC1_AFEM1_AFEM1_ASEM1_CLR0_CADS0_DTLA0_DTLB0_DTVA0_DTVB0_EPS1_FDSI0_GRPM1_GRVWA1_GRVWB1_GSUAMB_GLS0_ISA1201_IU1_K1_LDSTI0_LBSPPA0_LBSPPB0_LBSPPM0_LPA0_LPB0_LPM0_LRVW1_LWPMn1_MIAV0_MO40_NTn1_NTA0_NTB0_NTC0_NTD0_NTM0_NEPBS0_NLCA1_NLCB1_ONLL1_PGR1_PLR0_PKA0_SIA1_SS0_SPO0_SRVW0_SSO0_SVW1_SK0_SKFTR0_SKXCCM0_TT2_2_TLDS0_ULSGRO0_USL1_UIOFGRO0_USFGROn1_VSn1_VWA1_VWB1_WSGRA0_WSGRB0_WS64_WG8_8_1",11625,699906438204364,699906438207965,2048,0,28,0,128,64,1,1,256,8,1
"KERNEL_DISPATCH","Agent 1",1,1,29203,733,17,"derivative(Scratch*, int, int, int*)",11628,699906438211165,699906438212325,0,0,8,0,128,256,1,1,8192,1,1
"KERNEL_DISPATCH","Agent 1",1,1,29203,734,18,"transpose_weights(Net const*, Scratch*, int, int)",11632,699906438215605,699906438216805,0,0,8,0,128,256,1,1,4096,1,1
"KERNEL_DISPATCH","Agent 1",1,1,29203,735,2483,"Cijk_Alik_Bljk_S_B_Bias_HA_S_SAV_UserArgs_MT16x16x8_SN_LDSB0_AFC1_AFEM1_AFEM1_ASEM1_CLR0_CADS0_DTLA0_DTLB0_DTVA0_DTVB0_EPS1_FDSI0_GRPM1_GRVWA1_GRVWB1_GSUAMB_GLS0_ISA1201_IU1_K1_LDSTI0_LBSPPA0_LBSPPB0_LBSPPM0_LPA0_LPB0_LPM0_LRVW1_LWPMn1_MIAV0_MO40_NTn1_NTA0_NTB0_NTC0_NTD0_NTM0_NEPBS0_NLCA1_NLCB1_ONLL1_PGR1_PLR0_PKA0_SIA1_SS0_SPO0_SRVW0_SSO0_SVW1_SK0_SKFTR0_SKXCCM0_TT2_2_TLDS0_ULSGRO0_USL1_UIOFGRO0_USFGROn1_VSn1_VWA1_VWB1_WSGRA0_WSGRB0_WS64_WG8_8_1",11642,699906438238365,699906438241565,2048,0,28,0,128,64,1,1,256,8,1
"KERNEL_DISPATCH","Agent 1",1,1,29203,736,17,"derivative(Scratch*, int, int, int*)",11645,699906438245005,699906438246125,0,0,8,0,128,256,1,1,8192,1,1
"KERNEL_DISPATCH","Agent 1",1,1,29203,737,18,"transpose_weights(Net const*, Scratch*, int, int)",11649,699906438249485,699906438250685,0,0,8,0,128,256,1,1,4096,1,1
"KERNEL_DISPATCH","Agent 1",1,1,29203,738,2483,"Cijk_Alik_Bljk_S_B_Bias_HA_S_SAV_UserArgs_MT16x16x8_SN_LDSB0_AFC1_AFEM1_AFEM1_ASEM1_CLR0_CADS0_DTLA0_DTLB0_DTVA0_DTVB0_EPS1_FDSI0_GRPM1_GRVWA1_GRVWB1_GSUAMB_GLS0_ISA1201_IU1_K1_LDSTI0_LBSPPA0_LBSPPB0_LBSPPM0_LPA0_LPB0_LPM0_LRVW1_LWPMn1_MIAV0_MO40_NTn1_NTA0_NTB0_NTC0_NTD0_NTM0_NEPBS0_NLCA1_NLCB1_ONLL1_PGR1_PLR0_PKA0_SIA1_SS0_SPO0_SRVW0_SSO0_SVW1_SK0_SKFTR0_SKXCCM0_TT2_2_TLDS0_ULSGRO0_USL1_UIOFGRO0_USFGROn1_VSn1_VWA1_VWB1_WSGRA0_WSGRB0_WS64_WG8_8_1",11659,699906438253885,699906438257005,2048,0,28,0,128,64,1,1,256,8,1
"KERNEL_DISPATCH","Agent 1",1,1,29203,739,17,"derivative(Scratch*, int, int, int*)",11662,699906438260645,699906438261765,0,0,8,0,128,256,1,1,8192,1,1
"KERNEL_DISPATCH","Agent 1",1,1,29203,740,2489,"Cijk_Ailk_Bjlk_S_B_Bias_HA_S_SAV_UserArgs_MT8x8x8_SN_LDSB0_AFC1_AFEM1_AFEM1_ASEM1_CLR0_CADS0_DTLA0_DTLB0_DTVA0_DTVB0_EPS1_FDSI0_GRPM1_GRVWA1_GRVWB1_GSUAMB_GLS0_ISA1201_IU1_K1_LDSTI0_LBSPPA0_LBSPPB0_LBSPPM0_LPA0_LPB0_LPM0_LRVW1_LWPMn1_MIAV0_MO40_NTn1_NTA0_NTB0_NTC0_NTD0_NTM0_NEPBS0_NLCA1_NLCB1_ONLL1_PGR1_PLR0_PKA0_SIA1_SS0_SPO0_SRVW0_SSO0_SVW1_SK0_SKFTR0_SKXCCM0_TT1_1_TLDS0_ULSGRO0_USL1_UIOFGRO0_USFGROn1_VSn1_VWA1_VWB1_WSGRA0_WSGRB0_WS64_WG8_8_1",11672,699906438280246,699906438285046,2048,0,24,0,128,64,1,1,576,2,1
"KERNEL_DISPATCH","Agent 1",1,1,29203,741,2487,"Cijk_Ailk_Bjlk_S_B_Bias_HA_S_SAV_UserArgs_MT16x16x16_SN_LDSB0_AFC1_AFEM1_AFEM1_ASEM1_CLR0_CADS0_DTLA0_DTLB0_DTVA0_DTVB0_EPS1_FDSI0_GRPM1_GRVWA1_GRVWB1_GSUAMB_GLS0_ISA1201_IU1_K1_LDSTI0_LBSPPA0_LBSPPB0_LBSPPM0_LPA0_LPB0_LPM0_LRVW1_LWPMn1_MIAV0_MO40_NTn1_NTA0_NTB0_NTC0_NTD0_NTM0_NEPBS0_NLCA1_NLCB1_ONLL1_PGR1_PLR0_PKA0_SIA1_SS0_SPO0_SRVW0_SSO0_SVW1_SK0_SKFTR0_SKXCCM0_TT2_2_TLDS0_ULSGRO0_USL1_UIOFGRO0_USFGROn1_VSn1_VWA1_VWB1_WSGRA0_WSGRB0_WS64_WG8_8_1",11681,699906438288446,699906438302166,4096,0,32,0,128,64,1,1,896,4,1
"KERNEL_DISPATCH","Agent 1",1,1,29203,742,21,"check_weights(float const*, int, int*)",11684,699906438305526,699906438306686,0,0,8,0,128,256,1,1,53504,1,1
"KERNEL_DISPATCH","Agent 1",1,1,29203,743,21,"check_weights(float const*, int, int*)",11688,699906438309886,699906438311166,0,0,8,0,128,256,1,1,1280,1,1
"KERNEL_DISPATCH","Agent 1",1,1,29203,744,16,"reduce_loss(float const*, int, int*, float*)",11692,699906438314486,699906438319246,0,0,16,0,128,1,1,1,1,1,1
"KERNEL_DISPATCH","Agent 1",1,1,29203,745,23,"join_input(float const*, Scratch*, int, int)",11696,699906438322566,699906438323966,0,0,8,0,128,256,1,1,26880,1,1
"KERNEL_DISPATCH","Agent 1",1,1,29203,746,2483,"Cijk_Alik_Bljk_S_B_Bias_HA_S_SAV_UserArgs_MT16x16x8_SN_LDSB0_AFC1_AFEM1_AFEM1_ASEM1_CLR0_CADS0_DTLA0_DTLB0_DTVA0_DTVB0_EPS1_FDSI0_GRPM1_GRVWA1_GRVWB1_GSUAMB_GLS0_ISA1201_IU1_K1_LDSTI0_LBSPPA0_LBSPPB0_LBSPPM0_LPA0_LPB0_LPM0_LRVW1_LWPMn1_MIAV0_MO40_NTn1_NTA0_NTB0_NTC0_NTD0_NTM0_NEPBS0_NLCA1_NLCB1_ONLL1_PGR1_PLR0_PKA0_SIA1_SS0_SPO0_SRVW0_SSO0_SVW1_SK0_SKFTR0_SKXCCM0_TT2_2_TLDS0_ULSGRO0_USL1_UIOFGRO0_USFGROn1_VSn1_VWA1_VWB1_WSGRA0_WSGRB0_WS64_WG8_8_1",11706,699906438327447,699906438335047,2048,0,28,0,128,64,1,1,256,8,1
"KERNEL_DISPATCH","Agent 1",1,1,29203,747,22,"activation(float*, int, int*)",11709,699906438338647,699906438339887,0,0,8,0,128,256,1,1,8192,1,1
"KERNEL_DISPATCH","Agent 1",1,1,29203,748,23,"join_input(float const*, Scratch*, int, int)",11713,699906438343527,699906438344807,0,0,8,0,128,256,1,1,26880,1,1
"KERNEL_DISPATCH","Agent 1",1,1,29203,749,2483,"Cijk_Alik_Bljk_S_B_Bias_HA_S_SAV_UserArgs_MT16x16x8_SN_LDSB0_AFC1_AFEM1_AFEM1_ASEM1_CLR0_CADS0_DTLA0_DTLB0_DTVA0_DTVB0_EPS1_FDSI0_GRPM1_GRVWA1_GRVWB1_GSUAMB_GLS0_ISA1201_IU1_K1_LDSTI0_LBSPPA0_LBSPPB0_LBSPPM0_LPA0_LPB0_LPM0_LRVW1_LWPMn1_MIAV0_MO40_NTn1_NTA0_NTB0_NTC0_NTD0_NTM0_NEPBS0_NLCA1_NLCB1_ONLL1_PGR1_PLR0_PKA0_SIA1_SS0_SPO0_SRVW0_SSO0_SVW1_SK0_SKFTR0_SKXCCM0_TT2_2_TLDS0_ULSGRO0_USL1_UIOFGRO0_USFGROn1_VSn1_VWA1_VWB1_WSGRA0_WSGRB0_WS64_WG8_8_1",11723,699906438348087,699906438355247,2048,0,28,0,128,64,1,1,256,8,1
"KERNEL_DISPATCH","Agent 1",1,1,29203,750,22,"activation(float*, int, int*)",11726,699906438358567,699906438359727,0,0,8,0,128,256,1,1,8192,1,1
"KERNEL_DISPATCH","Agent 1",1,1,29203,751,23,"join_input(float const*, Scratch*, int, int)",11730,699906438363007,699906438364327,0,0,8,0,128,256,1,1,26880,1,1
"KERNEL_DISPATCH","Agent 1",1,1,29203,752,2483,"Cijk_Alik_Bljk_S_B_Bias_HA_S_SAV_UserArgs_MT16x16x8_SN_LDSB0_AFC1_AFEM1_AFEM1_ASEM1_CLR0_CADS0_DTLA0_DTLB0_DTVA0_DTVB0_EPS1_FDSI0_GRPM1_GRVWA1_GRVWB1_GSUAMB_GLS0_ISA1201_IU1_K1_LDSTI0_LBSPPA0_LBSPPB0_LBSPPM0_LPA0_LPB0_LPM0_LRVW1_LWPMn1_MIAV0_MO40_NTn1_NTA0_NTB0_NTC0_NTD0_NTM0_NEPBS0_NLCA1_NLCB1_ONLL1_PGR1_PLR0_PKA0_SIA1_SS0_SPO0_SRVW0_SSO0_SVW1_SK0_SKFTR0_SKXCCM0_TT2_2_TLDS0_ULSGRO0_USL1_UIOFGRO0_USFGROn1_VSn1_VWA1_VWB1_WSGRA0_WSGRB0_WS64_WG8_8_1",11740,699906438367607,699906438374847,2048,0,28,0,128,64,1,1,256,8,1
"KERNEL_DISPATCH","Agent 1",1,1,29203,753,22,"activation(float*, int, int*)",11743,699906438378247,699906438379407,0,0,8,0,128,256,1,1,8192,1,1
"KERNEL_DISPATCH","Agent 1",1,1,29203,754,23,"join_input(float const*, Scratch*, int, int)",11747,699906438382767,699906438384047,0,0,8,0,128,256,1,1,26880,1,1
"KERNEL_DISPATCH","Agent 1",1,1,29203,755,2483,"Cijk_Alik_Bljk_S_B_Bias_HA_S_SAV_UserArgs_MT16x16x8_SN_LDSB0_AFC1_AFEM1_AFEM1_ASEM1_CLR0_CADS0_DTLA0_DTLB0_DTVA0_DTVB0_EPS1_FDSI0_GRPM1_GRVWA1_GRVWB1_GSUAMB_GLS0_ISA1201_IU1_K1_LDSTI0_LBSPPA0_LBSPPB0_LBSPPM0_LPA0_LPB0_LPM0_LRVW1_LWPMn1_MIAV0_MO40_NTn1_NTA0_NTB0_NTC0_NTD0_NTM0_NEPBS0_NLCA1_NLCB1_ONLL1_PGR1_PLR0_PKA0_SIA1_SS0_SPO0_SRVW0_SSO0_SVW1_SK0_SKFTR0_SKXCCM0_TT2_2_TLDS0_ULSGRO0_USL1_UIOFGRO0_USFGROn1_VSn1_VWA1_VWB1_WSGRA0_WSGRB0_WS64_WG8_8_1",11757,699906438387328,699906438394488,2048,0,28,0,128,64,1,1,256,8,1
"KERNEL_DISPATCH","Agent 1",1,1,29203,756,22,"activation(float*, int, int*)",11760,699906438398168,699906438399288,0,0,8,0,128,256,1,1,8192,1,1
"KERNEL_DISPATCH","Agent 1",1,1,29203,757,20,"final_input(Scratch*, int, int)",11764,699906438402608,699906438403648,0,0,8,0,128,256,1,1,8448,1,1
"KERNEL_DISPATCH","Agent 1",1,1,29203,758,2483,"Cijk_Alik_Bljk_S_B_Bias_HA_S_SAV_UserArgs_MT16x16x8_SN_LDSB0_AFC1_AFEM1_AFEM1_ASEM1_CLR0_CADS0_DTLA0_DTLB0_DTVA0_DTVB0_EPS1_FDSI0_GRPM1_GRVWA1_GRVWB1_GSUAMB_GLS0_ISA1201_IU1_K1_LDSTI0_LBSPPA0_LBSPPB0_LBSPPM0_LPA0_LPB0_LPM0_LRVW1_LWPMn1_MIAV0_MO40_NTn1_NTA0_NTB0_NTC0_NTD0_NTM0_NEPBS0_NLCA1_NLCB1_ONLL1_PGR1_PLR0_PKA0_SIA1_SS0_SPO0_SRVW0_SSO0_SVW1_SK0_SKFTR0_SKXCCM0_TT2_2_TLDS0_ULSGRO0_USL1_UIOFGRO0_USFGROn1_VSn1_VWA1_VWB1_WSGRA0_WSGRB0_WS64_WG8_8_1",11774,699906438417328,699906438420728,2048,0,28,0,128,64,1,1,64,8,1
"KERNEL_DISPATCH","Agent 1",1,1,29203,759,19,"softmax(Scratch*, float const*, float*, int, int*)",11777,699906438424408,699906438435648,0,0,48,0,128,128,1,1,128,1,1
"KERNEL_DISPATCH","Agent 1",1,1,29203,760,18,"transpose_weights(Net const*, Scratch*, int, int)",11781,699906438439008,699906438440128,0,0,8,0,128,256,1,1,1024,1,1
"KERNEL_DISPATCH","Agent 1",1,1,29203,761,2483,"Cijk_Alik_Bljk_S_B_Bias_HA_S_SAV_UserArgs_MT16x16x8_SN_LDSB0_AFC1_AFEM1_AFEM1_ASEM1_CLR0_CADS0_DTLA0_DTLB0_DTVA0_DTVB0_EPS1_FDSI0_GRPM1_GRVWA1_GRVWB1_GSUAMB_GLS0_ISA1201_IU1_K1_LDSTI0_LBSPPA0_LBSPPB0_LBSPPM0_LPA0_LPB0_LPM0_LRVW1_LWPMn1_MIAV0_MO40_NTn1_NTA0_NTB0_NTC0_NTD0_NTM0_NEPBS0_NLCA1_NLCB1_ONLL1_PGR1_PLR0_PKA0_SIA1_SS0_SPO0_SRVW0_SSO0_SVW1_SK0_SKFTR0_SKXCCM0_TT2_2_TLDS0_ULSGRO0_USL1_UIOFGRO0_USFGROn1_VSn1_VWA1_VWB1_WSGRA0_WSGRB0_WS64_WG8_8_1",11791,699906438443408,699906438445689,2048,0,28,0,128,64,1,1,256,8,1
"KERNEL_DISPATCH","Agent 1",1,1,29203,762,17,"derivative(Scratch*, int, int, int*)",11794,699906438449049,699906438450209,0,0,8,0,128,256,1,1,8192,1,1
"KERNEL_DISPATCH","Agent 1",1,1,29203,763,18,"transpose_weights(Net const*, Scratch*, int, int)",11798,699906438453449,699906438454609,0,0,8,0,128,256,1,1,4096,1,1
"KERNEL_DISPATCH","Agent 1",1,1,29203,764,2483,"Cijk_Alik_Bljk_S_B_Bias_HA_S_SAV_UserArgs_MT16x16x8_SN_LDSB0_AFC1_AFEM1_AFEM1_ASEM1_CLR0_CADS0_DTLA0_DTLB0_DTVA0_DTVB0_EPS1_FDSI0_GRPM1_GRVWA1_GRVWB1_GSUAMB_GLS0_ISA1201_IU1_K1_LDSTI0_LBSPPA0_LBSPPB0_LBSPPM0_LPA0_LPB0_LPM0_LRVW1_LWPMn1_MIAV0_MO40_NTn1_NTA0_NTB0_NTC0_NTD0_NTM0_NEPBS0_NLCA1_NLCB1_ONLL1_PGR1_PLR0_PKA0_SIA1_SS0_SPO0_SRVW0_SSO0_SVW1_SK0_SKFTR0_SKXCCM0_TT2_2_TLDS0_ULSGRO0_USL1_UIOFGRO0_USFGROn1_VSn1_VWA1_VWB1_WSGRA0_WSGRB0_WS64_WG8_8_1",11808,699906438467969,699906438471129,2048,0,28,0,128,64,1,1,256,8,1
"KERNEL_DISPATCH","Agent 1",1,1,29203,765,17,"derivative(Scratch*, int, int, int*)",11811,699906438474489,699906438476009,0,0,8,0,128,256,1,1,8192,1,1
"KERNEL_DISPATCH","Agent 1",1,1,29203,766,18,"transpose_weights(Net const*, Scratch*, int, int)",11815,699906438479609,699906438480889,0,0,8,0,128,256,1,1,4096,1,1
"KERNEL_DISPATCH","Agent 1",1,1,29203,767,2483,"Cijk_Alik_Bljk_S_B_Bias_HA_S_SAV_UserArgs_MT16x16x8_SN_LDSB0_AFC1_AFEM1_AFEM1_ASEM1_CLR0_CADS0_DTLA0_DTLB0_DTVA0_DTVB0_EPS1_FDSI0_GRPM1_GRVWA1_GRVWB1_GSUAMB_GLS0_ISA1201_IU1_K1_LDSTI0_LBSPPA0_LBSPPB0_LBSPPM0_LPA0_LPB0_LPM0_LRVW1_LWPMn1_MIAV0_MO40_NTn1_NTA0_NTB0_NTC0_NTD0_NTM0_NEPBS0_NLCA1_NLCB1_ONLL1_PGR1_PLR0_PKA0_SIA1_SS0_SPO0_SRVW0_SSO0_SVW1_SK0_SKFTR0_SKXCCM0_TT2_2_TLDS0_ULSGRO0_USL1_UIOFGRO0_USFGROn1_VSn1_VWA1_VWB1_WSGRA0_WSGRB0_WS64_WG8_8_1",11825,699906438484369,699906438487569,2048,0,28,0,128,64,1,1,256,8,1
"KERNEL_DISPATCH","Agent 1",1,1,29203,768,17,"derivative(Scratch*, int, int, int*)",11828,699906438491169,699906438492289,0,0,8,0,128,256,1,1,8192,1,1
"KERNEL_DISPATCH","Agent 1",1,1,29203,769,18,"transpose_weights(Net const*, Scratch*, int, int)",11832,699906438495689,699906438496889,0,0,8,0,128,256,1,1,4096,1,1
"KERNEL_DISPATCH","Agent 1",1,1,29203,770,2483,"Cijk_Alik_Bljk_S_B_Bias_HA_S_SAV_UserArgs_MT16x16x8_SN_LDSB0_AFC1_AFEM1_AFEM1_ASEM1_CLR0_CADS0_DTLA0_DTLB0_DTVA0_DTVB0_EPS1_FDSI0_GRPM1_GRVWA1_GRVWB1_GSUAMB_GLS0_ISA1201_IU1_K1_LDSTI0_LBSPPA0_LBSPPB0_LBSPPM0_LPA0_LPB0_LPM0_LRVW1_LWPMn1_MIAV0_MO40_NTn1_NTA0_NTB0_NTC0_NTD0_NTM0_NEPBS0_NLCA1_NLCB1_ONLL1_PGR1_PLR0_PKA0_SIA1_SS0_SPO0_SRVW0_SSO0_SVW1_SK0_SKFTR0_SKXCCM0_TT2_2_TLDS0_ULSGRO0_USL1_UIOFGRO0_USFGROn1_VSn1_VWA1_VWB1_WSGRA0_WSGRB0_WS64_WG8_8_1",11842,699906438519690,699906438522890,2048,0,28,0,128,64,1,1,256,8,1
"KERNEL_DISPATCH","Agent 1",1,1,29203,771,17,"derivative(Scratch*, int, int, int*)",11845,699906438526330,699906438527450,0,0,8,0,128,256,1,1,8192,1,1
"KERNEL_DISPATCH","Agent 1",1,1,29203,772,2489,"Cijk_Ailk_Bjlk_S_B_Bias_HA_S_SAV_UserArgs_MT8x8x8_SN_LDSB0_AFC1_AFEM1_AFEM1_ASEM1_CLR0_CADS0_DTLA0_DTLB0_DTVA0_DTVB0_EPS1_FDSI0_GRPM1_GRVWA1_GRVWB1_GSUAMB_GLS0_ISA1201_IU1_K1_LDSTI0_LBSPPA0_LBSPPB0_LBSPPM0_LPA0_LPB0_LPM0_LRVW1_LWPMn1_MIAV0_MO40_NTn1_NTA0_NTB0_NTC0_NTD0_NTM0_NEPBS0_NLCA1_NLCB1_ONLL1_PGR1_PLR0_PKA0_SIA1_SS0_SPO0_SRVW0_SSO0_SVW1_SK0_SKFTR0_SKXCCM0_TT1_1_TLDS0_ULSGRO0_USL1_UIOFGRO0_USFGROn1_VSn1_VWA1_VWB1_WSGRA0_WSGRB0_WS64_WG8_8_1",11855,699906438530730,699906438535490,2048,0,24,0,128,64,1,1,576,2,1
"KERNEL_DISPATCH","Agent 1",1,1,29203,773,2487,"Cijk_Ailk_Bjlk_S_B_Bias_HA_S_SAV_UserArgs_MT16x16x16_SN_LDSB0_AFC1_AFEM1_AFEM1_ASEM1_CLR0_CADS0_DTLA0_DTLB0_DTVA0_DTVB0_EPS1_FDSI0_GRPM1_GRVWA1_GRVWB1_GSUAMB_GLS0_ISA1201_IU1_K1_LDSTI0_LBSPPA0_LBSPPB0_LBSPPM0_LPA0_LPB0_LPM0_LRVW1_LWPMn1_MIAV0_MO40_NTn1_NTA0_NTB0_NTC0_NTD0_NTM0_NEPBS0_NLCA1_NLCB1_ONLL1_PGR1_PLR0_PKA0_SIA1_SS0_SPO0_SRVW0_SSO0_SVW1_SK0_SKFTR0_SKXCCM0_TT2_2_TLDS0_ULSGRO0_USL1_UIOFGRO0_USFGROn1_VSn1_VWA1_VWB1_WSGRA0_WSGRB0_WS64_WG8_8_1",11864,699906438548370,699906438562130,4096,0,32,0,128,64,1,1,896,4,1
"KERNEL_DISPATCH","Agent 1",1,1,29203,774,21,"check_weights(float const*, int, int*)",11867,699906438565491,699906438566651,0,0,8,0,128,256,1,1,53504,1,1
"KERNEL_DISPATCH","Agent 1",1,1,29203,775,21,"check_weights(float const*, int, int*)",11871,699906438569931,699906438570971,0,0,8,0,128,256,1,1,1280,1,1
"KERNEL_DISPATCH","Agent 1",1,1,29203,776,16,"reduce_loss(float const*, int, int*, float*)",11875,699906438574131,699906438578811,0,0,16,0,128,1,1,1,1,1,1
"KERNEL_DISPATCH","Agent 1",1,1,29203,777,14,"__amd_rocclr_copyBuffer",11877,699906438582091,699906438583731,0,0,16,0,128,512,1,1,512,1,1
"KERNEL_DISPATCH","Agent 1",1,1,29203,778,14,"__amd_rocclr_copyBuffer",11878,699906438587011,699906438588251,0,0,16,0,128,512,1,1,512,1,1
