"Domain","Function","Process_Id","Thread_Id","Correlation_Id","Start_Timestamp","End_Timestamp"
"HIP_COMPILER_API_EXT","__hipRegisterFatBinary",4188971,4188971,1,698991617464387,698991617476239
"HIP_COMPILER_API_EXT","__hipRegisterFunction",4188971,4188971,2,698991617486629,698991617490275
"HIP_COMPILER_API_EXT","__hipRegisterFunction",4188971,4188971,3,698991617490907,698991617491959
"HIP_COMPILER_API_EXT","__hipRegisterFunction",4188971,4188971,4,698991617492339,698991617492620
"HIP_COMPILER_API_EXT","__hipRegisterFunction",4188971,4188971,5,698991617492920,698991617493161
"HIP_COMPILER_API_EXT","__hipRegisterFunction",4188971,4188971,6,698991617493421,698991617493752
"HIP_COMPILER_API_EXT","__hipRegisterFunction",4188971,4188971,7,698991617494022,698991617494143
"HIP_COMPILER_API_EXT","__hipRegisterFunction",4188971,4188971,8,698991617494403,698991617494644
"HIP_COMPILER_API_EXT","__hipRegisterFunction",4188971,4188971,9,698991617494914,698991617495125
"HIP_COMPILER_API_EXT","__hipRegisterFatBinary",4188971,4188971,10,698991617496167,698991617496407
"HIP_COMPILER_API_EXT","__hipRegisterFunction",4188971,4188971,11,698991617496738,698991617497178
"HIP_COMPILER_API_EXT","__hipRegisterFunction",4188971,4188971,12,698991617497509,698991617497729
"HIP_COMPILER_API_EXT","__hipRegisterFunction",4188971,4188971,13,698991617498000,698991617498170
"HIP_COMPILER_API_EXT","__hipRegisterFunction",4188971,4188971,14,698991617498451,698991617498581
"HIP_COMPILER_API_EXT","__hipRegisterFunction",4188971,4188971,15,698991617498842,698991617499192
"HIP_COMPILER_API_EXT","__hipRegisterFunction",4188971,4188971,16,698991617499453,698991617499994
"HIP_COMPILER_API_EXT","__hipRegisterFunction",4188971,4188971,17,698991617500274,698991617500505
"HIP_COMPILER_API_EXT","__hipRegisterFunction",4188971,4188971,18,698991617500785,698991617500966
"HIP_COMPILER_API_EXT","__hipRegisterFunction",4188971,4188971,19,698991617501246,698991617501426
"HIP_COMPILER_API_EXT","__hipRegisterFunction",4188971,4188971,20,698991617501707,698991617501857
"HIP_COMPILER_API_EXT","__hipRegisterFunction",4188971,4188971,21,698991617502148,698991617502418
"HIP_COMPILER_API_EXT","__hipRegisterFunction",4188971,4188971,22,698991617502679,698991617502839
"HIP_RUNTIME_API_EXT","hipGetDeviceCount",4188971,4188971,23,698991618261767,698991630907577
"HIP_RUNTIME_API_EXT","hipDeviceGetAttribute",4188971,4188971,24,698991630916684,698991630924338
"HIP_RUNTIME_API_EXT","hipDeviceGetAttribute",4188971,4188971,25,698991630925731,698991630925911
"HIP_RUNTIME_API_EXT","hipDeviceGetAttribute",4188971,4188971,26,698991630926252,698991630926362
"HIP_RUNTIME_API_EXT","hipSetDevice",4188971,4188971,27,698991630931722,698991630932413
"HIP_RUNTIME_API_EXT","hipGetDevicePropertiesR0600",4188971,4188971,28,698991630934047,698991630934878
"HIP_RUNTIME_API_EXT","hipGetDevice",4188971,4188971,29,698991630940398,698991630941370
"HIP_RUNTIME_API_EXT","hipStreamCreateWithFlags",4188971,4188971,30,698991630944667,698991640878034
"HIP_RUNTIME_API_EXT","hipHostMalloc",4188971,4188971,31,698991640895316,698991641036091
"HIP_RUNTIME_API_EXT","hipMalloc",4188971,4188971,32,698991641041752,698991641067660
"HIP_RUNTIME_API_EXT","hipMalloc",4188971,4188971,33,698991641068241,698991641071097
"HIP_RUNTIME_API_EXT","hipMalloc",4188971,4188971,34,698991641071518,698991641072660
"HIP_RUNTIME_API_EXT","hipMalloc",4188971,4188971,35,698991641073101,698991641073992
"HIP_RUNTIME_API_EXT","hipMalloc",4188971,4188971,36,698991641074303,698991641075014
"HIP_RUNTIME_API_EXT","hipMalloc",4188971,4188971,37,698991641075405,698991641076196
"HIP_RUNTIME_API_EXT","hipMalloc",4188971,4188971,38,698991641076507,698991641077258
"HIP_RUNTIME_API_EXT","hipMemcpy",4188971,4188971,39,698991641080384,698991646294864
"HIP_RUNTIME_API_EXT","hipSetDevice",4188971,4188971,40,698991646336633,698991646338626
"HIP_RUNTIME_API_EXT","hipMemsetAsync",4188971,4188971,41,698991646395423,698991646442612
"HIP_RUNTIME_API_EXT","hipMemcpyAsync",4188971,4188971,42,698991646445788,698991646476646
"HIP_RUNTIME_API_EXT","hipMemcpyAsync",4188971,4188971,43,698991646477688,698991646485252
"HIP_COMPILER_API_EXT","__hipPushCallConfiguration",4188971,4188971,44,698991646488208,698991646491935
"HIP_COMPILER_API_EXT","__hipPopCallConfiguration",4188971,4188971,45,698991646495441,698991646499098
"HIP_RUNTIME_API_EXT","hipLaunchKernel",4188971,4188971,46,698991646505520,698991647268105
"HIP_RUNTIME_API_EXT","hipGetLastError",4188971,4188971,47,698991647273084,698991647274377
"HIP_RUNTIME_API_EXT","hipSetDevice",4188971,4188971,48,698991647277953,698991647278535
"HIP_COMPILER_API_EXT","__hipPushCallConfiguration",4188971,4188971,49,698991647280288,698991647281921
"HIP_COMPILER_API_EXT","__hipPopCallConfiguration",4188971,4188971,50,698991647283384,698991647284155
"HIP_RUNTIME_API_EXT","hipLaunchKernel",4188971,4188971,51,698991647287802,698991647890015
"HIP_RUNTIME_API_EXT","hipGetLastError",4188971,4188971,52,698991647892349,698991647893141
"HIP_COMPILER_API_EXT","__hipPushCallConfiguration",4188971,4188971,53,698991647894804,698991647895666
"HIP_COMPILER_API_EXT","__hipPopCallConfiguration",4188971,4188971,54,698991647897098,698991647897509
"HIP_RUNTIME_API_EXT","hipLaunchKernel",4188971,4188971,55,698991647899743,698991647904602
"HIP_RUNTIME_API_EXT","hipGetLastError",4188971,4188971,56,698991647905043,698991647905073
"HIP_COMPILER_API_EXT","__hipPushCallConfiguration",4188971,4188971,57,698991647905855,698991647905905
"HIP_COMPILER_API_EXT","__hipPopCallConfiguration",4188971,4188971,58,698991647906726,698991647906776
"HIP_RUNTIME_API_EXT","hipLaunchKernel",4188971,4188971,59,698991647907237,698991647910153
"HIP_RUNTIME_API_EXT","hipGetLastError",4188971,4188971,60,698991647910463,698991647910493
"HIP_RUNTIME_API_EXT","hipSetDevice",4188971,4188971,61,698991647911335,698991647911846
"HIP_COMPILER_API_EXT","__hipPushCallConfiguration",4188971,4188971,62,698991647912137,698991647912177
"HIP_COMPILER_API_EXT","__hipPopCallConfiguration",4188971,4188971,63,698991647912477,698991647912527
"HIP_RUNTIME_API_EXT","hipLaunchKernel",4188971,4188971,64,698991647913138,698991647916575
"HIP_RUNTIME_API_EXT","hipGetLastError",4188971,4188971,65,698991647917647,698991647917677
"HIP_COMPILER_API_EXT","__hipPushCallConfiguration",4188971,4188971,66,698991647917998,698991647918048
"HIP_COMPILER_API_EXT","__hipPopCallConfiguration",4188971,4188971,67,698991647918328,698991647918378
"HIP_RUNTIME_API_EXT","hipLaunchKernel",4188971,4188971,68,698991647918869,698991647921795
"HIP_RUNTIME_API_EXT","hipGetLastError",4188971,4188971,69,698991647922185,698991647922215
"HIP_COMPILER_API_EXT","__hipPushCallConfiguration",4188971,4188971,70,698991647922486,698991647922536
"HIP_COMPILER_API_EXT","__hipPopCallConfiguration",4188971,4188971,71,698991647923949,698991647923999
"HIP_RUNTIME_API_EXT","hipLaunchKernel",4188971,4188971,72,698991647924510,698991647928387
"HIP_RUNTIME_API_EXT","hipGetLastError",4188971,4188971,73,698991647928758,698991647928788
"HIP_RUNTIME_API_EXT","hipSetDevice",4188971,4188971,74,698991647929088,698991647929139
"HIP_COMPILER_API_EXT","__hipPushCallConfiguration",4188971,4188971,75,698991647929399,698991647929439
"HIP_COMPILER_API_EXT","__hipPopCallConfiguration",4188971,4188971,76,698991647929730,698991647929770
"HIP_RUNTIME_API_EXT","hipLaunchKernel",4188971,4188971,77,698991647930531,698991647933276
"HIP_RUNTIME_API_EXT","hipGetLastError",4188971,4188971,78,698991647933657,698991647933687
"HIP_COMPILER_API_EXT","__hipPushCallConfiguration",4188971,4188971,79,698991647934108,698991647934158
"HIP_COMPILER_API_EXT","__hipPopCallConfiguration",4188971,4188971,80,698991647934619,698991647934659
"HIP_RUNTIME_API_EXT","hipLaunchKernel",4188971,4188971,81,698991647935581,698991647938236
"HIP_RUNTIME_API_EXT","hipGetLastError",4188971,4188971,82,698991647938586,698991647938616
"HIP_COMPILER_API_EXT","__hipPushCallConfiguration",4188971,4188971,83,698991647938877,698991647938927
"HIP_COMPILER_API_EXT","__hipPopCallConfiguration",4188971,4188971,84,698991647939207,698991647939248
"HIP_RUNTIME_API_EXT","hipLaunchKernel",4188971,4188971,85,698991647939809,698991647943405
"HIP_RUNTIME_API_EXT","hipGetLastError",4188971,4188971,86,698991647943746,698991647943776
"HIP_RUNTIME_API_EXT","hipSetDevice",4188971,4188971,87,698991647944127,698991647944177
"HIP_COMPILER_API_EXT","__hipPushCallConfiguration",4188971,4188971,88,698991647944578,698991647944628
"HIP_COMPILER_API_EXT","__hipPopCallConfiguration",4188971,4188971,89,698991647944918,698991647944958
"HIP_RUNTIME_API_EXT","hipLaunchKernel",4188971,4188971,90,698991647946110,698991647949256
"HIP_RUNTIME_API_EXT","hipGetLastError",4188971,4188971,91,698991647949547,698991647949577
"HIP_COMPILER_API_EXT","__hipPushCallConfiguration",4188971,4188971,92,698991647949847,698991647949888
"HIP_COMPILER_API_EXT","__hipPopCallConfiguration",4188971,4188971,93,698991647950178,698991647950228
"HIP_RUNTIME_API_EXT","hipLaunchKernel",4188971,4188971,94,698991647950709,698991647955458
"HIP_RUNTIME_API_EXT","hipGetLastError",4188971,4188971,95,698991647956480,698991647956510
"HIP_COMPILER_API_EXT","__hipPushCallConfiguration",4188971,4188971,96,698991647956861,698991647956911
"HIP_COMPILER_API_EXT","__hipPopCallConfiguration",4188971,4188971,97,698991647957271,698991647957322
"HIP_RUNTIME_API_EXT","hipLaunchKernel",4188971,4188971,98,698991647958053,698991647961209
"HIP_RUNTIME_API_EXT","hipGetLastError",4188971,4188971,99,698991647961610,698991647961640
"HIP_RUNTIME_API_EXT","hipSetDevice",4188971,4188971,100,698991647961960,698991647962000
"HIP_COMPILER_API_EXT","__hipPushCallConfiguration",4188971,4188971,101,698991647962261,698991647962311
"HIP_COMPILER_API_EXT","__hipPopCallConfiguration",4188971,4188971,102,698991647962591,698991647962632
"HIP_RUNTIME_API_EXT","hipLaunchKernel",4188971,4188971,103,698991647963343,698991647967030
"HIP_RUNTIME_API_EXT","hipGetLastError",4188971,4188971,104,698991647967350,698991647967380
"HIP_COMPILER_API_EXT","__hipPushCallConfiguration",4188971,4188971,105,698991647967781,698991647967831
"HIP_COMPILER_API_EXT","__hipPopCallConfiguration",4188971,4188971,106,698991647968132,698991647968182
"HIP_RUNTIME_API_EXT","hipLaunchKernel",4188971,4188971,107,698991647968643,698991647973983
"HIP_RUNTIME_API_EXT","hipGetLastError",4188971,4188971,108,698991647974303,698991647974334
"HIP_COMPILER_API_EXT","__hipPushCallConfiguration",4188971,4188971,109,698991647975075,698991647975115
"HIP_COMPILER_API_EXT","__hipPopCallConfiguration",4188971,4188971,110,698991647975426,698991647975466
"HIP_RUNTIME_API_EXT","hipLaunchKernel",4188971,4188971,111,698991647976117,698991647980475
"HIP_RUNTIME_API_EXT","hipGetLastError",4188971,4188971,112,698991647980886,698991647980916
"HIP_RUNTIME_API_EXT","hipSetDevice",4188971,4188971,113,698991647981407,698991647981447
"HIP_COMPILER_API_EXT","__hipPushCallConfiguration",4188971,4188971,114,698991647981778,698991647981818
"HIP_COMPILER_API_EXT","__hipPopCallConfiguration",4188971,4188971,115,698991647982098,698991647982138
"HIP_RUNTIME_API_EXT","hipLaunchKernel",4188971,4188971,116,698991647982830,698991647986496
"HIP_RUNTIME_API_EXT","hipGetLastError",4188971,4188971,117,698991647986877,698991647986907
"HIP_COMPILER_API_EXT","__hipPushCallConfiguration",4188971,4188971,118,698991647988089,698991647988129
"HIP_COMPILER_API_EXT","__hipPopCallConfiguration",4188971,4188971,119,698991647988650,698991647988691
"HIP_RUNTIME_API_EXT","hipLaunchKernel",4188971,4188971,120,698991647989332,698991647992808
"HIP_RUNTIME_API_EXT","hipGetLastError",4188971,4188971,121,698991647993199,698991647993229
"HIP_COMPILER_API_EXT","__hipPushCallConfiguration",4188971,4188971,122,698991647993560,698991647993610
"HIP_COMPILER_API_EXT","__hipPopCallConfiguration",4188971,4188971,123,698991647993900,698991647993950
"HIP_RUNTIME_API_EXT","hipLaunchKernel",4188971,4188971,124,698991647994892,698991647997677
"HIP_RUNTIME_API_EXT","hipGetLastError",4188971,4188971,125,698991647997978,698991647998008
"HIP_RUNTIME_API_EXT","hipSetDevice",4188971,4188971,126,698991647998419,698991647998459
"HIP_COMPILER_API_EXT","__hipPushCallConfiguration",4188971,4188971,127,698991647998729,698991647998770
"HIP_COMPILER_API_EXT","__hipPopCallConfiguration",4188971,4188971,128,698991647999060,698991647999100
"HIP_RUNTIME_API_EXT","hipLaunchKernel",4188971,4188971,129,698991648008448,698991648014509
"HIP_RUNTIME_API_EXT","hipGetLastError",4188971,4188971,130,698991648014820,698991648014850
"HIP_COMPILER_API_EXT","__hipPushCallConfiguration",4188971,4188971,131,698991648015160,698991648015210
"HIP_COMPILER_API_EXT","__hipPopCallConfiguration",4188971,4188971,132,698991648015491,698991648015541
"HIP_RUNTIME_API_EXT","hipLaunchKernel",4188971,4188971,133,698991648016192,698991648018968
"HIP_RUNTIME_API_EXT","hipGetLastError",4188971,4188971,134,698991648019348,698991648019378
"HIP_COMPILER_API_EXT","__hipPushCallConfiguration",4188971,4188971,135,698991648019709,698991648019759
"HIP_COMPILER_API_EXT","__hipPopCallConfiguration",4188971,4188971,136,698991648020050,698991648020100
"HIP_RUNTIME_API_EXT","hipLaunchKernel",4188971,4188971,137,698991648020821,698991648023656
"HIP_RUNTIME_API_EXT","hipGetLastError",4188971,4188971,138,698991648024077,698991648024107
"HIP_RUNTIME_API_EXT","hipSetDevice",4188971,4188971,139,698991648024378,698991648024418
"HIP_COMPILER_API_EXT","__hipPushCallConfiguration",4188971,4188971,140,698991648024849,698991648024889
"HIP_COMPILER_API_EXT","__hipPopCallConfiguration",4188971,4188971,141,698991648026291,698991648026331
"HIP_RUNTIME_API_EXT","hipLaunchKernel",4188971,4188971,142,698991648026973,698991648029988
"HIP_RUNTIME_API_EXT","hipGetLastError",4188971,4188971,143,698991648030289,698991648030319
"HIP_COMPILER_API_EXT","__hipPushCallConfiguration",4188971,4188971,144,698991648030589,698991648030639
"HIP_COMPILER_API_EXT","__hipPopCallConfiguration",4188971,4188971,145,698991648030970,698991648031010
"HIP_RUNTIME_API_EXT","hipLaunchKernel",4188971,4188971,146,698991648031812,698991648034857
"HIP_RUNTIME_API_EXT","hipGetLastError",4188971,4188971,147,698991648035158,698991648035188
"HIP_COMPILER_API_EXT","__hipPushCallConfiguration",4188971,4188971,148,698991648035449,698991648035499
"HIP_COMPILER_API_EXT","__hipPopCallConfiguration",4188971,4188971,149,698991648035789,698991648035839
"HIP_RUNTIME_API_EXT","hipLaunchKernel",4188971,4188971,150,698991648036240,698991648038033
"HIP_RUNTIME_API_EXT","hipGetLastError",4188971,4188971,151,698991648038344,698991648038374
"HIP_RUNTIME_API_EXT","hipSetDevice",4188971,4188971,152,698991648038675,698991648038715
"HIP_COMPILER_API_EXT","__hipPushCallConfiguration",4188971,4188971,153,698991648038995,698991648039035
"HIP_COMPILER_API_EXT","__hipPopCallConfiguration",4188971,4188971,154,698991648039336,698991648039376
"HIP_RUNTIME_API_EXT","hipLaunchKernel",4188971,4188971,155,698991648039757,698991648100170
"HIP_RUNTIME_API_EXT","hipGetLastError",4188971,4188971,156,698991648100611,698991648100641
"HIP_COMPILER_API_EXT","__hipPushCallConfiguration",4188971,4188971,157,698991648100962,698991648101012
"HIP_COMPILER_API_EXT","__hipPopCallConfiguration",4188971,4188971,158,698991648101312,698991648101363
"HIP_RUNTIME_API_EXT","hipLaunchKernel",4188971,4188971,159,698991648101733,698991648104569
"HIP_RUNTIME_API_EXT","hipGetLastError",4188971,4188971,160,698991648104949,698991648104979
"HIP_RUNTIME_API_EXT","hipSetDevice",4188971,4188971,161,698991648105350,698991648105390
"HIP_COMPILER_API_EXT","__hipPushCallConfiguration",4188971,4188971,162,698991648105711,698991648105761
"HIP_COMPILER_API_EXT","__hipPopCallConfiguration",4188971,4188971,163,698991648106182,698991648106232
"HIP_RUNTIME_API_EXT","hipLaunchKernel",4188971,4188971,164,698991648107334,698991648109929
"HIP_RUNTIME_API_EXT","hipGetLastError",4188971,4188971,165,698991648110269,698991648110299
"HIP_RUNTIME_API_EXT","hipSetDevice",4188971,4188971,166,698991648110720,698991648110770
"HIP_COMPILER_API_EXT","__hipPushCallConfiguration",4188971,4188971,167,698991648111101,698991648111141
"HIP_COMPILER_API_EXT","__hipPopCallConfiguration",4188971,4188971,168,698991648111492,698991648111532
"HIP_RUNTIME_API_EXT","hipLaunchKernel",4188971,4188971,169,698991648111932,698991648114658
"HIP_RUNTIME_API_EXT","hipGetLastError",4188971,4188971,170,698991648115038,698991648115068
"HIP_COMPILER_API_EXT","__hipPushCallConfiguration",4188971,4188971,171,698991648115409,698991648115449
"HIP_COMPILER_API_EXT","__hipPopCallConfiguration",4188971,4188971,172,698991648115780,698991648115830
"HIP_RUNTIME_API_EXT","hipLaunchKernel",4188971,4188971,173,698991648116271,698991648118665
"HIP_RUNTIME_API_EXT","hipGetLastError",4188971,4188971,174,698991648118996,698991648119026
"HIP_COMPILER_API_EXT","__hipPushCallConfiguration",4188971,4188971,175,698991648119346,698991648119386
"HIP_COMPILER_API_EXT","__hipPopCallConfiguration",4188971,4188971,176,698991648119727,698991648119777
"HIP_RUNTIME_API_EXT","hipLaunchKernel",4188971,4188971,177,698991648120218,698991648122552
"HIP_RUNTIME_API_EXT","hipGetLastError",4188971,4188971,178,698991648122883,698991648122913
"HIP_COMPILER_API_EXT","__hipPushCallConfiguration",4188971,4188971,179,698991648123204,698991648123244
"HIP_COMPILER_API_EXT","__hipPopCallConfiguration",4188971,4188971,180,698991648123564,698991648123614
"HIP_RUNTIME_API_EXT","hipLaunchKernel",4188971,4188971,181,698991648123985,698991648126470
"HIP_RUNTIME_API_EXT","hipGetLastError",4188971,4188971,182,698991648126800,698991648126830
"HIP_COMPILER_API_EXT","__hipPushCallConfiguration",4188971,4188971,183,698991648127371,698991648127422
"HIP_COMPILER_API_EXT","__hipPopCallConfiguration",4188971,4188971,184,698991648127742,698991648127792
"HIP_RUNTIME_API_EXT","hipLaunchKernel",4188971,4188971,185,698991648128243,698991648130107
"HIP_RUNTIME_API_EXT","hipGetLastError",4188971,4188971,186,698991648130437,698991648130467
"HIP_RUNTIME_API_EXT","hipSetDevice",4188971,4188971,187,698991648130758,698991648130798
"HIP_COMPILER_API_EXT","__hipPushCallConfiguration",4188971,4188971,188,698991648134154,698991648134194
"HIP_COMPILER_API_EXT","__hipPopCallConfiguration",4188971,4188971,189,698991648134555,698991648134595
"HIP_RUNTIME_API_EXT","hipLaunchKernel",4188971,4188971,190,698991648135016,698991648137250
"HIP_RUNTIME_API_EXT","hipGetLastError",4188971,4188971,191,698991648137611,698991648137641
"HIP_COMPILER_API_EXT","__hipPushCallConfiguration",4188971,4188971,192,698991648137921,698991648137961
"HIP_COMPILER_API_EXT","__hipPopCallConfiguration",4188971,4188971,193,698991648138422,698991648138472
"HIP_RUNTIME_API_EXT","hipLaunchKernel",4188971,4188971,194,698991648138843,698991648140366
"HIP_RUNTIME_API_EXT","hipGetLastError",4188971,4188971,195,698991648140717,698991648140747
"HIP_COMPILER_API_EXT","__hipPushCallConfiguration",4188971,4188971,196,698991648141057,698991648141097
"HIP_COMPILER_API_EXT","__hipPopCallConfiguration",4188971,4188971,197,698991648141538,698991648141588
"HIP_RUNTIME_API_EXT","hipLaunchKernel",4188971,4188971,198,698991648141969,698991648143612
"HIP_RUNTIME_API_EXT","hipGetLastError",4188971,4188971,199,698991648143913,698991648143943
"HIP_RUNTIME_API_EXT","hipSetDevice",4188971,4188971,200,698991648144213,698991648144253
"HIP_COMPILER_API_EXT","__hipPushCallConfiguration",4188971,4188971,201,698991648144614,698991648144664
"HIP_COMPILER_API_EXT","__hipPopCallConfiguration",4188971,4188971,202,698991648144985,698991648145025
"HIP_RUNTIME_API_EXT","hipLaunchKernel",4188971,4188971,203,698991648145425,698991648200359
"HIP_RUNTIME_API_EXT","hipGetLastError",4188971,4188971,204,698991648200780,698991648200810
"HIP_COMPILER_API_EXT","__hipPushCallConfiguration",4188971,4188971,205,698991648201100,698991648201150
"HIP_COMPILER_API_EXT","__hipPopCallConfiguration",4188971,4188971,206,698991648201441,698991648201481
"HIP_RUNTIME_API_EXT","hipLaunchKernel",4188971,4188971,207,698991648201832,698991648203274
"HIP_RUNTIME_API_EXT","hipGetLastError",4188971,4188971,208,698991648203605,698991648203635
"HIP_COMPILER_API_EXT","__hipPushCallConfiguration",4188971,4188971,209,698991648204236,698991648204276
"HIP_COMPILER_API_EXT","__hipPopCallConfiguration",4188971,4188971,210,698991648204567,698991648204617
"HIP_RUNTIME_API_EXT","hipLaunchKernel",4188971,4188971,211,698991648205498,698991648207021
"HIP_RUNTIME_API_EXT","hipGetLastError",4188971,4188971,212,698991648207342,698991648207372
"HIP_RUNTIME_API_EXT","hipSetDevice",4188971,4188971,213,698991648207652,698991648207693
"HIP_COMPILER_API_EXT","__hipPushCallConfiguration",4188971,4188971,214,698991648207983,698991648208033
"HIP_COMPILER_API_EXT","__hipPopCallConfiguration",4188971,4188971,215,698991648208414,698991648208464
"HIP_RUNTIME_API_EXT","hipLaunchKernel",4188971,4188971,216,698991648208875,698991648210317
"HIP_RUNTIME_API_EXT","hipGetLastError",4188971,4188971,217,698991648210648,698991648210678
"HIP_COMPILER_API_EXT","__hipPushCallConfiguration",4188971,4188971,218,698991648211019,698991648211059
"HIP_COMPILER_API_EXT","__hipPopCallConfiguration",4188971,4188971,219,698991648211349,698991648211389
"HIP_RUNTIME_API_EXT","hipLaunchKernel",4188971,4188971,220,698991648211790,698991648213784
"HIP_RUNTIME_API_EXT","hipGetLastError",4188971,4188971,221,698991648214155,698991648214185
"HIP_COMPILER_API_EXT","__hipPushCallConfiguration",4188971,4188971,222,698991648214465,698991648214515
"HIP_COMPILER_API_EXT","__hipPopCallConfiguration",4188971,4188971,223,698991648214806,698991648214846
"HIP_RUNTIME_API_EXT","hipLaunchKernel",4188971,4188971,224,698991648215227,698991648216679
"HIP_RUNTIME_API_EXT","hipGetLastError",4188971,4188971,225,698991648217000,698991648217030
"HIP_RUNTIME_API_EXT","hipSetDevice",4188971,4188971,226,698991648217311,698991648217351
"HIP_COMPILER_API_EXT","__hipPushCallConfiguration",4188971,4188971,227,698991648217621,698991648217661
"HIP_COMPILER_API_EXT","__hipPopCallConfiguration",4188971,4188971,228,698991648217962,698991648218012
"HIP_RUNTIME_API_EXT","hipLaunchKernel",4188971,4188971,229,698991648218463,698991648219996
"HIP_RUNTIME_API_EXT","hipGetLastError",4188971,4188971,230,698991648220316,698991648220346
"HIP_COMPILER_API_EXT","__hipPushCallConfiguration",4188971,4188971,231,698991648220627,698991648220667
"HIP_COMPILER_API_EXT","__hipPopCallConfiguration",4188971,4188971,232,698991648220988,698991648221038
"HIP_RUNTIME_API_EXT","hipLaunchKernel",4188971,4188971,233,698991648221458,698991648223412
"HIP_RUNTIME_API_EXT","hipGetLastError",4188971,4188971,234,698991648224334,698991648224364
"HIP_COMPILER_API_EXT","__hipPushCallConfiguration",4188971,4188971,235,698991648224654,698991648224705
"HIP_COMPILER_API_EXT","__hipPopCallConfiguration",4188971,4188971,236,698991648224995,698991648225045
"HIP_RUNTIME_API_EXT","hipLaunchKernel",4188971,4188971,237,698991648225416,698991648278746
"HIP_RUNTIME_API_EXT","hipGetLastError",4188971,4188971,238,698991648279157,698991648279187
"HIP_RUNTIME_API_EXT","hipSetDevice",4188971,4188971,239,698991648279468,698991648279508
"HIP_COMPILER_API_EXT","__hipPushCallConfiguration",4188971,4188971,240,698991648279788,698991648279838
"HIP_COMPILER_API_EXT","__hipPopCallConfiguration",4188971,4188971,241,698991648280129,698991648280179
"HIP_RUNTIME_API_EXT","hipLaunchKernel",4188971,4188971,242,698991648280560,698991648337316
"HIP_RUNTIME_API_EXT","hipGetLastError",4188971,4188971,243,698991648337727,698991648337757
"HIP_COMPILER_API_EXT","__hipPushCallConfiguration",4188971,4188971,244,698991648338058,698991648338098
"HIP_COMPILER_API_EXT","__hipPopCallConfiguration",4188971,4188971,245,698991648338569,698991648338619
"HIP_RUNTIME_API_EXT","hipLaunchKernel",4188971,4188971,246,698991648339010,698991648341134
"HIP_RUNTIME_API_EXT","hipGetLastError",4188971,4188971,247,698991648341514,698991648341544
"HIP_COMPILER_API_EXT","__hipPushCallConfiguration",4188971,4188971,248,698991648341845,698991648341885
"HIP_COMPILER_API_EXT","__hipPopCallConfiguration",4188971,4188971,249,698991648342236,698991648342276
"HIP_RUNTIME_API_EXT","hipLaunchKernel",4188971,4188971,250,698991648342636,698991648344059
"HIP_RUNTIME_API_EXT","hipGetLastError",4188971,4188971,251,698991648344450,698991648344480
"HIP_RUNTIME_API_EXT","hipSetDevice",4188971,4188971,252,698991648344780,698991648344821
"HIP_COMPILER_API_EXT","__hipPushCallConfiguration",4188971,4188971,253,698991648345131,698991648345181
"HIP_COMPILER_API_EXT","__hipPopCallConfiguration",4188971,4188971,254,698991648345482,698991648345522
"HIP_RUNTIME_API_EXT","hipLaunchKernel",4188971,4188971,255,698991648345943,698991648347435
"HIP_RUNTIME_API_EXT","hipGetLastError",4188971,4188971,256,698991648347796,698991648347826
"HIP_COMPILER_API_EXT","__hipPushCallConfiguration",4188971,4188971,257,698991648348277,698991648348317
"HIP_COMPILER_API_EXT","__hipPopCallConfiguration",4188971,4188971,258,698991648349239,698991648349289
"HIP_RUNTIME_API_EXT","hipLaunchKernel",4188971,4188971,259,698991648349670,698991648351112
"HIP_RUNTIME_API_EXT","hipGetLastError",4188971,4188971,260,698991648351443,698991648351473
"HIP_COMPILER_API_EXT","__hipPushCallConfiguration",4188971,4188971,261,698991648351754,698991648351804
"HIP_COMPILER_API_EXT","__hipPopCallConfiguration",4188971,4188971,262,698991648352104,698991648352144
"HIP_RUNTIME_API_EXT","hipLaunchKernel",4188971,4188971,263,698991648352515,698991648353878
"HIP_RUNTIME_API_EXT","hipGetLastError",4188971,4188971,264,698991648354699,698991648354739
"HIP_RUNTIME_API_EXT","hipSetDevice",4188971,4188971,265,698991648355080,698991648355130
"HIP_COMPILER_API_EXT","__hipPushCallConfiguration",4188971,4188971,266,698991648355410,698991648355451
"HIP_COMPILER_API_EXT","__hipPopCallConfiguration",4188971,4188971,267,698991648355741,698991648355791
"HIP_RUNTIME_API_EXT","hipLaunchKernel",4188971,4188971,268,698991648356162,698991648357504
"HIP_RUNTIME_API_EXT","hipGetLastError",4188971,4188971,269,698991648357875,698991648357905
"HIP_COMPILER_API_EXT","__hipPushCallConfiguration",4188971,4188971,270,698991648358176,698991648358226
"HIP_COMPILER_API_EXT","__hipPopCallConfiguration",4188971,4188971,271,698991648358546,698991648358596
"HIP_RUNTIME_API_EXT","hipLaunchKernel",4188971,4188971,272,698991648358967,698991648412247
"HIP_RUNTIME_API_EXT","hipGetLastError",4188971,4188971,273,698991648412628,698991648412658
"HIP_COMPILER_API_EXT","__hipPushCallConfiguration",4188971,4188971,274,698991648412949,698991648412989
"HIP_COMPILER_API_EXT","__hipPopCallConfiguration",4188971,4188971,275,698991648413289,698991648413329
"HIP_RUNTIME_API_EXT","hipLaunchKernel",4188971,4188971,276,698991648413690,698991648415173
"HIP_RUNTIME_API_EXT","hipGetLastError",4188971,4188971,277,698991648415514,698991648415544
"HIP_RUNTIME_API_EXT","hipSetDevice",4188971,4188971,278,698991648415824,698991648415864
"HIP_COMPILER_API_EXT","__hipPushCallConfiguration",4188971,4188971,279,698991648416145,698991648416185
"HIP_COMPILER_API_EXT","__hipPopCallConfiguration",4188971,4188971,280,698991648416485,698991648416525
"HIP_RUNTIME_API_EXT","hipLaunchKernel",4188971,4188971,281,698991648417948,698991648419291
"HIP_RUNTIME_API_EXT","hipGetLastError",4188971,4188971,282,698991648419631,698991648419661
"HIP_COMPILER_API_EXT","__hipPushCallConfiguration",4188971,4188971,283,698991648420012,698991648420062
"HIP_COMPILER_API_EXT","__hipPopCallConfiguration",4188971,4188971,284,698991648420363,698991648420413
"HIP_RUNTIME_API_EXT","hipLaunchKernel",4188971,4188971,285,698991648420823,698991648422657
"HIP_RUNTIME_API_EXT","hipGetLastError",4188971,4188971,286,698991648423028,698991648423058
"HIP_COMPILER_API_EXT","__hipPushCallConfiguration",4188971,4188971,287,698991648423328,698991648423378
"HIP_COMPILER_API_EXT","__hipPopCallConfiguration",4188971,4188971,288,698991648423679,698991648423719
"HIP_RUNTIME_API_EXT","hipLaunchKernel",4188971,4188971,289,698991648424140,698991648425663
"HIP_RUNTIME_API_EXT","hipGetLastError",4188971,4188971,290,698991648426103,698991648426144
"HIP_RUNTIME_API_EXT","hipSetDevice",4188971,4188971,291,698991648426454,698991648426494
"HIP_COMPILER_API_EXT","__hipPushCallConfiguration",4188971,4188971,292,698991648426775,698991648426815
"HIP_COMPILER_API_EXT","__hipPopCallConfiguration",4188971,4188971,293,698991648427155,698991648427206
"HIP_RUNTIME_API_EXT","hipLaunchKernel",4188971,4188971,294,698991648427626,698991648429089
"HIP_RUNTIME_API_EXT","hipGetLastError",4188971,4188971,295,698991648429460,698991648429490
"HIP_COMPILER_API_EXT","__hipPushCallConfiguration",4188971,4188971,296,698991648429780,698991648429820
"HIP_COMPILER_API_EXT","__hipPopCallConfiguration",4188971,4188971,297,698991648430151,698991648430191
"HIP_RUNTIME_API_EXT","hipLaunchKernel",4188971,4188971,298,698991648430562,698991648434319
"HIP_RUNTIME_API_EXT","hipGetLastError",4188971,4188971,299,698991648434700,698991648434730
"HIP_RUNTIME_API_EXT","hipSetDevice",4188971,4188971,300,698991648435010,698991648435050
"HIP_COMPILER_API_EXT","__hipPushCallConfiguration",4188971,4188971,301,698991648435331,698991648435371
"HIP_COMPILER_API_EXT","__hipPopCallConfiguration",4188971,4188971,302,698991648435671,698991648435722
"HIP_RUNTIME_API_EXT","hipLaunchKernel",4188971,4188971,303,698991648436182,698991648437665
"HIP_RUNTIME_API_EXT","hipGetLastError",4188971,4188971,304,698991648438487,698991648438517
"HIP_RUNTIME_API_EXT","hipSetDevice",4188971,4188971,305,698991648438797,698991648438847
"HIP_COMPILER_API_EXT","__hipPushCallConfiguration",4188971,4188971,306,698991648439208,698991648439258
"HIP_COMPILER_API_EXT","__hipPopCallConfiguration",4188971,4188971,307,698991648439549,698991648439599
"HIP_RUNTIME_API_EXT","hipLaunchKernel",4188971,4188971,308,698991648440030,698991648441663
"HIP_RUNTIME_API_EXT","hipGetLastError",4188971,4188971,309,698991648442003,698991648442033
"HIP_COMPILER_API_EXT","__hipPushCallConfiguration",4188971,4188971,310,698991648442314,698991648442364
"HIP_COMPILER_API_EXT","__hipPopCallConfiguration",4188971,4188971,311,698991648442655,698991648442695
"HIP_RUNTIME_API_EXT","hipLaunchKernel",4188971,4188971,312,698991648443065,698991648444979
"HIP_RUNTIME_API_EXT","hipGetLastError",4188971,4188971,313,698991648445360,698991648445390
"HIP_COMPILER_API_EXT","__hipPushCallConfiguration",4188971,4188971,314,698991648445730,698991648445780
"HIP_COMPILER_API_EXT","__hipPopCallConfiguration",4188971,4188971,315,698991648446111,698991648446161
"HIP_RUNTIME_API_EXT","hipLaunchKernel",4188971,4188971,316,698991648446552,698991648500323
"HIP_RUNTIME_API_EXT","hipGetLastError",4188971,4188971,317,698991648500724,698991648500754
"HIP_COMPILER_API_EXT","__hipPushCallConfiguration",4188971,4188971,318,698991648501034,698991648501074
"HIP_COMPILER_API_EXT","__hipPopCallConfiguration",4188971,4188971,319,698991648501385,698991648501425
"HIP_RUNTIME_API_EXT","hipLaunchKernel",4188971,4188971,320,698991648501776,698991648503329
"HIP_RUNTIME_API_EXT","hipGetLastError",4188971,4188971,321,698991648503800,698991648503830
"HIP_COMPILER_API_EXT","__hipPushCallConfiguration",4188971,4188971,322,698991648504140,698991648504190
"HIP_COMPILER_API_EXT","__hipPopCallConfiguration",4188971,4188971,323,698991648504531,698991648504581
"HIP_RUNTIME_API_EXT","hipLaunchKernel",4188971,4188971,324,698991648504942,698991648506234
"HIP_RUNTIME_API_EXT","hipGetLastError",4188971,4188971,325,698991648506625,698991648506655
"HIP_RUNTIME_API_EXT","hipSetDevice",4188971,4188971,326,698991648506935,698991648506976
"HIP_COMPILER_API_EXT","__hipPushCallConfiguration",4188971,4188971,327,698991648507837,698991648507877
"HIP_COMPILER_API_EXT","__hipPopCallConfiguration",4188971,4188971,328,698991648508218,698991648508268
"HIP_RUNTIME_API_EXT","hipLaunchKernel",4188971,4188971,329,698991648508699,698991648510773
"HIP_RUNTIME_API_EXT","hipGetLastError",4188971,4188971,330,698991648511093,698991648511123
"HIP_COMPILER_API_EXT","__hipPushCallConfiguration",4188971,4188971,331,698991648511404,698991648511444
"HIP_COMPILER_API_EXT","__hipPopCallConfiguration",4188971,4188971,332,698991648511735,698991648511785
"HIP_RUNTIME_API_EXT","hipLaunchKernel",4188971,4188971,333,698991648512155,698991648513558
"HIP_RUNTIME_API_EXT","hipGetLastError",4188971,4188971,334,698991648513979,698991648514009
"HIP_COMPILER_API_EXT","__hipPushCallConfiguration",4188971,4188971,335,698991648514299,698991648514339
"HIP_COMPILER_API_EXT","__hipPopCallConfiguration",4188971,4188971,336,698991648514630,698991648514680
"HIP_RUNTIME_API_EXT","hipLaunchKernel",4188971,4188971,337,698991648515091,698991648516594
"HIP_RUNTIME_API_EXT","hipGetLastError",4188971,4188971,338,698991648517034,698991648517065
"HIP_RUNTIME_API_EXT","hipSetDevice",4188971,4188971,339,698991648517365,698991648517405
"HIP_COMPILER_API_EXT","__hipPushCallConfiguration",4188971,4188971,340,698991648517686,698991648517726
"HIP_COMPILER_API_EXT","__hipPopCallConfiguration",4188971,4188971,341,698991648518026,698991648518066
"HIP_RUNTIME_API_EXT","hipLaunchKernel",4188971,4188971,342,698991648518517,698991648519900
"HIP_RUNTIME_API_EXT","hipGetLastError",4188971,4188971,343,698991648520220,698991648520251
"HIP_COMPILER_API_EXT","__hipPushCallConfiguration",4188971,4188971,344,698991648520521,698991648520571
"HIP_COMPILER_API_EXT","__hipPopCallConfiguration",4188971,4188971,345,698991648520882,698991648520932
"HIP_RUNTIME_API_EXT","hipLaunchKernel",4188971,4188971,346,698991648521493,698991648523026
"HIP_RUNTIME_API_EXT","hipGetLastError",4188971,4188971,347,698991648523336,698991648523366
"HIP_COMPILER_API_EXT","__hipPushCallConfiguration",4188971,4188971,348,698991648523637,698991648523687
"HIP_COMPILER_API_EXT","__hipPopCallConfiguration",4188971,4188971,349,698991648524108,698991648524148
"HIP_RUNTIME_API_EXT","hipLaunchKernel",4188971,4188971,350,698991648524529,698991648527033
"HIP_RUNTIME_API_EXT","hipGetLastError",4188971,4188971,351,698991648535870,698991648535900
"HIP_RUNTIME_API_EXT","hipSetDevice",4188971,4188971,352,698991649431775,698991649432386
"HIP_COMPILER_API_EXT","__hipPushCallConfiguration",4188971,4188971,353,698991649433799,698991649434510
"HIP_COMPILER_API_EXT","__hipPopCallConfiguration",4188971,4188971,354,698991649435502,698991649436013
"HIP_RUNTIME_API_EXT","hipLaunchKernel",4188971,4188971,355,698991649438067,698991649450741
"HIP_RUNTIME_API_EXT","hipGetLastError",4188971,4188971,356,698991649451723,698991649452104
"HIP_COMPILER_API_EXT","__hipPushCallConfiguration",4188971,4188971,357,698991649452484,698991649452534
"HIP_COMPILER_API_EXT","__hipPopCallConfiguration",4188971,4188971,358,698991649452895,698991649452935
"HIP_RUNTIME_API_EXT","hipLaunchKernel",4188971,4188971,359,698991649453446,698991649455801
"HIP_RUNTIME_API_EXT","hipGetLastError",4188971,4188971,360,698991649456211,698991649456241
"HIP_COMPILER_API_EXT","__hipPushCallConfiguration",4188971,4188971,361,698991649456602,698991649456642
"HIP_COMPILER_API_EXT","__hipPopCallConfiguration",4188971,4188971,362,698991649456963,698991649457013
"HIP_RUNTIME_API_EXT","hipLaunchKernel",4188971,4188971,363,698991649457394,698991649459127
"HIP_RUNTIME_API_EXT","hipGetLastError",4188971,4188971,364,698991649459467,698991649459497
"HIP_RUNTIME_API_EXT","hipSetDevice",4188971,4188971,365,698991649459828,698991649459878
"HIP_COMPILER_API_EXT","__hipPushCallConfiguration",4188971,4188971,366,698991649460179,698991649460229
"HIP_COMPILER_API_EXT","__hipPopCallConfiguration",4188971,4188971,367,698991649460590,698991649460630
"HIP_RUNTIME_API_EXT","hipLaunchKernel",4188971,4188971,368,698991649461010,698991649462964
"HIP_RUNTIME_API_EXT","hipGetLastError",4188971,4188971,369,698991649463295,698991649463325
"HIP_COMPILER_API_EXT","__hipPushCallConfiguration",4188971,4188971,370,698991649463605,698991649463655
"HIP_COMPILER_API_EXT","__hipPopCallConfiguration",4188971,4188971,371,698991649463956,698991649463996
"HIP_RUNTIME_API_EXT","hipLaunchKernel",4188971,4188971,372,698991649464347,698991649466020
"HIP_RUNTIME_API_EXT","hipGetLastError",4188971,4188971,373,698991649466380,698991649466411
"HIP_COMPILER_API_EXT","__hipPushCallConfiguration",4188971,4188971,374,698991649466711,698991649466751
"HIP_COMPILER_API_EXT","__hipPopCallConfiguration",4188971,4188971,375,698991649467923,698991649467973
"HIP_RUNTIME_API_EXT","hipLaunchKernel",4188971,4188971,376,698991649468364,698991649471480
"HIP_RUNTIME_API_EXT","hipGetLastError",4188971,4188971,377,698991649472011,698991649472041
"HIP_RUNTIME_API_EXT","hipSetDevice",4188971,4188971,378,698991649472402,698991649472442
"HIP_COMPILER_API_EXT","__hipPushCallConfiguration",4188971,4188971,379,698991649472712,698991649472762
"HIP_COMPILER_API_EXT","__hipPopCallConfiguration",4188971,4188971,380,698991649473053,698991649473093
"HIP_RUNTIME_API_EXT","hipLaunchKernel",4188971,4188971,381,698991649473494,698991649474987
"HIP_RUNTIME_API_EXT","hipGetLastError",4188971,4188971,382,698991649475327,698991649475357
"HIP_COMPILER_API_EXT","__hipPushCallConfiguration",4188971,4188971,383,698991649475768,698991649475818
"HIP_COMPILER_API_EXT","__hipPopCallConfiguration",4188971,4188971,384,698991649476129,698991649476179
"HIP_RUNTIME_API_EXT","hipLaunchKernel",4188971,4188971,385,698991649476740,698991649478583
"HIP_RUNTIME_API_EXT","hipGetLastError",4188971,4188971,386,698991649478984,698991649479014
"HIP_COMPILER_API_EXT","__hipPushCallConfiguration",4188971,4188971,387,698991649479395,698991649479435
"HIP_COMPILER_API_EXT","__hipPopCallConfiguration",4188971,4188971,388,698991649479766,698991649479806
"HIP_RUNTIME_API_EXT","hipLaunchKernel",4188971,4188971,389,698991649480186,698991649482230
"HIP_RUNTIME_API_EXT","hipGetLastError",4188971,4188971,390,698991649482591,698991649482621
"HIP_RUNTIME_API_EXT","hipSetDevice",4188971,4188971,391,698991649483002,698991649483042
"HIP_COMPILER_API_EXT","__hipPushCallConfiguration",4188971,4188971,392,698991649483322,698991649483362
"HIP_COMPILER_API_EXT","__hipPopCallConfiguration",4188971,4188971,393,698991649483663,698991649483703
"HIP_RUNTIME_API_EXT","hipLaunchKernel",4188971,4188971,394,698991649484054,698991649485607
"HIP_RUNTIME_API_EXT","hipGetLastError",4188971,4188971,395,698991649485937,698991649485977
"HIP_COMPILER_API_EXT","__hipPushCallConfiguration",4188971,4188971,396,698991649486288,698991649486328
"HIP_COMPILER_API_EXT","__hipPopCallConfiguration",4188971,4188971,397,698991649486669,698991649486709
"HIP_RUNTIME_API_EXT","hipLaunchKernel",4188971,4188971,398,698991649487761,698991649489724
"HIP_RUNTIME_API_EXT","hipGetLastError",4188971,4188971,399,698991649490165,698991649490195
"HIP_COMPILER_API_EXT","__hipPushCallConfiguration",4188971,4188971,400,698991649490536,698991649490586
"HIP_COMPILER_API_EXT","__hipPopCallConfiguration",4188971,4188971,401,698991649490917,698991649490957
"HIP_RUNTIME_API_EXT","hipLaunchKernel",4188971,4188971,402,698991649491347,698991649493421
"HIP_RUNTIME_API_EXT","hipGetLastError",4188971,4188971,403,698991649493842,698991649493872
"HIP_RUNTIME_API_EXT","hipSetDevice",4188971,4188971,404,698991649494203,698991649494243
"HIP_COMPILER_API_EXT","__hipPushCallConfiguration",4188971,4188971,405,698991649494513,698991649494563
"HIP_COMPILER_API_EXT","__hipPopCallConfiguration",4188971,4188971,406,698991649494864,698991649494914
"HIP_RUNTIME_API_EXT","hipLaunchKernel",4188971,4188971,407,698991649495395,698991649496938
"HIP_RUNTIME_API_EXT","hipGetLastError",4188971,4188971,408,698991649497299,698991649497329
"HIP_COMPILER_API_EXT","__hipPushCallConfiguration",4188971,4188971,409,698991649497649,698991649497699
"HIP_COMPILER_API_EXT","__hipPopCallConfiguration",4188971,4188971,410,698991649498020,698991649498070
"HIP_RUNTIME_API_EXT","hipLaunchKernel",4188971,4188971,411,698991649498411,698991649499773
"HIP_RUNTIME_API_EXT","hipGetLastError",4188971,4188971,412,698991649500114,698991649500144
"HIP_COMPILER_API_EXT","__hipPushCallConfiguration",4188971,4188971,413,698991649500435,698991649500485
"HIP_COMPILER_API_EXT","__hipPopCallConfiguration",4188971,4188971,414,698991649501456,698991649501507
"HIP_RUNTIME_API_EXT","hipLaunchKernel",4188971,4188971,415,698991649501907,698991649504091
"HIP_RUNTIME_API_EXT","hipGetLastError",4188971,4188971,416,698991649504452,698991649504482
"HIP_RUNTIME_API_EXT","hipSetDevice",4188971,4188971,417,698991649504773,698991649504813
"HIP_COMPILER_API_EXT","__hipPushCallConfiguration",4188971,4188971,418,698991649505083,698991649505133
"HIP_COMPILER_API_EXT","__hipPopCallConfiguration",4188971,4188971,419,698991649505424,698991649505474
"HIP_RUNTIME_API_EXT","hipLaunchKernel",4188971,4188971,420,698991649505815,698991649507358
"HIP_RUNTIME_API_EXT","hipGetLastError",4188971,4188971,421,698991649508430,698991649508460
"HIP_COMPILER_API_EXT","__hipPushCallConfiguration",4188971,4188971,422,698991649508750,698991649508790
"HIP_COMPILER_API_EXT","__hipPopCallConfiguration",4188971,4188971,423,698991649509151,698991649509191
"HIP_RUNTIME_API_EXT","hipLaunchKernel",4188971,4188971,424,698991649509542,698991649510934
"HIP_RUNTIME_API_EXT","hipGetLastError",4188971,4188971,425,698991649511265,698991649511295
"HIP_COMPILER_API_EXT","__hipPushCallConfiguration",4188971,4188971,426,698991649511626,698991649511666
"HIP_COMPILER_API_EXT","__hipPopCallConfiguration",4188971,4188971,427,698991649511976,698991649512016
"HIP_RUNTIME_API_EXT","hipLaunchKernel",4188971,4188971,428,698991649512367,698991649514351
"HIP_RUNTIME_API_EXT","hipGetLastError",4188971,4188971,429,698991649514681,698991649514711
"HIP_RUNTIME_API_EXT","hipSetDevice",4188971,4188971,430,698991649514982,698991649515022
"HIP_COMPILER_API_EXT","__hipPushCallConfiguration",4188971,4188971,431,698991649515673,698991649515723
"HIP_COMPILER_API_EXT","__hipPopCallConfiguration",4188971,4188971,432,698991649516014,698991649516054
"HIP_RUNTIME_API_EXT","hipLaunchKernel",4188971,4188971,433,698991649516405,698991649517817
"HIP_RUNTIME_API_EXT","hipGetLastError",4188971,4188971,434,698991649518138,698991649518168
"HIP_COMPILER_API_EXT","__hipPushCallConfiguration",4188971,4188971,435,698991649518498,698991649518539
"HIP_COMPILER_API_EXT","__hipPopCallConfiguration",4188971,4188971,436,698991649518839,698991649518889
"HIP_RUNTIME_API_EXT","hipLaunchKernel",4188971,4188971,437,698991649519230,698991649573302
"HIP_RUNTIME_API_EXT","hipGetLastError",4188971,4188971,438,698991649573692,698991649573722
"HIP_RUNTIME_API_EXT","hipSetDevice",4188971,4188971,439,698991649574093,698991649574133
"HIP_COMPILER_API_EXT","__hipPushCallConfiguration",4188971,4188971,440,698991649574444,698991649574494
"HIP_COMPILER_API_EXT","__hipPopCallConfiguration",4188971,4188971,441,698991649574865,698991649574905
"HIP_RUNTIME_API_EXT","hipLaunchKernel",4188971,4188971,442,698991649575275,698991649577820
"HIP_RUNTIME_API_EXT","hipGetLastError",4188971,4188971,443,698991649578271,698991649578311
"HIP_RUNTIME_API_EXT","hipSetDevice",4188971,4188971,444,698991649578662,698991649578712
"HIP_COMPILER_API_EXT","__hipPushCallConfiguration",4188971,4188971,445,698991649579634,698991649579674
"HIP_COMPILER_API_EXT","__hipPopCallConfiguration",4188971,4188971,446,698991649579984,698991649580024
"HIP_RUNTIME_API_EXT","hipLaunchKernel",4188971,4188971,447,698991649580415,698991649581898
"HIP_RUNTIME_API_EXT","hipGetLastError",4188971,4188971,448,698991649582238,698991649582268
"HIP_COMPILER_API_EXT","__hipPushCallConfiguration",4188971,4188971,449,698991649582669,698991649582709
"HIP_COMPILER_API_EXT","__hipPopCallConfiguration",4188971,4188971,450,698991649583050,698991649583090
"HIP_RUNTIME_API_EXT","hipLaunchKernel",4188971,4188971,451,698991649583461,698991649585154
"HIP_RUNTIME_API_EXT","hipGetLastError",4188971,4188971,452,698991649585545,698991649585575
"HIP_COMPILER_API_EXT","__hipPushCallConfiguration",4188971,4188971,453,698991649585915,698991649585965
"HIP_COMPILER_API_EXT","__hipPopCallConfiguration",4188971,4188971,454,698991649586276,698991649586326
"HIP_RUNTIME_API_EXT","hipLaunchKernel",4188971,4188971,455,698991649586727,698991649588109
"HIP_RUNTIME_API_EXT","hipGetLastError",4188971,4188971,456,698991649588440,698991649588470
"HIP_COMPILER_API_EXT","__hipPushCallConfiguration",4188971,4188971,457,698991649588771,698991649588811
"HIP_COMPILER_API_EXT","__hipPopCallConfiguration",4188971,4188971,458,698991649589141,698991649589191
"HIP_RUNTIME_API_EXT","hipLaunchKernel",4188971,4188971,459,698991649589542,698991649591376
"HIP_RUNTIME_API_EXT","hipGetLastError",4188971,4188971,460,698991649591736,698991649591766
"HIP_COMPILER_API_EXT","__hipPushCallConfiguration",4188971,4188971,461,698991649592287,698991649592327
"HIP_COMPILER_API_EXT","__hipPopCallConfiguration",4188971,4188971,462,698991649592628,698991649592678
"HIP_RUNTIME_API_EXT","hipLaunchKernel",4188971,4188971,463,698991649593029,698991649594862
"HIP_RUNTIME_API_EXT","hipGetLastError",4188971,4188971,464,698991649595243,698991649595273
"HIP_RUNTIME_API_EXT","hipSetDevice",4188971,4188971,465,698991649595543,698991649595594
"HIP_COMPILER_API_EXT","__hipPushCallConfiguration",4188971,4188971,466,698991649595864,698991649595904
"HIP_COMPILER_API_EXT","__hipPopCallConfiguration",4188971,4188971,467,698991649596195,698991649596245
"HIP_RUNTIME_API_EXT","hipLaunchKernel",4188971,4188971,468,698991649597086,698991649598639
"HIP_RUNTIME_API_EXT","hipGetLastError",4188971,4188971,469,698991649598960,698991649598990
"HIP_COMPILER_API_EXT","__hipPushCallConfiguration",4188971,4188971,470,698991649599270,698991649599321
"HIP_COMPILER_API_EXT","__hipPopCallConfiguration",4188971,4188971,471,698991649600232,698991649600282
"HIP_RUNTIME_API_EXT","hipLaunchKernel",4188971,4188971,472,698991649600643,698991649602206
"HIP_RUNTIME_API_EXT","hipGetLastError",4188971,4188971,473,698991649602537,698991649602567
"HIP_COMPILER_API_EXT","__hipPushCallConfiguration",4188971,4188971,474,698991649602857,698991649602907
"HIP_COMPILER_API_EXT","__hipPopCallConfiguration",4188971,4188971,475,698991649603228,698991649603278
"HIP_RUNTIME_API_EXT","hipLaunchKernel",4188971,4188971,476,698991649603619,698991649606023
"HIP_RUNTIME_API_EXT","hipGetLastError",4188971,4188971,477,698991649606374,698991649606404
"HIP_RUNTIME_API_EXT","hipSetDevice",4188971,4188971,478,698991649606674,698991649606714
"HIP_COMPILER_API_EXT","__hipPushCallConfiguration",4188971,4188971,479,698991649607075,698991649607115
"HIP_COMPILER_API_EXT","__hipPopCallConfiguration",4188971,4188971,480,698991649607406,698991649607456
"HIP_RUNTIME_API_EXT","hipLaunchKernel",4188971,4188971,481,698991649607817,698991649609189
"HIP_RUNTIME_API_EXT","hipGetLastError",4188971,4188971,482,698991649609510,698991649609540
"HIP_COMPILER_API_EXT","__hipPushCallConfiguration",4188971,4188971,483,698991649610261,698991649610301
"HIP_COMPILER_API_EXT","__hipPopCallConfiguration",4188971,4188971,484,698991649610592,698991649610642
"HIP_RUNTIME_API_EXT","hipLaunchKernel",4188971,4188971,485,698991649610992,698991649664834
"HIP_RUNTIME_API_EXT","hipGetLastError",4188971,4188971,486,698991649665225,698991649665255
"HIP_COMPILER_API_EXT","__hipPushCallConfiguration",4188971,4188971,487,698991649665555,698991649665595
"HIP_COMPILER_API_EXT","__hipPopCallConfiguration",4188971,4188971,488,698991649665886,698991649665936
"HIP_RUNTIME_API_EXT","hipLaunchKernel",4188971,4188971,489,698991649666277,698991649676135
"HIP_RUNTIME_API_EXT","hipGetLastError",4188971,4188971,490,698991649676476,698991649676506
"HIP_RUNTIME_API_EXT","hipSetDevice",4188971,4188971,491,698991649677427,698991649677468
"HIP_COMPILER_API_EXT","__hipPushCallConfiguration",4188971,4188971,492,698991649677748,698991649677788
"HIP_COMPILER_API_EXT","__hipPopCallConfiguration",4188971,4188971,493,698991649678109,698991649678149
"HIP_RUNTIME_API_EXT","hipLaunchKernel",4188971,4188971,494,698991649678510,698991649679912
"HIP_RUNTIME_API_EXT","hipGetLastError",4188971,4188971,495,698991649680273,698991649680303
"HIP_COMPILER_API_EXT","__hipPushCallConfiguration",4188971,4188971,496,698991649680603,698991649680654
"HIP_COMPILER_API_EXT","__hipPopCallConfiguration",4188971,4188971,497,698991649680964,698991649681004
"HIP_RUNTIME_API_EXT","hipLaunchKernel",4188971,4188971,498,698991649681355,698991649682717
"HIP_RUNTIME_API_EXT","hipGetLastError",4188971,4188971,499,698991649683038,698991649683068
"HIP_COMPILER_API_EXT","__hipPushCallConfiguration",4188971,4188971,500,698991649683349,698991649683399
"HIP_COMPILER_API_EXT","__hipPopCallConfiguration",4188971,4188971,501,698991649683699,698991649683749
"HIP_RUNTIME_API_EXT","hipLaunchKernel",4188971,4188971,502,698991649684110,698991649685603
"HIP_RUNTIME_API_EXT","hipGetLastError",4188971,4188971,503,698991649685923,698991649685954
"HIP_RUNTIME_API_EXT","hipSetDevice",4188971,4188971,504,698991649686224,698991649686264
"HIP_COMPILER_API_EXT","__hipPushCallConfiguration",4188971,4188971,505,698991649686545,698991649686585
"HIP_COMPILER_API_EXT","__hipPopCallConfiguration",4188971,4188971,506,698991649686885,698991649686925
"HIP_RUNTIME_API_EXT","hipLaunchKernel",4188971,4188971,507,698991649687496,698991649689500
"HIP_RUNTIME_API_EXT","hipGetLastError",4188971,4188971,508,698991649689861,698991649689911
"HIP_COMPILER_API_EXT","__hipPushCallConfiguration",4188971,4188971,509,698991649690212,698991649690262
"HIP_COMPILER_API_EXT","__hipPopCallConfiguration",4188971,4188971,510,698991649690552,698991649690602
"HIP_RUNTIME_API_EXT","hipLaunchKernel",4188971,4188971,511,698991649690943,698991649744804
"HIP_RUNTIME_API_EXT","hipGetLastError",4188971,4188971,512,698991649745185,698991649745215
"HIP_COMPILER_API_EXT","__hipPushCallConfiguration",4188971,4188971,513,698991649745716,698991649745766
"HIP_COMPILER_API_EXT","__hipPopCallConfiguration",4188971,4188971,514,698991649746588,698991649746638
"HIP_RUNTIME_API_EXT","hipLaunchKernel",4188971,4188971,515,698991649746988,698991649800449
"HIP_RUNTIME_API_EXT","hipGetLastError",4188971,4188971,516,698991649800800,698991649800830
"HIP_RUNTIME_API_EXT","hipSetDevice",4188971,4188971,517,698991649801110,698991649801150
"HIP_COMPILER_API_EXT","__hipPushCallConfiguration",4188971,4188971,518,698991649801431,698991649801471
"HIP_COMPILER_API_EXT","__hipPopCallConfiguration",4188971,4188971,519,698991649801771,698991649801821
"HIP_RUNTIME_API_EXT","hipLaunchKernel",4188971,4188971,520,698991649802192,698991649856424
"HIP_RUNTIME_API_EXT","hipGetLastError",4188971,4188971,521,698991649856835,698991649856865
"HIP_COMPILER_API_EXT","__hipPushCallConfiguration",4188971,4188971,522,698991649857156,698991649857206
"HIP_COMPILER_API_EXT","__hipPopCallConfiguration",4188971,4188971,523,698991649857496,698991649857536
"HIP_RUNTIME_API_EXT","hipLaunchKernel",4188971,4188971,524,698991649857887,698991649859370
"HIP_RUNTIME_API_EXT","hipGetLastError",4188971,4188971,525,698991649859700,698991649859730
"HIP_COMPILER_API_EXT","__hipPushCallConfiguration",4188971,4188971,526,698991649860021,698991649860061
"HIP_COMPILER_API_EXT","__hipPopCallConfiguration",4188971,4188971,527,698991649860362,698991649860412
"HIP_RUNTIME_API_EXT","hipLaunchKernel",4188971,4188971,528,698991649860782,698991649914503
"HIP_RUNTIME_API_EXT","hipGetLastError",4188971,4188971,529,698991649914874,698991649914904
"HIP_RUNTIME_API_EXT","hipSetDevice",4188971,4188971,530,698991649915215,698991649915255
"HIP_COMPILER_API_EXT","__hipPushCallConfiguration",4188971,4188971,531,698991649915535,698991649915586
"HIP_COMPILER_API_EXT","__hipPopCallConfiguration",4188971,4188971,532,698991649915886,698991649915926
"HIP_RUNTIME_API_EXT","hipLaunchKernel",4188971,4188971,533,698991649916267,698991649917720
"HIP_RUNTIME_API_EXT","hipGetLastError",4188971,4188971,534,698991649918130,698991649918160
"HIP_COMPILER_API_EXT","__hipPushCallConfiguration",4188971,4188971,535,698991649918441,698991649918491
"HIP_COMPILER_API_EXT","__hipPopCallConfiguration",4188971,4188971,536,698991649918792,698991649918832
"HIP_RUNTIME_API_EXT","hipLaunchKernel",4188971,4188971,537,698991649919182,698991649920775
"HIP_RUNTIME_API_EXT","hipGetLastError",4188971,4188971,538,698991649921687,698991649921717
"HIP_COMPILER_API_EXT","__hipPushCallConfiguration",4188971,4188971,539,698991649922008,698991649922048
"HIP_COMPILER_API_EXT","__hipPopCallConfiguration",4188971,4188971,540,698991649922358,698991649922398
"HIP_RUNTIME_API_EXT","hipLaunchKernel",4188971,4188971,541,698991649922759,698991649929161
"HIP_RUNTIME_API_EXT","hipGetLastError",4188971,4188971,542,698991649929512,698991649929542
"HIP_RUNTIME_API_EXT","hipSetDevice",4188971,4188971,543,698991649929862,698991649929902
"HIP_COMPILER_API_EXT","__hipPushCallConfiguration",4188971,4188971,544,698991649930193,698991649930243
"HIP_COMPILER_API_EXT","__hipPopCallConfiguration",4188971,4188971,545,698991649930534,698991649930584
"HIP_RUNTIME_API_EXT","hipLaunchKernel",4188971,4188971,546,698991649930954,698991649932437
"HIP_RUNTIME_API_EXT","hipGetLastError",4188971,4188971,547,698991649932818,698991649932848
"HIP_COMPILER_API_EXT","__hipPushCallConfiguration",4188971,4188971,548,698991649933169,698991649933219
"HIP_COMPILER_API_EXT","__hipPopCallConfiguration",4188971,4188971,549,698991649933559,698991649933599
"HIP_RUNTIME_API_EXT","hipLaunchKernel",4188971,4188971,550,698991649934070,698991649935563
"HIP_RUNTIME_API_EXT","hipGetLastError",4188971,4188971,551,698991649935944,698991649935974
"HIP_COMPILER_API_EXT","__hipPushCallConfiguration",4188971,4188971,552,698991649936264,698991649936315
"HIP_COMPILER_API_EXT","__hipPopCallConfiguration",4188971,4188971,553,698991649936615,698991649936655
"HIP_RUNTIME_API_EXT","hipLaunchKernel",4188971,4188971,554,698991649937016,698991649938469
"HIP_RUNTIME_API_EXT","hipGetLastError",4188971,4188971,555,698991649938789,698991649938819
"HIP_RUNTIME_API_EXT","hipSetDevice",4188971,4188971,556,698991649939110,698991649939150
"HIP_COMPILER_API_EXT","__hipPushCallConfiguration",4188971,4188971,557,698991649939440,698991649939480
"HIP_COMPILER_API_EXT","__hipPopCallConfiguration",4188971,4188971,558,698991649939771,698991649939821
"HIP_RUNTIME_API_EXT","hipLaunchKernel",4188971,4188971,559,698991649940212,698991649942346
"HIP_RUNTIME_API_EXT","hipGetLastError",4188971,4188971,560,698991649942666,698991649942697
"HIP_COMPILER_API_EXT","__hipPushCallConfiguration",4188971,4188971,561,698991649943558,698991649943598
"HIP_COMPILER_API_EXT","__hipPopCallConfiguration",4188971,4188971,562,698991649943899,698991649943949
"HIP_RUNTIME_API_EXT","hipLaunchKernel",4188971,4188971,563,698991649944340,698991649945792
"HIP_RUNTIME_API_EXT","hipGetLastError",4188971,4188971,564,698991649946143,698991649946173
"HIP_COMPILER_API_EXT","__hipPushCallConfiguration",4188971,4188971,565,698991649946454,698991649946504
"HIP_COMPILER_API_EXT","__hipPopCallConfiguration",4188971,4188971,566,698991649946824,698991649946874
"HIP_RUNTIME_API_EXT","hipLaunchKernel",4188971,4188971,567,698991649947255,698991650001627
"HIP_RUNTIME_API_EXT","hipGetLastError",4188971,4188971,568,698991650002218,698991650002269
"HIP_RUNTIME_API_EXT","hipSetDevice",4188971,4188971,569,698991650002729,698991650002790
"HIP_COMPILER_API_EXT","__hipPushCallConfiguration",4188971,4188971,570,698991650003190,698991650003240
"HIP_COMPILER_API_EXT","__hipPopCallConfiguration",4188971,4188971,571,698991650003621,698991650003671
"HIP_RUNTIME_API_EXT","hipLaunchKernel",4188971,4188971,572,698991650004112,698991650006066
"HIP_RUNTIME_API_EXT","hipGetLastError",4188971,4188971,573,698991650006406,698991650006436
"HIP_COMPILER_API_EXT","__hipPushCallConfiguration",4188971,4188971,574,698991650006737,698991650006787
"HIP_COMPILER_API_EXT","__hipPopCallConfiguration",4188971,4188971,575,698991650007088,698991650007138
"HIP_RUNTIME_API_EXT","hipLaunchKernel",4188971,4188971,576,698991650007569,698991650008901
"HIP_RUNTIME_API_EXT","hipGetLastError",4188971,4188971,577,698991650011326,698991650011356
"HIP_RUNTIME_API_EXT","hipSetDevice",4188971,4188971,578,698991650011656,698991650011706
"HIP_COMPILER_API_EXT","__hipPushCallConfiguration",4188971,4188971,579,698991650012057,698991650012107
"HIP_COMPILER_API_EXT","__hipPopCallConfiguration",4188971,4188971,580,698991650012408,698991650012458
"HIP_RUNTIME_API_EXT","hipLaunchKernel",4188971,4188971,581,698991650012919,698991650015654
"HIP_RUNTIME_API_EXT","hipGetLastError",4188971,4188971,582,698991650016065,698991650016095
"HIP_RUNTIME_API_EXT","hipSetDevice",4188971,4188971,583,698991650016365,698991650016415
"HIP_COMPILER_API_EXT","__hipPushCallConfiguration",4188971,4188971,584,698991650017207,698991650017257
"HIP_COMPILER_API_EXT","__hipPopCallConfiguration",4188971,4188971,585,698991650017567,698991650017607
"HIP_RUNTIME_API_EXT","hipLaunchKernel",4188971,4188971,586,698991650018038,698991650019641
"HIP_RUNTIME_API_EXT","hipGetLastError",4188971,4188971,587,698991650019972,698991650020002
"HIP_COMPILER_API_EXT","__hipPushCallConfiguration",4188971,4188971,588,698991650020292,698991650020333
"HIP_COMPILER_API_EXT","__hipPopCallConfiguration",4188971,4188971,589,698991650020663,698991650020703
"HIP_RUNTIME_API_EXT","hipLaunchKernel",4188971,4188971,590,698991650021134,698991650022577
"HIP_RUNTIME_API_EXT","hipGetLastError",4188971,4188971,591,698991650022917,698991650022947
"HIP_COMPILER_API_EXT","__hipPushCallConfiguration",4188971,4188971,592,698991650023248,698991650023298
"HIP_COMPILER_API_EXT","__hipPopCallConfiguration",4188971,4188971,593,698991650023979,698991650024030
"HIP_RUNTIME_API_EXT","hipLaunchKernel",4188971,4188971,594,698991650024480,698991650026103
"HIP_RUNTIME_API_EXT","hipGetLastError",4188971,4188971,595,698991650026554,698991650026594
"HIP_COMPILER_API_EXT","__hipPushCallConfiguration",4188971,4188971,596,698991650026865,698991650026915
"HIP_COMPILER_API_EXT","__hipPopCallConfiguration",4188971,4188971,597,698991650027216,698991650027256
"HIP_RUNTIME_API_EXT","hipLaunchKernel",4188971,4188971,598,698991650027666,698991650029570
"HIP_RUNTIME_API_EXT","hipGetLastError",4188971,4188971,599,698991650029901,698991650029931
"HIP_COMPILER_API_EXT","__hipPushCallConfiguration",4188971,4188971,600,698991650030281,698991650030331
"HIP_COMPILER_API_EXT","__hipPopCallConfiguration",4188971,4188971,601,698991650030892,698991650030933
"HIP_RUNTIME_API_EXT","hipLaunchKernel",4188971,4188971,602,698991650031423,698991650032816
"HIP_RUNTIME_API_EXT","hipGetLastError",4188971,4188971,603,698991650033187,698991650033217
"HIP_RUNTIME_API_EXT","hipSetDevice",4188971,4188971,604,698991650033477,698991650033527
"HIP_COMPILER_API_EXT","__hipPushCallConfiguration",4188971,4188971,605,698991650033798,698991650033848
"HIP_COMPILER_API_EXT","__hipPopCallConfiguration",4188971,4188971,606,698991650034159,698991650034199
"HIP_RUNTIME_API_EXT","hipLaunchKernel",4188971,4188971,607,698991650034660,698991650036283
"HIP_RUNTIME_API_EXT","hipGetLastError",4188971,4188971,608,698991650037565,698991650037595
"HIP_COMPILER_API_EXT","__hipPushCallConfiguration",4188971,4188971,609,698991650037876,698991650037916
"HIP_COMPILER_API_EXT","__hipPopCallConfiguration",4188971,4188971,610,698991650038216,698991650038266
"HIP_RUNTIME_API_EXT","hipLaunchKernel",4188971,4188971,611,698991650038677,698991650041182
"HIP_RUNTIME_API_EXT","hipGetLastError",4188971,4188971,612,698991650041573,698991650041603
"HIP_COMPILER_API_EXT","__hipPushCallConfiguration",4188971,4188971,613,698991650041883,698991650041923
"HIP_COMPILER_API_EXT","__hipPopCallConfiguration",4188971,4188971,614,698991650042224,698991650042274
"HIP_RUNTIME_API_EXT","hipLaunchKernel",4188971,4188971,615,698991650042695,698991650044147
"HIP_RUNTIME_API_EXT","hipGetLastError",4188971,4188971,616,698991650044498,698991650044528
"HIP_RUNTIME_API_EXT","hipSetDevice",4188971,4188971,617,698991650044799,698991650044839
"HIP_COMPILER_API_EXT","__hipPushCallConfiguration",4188971,4188971,618,698991650045119,698991650045159
"HIP_COMPILER_API_EXT","__hipPopCallConfiguration",4188971,4188971,619,698991650045450,698991650045500
"HIP_RUNTIME_API_EXT","hipLaunchKernel",4188971,4188971,620,698991650045891,698991650047414
"HIP_RUNTIME_API_EXT","hipGetLastError",4188971,4188971,621,698991650047714,698991650047744
"HIP_COMPILER_API_EXT","__hipPushCallConfiguration",4188971,4188971,622,698991650048025,698991650048075
"HIP_COMPILER_API_EXT","__hipPopCallConfiguration",4188971,4188971,623,698991650048435,698991650048486
"HIP_RUNTIME_API_EXT","hipLaunchKernel",4188971,4188971,624,698991650048986,698991650051271
"HIP_RUNTIME_API_EXT","hipGetLastError",4188971,4188971,625,698991650051651,698991650051692
"HIP_COMPILER_API_EXT","__hipPushCallConfiguration",4188971,4188971,626,698991650051972,698991650052012
"HIP_COMPILER_API_EXT","__hipPopCallConfiguration",4188971,4188971,627,698991650052323,698991650052373
"HIP_RUNTIME_API_EXT","hipLaunchKernel",4188971,4188971,628,698991650052814,698991650054337
"HIP_RUNTIME_API_EXT","hipGetLastError",4188971,4188971,629,698991650054657,698991650054687
"HIP_RUNTIME_API_EXT","hipSetDevice",4188971,4188971,630,698991650054968,698991650055008
"HIP_COMPILER_API_EXT","__hipPushCallConfiguration",4188971,4188971,631,698991650056060,698991650056110
"HIP_COMPILER_API_EXT","__hipPopCallConfiguration",4188971,4188971,632,698991650056420,698991650056461
"HIP_RUNTIME_API_EXT","hipLaunchKernel",4188971,4188971,633,698991650056841,698991650058414
"HIP_RUNTIME_API_EXT","hipGetLastError",4188971,4188971,634,698991650058745,698991650058775
"HIP_COMPILER_API_EXT","__hipPushCallConfiguration",4188971,4188971,635,698991650059055,698991650059106
"HIP_COMPILER_API_EXT","__hipPopCallConfiguration",4188971,4188971,636,698991650059406,698991650059456
"HIP_RUNTIME_API_EXT","hipLaunchKernel",4188971,4188971,637,698991650059827,698991650061670
"HIP_RUNTIME_API_EXT","hipGetLastError",4188971,4188971,638,698991650061991,698991650062021
"HIP_COMPILER_API_EXT","__hipPushCallConfiguration",4188971,4188971,639,698991650062302,698991650062342
"HIP_COMPILER_API_EXT","__hipPopCallConfiguration",4188971,4188971,640,698991650062672,698991650062722
"HIP_RUNTIME_API_EXT","hipLaunchKernel",4188971,4188971,641,698991650063133,698991650116544
"HIP_RUNTIME_API_EXT","hipGetLastError",4188971,4188971,642,698991650116934,698991650116964
"HIP_RUNTIME_API_EXT","hipSetDevice",4188971,4188971,643,698991650117235,698991650117285
"HIP_COMPILER_API_EXT","__hipPushCallConfiguration",4188971,4188971,644,698991650117565,698991650117606
"HIP_COMPILER_API_EXT","__hipPopCallConfiguration",4188971,4188971,645,698991650117906,698991650117946
"HIP_RUNTIME_API_EXT","hipLaunchKernel",4188971,4188971,646,698991650118337,698991650119770
"HIP_RUNTIME_API_EXT","hipGetLastError",4188971,4188971,647,698991650120080,698991650120110
"HIP_COMPILER_API_EXT","__hipPushCallConfiguration",4188971,4188971,648,698991650120411,698991650120451
"HIP_COMPILER_API_EXT","__hipPopCallConfiguration",4188971,4188971,649,698991650120741,698991650120792
"HIP_RUNTIME_API_EXT","hipLaunchKernel",4188971,4188971,650,698991650121172,698991650123106
"HIP_RUNTIME_API_EXT","hipGetLastError",4188971,4188971,651,698991650123477,698991650123507
"HIP_COMPILER_API_EXT","__hipPushCallConfiguration",4188971,4188971,652,698991650123787,698991650123837
"HIP_COMPILER_API_EXT","__hipPopCallConfiguration",4188971,4188971,653,698991650124138,698991650124178
"HIP_RUNTIME_API_EXT","hipLaunchKernel",4188971,4188971,654,698991650125370,698991650178530
"HIP_RUNTIME_API_EXT","hipGetLastError",4188971,4188971,655,698991650178911,698991650178941
"HIP_RUNTIME_API_EXT","hipSetDevice",4188971,4188971,656,698991650179221,698991650179262
"HIP_COMPILER_API_EXT","__hipPushCallConfiguration",4188971,4188971,657,698991650179542,698991650179592
"HIP_COMPILER_API_EXT","__hipPopCallConfiguration",4188971,4188971,658,698991650179883,698991650179923
"HIP_RUNTIME_API_EXT","hipLaunchKernel",4188971,4188971,659,698991650180283,698991650181736
"HIP_RUNTIME_API_EXT","hipGetLastError",4188971,4188971,660,698991650182047,698991650182077
"HIP_COMPILER_API_EXT","__hipPushCallConfiguration",4188971,4188971,661,698991650182387,698991650182438
"HIP_COMPILER_API_EXT","__hipPopCallConfiguration",4188971,4188971,662,698991650182738,698991650182788
"HIP_RUNTIME_API_EXT","hipLaunchKernel",4188971,4188971,663,698991650183149,698991650184582
"HIP_RUNTIME_API_EXT","hipGetLastError",4188971,4188971,664,698991650184902,698991650184932
"HIP_COMPILER_API_EXT","__hipPushCallConfiguration",4188971,4188971,665,698991650185253,698991650185293
"HIP_COMPILER_API_EXT","__hipPopCallConfiguration",4188971,4188971,666,698991650185724,698991650185764
"HIP_RUNTIME_API_EXT","hipLaunchKernel",4188971,4188971,667,698991650186245,698991650188198
"HIP_RUNTIME_API_EXT","hipGetLastError",4188971,4188971,668,698991650188519,698991650188549
"HIP_RUNTIME_API_EXT","hipSetDevice",4188971,4188971,669,698991650188840,698991650188880
"HIP_COMPILER_API_EXT","__hipPushCallConfiguration",4188971,4188971,670,698991650189180,698991650189220
"HIP_COMPILER_API_EXT","__hipPopCallConfiguration",4188971,4188971,671,698991650189571,698991650189621
"HIP_RUNTIME_API_EXT","hipLaunchKernel",4188971,4188971,672,698991650190162,698991650191795
"HIP_RUNTIME_API_EXT","hipGetLastError",4188971,4188971,673,698991650192156,698991650192186
"HIP_COMPILER_API_EXT","__hipPushCallConfiguration",4188971,4188971,674,698991650192466,698991650192506
"HIP_COMPILER_API_EXT","__hipPopCallConfiguration",4188971,4188971,675,698991650192807,698991650192857
"HIP_RUNTIME_API_EXT","hipLaunchKernel",4188971,4188971,676,698991650193238,698991650246919
"HIP_RUNTIME_API_EXT","hipGetLastError",4188971,4188971,677,698991650247831,698991650247861
"HIP_COMPILER_API_EXT","__hipPushCallConfiguration",4188971,4188971,678,698991650248141,698991650248191
"HIP_COMPILER_API_EXT","__hipPopCallConfiguration",4188971,4188971,679,698991650248482,698991650248522
"HIP_RUNTIME_API_EXT","hipLaunchKernel",4188971,4188971,680,698991650248933,698991650250315
"HIP_RUNTIME_API_EXT","hipGetLastError",4188971,4188971,681,698991650250636,698991650250666
"HIP_RUNTIME_API_EXT","hipSetDevice",4188971,4188971,682,698991650250946,698991650250986
"HIP_COMPILER_API_EXT","__hipPushCallConfiguration",4188971,4188971,683,698991650251277,698991650251327
"HIP_COMPILER_API_EXT","__hipPopCallConfiguration",4188971,4188971,684,698991650251618,698991650251658
"HIP_RUNTIME_API_EXT","hipLaunchKernel",4188971,4188971,685,698991650252008,698991650254082
"HIP_RUNTIME_API_EXT","hipGetLastError",4188971,4188971,686,698991650254403,698991650254433
"HIP_COMPILER_API_EXT","__hipPushCallConfiguration",4188971,4188971,687,698991650254754,698991650254804
"HIP_COMPILER_API_EXT","__hipPopCallConfiguration",4188971,4188971,688,698991650255094,698991650255144
"HIP_RUNTIME_API_EXT","hipLaunchKernel",4188971,4188971,689,698991650255505,698991650256797
"HIP_RUNTIME_API_EXT","hipGetLastError",4188971,4188971,690,698991650257118,698991650257148
"HIP_COMPILER_API_EXT","__hipPushCallConfiguration",4188971,4188971,691,698991650257439,698991650257489
"HIP_COMPILER_API_EXT","__hipPopCallConfiguration",4188971,4188971,692,698991650257809,698991650257849
"HIP_RUNTIME_API_EXT","hipLaunchKernel",4188971,4188971,693,698991650258210,698991650259573
"HIP_RUNTIME_API_EXT","hipGetLastError",4188971,4188971,694,698991650259883,698991650259913
"HIP_RUNTIME_API_EXT","hipSetDevice",4188971,4188971,695,698991650260675,698991650260715
"HIP_COMPILER_API_EXT","__hipPushCallConfiguration",4188971,4188971,696,698991650261015,698991650261065
"HIP_COMPILER_API_EXT","__hipPopCallConfiguration",4188971,4188971,697,698991650261356,698991650261396
"HIP_RUNTIME_API_EXT","hipLaunchKernel",4188971,4188971,698,698991650261807,698991650263600
"HIP_RUNTIME_API_EXT","hipGetLastError",4188971,4188971,699,698991650263941,698991650263981
"HIP_COMPILER_API_EXT","__hipPushCallConfiguration",4188971,4188971,700,698991650264312,698991650264352
"HIP_COMPILER_API_EXT","__hipPopCallConfiguration",4188971,4188971,701,698991650267678,698991650267728
"HIP_RUNTIME_API_EXT","hipLaunchKernel",4188971,4188971,702,698991650392102,698991650395378
"HIP_RUNTIME_API_EXT","hipGetLastError",4188971,4188971,703,698991650395869,698991650395899
"HIP_COMPILER_API_EXT","__hipPushCallConfiguration",4188971,4188971,704,698991650396170,698991650396220
"HIP_COMPILER_API_EXT","__hipPopCallConfiguration",4188971,4188971,705,698991650396600,698991650396651
"HIP_RUNTIME_API_EXT","hipLaunchKernel",4188971,4188971,706,698991650397031,698991650398584
"HIP_RUNTIME_API_EXT","hipGetLastError",4188971,4188971,707,698991650398925,698991650398955
"HIP_RUNTIME_API_EXT","hipSetDevice",4188971,4188971,708,698991650399245,698991650399295
"HIP_COMPILER_API_EXT","__hipPushCallConfiguration",4188971,4188971,709,698991650399566,698991650399616
"HIP_COMPILER_API_EXT","__hipPopCallConfiguration",4188971,4188971,710,698991650399907,698991650399957
"HIP_RUNTIME_API_EXT","hipLaunchKernel",4188971,4188971,711,698991650400317,698991650401730
"HIP_RUNTIME_API_EXT","hipGetLastError",4188971,4188971,712,698991650402051,698991650402081
"HIP_COMPILER_API_EXT","__hipPushCallConfiguration",4188971,4188971,713,698991650402361,698991650402401
"HIP_COMPILER_API_EXT","__hipPopCallConfiguration",4188971,4188971,714,698991650402702,698991650402752
"HIP_RUNTIME_API_EXT","hipLaunchKernel",4188971,4188971,715,698991650403103,698991650404465
"HIP_RUNTIME_API_EXT","hipGetLastError",4188971,4188971,716,698991650404796,698991650404826
"HIP_RUNTIME_API_EXT","hipSetDevice",4188971,4188971,717,698991650405106,698991650405147
"HIP_COMPILER_API_EXT","__hipPushCallConfiguration",4188971,4188971,718,698991650405447,698991650405497
"HIP_COMPILER_API_EXT","__hipPopCallConfiguration",4188971,4188971,719,698991650405828,698991650405868
"HIP_RUNTIME_API_EXT","hipLaunchKernel",4188971,4188971,720,698991650406239,698991650407781
"HIP_RUNTIME_API_EXT","hipGetLastError",4188971,4188971,721,698991650408172,698991650408202
"HIP_RUNTIME_API_EXT","hipSetDevice",4188971,4188971,722,698991650408473,698991650408513
"HIP_COMPILER_API_EXT","__hipPushCallConfiguration",4188971,4188971,723,698991650408793,698991650408833
"HIP_COMPILER_API_EXT","__hipPopCallConfiguration",4188971,4188971,724,698991650409134,698991650409184
"HIP_RUNTIME_API_EXT","hipLaunchKernel",4188971,4188971,725,698991650409545,698991650411048
"HIP_RUNTIME_API_EXT","hipGetLastError",4188971,4188971,726,698991650411438,698991650411468
"HIP_COMPILER_API_EXT","__hipPushCallConfiguration",4188971,4188971,727,698991650411749,698991650411799
"HIP_COMPILER_API_EXT","__hipPopCallConfiguration",4188971,4188971,728,698991650412100,698991650412150
"HIP_RUNTIME_API_EXT","hipLaunchKernel",4188971,4188971,729,698991650412510,698991650414374
"HIP_RUNTIME_API_EXT","hipGetLastError",4188971,4188971,730,698991650414825,698991650414855
"HIP_COMPILER_API_EXT","__hipPushCallConfiguration",4188971,4188971,731,698991650415135,698991650415175
"HIP_COMPILER_API_EXT","__hipPopCallConfiguration",4188971,4188971,732,698991650415476,698991650415516
"HIP_RUNTIME_API_EXT","hipLaunchKernel",4188971,4188971,733,698991650415867,698991650417229
"HIP_RUNTIME_API_EXT","hipGetLastError",4188971,4188971,734,698991650417550,698991650417590
"HIP_COMPILER_API_EXT","__hipPushCallConfiguration",4188971,4188971,735,698991650417860,698991650417911
"HIP_COMPILER_API_EXT","__hipPopCallConfiguration",4188971,4188971,736,698991650418221,698991650418261
"HIP_RUNTIME_API_EXT","hipLaunchKernel",4188971,4188971,737,698991650418602,698991650420055
"HIP_RUNTIME_API_EXT","hipGetLastError",4188971,4188971,738,698991650420405,698991650420435
"HIP_COMPILER_API_EXT","__hipPushCallConfiguration",4188971,4188971,739,698991650420736,698991650420786
"HIP_COMPILER_API_EXT","__hipPopCallConfiguration",4188971,4188971,740,698991650421076,698991650421127
"HIP_RUNTIME_API_EXT","hipLaunchKernel",4188971,4188971,741,698991650421467,698991650422800
"HIP_RUNTIME_API_EXT","hipGetLastError",4188971,4188971,742,698991650423210,698991650423241
"HIP_RUNTIME_API_EXT","hipSetDevice",4188971,4188971,743,698991650423521,698991650423561
"HIP_COMPILER_API_EXT","__hipPushCallConfiguration",4188971,4188971,744,698991650423832,698991650423882
"HIP_COMPILER_API_EXT","__hipPopCallConfiguration",4188971,4188971,745,698991650424172,698991650424222
"HIP_RUNTIME_API_EXT","hipLaunchKernel",4188971,4188971,746,698991650424583,698991650426687
"HIP_RUNTIME_API_EXT","hipGetLastError",4188971,4188971,747,698991650427008,698991650427038
"HIP_COMPILER_API_EXT","__hipPushCallConfiguration",4188971,4188971,748,698991650427318,698991650427368
"HIP_COMPILER_API_EXT","__hipPopCallConfiguration",4188971,4188971,749,698991650427659,698991650427709
"HIP_RUNTIME_API_EXT","hipLaunchKernel",4188971,4188971,750,698991650428060,698991650429422
"HIP_RUNTIME_API_EXT","hipGetLastError",4188971,4188971,751,698991650429773,698991650429803
"HIP_COMPILER_API_EXT","__hipPushCallConfiguration",4188971,4188971,752,698991650430073,698991650430123
"HIP_COMPILER_API_EXT","__hipPopCallConfiguration",4188971,4188971,753,698991650430414,698991650430464
"HIP_RUNTIME_API_EXT","hipLaunchKernel",4188971,4188971,754,698991650430815,698991650432728
"HIP_RUNTIME_API_EXT","hipGetLastError",4188971,4188971,755,698991650433049,698991650433079
"HIP_RUNTIME_API_EXT","hipSetDevice",4188971,4188971,756,698991650433350,698991650433390
"HIP_COMPILER_API_EXT","__hipPushCallConfiguration",4188971,4188971,757,698991650433660,698991650433710
"HIP_COMPILER_API_EXT","__hipPopCallConfiguration",4188971,4188971,758,698991650434001,698991650434041
"HIP_RUNTIME_API_EXT","hipLaunchKernel",4188971,4188971,759,698991650434402,698991650435864
"HIP_RUNTIME_API_EXT","hipGetLastError",4188971,4188971,760,698991650436175,698991650436205
"HIP_COMPILER_API_EXT","__hipPushCallConfiguration",4188971,4188971,761,698991650436485,698991650436526
"HIP_COMPILER_API_EXT","__hipPopCallConfiguration",4188971,4188971,762,698991650436836,698991650436876
"HIP_RUNTIME_API_EXT","hipLaunchKernel",4188971,4188971,763,698991650437217,698991650438529
"HIP_RUNTIME_API_EXT","hipGetLastError",4188971,4188971,764,698991650438840,698991650438870
"HIP_COMPILER_API_EXT","__hipPushCallConfiguration",4188971,4188971,765,698991650439150,698991650439201
"HIP_COMPILER_API_EXT","__hipPopCallConfiguration",4188971,4188971,766,698991650439531,698991650439571
"HIP_RUNTIME_API_EXT","hipLaunchKernel",4188971,4188971,767,698991650439912,698991650441815
"HIP_RUNTIME_API_EXT","hipGetLastError",4188971,4188971,768,698991650442146,698991650442176
"HIP_RUNTIME_API_EXT","hipSetDevice",4188971,4188971,769,698991650442477,698991650442527
"HIP_COMPILER_API_EXT","__hipPushCallConfiguration",4188971,4188971,770,698991650442797,698991650442837
"HIP_COMPILER_API_EXT","__hipPopCallConfiguration",4188971,4188971,771,698991650443138,698991650443178
"HIP_RUNTIME_API_EXT","hipLaunchKernel",4188971,4188971,772,698991650443529,698991650497490
"HIP_RUNTIME_API_EXT","hipGetLastError",4188971,4188971,773,698991650497881,698991650497911
"HIP_COMPILER_API_EXT","__hipPushCallConfiguration",4188971,4188971,774,698991650498192,698991650498242
"HIP_COMPILER_API_EXT","__hipPopCallConfiguration",4188971,4188971,775,698991650498542,698991650498582
"HIP_RUNTIME_API_EXT","hipLaunchKernel",4188971,4188971,776,698991650498933,698991650500426
"HIP_RUNTIME_API_EXT","hipGetLastError",4188971,4188971,777,698991650500746,698991650500776
"HIP_COMPILER_API_EXT","__hipPushCallConfiguration",4188971,4188971,778,698991650501047,698991650501097
"HIP_COMPILER_API_EXT","__hipPopCallConfiguration",4188971,4188971,779,698991650501438,698991650501488
"HIP_RUNTIME_API_EXT","hipLaunchKernel",4188971,4188971,780,698991650501878,698991650503732
"HIP_RUNTIME_API_EXT","hipGetLastError",4188971,4188971,781,698991650504053,698991650504083
"HIP_RUNTIME_API_EXT","hipSetDevice",4188971,4188971,782,698991650504363,698991650504403
"HIP_COMPILER_API_EXT","__hipPushCallConfiguration",4188971,4188971,783,698991650504684,698991650504724
"HIP_COMPILER_API_EXT","__hipPopCallConfiguration",4188971,4188971,784,698991650505024,698991650505074
"HIP_RUNTIME_API_EXT","hipLaunchKernel",4188971,4188971,785,698991650505425,698991650506848
"HIP_RUNTIME_API_EXT","hipGetLastError",4188971,4188971,786,698991650507168,698991650507198
"HIP_COMPILER_API_EXT","__hipPushCallConfiguration",4188971,4188971,787,698991650507469,698991650507519
"HIP_COMPILER_API_EXT","__hipPopCallConfiguration",4188971,4188971,788,698991650507810,698991650507860
"HIP_RUNTIME_API_EXT","hipLaunchKernel",4188971,4188971,789,698991650508210,698991650509493
"HIP_RUNTIME_API_EXT","hipGetLastError",4188971,4188971,790,698991650509813,698991650509843
"HIP_COMPILER_API_EXT","__hipPushCallConfiguration",4188971,4188971,791,698991650510144,698991650510194
"HIP_COMPILER_API_EXT","__hipPopCallConfiguration",4188971,4188971,792,698991650510485,698991650510535
"HIP_RUNTIME_API_EXT","hipLaunchKernel",4188971,4188971,793,698991650510885,698991650564847
"HIP_RUNTIME_API_EXT","hipGetLastError",4188971,4188971,794,698991650565198,698991650565228
"HIP_RUNTIME_API_EXT","hipSetDevice",4188971,4188971,795,698991650565508,698991650565548
"HIP_COMPILER_API_EXT","__hipPushCallConfiguration",4188971,4188971,796,698991650565819,698991650565869
"HIP_COMPILER_API_EXT","__hipPopCallConfiguration",4188971,4188971,797,698991650566159,698991650566209
"HIP_RUNTIME_API_EXT","hipLaunchKernel",4188971,4188971,798,698991650566550,698991650620622
"HIP_RUNTIME_API_EXT","hipGetLastError",4188971,4188971,799,698991650621013,698991650621043
"HIP_COMPILER_API_EXT","__hipPushCallConfiguration",4188971,4188971,800,698991650621333,698991650621383
"HIP_COMPILER_API_EXT","__hipPopCallConfiguration",4188971,4188971,801,698991650621674,698991650621724
"HIP_RUNTIME_API_EXT","hipLaunchKernel",4188971,4188971,802,698991650622075,698991650623477
"HIP_RUNTIME_API_EXT","hipGetLastError",4188971,4188971,803,698991650623798,698991650623828
"HIP_COMPILER_API_EXT","__hipPushCallConfiguration",4188971,4188971,804,698991650624118,698991650624159
"HIP_COMPILER_API_EXT","__hipPopCallConfiguration",4188971,4188971,805,698991650624469,698991650624509
"HIP_RUNTIME_API_EXT","hipLaunchKernel",4188971,4188971,806,698991650624860,698991650626152
"HIP_RUNTIME_API_EXT","hipGetLastError",4188971,4188971,807,698991650626463,698991650626493
"HIP_RUNTIME_API_EXT","hipSetDevice",4188971,4188971,808,698991650626773,698991650626824
"HIP_COMPILER_API_EXT","__hipPushCallConfiguration",4188971,4188971,809,698991650627094,698991650627134
"HIP_COMPILER_API_EXT","__hipPopCallConfiguration",4188971,4188971,810,698991650627435,698991650627485
"HIP_RUNTIME_API_EXT","hipLaunchKernel",4188971,4188971,811,698991650627825,698991650629809
"HIP_RUNTIME_API_EXT","hipGetLastError",4188971,4188971,812,698991650630120,698991650630160
"HIP_COMPILER_API_EXT","__hipPushCallConfiguration",4188971,4188971,813,698991650630450,698991650630500
"HIP_COMPILER_API_EXT","__hipPopCallConfiguration",4188971,4188971,814,698991650630811,698991650630851
"HIP_RUNTIME_API_EXT","hipLaunchKernel",4188971,4188971,815,698991650631202,698991650632604
"HIP_RUNTIME_API_EXT","hipGetLastError",4188971,4188971,816,698991650632925,698991650632955
"HIP_COMPILER_API_EXT","__hipPushCallConfiguration",4188971,4188971,817,698991650633236,698991650633276
"HIP_COMPILER_API_EXT","__hipPopCallConfiguration",4188971,4188971,818,698991650633586,698991650633626
"HIP_RUNTIME_API_EXT","hipLaunchKernel",4188971,4188971,819,698991650633977,698991650635279
"HIP_RUNTIME_API_EXT","hipGetLastError",4188971,4188971,820,698991650635600,698991650635630
"HIP_RUNTIME_API_EXT","hipSetDevice",4188971,4188971,821,698991650635901,698991650635951
"HIP_COMPILER_API_EXT","__hipPushCallConfiguration",4188971,4188971,822,698991650636241,698991650636291
"HIP_COMPILER_API_EXT","__hipPopCallConfiguration",4188971,4188971,823,698991650636582,698991650636622
"HIP_RUNTIME_API_EXT","hipLaunchKernel",4188971,4188971,824,698991650636963,698991650638285
"HIP_RUNTIME_API_EXT","hipGetLastError",4188971,4188971,825,698991650638686,698991650638716
"HIP_COMPILER_API_EXT","__hipPushCallConfiguration",4188971,4188971,826,698991650638996,698991650639037
"HIP_COMPILER_API_EXT","__hipPopCallConfiguration",4188971,4188971,827,698991650639347,698991650639387
"HIP_RUNTIME_API_EXT","hipLaunchKernel",4188971,4188971,828,698991650639758,698991650641621
"HIP_RUNTIME_API_EXT","hipGetLastError",4188971,4188971,829,698991650642052,698991650642082
"HIP_COMPILER_API_EXT","__hipPushCallConfiguration",4188971,4188971,830,698991650642363,698991650642413
"HIP_COMPILER_API_EXT","__hipPopCallConfiguration",4188971,4188971,831,698991650642713,698991650642764
"HIP_RUNTIME_API_EXT","hipLaunchKernel",4188971,4188971,832,698991650643114,698991650646260
"HIP_RUNTIME_API_EXT","hipGetLastError",4188971,4188971,833,698991650646701,698991650646731
"HIP_RUNTIME_API_EXT","hipSetDevice",4188971,4188971,834,698991650647102,698991650647152
"HIP_COMPILER_API_EXT","__hipPushCallConfiguration",4188971,4188971,835,698991650647432,698991650647472
"HIP_COMPILER_API_EXT","__hipPopCallConfiguration",4188971,4188971,836,698991650647773,698991650647823
"HIP_RUNTIME_API_EXT","hipLaunchKernel",4188971,4188971,837,698991650648184,698991650649646
"HIP_RUNTIME_API_EXT","hipGetLastError",4188971,4188971,838,698991650649987,698991650650017
"HIP_COMPILER_API_EXT","__hipPushCallConfiguration",4188971,4188971,839,698991650650298,698991650650338
"HIP_COMPILER_API_EXT","__hipPopCallConfiguration",4188971,4188971,840,698991650650638,698991650650678
"HIP_RUNTIME_API_EXT","hipLaunchKernel",4188971,4188971,841,698991650651019,698991650704500
"HIP_RUNTIME_API_EXT","hipGetLastError",4188971,4188971,842,698991650704940,698991650704971
"HIP_COMPILER_API_EXT","__hipPushCallConfiguration",4188971,4188971,843,698991650705261,698991650705311
"HIP_COMPILER_API_EXT","__hipPopCallConfiguration",4188971,4188971,844,698991650705642,698991650705692
"HIP_RUNTIME_API_EXT","hipLaunchKernel",4188971,4188971,845,698991650706043,698991650709219
"HIP_RUNTIME_API_EXT","hipGetLastError",4188971,4188971,846,698991650709589,698991650709619
"HIP_RUNTIME_API_EXT","hipSetDevice",4188971,4188971,847,698991650709900,698991650709940
"HIP_COMPILER_API_EXT","__hipPushCallConfiguration",4188971,4188971,848,698991650710210,698991650710260
"HIP_COMPILER_API_EXT","__hipPopCallConfiguration",4188971,4188971,849,698991650710551,698991650710601
"HIP_RUNTIME_API_EXT","hipLaunchKernel",4188971,4188971,850,698991650710942,698991650712364
"HIP_RUNTIME_API_EXT","hipGetLastError",4188971,4188971,851,698991650712715,698991650712745
"HIP_COMPILER_API_EXT","__hipPushCallConfiguration",4188971,4188971,852,698991650713026,698991650713066
"HIP_COMPILER_API_EXT","__hipPopCallConfiguration",4188971,4188971,853,698991650713366,698991650713406
"HIP_RUNTIME_API_EXT","hipLaunchKernel",4188971,4188971,854,698991650713757,698991650715330
"HIP_RUNTIME_API_EXT","hipGetLastError",4188971,4188971,855,698991650715651,698991650715681
"HIP_RUNTIME_API_EXT","hipSetDevice",4188971,4188971,856,698991650715971,698991650716021
"HIP_COMPILER_API_EXT","__hipPushCallConfiguration",4188971,4188971,857,698991650716292,698991650716332
"HIP_COMPILER_API_EXT","__hipPopCallConfiguration",4188971,4188971,858,698991650716643,698991650716683
"HIP_RUNTIME_API_EXT","hipLaunchKernel",4188971,4188971,859,698991650717033,698991650718496
"HIP_RUNTIME_API_EXT","hipGetLastError",4188971,4188971,860,698991650718817,698991650718847
"HIP_RUNTIME_API_EXT","hipSetDevice",4188971,4188971,861,698991650719117,698991650719157
"HIP_COMPILER_API_EXT","__hipPushCallConfiguration",4188971,4188971,862,698991650719438,698991650719478
"HIP_COMPILER_API_EXT","__hipPopCallConfiguration",4188971,4188971,863,698991650719778,698991650719828
"HIP_RUNTIME_API_EXT","hipLaunchKernel",4188971,4188971,864,698991650720169,698991650721712
"HIP_RUNTIME_API_EXT","hipGetLastError",4188971,4188971,865,698991650722043,698991650722073
"HIP_COMPILER_API_EXT","__hipPushCallConfiguration",4188971,4188971,866,698991650722353,698991650722393
"HIP_COMPILER_API_EXT","__hipPopCallConfiguration",4188971,4188971,867,698991650722724,698991650722774
"HIP_RUNTIME_API_EXT","hipLaunchKernel",4188971,4188971,868,698991650723225,698991650725359
"HIP_RUNTIME_API_EXT","hipGetLastError",4188971,4188971,869,698991650725710,698991650725740
"HIP_COMPILER_API_EXT","__hipPushCallConfiguration",4188971,4188971,870,698991650726010,698991650726060
"HIP_COMPILER_API_EXT","__hipPopCallConfiguration",4188971,4188971,871,698991650726361,698991650726401
"HIP_RUNTIME_API_EXT","hipLaunchKernel",4188971,4188971,872,698991650726752,698991650728505
"HIP_RUNTIME_API_EXT","hipGetLastError",4188971,4188971,873,698991650728855,698991650728896
"HIP_COMPILER_API_EXT","__hipPushCallConfiguration",4188971,4188971,874,698991650729166,698991650729216
"HIP_COMPILER_API_EXT","__hipPopCallConfiguration",4188971,4188971,875,698991650729517,698991650729567
"HIP_RUNTIME_API_EXT","hipLaunchKernel",4188971,4188971,876,698991650729958,698991650731420
"HIP_RUNTIME_API_EXT","hipGetLastError",4188971,4188971,877,698991650731761,698991650731791
"HIP_COMPILER_API_EXT","__hipPushCallConfiguration",4188971,4188971,878,698991650732152,698991650732202
"HIP_COMPILER_API_EXT","__hipPopCallConfiguration",4188971,4188971,879,698991650732502,698991650732542
"HIP_RUNTIME_API_EXT","hipLaunchKernel",4188971,4188971,880,698991650732893,698991650734947
"HIP_RUNTIME_API_EXT","hipGetLastError",4188971,4188971,881,698991650735278,698991650735308
"HIP_RUNTIME_API_EXT","hipSetDevice",4188971,4188971,882,698991650735578,698991650735618
"HIP_COMPILER_API_EXT","__hipPushCallConfiguration",4188971,4188971,883,698991650735889,698991650735939
"HIP_COMPILER_API_EXT","__hipPopCallConfiguration",4188971,4188971,884,698991650736239,698991650736279
"HIP_RUNTIME_API_EXT","hipLaunchKernel",4188971,4188971,885,698991650736720,698991650739285
"HIP_RUNTIME_API_EXT","hipGetLastError",4188971,4188971,886,698991650739656,698991650739686
"HIP_COMPILER_API_EXT","__hipPushCallConfiguration",4188971,4188971,887,698991650739986,698991650740026
"HIP_COMPILER_API_EXT","__hipPopCallConfiguration",4188971,4188971,888,698991650740357,698991650740407
"HIP_RUNTIME_API_EXT","hipLaunchKernel",4188971,4188971,889,698991650740818,698991650742331
"HIP_RUNTIME_API_EXT","hipGetLastError",4188971,4188971,890,698991650742671,698991650742702
"HIP_COMPILER_API_EXT","__hipPushCallConfiguration",4188971,4188971,891,698991650742982,698991650743022
"HIP_COMPILER_API_EXT","__hipPopCallConfiguration",4188971,4188971,892,698991650743313,698991650743353
"HIP_RUNTIME_API_EXT","hipLaunchKernel",4188971,4188971,893,698991650743693,698991650797915
"HIP_RUNTIME_API_EXT","hipGetLastError",4188971,4188971,894,698991650798346,698991650798376
"HIP_RUNTIME_API_EXT","hipSetDevice",4188971,4188971,895,698991650798647,698991650798687
"HIP_COMPILER_API_EXT","__hipPushCallConfiguration",4188971,4188971,896,698991650798967,698991650799017
"HIP_COMPILER_API_EXT","__hipPopCallConfiguration",4188971,4188971,897,698991650799338,698991650799388
"HIP_RUNTIME_API_EXT","hipLaunchKernel",4188971,4188971,898,698991650799739,698991650802073
"HIP_RUNTIME_API_EXT","hipGetLastError",4188971,4188971,899,698991650802414,698991650802444
"HIP_COMPILER_API_EXT","__hipPushCallConfiguration",4188971,4188971,900,698991650802724,698991650802775
"HIP_COMPILER_API_EXT","__hipPopCallConfiguration",4188971,4188971,901,698991650803065,698991650803115
"HIP_RUNTIME_API_EXT","hipLaunchKernel",4188971,4188971,902,698991650803506,698991650804818
"HIP_RUNTIME_API_EXT","hipGetLastError",4188971,4188971,903,698991650805139,698991650805169
"HIP_COMPILER_API_EXT","__hipPushCallConfiguration",4188971,4188971,904,698991650805450,698991650805500
"HIP_COMPILER_API_EXT","__hipPopCallConfiguration",4188971,4188971,905,698991650805790,698991650805840
"HIP_RUNTIME_API_EXT","hipLaunchKernel",4188971,4188971,906,698991650806181,698991650807554
"HIP_RUNTIME_API_EXT","hipGetLastError",4188971,4188971,907,698991650807874,698991650807904
"HIP_RUNTIME_API_EXT","hipSetDevice",4188971,4188971,908,698991650808215,698991650808255
"HIP_COMPILER_API_EXT","__hipPushCallConfiguration",4188971,4188971,909,698991650808535,698991650808575
"HIP_COMPILER_API_EXT","__hipPopCallConfiguration",4188971,4188971,910,698991650808876,698991650808926
"HIP_RUNTIME_API_EXT","hipLaunchKernel",4188971,4188971,911,698991650809277,698991650810649
"HIP_RUNTIME_API_EXT","hipGetLastError",4188971,4188971,912,698991650810970,698991650811000
"HIP_COMPILER_API_EXT","__hipPushCallConfiguration",4188971,4188971,913,698991650811271,698991650811321
"HIP_COMPILER_API_EXT","__hipPopCallConfiguration",4188971,4188971,914,698991650811621,698991650811661
"HIP_RUNTIME_API_EXT","hipLaunchKernel",4188971,4188971,915,698991650812012,698991650813895
"HIP_RUNTIME_API_EXT","hipGetLastError",4188971,4188971,916,698991650814216,698991650814246
"HIP_COMPILER_API_EXT","__hipPushCallConfiguration",4188971,4188971,917,698991650814547,698991650814597
"HIP_COMPILER_API_EXT","__hipPopCallConfiguration",4188971,4188971,918,698991650814897,698991650814937
"HIP_RUNTIME_API_EXT","hipLaunchKernel",4188971,4188971,919,698991650815288,698991650816891
"HIP_RUNTIME_API_EXT","hipGetLastError",4188971,4188971,920,698991650817242,698991650817272
"HIP_RUNTIME_API_EXT","hipSetDevice",4188971,4188971,921,698991650817552,698991650817602
"HIP_COMPILER_API_EXT","__hipPushCallConfiguration",4188971,4188971,922,698991650817883,698991650817933
"HIP_COMPILER_API_EXT","__hipPopCallConfiguration",4188971,4188971,923,698991650818224,698991650818274
"HIP_RUNTIME_API_EXT","hipLaunchKernel",4188971,4188971,924,698991650818624,698991650820037
"HIP_RUNTIME_API_EXT","hipGetLastError",4188971,4188971,925,698991650820378,698991650820408
"HIP_COMPILER_API_EXT","__hipPushCallConfiguration",4188971,4188971,926,698991650820678,698991650820728
"HIP_COMPILER_API_EXT","__hipPopCallConfiguration",4188971,4188971,927,698991650821049,698991650821099
"HIP_RUNTIME_API_EXT","hipLaunchKernel",4188971,4188971,928,698991650821450,698991650822822
"HIP_RUNTIME_API_EXT","hipGetLastError",4188971,4188971,929,698991650823153,698991650823183
"HIP_COMPILER_API_EXT","__hipPushCallConfiguration",4188971,4188971,930,698991650823463,698991650823514
"HIP_COMPILER_API_EXT","__hipPopCallConfiguration",4188971,4188971,931,698991650823804,698991650823854
"HIP_RUNTIME_API_EXT","hipLaunchKernel",4188971,4188971,932,698991650824195,698991650877716
"HIP_RUNTIME_API_EXT","hipGetLastError",4188971,4188971,933,698991650878056,698991650878086
"HIP_RUNTIME_API_EXT","hipSetDevice",4188971,4188971,934,698991650878367,698991650878407
"HIP_COMPILER_API_EXT","__hipPushCallConfiguration",4188971,4188971,935,698991650878757,698991650878798
"HIP_COMPILER_API_EXT","__hipPopCallConfiguration",4188971,4188971,936,698991650879098,698991650879138
"HIP_RUNTIME_API_EXT","hipLaunchKernel",4188971,4188971,937,698991650879499,698991650933310
"HIP_RUNTIME_API_EXT","hipGetLastError",4188971,4188971,938,698991650933671,698991650933701
"HIP_COMPILER_API_EXT","__hipPushCallConfiguration",4188971,4188971,939,698991650933991,698991650934052
"HIP_COMPILER_API_EXT","__hipPopCallConfiguration",4188971,4188971,940,698991650934753,698991650934803
"HIP_RUNTIME_API_EXT","hipLaunchKernel",4188971,4188971,941,698991650935174,698991650936626
"HIP_RUNTIME_API_EXT","hipGetLastError",4188971,4188971,942,698991650936947,698991650936977
"HIP_COMPILER_API_EXT","__hipPushCallConfiguration",4188971,4188971,943,698991650937268,698991650937308
"HIP_COMPILER_API_EXT","__hipPopCallConfiguration",4188971,4188971,944,698991650937628,698991650937678
"HIP_RUNTIME_API_EXT","hipLaunchKernel",4188971,4188971,945,698991650938019,698991650939762
"HIP_RUNTIME_API_EXT","hipGetLastError",4188971,4188971,946,698991650940103,698991650940133
"HIP_RUNTIME_API_EXT","hipSetDevice",4188971,4188971,947,698991650940454,698991650940504
"HIP_COMPILER_API_EXT","__hipPushCallConfiguration",4188971,4188971,948,698991650940774,698991650940824
"HIP_COMPILER_API_EXT","__hipPopCallConfiguration",4188971,4188971,949,698991650941115,698991650941165
"HIP_RUNTIME_API_EXT","hipLaunchKernel",4188971,4188971,950,698991650941546,698991650943489
"HIP_RUNTIME_API_EXT","hipGetLastError",4188971,4188971,951,698991650943870,698991650943900
"HIP_COMPILER_API_EXT","__hipPushCallConfiguration",4188971,4188971,952,698991650944191,698991650944231
"HIP_COMPILER_API_EXT","__hipPopCallConfiguration",4188971,4188971,953,698991650944531,698991650944581
"HIP_RUNTIME_API_EXT","hipLaunchKernel",4188971,4188971,954,698991650944992,698991650946295
"HIP_RUNTIME_API_EXT","hipGetLastError",4188971,4188971,955,698991650946615,698991650946645
"HIP_COMPILER_API_EXT","__hipPushCallConfiguration",4188971,4188971,956,698991650946926,698991650946966
"HIP_COMPILER_API_EXT","__hipPopCallConfiguration",4188971,4188971,957,698991650947266,698991650947306
"HIP_RUNTIME_API_EXT","hipLaunchKernel",4188971,4188971,958,698991650947717,698991650949110
"HIP_RUNTIME_API_EXT","hipGetLastError",4188971,4188971,959,698991650949450,698991650949481
"HIP_RUNTIME_API_EXT","hipSetDevice",4188971,4188971,960,698991650949751,698991650949801
"HIP_COMPILER_API_EXT","__hipPushCallConfiguration",4188971,4188971,961,698991650950102,698991650950152
"HIP_COMPILER_API_EXT","__hipPopCallConfiguration",4188971,4188971,962,698991650950442,698991650950492
"HIP_RUNTIME_API_EXT","hipLaunchKernel",4188971,4188971,963,698991650950903,698991650952787
"HIP_RUNTIME_API_EXT","hipGetLastError",4188971,4188971,964,698991650953117,698991650953147
"HIP_COMPILER_API_EXT","__hipPushCallConfiguration",4188971,4188971,965,698991650953428,698991650953468
"HIP_COMPILER_API_EXT","__hipPopCallConfiguration",4188971,4188971,966,698991650953769,698991650953819
"HIP_RUNTIME_API_EXT","hipLaunchKernel",4188971,4188971,967,698991650954189,698991651003302
"HIP_RUNTIME_API_EXT","hipGetLastError",4188971,4188971,968,698991651003693,698991651003723
"HIP_COMPILER_API_EXT","__hipPushCallConfiguration",4188971,4188971,969,698991651004003,698991651004043
"HIP_COMPILER_API_EXT","__hipPopCallConfiguration",4188971,4188971,970,698991651004344,698991651004384
"HIP_RUNTIME_API_EXT","hipLaunchKernel",4188971,4188971,971,698991651004734,698991651006267
"HIP_RUNTIME_API_EXT","hipGetLastError",4188971,4188971,972,698991651006598,698991651006628
"HIP_RUNTIME_API_EXT","hipSetDevice",4188971,4188971,973,698991651006919,698991651006969
"HIP_COMPILER_API_EXT","__hipPushCallConfiguration",4188971,4188971,974,698991651007239,698991651007289
"HIP_COMPILER_API_EXT","__hipPopCallConfiguration",4188971,4188971,975,698991651007580,698991651007630
"HIP_RUNTIME_API_EXT","hipLaunchKernel",4188971,4188971,976,698991651007971,698991651009383
"HIP_RUNTIME_API_EXT","hipGetLastError",4188971,4188971,977,698991651009694,698991651009724
"HIP_COMPILER_API_EXT","__hipPushCallConfiguration",4188971,4188971,978,698991651010014,698991651010065
"HIP_COMPILER_API_EXT","__hipPopCallConfiguration",4188971,4188971,979,698991651010375,698991651010425
"HIP_RUNTIME_API_EXT","hipLaunchKernel",4188971,4188971,980,698991651010786,698991651012569
"HIP_RUNTIME_API_EXT","hipGetLastError",4188971,4188971,981,698991651012900,698991651012930
"HIP_COMPILER_API_EXT","__hipPushCallConfiguration",4188971,4188971,982,698991651013511,698991651013561
"HIP_COMPILER_API_EXT","__hipPopCallConfiguration",4188971,4188971,983,698991651013872,698991651013912
"HIP_RUNTIME_API_EXT","hipLaunchKernel",4188971,4188971,984,698991651014353,698991651016226
"HIP_RUNTIME_API_EXT","hipGetLastError",4188971,4188971,985,698991651016577,698991651016607
"HIP_RUNTIME_API_EXT","hipSetDevice",4188971,4188971,986,698991651016887,698991651016937
"HIP_COMPILER_API_EXT","__hipPushCallConfiguration",4188971,4188971,987,698991651017218,698991651017258
"HIP_COMPILER_API_EXT","__hipPopCallConfiguration",4188971,4188971,988,698991651017569,698991651017619
"HIP_RUNTIME_API_EXT","hipLaunchKernel",4188971,4188971,989,698991651018009,698991651019633
"HIP_RUNTIME_API_EXT","hipGetLastError",4188971,4188971,990,698991651019963,698991651019993
"HIP_COMPILER_API_EXT","__hipPushCallConfiguration",4188971,4188971,991,698991651020274,698991651020314
"HIP_COMPILER_API_EXT","__hipPopCallConfiguration",4188971,4188971,992,698991651020634,698991651020684
"HIP_RUNTIME_API_EXT","hipLaunchKernel",4188971,4188971,993,698991651021055,698991651022488
"HIP_RUNTIME_API_EXT","hipGetLastError",4188971,4188971,994,698991651022798,698991651022829
"HIP_RUNTIME_API_EXT","hipSetDevice",4188971,4188971,995,698991651023119,698991651023159
"HIP_COMPILER_API_EXT","__hipPushCallConfiguration",4188971,4188971,996,698991651023450,698991651023500
"HIP_COMPILER_API_EXT","__hipPopCallConfiguration",4188971,4188971,997,698991651023810,698991651023901
"HIP_RUNTIME_API_EXT","hipLaunchKernel",4188971,4188971,998,698991651024351,698991651026485
"HIP_RUNTIME_API_EXT","hipGetLastError",4188971,4188971,999,698991651026806,698991651026836
"HIP_RUNTIME_API_EXT","hipSetDevice",4188971,4188971,1000,698991651027107,698991651027157
"HIP_COMPILER_API_EXT","__hipPushCallConfiguration",4188971,4188971,1001,698991651027447,698991651027487
"HIP_COMPILER_API_EXT","__hipPopCallConfiguration",4188971,4188971,1002,698991651027778,698991651027828
"HIP_RUNTIME_API_EXT","hipLaunchKernel",4188971,4188971,1003,698991651028229,698991651029581
"HIP_RUNTIME_API_EXT","hipGetLastError",4188971,4188971,1004,698991651029882,698991651029922
"HIP_COMPILER_API_EXT","__hipPushCallConfiguration",4188971,4188971,1005,698991651030202,698991651030242
"HIP_COMPILER_API_EXT","__hipPopCallConfiguration",4188971,4188971,1006,698991651030563,698991651030603
"HIP_RUNTIME_API_EXT","hipLaunchKernel",4188971,4188971,1007,698991651031124,698991651032477
"HIP_RUNTIME_API_EXT","hipGetLastError",4188971,4188971,1008,698991651032837,698991651032867
"HIP_COMPILER_API_EXT","__hipPushCallConfiguration",4188971,4188971,1009,698991651033148,698991651033188
"HIP_COMPILER_API_EXT","__hipPopCallConfiguration",4188971,4188971,1010,698991651033479,698991651033529
"HIP_RUNTIME_API_EXT","hipLaunchKernel",4188971,4188971,1011,698991651033909,698991651088432
"HIP_RUNTIME_API_EXT","hipGetLastError",4188971,4188971,1012,698991651088813,698991651088843
"HIP_COMPILER_API_EXT","__hipPushCallConfiguration",4188971,4188971,1013,698991651089133,698991651089183
"HIP_COMPILER_API_EXT","__hipPopCallConfiguration",4188971,4188971,1014,698991651089494,698991651089544
"HIP_RUNTIME_API_EXT","hipLaunchKernel",4188971,4188971,1015,698991651089895,698991651091508
"HIP_RUNTIME_API_EXT","hipGetLastError",4188971,4188971,1016,698991651091918,698991651091949
"HIP_COMPILER_API_EXT","__hipPushCallConfiguration",4188971,4188971,1017,698991651092239,698991651092289
"HIP_COMPILER_API_EXT","__hipPopCallConfiguration",4188971,4188971,1018,698991651092580,698991651092630
"HIP_RUNTIME_API_EXT","hipLaunchKernel",4188971,4188971,1019,698991651092980,698991651094333
"HIP_RUNTIME_API_EXT","hipGetLastError",4188971,4188971,1020,698991651094664,698991651094694
"HIP_RUNTIME_API_EXT","hipSetDevice",4188971,4188971,1021,698991651094974,698991651095014
"HIP_COMPILER_API_EXT","__hipPushCallConfiguration",4188971,4188971,1022,698991651095385,698991651095435
"HIP_COMPILER_API_EXT","__hipPopCallConfiguration",4188971,4188971,1023,698991651095776,698991651095826
"HIP_RUNTIME_API_EXT","hipLaunchKernel",4188971,4188971,1024,698991651096197,698991651097629
"HIP_RUNTIME_API_EXT","hipGetLastError",4188971,4188971,1025,698991651098180,698991651098210
"HIP_COMPILER_API_EXT","__hipPushCallConfiguration",4188971,4188971,1026,698991651098491,698991651098541
"HIP_COMPILER_API_EXT","__hipPopCallConfiguration",4188971,4188971,1027,698991651098892,698991651098932
"HIP_RUNTIME_API_EXT","hipLaunchKernel",4188971,4188971,1028,698991651099282,698991651100555
"HIP_RUNTIME_API_EXT","hipGetLastError",4188971,4188971,1029,698991651100885,698991651100915
"HIP_COMPILER_API_EXT","__hipPushCallConfiguration",4188971,4188971,1030,698991651101236,698991651101286
"HIP_COMPILER_API_EXT","__hipPopCallConfiguration",4188971,4188971,1031,698991651101577,698991651101627
"HIP_RUNTIME_API_EXT","hipLaunchKernel",4188971,4188971,1032,698991651101987,698991651104192
"HIP_RUNTIME_API_EXT","hipGetLastError",4188971,4188971,1033,698991651104562,698991651104592
"HIP_RUNTIME_API_EXT","hipSetDevice",4188971,4188971,1034,698991651104863,698991651104903
"HIP_COMPILER_API_EXT","__hipPushCallConfiguration",4188971,4188971,1035,698991651105183,698991651105224
"HIP_COMPILER_API_EXT","__hipPopCallConfiguration",4188971,4188971,1036,698991651105514,698991651105564
"HIP_RUNTIME_API_EXT","hipLaunchKernel",4188971,4188971,1037,698991651105985,698991651107648
"HIP_RUNTIME_API_EXT","hipGetLastError",4188971,4188971,1038,698991651108009,698991651108059
"HIP_COMPILER_API_EXT","__hipPushCallConfiguration",4188971,4188971,1039,698991651108339,698991651108389
"HIP_COMPILER_API_EXT","__hipPopCallConfiguration",4188971,4188971,1040,698991651108690,698991651108730
"HIP_RUNTIME_API_EXT","hipLaunchKernel",4188971,4188971,1041,698991651109111,698991651110654
"HIP_RUNTIME_API_EXT","hipGetLastError",4188971,4188971,1042,698991651110964,698991651110994
"HIP_COMPILER_API_EXT","__hipPushCallConfiguration",4188971,4188971,1043,698991651111305,698991651111345
"HIP_COMPILER_API_EXT","__hipPopCallConfiguration",4188971,4188971,1044,698991651111676,698991651111716
"HIP_RUNTIME_API_EXT","hipLaunchKernel",4188971,4188971,1045,698991651112086,698991651113429
"HIP_RUNTIME_API_EXT","hipGetLastError",4188971,4188971,1046,698991651113780,698991651113810
"HIP_RUNTIME_API_EXT","hipSetDevice",4188971,4188971,1047,698991651114080,698991651114120
"HIP_COMPILER_API_EXT","__hipPushCallConfiguration",4188971,4188971,1048,698991651114391,698991651114441
"HIP_COMPILER_API_EXT","__hipPopCallConfiguration",4188971,4188971,1049,698991651114731,698991651114771
"HIP_RUNTIME_API_EXT","hipLaunchKernel",4188971,4188971,1050,698991651115162,698991651117186
"HIP_RUNTIME_API_EXT","hipGetLastError",4188971,4188971,1051,698991651118448,698991651118478
"HIP_COMPILER_API_EXT","__hipPushCallConfiguration",4188971,4188971,1052,698991651180565,698991651180615
"HIP_COMPILER_API_EXT","__hipPopCallConfiguration",4188971,4188971,1053,698991651180926,698991651180976
"HIP_RUNTIME_API_EXT","hipLaunchKernel",4188971,4188971,1054,698991651181597,698991651183200
"HIP_RUNTIME_API_EXT","hipGetLastError",4188971,4188971,1055,698991651183571,698991651183601
"HIP_COMPILER_API_EXT","__hipPushCallConfiguration",4188971,4188971,1056,698991651183881,698991651183932
"HIP_COMPILER_API_EXT","__hipPopCallConfiguration",4188971,4188971,1057,698991651184252,698991651184302
"HIP_RUNTIME_API_EXT","hipLaunchKernel",4188971,4188971,1058,698991651184643,698991651186236
"HIP_RUNTIME_API_EXT","hipGetLastError",4188971,4188971,1059,698991651186547,698991651186577
"HIP_RUNTIME_API_EXT","hipSetDevice",4188971,4188971,1060,698991651186887,698991651186937
"HIP_COMPILER_API_EXT","__hipPushCallConfiguration",4188971,4188971,1061,698991651187789,698991651187829
"HIP_COMPILER_API_EXT","__hipPopCallConfiguration",4188971,4188971,1062,698991651188140,698991651188190
"HIP_RUNTIME_API_EXT","hipLaunchKernel",4188971,4188971,1063,698991651188550,698991651190223
"HIP_RUNTIME_API_EXT","hipGetLastError",4188971,4188971,1064,698991651190534,698991651190564
"HIP_COMPILER_API_EXT","__hipPushCallConfiguration",4188971,4188971,1065,698991651190845,698991651190885
"HIP_COMPILER_API_EXT","__hipPopCallConfiguration",4188971,4188971,1066,698991651191185,698991651191235
"HIP_RUNTIME_API_EXT","hipLaunchKernel",4188971,4188971,1067,698991651191576,698991651193049
"HIP_RUNTIME_API_EXT","hipGetLastError",4188971,4188971,1068,698991651193399,698991651193429
"HIP_COMPILER_API_EXT","__hipPushCallConfiguration",4188971,4188971,1069,698991651193710,698991651193760
"HIP_COMPILER_API_EXT","__hipPopCallConfiguration",4188971,4188971,1070,698991651194041,698991651194091
"HIP_RUNTIME_API_EXT","hipLaunchKernel",4188971,4188971,1071,698991651194431,698991651254164
"HIP_RUNTIME_API_EXT","hipGetLastError",4188971,4188971,1072,698991651254725,698991651254755
"HIP_RUNTIME_API_EXT","hipSetDevice",4188971,4188971,1073,698991651255045,698991651255085
"HIP_COMPILER_API_EXT","__hipPushCallConfiguration",4188971,4188971,1074,698991651255376,698991651255416
"HIP_COMPILER_API_EXT","__hipPopCallConfiguration",4188971,4188971,1075,698991651255747,698991651255797
"HIP_RUNTIME_API_EXT","hipLaunchKernel",4188971,4188971,1076,698991651256157,698991651258001
"HIP_RUNTIME_API_EXT","hipGetLastError",4188971,4188971,1077,698991651258332,698991651258372
"HIP_COMPILER_API_EXT","__hipPushCallConfiguration",4188971,4188971,1078,698991651258642,698991651258692
"HIP_COMPILER_API_EXT","__hipPopCallConfiguration",4188971,4188971,1079,698991651258983,698991651259033
"HIP_RUNTIME_API_EXT","hipLaunchKernel",4188971,4188971,1080,698991651259394,698991651260936
"HIP_RUNTIME_API_EXT","hipGetLastError",4188971,4188971,1081,698991651261267,698991651261297
"HIP_COMPILER_API_EXT","__hipPushCallConfiguration",4188971,4188971,1082,698991651261588,698991651261638
"HIP_COMPILER_API_EXT","__hipPopCallConfiguration",4188971,4188971,1083,698991651261948,698991651261988
"HIP_RUNTIME_API_EXT","hipLaunchKernel",4188971,4188971,1084,698991651262349,698991651263812
"HIP_RUNTIME_API_EXT","hipGetLastError",4188971,4188971,1085,698991651264153,698991651264183
"HIP_RUNTIME_API_EXT","hipSetDevice",4188971,4188971,1086,698991651264463,698991651264503
"HIP_COMPILER_API_EXT","__hipPushCallConfiguration",4188971,4188971,1087,698991651264804,698991651264844
"HIP_COMPILER_API_EXT","__hipPopCallConfiguration",4188971,4188971,1088,698991651265144,698991651265194
"HIP_RUNTIME_API_EXT","hipLaunchKernel",4188971,4188971,1089,698991651265575,698991651266898
"HIP_RUNTIME_API_EXT","hipGetLastError",4188971,4188971,1090,698991651267218,698991651267248
"HIP_COMPILER_API_EXT","__hipPushCallConfiguration",4188971,4188971,1091,698991651267539,698991651267579
"HIP_COMPILER_API_EXT","__hipPopCallConfiguration",4188971,4188971,1092,698991651267880,698991651267930
"HIP_RUNTIME_API_EXT","hipLaunchKernel",4188971,4188971,1093,698991651268300,698991651269743
"HIP_RUNTIME_API_EXT","hipGetLastError",4188971,4188971,1094,698991651270064,698991651270094
"HIP_COMPILER_API_EXT","__hipPushCallConfiguration",4188971,4188971,1095,698991651270374,698991651270414
"HIP_COMPILER_API_EXT","__hipPopCallConfiguration",4188971,4188971,1096,698991651270715,698991651270765
"HIP_RUNTIME_API_EXT","hipLaunchKernel",4188971,4188971,1097,698991651271116,698991651273590
"HIP_RUNTIME_API_EXT","hipGetLastError",4188971,4188971,1098,698991651274001,698991651274031
"HIP_RUNTIME_API_EXT","hipSetDevice",4188971,4188971,1099,698991651274312,698991651274362
"HIP_COMPILER_API_EXT","__hipPushCallConfiguration",4188971,4188971,1100,698991651274652,698991651274692
"HIP_COMPILER_API_EXT","__hipPopCallConfiguration",4188971,4188971,1101,698991651275013,698991651275053
"HIP_RUNTIME_API_EXT","hipLaunchKernel",4188971,4188971,1102,698991651275404,698991651276927
"HIP_RUNTIME_API_EXT","hipGetLastError",4188971,4188971,1103,698991651277337,698991651277367
"HIP_COMPILER_API_EXT","__hipPushCallConfiguration",4188971,4188971,1104,698991651277658,698991651277708
"HIP_COMPILER_API_EXT","__hipPopCallConfiguration",4188971,4188971,1105,698991651278009,698991651278059
"HIP_RUNTIME_API_EXT","hipLaunchKernel",4188971,4188971,1106,698991651278399,698991651280022
"HIP_RUNTIME_API_EXT","hipGetLastError",4188971,4188971,1107,698991651280343,698991651280373
"HIP_COMPILER_API_EXT","__hipPushCallConfiguration",4188971,4188971,1108,698991651280654,698991651280694
"HIP_COMPILER_API_EXT","__hipPopCallConfiguration",4188971,4188971,1109,698991651281014,698991651281064
"HIP_RUNTIME_API_EXT","hipLaunchKernel",4188971,4188971,1110,698991651281505,698991651283078
"HIP_RUNTIME_API_EXT","hipGetLastError",4188971,4188971,1111,698991651283409,698991651283439
"HIP_RUNTIME_API_EXT","hipSetDevice",4188971,4188971,1112,698991651283739,698991651283779
"HIP_COMPILER_API_EXT","__hipPushCallConfiguration",4188971,4188971,1113,698991651284060,698991651284100
"HIP_COMPILER_API_EXT","__hipPopCallConfiguration",4188971,4188971,1114,698991651284401,698991651284441
"HIP_RUNTIME_API_EXT","hipLaunchKernel",4188971,4188971,1115,698991651284801,698991651286985
"HIP_RUNTIME_API_EXT","hipGetLastError",4188971,4188971,1116,698991651287336,698991651287366
"HIP_COMPILER_API_EXT","__hipPushCallConfiguration",4188971,4188971,1117,698991651287647,698991651287697
"HIP_COMPILER_API_EXT","__hipPopCallConfiguration",4188971,4188971,1118,698991651287997,698991651288037
"HIP_RUNTIME_API_EXT","hipLaunchKernel",4188971,4188971,1119,698991651288408,698991651342330
"HIP_RUNTIME_API_EXT","hipGetLastError",4188971,4188971,1120,698991651342720,698991651342750
"HIP_COMPILER_API_EXT","__hipPushCallConfiguration",4188971,4188971,1121,698991651343031,698991651343071
"HIP_COMPILER_API_EXT","__hipPopCallConfiguration",4188971,4188971,1122,698991651343382,698991651343422
"HIP_RUNTIME_API_EXT","hipLaunchKernel",4188971,4188971,1123,698991651343802,698991651345115
"HIP_RUNTIME_API_EXT","hipGetLastError",4188971,4188971,1124,698991651345435,698991651345465
"HIP_RUNTIME_API_EXT","hipSetDevice",4188971,4188971,1125,698991651345736,698991651345786
"HIP_COMPILER_API_EXT","__hipPushCallConfiguration",4188971,4188971,1126,698991651346057,698991651346097
"HIP_COMPILER_API_EXT","__hipPopCallConfiguration",4188971,4188971,1127,698991651346387,698991651346437
"HIP_RUNTIME_API_EXT","hipLaunchKernel",4188971,4188971,1128,698991651346808,698991651349293
"HIP_RUNTIME_API_EXT","hipGetLastError",4188971,4188971,1129,698991651349603,698991651349643
"HIP_COMPILER_API_EXT","__hipPushCallConfiguration",4188971,4188971,1130,698991651349914,698991651349964
"HIP_COMPILER_API_EXT","__hipPopCallConfiguration",4188971,4188971,1131,698991651350265,698991651350305
"HIP_RUNTIME_API_EXT","hipLaunchKernel",4188971,4188971,1132,698991651350675,698991651351928
"HIP_RUNTIME_API_EXT","hipGetLastError",4188971,4188971,1133,698991651352238,698991651352268
"HIP_RUNTIME_API_EXT","hipSetDevice",4188971,4188971,1134,698991651352549,698991651352599
"HIP_COMPILER_API_EXT","__hipPushCallConfiguration",4188971,4188971,1135,698991651352869,698991651352919
"HIP_COMPILER_API_EXT","__hipPopCallConfiguration",4188971,4188971,1136,698991651353220,698991651353260
"HIP_RUNTIME_API_EXT","hipLaunchKernel",4188971,4188971,1137,698991651353631,698991651355064
"HIP_RUNTIME_API_EXT","hipGetLastError",4188971,4188971,1138,698991651355364,698991651355404
"HIP_RUNTIME_API_EXT","hipSetDevice",4188971,4188971,1139,698991651355675,698991651355715
"HIP_COMPILER_API_EXT","__hipPushCallConfiguration",4188971,4188971,1140,698991651356015,698991651356055
"HIP_COMPILER_API_EXT","__hipPopCallConfiguration",4188971,4188971,1141,698991651356436,698991651356476
"HIP_RUNTIME_API_EXT","hipLaunchKernel",4188971,4188971,1142,698991651356927,698991651358490
"HIP_RUNTIME_API_EXT","hipGetLastError",4188971,4188971,1143,698991651358831,698991651358871
"HIP_COMPILER_API_EXT","__hipPushCallConfiguration",4188971,4188971,1144,698991651359151,698991651359191
"HIP_COMPILER_API_EXT","__hipPopCallConfiguration",4188971,4188971,1145,698991651359502,698991651359542
"HIP_RUNTIME_API_EXT","hipLaunchKernel",4188971,4188971,1146,698991651359913,698991651361215
"HIP_RUNTIME_API_EXT","hipGetLastError",4188971,4188971,1147,698991651361586,698991651361616
"HIP_COMPILER_API_EXT","__hipPushCallConfiguration",4188971,4188971,1148,698991651361926,698991651361967
"HIP_COMPILER_API_EXT","__hipPopCallConfiguration",4188971,4188971,1149,698991651362257,698991651362307
"HIP_RUNTIME_API_EXT","hipLaunchKernel",4188971,4188971,1150,698991651362758,698991651364782
"HIP_RUNTIME_API_EXT","hipGetLastError",4188971,4188971,1151,698991651365122,698991651365153
"HIP_COMPILER_API_EXT","__hipPushCallConfiguration",4188971,4188971,1152,698991651365423,698991651365473
"HIP_COMPILER_API_EXT","__hipPopCallConfiguration",4188971,4188971,1153,698991651365844,698991651365894
"HIP_RUNTIME_API_EXT","hipLaunchKernel",4188971,4188971,1154,698991651366635,698991651368098
"HIP_RUNTIME_API_EXT","hipGetLastError",4188971,4188971,1155,698991651368409,698991651368449
"HIP_RUNTIME_API_EXT","hipMemcpyAsync",4188971,4188971,1156,698991651370392,698991651377175
"HIP_RUNTIME_API_EXT","hipMemcpyAsync",4188971,4188971,1157,698991651377856,698991651380241
"HIP_RUNTIME_API_EXT","hipStreamSynchronize",4188971,4188971,1158,698991651383126,698991651822543
"HIP_RUNTIME_API_EXT","hipSetDevice",4188971,4188971,1159,698991651849424,698991651849484
"HIP_RUNTIME_API_EXT","hipMemsetAsync",4188971,4188971,1160,698991651876384,698991651883868
"HIP_RUNTIME_API_EXT","hipMemcpyAsync",4188971,4188971,1161,698991651884630,698991651898526
"HIP_RUNTIME_API_EXT","hipMemcpyAsync",4188971,4188971,1162,698991651899057,698991651902624
"HIP_COMPILER_API_EXT","__hipPushCallConfiguration",4188971,4188971,1163,698991651903034,698991651903255
"HIP_COMPILER_API_EXT","__hipPopCallConfiguration",4188971,4188971,1164,698991651903605,698991651903826
"HIP_RUNTIME_API_EXT","hipLaunchKernel",4188971,4188971,1165,698991651904327,698991651907182
"HIP_RUNTIME_API_EXT","hipGetLastError",4188971,4188971,1166,698991651907603,698991651907723
"HIP_RUNTIME_API_EXT","hipSetDevice",4188971,4188971,1167,698991651908064,698991651908134
"HIP_COMPILER_API_EXT","__hipPushCallConfiguration",4188971,4188971,1168,698991651908445,698991651908485
"HIP_COMPILER_API_EXT","__hipPopCallConfiguration",4188971,4188971,1169,698991651908795,698991651908835
"HIP_RUNTIME_API_EXT","hipLaunchKernel",4188971,4188971,1170,698991651909547,698991651911460
"HIP_RUNTIME_API_EXT","hipGetLastError",4188971,4188971,1171,698991651911851,698991651911881
"HIP_COMPILER_API_EXT","__hipPushCallConfiguration",4188971,4188971,1172,698991651912192,698991651912242
"HIP_COMPILER_API_EXT","__hipPopCallConfiguration",4188971,4188971,1173,698991651912542,698991651912592
"HIP_RUNTIME_API_EXT","hipLaunchKernel",4188971,4188971,1174,698991651912963,698991651914606
"HIP_RUNTIME_API_EXT","hipGetLastError",4188971,4188971,1175,698991651914947,698991651914977
"HIP_COMPILER_API_EXT","__hipPushCallConfiguration",4188971,4188971,1176,698991651915277,698991651915318
"HIP_COMPILER_API_EXT","__hipPopCallConfiguration",4188971,4188971,1177,698991651915628,698991651915678
"HIP_RUNTIME_API_EXT","hipLaunchKernel",4188971,4188971,1178,698991651916099,698991651918063
"HIP_RUNTIME_API_EXT","hipGetLastError",4188971,4188971,1179,698991651918393,698991651918423
"HIP_RUNTIME_API_EXT","hipSetDevice",4188971,4188971,1180,698991651918694,698991651918744
"HIP_COMPILER_API_EXT","__hipPushCallConfiguration",4188971,4188971,1181,698991651919024,698991651919065
"HIP_COMPILER_API_EXT","__hipPopCallConfiguration",4188971,4188971,1182,698991651919365,698991651919405
"HIP_RUNTIME_API_EXT","hipLaunchKernel",4188971,4188971,1183,698991651919806,698991651921790
"HIP_RUNTIME_API_EXT","hipGetLastError",4188971,4188971,1184,698991651922100,698991651922130
"HIP_COMPILER_API_EXT","__hipPushCallConfiguration",4188971,4188971,1185,698991651922411,698991651922461
"HIP_COMPILER_API_EXT","__hipPopCallConfiguration",4188971,4188971,1186,698991651922772,698991651922822
"HIP_RUNTIME_API_EXT","hipLaunchKernel",4188971,4188971,1187,698991651923202,698991651924886
"HIP_RUNTIME_API_EXT","hipGetLastError",4188971,4188971,1188,698991651925236,698991651925266
"HIP_COMPILER_API_EXT","__hipPushCallConfiguration",4188971,4188971,1189,698991651925557,698991651925607
"HIP_COMPILER_API_EXT","__hipPopCallConfiguration",4188971,4188971,1190,698991651925907,698991651925958
"HIP_RUNTIME_API_EXT","hipLaunchKernel",4188971,4188971,1191,698991651926358,698991651927981
"HIP_RUNTIME_API_EXT","hipGetLastError",4188971,4188971,1192,698991651928292,698991651928332
"HIP_RUNTIME_API_EXT","hipSetDevice",4188971,4188971,1193,698991651928602,698991651928643
"HIP_COMPILER_API_EXT","__hipPushCallConfiguration",4188971,4188971,1194,698991651928943,698991651928983
"HIP_COMPILER_API_EXT","__hipPopCallConfiguration",4188971,4188971,1195,698991651929284,698991651929324
"HIP_RUNTIME_API_EXT","hipLaunchKernel",4188971,4188971,1196,698991651929705,698991651931067
"HIP_RUNTIME_API_EXT","hipGetLastError",4188971,4188971,1197,698991651931388,698991651931418
"HIP_COMPILER_API_EXT","__hipPushCallConfiguration",4188971,4188971,1198,698991651931698,698991651931738
"HIP_COMPILER_API_EXT","__hipPopCallConfiguration",4188971,4188971,1199,698991651932049,698991651932089
"HIP_RUNTIME_API_EXT","hipLaunchKernel",4188971,4188971,1200,698991651932470,698991651933652
"HIP_RUNTIME_API_EXT","hipGetLastError",4188971,4188971,1201,698991651933983,698991651934013
"HIP_COMPILER_API_EXT","__hipPushCallConfiguration",4188971,4188971,1202,698991651934303,698991651934353
"HIP_COMPILER_API_EXT","__hipPopCallConfiguration",4188971,4188971,1203,698991651934654,698991651934704
"HIP_RUNTIME_API_EXT","hipLaunchKernel",4188971,4188971,1204,698991651935055,698991651936187
"HIP_RUNTIME_API_EXT","hipGetLastError",4188971,4188971,1205,698991651936497,698991651936527
"HIP_RUNTIME_API_EXT","hipSetDevice",4188971,4188971,1206,698991651936808,698991651936848
"HIP_COMPILER_API_EXT","__hipPushCallConfiguration",4188971,4188971,1207,698991651937139,698991651937189
"HIP_COMPILER_API_EXT","__hipPopCallConfiguration",4188971,4188971,1208,698991651937489,698991651937539
"HIP_RUNTIME_API_EXT","hipLaunchKernel",4188971,4188971,1209,698991651937980,698991651939393
"HIP_RUNTIME_API_EXT","hipGetLastError",4188971,4188971,1210,698991651939753,698991651939784
"HIP_COMPILER_API_EXT","__hipPushCallConfiguration",4188971,4188971,1211,698991651940064,698991651940104
"HIP_COMPILER_API_EXT","__hipPopCallConfiguration",4188971,4188971,1212,698991651940405,698991651940455
"HIP_RUNTIME_API_EXT","hipLaunchKernel",4188971,4188971,1213,698991651940866,698991651942318
"HIP_RUNTIME_API_EXT","hipGetLastError",4188971,4188971,1214,698991651942659,698991651942689
"HIP_COMPILER_API_EXT","__hipPushCallConfiguration",4188971,4188971,1215,698991651942980,698991651943030
"HIP_COMPILER_API_EXT","__hipPopCallConfiguration",4188971,4188971,1216,698991651943360,698991651943400
"HIP_RUNTIME_API_EXT","hipLaunchKernel",4188971,4188971,1217,698991651943861,698991651945224
"HIP_RUNTIME_API_EXT","hipGetLastError",4188971,4188971,1218,698991651945554,698991651945584
"HIP_RUNTIME_API_EXT","hipSetDevice",4188971,4188971,1219,698991651945965,698991651946005
"HIP_COMPILER_API_EXT","__hipPushCallConfiguration",4188971,4188971,1220,698991651946286,698991651946326
"HIP_COMPILER_API_EXT","__hipPopCallConfiguration",4188971,4188971,1221,698991651946666,698991651946707
"HIP_RUNTIME_API_EXT","hipLaunchKernel",4188971,4188971,1222,698991651947117,698991651948650
"HIP_RUNTIME_API_EXT","hipGetLastError",4188971,4188971,1223,698991651949001,698991651949031
"HIP_COMPILER_API_EXT","__hipPushCallConfiguration",4188971,4188971,1224,698991651949311,698991651949362
"HIP_COMPILER_API_EXT","__hipPopCallConfiguration",4188971,4188971,1225,698991651949652,698991651949702
"HIP_RUNTIME_API_EXT","hipLaunchKernel",4188971,4188971,1226,698991651950103,698991651951506
"HIP_RUNTIME_API_EXT","hipGetLastError",4188971,4188971,1227,698991651951876,698991651951906
"HIP_COMPILER_API_EXT","__hipPushCallConfiguration",4188971,4188971,1228,698991651952267,698991651952307
"HIP_COMPILER_API_EXT","__hipPopCallConfiguration",4188971,4188971,1229,698991651952628,698991651952668
"HIP_RUNTIME_API_EXT","hipLaunchKernel",4188971,4188971,1230,698991651953129,698991651954611
"HIP_RUNTIME_API_EXT","hipGetLastError",4188971,4188971,1231,698991651954942,698991651954972
"HIP_RUNTIME_API_EXT","hipSetDevice",4188971,4188971,1232,698991651955293,698991651955343
"HIP_COMPILER_API_EXT","__hipPushCallConfiguration",4188971,4188971,1233,698991651955613,698991651955653
"HIP_COMPILER_API_EXT","__hipPopCallConfiguration",4188971,4188971,1234,698991651955964,698991651956014
"HIP_RUNTIME_API_EXT","hipLaunchKernel",4188971,4188971,1235,698991651956425,698991651957878
"HIP_RUNTIME_API_EXT","hipGetLastError",4188971,4188971,1236,698991651958188,698991651958218
"HIP_COMPILER_API_EXT","__hipPushCallConfiguration",4188971,4188971,1237,698991651958529,698991651958569
"HIP_COMPILER_API_EXT","__hipPopCallConfiguration",4188971,4188971,1238,698991651958879,698991651958920
"HIP_RUNTIME_API_EXT","hipLaunchKernel",4188971,4188971,1239,698991651959310,698991652005798
"HIP_RUNTIME_API_EXT","hipGetLastError",4188971,4188971,1240,698991652006219,698991652006249
"HIP_COMPILER_API_EXT","__hipPushCallConfiguration",4188971,4188971,1241,698991652006529,698991652006579
"HIP_COMPILER_API_EXT","__hipPopCallConfiguration",4188971,4188971,1242,698991652006880,698991652006920
"HIP_RUNTIME_API_EXT","hipLaunchKernel",4188971,4188971,1243,698991652007311,698991652008833
"HIP_RUNTIME_API_EXT","hipGetLastError",4188971,4188971,1244,698991652009164,698991652009194
"HIP_RUNTIME_API_EXT","hipSetDevice",4188971,4188971,1245,698991652009485,698991652009525
"HIP_COMPILER_API_EXT","__hipPushCallConfiguration",4188971,4188971,1246,698991652009825,698991652009986
"HIP_COMPILER_API_EXT","__hipPopCallConfiguration",4188971,4188971,1247,698991652010316,698991652010366
"HIP_RUNTIME_API_EXT","hipLaunchKernel",4188971,4188971,1248,698991652010717,698991652012180
"HIP_RUNTIME_API_EXT","hipGetLastError",4188971,4188971,1249,698991652012520,698991652012550
"HIP_COMPILER_API_EXT","__hipPushCallConfiguration",4188971,4188971,1250,698991652012841,698991652012881
"HIP_COMPILER_API_EXT","__hipPopCallConfiguration",4188971,4188971,1251,698991652013202,698991652013242
"HIP_RUNTIME_API_EXT","hipLaunchKernel",4188971,4188971,1252,698991652013642,698991652015065
"HIP_RUNTIME_API_EXT","hipGetLastError",4188971,4188971,1253,698991652015396,698991652015426
"HIP_COMPILER_API_EXT","__hipPushCallConfiguration",4188971,4188971,1254,698991652015726,698991652015776
"HIP_COMPILER_API_EXT","__hipPopCallConfiguration",4188971,4188971,1255,698991652016087,698991652016137
"HIP_RUNTIME_API_EXT","hipLaunchKernel",4188971,4188971,1256,698991652016518,698991652017900
"HIP_RUNTIME_API_EXT","hipGetLastError",4188971,4188971,1257,698991652018261,698991652018291
"HIP_RUNTIME_API_EXT","hipSetDevice",4188971,4188971,1258,698991652018592,698991652018632
"HIP_COMPILER_API_EXT","__hipPushCallConfiguration",4188971,4188971,1259,698991652018922,698991652018962
"HIP_COMPILER_API_EXT","__hipPopCallConfiguration",4188971,4188971,1260,698991652019273,698991652019323
"HIP_RUNTIME_API_EXT","hipLaunchKernel",4188971,4188971,1261,698991652019754,698991652021287
"HIP_RUNTIME_API_EXT","hipGetLastError",4188971,4188971,1262,698991652021597,698991652021628
"HIP_COMPILER_API_EXT","__hipPushCallConfiguration",4188971,4188971,1263,698991652021918,698991652021958
"HIP_COMPILER_API_EXT","__hipPopCallConfiguration",4188971,4188971,1264,698991652022269,698991652022309
"HIP_RUNTIME_API_EXT","hipLaunchKernel",4188971,4188971,1265,698991652022710,698991652024513
"HIP_RUNTIME_API_EXT","hipGetLastError",4188971,4188971,1266,698991652024854,698991652024884
"HIP_COMPILER_API_EXT","__hipPushCallConfiguration",4188971,4188971,1267,698991652025164,698991652025214
"HIP_COMPILER_API_EXT","__hipPopCallConfiguration",4188971,4188971,1268,698991652025595,698991652025635
"HIP_RUNTIME_API_EXT","hipLaunchKernel",4188971,4188971,1269,698991652026056,698991652080118
"HIP_RUNTIME_API_EXT","hipGetLastError",4188971,4188971,1270,698991652080558,698991652080588
"HIP_RUNTIME_API_EXT","hipSetDevice",4188971,4188971,1271,698991652080859,698991652080899
"HIP_COMPILER_API_EXT","__hipPushCallConfiguration",4188971,4188971,1272,698991652081200,698991652081240
"HIP_COMPILER_API_EXT","__hipPopCallConfiguration",4188971,4188971,1273,698991652081550,698991652081590
"HIP_RUNTIME_API_EXT","hipLaunchKernel",4188971,4188971,1274,698991652081961,698991652083514
"HIP_RUNTIME_API_EXT","hipGetLastError",4188971,4188971,1275,698991652083835,698991652083865
"HIP_COMPILER_API_EXT","__hipPushCallConfiguration",4188971,4188971,1276,698991652084145,698991652084185
"HIP_COMPILER_API_EXT","__hipPopCallConfiguration",4188971,4188971,1277,698991652084506,698991652084546
"HIP_RUNTIME_API_EXT","hipLaunchKernel",4188971,4188971,1278,698991652084947,698991652086480
"HIP_RUNTIME_API_EXT","hipGetLastError",4188971,4188971,1279,698991652086890,698991652086920
"HIP_RUNTIME_API_EXT","hipSetDevice",4188971,4188971,1280,698991652087211,698991652087251
"HIP_COMPILER_API_EXT","__hipPushCallConfiguration",4188971,4188971,1281,698991652087622,698991652087662
"HIP_COMPILER_API_EXT","__hipPopCallConfiguration",4188971,4188971,1282,698991652087982,698991652088032
"HIP_RUNTIME_API_EXT","hipLaunchKernel",4188971,4188971,1283,698991652088473,698991652089956
"HIP_RUNTIME_API_EXT","hipGetLastError",4188971,4188971,1284,698991652090267,698991652090297
"HIP_RUNTIME_API_EXT","hipSetDevice",4188971,4188971,1285,698991652090607,698991652090647
"HIP_COMPILER_API_EXT","__hipPushCallConfiguration",4188971,4188971,1286,698991652091218,698991652091269
"HIP_COMPILER_API_EXT","__hipPopCallConfiguration",4188971,4188971,1287,698991652091639,698991652091679
"HIP_RUNTIME_API_EXT","hipLaunchKernel",4188971,4188971,1288,698991652092100,698991652093603
"HIP_RUNTIME_API_EXT","hipGetLastError",4188971,4188971,1289,698991652093954,698991652093984
"HIP_COMPILER_API_EXT","__hipPushCallConfiguration",4188971,4188971,1290,698991652094294,698991652094344
"HIP_COMPILER_API_EXT","__hipPopCallConfiguration",4188971,4188971,1291,698991652094645,698991652094695
"HIP_RUNTIME_API_EXT","hipLaunchKernel",4188971,4188971,1292,698991652095517,698991652097350
"HIP_RUNTIME_API_EXT","hipGetLastError",4188971,4188971,1293,698991652097701,698991652097731
"HIP_COMPILER_API_EXT","__hipPushCallConfiguration",4188971,4188971,1294,698991652098061,698991652098101
"HIP_COMPILER_API_EXT","__hipPopCallConfiguration",4188971,4188971,1295,698991652098402,698991652098452
"HIP_RUNTIME_API_EXT","hipLaunchKernel",4188971,4188971,1296,698991652098843,698991652100586
"HIP_RUNTIME_API_EXT","hipGetLastError",4188971,4188971,1297,698991652100967,698991652100997
"HIP_COMPILER_API_EXT","__hipPushCallConfiguration",4188971,4188971,1298,698991652101297,698991652101347
"HIP_COMPILER_API_EXT","__hipPopCallConfiguration",4188971,4188971,1299,698991652101648,698991652101698
"HIP_RUNTIME_API_EXT","hipLaunchKernel",4188971,4188971,1300,698991652102149,698991652103542
"HIP_RUNTIME_API_EXT","hipGetLastError",4188971,4188971,1301,698991652103952,698991652103982
"HIP_COMPILER_API_EXT","__hipPushCallConfiguration",4188971,4188971,1302,698991652104283,698991652104333
"HIP_COMPILER_API_EXT","__hipPopCallConfiguration",4188971,4188971,1303,698991652104624,698991652104674
"HIP_RUNTIME_API_EXT","hipLaunchKernel",4188971,4188971,1304,698991652105115,698991652106447
"HIP_RUNTIME_API_EXT","hipGetLastError",4188971,4188971,1305,698991652106788,698991652106818
"HIP_RUNTIME_API_EXT","hipSetDevice",4188971,4188971,1306,698991652107178,698991652107219
"HIP_COMPILER_API_EXT","__hipPushCallConfiguration",4188971,4188971,1307,698991652107499,698991652107549
"HIP_COMPILER_API_EXT","__hipPopCallConfiguration",4188971,4188971,1308,698991652107850,698991652107890
"HIP_RUNTIME_API_EXT","hipLaunchKernel",4188971,4188971,1309,698991652108371,698991652109874
"HIP_RUNTIME_API_EXT","hipGetLastError",4188971,4188971,1310,698991652110194,698991652110224
"HIP_COMPILER_API_EXT","__hipPushCallConfiguration",4188971,4188971,1311,698991652110515,698991652110565
"HIP_COMPILER_API_EXT","__hipPopCallConfiguration",4188971,4188971,1312,698991652110885,698991652110936
"HIP_RUNTIME_API_EXT","hipLaunchKernel",4188971,4188971,1313,698991652111406,698991652112919
"HIP_RUNTIME_API_EXT","hipGetLastError",4188971,4188971,1314,698991652113280,698991652113310
"HIP_COMPILER_API_EXT","__hipPushCallConfiguration",4188971,4188971,1315,698991652113661,698991652113701
"HIP_COMPILER_API_EXT","__hipPopCallConfiguration",4188971,4188971,1316,698991652114011,698991652114051
"HIP_RUNTIME_API_EXT","hipLaunchKernel",4188971,4188971,1317,698991652114442,698991652115825
"HIP_RUNTIME_API_EXT","hipGetLastError",4188971,4188971,1318,698991652116145,698991652116185
"HIP_RUNTIME_API_EXT","hipSetDevice",4188971,4188971,1319,698991652116556,698991652116606
"HIP_COMPILER_API_EXT","__hipPushCallConfiguration",4188971,4188971,1320,698991652116877,698991652116917
"HIP_COMPILER_API_EXT","__hipPopCallConfiguration",4188971,4188971,1321,698991652117227,698991652117277
"HIP_RUNTIME_API_EXT","hipLaunchKernel",4188971,4188971,1322,698991652117738,698991652119281
"HIP_RUNTIME_API_EXT","hipGetLastError",4188971,4188971,1323,698991652119612,698991652119642
"HIP_COMPILER_API_EXT","__hipPushCallConfiguration",4188971,4188971,1324,698991652119932,698991652119973
"HIP_COMPILER_API_EXT","__hipPopCallConfiguration",4188971,4188971,1325,698991652120363,698991652120413
"HIP_RUNTIME_API_EXT","hipLaunchKernel",4188971,4188971,1326,698991652120804,698991652122157
"HIP_RUNTIME_API_EXT","hipGetLastError",4188971,4188971,1327,698991652122497,698991652122527
"HIP_COMPILER_API_EXT","__hipPushCallConfiguration",4188971,4188971,1328,698991652122838,698991652122888
"HIP_COMPILER_API_EXT","__hipPopCallConfiguration",4188971,4188971,1329,698991652123229,698991652123279
"HIP_RUNTIME_API_EXT","hipLaunchKernel",4188971,4188971,1330,698991652123679,698991652125162
"HIP_RUNTIME_API_EXT","hipGetLastError",4188971,4188971,1331,698991652125483,698991652125513
"HIP_RUNTIME_API_EXT","hipSetDevice",4188971,4188971,1332,698991652125793,698991652125834
"HIP_COMPILER_API_EXT","__hipPushCallConfiguration",4188971,4188971,1333,698991652126134,698991652126184
"HIP_COMPILER_API_EXT","__hipPopCallConfiguration",4188971,4188971,1334,698991652126485,698991652126525
"HIP_RUNTIME_API_EXT","hipLaunchKernel",4188971,4188971,1335,698991652126956,698991652128408
"HIP_RUNTIME_API_EXT","hipGetLastError",4188971,4188971,1336,698991652128789,698991652128819
"HIP_COMPILER_API_EXT","__hipPushCallConfiguration",4188971,4188971,1337,698991652129100,698991652129150
"HIP_COMPILER_API_EXT","__hipPopCallConfiguration",4188971,4188971,1338,698991652129450,698991652129500
"HIP_RUNTIME_API_EXT","hipLaunchKernel",4188971,4188971,1339,698991652129951,698991652183402
"HIP_RUNTIME_API_EXT","hipGetLastError",4188971,4188971,1340,698991652183863,698991652183893
"HIP_COMPILER_API_EXT","__hipPushCallConfiguration",4188971,4188971,1341,698991652184183,698991652184233
"HIP_COMPILER_API_EXT","__hipPopCallConfiguration",4188971,4188971,1342,698991652184564,698991652184614
"HIP_RUNTIME_API_EXT","hipLaunchKernel",4188971,4188971,1343,698991652184965,698991652186337
"HIP_RUNTIME_API_EXT","hipGetLastError",4188971,4188971,1344,698991652186648,698991652186678
"HIP_RUNTIME_API_EXT","hipSetDevice",4188971,4188971,1345,698991652187039,698991652187089
"HIP_COMPILER_API_EXT","__hipPushCallConfiguration",4188971,4188971,1346,698991652187359,698991652187409
"HIP_COMPILER_API_EXT","__hipPopCallConfiguration",4188971,4188971,1347,698991652187690,698991652187740
"HIP_RUNTIME_API_EXT","hipLaunchKernel",4188971,4188971,1348,698991652188111,698991652189423
"HIP_RUNTIME_API_EXT","hipGetLastError",4188971,4188971,1349,698991652189744,698991652189774
"HIP_COMPILER_API_EXT","__hipPushCallConfiguration",4188971,4188971,1350,698991652190064,698991652190114
"HIP_COMPILER_API_EXT","__hipPopCallConfiguration",4188971,4188971,1351,698991652190415,698991652190465
"HIP_RUNTIME_API_EXT","hipLaunchKernel",4188971,4188971,1352,698991652190836,698991652192299
"HIP_RUNTIME_API_EXT","hipGetLastError",4188971,4188971,1353,698991652192609,698991652192639
"HIP_COMPILER_API_EXT","__hipPushCallConfiguration",4188971,4188971,1354,698991652192930,698991652192970
"HIP_COMPILER_API_EXT","__hipPopCallConfiguration",4188971,4188971,1355,698991652193260,698991652193310
"HIP_RUNTIME_API_EXT","hipLaunchKernel",4188971,4188971,1356,698991652193691,698991652247152
"HIP_RUNTIME_API_EXT","hipGetLastError",4188971,4188971,1357,698991652247512,698991652247543
"HIP_RUNTIME_API_EXT","hipSetDevice",4188971,4188971,1358,698991652247843,698991652247883
"HIP_COMPILER_API_EXT","__hipPushCallConfiguration",4188971,4188971,1359,698991652248164,698991652248204
"HIP_COMPILER_API_EXT","__hipPopCallConfiguration",4188971,4188971,1360,698991652248594,698991652248645
"HIP_RUNTIME_API_EXT","hipLaunchKernel",4188971,4188971,1361,698991652249085,698991652250648
"HIP_RUNTIME_API_EXT","hipGetLastError",4188971,4188971,1362,698991652251049,698991652251079
"HIP_COMPILER_API_EXT","__hipPushCallConfiguration",4188971,4188971,1363,698991652251360,698991652251410
"HIP_COMPILER_API_EXT","__hipPopCallConfiguration",4188971,4188971,1364,698991652251710,698991652251750
"HIP_RUNTIME_API_EXT","hipLaunchKernel",4188971,4188971,1365,698991652252111,698991652254155
"HIP_RUNTIME_API_EXT","hipGetLastError",4188971,4188971,1366,698991652254586,698991652254616
"HIP_COMPILER_API_EXT","__hipPushCallConfiguration",4188971,4188971,1367,698991652254906,698991652254956
"HIP_COMPILER_API_EXT","__hipPopCallConfiguration",4188971,4188971,1368,698991652255257,698991652255307
"HIP_RUNTIME_API_EXT","hipLaunchKernel",4188971,4188971,1369,698991652255768,698991652309649
"HIP_RUNTIME_API_EXT","hipGetLastError",4188971,4188971,1370,698991652310160,698991652310190
"HIP_RUNTIME_API_EXT","hipSetDevice",4188971,4188971,1371,698991652310471,698991652310511
"HIP_COMPILER_API_EXT","__hipPushCallConfiguration",4188971,4188971,1372,698991652310791,698991652310832
"HIP_COMPILER_API_EXT","__hipPopCallConfiguration",4188971,4188971,1373,698991652311132,698991652311172
"HIP_RUNTIME_API_EXT","hipLaunchKernel",4188971,4188971,1374,698991652311523,698991652312936
"HIP_RUNTIME_API_EXT","hipGetLastError",4188971,4188971,1375,698991652313256,698991652313286
"HIP_COMPILER_API_EXT","__hipPushCallConfiguration",4188971,4188971,1376,698991652313667,698991652313707
"HIP_COMPILER_API_EXT","__hipPopCallConfiguration",4188971,4188971,1377,698991652314068,698991652314118
"HIP_RUNTIME_API_EXT","hipLaunchKernel",4188971,4188971,1378,698991652314468,698991652315971
"HIP_RUNTIME_API_EXT","hipGetLastError",4188971,4188971,1379,698991652316352,698991652316382
"HIP_COMPILER_API_EXT","__hipPushCallConfiguration",4188971,4188971,1380,698991652316663,698991652316703
"HIP_COMPILER_API_EXT","__hipPopCallConfiguration",4188971,4188971,1381,698991652317003,698991652317043
"HIP_RUNTIME_API_EXT","hipLaunchKernel",4188971,4188971,1382,698991652317394,698991652319007
"HIP_RUNTIME_API_EXT","hipGetLastError",4188971,4188971,1383,698991652319328,698991652319358
"HIP_RUNTIME_API_EXT","hipSetDevice",4188971,4188971,1384,698991652319648,698991652319688
"HIP_COMPILER_API_EXT","__hipPushCallConfiguration",4188971,4188971,1385,698991652319979,698991652320029
"HIP_COMPILER_API_EXT","__hipPopCallConfiguration",4188971,4188971,1386,698991652320319,698991652320370
"HIP_RUNTIME_API_EXT","hipLaunchKernel",4188971,4188971,1387,698991652320740,698991652322153
"HIP_RUNTIME_API_EXT","hipGetLastError",4188971,4188971,1388,698991652322473,698991652322504
"HIP_COMPILER_API_EXT","__hipPushCallConfiguration",4188971,4188971,1389,698991652322804,698991652322844
"HIP_COMPILER_API_EXT","__hipPopCallConfiguration",4188971,4188971,1390,698991652323155,698991652323195
"HIP_RUNTIME_API_EXT","hipLaunchKernel",4188971,4188971,1391,698991652323556,698991652324988
"HIP_RUNTIME_API_EXT","hipGetLastError",4188971,4188971,1392,698991652325299,698991652325329
"HIP_COMPILER_API_EXT","__hipPushCallConfiguration",4188971,4188971,1393,698991652325609,698991652325649
"HIP_COMPILER_API_EXT","__hipPopCallConfiguration",4188971,4188971,1394,698991652325970,698991652326010
"HIP_RUNTIME_API_EXT","hipLaunchKernel",4188971,4188971,1395,698991652326441,698991652327803
"HIP_RUNTIME_API_EXT","hipGetLastError",4188971,4188971,1396,698991652328124,698991652328154
"HIP_RUNTIME_API_EXT","hipSetDevice",4188971,4188971,1397,698991652328425,698991652328475
"HIP_COMPILER_API_EXT","__hipPushCallConfiguration",4188971,4188971,1398,698991652328785,698991652328835
"HIP_COMPILER_API_EXT","__hipPopCallConfiguration",4188971,4188971,1399,698991652329136,698991652329176
"HIP_RUNTIME_API_EXT","hipLaunchKernel",4188971,4188971,1400,698991652329567,698991652330979
"HIP_RUNTIME_API_EXT","hipGetLastError",4188971,4188971,1401,698991652332062,698991652332092
"HIP_COMPILER_API_EXT","__hipPushCallConfiguration",4188971,4188971,1402,698991652393938,698991652393978
"HIP_COMPILER_API_EXT","__hipPopCallConfiguration",4188971,4188971,1403,698991652394389,698991652394439
"HIP_RUNTIME_API_EXT","hipLaunchKernel",4188971,4188971,1404,698991652395000,698991652396833
"HIP_RUNTIME_API_EXT","hipGetLastError",4188971,4188971,1405,698991652397234,698991652397264
"HIP_COMPILER_API_EXT","__hipPushCallConfiguration",4188971,4188971,1406,698991652397545,698991652397585
"HIP_COMPILER_API_EXT","__hipPopCallConfiguration",4188971,4188971,1407,698991652397895,698991652397935
"HIP_RUNTIME_API_EXT","hipLaunchKernel",4188971,4188971,1408,698991652398306,698991652400270
"HIP_RUNTIME_API_EXT","hipGetLastError",4188971,4188971,1409,698991652400681,698991652400711
"HIP_RUNTIME_API_EXT","hipSetDevice",4188971,4188971,1410,698991652401031,698991652401071
"HIP_COMPILER_API_EXT","__hipPushCallConfiguration",4188971,4188971,1411,698991652401352,698991652401392
"HIP_COMPILER_API_EXT","__hipPopCallConfiguration",4188971,4188971,1412,698991652401682,698991652401733
"HIP_RUNTIME_API_EXT","hipLaunchKernel",4188971,4188971,1413,698991652402083,698991652403686
"HIP_RUNTIME_API_EXT","hipGetLastError",4188971,4188971,1414,698991652403997,698991652404027
"HIP_COMPILER_API_EXT","__hipPushCallConfiguration",4188971,4188971,1415,698991652404327,698991652404368
"HIP_COMPILER_API_EXT","__hipPopCallConfiguration",4188971,4188971,1416,698991652404738,698991652404788
"HIP_RUNTIME_API_EXT","hipLaunchKernel",4188971,4188971,1417,698991652405139,698991652406802
"HIP_RUNTIME_API_EXT","hipGetLastError",4188971,4188971,1418,698991652407173,698991652407203
"HIP_RUNTIME_API_EXT","hipSetDevice",4188971,4188971,1419,698991652407493,698991652407533
"HIP_COMPILER_API_EXT","__hipPushCallConfiguration",4188971,4188971,1420,698991652407814,698991652407864
"HIP_COMPILER_API_EXT","__hipPopCallConfiguration",4188971,4188971,1421,698991652408165,698991652408215
"HIP_RUNTIME_API_EXT","hipLaunchKernel",4188971,4188971,1422,698991652408616,698991652410138
"HIP_RUNTIME_API_EXT","hipGetLastError",4188971,4188971,1423,698991652410469,698991652410499
"HIP_RUNTIME_API_EXT","hipSetDevice",4188971,4188971,1424,698991652410790,698991652410830
"HIP_COMPILER_API_EXT","__hipPushCallConfiguration",4188971,4188971,1425,698991652411130,698991652411170
"HIP_COMPILER_API_EXT","__hipPopCallConfiguration",4188971,4188971,1426,698991652411471,698991652411521
"HIP_RUNTIME_API_EXT","hipLaunchKernel",4188971,4188971,1427,698991652411862,698991652413465
"HIP_RUNTIME_API_EXT","hipGetLastError",4188971,4188971,1428,698991652413785,698991652413815
"HIP_COMPILER_API_EXT","__hipPushCallConfiguration",4188971,4188971,1429,698991652414176,698991652414226
"HIP_COMPILER_API_EXT","__hipPopCallConfiguration",4188971,4188971,1430,698991652414567,698991652414617
"HIP_RUNTIME_API_EXT","hipLaunchKernel",4188971,4188971,1431,698991652414957,698991652416410
"HIP_RUNTIME_API_EXT","hipGetLastError",4188971,4188971,1432,698991652416811,698991652416841
"HIP_COMPILER_API_EXT","__hipPushCallConfiguration",4188971,4188971,1433,698991652417122,698991652417162
"HIP_COMPILER_API_EXT","__hipPopCallConfiguration",4188971,4188971,1434,698991652417472,698991652417512
"HIP_RUNTIME_API_EXT","hipLaunchKernel",4188971,4188971,1435,698991652417863,698991652419145
"HIP_RUNTIME_API_EXT","hipGetLastError",4188971,4188971,1436,698991652419486,698991652419516
"HIP_COMPILER_API_EXT","__hipPushCallConfiguration",4188971,4188971,1437,698991652419797,698991652419847
"HIP_COMPILER_API_EXT","__hipPopCallConfiguration",4188971,4188971,1438,698991652420187,698991652420237
"HIP_RUNTIME_API_EXT","hipLaunchKernel",4188971,4188971,1439,698991652420648,698991652422542
"HIP_RUNTIME_API_EXT","hipGetLastError",4188971,4188971,1440,698991652422912,698991652422952
"HIP_COMPILER_API_EXT","__hipPushCallConfiguration",4188971,4188971,1441,698991652423253,698991652423293
"HIP_COMPILER_API_EXT","__hipPopCallConfiguration",4188971,4188971,1442,698991652423594,698991652423644
"HIP_RUNTIME_API_EXT","hipLaunchKernel",4188971,4188971,1443,698991652424035,698991652425638
"HIP_RUNTIME_API_EXT","hipGetLastError",4188971,4188971,1444,698991652426018,698991652426048
"HIP_RUNTIME_API_EXT","hipSetDevice",4188971,4188971,1445,698991652426319,698991652426359
"HIP_COMPILER_API_EXT","__hipPushCallConfiguration",4188971,4188971,1446,698991652426659,698991652426700
"HIP_COMPILER_API_EXT","__hipPopCallConfiguration",4188971,4188971,1447,698991652426990,698991652427040
"HIP_RUNTIME_API_EXT","hipLaunchKernel",4188971,4188971,1448,698991652427381,698991652428934
"HIP_RUNTIME_API_EXT","hipGetLastError",4188971,4188971,1449,698991652429284,698991652429314
"HIP_COMPILER_API_EXT","__hipPushCallConfiguration",4188971,4188971,1450,698991652429655,698991652429695
"HIP_COMPILER_API_EXT","__hipPopCallConfiguration",4188971,4188971,1451,698991652430006,698991652430056
"HIP_RUNTIME_API_EXT","hipLaunchKernel",4188971,4188971,1452,698991652430396,698991652431869
"HIP_RUNTIME_API_EXT","hipGetLastError",4188971,4188971,1453,698991652432210,698991652432240
"HIP_COMPILER_API_EXT","__hipPushCallConfiguration",4188971,4188971,1454,698991652432531,698991652432571
"HIP_COMPILER_API_EXT","__hipPopCallConfiguration",4188971,4188971,1455,698991652432941,698991652432981
"HIP_RUNTIME_API_EXT","hipLaunchKernel",4188971,4188971,1456,698991652433332,698991652434855
"HIP_RUNTIME_API_EXT","hipGetLastError",4188971,4188971,1457,698991652435186,698991652435216
"HIP_RUNTIME_API_EXT","hipSetDevice",4188971,4188971,1458,698991652435506,698991652435556
"HIP_COMPILER_API_EXT","__hipPushCallConfiguration",4188971,4188971,1459,698991652435907,698991652435957
"HIP_COMPILER_API_EXT","__hipPopCallConfiguration",4188971,4188971,1460,698991652436248,698991652436288
"HIP_RUNTIME_API_EXT","hipLaunchKernel",4188971,4188971,1461,698991652436658,698991652438121
"HIP_RUNTIME_API_EXT","hipGetLastError",4188971,4188971,1462,698991652438442,698991652438472
"HIP_COMPILER_API_EXT","__hipPushCallConfiguration",4188971,4188971,1463,698991652438762,698991652438812
"HIP_COMPILER_API_EXT","__hipPopCallConfiguration",4188971,4188971,1464,698991652439113,698991652439163
"HIP_RUNTIME_API_EXT","hipLaunchKernel",4188971,4188971,1465,698991652439544,698991652441307
"HIP_RUNTIME_API_EXT","hipGetLastError",4188971,4188971,1466,698991652441678,698991652441708
"HIP_COMPILER_API_EXT","__hipPushCallConfiguration",4188971,4188971,1467,698991652441988,698991652442028
"HIP_COMPILER_API_EXT","__hipPopCallConfiguration",4188971,4188971,1468,698991652442359,698991652442399
"HIP_RUNTIME_API_EXT","hipLaunchKernel",4188971,4188971,1469,698991652442760,698991652444182
"HIP_RUNTIME_API_EXT","hipGetLastError",4188971,4188971,1470,698991652444573,698991652444603
"HIP_RUNTIME_API_EXT","hipSetDevice",4188971,4188971,1471,698991652444904,698991652444944
"HIP_COMPILER_API_EXT","__hipPushCallConfiguration",4188971,4188971,1472,698991652445234,698991652445285
"HIP_COMPILER_API_EXT","__hipPopCallConfiguration",4188971,4188971,1473,698991652445635,698991652445675
"HIP_RUNTIME_API_EXT","hipLaunchKernel",4188971,4188971,1474,698991652446036,698991652447549
"HIP_RUNTIME_API_EXT","hipGetLastError",4188971,4188971,1475,698991652447869,698991652447899
"HIP_COMPILER_API_EXT","__hipPushCallConfiguration",4188971,4188971,1476,698991652448170,698991652448220
"HIP_COMPILER_API_EXT","__hipPopCallConfiguration",4188971,4188971,1477,698991652448521,698991652448571
"HIP_RUNTIME_API_EXT","hipLaunchKernel",4188971,4188971,1478,698991652448941,698991652450484
"HIP_RUNTIME_API_EXT","hipGetLastError",4188971,4188971,1479,698991652450815,698991652450845
"HIP_COMPILER_API_EXT","__hipPushCallConfiguration",4188971,4188971,1480,698991652451176,698991652451226
"HIP_COMPILER_API_EXT","__hipPopCallConfiguration",4188971,4188971,1481,698991652451566,698991652451606
"HIP_RUNTIME_API_EXT","hipLaunchKernel",4188971,4188971,1482,698991652451977,698991652453480
"HIP_RUNTIME_API_EXT","hipGetLastError",4188971,4188971,1483,698991652453801,698991652453831
"HIP_RUNTIME_API_EXT","hipSetDevice",4188971,4188971,1484,698991652454161,698991652454211
"HIP_COMPILER_API_EXT","__hipPushCallConfiguration",4188971,4188971,1485,698991652454502,698991652454552
"HIP_COMPILER_API_EXT","__hipPopCallConfiguration",4188971,4188971,1486,698991652454842,698991652454893
"HIP_RUNTIME_API_EXT","hipLaunchKernel",4188971,4188971,1487,698991652455253,698991652456726
"HIP_RUNTIME_API_EXT","hipGetLastError",4188971,4188971,1488,698991652457097,698991652457137
"HIP_COMPILER_API_EXT","__hipPushCallConfiguration",4188971,4188971,1489,698991652457407,698991652457457
"HIP_COMPILER_API_EXT","__hipPopCallConfiguration",4188971,4188971,1490,698991652457768,698991652457818
"HIP_RUNTIME_API_EXT","hipLaunchKernel",4188971,4188971,1491,698991652458199,698991652511810
"HIP_RUNTIME_API_EXT","hipGetLastError",4188971,4188971,1492,698991652512210,698991652512240
"HIP_COMPILER_API_EXT","__hipPushCallConfiguration",4188971,4188971,1493,698991652512531,698991652512581
"HIP_COMPILER_API_EXT","__hipPopCallConfiguration",4188971,4188971,1494,698991652512872,698991652512922
"HIP_RUNTIME_API_EXT","hipLaunchKernel",4188971,4188971,1495,698991652513262,698991652566813
"HIP_RUNTIME_API_EXT","hipGetLastError",4188971,4188971,1496,698991652567244,698991652567274
"HIP_RUNTIME_API_EXT","hipSetDevice",4188971,4188971,1497,698991652567575,698991652567625
"HIP_COMPILER_API_EXT","__hipPushCallConfiguration",4188971,4188971,1498,698991652567905,698991652567955
"HIP_COMPILER_API_EXT","__hipPopCallConfiguration",4188971,4188971,1499,698991652568286,698991652568326
"HIP_RUNTIME_API_EXT","hipLaunchKernel",4188971,4188971,1500,698991652568687,698991652570179
"HIP_RUNTIME_API_EXT","hipGetLastError",4188971,4188971,1501,698991652570520,698991652570550
"HIP_COMPILER_API_EXT","__hipPushCallConfiguration",4188971,4188971,1502,698991652570831,698991652570881
"HIP_COMPILER_API_EXT","__hipPopCallConfiguration",4188971,4188971,1503,698991652571191,698991652571241
"HIP_RUNTIME_API_EXT","hipLaunchKernel",4188971,4188971,1504,698991652571642,698991652573325
"HIP_RUNTIME_API_EXT","hipGetLastError",4188971,4188971,1505,698991652573736,698991652573766
"HIP_COMPILER_API_EXT","__hipPushCallConfiguration",4188971,4188971,1506,698991652574067,698991652574107
"HIP_COMPILER_API_EXT","__hipPopCallConfiguration",4188971,4188971,1507,698991652574427,698991652574468
"HIP_RUNTIME_API_EXT","hipLaunchKernel",4188971,4188971,1508,698991652574808,698991652576151
"HIP_RUNTIME_API_EXT","hipGetLastError",4188971,4188971,1509,698991652576511,698991652576541
"HIP_RUNTIME_API_EXT","hipSetDevice",4188971,4188971,1510,698991652576832,698991652576872
"HIP_COMPILER_API_EXT","__hipPushCallConfiguration",4188971,4188971,1511,698991652577223,698991652577263
"HIP_COMPILER_API_EXT","__hipPopCallConfiguration",4188971,4188971,1512,698991652577573,698991652577613
"HIP_RUNTIME_API_EXT","hipLaunchKernel",4188971,4188971,1513,698991652577964,698991652579577
"HIP_RUNTIME_API_EXT","hipGetLastError",4188971,4188971,1514,698991652579908,698991652579938
"HIP_COMPILER_API_EXT","__hipPushCallConfiguration",4188971,4188971,1515,698991652580248,698991652580288
"HIP_COMPILER_API_EXT","__hipPopCallConfiguration",4188971,4188971,1516,698991652580589,698991652580639
"HIP_RUNTIME_API_EXT","hipLaunchKernel",4188971,4188971,1517,698991652580980,698991652634831
"HIP_RUNTIME_API_EXT","hipGetLastError",4188971,4188971,1518,698991652635202,698991652635232
"HIP_COMPILER_API_EXT","__hipPushCallConfiguration",4188971,4188971,1519,698991652635512,698991652635562
"HIP_COMPILER_API_EXT","__hipPopCallConfiguration",4188971,4188971,1520,698991652635953,698991652636003
"HIP_RUNTIME_API_EXT","hipLaunchKernel",4188971,4188971,1521,698991652636344,698991652637907
"HIP_RUNTIME_API_EXT","hipGetLastError",4188971,4188971,1522,698991652638227,698991652638258
"HIP_RUNTIME_API_EXT","hipSetDevice",4188971,4188971,1523,698991652638538,698991652638578
"HIP_COMPILER_API_EXT","__hipPushCallConfiguration",4188971,4188971,1524,698991652638859,698991652638899
"HIP_COMPILER_API_EXT","__hipPopCallConfiguration",4188971,4188971,1525,698991652639199,698991652639239
"HIP_RUNTIME_API_EXT","hipLaunchKernel",4188971,4188971,1526,698991652639590,698991652641003
"HIP_RUNTIME_API_EXT","hipGetLastError",4188971,4188971,1527,698991652641353,698991652641393
"HIP_COMPILER_API_EXT","__hipPushCallConfiguration",4188971,4188971,1528,698991652641714,698991652641754
"HIP_COMPILER_API_EXT","__hipPopCallConfiguration",4188971,4188971,1529,698991652642065,698991652642105
"HIP_RUNTIME_API_EXT","hipLaunchKernel",4188971,4188971,1530,698991652642465,698991652643888
"HIP_RUNTIME_API_EXT","hipGetLastError",4188971,4188971,1531,698991652644239,698991652644269
"HIP_COMPILER_API_EXT","__hipPushCallConfiguration",4188971,4188971,1532,698991652644539,698991652644589
"HIP_COMPILER_API_EXT","__hipPopCallConfiguration",4188971,4188971,1533,698991652644880,698991652644930
"HIP_RUNTIME_API_EXT","hipLaunchKernel",4188971,4188971,1534,698991652645271,698991652646653
"HIP_RUNTIME_API_EXT","hipGetLastError",4188971,4188971,1535,698991652646974,698991652647004
"HIP_RUNTIME_API_EXT","hipSetDevice",4188971,4188971,1536,698991652647285,698991652647325
"HIP_COMPILER_API_EXT","__hipPushCallConfiguration",4188971,4188971,1537,698991652647695,698991652647745
"HIP_COMPILER_API_EXT","__hipPopCallConfiguration",4188971,4188971,1538,698991652648036,698991652648086
"HIP_RUNTIME_API_EXT","hipLaunchKernel",4188971,4188971,1539,698991652648447,698991652650360
"HIP_RUNTIME_API_EXT","hipGetLastError",4188971,4188971,1540,698991652650731,698991652650761
"HIP_COMPILER_API_EXT","__hipPushCallConfiguration",4188971,4188971,1541,698991652651052,698991652651102
"HIP_COMPILER_API_EXT","__hipPopCallConfiguration",4188971,4188971,1542,698991652651412,698991652651452
"HIP_RUNTIME_API_EXT","hipLaunchKernel",4188971,4188971,1543,698991652651853,698991652653316
"HIP_RUNTIME_API_EXT","hipGetLastError",4188971,4188971,1544,698991652653646,698991652653677
"HIP_COMPILER_API_EXT","__hipPushCallConfiguration",4188971,4188971,1545,698991652653987,698991652654037
"HIP_COMPILER_API_EXT","__hipPopCallConfiguration",4188971,4188971,1546,698991652654378,698991652654418
"HIP_RUNTIME_API_EXT","hipLaunchKernel",4188971,4188971,1547,698991652654779,698991652656332
"HIP_RUNTIME_API_EXT","hipGetLastError",4188971,4188971,1548,698991652656722,698991652656752
"HIP_RUNTIME_API_EXT","hipSetDevice",4188971,4188971,1549,698991652657033,698991652657073
"HIP_COMPILER_API_EXT","__hipPushCallConfiguration",4188971,4188971,1550,698991652657384,698991652657424
"HIP_COMPILER_API_EXT","__hipPopCallConfiguration",4188971,4188971,1551,698991652657754,698991652657794
"HIP_RUNTIME_API_EXT","hipLaunchKernel",4188971,4188971,1552,698991652658155,698991652659688
"HIP_RUNTIME_API_EXT","hipGetLastError",4188971,4188971,1553,698991652660008,698991652660039
"HIP_COMPILER_API_EXT","__hipPushCallConfiguration",4188971,4188971,1554,698991652660319,698991652660359
"HIP_COMPILER_API_EXT","__hipPopCallConfiguration",4188971,4188971,1555,698991652660670,698991652660720
"HIP_RUNTIME_API_EXT","hipLaunchKernel",4188971,4188971,1556,698991652661070,698991652714952
"HIP_RUNTIME_API_EXT","hipGetLastError",4188971,4188971,1557,698991652715312,698991652715343
"HIP_RUNTIME_API_EXT","hipSetDevice",4188971,4188971,1558,698991652715633,698991652715673
"HIP_COMPILER_API_EXT","__hipPushCallConfiguration",4188971,4188971,1559,698991652716044,698991652716084
"HIP_COMPILER_API_EXT","__hipPopCallConfiguration",4188971,4188971,1560,698991652716385,698991652716435
"HIP_RUNTIME_API_EXT","hipLaunchKernel",4188971,4188971,1561,698991652716785,698991652770186
"HIP_RUNTIME_API_EXT","hipGetLastError",4188971,4188971,1562,698991652770576,698991652770607
"HIP_RUNTIME_API_EXT","hipSetDevice",4188971,4188971,1563,698991652770887,698991652770937
"HIP_COMPILER_API_EXT","__hipPushCallConfiguration",4188971,4188971,1564,698991652771208,698991652771258
"HIP_COMPILER_API_EXT","__hipPopCallConfiguration",4188971,4188971,1565,698991652771558,698991652771598
"HIP_RUNTIME_API_EXT","hipLaunchKernel",4188971,4188971,1566,698991652771959,698991652826842
"HIP_RUNTIME_API_EXT","hipGetLastError",4188971,4188971,1567,698991652827243,698991652827273
"HIP_COMPILER_API_EXT","__hipPushCallConfiguration",4188971,4188971,1568,698991652827584,698991652827634
"HIP_COMPILER_API_EXT","__hipPopCallConfiguration",4188971,4188971,1569,698991652827924,698991652827974
"HIP_RUNTIME_API_EXT","hipLaunchKernel",4188971,4188971,1570,698991652828335,698991652882377
"HIP_RUNTIME_API_EXT","hipGetLastError",4188971,4188971,1571,698991652882747,698991652882788
"HIP_COMPILER_API_EXT","__hipPushCallConfiguration",4188971,4188971,1572,698991652883058,698991652883108
"HIP_COMPILER_API_EXT","__hipPopCallConfiguration",4188971,4188971,1573,698991652883409,698991652883459
"HIP_RUNTIME_API_EXT","hipLaunchKernel",4188971,4188971,1574,698991652883809,698991652937741
"HIP_RUNTIME_API_EXT","hipGetLastError",4188971,4188971,1575,698991652938122,698991652938152
"HIP_COMPILER_API_EXT","__hipPushCallConfiguration",4188971,4188971,1576,698991652938422,698991652938472
"HIP_COMPILER_API_EXT","__hipPopCallConfiguration",4188971,4188971,1577,698991652938773,698991652938823
"HIP_RUNTIME_API_EXT","hipLaunchKernel",4188971,4188971,1578,698991652939254,698991652963249
"HIP_RUNTIME_API_EXT","hipGetLastError",4188971,4188971,1579,698991652964722,698991652964892
"HIP_COMPILER_API_EXT","__hipPushCallConfiguration",4188971,4188971,1580,698991652965503,698991652965704
"HIP_COMPILER_API_EXT","__hipPopCallConfiguration",4188971,4188971,1581,698991652966144,698991652966315
"HIP_RUNTIME_API_EXT","hipLaunchKernel",4188971,4188971,1582,698991652967036,698991653003956
"HIP_RUNTIME_API_EXT","hipGetLastError",4188971,4188971,1583,698991653004446,698991653004476
"HIP_RUNTIME_API_EXT","hipSetDevice",4188971,4188971,1584,698991653004947,698991653005098
"HIP_COMPILER_API_EXT","__hipPushCallConfiguration",4188971,4188971,1585,698991653005438,698991653005488
"HIP_COMPILER_API_EXT","__hipPopCallConfiguration",4188971,4188971,1586,698991653005829,698991653005869
"HIP_RUNTIME_API_EXT","hipLaunchKernel",4188971,4188971,1587,698991653006280,698991653060382
"HIP_RUNTIME_API_EXT","hipGetLastError",4188971,4188971,1588,698991653060772,698991653060812
"HIP_COMPILER_API_EXT","__hipPushCallConfiguration",4188971,4188971,1589,698991653061113,698991653061153
"HIP_COMPILER_API_EXT","__hipPopCallConfiguration",4188971,4188971,1590,698991653061494,698991653061534
"HIP_RUNTIME_API_EXT","hipLaunchKernel",4188971,4188971,1591,698991653061905,698991653116117
"HIP_RUNTIME_API_EXT","hipGetLastError",4188971,4188971,1592,698991653116507,698991653116537
"HIP_COMPILER_API_EXT","__hipPushCallConfiguration",4188971,4188971,1593,698991653116838,698991653116888
"HIP_COMPILER_API_EXT","__hipPopCallConfiguration",4188971,4188971,1594,698991653117179,698991653117229
"HIP_RUNTIME_API_EXT","hipLaunchKernel",4188971,4188971,1595,698991653117579,698991653171280
"HIP_RUNTIME_API_EXT","hipGetLastError",4188971,4188971,1596,698991653171681,698991653171711
"HIP_RUNTIME_API_EXT","hipSetDevice",4188971,4188971,1597,698991653171982,698991653172022
"HIP_COMPILER_API_EXT","__hipPushCallConfiguration",4188971,4188971,1598,698991653172292,698991653172342
"HIP_COMPILER_API_EXT","__hipPopCallConfiguration",4188971,4188971,1599,698991653172643,698991653172693
"HIP_RUNTIME_API_EXT","hipLaunchKernel",4188971,4188971,1600,698991653173044,698991653226955
"HIP_RUNTIME_API_EXT","hipGetLastError",4188971,4188971,1601,698991653227426,698991653227456
"HIP_COMPILER_API_EXT","__hipPushCallConfiguration",4188971,4188971,1602,698991653227757,698991653227797
"HIP_COMPILER_API_EXT","__hipPopCallConfiguration",4188971,4188971,1603,698991653228107,698991653228147
"HIP_RUNTIME_API_EXT","hipLaunchKernel",4188971,4188971,1604,698991653228538,698991653282600
"HIP_RUNTIME_API_EXT","hipGetLastError",4188971,4188971,1605,698991653282980,698991653283020
"HIP_COMPILER_API_EXT","__hipPushCallConfiguration",4188971,4188971,1606,698991653283291,698991653283341
"HIP_COMPILER_API_EXT","__hipPopCallConfiguration",4188971,4188971,1607,698991653283652,698991653283702
"HIP_RUNTIME_API_EXT","hipLaunchKernel",4188971,4188971,1608,698991653284052,698991653337904
"HIP_RUNTIME_API_EXT","hipGetLastError",4188971,4188971,1609,698991653338325,698991653338355
"HIP_RUNTIME_API_EXT","hipSetDevice",4188971,4188971,1610,698991653338635,698991653338675
"HIP_COMPILER_API_EXT","__hipPushCallConfiguration",4188971,4188971,1611,698991653338966,698991653339006
"HIP_COMPILER_API_EXT","__hipPopCallConfiguration",4188971,4188971,1612,698991653339306,698991653339346
"HIP_RUNTIME_API_EXT","hipLaunchKernel",4188971,4188971,1613,698991653339757,698991653393999
"HIP_RUNTIME_API_EXT","hipGetLastError",4188971,4188971,1614,698991653394360,698991653394390
"HIP_COMPILER_API_EXT","__hipPushCallConfiguration",4188971,4188971,1615,698991653394681,698991653394731
"HIP_COMPILER_API_EXT","__hipPopCallConfiguration",4188971,4188971,1616,698991653395031,698991653395081
"HIP_RUNTIME_API_EXT","hipLaunchKernel",4188971,4188971,1617,698991653395462,698991653449884
"HIP_RUNTIME_API_EXT","hipGetLastError",4188971,4188971,1618,698991653450255,698991653450285
"HIP_COMPILER_API_EXT","__hipPushCallConfiguration",4188971,4188971,1619,698991653450566,698991653450616
"HIP_COMPILER_API_EXT","__hipPopCallConfiguration",4188971,4188971,1620,698991653450916,698991653450966
"HIP_RUNTIME_API_EXT","hipLaunchKernel",4188971,4188971,1621,698991653451327,698991653505219
"HIP_RUNTIME_API_EXT","hipGetLastError",4188971,4188971,1622,698991653505609,698991653505639
"HIP_RUNTIME_API_EXT","hipSetDevice",4188971,4188971,1623,698991653505920,698991653505960
"HIP_COMPILER_API_EXT","__hipPushCallConfiguration",4188971,4188971,1624,698991653506240,698991653506291
"HIP_COMPILER_API_EXT","__hipPopCallConfiguration",4188971,4188971,1625,698991653506581,698991653506631
"HIP_RUNTIME_API_EXT","hipLaunchKernel",4188971,4188971,1626,698991653507022,698991653561154
"HIP_RUNTIME_API_EXT","hipGetLastError",4188971,4188971,1627,698991653561595,698991653561625
"HIP_COMPILER_API_EXT","__hipPushCallConfiguration",4188971,4188971,1628,698991653561905,698991653561955
"HIP_COMPILER_API_EXT","__hipPopCallConfiguration",4188971,4188971,1629,698991653562246,698991653562296
"HIP_RUNTIME_API_EXT","hipLaunchKernel",4188971,4188971,1630,698991653562657,698991653616227
"HIP_RUNTIME_API_EXT","hipGetLastError",4188971,4188971,1631,698991653616598,698991653616628
"HIP_COMPILER_API_EXT","__hipPushCallConfiguration",4188971,4188971,1632,698991653616929,698991653616969
"HIP_COMPILER_API_EXT","__hipPopCallConfiguration",4188971,4188971,1633,698991653617279,698991653617319
"HIP_RUNTIME_API_EXT","hipLaunchKernel",4188971,4188971,1634,698991653617710,698991653673645
"HIP_RUNTIME_API_EXT","hipGetLastError",4188971,4188971,1635,698991653674517,698991653674547
"HIP_RUNTIME_API_EXT","hipSetDevice",4188971,4188971,1636,698991653674848,698991653674898
"HIP_COMPILER_API_EXT","__hipPushCallConfiguration",4188971,4188971,1637,698991653675168,698991653675218
"HIP_COMPILER_API_EXT","__hipPopCallConfiguration",4188971,4188971,1638,698991653675529,698991653675569
"HIP_RUNTIME_API_EXT","hipLaunchKernel",4188971,4188971,1639,698991653675950,698991653677853
"HIP_RUNTIME_API_EXT","hipGetLastError",4188971,4188971,1640,698991653678184,698991653678214
"HIP_COMPILER_API_EXT","__hipPushCallConfiguration",4188971,4188971,1641,698991653678504,698991653678555
"HIP_COMPILER_API_EXT","__hipPopCallConfiguration",4188971,4188971,1642,698991653678875,698991653678915
"HIP_RUNTIME_API_EXT","hipLaunchKernel",4188971,4188971,1643,698991653679306,698991653680969
"HIP_RUNTIME_API_EXT","hipGetLastError",4188971,4188971,1644,698991653681310,698991653681340
"HIP_COMPILER_API_EXT","__hipPushCallConfiguration",4188971,4188971,1645,698991653681630,698991653681680
"HIP_COMPILER_API_EXT","__hipPopCallConfiguration",4188971,4188971,1646,698991653682001,698991653682051
"HIP_RUNTIME_API_EXT","hipLaunchKernel",4188971,4188971,1647,698991653682432,698991653684235
"HIP_RUNTIME_API_EXT","hipGetLastError",4188971,4188971,1648,698991653684576,698991653684606
"HIP_RUNTIME_API_EXT","hipSetDevice",4188971,4188971,1649,698991653684897,698991653684947
"HIP_COMPILER_API_EXT","__hipPushCallConfiguration",4188971,4188971,1650,698991653685217,698991653685267
"HIP_COMPILER_API_EXT","__hipPopCallConfiguration",4188971,4188971,1651,698991653685568,698991653685618
"HIP_RUNTIME_API_EXT","hipLaunchKernel",4188971,4188971,1652,698991653685959,698991653687411
"HIP_RUNTIME_API_EXT","hipGetLastError",4188971,4188971,1653,698991653687762,698991653687792
"HIP_COMPILER_API_EXT","__hipPushCallConfiguration",4188971,4188971,1654,698991653688093,698991653688133
"HIP_COMPILER_API_EXT","__hipPopCallConfiguration",4188971,4188971,1655,698991653688433,698991653688483
"HIP_RUNTIME_API_EXT","hipLaunchKernel",4188971,4188971,1656,698991653688834,698991653690587
"HIP_RUNTIME_API_EXT","hipGetLastError",4188971,4188971,1657,698991653690928,698991653690958
"HIP_COMPILER_API_EXT","__hipPushCallConfiguration",4188971,4188971,1658,698991653691238,698991653691289
"HIP_COMPILER_API_EXT","__hipPopCallConfiguration",4188971,4188971,1659,698991653691589,698991653691639
"HIP_RUNTIME_API_EXT","hipLaunchKernel",4188971,4188971,1660,698991653692000,698991653693382
"HIP_RUNTIME_API_EXT","hipGetLastError",4188971,4188971,1661,698991653693703,698991653693733
"HIP_RUNTIME_API_EXT","hipSetDevice",4188971,4188971,1662,698991653694014,698991653694064
"HIP_COMPILER_API_EXT","__hipPushCallConfiguration",4188971,4188971,1663,698991653694344,698991653694384
"HIP_COMPILER_API_EXT","__hipPopCallConfiguration",4188971,4188971,1664,698991653694695,698991653694735
"HIP_RUNTIME_API_EXT","hipLaunchKernel",4188971,4188971,1665,698991653695196,698991653696849
"HIP_RUNTIME_API_EXT","hipGetLastError",4188971,4188971,1666,698991653697190,698991653697220
"HIP_COMPILER_API_EXT","__hipPushCallConfiguration",4188971,4188971,1667,698991653697500,698991653697550
"HIP_COMPILER_API_EXT","__hipPopCallConfiguration",4188971,4188971,1668,698991653697851,698991653697901
"HIP_RUNTIME_API_EXT","hipLaunchKernel",4188971,4188971,1669,698991653698242,698991653699654
"HIP_RUNTIME_API_EXT","hipGetLastError",4188971,4188971,1670,698991653699975,698991653700005
"HIP_COMPILER_API_EXT","__hipPushCallConfiguration",4188971,4188971,1671,698991653700285,698991653700326
"HIP_COMPILER_API_EXT","__hipPopCallConfiguration",4188971,4188971,1672,698991653700636,698991653700676
"HIP_RUNTIME_API_EXT","hipLaunchKernel",4188971,4188971,1673,698991653701037,698991653702470
"HIP_RUNTIME_API_EXT","hipGetLastError",4188971,4188971,1674,698991653702790,698991653702820
"HIP_RUNTIME_API_EXT","hipSetDevice",4188971,4188971,1675,698991653703111,698991653703161
"HIP_COMPILER_API_EXT","__hipPushCallConfiguration",4188971,4188971,1676,698991653703431,698991653703481
"HIP_COMPILER_API_EXT","__hipPopCallConfiguration",4188971,4188971,1677,698991653703782,698991653703822
"HIP_RUNTIME_API_EXT","hipLaunchKernel",4188971,4188971,1678,698991653704173,698991653705786
"HIP_RUNTIME_API_EXT","hipGetLastError",4188971,4188971,1679,698991653706177,698991653706217
"HIP_COMPILER_API_EXT","__hipPushCallConfiguration",4188971,4188971,1680,698991653706517,698991653706557
"HIP_COMPILER_API_EXT","__hipPopCallConfiguration",4188971,4188971,1681,698991653706868,698991653706908
"HIP_RUNTIME_API_EXT","hipLaunchKernel",4188971,4188971,1682,698991653707289,698991653708721
"HIP_RUNTIME_API_EXT","hipGetLastError",4188971,4188971,1683,698991653709052,698991653709092
"HIP_COMPILER_API_EXT","__hipPushCallConfiguration",4188971,4188971,1684,698991653709383,698991653709423
"HIP_COMPILER_API_EXT","__hipPopCallConfiguration",4188971,4188971,1685,698991653709733,698991653709783
"HIP_RUNTIME_API_EXT","hipLaunchKernel",4188971,4188971,1686,698991653710124,698991653711587
"HIP_RUNTIME_API_EXT","hipGetLastError",4188971,4188971,1687,698991653711917,698991653711947
"HIP_RUNTIME_API_EXT","hipSetDevice",4188971,4188971,1688,698991653712228,698991653712288
"HIP_COMPILER_API_EXT","__hipPushCallConfiguration",4188971,4188971,1689,698991653712939,698991653712979
"HIP_COMPILER_API_EXT","__hipPopCallConfiguration",4188971,4188971,1690,698991653713420,698991653713460
"HIP_RUNTIME_API_EXT","hipLaunchKernel",4188971,4188971,1691,698991653713851,698991653715364
"HIP_RUNTIME_API_EXT","hipGetLastError",4188971,4188971,1692,698991653715735,698991653715765
"HIP_COMPILER_API_EXT","__hipPushCallConfiguration",4188971,4188971,1693,698991653716055,698991653716105
"HIP_COMPILER_API_EXT","__hipPopCallConfiguration",4188971,4188971,1694,698991653716406,698991653716456
"HIP_RUNTIME_API_EXT","hipLaunchKernel",4188971,4188971,1695,698991653716807,698991653718400
"HIP_RUNTIME_API_EXT","hipGetLastError",4188971,4188971,1696,698991653718730,698991653718760
"HIP_RUNTIME_API_EXT","hipSetDevice",4188971,4188971,1697,698991653719051,698991653719101
"HIP_COMPILER_API_EXT","__hipPushCallConfiguration",4188971,4188971,1698,698991653719401,698991653719452
"HIP_COMPILER_API_EXT","__hipPopCallConfiguration",4188971,4188971,1699,698991653719772,698991653719812
"HIP_RUNTIME_API_EXT","hipLaunchKernel",4188971,4188971,1700,698991653720173,698991653722137
"HIP_RUNTIME_API_EXT","hipGetLastError",4188971,4188971,1701,698991653722467,698991653722497
"HIP_RUNTIME_API_EXT","hipSetDevice",4188971,4188971,1702,698991653722788,698991653722828
"HIP_COMPILER_API_EXT","__hipPushCallConfiguration",4188971,4188971,1703,698991653723138,698991653723179
"HIP_COMPILER_API_EXT","__hipPopCallConfiguration",4188971,4188971,1704,698991653723479,698991653723519
"HIP_RUNTIME_API_EXT","hipLaunchKernel",4188971,4188971,1705,698991653723870,698991653725313
"HIP_RUNTIME_API_EXT","hipGetLastError",4188971,4188971,1706,698991653725643,698991653725673
"HIP_COMPILER_API_EXT","__hipPushCallConfiguration",4188971,4188971,1707,698991653725994,698991653726034
"HIP_COMPILER_API_EXT","__hipPopCallConfiguration",4188971,4188971,1708,698991653726355,698991653726405
"HIP_RUNTIME_API_EXT","hipLaunchKernel",4188971,4188971,1709,698991653726755,698991653728609
"HIP_RUNTIME_API_EXT","hipGetLastError",4188971,4188971,1710,698991653728989,698991653729020
"HIP_COMPILER_API_EXT","__hipPushCallConfiguration",4188971,4188971,1711,698991653729320,698991653729370
"HIP_COMPILER_API_EXT","__hipPopCallConfiguration",4188971,4188971,1712,698991653729721,698991653729771
"HIP_RUNTIME_API_EXT","hipLaunchKernel",4188971,4188971,1713,698991653730132,698991653731444
"HIP_RUNTIME_API_EXT","hipGetLastError",4188971,4188971,1714,698991653731865,698991653731895
"HIP_COMPILER_API_EXT","__hipPushCallConfiguration",4188971,4188971,1715,698991653732185,698991653732226
"HIP_COMPILER_API_EXT","__hipPopCallConfiguration",4188971,4188971,1716,698991653732536,698991653732586
"HIP_RUNTIME_API_EXT","hipLaunchKernel",4188971,4188971,1717,698991653732967,698991653734700
"HIP_RUNTIME_API_EXT","hipGetLastError",4188971,4188971,1718,698991653735021,698991653735051
"HIP_COMPILER_API_EXT","__hipPushCallConfiguration",4188971,4188971,1719,698991653735371,698991653735422
"HIP_COMPILER_API_EXT","__hipPopCallConfiguration",4188971,4188971,1720,698991653735762,698991653735812
"HIP_RUNTIME_API_EXT","hipLaunchKernel",4188971,4188971,1721,698991653736173,698991653737686
"HIP_RUNTIME_API_EXT","hipGetLastError",4188971,4188971,1722,698991653738087,698991653738117
"HIP_RUNTIME_API_EXT","hipSetDevice",4188971,4188971,1723,698991653738397,698991653738437
"HIP_COMPILER_API_EXT","__hipPushCallConfiguration",4188971,4188971,1724,698991653738718,698991653738768
"HIP_COMPILER_API_EXT","__hipPopCallConfiguration",4188971,4188971,1725,698991653739068,698991653739119
"HIP_RUNTIME_API_EXT","hipLaunchKernel",4188971,4188971,1726,698991653739489,698991653793280
"HIP_RUNTIME_API_EXT","hipGetLastError",4188971,4188971,1727,698991653793851,698991653793882
"HIP_COMPILER_API_EXT","__hipPushCallConfiguration",4188971,4188971,1728,698991653794182,698991653794222
"HIP_COMPILER_API_EXT","__hipPopCallConfiguration",4188971,4188971,1729,698991653794593,698991653794633
"HIP_RUNTIME_API_EXT","hipLaunchKernel",4188971,4188971,1730,698991653795004,698991653796527
"HIP_RUNTIME_API_EXT","hipGetLastError",4188971,4188971,1731,698991653796857,698991653796887
"HIP_COMPILER_API_EXT","__hipPushCallConfiguration",4188971,4188971,1732,698991653797198,698991653797238
"HIP_COMPILER_API_EXT","__hipPopCallConfiguration",4188971,4188971,1733,698991653797589,698991653797639
"HIP_RUNTIME_API_EXT","hipLaunchKernel",4188971,4188971,1734,698991653797989,698991653799422
"HIP_RUNTIME_API_EXT","hipGetLastError",4188971,4188971,1735,698991653799753,698991653799783
"HIP_RUNTIME_API_EXT","hipSetDevice",4188971,4188971,1736,698991653800063,698991653800103
"HIP_COMPILER_API_EXT","__hipPushCallConfiguration",4188971,4188971,1737,698991653800384,698991653800424
"HIP_COMPILER_API_EXT","__hipPopCallConfiguration",4188971,4188971,1738,698991653800724,698991653800765
"HIP_RUNTIME_API_EXT","hipLaunchKernel",4188971,4188971,1739,698991653801125,698991653802648
"HIP_RUNTIME_API_EXT","hipGetLastError",4188971,4188971,1740,698991653802969,698991653802999
"HIP_COMPILER_API_EXT","__hipPushCallConfiguration",4188971,4188971,1741,698991653803279,698991653803329
"HIP_COMPILER_API_EXT","__hipPopCallConfiguration",4188971,4188971,1742,698991653803620,698991653803670
"HIP_RUNTIME_API_EXT","hipLaunchKernel",4188971,4188971,1743,698991653804021,698991653805764
"HIP_RUNTIME_API_EXT","hipGetLastError",4188971,4188971,1744,698991653806105,698991653806135
"HIP_COMPILER_API_EXT","__hipPushCallConfiguration",4188971,4188971,1745,698991653806415,698991653806465
"HIP_COMPILER_API_EXT","__hipPopCallConfiguration",4188971,4188971,1746,698991653806766,698991653806816
"HIP_RUNTIME_API_EXT","hipLaunchKernel",4188971,4188971,1747,698991653807167,698991653808589
"HIP_RUNTIME_API_EXT","hipGetLastError",4188971,4188971,1748,698991653808930,698991653808960
"HIP_RUNTIME_API_EXT","hipSetDevice",4188971,4188971,1749,698991653809230,698991653809271
"HIP_COMPILER_API_EXT","__hipPushCallConfiguration",4188971,4188971,1750,698991653809551,698991653809601
"HIP_COMPILER_API_EXT","__hipPopCallConfiguration",4188971,4188971,1751,698991653811565,698991653811645
"HIP_RUNTIME_API_EXT","hipLaunchKernel",4188971,4188971,1752,698991653874343,698991653876287
"HIP_RUNTIME_API_EXT","hipGetLastError",4188971,4188971,1753,698991653876627,698991653876667
"HIP_COMPILER_API_EXT","__hipPushCallConfiguration",4188971,4188971,1754,698991653876968,698991653877018
"HIP_COMPILER_API_EXT","__hipPopCallConfiguration",4188971,4188971,1755,698991653877329,698991653877369
"HIP_RUNTIME_API_EXT","hipLaunchKernel",4188971,4188971,1756,698991653877729,698991653879312
"HIP_RUNTIME_API_EXT","hipGetLastError",4188971,4188971,1757,698991653879643,698991653879673
"HIP_COMPILER_API_EXT","__hipPushCallConfiguration",4188971,4188971,1758,698991653879953,698991653880004
"HIP_COMPILER_API_EXT","__hipPopCallConfiguration",4188971,4188971,1759,698991653880324,698991653880374
"HIP_RUNTIME_API_EXT","hipLaunchKernel",4188971,4188971,1760,698991653880715,698991653882188
"HIP_RUNTIME_API_EXT","hipGetLastError",4188971,4188971,1761,698991653882518,698991653882548
"HIP_RUNTIME_API_EXT","hipSetDevice",4188971,4188971,1762,698991653882859,698991653882909
"HIP_COMPILER_API_EXT","__hipPushCallConfiguration",4188971,4188971,1763,698991653883180,698991653883230
"HIP_COMPILER_API_EXT","__hipPopCallConfiguration",4188971,4188971,1764,698991653883520,698991653883570
"HIP_RUNTIME_API_EXT","hipLaunchKernel",4188971,4188971,1765,698991653883911,698991653885474
"HIP_RUNTIME_API_EXT","hipGetLastError",4188971,4188971,1766,698991653885804,698991653885835
"HIP_COMPILER_API_EXT","__hipPushCallConfiguration",4188971,4188971,1767,698991653886115,698991653886165
"HIP_COMPILER_API_EXT","__hipPopCallConfiguration",4188971,4188971,1768,698991653886456,698991653886506
"HIP_RUNTIME_API_EXT","hipLaunchKernel",4188971,4188971,1769,698991653886846,698991653888219
"HIP_RUNTIME_API_EXT","hipGetLastError",4188971,4188971,1770,698991653888540,698991653888570
"HIP_COMPILER_API_EXT","__hipPushCallConfiguration",4188971,4188971,1771,698991653888890,698991653888940
"HIP_COMPILER_API_EXT","__hipPopCallConfiguration",4188971,4188971,1772,698991653889321,698991653889371
"HIP_RUNTIME_API_EXT","hipLaunchKernel",4188971,4188971,1773,698991653889712,698991653891375
"HIP_RUNTIME_API_EXT","hipGetLastError",4188971,4188971,1774,698991653891686,698991653891716
"HIP_RUNTIME_API_EXT","hipSetDevice",4188971,4188971,1775,698991653891996,698991653892036
"HIP_COMPILER_API_EXT","__hipPushCallConfiguration",4188971,4188971,1776,698991653892317,698991653892357
"HIP_COMPILER_API_EXT","__hipPopCallConfiguration",4188971,4188971,1777,698991653892677,698991653892728
"HIP_RUNTIME_API_EXT","hipLaunchKernel",4188971,4188971,1778,698991653893068,698991653946970
"HIP_RUNTIME_API_EXT","hipGetLastError",4188971,4188971,1779,698991653947501,698991653947531
"HIP_COMPILER_API_EXT","__hipPushCallConfiguration",4188971,4188971,1780,698991653947821,698991653947871
"HIP_COMPILER_API_EXT","__hipPopCallConfiguration",4188971,4188971,1781,698991653948182,698991653948222
"HIP_RUNTIME_API_EXT","hipLaunchKernel",4188971,4188971,1782,698991653948613,698991653950316
"HIP_RUNTIME_API_EXT","hipGetLastError",4188971,4188971,1783,698991653950636,698991653950677
"HIP_COMPILER_API_EXT","__hipPushCallConfiguration",4188971,4188971,1784,698991653950977,698991653951017
"HIP_COMPILER_API_EXT","__hipPopCallConfiguration",4188971,4188971,1785,698991653951328,698991653951368
"HIP_RUNTIME_API_EXT","hipLaunchKernel",4188971,4188971,1786,698991653951749,698991653953372
"HIP_RUNTIME_API_EXT","hipGetLastError",4188971,4188971,1787,698991653953672,698991653953712
"HIP_RUNTIME_API_EXT","hipSetDevice",4188971,4188971,1788,698991653953993,698991653954033
"HIP_COMPILER_API_EXT","__hipPushCallConfiguration",4188971,4188971,1789,698991653954313,698991653954353
"HIP_COMPILER_API_EXT","__hipPopCallConfiguration",4188971,4188971,1790,698991653954664,698991653954704
"HIP_RUNTIME_API_EXT","hipLaunchKernel",4188971,4188971,1791,698991653955085,698991653956898
"HIP_RUNTIME_API_EXT","hipGetLastError",4188971,4188971,1792,698991653957329,698991653957359
"HIP_COMPILER_API_EXT","__hipPushCallConfiguration",4188971,4188971,1793,698991653957710,698991653957760
"HIP_COMPILER_API_EXT","__hipPopCallConfiguration",4188971,4188971,1794,698991653958080,698991653958131
"HIP_RUNTIME_API_EXT","hipLaunchKernel",4188971,4188971,1795,698991653958501,698991653959964
"HIP_RUNTIME_API_EXT","hipGetLastError",4188971,4188971,1796,698991653960295,698991653960325
"HIP_COMPILER_API_EXT","__hipPushCallConfiguration",4188971,4188971,1797,698991653960715,698991653960755
"HIP_COMPILER_API_EXT","__hipPopCallConfiguration",4188971,4188971,1798,698991653961056,698991653961106
"HIP_RUNTIME_API_EXT","hipLaunchKernel",4188971,4188971,1799,698991653961477,698991653963020
"HIP_RUNTIME_API_EXT","hipGetLastError",4188971,4188971,1800,698991653963350,698991653963380
"HIP_RUNTIME_API_EXT","hipSetDevice",4188971,4188971,1801,698991653963661,698991653963711
"HIP_COMPILER_API_EXT","__hipPushCallConfiguration",4188971,4188971,1802,698991653963982,698991653964032
"HIP_COMPILER_API_EXT","__hipPopCallConfiguration",4188971,4188971,1803,698991653964332,698991653964372
"HIP_RUNTIME_API_EXT","hipLaunchKernel",4188971,4188971,1804,698991653964723,698991653966576
"HIP_RUNTIME_API_EXT","hipGetLastError",4188971,4188971,1805,698991653966977,698991653967017
"HIP_COMPILER_API_EXT","__hipPushCallConfiguration",4188971,4188971,1806,698991653967298,698991653967348
"HIP_COMPILER_API_EXT","__hipPopCallConfiguration",4188971,4188971,1807,698991653967648,698991653967699
"HIP_RUNTIME_API_EXT","hipLaunchKernel",4188971,4188971,1808,698991653968039,698991653969502
"HIP_RUNTIME_API_EXT","hipGetLastError",4188971,4188971,1809,698991653969823,698991653969853
"HIP_COMPILER_API_EXT","__hipPushCallConfiguration",4188971,4188971,1810,698991653970123,698991653970173
"HIP_COMPILER_API_EXT","__hipPopCallConfiguration",4188971,4188971,1811,698991653970474,698991653970524
"HIP_RUNTIME_API_EXT","hipLaunchKernel",4188971,4188971,1812,698991653970865,698991653972347
"HIP_RUNTIME_API_EXT","hipGetLastError",4188971,4188971,1813,698991653972668,698991653972698
"HIP_RUNTIME_API_EXT","hipSetDevice",4188971,4188971,1814,698991653972978,698991653973019
"HIP_COMPILER_API_EXT","__hipPushCallConfiguration",4188971,4188971,1815,698991653973299,698991653973349
"HIP_COMPILER_API_EXT","__hipPopCallConfiguration",4188971,4188971,1816,698991653973650,698991653973690
"HIP_RUNTIME_API_EXT","hipLaunchKernel",4188971,4188971,1817,698991653974040,698991653975503
"HIP_RUNTIME_API_EXT","hipGetLastError",4188971,4188971,1818,698991653975834,698991653975864
"HIP_COMPILER_API_EXT","__hipPushCallConfiguration",4188971,4188971,1819,698991653976144,698991653976195
"HIP_COMPILER_API_EXT","__hipPopCallConfiguration",4188971,4188971,1820,698991653976505,698991653976545
"HIP_RUNTIME_API_EXT","hipLaunchKernel",4188971,4188971,1821,698991653976896,698991654003877
"HIP_RUNTIME_API_EXT","hipGetLastError",4188971,4188971,1822,698991654004317,698991654004347
"HIP_COMPILER_API_EXT","__hipPushCallConfiguration",4188971,4188971,1823,698991654004638,698991654004678
"HIP_COMPILER_API_EXT","__hipPopCallConfiguration",4188971,4188971,1824,698991654004999,698991654005039
"HIP_RUNTIME_API_EXT","hipLaunchKernel",4188971,4188971,1825,698991654005420,698991654006862
"HIP_RUNTIME_API_EXT","hipGetLastError",4188971,4188971,1826,698991654007183,698991654007213
"HIP_RUNTIME_API_EXT","hipSetDevice",4188971,4188971,1827,698991654007493,698991654007533
"HIP_COMPILER_API_EXT","__hipPushCallConfiguration",4188971,4188971,1828,698991654007814,698991654007854
"HIP_COMPILER_API_EXT","__hipPopCallConfiguration",4188971,4188971,1829,698991654008155,698991654008195
"HIP_RUNTIME_API_EXT","hipLaunchKernel",4188971,4188971,1830,698991654008545,698991654010028
"HIP_RUNTIME_API_EXT","hipGetLastError",4188971,4188971,1831,698991654010369,698991654010399
"HIP_COMPILER_API_EXT","__hipPushCallConfiguration",4188971,4188971,1832,698991654010689,698991654010729
"HIP_COMPILER_API_EXT","__hipPopCallConfiguration",4188971,4188971,1833,698991654011040,698991654011080
"HIP_RUNTIME_API_EXT","hipLaunchKernel",4188971,4188971,1834,698991654011441,698991654013054
"HIP_RUNTIME_API_EXT","hipGetLastError",4188971,4188971,1835,698991654013384,698991654013415
"HIP_RUNTIME_API_EXT","hipSetDevice",4188971,4188971,1836,698991654013705,698991654013755
"HIP_COMPILER_API_EXT","__hipPushCallConfiguration",4188971,4188971,1837,698991654014046,698991654014106
"HIP_COMPILER_API_EXT","__hipPopCallConfiguration",4188971,4188971,1838,698991654014477,698991654014527
"HIP_RUNTIME_API_EXT","hipLaunchKernel",4188971,4188971,1839,698991654014877,698991654016460
"HIP_RUNTIME_API_EXT","hipGetLastError",4188971,4188971,1840,698991654016781,698991654016811
"HIP_RUNTIME_API_EXT","hipSetDevice",4188971,4188971,1841,698991654017091,698991654017132
"HIP_COMPILER_API_EXT","__hipPushCallConfiguration",4188971,4188971,1842,698991654017412,698991654017452
"HIP_COMPILER_API_EXT","__hipPopCallConfiguration",4188971,4188971,1843,698991654017773,698991654017823
"HIP_RUNTIME_API_EXT","hipLaunchKernel",4188971,4188971,1844,698991654018174,698991654071784
"HIP_RUNTIME_API_EXT","hipGetLastError",4188971,4188971,1845,698991654072365,698991654072396
"HIP_COMPILER_API_EXT","__hipPushCallConfiguration",4188971,4188971,1846,698991654072716,698991654072766
"HIP_COMPILER_API_EXT","__hipPopCallConfiguration",4188971,4188971,1847,698991654073067,698991654073117
"HIP_RUNTIME_API_EXT","hipLaunchKernel",4188971,4188971,1848,698991654073488,698991654075251
"HIP_RUNTIME_API_EXT","hipGetLastError",4188971,4188971,1849,698991654075692,698991654075722
"HIP_COMPILER_API_EXT","__hipPushCallConfiguration",4188971,4188971,1850,698991654076092,698991654076133
"HIP_COMPILER_API_EXT","__hipPopCallConfiguration",4188971,4188971,1851,698991654076443,698991654076493
"HIP_RUNTIME_API_EXT","hipLaunchKernel",4188971,4188971,1852,698991654076874,698991654078417
"HIP_RUNTIME_API_EXT","hipGetLastError",4188971,4188971,1853,698991654078737,698991654078767
"HIP_COMPILER_API_EXT","__hipPushCallConfiguration",4188971,4188971,1854,698991654079048,698991654079098
"HIP_COMPILER_API_EXT","__hipPopCallConfiguration",4188971,4188971,1855,698991654079399,698991654079449
"HIP_RUNTIME_API_EXT","hipLaunchKernel",4188971,4188971,1856,698991654079819,698991654081322
"HIP_RUNTIME_API_EXT","hipGetLastError",4188971,4188971,1857,698991654081693,698991654081723
"HIP_COMPILER_API_EXT","__hipPushCallConfiguration",4188971,4188971,1858,698991654082094,698991654082144
"HIP_COMPILER_API_EXT","__hipPopCallConfiguration",4188971,4188971,1859,698991654082515,698991654082555
"HIP_RUNTIME_API_EXT","hipLaunchKernel",4188971,4188971,1860,698991654082935,698991654084368
"HIP_RUNTIME_API_EXT","hipGetLastError",4188971,4188971,1861,698991654084669,698991654084699
"HIP_RUNTIME_API_EXT","hipSetDevice",4188971,4188971,1862,698991654084989,698991654085029
"HIP_COMPILER_API_EXT","__hipPushCallConfiguration",4188971,4188971,1863,698991654085310,698991654085360
"HIP_COMPILER_API_EXT","__hipPopCallConfiguration",4188971,4188971,1864,698991654085660,698991654085711
"HIP_RUNTIME_API_EXT","hipLaunchKernel",4188971,4188971,1865,698991654086091,698991654087664
"HIP_RUNTIME_API_EXT","hipGetLastError",4188971,4188971,1866,698991654088125,698991654088155
"HIP_COMPILER_API_EXT","__hipPushCallConfiguration",4188971,4188971,1867,698991654088446,698991654088486
"HIP_COMPILER_API_EXT","__hipPopCallConfiguration",4188971,4188971,1868,698991654088796,698991654088836
"HIP_RUNTIME_API_EXT","hipLaunchKernel",4188971,4188971,1869,698991654089247,698991654090490
"HIP_RUNTIME_API_EXT","hipGetLastError",4188971,4188971,1870,698991654090920,698991654090950
"HIP_COMPILER_API_EXT","__hipPushCallConfiguration",4188971,4188971,1871,698991654091241,698991654091281
"HIP_COMPILER_API_EXT","__hipPopCallConfiguration",4188971,4188971,1872,698991654091582,698991654091622
"HIP_RUNTIME_API_EXT","hipLaunchKernel",4188971,4188971,1873,698991654091972,698991654093515
"HIP_RUNTIME_API_EXT","hipGetLastError",4188971,4188971,1874,698991654093816,698991654093856
"HIP_RUNTIME_API_EXT","hipSetDevice",4188971,4188971,1875,698991654094156,698991654094197
"HIP_COMPILER_API_EXT","__hipPushCallConfiguration",4188971,4188971,1876,698991654094477,698991654094527
"HIP_COMPILER_API_EXT","__hipPopCallConfiguration",4188971,4188971,1877,698991654094818,698991654094868
"HIP_RUNTIME_API_EXT","hipLaunchKernel",4188971,4188971,1878,698991654095218,698991654096791
"HIP_RUNTIME_API_EXT","hipGetLastError",4188971,4188971,1879,698991654097192,698991654097222
"HIP_COMPILER_API_EXT","__hipPushCallConfiguration",4188971,4188971,1880,698991654097523,698991654097563
"HIP_COMPILER_API_EXT","__hipPopCallConfiguration",4188971,4188971,1881,698991654097964,698991654098004
"HIP_RUNTIME_API_EXT","hipLaunchKernel",4188971,4188971,1882,698991654098354,698991654100218
"HIP_RUNTIME_API_EXT","hipGetLastError",4188971,4188971,1883,698991654100579,698991654100609
"HIP_COMPILER_API_EXT","__hipPushCallConfiguration",4188971,4188971,1884,698991654100889,698991654100929
"HIP_COMPILER_API_EXT","__hipPopCallConfiguration",4188971,4188971,1885,698991654101260,698991654101310
"HIP_RUNTIME_API_EXT","hipLaunchKernel",4188971,4188971,1886,698991654101651,698991654103324
"HIP_RUNTIME_API_EXT","hipGetLastError",4188971,4188971,1887,698991654103714,698991654103744
"HIP_RUNTIME_API_EXT","hipSetDevice",4188971,4188971,1888,698991654104035,698991654104075
"HIP_COMPILER_API_EXT","__hipPushCallConfiguration",4188971,4188971,1889,698991654104366,698991654104416
"HIP_COMPILER_API_EXT","__hipPopCallConfiguration",4188971,4188971,1890,698991654104726,698991654104766
"HIP_RUNTIME_API_EXT","hipLaunchKernel",4188971,4188971,1891,698991654105177,698991654106600
"HIP_RUNTIME_API_EXT","hipGetLastError",4188971,4188971,1892,698991654106961,698991654106991
"HIP_COMPILER_API_EXT","__hipPushCallConfiguration",4188971,4188971,1893,698991654107261,698991654107311
"HIP_COMPILER_API_EXT","__hipPopCallConfiguration",4188971,4188971,1894,698991654107762,698991654107812
"HIP_RUNTIME_API_EXT","hipLaunchKernel",4188971,4188971,1895,698991654108153,698991654109545
"HIP_RUNTIME_API_EXT","hipGetLastError",4188971,4188971,1896,698991654109866,698991654109896
"HIP_COMPILER_API_EXT","__hipPushCallConfiguration",4188971,4188971,1897,698991654110177,698991654110217
"HIP_COMPILER_API_EXT","__hipPopCallConfiguration",4188971,4188971,1898,698991654110517,698991654110557
"HIP_RUNTIME_API_EXT","hipLaunchKernel",4188971,4188971,1899,698991654110908,698991654112190
"HIP_RUNTIME_API_EXT","hipGetLastError",4188971,4188971,1900,698991654112511,698991654112541
"HIP_RUNTIME_API_EXT","hipSetDevice",4188971,4188971,1901,698991654112832,698991654112882
"HIP_COMPILER_API_EXT","__hipPushCallConfiguration",4188971,4188971,1902,698991654113162,698991654113212
"HIP_COMPILER_API_EXT","__hipPopCallConfiguration",4188971,4188971,1903,698991654113563,698991654113603
"HIP_RUNTIME_API_EXT","hipLaunchKernel",4188971,4188971,1904,698991654113974,698991654115477
"HIP_RUNTIME_API_EXT","hipGetLastError",4188971,4188971,1905,698991654115817,698991654115847
"HIP_COMPILER_API_EXT","__hipPushCallConfiguration",4188971,4188971,1906,698991654116128,698991654116178
"HIP_COMPILER_API_EXT","__hipPopCallConfiguration",4188971,4188971,1907,698991654116478,698991654116519
"HIP_RUNTIME_API_EXT","hipLaunchKernel",4188971,4188971,1908,698991654116879,698991654170660
"HIP_RUNTIME_API_EXT","hipGetLastError",4188971,4188971,1909,698991654171061,698991654171091
"HIP_COMPILER_API_EXT","__hipPushCallConfiguration",4188971,4188971,1910,698991654171442,698991654171492
"HIP_COMPILER_API_EXT","__hipPopCallConfiguration",4188971,4188971,1911,698991654171792,698991654171843
"HIP_RUNTIME_API_EXT","hipLaunchKernel",4188971,4188971,1912,698991654172193,698991654226035
"HIP_RUNTIME_API_EXT","hipGetLastError",4188971,4188971,1913,698991654226495,698991654226525
"HIP_RUNTIME_API_EXT","hipSetDevice",4188971,4188971,1914,698991654226806,698991654226846
"HIP_COMPILER_API_EXT","__hipPushCallConfiguration",4188971,4188971,1915,698991654227127,698991654227177
"HIP_COMPILER_API_EXT","__hipPopCallConfiguration",4188971,4188971,1916,698991654227467,698991654227517
"HIP_RUNTIME_API_EXT","hipLaunchKernel",4188971,4188971,1917,698991654227888,698991654229301
"HIP_RUNTIME_API_EXT","hipGetLastError",4188971,4188971,1918,698991654229621,698991654229651
"HIP_COMPILER_API_EXT","__hipPushCallConfiguration",4188971,4188971,1919,698991654229942,698991654229982
"HIP_COMPILER_API_EXT","__hipPopCallConfiguration",4188971,4188971,1920,698991654230363,698991654230403
"HIP_RUNTIME_API_EXT","hipLaunchKernel",4188971,4188971,1921,698991654230824,698991654233398
"HIP_RUNTIME_API_EXT","hipGetLastError",4188971,4188971,1922,698991654233719,698991654233749
"HIP_COMPILER_API_EXT","__hipPushCallConfiguration",4188971,4188971,1923,698991654234040,698991654234080
"HIP_COMPILER_API_EXT","__hipPopCallConfiguration",4188971,4188971,1924,698991654234390,698991654234430
"HIP_RUNTIME_API_EXT","hipLaunchKernel",4188971,4188971,1925,698991654234781,698991654236254
"HIP_RUNTIME_API_EXT","hipGetLastError",4188971,4188971,1926,698991654236584,698991654236624
"HIP_RUNTIME_API_EXT","hipSetDevice",4188971,4188971,1927,698991654236915,698991654236955
"HIP_COMPILER_API_EXT","__hipPushCallConfiguration",4188971,4188971,1928,698991654237236,698991654237286
"HIP_COMPILER_API_EXT","__hipPopCallConfiguration",4188971,4188971,1929,698991654237636,698991654237676
"HIP_RUNTIME_API_EXT","hipLaunchKernel",4188971,4188971,1930,698991654238037,698991654239380
"HIP_RUNTIME_API_EXT","hipGetLastError",4188971,4188971,1931,698991654239700,698991654239740
"HIP_COMPILER_API_EXT","__hipPushCallConfiguration",4188971,4188971,1932,698991654240021,698991654240061
"HIP_COMPILER_API_EXT","__hipPopCallConfiguration",4188971,4188971,1933,698991654240372,698991654240412
"HIP_RUNTIME_API_EXT","hipLaunchKernel",4188971,4188971,1934,698991654240762,698991654242215
"HIP_RUNTIME_API_EXT","hipGetLastError",4188971,4188971,1935,698991654242586,698991654242616
"HIP_COMPILER_API_EXT","__hipPushCallConfiguration",4188971,4188971,1936,698991654242936,698991654242986
"HIP_COMPILER_API_EXT","__hipPopCallConfiguration",4188971,4188971,1937,698991654243287,698991654243327
"HIP_RUNTIME_API_EXT","hipLaunchKernel",4188971,4188971,1938,698991654243678,698991654297279
"HIP_RUNTIME_API_EXT","hipGetLastError",4188971,4188971,1939,698991654297769,698991654297800
"HIP_RUNTIME_API_EXT","hipSetDevice",4188971,4188971,1940,698991654298070,698991654298120
"HIP_COMPILER_API_EXT","__hipPushCallConfiguration",4188971,4188971,1941,698991654298401,698991654298451
"HIP_COMPILER_API_EXT","__hipPopCallConfiguration",4188971,4188971,1942,698991654298761,698991654298811
"HIP_RUNTIME_API_EXT","hipLaunchKernel",4188971,4188971,1943,698991654299212,698991654300905
"HIP_RUNTIME_API_EXT","hipGetLastError",4188971,4188971,1944,698991654301216,698991654301246
"HIP_COMPILER_API_EXT","__hipPushCallConfiguration",4188971,4188971,1945,698991654301537,698991654301577
"HIP_COMPILER_API_EXT","__hipPopCallConfiguration",4188971,4188971,1946,698991654301887,698991654301927
"HIP_RUNTIME_API_EXT","hipLaunchKernel",4188971,4188971,1947,698991654302278,698991654304101
"HIP_RUNTIME_API_EXT","hipGetLastError",4188971,4188971,1948,698991654304502,698991654304542
"HIP_COMPILER_API_EXT","__hipPushCallConfiguration",4188971,4188971,1949,698991654304823,698991654304873
"HIP_COMPILER_API_EXT","__hipPopCallConfiguration",4188971,4188971,1950,698991654305183,698991654305234
"HIP_RUNTIME_API_EXT","hipLaunchKernel",4188971,4188971,1951,698991654305584,698991654307608
"HIP_RUNTIME_API_EXT","hipGetLastError",4188971,4188971,1952,698991654307939,698991654307969
"HIP_RUNTIME_API_EXT","hipSetDevice",4188971,4188971,1953,698991654308259,698991654308299
"HIP_COMPILER_API_EXT","__hipPushCallConfiguration",4188971,4188971,1954,698991654308580,698991654308630
"HIP_COMPILER_API_EXT","__hipPopCallConfiguration",4188971,4188971,1955,698991654308930,698991654308971
"HIP_RUNTIME_API_EXT","hipLaunchKernel",4188971,4188971,1956,698991654309321,698991654310844
"HIP_RUNTIME_API_EXT","hipGetLastError",4188971,4188971,1957,698991654311155,698991654311195
"HIP_COMPILER_API_EXT","__hipPushCallConfiguration",4188971,4188971,1958,698991654311475,698991654311525
"HIP_COMPILER_API_EXT","__hipPopCallConfiguration",4188971,4188971,1959,698991654311846,698991654311896
"HIP_RUNTIME_API_EXT","hipLaunchKernel",4188971,4188971,1960,698991654312247,698991654313669
"HIP_RUNTIME_API_EXT","hipGetLastError",4188971,4188971,1961,698991654313990,698991654314020
"HIP_COMPILER_API_EXT","__hipPushCallConfiguration",4188971,4188971,1962,698991654314291,698991654314341
"HIP_COMPILER_API_EXT","__hipPopCallConfiguration",4188971,4188971,1963,698991654314641,698991654314691
"HIP_RUNTIME_API_EXT","hipLaunchKernel",4188971,4188971,1964,698991654315042,698991654316495
"HIP_RUNTIME_API_EXT","hipGetLastError",4188971,4188971,1965,698991654316805,698991654316845
"HIP_RUNTIME_API_EXT","hipSetDevice",4188971,4188971,1966,698991654317136,698991654317186
"HIP_COMPILER_API_EXT","__hipPushCallConfiguration",4188971,4188971,1967,698991654317457,698991654317497
"HIP_COMPILER_API_EXT","__hipPopCallConfiguration",4188971,4188971,1968,698991654317787,698991654317837
"HIP_RUNTIME_API_EXT","hipLaunchKernel",4188971,4188971,1969,698991654318238,698991654319671
"HIP_RUNTIME_API_EXT","hipGetLastError",4188971,4188971,1970,698991654320001,698991654320031
"HIP_COMPILER_API_EXT","__hipPushCallConfiguration",4188971,4188971,1971,698991654320342,698991654320382
"HIP_COMPILER_API_EXT","__hipPopCallConfiguration",4188971,4188971,1972,698991654320783,698991654320823
"HIP_RUNTIME_API_EXT","hipLaunchKernel",4188971,4188971,1973,698991654321174,698991654322817
"HIP_RUNTIME_API_EXT","hipGetLastError",4188971,4188971,1974,698991654323157,698991654323187
"HIP_RUNTIME_API_EXT","hipSetDevice",4188971,4188971,1975,698991654323488,698991654323538
"HIP_COMPILER_API_EXT","__hipPushCallConfiguration",4188971,4188971,1976,698991654323879,698991654323919
"HIP_COMPILER_API_EXT","__hipPopCallConfiguration",4188971,4188971,1977,698991654324219,698991654324269
"HIP_RUNTIME_API_EXT","hipLaunchKernel",4188971,4188971,1978,698991654324630,698991654327415
"HIP_RUNTIME_API_EXT","hipGetLastError",4188971,4188971,1979,698991654327806,698991654327836
"HIP_RUNTIME_API_EXT","hipSetDevice",4188971,4188971,1980,698991654328117,698991654328167
"HIP_COMPILER_API_EXT","__hipPushCallConfiguration",4188971,4188971,1981,698991654328447,698991654328497
"HIP_COMPILER_API_EXT","__hipPopCallConfiguration",4188971,4188971,1982,698991654328798,698991654328838
"HIP_RUNTIME_API_EXT","hipLaunchKernel",4188971,4188971,1983,698991654329189,698991654330701
"HIP_RUNTIME_API_EXT","hipGetLastError",4188971,4188971,1984,698991654331092,698991654331122
"HIP_COMPILER_API_EXT","__hipPushCallConfiguration",4188971,4188971,1985,698991654331473,698991654331523
"HIP_COMPILER_API_EXT","__hipPopCallConfiguration",4188971,4188971,1986,698991654331854,698991654331904
"HIP_RUNTIME_API_EXT","hipLaunchKernel",4188971,4188971,1987,698991654332254,698991654386016
"HIP_RUNTIME_API_EXT","hipGetLastError",4188971,4188971,1988,698991654386557,698991654386587
"HIP_COMPILER_API_EXT","__hipPushCallConfiguration",4188971,4188971,1989,698991654386877,698991654386927
"HIP_COMPILER_API_EXT","__hipPopCallConfiguration",4188971,4188971,1990,698991654387288,698991654387338
"HIP_RUNTIME_API_EXT","hipLaunchKernel",4188971,4188971,1991,698991654387759,698991654389813
"HIP_RUNTIME_API_EXT","hipGetLastError",4188971,4188971,1992,698991654390233,698991654390263
"HIP_COMPILER_API_EXT","__hipPushCallConfiguration",4188971,4188971,1993,698991654390554,698991654390594
"HIP_COMPILER_API_EXT","__hipPopCallConfiguration",4188971,4188971,1994,698991654390895,698991654390945
"HIP_RUNTIME_API_EXT","hipLaunchKernel",4188971,4188971,1995,698991654391295,698991654393720
"HIP_RUNTIME_API_EXT","hipGetLastError",4188971,4188971,1996,698991654394151,698991654394181
"HIP_COMPILER_API_EXT","__hipPushCallConfiguration",4188971,4188971,1997,698991654394481,698991654394522
"HIP_COMPILER_API_EXT","__hipPopCallConfiguration",4188971,4188971,1998,698991654394832,698991654394882
"HIP_RUNTIME_API_EXT","hipLaunchKernel",4188971,4188971,1999,698991654395223,698991654396826
"HIP_RUNTIME_API_EXT","hipGetLastError",4188971,4188971,2000,698991654397177,698991654397207
"HIP_RUNTIME_API_EXT","hipSetDevice",4188971,4188971,2001,698991654397537,698991654397577
"HIP_COMPILER_API_EXT","__hipPushCallConfiguration",4188971,4188971,2002,698991654397858,698991654397898
"HIP_COMPILER_API_EXT","__hipPopCallConfiguration",4188971,4188971,2003,698991654398198,698991654398238
"HIP_RUNTIME_API_EXT","hipLaunchKernel",4188971,4188971,2004,698991654398609,698991654401575
"HIP_RUNTIME_API_EXT","hipGetLastError",4188971,4188971,2005,698991654401955,698991654401986
"HIP_COMPILER_API_EXT","__hipPushCallConfiguration",4188971,4188971,2006,698991654402266,698991654402316
"HIP_COMPILER_API_EXT","__hipPopCallConfiguration",4188971,4188971,2007,698991654402617,698991654402657
"HIP_RUNTIME_API_EXT","hipLaunchKernel",4188971,4188971,2008,698991654403028,698991654404651
"HIP_RUNTIME_API_EXT","hipGetLastError",4188971,4188971,2009,698991654404981,698991654405011
"HIP_COMPILER_API_EXT","__hipPushCallConfiguration",4188971,4188971,2010,698991654405302,698991654405342
"HIP_COMPILER_API_EXT","__hipPopCallConfiguration",4188971,4188971,2011,698991654405642,698991654405683
"HIP_RUNTIME_API_EXT","hipLaunchKernel",4188971,4188971,2012,698991654406053,698991654407556
"HIP_RUNTIME_API_EXT","hipGetLastError",4188971,4188971,2013,698991654407897,698991654407937
"HIP_RUNTIME_API_EXT","hipSetDevice",4188971,4188971,2014,698991654408257,698991654408307
"HIP_COMPILER_API_EXT","__hipPushCallConfiguration",4188971,4188971,2015,698991654408598,698991654408638
"HIP_COMPILER_API_EXT","__hipPopCallConfiguration",4188971,4188971,2016,698991654408949,698991654408989
"HIP_RUNTIME_API_EXT","hipLaunchKernel",4188971,4188971,2017,698991654409349,698991654410812
"HIP_RUNTIME_API_EXT","hipGetLastError",4188971,4188971,2018,698991654411143,698991654411173
"HIP_COMPILER_API_EXT","__hipPushCallConfiguration",4188971,4188971,2019,698991654411453,698991654411503
"HIP_COMPILER_API_EXT","__hipPopCallConfiguration",4188971,4188971,2020,698991654411844,698991654411884
"HIP_RUNTIME_API_EXT","hipLaunchKernel",4188971,4188971,2021,698991654412235,698991654413617
"HIP_RUNTIME_API_EXT","hipGetLastError",4188971,4188971,2022,698991654413958,698991654413988
"HIP_COMPILER_API_EXT","__hipPushCallConfiguration",4188971,4188971,2023,698991654414269,698991654414319
"HIP_COMPILER_API_EXT","__hipPopCallConfiguration",4188971,4188971,2024,698991654414629,698991654414679
"HIP_RUNTIME_API_EXT","hipLaunchKernel",4188971,4188971,2025,698991654415050,698991654416633
"HIP_RUNTIME_API_EXT","hipGetLastError",4188971,4188971,2026,698991654416984,698991654417014
"HIP_RUNTIME_API_EXT","hipSetDevice",4188971,4188971,2027,698991654417324,698991654417364
"HIP_COMPILER_API_EXT","__hipPushCallConfiguration",4188971,4188971,2028,698991654417665,698991654417705
"HIP_COMPILER_API_EXT","__hipPopCallConfiguration",4188971,4188971,2029,698991654418016,698991654418056
"HIP_RUNTIME_API_EXT","hipLaunchKernel",4188971,4188971,2030,698991654418426,698991654421031
"HIP_RUNTIME_API_EXT","hipGetLastError",4188971,4188971,2031,698991654421382,698991654421412
"HIP_COMPILER_API_EXT","__hipPushCallConfiguration",4188971,4188971,2032,698991654421713,698991654421763
"HIP_COMPILER_API_EXT","__hipPopCallConfiguration",4188971,4188971,2033,698991654422123,698991654422174
"HIP_RUNTIME_API_EXT","hipLaunchKernel",4188971,4188971,2034,698991654422524,698991654424047
"HIP_RUNTIME_API_EXT","hipGetLastError",4188971,4188971,2035,698991654424408,698991654424438
"HIP_COMPILER_API_EXT","__hipPushCallConfiguration",4188971,4188971,2036,698991654424728,698991654424768
"HIP_COMPILER_API_EXT","__hipPopCallConfiguration",4188971,4188971,2037,698991654425099,698991654425149
"HIP_RUNTIME_API_EXT","hipLaunchKernel",4188971,4188971,2038,698991654425500,698991654426882
"HIP_RUNTIME_API_EXT","hipGetLastError",4188971,4188971,2039,698991654427223,698991654427253
"HIP_RUNTIME_API_EXT","hipSetDevice",4188971,4188971,2040,698991654427534,698991654427574
"HIP_COMPILER_API_EXT","__hipPushCallConfiguration",4188971,4188971,2041,698991654427904,698991654427944
"HIP_COMPILER_API_EXT","__hipPopCallConfiguration",4188971,4188971,2042,698991654428265,698991654428305
"HIP_RUNTIME_API_EXT","hipLaunchKernel",4188971,4188971,2043,698991654428676,698991654430740
"HIP_RUNTIME_API_EXT","hipGetLastError",4188971,4188971,2044,698991654431070,698991654431100
"HIP_COMPILER_API_EXT","__hipPushCallConfiguration",4188971,4188971,2045,698991654431381,698991654431421
"HIP_COMPILER_API_EXT","__hipPopCallConfiguration",4188971,4188971,2046,698991654431732,698991654431782
"HIP_RUNTIME_API_EXT","hipLaunchKernel",4188971,4188971,2047,698991654432122,698991654485433
"HIP_RUNTIME_API_EXT","hipGetLastError",4188971,4188971,2048,698991654485803,698991654485833
"HIP_COMPILER_API_EXT","__hipPushCallConfiguration",4188971,4188971,2049,698991654486294,698991654486334
"HIP_COMPILER_API_EXT","__hipPopCallConfiguration",4188971,4188971,2050,698991654486645,698991654486685
"HIP_RUNTIME_API_EXT","hipLaunchKernel",4188971,4188971,2051,698991654487036,698991654541007
"HIP_RUNTIME_API_EXT","hipGetLastError",4188971,4188971,2052,698991654541428,698991654541458
"HIP_RUNTIME_API_EXT","hipSetDevice",4188971,4188971,2053,698991654541738,698991654541779
"HIP_COMPILER_API_EXT","__hipPushCallConfiguration",4188971,4188971,2054,698991654542059,698991654542099
"HIP_COMPILER_API_EXT","__hipPopCallConfiguration",4188971,4188971,2055,698991654542400,698991654542450
"HIP_RUNTIME_API_EXT","hipLaunchKernel",4188971,4188971,2056,698991654542831,698991654544784
"HIP_RUNTIME_API_EXT","hipGetLastError",4188971,4188971,2057,698991654545165,698991654545195
"HIP_COMPILER_API_EXT","__hipPushCallConfiguration",4188971,4188971,2058,698991654545475,698991654545526
"HIP_COMPILER_API_EXT","__hipPopCallConfiguration",4188971,4188971,2059,698991654545826,698991654545866
"HIP_RUNTIME_API_EXT","hipLaunchKernel",4188971,4188971,2060,698991654546247,698991654547850
"HIP_RUNTIME_API_EXT","hipGetLastError",4188971,4188971,2061,698991654548171,698991654548201
"HIP_COMPILER_API_EXT","__hipPushCallConfiguration",4188971,4188971,2062,698991654548491,698991654548541
"HIP_COMPILER_API_EXT","__hipPopCallConfiguration",4188971,4188971,2063,698991654548852,698991654548892
"HIP_RUNTIME_API_EXT","hipLaunchKernel",4188971,4188971,2064,698991654549263,698991654550575
"HIP_RUNTIME_API_EXT","hipGetLastError",4188971,4188971,2065,698991654550896,698991654550926
"HIP_RUNTIME_API_EXT","hipSetDevice",4188971,4188971,2066,698991654551206,698991654551246
"HIP_COMPILER_API_EXT","__hipPushCallConfiguration",4188971,4188971,2067,698991654551527,698991654551577
"HIP_COMPILER_API_EXT","__hipPopCallConfiguration",4188971,4188971,2068,698991654551878,698991654551928
"HIP_RUNTIME_API_EXT","hipLaunchKernel",4188971,4188971,2069,698991654552298,698991654553751
"HIP_RUNTIME_API_EXT","hipGetLastError",4188971,4188971,2070,698991654554102,698991654554132
"HIP_COMPILER_API_EXT","__hipPushCallConfiguration",4188971,4188971,2071,698991654554422,698991654554462
"HIP_COMPILER_API_EXT","__hipPopCallConfiguration",4188971,4188971,2072,698991654554763,698991654554813
"HIP_RUNTIME_API_EXT","hipLaunchKernel",4188971,4188971,2073,698991654555184,698991654609616
"HIP_RUNTIME_API_EXT","hipGetLastError",4188971,4188971,2074,698991654609997,698991654610027
"HIP_COMPILER_API_EXT","__hipPushCallConfiguration",4188971,4188971,2075,698991654610317,698991654610368
"HIP_COMPILER_API_EXT","__hipPopCallConfiguration",4188971,4188971,2076,698991654610668,698991654610708
"HIP_RUNTIME_API_EXT","hipLaunchKernel",4188971,4188971,2077,698991654611129,698991654612602
"HIP_RUNTIME_API_EXT","hipGetLastError",4188971,4188971,2078,698991654612982,698991654613013
"HIP_RUNTIME_API_EXT","hipSetDevice",4188971,4188971,2079,698991654613293,698991654613333
"HIP_COMPILER_API_EXT","__hipPushCallConfiguration",4188971,4188971,2080,698991654613644,698991654613694
"HIP_COMPILER_API_EXT","__hipPopCallConfiguration",4188971,4188971,2081,698991654613994,698991654614034
"HIP_RUNTIME_API_EXT","hipLaunchKernel",4188971,4188971,2082,698991654614405,698991654615778
"HIP_RUNTIME_API_EXT","hipGetLastError",4188971,4188971,2083,698991654616389,698991654616419
"HIP_COMPILER_API_EXT","__hipPushCallConfiguration",4188971,4188971,2084,698991654616720,698991654616760
"HIP_COMPILER_API_EXT","__hipPopCallConfiguration",4188971,4188971,2085,698991654617090,698991654617140
"HIP_RUNTIME_API_EXT","hipLaunchKernel",4188971,4188971,2086,698991654617511,698991654619054
"HIP_RUNTIME_API_EXT","hipGetLastError",4188971,4188971,2087,698991654619395,698991654619425
"HIP_COMPILER_API_EXT","__hipPushCallConfiguration",4188971,4188971,2088,698991654619705,698991654619745
"HIP_COMPILER_API_EXT","__hipPopCallConfiguration",4188971,4188971,2089,698991654620056,698991654620096
"HIP_RUNTIME_API_EXT","hipLaunchKernel",4188971,4188971,2090,698991654620477,698991654622040
"HIP_RUNTIME_API_EXT","hipGetLastError",4188971,4188971,2091,698991654622400,698991654622430
"HIP_RUNTIME_API_EXT","hipSetDevice",4188971,4188971,2092,698991654622721,698991654622771
"HIP_COMPILER_API_EXT","__hipPushCallConfiguration",4188971,4188971,2093,698991654623051,698991654623102
"HIP_COMPILER_API_EXT","__hipPopCallConfiguration",4188971,4188971,2094,698991654623402,698991654623442
"HIP_RUNTIME_API_EXT","hipLaunchKernel",4188971,4188971,2095,698991654623823,698991654625546
"HIP_RUNTIME_API_EXT","hipGetLastError",4188971,4188971,2096,698991654625927,698991654625957
"HIP_COMPILER_API_EXT","__hipPushCallConfiguration",4188971,4188971,2097,698991654626237,698991654626288
"HIP_COMPILER_API_EXT","__hipPopCallConfiguration",4188971,4188971,2098,698991654626588,698991654626628
"HIP_RUNTIME_API_EXT","hipLaunchKernel",4188971,4188971,2099,698991654626979,698991654629163
"HIP_RUNTIME_API_EXT","hipGetLastError",4188971,4188971,2100,698991654629534,698991654629564
"HIP_COMPILER_API_EXT","__hipPushCallConfiguration",4188971,4188971,2101,698991654630846,698991654630916
"HIP_COMPILER_API_EXT","__hipPopCallConfiguration",4188971,4188971,2102,698991654693394,698991654693444
"HIP_RUNTIME_API_EXT","hipLaunchKernel",4188971,4188971,2103,698991654693845,698991654695568
"HIP_RUNTIME_API_EXT","hipGetLastError",4188971,4188971,2104,698991654695898,698991654695939
"HIP_RUNTIME_API_EXT","hipSetDevice",4188971,4188971,2105,698991654696209,698991654696259
"HIP_COMPILER_API_EXT","__hipPushCallConfiguration",4188971,4188971,2106,698991654696710,698991654696780
"HIP_COMPILER_API_EXT","__hipPopCallConfiguration",4188971,4188971,2107,698991654697071,698991654697121
"HIP_RUNTIME_API_EXT","hipLaunchKernel",4188971,4188971,2108,698991654697491,698991654698964
"HIP_RUNTIME_API_EXT","hipGetLastError",4188971,4188971,2109,698991654699365,698991654699395
"HIP_COMPILER_API_EXT","__hipPushCallConfiguration",4188971,4188971,2110,698991654699756,698991654699796
"HIP_COMPILER_API_EXT","__hipPopCallConfiguration",4188971,4188971,2111,698991654700106,698991654700156
"HIP_RUNTIME_API_EXT","hipLaunchKernel",4188971,4188971,2112,698991654700497,698991654702311
"HIP_RUNTIME_API_EXT","hipGetLastError",4188971,4188971,2113,698991654702751,698991654702781
"HIP_RUNTIME_API_EXT","hipSetDevice",4188971,4188971,2114,698991654703082,698991654703122
"HIP_COMPILER_API_EXT","__hipPushCallConfiguration",4188971,4188971,2115,698991654703423,698991654703463
"HIP_COMPILER_API_EXT","__hipPopCallConfiguration",4188971,4188971,2116,698991654703773,698991654703823
"HIP_RUNTIME_API_EXT","hipLaunchKernel",4188971,4188971,2117,698991654704214,698991654705717
"HIP_RUNTIME_API_EXT","hipGetLastError",4188971,4188971,2118,698991654706128,698991654706168
"HIP_RUNTIME_API_EXT","hipSetDevice",4188971,4188971,2119,698991654706448,698991654706488
"HIP_COMPILER_API_EXT","__hipPushCallConfiguration",4188971,4188971,2120,698991654706779,698991654706819
"HIP_COMPILER_API_EXT","__hipPopCallConfiguration",4188971,4188971,2121,698991654707130,698991654707170
"HIP_RUNTIME_API_EXT","hipLaunchKernel",4188971,4188971,2122,698991654707520,698991654710055
"HIP_RUNTIME_API_EXT","hipGetLastError",4188971,4188971,2123,698991654710917,698991654710957
"HIP_COMPILER_API_EXT","__hipPushCallConfiguration",4188971,4188971,2124,698991654711307,698991654711348
"HIP_COMPILER_API_EXT","__hipPopCallConfiguration",4188971,4188971,2125,698991654711658,698991654711708
"HIP_RUNTIME_API_EXT","hipLaunchKernel",4188971,4188971,2126,698991654712059,698991654713532
"HIP_RUNTIME_API_EXT","hipGetLastError",4188971,4188971,2127,698991654713912,698991654713942
"HIP_COMPILER_API_EXT","__hipPushCallConfiguration",4188971,4188971,2128,698991654714223,698991654714273
"HIP_COMPILER_API_EXT","__hipPopCallConfiguration",4188971,4188971,2129,698991654714584,698991654714624
"HIP_RUNTIME_API_EXT","hipLaunchKernel",4188971,4188971,2130,698991654715004,698991654716607
"HIP_RUNTIME_API_EXT","hipGetLastError",4188971,4188971,2131,698991654716968,698991654716998
"HIP_COMPILER_API_EXT","__hipPushCallConfiguration",4188971,4188971,2132,698991654717279,698991654717329
"HIP_COMPILER_API_EXT","__hipPopCallConfiguration",4188971,4188971,2133,698991654717629,698991654717679
"HIP_RUNTIME_API_EXT","hipLaunchKernel",4188971,4188971,2134,698991654718040,698991654719373
"HIP_RUNTIME_API_EXT","hipGetLastError",4188971,4188971,2135,698991654719713,698991654719743
"HIP_COMPILER_API_EXT","__hipPushCallConfiguration",4188971,4188971,2136,698991654720144,698991654720194
"HIP_COMPILER_API_EXT","__hipPopCallConfiguration",4188971,4188971,2137,698991654720495,698991654720535
"HIP_RUNTIME_API_EXT","hipLaunchKernel",4188971,4188971,2138,698991654720895,698991654722418
"HIP_RUNTIME_API_EXT","hipGetLastError",4188971,4188971,2139,698991654722739,698991654722769
"HIP_RUNTIME_API_EXT","hipSetDevice",4188971,4188971,2140,698991654723050,698991654723090
"HIP_COMPILER_API_EXT","__hipPushCallConfiguration",4188971,4188971,2141,698991654723370,698991654723420
"HIP_COMPILER_API_EXT","__hipPopCallConfiguration",4188971,4188971,2142,698991654723711,698991654723761
"HIP_RUNTIME_API_EXT","hipLaunchKernel",4188971,4188971,2143,698991654724102,698991654726226
"HIP_RUNTIME_API_EXT","hipGetLastError",4188971,4188971,2144,698991654726626,698991654726656
"HIP_COMPILER_API_EXT","__hipPushCallConfiguration",4188971,4188971,2145,698991654727027,698991654727067
"HIP_COMPILER_API_EXT","__hipPopCallConfiguration",4188971,4188971,2146,698991654727388,698991654727438
"HIP_RUNTIME_API_EXT","hipLaunchKernel",4188971,4188971,2147,698991654727788,698991654729432
"HIP_RUNTIME_API_EXT","hipGetLastError",4188971,4188971,2148,698991654729782,698991654729812
"HIP_COMPILER_API_EXT","__hipPushCallConfiguration",4188971,4188971,2149,698991654730113,698991654730153
"HIP_COMPILER_API_EXT","__hipPopCallConfiguration",4188971,4188971,2150,698991654730453,698991654730504
"HIP_RUNTIME_API_EXT","hipLaunchKernel",4188971,4188971,2151,698991654730844,698991654733058
"HIP_RUNTIME_API_EXT","hipGetLastError",4188971,4188971,2152,698991654733379,698991654733409
"HIP_RUNTIME_API_EXT","hipSetDevice",4188971,4188971,2153,698991654733790,698991654733830
"HIP_COMPILER_API_EXT","__hipPushCallConfiguration",4188971,4188971,2154,698991654734120,698991654734170
"HIP_COMPILER_API_EXT","__hipPopCallConfiguration",4188971,4188971,2155,698991654734471,698991654734511
"HIP_RUNTIME_API_EXT","hipLaunchKernel",4188971,4188971,2156,698991654734872,698991654737146
"HIP_RUNTIME_API_EXT","hipGetLastError",4188971,4188971,2157,698991654737507,698991654737537
"HIP_COMPILER_API_EXT","__hipPushCallConfiguration",4188971,4188971,2158,698991654737817,698991654737867
"HIP_COMPILER_API_EXT","__hipPopCallConfiguration",4188971,4188971,2159,698991654738168,698991654738218
"HIP_RUNTIME_API_EXT","hipLaunchKernel",4188971,4188971,2160,698991654738569,698991654739971
"HIP_RUNTIME_API_EXT","hipGetLastError",4188971,4188971,2161,698991654740302,698991654740332
"HIP_COMPILER_API_EXT","__hipPushCallConfiguration",4188971,4188971,2162,698991654740643,698991654740683
"HIP_COMPILER_API_EXT","__hipPopCallConfiguration",4188971,4188971,2163,698991654740993,698991654741033
"HIP_RUNTIME_API_EXT","hipLaunchKernel",4188971,4188971,2164,698991654741384,698991654742626
"HIP_RUNTIME_API_EXT","hipGetLastError",4188971,4188971,2165,698991654742967,698991654742997
"HIP_RUNTIME_API_EXT","hipSetDevice",4188971,4188971,2166,698991654743278,698991654743328
"HIP_COMPILER_API_EXT","__hipPushCallConfiguration",4188971,4188971,2167,698991654743608,698991654743648
"HIP_COMPILER_API_EXT","__hipPopCallConfiguration",4188971,4188971,2168,698991654743949,698991654743989
"HIP_RUNTIME_API_EXT","hipLaunchKernel",4188971,4188971,2169,698991654744360,698991654746243
"HIP_RUNTIME_API_EXT","hipGetLastError",4188971,4188971,2170,698991654746614,698991654746644
"HIP_COMPILER_API_EXT","__hipPushCallConfiguration",4188971,4188971,2171,698991654746924,698991654746975
"HIP_COMPILER_API_EXT","__hipPopCallConfiguration",4188971,4188971,2172,698991654747275,698991654747315
"HIP_RUNTIME_API_EXT","hipLaunchKernel",4188971,4188971,2173,698991654747666,698991654749399
"HIP_RUNTIME_API_EXT","hipGetLastError",4188971,4188971,2174,698991654749730,698991654749760
"HIP_COMPILER_API_EXT","__hipPushCallConfiguration",4188971,4188971,2175,698991654750060,698991654750110
"HIP_COMPILER_API_EXT","__hipPopCallConfiguration",4188971,4188971,2176,698991654750411,698991654750451
"HIP_RUNTIME_API_EXT","hipLaunchKernel",4188971,4188971,2177,698991654750852,698991654752796
"HIP_RUNTIME_API_EXT","hipGetLastError",4188971,4188971,2178,698991654753136,698991654753166
"HIP_RUNTIME_API_EXT","hipSetDevice",4188971,4188971,2179,698991654753437,698991654753487
"HIP_COMPILER_API_EXT","__hipPushCallConfiguration",4188971,4188971,2180,698991654753757,698991654753797
"HIP_COMPILER_API_EXT","__hipPopCallConfiguration",4188971,4188971,2181,698991654754128,698991654754168
"HIP_RUNTIME_API_EXT","hipLaunchKernel",4188971,4188971,2182,698991654754659,698991654756523
"HIP_RUNTIME_API_EXT","hipGetLastError",4188971,4188971,2183,698991654756863,698991654756893
"HIP_COMPILER_API_EXT","__hipPushCallConfiguration",4188971,4188971,2184,698991654757174,698991654757224
"HIP_COMPILER_API_EXT","__hipPopCallConfiguration",4188971,4188971,2185,698991654757534,698991654757585
"HIP_RUNTIME_API_EXT","hipLaunchKernel",4188971,4188971,2186,698991654757935,698991654759258
"HIP_RUNTIME_API_EXT","hipGetLastError",4188971,4188971,2187,698991654759598,698991654759628
"HIP_COMPILER_API_EXT","__hipPushCallConfiguration",4188971,4188971,2188,698991654759949,698991654759989
"HIP_COMPILER_API_EXT","__hipPopCallConfiguration",4188971,4188971,2189,698991654760350,698991654760400
"HIP_RUNTIME_API_EXT","hipLaunchKernel",4188971,4188971,2190,698991654760750,698991654814862
"HIP_RUNTIME_API_EXT","hipGetLastError",4188971,4188971,2191,698991654815193,698991654815223
"HIP_RUNTIME_API_EXT","hipSetDevice",4188971,4188971,2192,698991654815493,698991654815544
"HIP_COMPILER_API_EXT","__hipPushCallConfiguration",4188971,4188971,2193,698991654815814,698991654815864
"HIP_COMPILER_API_EXT","__hipPopCallConfiguration",4188971,4188971,2194,698991654816165,698991654816205
"HIP_RUNTIME_API_EXT","hipLaunchKernel",4188971,4188971,2195,698991654816575,698991654870287
"HIP_RUNTIME_API_EXT","hipGetLastError",4188971,4188971,2196,698991654870717,698991654870747
"HIP_COMPILER_API_EXT","__hipPushCallConfiguration",4188971,4188971,2197,698991654871048,698991654871088
"HIP_COMPILER_API_EXT","__hipPopCallConfiguration",4188971,4188971,2198,698991654871389,698991654871429
"HIP_RUNTIME_API_EXT","hipLaunchKernel",4188971,4188971,2199,698991654871779,698991654873302
"HIP_RUNTIME_API_EXT","hipGetLastError",4188971,4188971,2200,698991654873643,698991654873673
"HIP_COMPILER_API_EXT","__hipPushCallConfiguration",4188971,4188971,2201,698991654873973,698991654874024
"HIP_COMPILER_API_EXT","__hipPopCallConfiguration",4188971,4188971,2202,698991654874324,698991654874364
"HIP_RUNTIME_API_EXT","hipLaunchKernel",4188971,4188971,2203,698991654874715,698991654876178
"HIP_RUNTIME_API_EXT","hipGetLastError",4188971,4188971,2204,698991654876568,698991654876598
"HIP_RUNTIME_API_EXT","hipSetDevice",4188971,4188971,2205,698991654876889,698991654876929
"HIP_COMPILER_API_EXT","__hipPushCallConfiguration",4188971,4188971,2206,698991654877240,698991654877280
"HIP_COMPILER_API_EXT","__hipPopCallConfiguration",4188971,4188971,2207,698991654877580,698991654877620
"HIP_RUNTIME_API_EXT","hipLaunchKernel",4188971,4188971,2208,698991654877971,698991654879514
"HIP_RUNTIME_API_EXT","hipGetLastError",4188971,4188971,2209,698991654879845,698991654879875
"HIP_COMPILER_API_EXT","__hipPushCallConfiguration",4188971,4188971,2210,698991654880185,698991654880225
"HIP_COMPILER_API_EXT","__hipPopCallConfiguration",4188971,4188971,2211,698991654880606,698991654880656
"HIP_RUNTIME_API_EXT","hipLaunchKernel",4188971,4188971,2212,698991654881027,698991654883171
"HIP_RUNTIME_API_EXT","hipGetLastError",4188971,4188971,2213,698991654883541,698991654883572
"HIP_COMPILER_API_EXT","__hipPushCallConfiguration",4188971,4188971,2214,698991654883852,698991654883892
"HIP_COMPILER_API_EXT","__hipPopCallConfiguration",4188971,4188971,2215,698991654884203,698991654884243
"HIP_RUNTIME_API_EXT","hipLaunchKernel",4188971,4188971,2216,698991654884613,698991654885966
"HIP_RUNTIME_API_EXT","hipGetLastError",4188971,4188971,2217,698991654886317,698991654886357
"HIP_RUNTIME_API_EXT","hipSetDevice",4188971,4188971,2218,698991654886627,698991654886677
"HIP_COMPILER_API_EXT","__hipPushCallConfiguration",4188971,4188971,2219,698991654886948,698991654886998
"HIP_COMPILER_API_EXT","__hipPopCallConfiguration",4188971,4188971,2220,698991654887289,698991654887329
"HIP_RUNTIME_API_EXT","hipLaunchKernel",4188971,4188971,2221,698991654887679,698991654889092
"HIP_RUNTIME_API_EXT","hipGetLastError",4188971,4188971,2222,698991654889433,698991654889463
"HIP_COMPILER_API_EXT","__hipPushCallConfiguration",4188971,4188971,2223,698991654889783,698991654889823
"HIP_COMPILER_API_EXT","__hipPopCallConfiguration",4188971,4188971,2224,698991654890124,698991654890174
"HIP_RUNTIME_API_EXT","hipLaunchKernel",4188971,4188971,2225,698991654890525,698991654944286
"HIP_RUNTIME_API_EXT","hipGetLastError",4188971,4188971,2226,698991654944676,698991654944707
"HIP_COMPILER_API_EXT","__hipPushCallConfiguration",4188971,4188971,2227,698991654944987,698991654945037
"HIP_COMPILER_API_EXT","__hipPopCallConfiguration",4188971,4188971,2228,698991654945348,698991654945398
"HIP_RUNTIME_API_EXT","hipLaunchKernel",4188971,4188971,2229,698991654945759,698991654947151
"HIP_RUNTIME_API_EXT","hipGetLastError",4188971,4188971,2230,698991654947472,698991654947502
"HIP_RUNTIME_API_EXT","hipSetDevice",4188971,4188971,2231,698991654947782,698991654947832
"HIP_COMPILER_API_EXT","__hipPushCallConfiguration",4188971,4188971,2232,698991654948103,698991654948153
"HIP_COMPILER_API_EXT","__hipPopCallConfiguration",4188971,4188971,2233,698991654948454,698991654948504
"HIP_RUNTIME_API_EXT","hipLaunchKernel",4188971,4188971,2234,698991654948844,698991654950367
"HIP_RUNTIME_API_EXT","hipGetLastError",4188971,4188971,2235,698991654950698,698991654950728
"HIP_COMPILER_API_EXT","__hipPushCallConfiguration",4188971,4188971,2236,698991654951008,698991654951058
"HIP_COMPILER_API_EXT","__hipPopCallConfiguration",4188971,4188971,2237,698991654951389,698991654951429
"HIP_RUNTIME_API_EXT","hipLaunchKernel",4188971,4188971,2238,698991654951860,698991654953433
"HIP_RUNTIME_API_EXT","hipGetLastError",4188971,4188971,2239,698991654953774,698991654953814
"HIP_COMPILER_API_EXT","__hipPushCallConfiguration",4188971,4188971,2240,698991654954084,698991654954134
"HIP_COMPILER_API_EXT","__hipPopCallConfiguration",4188971,4188971,2241,698991654954515,698991654954555
"HIP_RUNTIME_API_EXT","hipLaunchKernel",4188971,4188971,2242,698991654954916,698991654957791
"HIP_RUNTIME_API_EXT","hipGetLastError",4188971,4188971,2243,698991654958182,698991654958212
"HIP_RUNTIME_API_EXT","hipSetDevice",4188971,4188971,2244,698991654958502,698991654958543
"HIP_COMPILER_API_EXT","__hipPushCallConfiguration",4188971,4188971,2245,698991654958833,698991654958873
"HIP_COMPILER_API_EXT","__hipPopCallConfiguration",4188971,4188971,2246,698991654959194,698991654959244
"HIP_RUNTIME_API_EXT","hipLaunchKernel",4188971,4188971,2247,698991654959595,698991654960997
"HIP_RUNTIME_API_EXT","hipGetLastError",4188971,4188971,2248,698991654961328,698991654961358
"HIP_COMPILER_API_EXT","__hipPushCallConfiguration",4188971,4188971,2249,698991654961638,698991654961688
"HIP_COMPILER_API_EXT","__hipPopCallConfiguration",4188971,4188971,2250,698991654962009,698991654962059
"HIP_RUNTIME_API_EXT","hipLaunchKernel",4188971,4188971,2251,698991654962480,698991654964133
"HIP_RUNTIME_API_EXT","hipGetLastError",4188971,4188971,2252,698991654964494,698991654964524
"HIP_RUNTIME_API_EXT","hipSetDevice",4188971,4188971,2253,698991654964864,698991654964905
"HIP_COMPILER_API_EXT","__hipPushCallConfiguration",4188971,4188971,2254,698991654965185,698991654965235
"HIP_COMPILER_API_EXT","__hipPopCallConfiguration",4188971,4188971,2255,698991654965536,698991654965586
"HIP_RUNTIME_API_EXT","hipLaunchKernel",4188971,4188971,2256,698991654965926,698991654967339
"HIP_RUNTIME_API_EXT","hipGetLastError",4188971,4188971,2257,698991654967670,698991654967700
"HIP_RUNTIME_API_EXT","hipSetDevice",4188971,4188971,2258,698991654967970,698991654968020
"HIP_COMPILER_API_EXT","__hipPushCallConfiguration",4188971,4188971,2259,698991654968301,698991654968351
"HIP_COMPILER_API_EXT","__hipPopCallConfiguration",4188971,4188971,2260,698991654968652,698991654968692
"HIP_RUNTIME_API_EXT","hipLaunchKernel",4188971,4188971,2261,698991654969052,698991654971808
"HIP_RUNTIME_API_EXT","hipGetLastError",4188971,4188971,2262,698991654972168,698991654972208
"HIP_COMPILER_API_EXT","__hipPushCallConfiguration",4188971,4188971,2263,698991654972529,698991654972579
"HIP_COMPILER_API_EXT","__hipPopCallConfiguration",4188971,4188971,2264,698991654972880,698991654972930
"HIP_RUNTIME_API_EXT","hipLaunchKernel",4188971,4188971,2265,698991654973270,698991654974693
"HIP_RUNTIME_API_EXT","hipGetLastError",4188971,4188971,2266,698991654974994,698991654975024
"HIP_COMPILER_API_EXT","__hipPushCallConfiguration",4188971,4188971,2267,698991654975324,698991654975374
"HIP_COMPILER_API_EXT","__hipPopCallConfiguration",4188971,4188971,2268,698991654975665,698991654975715
"HIP_RUNTIME_API_EXT","hipLaunchKernel",4188971,4188971,2269,698991654976066,698991655003016
"HIP_RUNTIME_API_EXT","hipGetLastError",4188971,4188971,2270,698991655003407,698991655003437
"HIP_COMPILER_API_EXT","__hipPushCallConfiguration",4188971,4188971,2271,698991655003858,698991655003898
"HIP_COMPILER_API_EXT","__hipPopCallConfiguration",4188971,4188971,2272,698991655004198,698991655004249
"HIP_RUNTIME_API_EXT","hipLaunchKernel",4188971,4188971,2273,698991655004599,698991655006102
"HIP_RUNTIME_API_EXT","hipGetLastError",4188971,4188971,2274,698991655006423,698991655006453
"HIP_RUNTIME_API_EXT","hipMemcpyAsync",4188971,4188971,2275,698991655007304,698991655012905
"HIP_RUNTIME_API_EXT","hipMemcpyAsync",4188971,4188971,2276,698991655013606,698991655015390
"HIP_RUNTIME_API_EXT","hipStreamSynchronize",4188971,4188971,2277,698991655017864,698991655187944
"HIP_RUNTIME_API_EXT","hipSetDevice",4188971,4188971,2278,698991655225344,698991655225395
"HIP_RUNTIME_API_EXT","hipMemsetAsync",4188971,4188971,2279,698991655245472,698991655252105
"HIP_RUNTIME_API_EXT","hipMemcpyAsync",4188971,4188971,2280,698991655252706,698991655260661
"HIP_RUNTIME_API_EXT","hipMemcpyAsync",4188971,4188971,2281,698991655261112,698991655263516
"HIP_COMPILER_API_EXT","__hipPushCallConfiguration",4188971,4188971,2282,698991655263867,698991655263907
"HIP_COMPILER_API_EXT","__hipPopCallConfiguration",4188971,4188971,2283,698991655264228,698991655264288
"HIP_RUNTIME_API_EXT","hipLaunchKernel",4188971,4188971,2284,698991655264648,698991655266873
"HIP_RUNTIME_API_EXT","hipGetLastError",4188971,4188971,2285,698991655267223,698991655267263
"HIP_RUNTIME_API_EXT","hipSetDevice",4188971,4188971,2286,698991655267574,698991655267624
"HIP_COMPILER_API_EXT","__hipPushCallConfiguration",4188971,4188971,2287,698991655267925,698991655267965
"HIP_COMPILER_API_EXT","__hipPopCallConfiguration",4188971,4188971,2288,698991655268275,698991655268325
"HIP_RUNTIME_API_EXT","hipLaunchKernel",4188971,4188971,2289,698991655268686,698991655270860
"HIP_RUNTIME_API_EXT","hipGetLastError",4188971,4188971,2290,698991655271231,698991655271271
"HIP_COMPILER_API_EXT","__hipPushCallConfiguration",4188971,4188971,2291,698991655271561,698991655271612
"HIP_COMPILER_API_EXT","__hipPopCallConfiguration",4188971,4188971,2292,698991655271922,698991655271972
"HIP_RUNTIME_API_EXT","hipLaunchKernel",4188971,4188971,2293,698991655272353,698991655273946
"HIP_RUNTIME_API_EXT","hipGetLastError",4188971,4188971,2294,698991655274387,698991655274427
"HIP_COMPILER_API_EXT","__hipPushCallConfiguration",4188971,4188971,2295,698991655274707,698991655274757
"HIP_COMPILER_API_EXT","__hipPopCallConfiguration",4188971,4188971,2296,698991655275058,698991655275098
"HIP_RUNTIME_API_EXT","hipLaunchKernel",4188971,4188971,2297,698991655275459,698991655277573
"HIP_RUNTIME_API_EXT","hipGetLastError",4188971,4188971,2298,698991655277923,698991655277953
"HIP_RUNTIME_API_EXT","hipSetDevice",4188971,4188971,2299,698991655278254,698991655278294
"HIP_COMPILER_API_EXT","__hipPushCallConfiguration",4188971,4188971,2300,698991655278575,698991655278625
"HIP_COMPILER_API_EXT","__hipPopCallConfiguration",4188971,4188971,2301,698991655278925,698991655278965
"HIP_RUNTIME_API_EXT","hipLaunchKernel",4188971,4188971,2302,698991655279336,698991655280899
"HIP_RUNTIME_API_EXT","hipGetLastError",4188971,4188971,2303,698991655281230,698991655281260
"HIP_COMPILER_API_EXT","__hipPushCallConfiguration",4188971,4188971,2304,698991655281550,698991655281600
"HIP_COMPILER_API_EXT","__hipPopCallConfiguration",4188971,4188971,2305,698991655281951,698991655281991
"HIP_RUNTIME_API_EXT","hipLaunchKernel",4188971,4188971,2306,698991655282352,698991655283825
"HIP_RUNTIME_API_EXT","hipGetLastError",4188971,4188971,2307,698991655284145,698991655284175
"HIP_COMPILER_API_EXT","__hipPushCallConfiguration",4188971,4188971,2308,698991655284456,698991655284506
"HIP_COMPILER_API_EXT","__hipPopCallConfiguration",4188971,4188971,2309,698991655284806,698991655284856
"HIP_RUNTIME_API_EXT","hipLaunchKernel",4188971,4188971,2310,698991655285197,698991655286890
"HIP_RUNTIME_API_EXT","hipGetLastError",4188971,4188971,2311,698991655287231,698991655287261
"HIP_RUNTIME_API_EXT","hipSetDevice",4188971,4188971,2312,698991655287572,698991655287612
"HIP_COMPILER_API_EXT","__hipPushCallConfiguration",4188971,4188971,2313,698991655287882,698991655287932
"HIP_COMPILER_API_EXT","__hipPopCallConfiguration",4188971,4188971,2314,698991655288223,698991655288263
"HIP_RUNTIME_API_EXT","hipLaunchKernel",4188971,4188971,2315,698991655288624,698991655290277
"HIP_RUNTIME_API_EXT","hipGetLastError",4188971,4188971,2316,698991655290647,698991655290677
"HIP_COMPILER_API_EXT","__hipPushCallConfiguration",4188971,4188971,2317,698991655290968,698991655291018
"HIP_COMPILER_API_EXT","__hipPopCallConfiguration",4188971,4188971,2318,698991655291319,698991655291369
"HIP_RUNTIME_API_EXT","hipLaunchKernel",4188971,4188971,2319,698991655291719,698991655293683
"HIP_RUNTIME_API_EXT","hipGetLastError",4188971,4188971,2320,698991655293994,698991655294024
"HIP_COMPILER_API_EXT","__hipPushCallConfiguration",4188971,4188971,2321,698991655294324,698991655294374
"HIP_COMPILER_API_EXT","__hipPopCallConfiguration",4188971,4188971,2322,698991655294665,698991655294715
"HIP_RUNTIME_API_EXT","hipLaunchKernel",4188971,4188971,2323,698991655295066,698991655296769
"HIP_RUNTIME_API_EXT","hipGetLastError",4188971,4188971,2324,698991655297109,698991655297140
"HIP_RUNTIME_API_EXT","hipSetDevice",4188971,4188971,2325,698991655297430,698991655297470
"HIP_COMPILER_API_EXT","__hipPushCallConfiguration",4188971,4188971,2326,698991655297741,698991655297791
"HIP_COMPILER_API_EXT","__hipPopCallConfiguration",4188971,4188971,2327,698991655298091,698991655298141
"HIP_RUNTIME_API_EXT","hipLaunchKernel",4188971,4188971,2328,698991655298492,698991655299975
"HIP_RUNTIME_API_EXT","hipGetLastError",4188971,4188971,2329,698991655300295,698991655300326
"HIP_COMPILER_API_EXT","__hipPushCallConfiguration",4188971,4188971,2330,698991655300616,698991655300666
"HIP_COMPILER_API_EXT","__hipPopCallConfiguration",4188971,4188971,2331,698991655300957,698991655301007
"HIP_RUNTIME_API_EXT","hipLaunchKernel",4188971,4188971,2332,698991655301347,698991655302991
"HIP_RUNTIME_API_EXT","hipGetLastError",4188971,4188971,2333,698991655303341,698991655303381
"HIP_COMPILER_API_EXT","__hipPushCallConfiguration",4188971,4188971,2334,698991655303692,698991655303742
"HIP_COMPILER_API_EXT","__hipPopCallConfiguration",4188971,4188971,2335,698991655304133,698991655304183
"HIP_RUNTIME_API_EXT","hipLaunchKernel",4188971,4188971,2336,698991655304554,698991655306327
"HIP_RUNTIME_API_EXT","hipGetLastError",4188971,4188971,2337,698991655306667,698991655306708
"HIP_RUNTIME_API_EXT","hipSetDevice",4188971,4188971,2338,698991655307018,698991655307058
"HIP_COMPILER_API_EXT","__hipPushCallConfiguration",4188971,4188971,2339,698991655307339,698991655307379
"HIP_COMPILER_API_EXT","__hipPopCallConfiguration",4188971,4188971,2340,698991655307679,698991655307729
"HIP_RUNTIME_API_EXT","hipLaunchKernel",4188971,4188971,2341,698991655308100,698991655309733
"HIP_RUNTIME_API_EXT","hipGetLastError",4188971,4188971,2342,698991655310064,698991655310094
"HIP_COMPILER_API_EXT","__hipPushCallConfiguration",4188971,4188971,2343,698991655310384,698991655310425
"HIP_COMPILER_API_EXT","__hipPopCallConfiguration",4188971,4188971,2344,698991655310715,698991655310765
"HIP_RUNTIME_API_EXT","hipLaunchKernel",4188971,4188971,2345,698991655311126,698991655313130
"HIP_RUNTIME_API_EXT","hipGetLastError",4188971,4188971,2346,698991655313450,698991655313480
"HIP_COMPILER_API_EXT","__hipPushCallConfiguration",4188971,4188971,2347,698991655313771,698991655313821
"HIP_COMPILER_API_EXT","__hipPopCallConfiguration",4188971,4188971,2348,698991655314132,698991655314182
"HIP_RUNTIME_API_EXT","hipLaunchKernel",4188971,4188971,2349,698991655314562,698991655316526
"HIP_RUNTIME_API_EXT","hipGetLastError",4188971,4188971,2350,698991655316867,698991655316897
"HIP_RUNTIME_API_EXT","hipSetDevice",4188971,4188971,2351,698991655317187,698991655317237
"HIP_COMPILER_API_EXT","__hipPushCallConfiguration",4188971,4188971,2352,698991655317508,698991655317548
"HIP_COMPILER_API_EXT","__hipPopCallConfiguration",4188971,4188971,2353,698991655317838,698991655317889
"HIP_RUNTIME_API_EXT","hipLaunchKernel",4188971,4188971,2354,698991655318259,698991655372682
"HIP_RUNTIME_API_EXT","hipGetLastError",4188971,4188971,2355,698991655373092,698991655373122
"HIP_COMPILER_API_EXT","__hipPushCallConfiguration",4188971,4188971,2356,698991655373443,698991655373483
"HIP_COMPILER_API_EXT","__hipPopCallConfiguration",4188971,4188971,2357,698991655373794,698991655373844
"HIP_RUNTIME_API_EXT","hipLaunchKernel",4188971,4188971,2358,698991655374235,698991655375737
"HIP_RUNTIME_API_EXT","hipGetLastError",4188971,4188971,2359,698991655376058,698991655376098
"HIP_COMPILER_API_EXT","__hipPushCallConfiguration",4188971,4188971,2360,698991655376379,698991655376419
"HIP_COMPILER_API_EXT","__hipPopCallConfiguration",4188971,4188971,2361,698991655376719,698991655376769
"HIP_RUNTIME_API_EXT","hipLaunchKernel",4188971,4188971,2362,698991655377140,698991655378603
"HIP_RUNTIME_API_EXT","hipGetLastError",4188971,4188971,2363,698991655378923,698991655378953
"HIP_RUNTIME_API_EXT","hipSetDevice",4188971,4188971,2364,698991655379234,698991655379274
"HIP_COMPILER_API_EXT","__hipPushCallConfiguration",4188971,4188971,2365,698991655379555,698991655379605
"HIP_COMPILER_API_EXT","__hipPopCallConfiguration",4188971,4188971,2366,698991655379905,698991655379945
"HIP_RUNTIME_API_EXT","hipLaunchKernel",4188971,4188971,2367,698991655380326,698991655382500
"HIP_RUNTIME_API_EXT","hipGetLastError",4188971,4188971,2368,698991655382841,698991655382871
"HIP_COMPILER_API_EXT","__hipPushCallConfiguration",4188971,4188971,2369,698991655383221,698991655383272
"HIP_COMPILER_API_EXT","__hipPopCallConfiguration",4188971,4188971,2370,698991655383572,698991655383612
"HIP_RUNTIME_API_EXT","hipLaunchKernel",4188971,4188971,2371,698991655383953,698991655437564
"HIP_RUNTIME_API_EXT","hipGetLastError",4188971,4188971,2372,698991655437934,698991655437964
"HIP_COMPILER_API_EXT","__hipPushCallConfiguration",4188971,4188971,2373,698991655438255,698991655438305
"HIP_COMPILER_API_EXT","__hipPopCallConfiguration",4188971,4188971,2374,698991655438656,698991655438696
"HIP_RUNTIME_API_EXT","hipLaunchKernel",4188971,4188971,2375,698991655439067,698991655440629
"HIP_RUNTIME_API_EXT","hipGetLastError",4188971,4188971,2376,698991655440980,698991655441010
"HIP_RUNTIME_API_EXT","hipSetDevice",4188971,4188971,2377,698991655441291,698991655441341
"HIP_COMPILER_API_EXT","__hipPushCallConfiguration",4188971,4188971,2378,698991655441631,698991655441681
"HIP_COMPILER_API_EXT","__hipPopCallConfiguration",4188971,4188971,2379,698991655441982,698991655442022
"HIP_RUNTIME_API_EXT","hipLaunchKernel",4188971,4188971,2380,698991655442383,698991655443946
"HIP_RUNTIME_API_EXT","hipGetLastError",4188971,4188971,2381,698991655444286,698991655444316
"HIP_COMPILER_API_EXT","__hipPushCallConfiguration",4188971,4188971,2382,698991655444587,698991655444637
"HIP_COMPILER_API_EXT","__hipPopCallConfiguration",4188971,4188971,2383,698991655444938,698991655444978
"HIP_RUNTIME_API_EXT","hipLaunchKernel",4188971,4188971,2384,698991655445348,698991655446891
"HIP_RUNTIME_API_EXT","hipGetLastError",4188971,4188971,2385,698991655447212,698991655447242
"HIP_COMPILER_API_EXT","__hipPushCallConfiguration",4188971,4188971,2386,698991655447522,698991655447573
"HIP_COMPILER_API_EXT","__hipPopCallConfiguration",4188971,4188971,2387,698991655447893,698991655447933
"HIP_RUNTIME_API_EXT","hipLaunchKernel",4188971,4188971,2388,698991655448284,698991655449596
"HIP_RUNTIME_API_EXT","hipGetLastError",4188971,4188971,2389,698991655449927,698991655449957
"HIP_RUNTIME_API_EXT","hipSetDevice",4188971,4188971,2390,698991655450248,698991655450298
"HIP_COMPILER_API_EXT","__hipPushCallConfiguration",4188971,4188971,2391,698991655450598,698991655450638
"HIP_COMPILER_API_EXT","__hipPopCallConfiguration",4188971,4188971,2392,698991655450949,698991655450989
"HIP_RUNTIME_API_EXT","hipLaunchKernel",4188971,4188971,2393,698991655451350,698991655453524
"HIP_RUNTIME_API_EXT","hipGetLastError",4188971,4188971,2394,698991655453894,698991655453925
"HIP_COMPILER_API_EXT","__hipPushCallConfiguration",4188971,4188971,2395,698991655454245,698991655454285
"HIP_COMPILER_API_EXT","__hipPopCallConfiguration",4188971,4188971,2396,698991655454656,698991655454696
"HIP_RUNTIME_API_EXT","hipLaunchKernel",4188971,4188971,2397,698991655455067,698991655456499
"HIP_RUNTIME_API_EXT","hipGetLastError",4188971,4188971,2398,698991655456870,698991655456900
"HIP_RUNTIME_API_EXT","hipSetDevice",4188971,4188971,2399,698991655457251,698991655457301
"HIP_COMPILER_API_EXT","__hipPushCallConfiguration",4188971,4188971,2400,698991655457621,698991655457662
"HIP_COMPILER_API_EXT","__hipPopCallConfiguration",4188971,4188971,2401,698991655457982,698991655458032
"HIP_RUNTIME_API_EXT","hipLaunchKernel",4188971,4188971,2402,698991655458393,698991655460236
"HIP_RUNTIME_API_EXT","hipGetLastError",4188971,4188971,2403,698991655460587,698991655460617
"HIP_RUNTIME_API_EXT","hipSetDevice",4188971,4188971,2404,698991655460908,698991655460958
"HIP_COMPILER_API_EXT","__hipPushCallConfiguration",4188971,4188971,2405,698991655461338,698991655461379
"HIP_COMPILER_API_EXT","__hipPopCallConfiguration",4188971,4188971,2406,698991655461699,698991655461739
"HIP_RUNTIME_API_EXT","hipLaunchKernel",4188971,4188971,2407,698991655462120,698991655463733
"HIP_RUNTIME_API_EXT","hipGetLastError",4188971,4188971,2408,698991655464094,698991655464124
"HIP_COMPILER_API_EXT","__hipPushCallConfiguration",4188971,4188971,2409,698991655464404,698991655464454
"HIP_COMPILER_API_EXT","__hipPopCallConfiguration",4188971,4188971,2410,698991655464755,698991655464795
"HIP_RUNTIME_API_EXT","hipLaunchKernel",4188971,4188971,2411,698991655465146,698991655519478
"HIP_RUNTIME_API_EXT","hipGetLastError",4188971,4188971,2412,698991655519869,698991655519899
"HIP_COMPILER_API_EXT","__hipPushCallConfiguration",4188971,4188971,2413,698991655520189,698991655520239
"HIP_COMPILER_API_EXT","__hipPopCallConfiguration",4188971,4188971,2414,698991655520540,698991655520580
"HIP_RUNTIME_API_EXT","hipLaunchKernel",4188971,4188971,2415,698991655520931,698991655522654
"HIP_RUNTIME_API_EXT","hipGetLastError",4188971,4188971,2416,698991655523065,698991655523095
"HIP_COMPILER_API_EXT","__hipPushCallConfiguration",4188971,4188971,2417,698991655523375,698991655523425
"HIP_COMPILER_API_EXT","__hipPopCallConfiguration",4188971,4188971,2418,698991655523726,698991655523776
"HIP_RUNTIME_API_EXT","hipLaunchKernel",4188971,4188971,2419,698991655524137,698991655525740
"HIP_RUNTIME_API_EXT","hipGetLastError",4188971,4188971,2420,698991655526160,698991655526190
"HIP_COMPILER_API_EXT","__hipPushCallConfiguration",4188971,4188971,2421,698991655526501,698991655526551
"HIP_COMPILER_API_EXT","__hipPopCallConfiguration",4188971,4188971,2422,698991655526842,698991655526892
"HIP_RUNTIME_API_EXT","hipLaunchKernel",4188971,4188971,2423,698991655527242,698991655528575
"HIP_RUNTIME_API_EXT","hipGetLastError",4188971,4188971,2424,698991655528896,698991655528926
"HIP_RUNTIME_API_EXT","hipSetDevice",4188971,4188971,2425,698991655529206,698991655529246
"HIP_COMPILER_API_EXT","__hipPushCallConfiguration",4188971,4188971,2426,698991655529877,698991655529927
"HIP_COMPILER_API_EXT","__hipPopCallConfiguration",4188971,4188971,2427,698991655530238,698991655530278
"HIP_RUNTIME_API_EXT","hipLaunchKernel",4188971,4188971,2428,698991655530659,698991655532522
"HIP_RUNTIME_API_EXT","hipGetLastError",4188971,4188971,2429,698991655532883,698991655532913
"HIP_COMPILER_API_EXT","__hipPushCallConfiguration",4188971,4188971,2430,698991655533194,698991655533234
"HIP_COMPILER_API_EXT","__hipPopCallConfiguration",4188971,4188971,2431,698991655533534,698991655533604
"HIP_RUNTIME_API_EXT","hipLaunchKernel",4188971,4188971,2432,698991655534095,698991655535438
"HIP_RUNTIME_API_EXT","hipGetLastError",4188971,4188971,2433,698991655535869,698991655535899
"HIP_COMPILER_API_EXT","__hipPushCallConfiguration",4188971,4188971,2434,698991655536189,698991655536229
"HIP_COMPILER_API_EXT","__hipPopCallConfiguration",4188971,4188971,2435,698991655536540,698991655536590
"HIP_RUNTIME_API_EXT","hipLaunchKernel",4188971,4188971,2436,698991655536971,698991655538444
"HIP_RUNTIME_API_EXT","hipGetLastError",4188971,4188971,2437,698991655538784,698991655538814
"HIP_RUNTIME_API_EXT","hipSetDevice",4188971,4188971,2438,698991655539105,698991655539155
"HIP_COMPILER_API_EXT","__hipPushCallConfiguration",4188971,4188971,2439,698991655539425,698991655539465
"HIP_COMPILER_API_EXT","__hipPopCallConfiguration",4188971,4188971,2440,698991655539766,698991655539806
"HIP_RUNTIME_API_EXT","hipLaunchKernel",4188971,4188971,2441,698991655540197,698991655541820
"HIP_RUNTIME_API_EXT","hipGetLastError",4188971,4188971,2442,698991655542181,698991655542211
"HIP_COMPILER_API_EXT","__hipPushCallConfiguration",4188971,4188971,2443,698991655542521,698991655542571
"HIP_COMPILER_API_EXT","__hipPopCallConfiguration",4188971,4188971,2444,698991655542862,698991655542912
"HIP_RUNTIME_API_EXT","hipLaunchKernel",4188971,4188971,2445,698991655543253,698991655544685
"HIP_RUNTIME_API_EXT","hipGetLastError",4188971,4188971,2446,698991655545296,698991655545326
"HIP_COMPILER_API_EXT","__hipPushCallConfiguration",4188971,4188971,2447,698991655545627,698991655545667
"HIP_COMPILER_API_EXT","__hipPopCallConfiguration",4188971,4188971,2448,698991655545978,698991655546018
"HIP_RUNTIME_API_EXT","hipLaunchKernel",4188971,4188971,2449,698991655546398,698991655548122
"HIP_RUNTIME_API_EXT","hipGetLastError",4188971,4188971,2450,698991655548442,698991655548472
"HIP_RUNTIME_API_EXT","hipSetDevice",4188971,4188971,2451,698991655549795,698991655549875
"HIP_COMPILER_API_EXT","__hipPushCallConfiguration",4188971,4188971,2452,698991655612322,698991655612373
"HIP_COMPILER_API_EXT","__hipPopCallConfiguration",4188971,4188971,2453,698991655612693,698991655612743
"HIP_RUNTIME_API_EXT","hipLaunchKernel",4188971,4188971,2454,698991655613144,698991655615038
"HIP_RUNTIME_API_EXT","hipGetLastError",4188971,4188971,2455,698991655615418,698991655615458
"HIP_COMPILER_API_EXT","__hipPushCallConfiguration",4188971,4188971,2456,698991655615749,698991655615799
"HIP_COMPILER_API_EXT","__hipPopCallConfiguration",4188971,4188971,2457,698991655616090,698991655616140
"HIP_RUNTIME_API_EXT","hipLaunchKernel",4188971,4188971,2458,698991655616490,698991655617733
"HIP_RUNTIME_API_EXT","hipGetLastError",4188971,4188971,2459,698991655618113,698991655618153
"HIP_COMPILER_API_EXT","__hipPushCallConfiguration",4188971,4188971,2460,698991655618424,698991655618474
"HIP_COMPILER_API_EXT","__hipPopCallConfiguration",4188971,4188971,2461,698991655618765,698991655618815
"HIP_RUNTIME_API_EXT","hipLaunchKernel",4188971,4188971,2462,698991655619155,698991655620798
"HIP_RUNTIME_API_EXT","hipGetLastError",4188971,4188971,2463,698991655621139,698991655621169
"HIP_RUNTIME_API_EXT","hipSetDevice",4188971,4188971,2464,698991655621460,698991655621500
"HIP_COMPILER_API_EXT","__hipPushCallConfiguration",4188971,4188971,2465,698991655621790,698991655621830
"HIP_COMPILER_API_EXT","__hipPopCallConfiguration",4188971,4188971,2466,698991655622211,698991655622251
"HIP_RUNTIME_API_EXT","hipLaunchKernel",4188971,4188971,2467,698991655622612,698991655624004
"HIP_RUNTIME_API_EXT","hipGetLastError",4188971,4188971,2468,698991655624365,698991655624395
"HIP_COMPILER_API_EXT","__hipPushCallConfiguration",4188971,4188971,2469,698991655624676,698991655624726
"HIP_COMPILER_API_EXT","__hipPopCallConfiguration",4188971,4188971,2470,698991655625016,698991655625066
"HIP_RUNTIME_API_EXT","hipLaunchKernel",4188971,4188971,2471,698991655625417,698991655626920
"HIP_RUNTIME_API_EXT","hipGetLastError",4188971,4188971,2472,698991655627261,698991655627291
"HIP_COMPILER_API_EXT","__hipPushCallConfiguration",4188971,4188971,2473,698991655627591,698991655627641
"HIP_COMPILER_API_EXT","__hipPopCallConfiguration",4188971,4188971,2474,698991655627932,698991655627982
"HIP_RUNTIME_API_EXT","hipLaunchKernel",4188971,4188971,2475,698991655628343,698991655682224
"HIP_RUNTIME_API_EXT","hipGetLastError",4188971,4188971,2476,698991655682595,698991655682625
"HIP_RUNTIME_API_EXT","hipSetDevice",4188971,4188971,2477,698991655683005,698991655683056
"HIP_COMPILER_API_EXT","__hipPushCallConfiguration",4188971,4188971,2478,698991655683336,698991655683376
"HIP_COMPILER_API_EXT","__hipPopCallConfiguration",4188971,4188971,2479,698991655683677,698991655683717
"HIP_RUNTIME_API_EXT","hipLaunchKernel",4188971,4188971,2480,698991655684087,698991655685570
"HIP_RUNTIME_API_EXT","hipGetLastError",4188971,4188971,2481,698991655685961,698991655685991
"HIP_COMPILER_API_EXT","__hipPushCallConfiguration",4188971,4188971,2482,698991655686282,698991655686322
"HIP_COMPILER_API_EXT","__hipPopCallConfiguration",4188971,4188971,2483,698991655686622,698991655686662
"HIP_RUNTIME_API_EXT","hipLaunchKernel",4188971,4188971,2484,698991655687013,698991655688606
"HIP_RUNTIME_API_EXT","hipGetLastError",4188971,4188971,2485,698991655688927,698991655688957
"HIP_COMPILER_API_EXT","__hipPushCallConfiguration",4188971,4188971,2486,698991655689277,698991655689327
"HIP_COMPILER_API_EXT","__hipPopCallConfiguration",4188971,4188971,2487,698991655689718,698991655689758
"HIP_RUNTIME_API_EXT","hipLaunchKernel",4188971,4188971,2488,698991655690169,698991655691612
"HIP_RUNTIME_API_EXT","hipGetLastError",4188971,4188971,2489,698991655691932,698991655691962
"HIP_RUNTIME_API_EXT","hipSetDevice",4188971,4188971,2490,698991655692263,698991655692303
"HIP_COMPILER_API_EXT","__hipPushCallConfiguration",4188971,4188971,2491,698991655692614,698991655692654
"HIP_COMPILER_API_EXT","__hipPopCallConfiguration",4188971,4188971,2492,698991655692944,698991655692994
"HIP_RUNTIME_API_EXT","hipLaunchKernel",4188971,4188971,2493,698991655693335,698991655695228
"HIP_RUNTIME_API_EXT","hipGetLastError",4188971,4188971,2494,698991655695599,698991655695629
"HIP_COMPILER_API_EXT","__hipPushCallConfiguration",4188971,4188971,2495,698991655695920,698991655695970
"HIP_COMPILER_API_EXT","__hipPopCallConfiguration",4188971,4188971,2496,698991655696280,698991655696331
"HIP_RUNTIME_API_EXT","hipLaunchKernel",4188971,4188971,2497,698991655696741,698991655698334
"HIP_RUNTIME_API_EXT","hipGetLastError",4188971,4188971,2498,698991655698675,698991655698705
"HIP_COMPILER_API_EXT","__hipPushCallConfiguration",4188971,4188971,2499,698991655698986,698991655699026
"HIP_COMPILER_API_EXT","__hipPopCallConfiguration",4188971,4188971,2500,698991655699386,698991655699436
"HIP_RUNTIME_API_EXT","hipLaunchKernel",4188971,4188971,2501,698991655699807,698991655701160
"HIP_RUNTIME_API_EXT","hipGetLastError",4188971,4188971,2502,698991655701500,698991655701530
"HIP_RUNTIME_API_EXT","hipSetDevice",4188971,4188971,2503,698991655701811,698991655701851
"HIP_COMPILER_API_EXT","__hipPushCallConfiguration",4188971,4188971,2504,698991655702121,698991655702162
"HIP_COMPILER_API_EXT","__hipPopCallConfiguration",4188971,4188971,2505,698991655702462,698991655702502
"HIP_RUNTIME_API_EXT","hipLaunchKernel",4188971,4188971,2506,698991655702893,698991655704356
"HIP_RUNTIME_API_EXT","hipGetLastError",4188971,4188971,2507,698991655704706,698991655704736
"HIP_COMPILER_API_EXT","__hipPushCallConfiguration",4188971,4188971,2508,698991655705017,698991655705067
"HIP_COMPILER_API_EXT","__hipPopCallConfiguration",4188971,4188971,2509,698991655705368,698991655705418
"HIP_RUNTIME_API_EXT","hipLaunchKernel",4188971,4188971,2510,698991655705758,698991655759439
"HIP_RUNTIME_API_EXT","hipGetLastError",4188971,4188971,2511,698991655759860,698991655759890
"HIP_COMPILER_API_EXT","__hipPushCallConfiguration",4188971,4188971,2512,698991655760181,698991655760231
"HIP_COMPILER_API_EXT","__hipPopCallConfiguration",4188971,4188971,2513,698991655760531,698991655760581
"HIP_RUNTIME_API_EXT","hipLaunchKernel",4188971,4188971,2514,698991655760972,698991655762475
"HIP_RUNTIME_API_EXT","hipGetLastError",4188971,4188971,2515,698991655762816,698991655762846
"HIP_RUNTIME_API_EXT","hipSetDevice",4188971,4188971,2516,698991655763126,698991655763166
"HIP_COMPILER_API_EXT","__hipPushCallConfiguration",4188971,4188971,2517,698991655763447,698991655763487
"HIP_COMPILER_API_EXT","__hipPopCallConfiguration",4188971,4188971,2518,698991655763787,698991655763828
"HIP_RUNTIME_API_EXT","hipLaunchKernel",4188971,4188971,2519,698991655764198,698991655765771
"HIP_RUNTIME_API_EXT","hipGetLastError",4188971,4188971,2520,698991655766122,698991655766152
"HIP_COMPILER_API_EXT","__hipPushCallConfiguration",4188971,4188971,2521,698991655766513,698991655766553
"HIP_COMPILER_API_EXT","__hipPopCallConfiguration",4188971,4188971,2522,698991655766923,698991655766963
"HIP_RUNTIME_API_EXT","hipLaunchKernel",4188971,4188971,2523,698991655767304,698991655768817
"HIP_RUNTIME_API_EXT","hipGetLastError",4188971,4188971,2524,698991655769148,698991655769178
"HIP_COMPILER_API_EXT","__hipPushCallConfiguration",4188971,4188971,2525,698991655769458,698991655769508
"HIP_COMPILER_API_EXT","__hipPopCallConfiguration",4188971,4188971,2526,698991655769809,698991655769859
"HIP_RUNTIME_API_EXT","hipLaunchKernel",4188971,4188971,2527,698991655770240,698991655771682
"HIP_RUNTIME_API_EXT","hipGetLastError",4188971,4188971,2528,698991655772063,698991655772093
"HIP_RUNTIME_API_EXT","hipSetDevice",4188971,4188971,2529,698991655772374,698991655772414
"HIP_COMPILER_API_EXT","__hipPushCallConfiguration",4188971,4188971,2530,698991655772694,698991655772744
"HIP_COMPILER_API_EXT","__hipPopCallConfiguration",4188971,4188971,2531,698991655773025,698991655773075
"HIP_RUNTIME_API_EXT","hipLaunchKernel",4188971,4188971,2532,698991655773416,698991655775089
"HIP_RUNTIME_API_EXT","hipGetLastError",4188971,4188971,2533,698991655775530,698991655775560
"HIP_COMPILER_API_EXT","__hipPushCallConfiguration",4188971,4188971,2534,698991655775850,698991655775890
"HIP_COMPILER_API_EXT","__hipPopCallConfiguration",4188971,4188971,2535,698991655776191,698991655776231
"HIP_RUNTIME_API_EXT","hipLaunchKernel",4188971,4188971,2536,698991655776582,698991655778255
"HIP_RUNTIME_API_EXT","hipGetLastError",4188971,4188971,2537,698991655778585,698991655778615
"HIP_RUNTIME_API_EXT","hipSetDevice",4188971,4188971,2538,698991655778926,698991655778976
"HIP_COMPILER_API_EXT","__hipPushCallConfiguration",4188971,4188971,2539,698991655779247,698991655779297
"HIP_COMPILER_API_EXT","__hipPopCallConfiguration",4188971,4188971,2540,698991655779587,698991655779637
"HIP_RUNTIME_API_EXT","hipLaunchKernel",4188971,4188971,2541,698991655779978,698991655781421
"HIP_RUNTIME_API_EXT","hipGetLastError",4188971,4188971,2542,698991655781821,698991655781851
"HIP_RUNTIME_API_EXT","hipSetDevice",4188971,4188971,2543,698991655782132,698991655782182
"HIP_COMPILER_API_EXT","__hipPushCallConfiguration",4188971,4188971,2544,698991655782523,698991655782573
"HIP_COMPILER_API_EXT","__hipPopCallConfiguration",4188971,4188971,2545,698991655782873,698991655782913
"HIP_RUNTIME_API_EXT","hipLaunchKernel",4188971,4188971,2546,698991655783304,698991655784957
"HIP_RUNTIME_API_EXT","hipGetLastError",4188971,4188971,2547,698991655785298,698991655785328
"HIP_COMPILER_API_EXT","__hipPushCallConfiguration",4188971,4188971,2548,698991655785629,698991655785679
"HIP_COMPILER_API_EXT","__hipPopCallConfiguration",4188971,4188971,2549,698991655785979,698991655786029
"HIP_RUNTIME_API_EXT","hipLaunchKernel",4188971,4188971,2550,698991655786370,698991655787732
"HIP_RUNTIME_API_EXT","hipGetLastError",4188971,4188971,2551,698991655788053,698991655788083
"HIP_COMPILER_API_EXT","__hipPushCallConfiguration",4188971,4188971,2552,698991655788374,698991655788414
"HIP_COMPILER_API_EXT","__hipPopCallConfiguration",4188971,4188971,2553,698991655788714,698991655788764
"HIP_RUNTIME_API_EXT","hipLaunchKernel",4188971,4188971,2554,698991655789105,698991655842936
"HIP_RUNTIME_API_EXT","hipGetLastError",4188971,4188971,2555,698991655843337,698991655843367
"HIP_COMPILER_API_EXT","__hipPushCallConfiguration",4188971,4188971,2556,698991655843648,698991655843688
"HIP_COMPILER_API_EXT","__hipPopCallConfiguration",4188971,4188971,2557,698991655843988,698991655844038
"HIP_RUNTIME_API_EXT","hipLaunchKernel",4188971,4188971,2558,698991655844419,698991655845802
"HIP_RUNTIME_API_EXT","hipGetLastError",4188971,4188971,2559,698991655846152,698991655846182
"HIP_COMPILER_API_EXT","__hipPushCallConfiguration",4188971,4188971,2560,698991655846493,698991655846543
"HIP_COMPILER_API_EXT","__hipPopCallConfiguration",4188971,4188971,2561,698991655847124,698991655847174
"HIP_RUNTIME_API_EXT","hipLaunchKernel",4188971,4188971,2562,698991655847585,698991655849409
"HIP_RUNTIME_API_EXT","hipGetLastError",4188971,4188971,2563,698991655849739,698991655849769
"HIP_RUNTIME_API_EXT","hipSetDevice",4188971,4188971,2564,698991655850050,698991655850090
"HIP_COMPILER_API_EXT","__hipPushCallConfiguration",4188971,4188971,2565,698991655850360,698991655850410
"HIP_COMPILER_API_EXT","__hipPopCallConfiguration",4188971,4188971,2566,698991655850701,698991655850751
"HIP_RUNTIME_API_EXT","hipLaunchKernel",4188971,4188971,2567,698991655851092,698991655852504
"HIP_RUNTIME_API_EXT","hipGetLastError",4188971,4188971,2568,698991655852835,698991655852865
"HIP_COMPILER_API_EXT","__hipPushCallConfiguration",4188971,4188971,2569,698991655853146,698991655853186
"HIP_COMPILER_API_EXT","__hipPopCallConfiguration",4188971,4188971,2570,698991655853526,698991655853596
"HIP_RUNTIME_API_EXT","hipLaunchKernel",4188971,4188971,2571,698991655853987,698991655855510
"HIP_RUNTIME_API_EXT","hipGetLastError",4188971,4188971,2572,698991655855831,698991655855861
"HIP_COMPILER_API_EXT","__hipPushCallConfiguration",4188971,4188971,2573,698991655856231,698991655856271
"HIP_COMPILER_API_EXT","__hipPopCallConfiguration",4188971,4188971,2574,698991655856562,698991655856612
"HIP_RUNTIME_API_EXT","hipLaunchKernel",4188971,4188971,2575,698991655856953,698991655858335
"HIP_RUNTIME_API_EXT","hipGetLastError",4188971,4188971,2576,698991655858676,698991655858706
"HIP_RUNTIME_API_EXT","hipSetDevice",4188971,4188971,2577,698991655859087,698991655859137
"HIP_COMPILER_API_EXT","__hipPushCallConfiguration",4188971,4188971,2578,698991655859417,698991655859467
"HIP_COMPILER_API_EXT","__hipPopCallConfiguration",4188971,4188971,2579,698991655859758,698991655859808
"HIP_RUNTIME_API_EXT","hipLaunchKernel",4188971,4188971,2580,698991655860159,698991655861902
"HIP_RUNTIME_API_EXT","hipGetLastError",4188971,4188971,2581,698991655862243,698991655862283
"HIP_COMPILER_API_EXT","__hipPushCallConfiguration",4188971,4188971,2582,698991655862553,698991655862603
"HIP_COMPILER_API_EXT","__hipPopCallConfiguration",4188971,4188971,2583,698991655862894,698991655862934
"HIP_RUNTIME_API_EXT","hipLaunchKernel",4188971,4188971,2584,698991655863345,698991655864727
"HIP_RUNTIME_API_EXT","hipGetLastError",4188971,4188971,2585,698991655865108,698991655865138
"HIP_COMPILER_API_EXT","__hipPushCallConfiguration",4188971,4188971,2586,698991655865419,698991655865459
"HIP_COMPILER_API_EXT","__hipPopCallConfiguration",4188971,4188971,2587,698991655865759,698991655865809
"HIP_RUNTIME_API_EXT","hipLaunchKernel",4188971,4188971,2588,698991655866160,698991655867673
"HIP_RUNTIME_API_EXT","hipGetLastError",4188971,4188971,2589,698991655868044,698991655868074
"HIP_RUNTIME_API_EXT","hipSetDevice",4188971,4188971,2590,698991655868354,698991655868394
"HIP_COMPILER_API_EXT","__hipPushCallConfiguration",4188971,4188971,2591,698991655868675,698991655868715
"HIP_COMPILER_API_EXT","__hipPopCallConfiguration",4188971,4188971,2592,698991655869015,698991655869065
"HIP_RUNTIME_API_EXT","hipLaunchKernel",4188971,4188971,2593,698991655869416,698991655870919
"HIP_RUNTIME_API_EXT","hipGetLastError",4188971,4188971,2594,698991655871270,698991655871300
"HIP_COMPILER_API_EXT","__hipPushCallConfiguration",4188971,4188971,2595,698991655871680,698991655871731
"HIP_COMPILER_API_EXT","__hipPopCallConfiguration",4188971,4188971,2596,698991655872011,698991655872061
"HIP_RUNTIME_API_EXT","hipLaunchKernel",4188971,4188971,2597,698991655872412,698991655873754
"HIP_RUNTIME_API_EXT","hipGetLastError",4188971,4188971,2598,698991655874095,698991655874125
"HIP_COMPILER_API_EXT","__hipPushCallConfiguration",4188971,4188971,2599,698991655874406,698991655874456
"HIP_COMPILER_API_EXT","__hipPopCallConfiguration",4188971,4188971,2600,698991655874756,698991655874796
"HIP_RUNTIME_API_EXT","hipLaunchKernel",4188971,4188971,2601,698991655875147,698991655876489
"HIP_RUNTIME_API_EXT","hipGetLastError",4188971,4188971,2602,698991655876870,698991655876900
"HIP_RUNTIME_API_EXT","hipSetDevice",4188971,4188971,2603,698991655877171,698991655877211
"HIP_COMPILER_API_EXT","__hipPushCallConfiguration",4188971,4188971,2604,698991655877491,698991655877531
"HIP_COMPILER_API_EXT","__hipPopCallConfiguration",4188971,4188971,2605,698991655877832,698991655877872
"HIP_RUNTIME_API_EXT","hipLaunchKernel",4188971,4188971,2606,698991655878233,698991655879635
"HIP_RUNTIME_API_EXT","hipGetLastError",4188971,4188971,2607,698991655879966,698991655879996
"HIP_COMPILER_API_EXT","__hipPushCallConfiguration",4188971,4188971,2608,698991655880277,698991655880327
"HIP_COMPILER_API_EXT","__hipPopCallConfiguration",4188971,4188971,2609,698991655880627,698991655880667
"HIP_RUNTIME_API_EXT","hipLaunchKernel",4188971,4188971,2610,698991655881038,698991655882601
"HIP_RUNTIME_API_EXT","hipGetLastError",4188971,4188971,2611,698991655882932,698991655882962
"HIP_COMPILER_API_EXT","__hipPushCallConfiguration",4188971,4188971,2612,698991655883252,698991655883302
"HIP_COMPILER_API_EXT","__hipPopCallConfiguration",4188971,4188971,2613,698991655883603,698991655883643
"HIP_RUNTIME_API_EXT","hipLaunchKernel",4188971,4188971,2614,698991655883994,698991655937154
"HIP_RUNTIME_API_EXT","hipGetLastError",4188971,4188971,2615,698991655937504,698991655937534
"HIP_RUNTIME_API_EXT","hipSetDevice",4188971,4188971,2616,698991655937805,698991655937845
"HIP_COMPILER_API_EXT","__hipPushCallConfiguration",4188971,4188971,2617,698991655938125,698991655938165
"HIP_COMPILER_API_EXT","__hipPopCallConfiguration",4188971,4188971,2618,698991655938456,698991655938506
"HIP_RUNTIME_API_EXT","hipLaunchKernel",4188971,4188971,2619,698991655938867,698991655992898
"HIP_RUNTIME_API_EXT","hipGetLastError",4188971,4188971,2620,698991655993269,698991655993299
"HIP_COMPILER_API_EXT","__hipPushCallConfiguration",4188971,4188971,2621,698991655993610,698991655993650
"HIP_COMPILER_API_EXT","__hipPopCallConfiguration",4188971,4188971,2622,698991655993950,698991655993991
"HIP_RUNTIME_API_EXT","hipLaunchKernel",4188971,4188971,2623,698991655994341,698991655996104
"HIP_RUNTIME_API_EXT","hipGetLastError",4188971,4188971,2624,698991655996445,698991655996475
"HIP_COMPILER_API_EXT","__hipPushCallConfiguration",4188971,4188971,2625,698991655996866,698991655996906
"HIP_COMPILER_API_EXT","__hipPopCallConfiguration",4188971,4188971,2626,698991655997227,698991655997267
"HIP_RUNTIME_API_EXT","hipLaunchKernel",4188971,4188971,2627,698991655997617,698991655998890
"HIP_RUNTIME_API_EXT","hipGetLastError",4188971,4188971,2628,698991655999461,698991655999511
"HIP_RUNTIME_API_EXT","hipSetDevice",4188971,4188971,2629,698991655999902,698991655999972
"HIP_COMPILER_API_EXT","__hipPushCallConfiguration",4188971,4188971,2630,698991656000423,698991656000493
"HIP_COMPILER_API_EXT","__hipPopCallConfiguration",4188971,4188971,2631,698991656003619,698991656003689
"HIP_RUNTIME_API_EXT","hipLaunchKernel",4188971,4188971,2632,698991656004170,698991656006193
"HIP_RUNTIME_API_EXT","hipGetLastError",4188971,4188971,2633,698991656006624,698991656006674
"HIP_COMPILER_API_EXT","__hipPushCallConfiguration",4188971,4188971,2634,698991656007085,698991656007155
"HIP_COMPILER_API_EXT","__hipPopCallConfiguration",4188971,4188971,2635,698991656007546,698991656007616
"HIP_RUNTIME_API_EXT","hipLaunchKernel",4188971,4188971,2636,698991656008107,698991656009830
"HIP_RUNTIME_API_EXT","hipGetLastError",4188971,4188971,2637,698991656010311,698991656010361
"HIP_COMPILER_API_EXT","__hipPushCallConfiguration",4188971,4188971,2638,698991656010792,698991656010852
"HIP_COMPILER_API_EXT","__hipPopCallConfiguration",4188971,4188971,2639,698991656011243,698991656011313
"HIP_RUNTIME_API_EXT","hipLaunchKernel",4188971,4188971,2640,698991656011784,698991656013587
"HIP_RUNTIME_API_EXT","hipGetLastError",4188971,4188971,2641,698991656014058,698991656014118
"HIP_RUNTIME_API_EXT","hipSetDevice",4188971,4188971,2642,698991656014469,698991656014539
"HIP_COMPILER_API_EXT","__hipPushCallConfiguration",4188971,4188971,2643,698991656014900,698991656014970
"HIP_COMPILER_API_EXT","__hipPopCallConfiguration",4188971,4188971,2644,698991656015341,698991656015411
"HIP_RUNTIME_API_EXT","hipLaunchKernel",4188971,4188971,2645,698991656015942,698991656017855
"HIP_RUNTIME_API_EXT","hipGetLastError",4188971,4188971,2646,698991656018336,698991656018386
"HIP_COMPILER_API_EXT","__hipPushCallConfiguration",4188971,4188971,2647,698991656018737,698991656018817
"HIP_COMPILER_API_EXT","__hipPopCallConfiguration",4188971,4188971,2648,698991656019208,698991656019278
"HIP_RUNTIME_API_EXT","hipLaunchKernel",4188971,4188971,2649,698991656019759,698991656073200
"HIP_RUNTIME_API_EXT","hipGetLastError",4188971,4188971,2650,698991656073550,698991656073580
"HIP_COMPILER_API_EXT","__hipPushCallConfiguration",4188971,4188971,2651,698991656073861,698991656073911
"HIP_COMPILER_API_EXT","__hipPopCallConfiguration",4188971,4188971,2652,698991656074211,698991656074251
"HIP_RUNTIME_API_EXT","hipLaunchKernel",4188971,4188971,2653,698991656074602,698991656076235
"HIP_RUNTIME_API_EXT","hipGetLastError",4188971,4188971,2654,698991656076566,698991656076596
"HIP_RUNTIME_API_EXT","hipSetDevice",4188971,4188971,2655,698991656076896,698991656076937
"HIP_COMPILER_API_EXT","__hipPushCallConfiguration",4188971,4188971,2656,698991656077277,698991656077327
"HIP_COMPILER_API_EXT","__hipPopCallConfiguration",4188971,4188971,2657,698991656077628,698991656077668
"HIP_RUNTIME_API_EXT","hipLaunchKernel",4188971,4188971,2658,698991656078009,698991656079491
"HIP_RUNTIME_API_EXT","hipGetLastError",4188971,4188971,2659,698991656079832,698991656079862
"HIP_COMPILER_API_EXT","__hipPushCallConfiguration",4188971,4188971,2660,698991656080163,698991656080203
"HIP_COMPILER_API_EXT","__hipPopCallConfiguration",4188971,4188971,2661,698991656080644,698991656080684
"HIP_RUNTIME_API_EXT","hipLaunchKernel",4188971,4188971,2662,698991656081044,698991656082547
"HIP_RUNTIME_API_EXT","hipGetLastError",4188971,4188971,2663,698991656082858,698991656082888
"HIP_COMPILER_API_EXT","__hipPushCallConfiguration",4188971,4188971,2664,698991656083158,698991656083208
"HIP_COMPILER_API_EXT","__hipPopCallConfiguration",4188971,4188971,2665,698991656083499,698991656083539
"HIP_RUNTIME_API_EXT","hipLaunchKernel",4188971,4188971,2666,698991656083890,698991656085473
"HIP_RUNTIME_API_EXT","hipGetLastError",4188971,4188971,2667,698991656085883,698991656085913
"HIP_RUNTIME_API_EXT","hipSetDevice",4188971,4188971,2668,698991656086194,698991656086234
"HIP_COMPILER_API_EXT","__hipPushCallConfiguration",4188971,4188971,2669,698991656086515,698991656086565
"HIP_COMPILER_API_EXT","__hipPopCallConfiguration",4188971,4188971,2670,698991656086855,698991656086905
"HIP_RUNTIME_API_EXT","hipLaunchKernel",4188971,4188971,2671,698991656087246,698991656088558
"HIP_RUNTIME_API_EXT","hipGetLastError",4188971,4188971,2672,698991656088899,698991656088929
"HIP_COMPILER_API_EXT","__hipPushCallConfiguration",4188971,4188971,2673,698991656089200,698991656089250
"HIP_COMPILER_API_EXT","__hipPopCallConfiguration",4188971,4188971,2674,698991656089540,698991656089590
"HIP_RUNTIME_API_EXT","hipLaunchKernel",4188971,4188971,2675,698991656089951,698991656091434
"HIP_RUNTIME_API_EXT","hipGetLastError",4188971,4188971,2676,698991656091764,698991656091794
"HIP_RUNTIME_API_EXT","hipSetDevice",4188971,4188971,2677,698991656092085,698991656092135
"HIP_COMPILER_API_EXT","__hipPushCallConfiguration",4188971,4188971,2678,698991656092436,698991656092486
"HIP_COMPILER_API_EXT","__hipPopCallConfiguration",4188971,4188971,2679,698991656092786,698991656092826
"HIP_RUNTIME_API_EXT","hipLaunchKernel",4188971,4188971,2680,698991656093177,698991656094580
"HIP_RUNTIME_API_EXT","hipGetLastError",4188971,4188971,2681,698991656094920,698991656094950
"HIP_RUNTIME_API_EXT","hipSetDevice",4188971,4188971,2682,698991656095241,698991656095281
"HIP_COMPILER_API_EXT","__hipPushCallConfiguration",4188971,4188971,2683,698991656095562,698991656095612
"HIP_COMPILER_API_EXT","__hipPopCallConfiguration",4188971,4188971,2684,698991656095912,698991656095952
"HIP_RUNTIME_API_EXT","hipLaunchKernel",4188971,4188971,2685,698991656096303,698991656098086
"HIP_RUNTIME_API_EXT","hipGetLastError",4188971,4188971,2686,698991656098457,698991656098497
"HIP_COMPILER_API_EXT","__hipPushCallConfiguration",4188971,4188971,2687,698991656098788,698991656098838
"HIP_COMPILER_API_EXT","__hipPopCallConfiguration",4188971,4188971,2688,698991656099168,698991656099218
"HIP_RUNTIME_API_EXT","hipLaunchKernel",4188971,4188971,2689,698991656099639,698991656101102
"HIP_RUNTIME_API_EXT","hipGetLastError",4188971,4188971,2690,698991656101503,698991656101533
"HIP_COMPILER_API_EXT","__hipPushCallConfiguration",4188971,4188971,2691,698991656101843,698991656101893
"HIP_COMPILER_API_EXT","__hipPopCallConfiguration",4188971,4188971,2692,698991656102194,698991656102244
"HIP_RUNTIME_API_EXT","hipLaunchKernel",4188971,4188971,2693,698991656102585,698991656156055
"HIP_RUNTIME_API_EXT","hipGetLastError",4188971,4188971,2694,698991656156426,698991656156456
"HIP_COMPILER_API_EXT","__hipPushCallConfiguration",4188971,4188971,2695,698991656156747,698991656156797
"HIP_COMPILER_API_EXT","__hipPopCallConfiguration",4188971,4188971,2696,698991656157097,698991656157137
"HIP_RUNTIME_API_EXT","hipLaunchKernel",4188971,4188971,2697,698991656157518,698991656158881
"HIP_RUNTIME_API_EXT","hipGetLastError",4188971,4188971,2698,698991656159201,698991656159231
"HIP_COMPILER_API_EXT","__hipPushCallConfiguration",4188971,4188971,2699,698991656159622,698991656159662
"HIP_COMPILER_API_EXT","__hipPopCallConfiguration",4188971,4188971,2700,698991656159953,698991656160003
"HIP_RUNTIME_API_EXT","hipLaunchKernel",4188971,4188971,2701,698991656160353,698991656161746
"HIP_RUNTIME_API_EXT","hipGetLastError",4188971,4188971,2702,698991656162077,698991656162117
"HIP_RUNTIME_API_EXT","hipSetDevice",4188971,4188971,2703,698991656162387,698991656162427
"HIP_COMPILER_API_EXT","__hipPushCallConfiguration",4188971,4188971,2704,698991656162708,698991656162748
"HIP_COMPILER_API_EXT","__hipPopCallConfiguration",4188971,4188971,2705,698991656163049,698991656163089
"HIP_RUNTIME_API_EXT","hipLaunchKernel",4188971,4188971,2706,698991656163449,698991656165102
"HIP_RUNTIME_API_EXT","hipGetLastError",4188971,4188971,2707,698991656165433,698991656165463
"HIP_COMPILER_API_EXT","__hipPushCallConfiguration",4188971,4188971,2708,698991656165744,698991656165794
"HIP_COMPILER_API_EXT","__hipPopCallConfiguration",4188971,4188971,2709,698991656166094,698991656166144
"HIP_RUNTIME_API_EXT","hipLaunchKernel",4188971,4188971,2710,698991656166505,698991656168058
"HIP_RUNTIME_API_EXT","hipGetLastError",4188971,4188971,2711,698991656168389,698991656168419
"HIP_COMPILER_API_EXT","__hipPushCallConfiguration",4188971,4188971,2712,698991656168719,698991656168769
"HIP_COMPILER_API_EXT","__hipPopCallConfiguration",4188971,4188971,2713,698991656169130,698991656169170
"HIP_RUNTIME_API_EXT","hipLaunchKernel",4188971,4188971,2714,698991656169561,698991656171284
"HIP_RUNTIME_API_EXT","hipGetLastError",4188971,4188971,2715,698991656171595,698991656171625
"HIP_RUNTIME_API_EXT","hipSetDevice",4188971,4188971,2716,698991656171895,698991656171945
"HIP_COMPILER_API_EXT","__hipPushCallConfiguration",4188971,4188971,2717,698991656172216,698991656172266
"HIP_COMPILER_API_EXT","__hipPopCallConfiguration",4188971,4188971,2718,698991656172556,698991656172597
"HIP_RUNTIME_API_EXT","hipLaunchKernel",4188971,4188971,2719,698991656172957,698991656174230
"HIP_RUNTIME_API_EXT","hipGetLastError",4188971,4188971,2720,698991656174600,698991656174630
"HIP_COMPILER_API_EXT","__hipPushCallConfiguration",4188971,4188971,2721,698991656174971,698991656175021
"HIP_COMPILER_API_EXT","__hipPopCallConfiguration",4188971,4188971,2722,698991656175312,698991656175362
"HIP_RUNTIME_API_EXT","hipLaunchKernel",4188971,4188971,2723,698991656175722,698991656177245
"HIP_RUNTIME_API_EXT","hipGetLastError",4188971,4188971,2724,698991656177566,698991656177606
"HIP_COMPILER_API_EXT","__hipPushCallConfiguration",4188971,4188971,2725,698991656177886,698991656177927
"HIP_COMPILER_API_EXT","__hipPopCallConfiguration",4188971,4188971,2726,698991656178247,698991656178297
"HIP_RUNTIME_API_EXT","hipLaunchKernel",4188971,4188971,2727,698991656178648,698991656180081
"HIP_RUNTIME_API_EXT","hipGetLastError",4188971,4188971,2728,698991656180471,698991656180501
"HIP_RUNTIME_API_EXT","hipSetDevice",4188971,4188971,2729,698991656180782,698991656180822
"HIP_COMPILER_API_EXT","__hipPushCallConfiguration",4188971,4188971,2730,698991656181113,698991656181153
"HIP_COMPILER_API_EXT","__hipPopCallConfiguration",4188971,4188971,2731,698991656181463,698991656181503
"HIP_RUNTIME_API_EXT","hipLaunchKernel",4188971,4188971,2732,698991656181854,698991656183838
"HIP_RUNTIME_API_EXT","hipGetLastError",4188971,4188971,2733,698991656184228,698991656184258
"HIP_COMPILER_API_EXT","__hipPushCallConfiguration",4188971,4188971,2734,698991656184579,698991656184619
"HIP_COMPILER_API_EXT","__hipPopCallConfiguration",4188971,4188971,2735,698991656184920,698991656184960
"HIP_RUNTIME_API_EXT","hipLaunchKernel",4188971,4188971,2736,698991656185340,698991656186803
"HIP_RUNTIME_API_EXT","hipGetLastError",4188971,4188971,2737,698991656187114,698991656187154
"HIP_COMPILER_API_EXT","__hipPushCallConfiguration",4188971,4188971,2738,698991656187434,698991656187485
"HIP_COMPILER_API_EXT","__hipPopCallConfiguration",4188971,4188971,2739,698991656187785,698991656187835
"HIP_RUNTIME_API_EXT","hipLaunchKernel",4188971,4188971,2740,698991656188246,698991656189548
"HIP_RUNTIME_API_EXT","hipGetLastError",4188971,4188971,2741,698991656189859,698991656189899
"HIP_RUNTIME_API_EXT","hipSetDevice",4188971,4188971,2742,698991656190180,698991656190220
"HIP_COMPILER_API_EXT","__hipPushCallConfiguration",4188971,4188971,2743,698991656190500,698991656190550
"HIP_COMPILER_API_EXT","__hipPopCallConfiguration",4188971,4188971,2744,698991656190851,698991656190891
"HIP_RUNTIME_API_EXT","hipLaunchKernel",4188971,4188971,2745,698991656191282,698991656193095
"HIP_RUNTIME_API_EXT","hipGetLastError",4188971,4188971,2746,698991656193396,698991656193426
"HIP_COMPILER_API_EXT","__hipPushCallConfiguration",4188971,4188971,2747,698991656193706,698991656193746
"HIP_COMPILER_API_EXT","__hipPopCallConfiguration",4188971,4188971,2748,698991656194047,698991656194097
"HIP_RUNTIME_API_EXT","hipLaunchKernel",4188971,4188971,2749,698991656194538,698991656248239
"HIP_RUNTIME_API_EXT","hipGetLastError",4188971,4188971,2750,698991656248610,698991656248640
"HIP_COMPILER_API_EXT","__hipPushCallConfiguration",4188971,4188971,2751,698991656248930,698991656248980
"HIP_COMPILER_API_EXT","__hipPopCallConfiguration",4188971,4188971,2752,698991656249311,698991656249361
"HIP_RUNTIME_API_EXT","hipLaunchKernel",4188971,4188971,2753,698991656249772,698991656303092
"HIP_RUNTIME_API_EXT","hipGetLastError",4188971,4188971,2754,698991656303463,698991656303493
"HIP_RUNTIME_API_EXT","hipSetDevice",4188971,4188971,2755,698991656303763,698991656303803
"HIP_COMPILER_API_EXT","__hipPushCallConfiguration",4188971,4188971,2756,698991656304094,698991656304134
"HIP_COMPILER_API_EXT","__hipPopCallConfiguration",4188971,4188971,2757,698991656304445,698991656304485
"HIP_RUNTIME_API_EXT","hipLaunchKernel",4188971,4188971,2758,698991656304855,698991656306278
"HIP_RUNTIME_API_EXT","hipGetLastError",4188971,4188971,2759,698991656306599,698991656306629
"HIP_COMPILER_API_EXT","__hipPushCallConfiguration",4188971,4188971,2760,698991656306909,698991656306949
"HIP_COMPILER_API_EXT","__hipPopCallConfiguration",4188971,4188971,2761,698991656307250,698991656307300
"HIP_RUNTIME_API_EXT","hipLaunchKernel",4188971,4188971,2762,698991656307641,698991656309153
"HIP_RUNTIME_API_EXT","hipGetLastError",4188971,4188971,2763,698991656309494,698991656309524
"HIP_COMPILER_API_EXT","__hipPushCallConfiguration",4188971,4188971,2764,698991656309805,698991656309855
"HIP_COMPILER_API_EXT","__hipPopCallConfiguration",4188971,4188971,2765,698991656310145,698991656310195
"HIP_RUNTIME_API_EXT","hipLaunchKernel",4188971,4188971,2766,698991656310536,698991656311788
"HIP_RUNTIME_API_EXT","hipGetLastError",4188971,4188971,2767,698991656312119,698991656312149
"HIP_RUNTIME_API_EXT","hipSetDevice",4188971,4188971,2768,698991656312420,698991656312470
"HIP_COMPILER_API_EXT","__hipPushCallConfiguration",4188971,4188971,2769,698991656312750,698991656312800
"HIP_COMPILER_API_EXT","__hipPopCallConfiguration",4188971,4188971,2770,698991656313091,698991656313131
"HIP_RUNTIME_API_EXT","hipLaunchKernel",4188971,4188971,2771,698991656313502,698991656315465
"HIP_RUNTIME_API_EXT","hipGetLastError",4188971,4188971,2772,698991656315796,698991656315836
"HIP_COMPILER_API_EXT","__hipPushCallConfiguration",4188971,4188971,2773,698991656316127,698991656316167
"HIP_COMPILER_API_EXT","__hipPopCallConfiguration",4188971,4188971,2774,698991656316477,698991656316527
"HIP_RUNTIME_API_EXT","hipLaunchKernel",4188971,4188971,2775,698991656316888,698991656318631
"HIP_RUNTIME_API_EXT","hipGetLastError",4188971,4188971,2776,698991656319002,698991656319032
"HIP_COMPILER_API_EXT","__hipPushCallConfiguration",4188971,4188971,2777,698991656319333,698991656319383
"HIP_COMPILER_API_EXT","__hipPopCallConfiguration",4188971,4188971,2778,698991656319683,698991656319723
"HIP_RUNTIME_API_EXT","hipLaunchKernel",4188971,4188971,2779,698991656320074,698991656373935
"HIP_RUNTIME_API_EXT","hipGetLastError",4188971,4188971,2780,698991656374396,698991656374436
"HIP_RUNTIME_API_EXT","hipSetDevice",4188971,4188971,2781,698991656374717,698991656374767
"HIP_COMPILER_API_EXT","__hipPushCallConfiguration",4188971,4188971,2782,698991656375047,698991656375097
"HIP_COMPILER_API_EXT","__hipPopCallConfiguration",4188971,4188971,2783,698991656375388,698991656375438
"HIP_RUNTIME_API_EXT","hipLaunchKernel",4188971,4188971,2784,698991656375809,698991656378754
"HIP_RUNTIME_API_EXT","hipGetLastError",4188971,4188971,2785,698991656379406,698991656379436
"HIP_COMPILER_API_EXT","__hipPushCallConfiguration",4188971,4188971,2786,698991656379816,698991656379866
"HIP_COMPILER_API_EXT","__hipPopCallConfiguration",4188971,4188971,2787,698991656380167,698991656380217
"HIP_RUNTIME_API_EXT","hipLaunchKernel",4188971,4188971,2788,698991656380588,698991656383123
"HIP_RUNTIME_API_EXT","hipGetLastError",4188971,4188971,2789,698991656383443,698991656383473
"HIP_COMPILER_API_EXT","__hipPushCallConfiguration",4188971,4188971,2790,698991656383754,698991656383804
"HIP_COMPILER_API_EXT","__hipPopCallConfiguration",4188971,4188971,2791,698991656384104,698991656384144
"HIP_RUNTIME_API_EXT","hipLaunchKernel",4188971,4188971,2792,698991656384505,698991656386429
"HIP_RUNTIME_API_EXT","hipGetLastError",4188971,4188971,2793,698991656386749,698991656386779
"HIP_RUNTIME_API_EXT","hipSetDevice",4188971,4188971,2794,698991656387070,698991656387110
"HIP_COMPILER_API_EXT","__hipPushCallConfiguration",4188971,4188971,2795,698991656387391,698991656387431
"HIP_COMPILER_API_EXT","__hipPopCallConfiguration",4188971,4188971,2796,698991656387761,698991656387811
"HIP_RUNTIME_API_EXT","hipLaunchKernel",4188971,4188971,2797,698991656388152,698991656391298
"HIP_RUNTIME_API_EXT","hipGetLastError",4188971,4188971,2798,698991656391679,698991656391709
"HIP_COMPILER_API_EXT","__hipPushCallConfiguration",4188971,4188971,2799,698991656391989,698991656392039
"HIP_COMPILER_API_EXT","__hipPopCallConfiguration",4188971,4188971,2800,698991656392340,698991656392390
"HIP_RUNTIME_API_EXT","hipLaunchKernel",4188971,4188971,2801,698991656394955,698991656397419
"HIP_RUNTIME_API_EXT","hipGetLastError",4188971,4188971,2802,698991656524098,698991656524128
"HIP_COMPILER_API_EXT","__hipPushCallConfiguration",4188971,4188971,2803,698991656524478,698991656524529
"HIP_COMPILER_API_EXT","__hipPopCallConfiguration",4188971,4188971,2804,698991656524839,698991656524879
"HIP_RUNTIME_API_EXT","hipLaunchKernel",4188971,4188971,2805,698991656525230,698991656528005
"HIP_RUNTIME_API_EXT","hipGetLastError",4188971,4188971,2806,698991656528316,698991656528346
"HIP_RUNTIME_API_EXT","hipSetDevice",4188971,4188971,2807,698991656528706,698991656528747
"HIP_COMPILER_API_EXT","__hipPushCallConfiguration",4188971,4188971,2808,698991656529027,698991656529067
"HIP_COMPILER_API_EXT","__hipPopCallConfiguration",4188971,4188971,2809,698991656529368,698991656529408
"HIP_RUNTIME_API_EXT","hipLaunchKernel",4188971,4188971,2810,698991656529758,698991656531522
"HIP_RUNTIME_API_EXT","hipGetLastError",4188971,4188971,2811,698991656531872,698991656531902
"HIP_COMPILER_API_EXT","__hipPushCallConfiguration",4188971,4188971,2812,698991656532193,698991656532243
"HIP_COMPILER_API_EXT","__hipPopCallConfiguration",4188971,4188971,2813,698991656532534,698991656532584
"HIP_RUNTIME_API_EXT","hipLaunchKernel",4188971,4188971,2814,698991656532924,698991656535018
"HIP_RUNTIME_API_EXT","hipGetLastError",4188971,4188971,2815,698991656535359,698991656535389
"HIP_RUNTIME_API_EXT","hipSetDevice",4188971,4188971,2816,698991656535670,698991656535720
"HIP_COMPILER_API_EXT","__hipPushCallConfiguration",4188971,4188971,2817,698991656536050,698991656536100
"HIP_COMPILER_API_EXT","__hipPopCallConfiguration",4188971,4188971,2818,698991656536391,698991656536431
"HIP_RUNTIME_API_EXT","hipLaunchKernel",4188971,4188971,2819,698991656536792,698991656538765
"HIP_RUNTIME_API_EXT","hipGetLastError",4188971,4188971,2820,698991656539096,698991656539126
"HIP_RUNTIME_API_EXT","hipSetDevice",4188971,4188971,2821,698991656539417,698991656539457
"HIP_COMPILER_API_EXT","__hipPushCallConfiguration",4188971,4188971,2822,698991656539757,698991656539797
"HIP_COMPILER_API_EXT","__hipPopCallConfiguration",4188971,4188971,2823,698991656540098,698991656540138
"HIP_RUNTIME_API_EXT","hipLaunchKernel",4188971,4188971,2824,698991656540489,698991656542082
"HIP_RUNTIME_API_EXT","hipGetLastError",4188971,4188971,2825,698991656542412,698991656542442
"HIP_COMPILER_API_EXT","__hipPushCallConfiguration",4188971,4188971,2826,698991656542723,698991656542773
"HIP_COMPILER_API_EXT","__hipPopCallConfiguration",4188971,4188971,2827,698991656543063,698991656543114
"HIP_RUNTIME_API_EXT","hipLaunchKernel",4188971,4188971,2828,698991656543464,698991656544997
"HIP_RUNTIME_API_EXT","hipGetLastError",4188971,4188971,2829,698991656545338,698991656545378
"HIP_COMPILER_API_EXT","__hipPushCallConfiguration",4188971,4188971,2830,698991656545658,698991656545698
"HIP_COMPILER_API_EXT","__hipPopCallConfiguration",4188971,4188971,2831,698991656545999,698991656546049
"HIP_RUNTIME_API_EXT","hipLaunchKernel",4188971,4188971,2832,698991656546410,698991656547943
"HIP_RUNTIME_API_EXT","hipGetLastError",4188971,4188971,2833,698991656548263,698991656548293
"HIP_COMPILER_API_EXT","__hipPushCallConfiguration",4188971,4188971,2834,698991656548574,698991656548614
"HIP_COMPILER_API_EXT","__hipPopCallConfiguration",4188971,4188971,2835,698991656548924,698991656548975
"HIP_RUNTIME_API_EXT","hipLaunchKernel",4188971,4188971,2836,698991656549335,698991656551499
"HIP_RUNTIME_API_EXT","hipGetLastError",4188971,4188971,2837,698991656551840,698991656551870
"HIP_COMPILER_API_EXT","__hipPushCallConfiguration",4188971,4188971,2838,698991656552181,698991656552221
"HIP_COMPILER_API_EXT","__hipPopCallConfiguration",4188971,4188971,2839,698991656552521,698991656552561
"HIP_RUNTIME_API_EXT","hipLaunchKernel",4188971,4188971,2840,698991656552932,698991656554735
"HIP_RUNTIME_API_EXT","hipGetLastError",4188971,4188971,2841,698991656555056,698991656555086
"HIP_RUNTIME_API_EXT","hipSetDevice",4188971,4188971,2842,698991656555367,698991656555407
"HIP_COMPILER_API_EXT","__hipPushCallConfiguration",4188971,4188971,2843,698991656555687,698991656555737
"HIP_COMPILER_API_EXT","__hipPopCallConfiguration",4188971,4188971,2844,698991656556048,698991656556098
"HIP_RUNTIME_API_EXT","hipLaunchKernel",4188971,4188971,2845,698991656556459,698991656558783
"HIP_RUNTIME_API_EXT","hipGetLastError",4188971,4188971,2846,698991656559144,698991656559174
"HIP_COMPILER_API_EXT","__hipPushCallConfiguration",4188971,4188971,2847,698991656559454,698991656559494
"HIP_COMPILER_API_EXT","__hipPopCallConfiguration",4188971,4188971,2848,698991656559795,698991656559845
"HIP_RUNTIME_API_EXT","hipLaunchKernel",4188971,4188971,2849,698991656560186,698991656561739
"HIP_RUNTIME_API_EXT","hipGetLastError",4188971,4188971,2850,698991656562059,698991656562089
"HIP_COMPILER_API_EXT","__hipPushCallConfiguration",4188971,4188971,2851,698991656562400,698991656562440
"HIP_COMPILER_API_EXT","__hipPopCallConfiguration",4188971,4188971,2852,698991656562740,698991656562791
"HIP_RUNTIME_API_EXT","hipLaunchKernel",4188971,4188971,2853,698991656563221,698991656565135
"HIP_RUNTIME_API_EXT","hipGetLastError",4188971,4188971,2854,698991656565456,698991656565486
"HIP_RUNTIME_API_EXT","hipSetDevice",4188971,4188971,2855,698991656565756,698991656565806
"HIP_COMPILER_API_EXT","__hipPushCallConfiguration",4188971,4188971,2856,698991656566077,698991656566117
"HIP_COMPILER_API_EXT","__hipPopCallConfiguration",4188971,4188971,2857,698991656566407,698991656566457
"HIP_RUNTIME_API_EXT","hipLaunchKernel",4188971,4188971,2858,698991656566808,698991656568541
"HIP_RUNTIME_API_EXT","hipGetLastError",4188971,4188971,2859,698991656568882,698991656568912
"HIP_COMPILER_API_EXT","__hipPushCallConfiguration",4188971,4188971,2860,698991656569193,698991656569233
"HIP_COMPILER_API_EXT","__hipPopCallConfiguration",4188971,4188971,2861,698991656569533,698991656569583
"HIP_RUNTIME_API_EXT","hipLaunchKernel",4188971,4188971,2862,698991656569954,698991656571868
"HIP_RUNTIME_API_EXT","hipGetLastError",4188971,4188971,2863,698991656572198,698991656572228
"HIP_COMPILER_API_EXT","__hipPushCallConfiguration",4188971,4188971,2864,698991656572509,698991656572549
"HIP_COMPILER_API_EXT","__hipPopCallConfiguration",4188971,4188971,2865,698991656572849,698991656572900
"HIP_RUNTIME_API_EXT","hipLaunchKernel",4188971,4188971,2866,698991656573240,698991656575865
"HIP_RUNTIME_API_EXT","hipGetLastError",4188971,4188971,2867,698991656576206,698991656576236
"HIP_RUNTIME_API_EXT","hipSetDevice",4188971,4188971,2868,698991656576607,698991656576647
"HIP_COMPILER_API_EXT","__hipPushCallConfiguration",4188971,4188971,2869,698991656576927,698991656576977
"HIP_COMPILER_API_EXT","__hipPopCallConfiguration",4188971,4188971,2870,698991656577278,698991656577328
"HIP_RUNTIME_API_EXT","hipLaunchKernel",4188971,4188971,2871,698991656577709,698991656581115
"HIP_RUNTIME_API_EXT","hipGetLastError",4188971,4188971,2872,698991656581456,698991656581486
"HIP_COMPILER_API_EXT","__hipPushCallConfiguration",4188971,4188971,2873,698991656581766,698991656581816
"HIP_COMPILER_API_EXT","__hipPopCallConfiguration",4188971,4188971,2874,698991656582107,698991656582147
"HIP_RUNTIME_API_EXT","hipLaunchKernel",4188971,4188971,2875,698991656582538,698991656584481
"HIP_RUNTIME_API_EXT","hipGetLastError",4188971,4188971,2876,698991656584832,698991656584862
"HIP_COMPILER_API_EXT","__hipPushCallConfiguration",4188971,4188971,2877,698991656585173,698991656585213
"HIP_COMPILER_API_EXT","__hipPopCallConfiguration",4188971,4188971,2878,698991656585513,698991656585563
"HIP_RUNTIME_API_EXT","hipLaunchKernel",4188971,4188971,2879,698991656585934,698991656588068
"HIP_RUNTIME_API_EXT","hipGetLastError",4188971,4188971,2880,698991656588479,698991656588509
"HIP_RUNTIME_API_EXT","hipSetDevice",4188971,4188971,2881,698991656588840,698991656588890
"HIP_COMPILER_API_EXT","__hipPushCallConfiguration",4188971,4188971,2882,698991656589180,698991656589230
"HIP_COMPILER_API_EXT","__hipPopCallConfiguration",4188971,4188971,2883,698991656589521,698991656589561
"HIP_RUNTIME_API_EXT","hipLaunchKernel",4188971,4188971,2884,698991656589932,698991656591625
"HIP_RUNTIME_API_EXT","hipGetLastError",4188971,4188971,2885,698991656591945,698991656591975
"HIP_COMPILER_API_EXT","__hipPushCallConfiguration",4188971,4188971,2886,698991656592256,698991656592296
"HIP_COMPILER_API_EXT","__hipPopCallConfiguration",4188971,4188971,2887,698991656592617,698991656592667
"HIP_RUNTIME_API_EXT","hipLaunchKernel",4188971,4188971,2888,698991656593017,698991656647269
"HIP_RUNTIME_API_EXT","hipGetLastError",4188971,4188971,2889,698991656647640,698991656647670
"HIP_COMPILER_API_EXT","__hipPushCallConfiguration",4188971,4188971,2890,698991656647971,698991656648011
"HIP_COMPILER_API_EXT","__hipPopCallConfiguration",4188971,4188971,2891,698991656648311,698991656648362
"HIP_RUNTIME_API_EXT","hipLaunchKernel",4188971,4188971,2892,698991656648762,698991656703475
"HIP_RUNTIME_API_EXT","hipGetLastError",4188971,4188971,2893,698991656703846,698991656703876
"HIP_RUNTIME_API_EXT","hipSetDevice",4188971,4188971,2894,698991656704167,698991656704207
"HIP_COMPILER_API_EXT","__hipPushCallConfiguration",4188971,4188971,2895,698991656704497,698991656704537
"HIP_COMPILER_API_EXT","__hipPopCallConfiguration",4188971,4188971,2896,698991656704868,698991656704908
"HIP_RUNTIME_API_EXT","hipLaunchKernel",4188971,4188971,2897,698991656705269,698991656707914
"HIP_RUNTIME_API_EXT","hipGetLastError",4188971,4188971,2898,698991656708254,698991656708284
"HIP_COMPILER_API_EXT","__hipPushCallConfiguration",4188971,4188971,2899,698991656708585,698991656708625
"HIP_COMPILER_API_EXT","__hipPopCallConfiguration",4188971,4188971,2900,698991656708925,698991656708976
"HIP_RUNTIME_API_EXT","hipLaunchKernel",4188971,4188971,2901,698991656709316,698991656713123
"HIP_RUNTIME_API_EXT","hipGetLastError",4188971,4188971,2902,698991656713514,698991656713544
"HIP_COMPILER_API_EXT","__hipPushCallConfiguration",4188971,4188971,2903,698991656713835,698991656713885
"HIP_COMPILER_API_EXT","__hipPopCallConfiguration",4188971,4188971,2904,698991656714175,698991656714225
"HIP_RUNTIME_API_EXT","hipLaunchKernel",4188971,4188971,2905,698991656714576,698991656716349
"HIP_RUNTIME_API_EXT","hipGetLastError",4188971,4188971,2906,698991656716670,698991656716700
"HIP_RUNTIME_API_EXT","hipSetDevice",4188971,4188971,2907,698991656717061,698991656717111
"HIP_COMPILER_API_EXT","__hipPushCallConfiguration",4188971,4188971,2908,698991656717391,698991656717431
"HIP_COMPILER_API_EXT","__hipPopCallConfiguration",4188971,4188971,2909,698991656717732,698991656717772
"HIP_RUNTIME_API_EXT","hipLaunchKernel",4188971,4188971,2910,698991656718123,698991656720107
"HIP_RUNTIME_API_EXT","hipGetLastError",4188971,4188971,2911,698991656720417,698991656720457
"HIP_COMPILER_API_EXT","__hipPushCallConfiguration",4188971,4188971,2912,698991656720748,698991656720788
"HIP_COMPILER_API_EXT","__hipPopCallConfiguration",4188971,4188971,2913,698991656721098,698991656721138
"HIP_RUNTIME_API_EXT","hipLaunchKernel",4188971,4188971,2914,698991656721489,698991656775711
"HIP_RUNTIME_API_EXT","hipGetLastError",4188971,4188971,2915,698991656776092,698991656776122
"HIP_COMPILER_API_EXT","__hipPushCallConfiguration",4188971,4188971,2916,698991656776402,698991656776442
"HIP_COMPILER_API_EXT","__hipPopCallConfiguration",4188971,4188971,2917,698991656776753,698991656776793
"HIP_RUNTIME_API_EXT","hipLaunchKernel",4188971,4188971,2918,698991656777144,698991656778957
"HIP_RUNTIME_API_EXT","hipGetLastError",4188971,4188971,2919,698991656779318,698991656779348
"HIP_RUNTIME_API_EXT","hipSetDevice",4188971,4188971,2920,698991656779628,698991656779669
"HIP_COMPILER_API_EXT","__hipPushCallConfiguration",4188971,4188971,2921,698991656779939,698991656779989
"HIP_COMPILER_API_EXT","__hipPopCallConfiguration",4188971,4188971,2922,698991656780280,698991656780320
"HIP_RUNTIME_API_EXT","hipLaunchKernel",4188971,4188971,2923,698991656780680,698991656782293
"HIP_RUNTIME_API_EXT","hipGetLastError",4188971,4188971,2924,698991656782614,698991656782644
"HIP_COMPILER_API_EXT","__hipPushCallConfiguration",4188971,4188971,2925,698991656782925,698991656782965
"HIP_COMPILER_API_EXT","__hipPopCallConfiguration",4188971,4188971,2926,698991656783265,698991656783315
"HIP_RUNTIME_API_EXT","hipLaunchKernel",4188971,4188971,2927,698991656783656,698991656785269
"HIP_RUNTIME_API_EXT","hipGetLastError",4188971,4188971,2928,698991656785580,698991656785610
"HIP_COMPILER_API_EXT","__hipPushCallConfiguration",4188971,4188971,2929,698991656785890,698991656785940
"HIP_COMPILER_API_EXT","__hipPopCallConfiguration",4188971,4188971,2930,698991656786231,698991656786281
"HIP_RUNTIME_API_EXT","hipLaunchKernel",4188971,4188971,2931,698991656786622,698991656788024
"HIP_RUNTIME_API_EXT","hipGetLastError",4188971,4188971,2932,698991656788345,698991656788375
"HIP_RUNTIME_API_EXT","hipSetDevice",4188971,4188971,2933,698991656788746,698991656788786
"HIP_COMPILER_API_EXT","__hipPushCallConfiguration",4188971,4188971,2934,698991656789086,698991656789126
"HIP_COMPILER_API_EXT","__hipPopCallConfiguration",4188971,4188971,2935,698991656789427,698991656789467
"HIP_RUNTIME_API_EXT","hipLaunchKernel",4188971,4188971,2936,698991656789828,698991656791461
"HIP_RUNTIME_API_EXT","hipGetLastError",4188971,4188971,2937,698991656791781,698991656791811
"HIP_COMPILER_API_EXT","__hipPushCallConfiguration",4188971,4188971,2938,698991656792102,698991656792142
"HIP_COMPILER_API_EXT","__hipPopCallConfiguration",4188971,4188971,2939,698991656792473,698991656792513
"HIP_RUNTIME_API_EXT","hipLaunchKernel",4188971,4188971,2940,698991656792984,698991656794557
"HIP_RUNTIME_API_EXT","hipGetLastError",4188971,4188971,2941,698991656794887,698991656794917
"HIP_COMPILER_API_EXT","__hipPushCallConfiguration",4188971,4188971,2942,698991656795198,698991656795248
"HIP_COMPILER_API_EXT","__hipPopCallConfiguration",4188971,4188971,2943,698991656795538,698991656795589
"HIP_RUNTIME_API_EXT","hipLaunchKernel",4188971,4188971,2944,698991656795939,698991656797422
"HIP_RUNTIME_API_EXT","hipGetLastError",4188971,4188971,2945,698991656797803,698991656797833
"HIP_RUNTIME_API_EXT","hipSetDevice",4188971,4188971,2946,698991656798183,698991656798223
"HIP_COMPILER_API_EXT","__hipPushCallConfiguration",4188971,4188971,2947,698991656798504,698991656798544
"HIP_COMPILER_API_EXT","__hipPopCallConfiguration",4188971,4188971,2948,698991656798845,698991656798885
"HIP_RUNTIME_API_EXT","hipLaunchKernel",4188971,4188971,2949,698991656799225,698991656800919
"HIP_RUNTIME_API_EXT","hipGetLastError",4188971,4188971,2950,698991656801229,698991656801269
"HIP_COMPILER_API_EXT","__hipPushCallConfiguration",4188971,4188971,2951,698991656801540,698991656801590
"HIP_COMPILER_API_EXT","__hipPopCallConfiguration",4188971,4188971,2952,698991656801890,698991656801930
"HIP_RUNTIME_API_EXT","hipLaunchKernel",4188971,4188971,2953,698991656802281,698991656855722
"HIP_RUNTIME_API_EXT","hipGetLastError",4188971,4188971,2954,698991656856082,698991656856112
"HIP_RUNTIME_API_EXT","hipSetDevice",4188971,4188971,2955,698991656856473,698991656856513
"HIP_COMPILER_API_EXT","__hipPushCallConfiguration",4188971,4188971,2956,698991656856794,698991656856844
"HIP_COMPILER_API_EXT","__hipPopCallConfiguration",4188971,4188971,2957,698991656857134,698991656857184
"HIP_RUNTIME_API_EXT","hipLaunchKernel",4188971,4188971,2958,698991656857535,698991656859549
"HIP_RUNTIME_API_EXT","hipGetLastError",4188971,4188971,2959,698991656859869,698991656859899
"HIP_RUNTIME_API_EXT","hipSetDevice",4188971,4188971,2960,698991656860190,698991656860240
"HIP_COMPILER_API_EXT","__hipPushCallConfiguration",4188971,4188971,2961,698991656860591,698991656860641
"HIP_COMPILER_API_EXT","__hipPopCallConfiguration",4188971,4188971,2962,698991656860931,698991656860982
"HIP_RUNTIME_API_EXT","hipLaunchKernel",4188971,4188971,2963,698991656861322,698991656862965
"HIP_RUNTIME_API_EXT","hipGetLastError",4188971,4188971,2964,698991656863296,698991656863326
"HIP_COMPILER_API_EXT","__hipPushCallConfiguration",4188971,4188971,2965,698991656863606,698991656863657
"HIP_COMPILER_API_EXT","__hipPopCallConfiguration",4188971,4188971,2966,698991656863987,698991656864037
"HIP_RUNTIME_API_EXT","hipLaunchKernel",4188971,4188971,2967,698991656864388,698991656865851
"HIP_RUNTIME_API_EXT","hipGetLastError",4188971,4188971,2968,698991656866201,698991656866231
"HIP_COMPILER_API_EXT","__hipPushCallConfiguration",4188971,4188971,2969,698991656866542,698991656866582
"HIP_COMPILER_API_EXT","__hipPopCallConfiguration",4188971,4188971,2970,698991656867003,698991656867053
"HIP_RUNTIME_API_EXT","hipLaunchKernel",4188971,4188971,2971,698991656867404,698991656868746
"HIP_RUNTIME_API_EXT","hipGetLastError",4188971,4188971,2972,698991656869067,698991656869097
"HIP_COMPILER_API_EXT","__hipPushCallConfiguration",4188971,4188971,2973,698991656869377,698991656869427
"HIP_COMPILER_API_EXT","__hipPopCallConfiguration",4188971,4188971,2974,698991656869738,698991656869788
"HIP_RUNTIME_API_EXT","hipLaunchKernel",4188971,4188971,2975,698991656870139,698991656871561
"HIP_RUNTIME_API_EXT","hipGetLastError",4188971,4188971,2976,698991656871962,698991656871992
"HIP_COMPILER_API_EXT","__hipPushCallConfiguration",4188971,4188971,2977,698991656872313,698991656872353
"HIP_COMPILER_API_EXT","__hipPopCallConfiguration",4188971,4188971,2978,698991656872643,698991656872694
"HIP_RUNTIME_API_EXT","hipLaunchKernel",4188971,4188971,2979,698991656873034,698991656874507
"HIP_RUNTIME_API_EXT","hipGetLastError",4188971,4188971,2980,698991656874828,698991656874858
"HIP_RUNTIME_API_EXT","hipSetDevice",4188971,4188971,2981,698991656875158,698991656875198
"HIP_COMPILER_API_EXT","__hipPushCallConfiguration",4188971,4188971,2982,698991656875479,698991656875519
"HIP_COMPILER_API_EXT","__hipPopCallConfiguration",4188971,4188971,2983,698991656875819,698991656875860
"HIP_RUNTIME_API_EXT","hipLaunchKernel",4188971,4188971,2984,698991656876220,698991656878144
"HIP_RUNTIME_API_EXT","hipGetLastError",4188971,4188971,2985,698991656878535,698991656878565
"HIP_COMPILER_API_EXT","__hipPushCallConfiguration",4188971,4188971,2986,698991656878845,698991656878895
"HIP_COMPILER_API_EXT","__hipPopCallConfiguration",4188971,4188971,2987,698991656879186,698991656879226
"HIP_RUNTIME_API_EXT","hipLaunchKernel",4188971,4188971,2988,698991656879597,698991656881109
"HIP_RUNTIME_API_EXT","hipGetLastError",4188971,4188971,2989,698991656881430,698991656881460
"HIP_COMPILER_API_EXT","__hipPushCallConfiguration",4188971,4188971,2990,698991656881761,698991656881811
"HIP_COMPILER_API_EXT","__hipPopCallConfiguration",4188971,4188971,2991,698991656882111,698991656882161
"HIP_RUNTIME_API_EXT","hipLaunchKernel",4188971,4188971,2992,698991656882512,698991656883794
"HIP_RUNTIME_API_EXT","hipGetLastError",4188971,4188971,2993,698991656884115,698991656884145
"HIP_RUNTIME_API_EXT","hipSetDevice",4188971,4188971,2994,698991656884416,698991656884456
"HIP_COMPILER_API_EXT","__hipPushCallConfiguration",4188971,4188971,2995,698991656884736,698991656884776
"HIP_COMPILER_API_EXT","__hipPopCallConfiguration",4188971,4188971,2996,698991656885077,698991656885117
"HIP_RUNTIME_API_EXT","hipLaunchKernel",4188971,4188971,2997,698991656885468,698991656886700
"HIP_RUNTIME_API_EXT","hipGetLastError",4188971,4188971,2998,698991656887021,698991656887051
"HIP_COMPILER_API_EXT","__hipPushCallConfiguration",4188971,4188971,2999,698991656887341,698991656887381
"HIP_COMPILER_API_EXT","__hipPopCallConfiguration",4188971,4188971,3000,698991656887672,698991656887722
"HIP_RUNTIME_API_EXT","hipLaunchKernel",4188971,4188971,3001,698991656888072,698991656889936
"HIP_RUNTIME_API_EXT","hipGetLastError",4188971,4188971,3002,698991656890237,698991656890267
"HIP_COMPILER_API_EXT","__hipPushCallConfiguration",4188971,4188971,3003,698991656890547,698991656890587
"HIP_COMPILER_API_EXT","__hipPopCallConfiguration",4188971,4188971,3004,698991656890888,698991656890928
"HIP_RUNTIME_API_EXT","hipLaunchKernel",4188971,4188971,3005,698991656891289,698991656945020
"HIP_RUNTIME_API_EXT","hipGetLastError",4188971,4188971,3006,698991656945470,698991656945501
"HIP_RUNTIME_API_EXT","hipSetDevice",4188971,4188971,3007,698991656945781,698991656945821
"HIP_COMPILER_API_EXT","__hipPushCallConfiguration",4188971,4188971,3008,698991656946102,698991656946142
"HIP_COMPILER_API_EXT","__hipPopCallConfiguration",4188971,4188971,3009,698991656946482,698991656946532
"HIP_RUNTIME_API_EXT","hipLaunchKernel",4188971,4188971,3010,698991656946903,698991657000384
"HIP_RUNTIME_API_EXT","hipGetLastError",4188971,4188971,3011,698991657000855,698991657000925
"HIP_COMPILER_API_EXT","__hipPushCallConfiguration",4188971,4188971,3012,698991657001316,698991657001456
"HIP_COMPILER_API_EXT","__hipPopCallConfiguration",4188971,4188971,3013,698991657001776,698991657001816
"HIP_RUNTIME_API_EXT","hipLaunchKernel",4188971,4188971,3014,698991657002177,698991657011745
"HIP_RUNTIME_API_EXT","hipGetLastError",4188971,4188971,3015,698991657012196,698991657012226
"HIP_COMPILER_API_EXT","__hipPushCallConfiguration",4188971,4188971,3016,698991657012507,698991657012557
"HIP_COMPILER_API_EXT","__hipPopCallConfiguration",4188971,4188971,3017,698991657012847,698991657012887
"HIP_RUNTIME_API_EXT","hipLaunchKernel",4188971,4188971,3018,698991657013238,698991657014981
"HIP_RUNTIME_API_EXT","hipGetLastError",4188971,4188971,3019,698991657015392,698991657015422
"HIP_RUNTIME_API_EXT","hipSetDevice",4188971,4188971,3020,698991657015703,698991657015753
"HIP_COMPILER_API_EXT","__hipPushCallConfiguration",4188971,4188971,3021,698991657016033,698991657016073
"HIP_COMPILER_API_EXT","__hipPopCallConfiguration",4188971,4188971,3022,698991657016394,698991657016434
"HIP_RUNTIME_API_EXT","hipLaunchKernel",4188971,4188971,3023,698991657016785,698991657018548
"HIP_RUNTIME_API_EXT","hipGetLastError",4188971,4188971,3024,698991657018969,698991657018999
"HIP_COMPILER_API_EXT","__hipPushCallConfiguration",4188971,4188971,3025,698991657019279,698991657019329
"HIP_COMPILER_API_EXT","__hipPopCallConfiguration",4188971,4188971,3026,698991657019620,698991657019670
"HIP_RUNTIME_API_EXT","hipLaunchKernel",4188971,4188971,3027,698991657020011,698991657021644
"HIP_RUNTIME_API_EXT","hipGetLastError",4188971,4188971,3028,698991657021974,698991657022004
"HIP_COMPILER_API_EXT","__hipPushCallConfiguration",4188971,4188971,3029,698991657022295,698991657022345
"HIP_COMPILER_API_EXT","__hipPopCallConfiguration",4188971,4188971,3030,698991657022626,698991657022676
"HIP_RUNTIME_API_EXT","hipLaunchKernel",4188971,4188971,3031,698991657023026,698991657024309
"HIP_RUNTIME_API_EXT","hipGetLastError",4188971,4188971,3032,698991657024629,698991657024659
"HIP_RUNTIME_API_EXT","hipSetDevice",4188971,4188971,3033,698991657024930,698991657024980
"HIP_COMPILER_API_EXT","__hipPushCallConfiguration",4188971,4188971,3034,698991657025251,698991657025301
"HIP_COMPILER_API_EXT","__hipPopCallConfiguration",4188971,4188971,3035,698991657025591,698991657025641
"HIP_RUNTIME_API_EXT","hipLaunchKernel",4188971,4188971,3036,698991657025992,698991657027455
"HIP_RUNTIME_API_EXT","hipGetLastError",4188971,4188971,3037,698991657027785,698991657027815
"HIP_COMPILER_API_EXT","__hipPushCallConfiguration",4188971,4188971,3038,698991657028096,698991657028146
"HIP_COMPILER_API_EXT","__hipPopCallConfiguration",4188971,4188971,3039,698991657028447,698991657028497
"HIP_RUNTIME_API_EXT","hipLaunchKernel",4188971,4188971,3040,698991657028847,698991657030470
"HIP_RUNTIME_API_EXT","hipGetLastError",4188971,4188971,3041,698991657030791,698991657030821
"HIP_COMPILER_API_EXT","__hipPushCallConfiguration",4188971,4188971,3042,698991657031112,698991657031162
"HIP_COMPILER_API_EXT","__hipPopCallConfiguration",4188971,4188971,3043,698991657031482,698991657031522
"HIP_RUNTIME_API_EXT","hipLaunchKernel",4188971,4188971,3044,698991657031873,698991657034067
"HIP_RUNTIME_API_EXT","hipGetLastError",4188971,4188971,3045,698991657034548,698991657034578
"HIP_RUNTIME_API_EXT","hipSetDevice",4188971,4188971,3046,698991657034899,698991657034939
"HIP_COMPILER_API_EXT","__hipPushCallConfiguration",4188971,4188971,3047,698991657035219,698991657035259
"HIP_COMPILER_API_EXT","__hipPopCallConfiguration",4188971,4188971,3048,698991657035610,698991657035650
"HIP_RUNTIME_API_EXT","hipLaunchKernel",4188971,4188971,3049,698991657036121,698991657037864
"HIP_RUNTIME_API_EXT","hipGetLastError",4188971,4188971,3050,698991657038185,698991657038215
"HIP_COMPILER_API_EXT","__hipPushCallConfiguration",4188971,4188971,3051,698991657038495,698991657038536
"HIP_COMPILER_API_EXT","__hipPopCallConfiguration",4188971,4188971,3052,698991657038846,698991657038886
"HIP_RUNTIME_API_EXT","hipLaunchKernel",4188971,4188971,3053,698991657039227,698991657092728
"HIP_RUNTIME_API_EXT","hipGetLastError",4188971,4188971,3054,698991657093228,698991657093259
"HIP_COMPILER_API_EXT","__hipPushCallConfiguration",4188971,4188971,3055,698991657093559,698991657093609
"HIP_COMPILER_API_EXT","__hipPopCallConfiguration",4188971,4188971,3056,698991657093900,698991657093950
"HIP_RUNTIME_API_EXT","hipLaunchKernel",4188971,4188971,3057,698991657094290,698991657095753
"HIP_RUNTIME_API_EXT","hipGetLastError",4188971,4188971,3058,698991657096084,698991657096124
"HIP_RUNTIME_API_EXT","hipSetDevice",4188971,4188971,3059,698991657096404,698991657096455
"HIP_COMPILER_API_EXT","__hipPushCallConfiguration",4188971,4188971,3060,698991657096745,698991657096785
"HIP_COMPILER_API_EXT","__hipPopCallConfiguration",4188971,4188971,3061,698991657097086,698991657097136
"HIP_RUNTIME_API_EXT","hipLaunchKernel",4188971,4188971,3062,698991657097486,698991657099019
"HIP_RUNTIME_API_EXT","hipGetLastError",4188971,4188971,3063,698991657099350,698991657099380
"HIP_COMPILER_API_EXT","__hipPushCallConfiguration",4188971,4188971,3064,698991657099661,698991657099701
"HIP_COMPILER_API_EXT","__hipPopCallConfiguration",4188971,4188971,3065,698991657100001,698991657100041
"HIP_RUNTIME_API_EXT","hipLaunchKernel",4188971,4188971,3066,698991657100392,698991657102235
"HIP_RUNTIME_API_EXT","hipGetLastError",4188971,4188971,3067,698991657102646,698991657102686
"HIP_COMPILER_API_EXT","__hipPushCallConfiguration",4188971,4188971,3068,698991657102967,698991657103017
"HIP_COMPILER_API_EXT","__hipPopCallConfiguration",4188971,4188971,3069,698991657103317,698991657103357
"HIP_RUNTIME_API_EXT","hipLaunchKernel",4188971,4188971,3070,698991657103708,698991657105191
"HIP_RUNTIME_API_EXT","hipGetLastError",4188971,4188971,3071,698991657105662,698991657105702
"HIP_RUNTIME_API_EXT","hipSetDevice",4188971,4188971,3072,698991657106093,698991657106133
"HIP_COMPILER_API_EXT","__hipPushCallConfiguration",4188971,4188971,3073,698991657106473,698991657106513
"HIP_COMPILER_API_EXT","__hipPopCallConfiguration",4188971,4188971,3074,698991657106834,698991657106874
"HIP_RUNTIME_API_EXT","hipLaunchKernel",4188971,4188971,3075,698991657107245,698991657108718
"HIP_RUNTIME_API_EXT","hipGetLastError",4188971,4188971,3076,698991657109058,698991657109088
"HIP_COMPILER_API_EXT","__hipPushCallConfiguration",4188971,4188971,3077,698991657109369,698991657109409
"HIP_COMPILER_API_EXT","__hipPopCallConfiguration",4188971,4188971,3078,698991657109719,698991657109770
"HIP_RUNTIME_API_EXT","hipLaunchKernel",4188971,4188971,3079,698991657110120,698991657112104
"HIP_RUNTIME_API_EXT","hipGetLastError",4188971,4188971,3080,698991657112465,698991657112495
"HIP_COMPILER_API_EXT","__hipPushCallConfiguration",4188971,4188971,3081,698991657112805,698991657112855
"HIP_COMPILER_API_EXT","__hipPopCallConfiguration",4188971,4188971,3082,698991657113186,698991657113236
"HIP_RUNTIME_API_EXT","hipLaunchKernel",4188971,4188971,3083,698991657113587,698991657115140
"HIP_RUNTIME_API_EXT","hipGetLastError",4188971,4188971,3084,698991657115460,698991657115490
"HIP_RUNTIME_API_EXT","hipSetDevice",4188971,4188971,3085,698991657115791,698991657115831
"HIP_COMPILER_API_EXT","__hipPushCallConfiguration",4188971,4188971,3086,698991657116122,698991657116162
"HIP_COMPILER_API_EXT","__hipPopCallConfiguration",4188971,4188971,3087,698991657116452,698991657116502
"HIP_RUNTIME_API_EXT","hipLaunchKernel",4188971,4188971,3088,698991657116843,698991657118336
"HIP_RUNTIME_API_EXT","hipGetLastError",4188971,4188971,3089,698991657118656,698991657118686
"HIP_COMPILER_API_EXT","__hipPushCallConfiguration",4188971,4188971,3090,698991657118967,698991657119017
"HIP_COMPILER_API_EXT","__hipPopCallConfiguration",4188971,4188971,3091,698991657119318,698991657119358
"HIP_RUNTIME_API_EXT","hipLaunchKernel",4188971,4188971,3092,698991657119718,698991657172908
"HIP_RUNTIME_API_EXT","hipGetLastError",4188971,4188971,3093,698991657173309,698991657173339
"HIP_RUNTIME_API_EXT","hipSetDevice",4188971,4188971,3094,698991657173620,698991657173660
"HIP_COMPILER_API_EXT","__hipPushCallConfiguration",4188971,4188971,3095,698991657173940,698991657173990
"HIP_COMPILER_API_EXT","__hipPopCallConfiguration",4188971,4188971,3096,698991657174291,698991657174331
"HIP_RUNTIME_API_EXT","hipLaunchKernel",4188971,4188971,3097,698991657174672,698991657176485
"HIP_RUNTIME_API_EXT","hipGetLastError",4188971,4188971,3098,698991657176806,698991657176846
"HIP_RUNTIME_API_EXT","hipSetDevice",4188971,4188971,3099,698991657177126,698991657177166
"HIP_COMPILER_API_EXT","__hipPushCallConfiguration",4188971,4188971,3100,698991657177447,698991657177497
"HIP_COMPILER_API_EXT","__hipPopCallConfiguration",4188971,4188971,3101,698991657177788,698991657177828
"HIP_RUNTIME_API_EXT","hipLaunchKernel",4188971,4188971,3102,698991657178178,698991657179751
"HIP_RUNTIME_API_EXT","hipGetLastError",4188971,4188971,3103,698991657180132,698991657180162
"HIP_COMPILER_API_EXT","__hipPushCallConfiguration",4188971,4188971,3104,698991657180443,698991657180493
"HIP_COMPILER_API_EXT","__hipPopCallConfiguration",4188971,4188971,3105,698991657180783,698991657180833
"HIP_RUNTIME_API_EXT","hipLaunchKernel",4188971,4188971,3106,698991657181184,698991657182546
"HIP_RUNTIME_API_EXT","hipGetLastError",4188971,4188971,3107,698991657182877,698991657182907
"HIP_COMPILER_API_EXT","__hipPushCallConfiguration",4188971,4188971,3108,698991657183268,698991657183318
"HIP_COMPILER_API_EXT","__hipPopCallConfiguration",4188971,4188971,3109,698991657183618,698991657183669
"HIP_RUNTIME_API_EXT","hipLaunchKernel",4188971,4188971,3110,698991657184069,698991657186213
"HIP_RUNTIME_API_EXT","hipGetLastError",4188971,4188971,3111,698991657186594,698991657186624
"HIP_COMPILER_API_EXT","__hipPushCallConfiguration",4188971,4188971,3112,698991657186905,698991657186955
"HIP_COMPILER_API_EXT","__hipPopCallConfiguration",4188971,4188971,3113,698991657187255,698991657187295
"HIP_RUNTIME_API_EXT","hipLaunchKernel",4188971,4188971,3114,698991657187676,698991657189229
"HIP_RUNTIME_API_EXT","hipGetLastError",4188971,4188971,3115,698991657189570,698991657189620
"HIP_COMPILER_API_EXT","__hipPushCallConfiguration",4188971,4188971,3116,698991657190111,698991657190161
"HIP_COMPILER_API_EXT","__hipPopCallConfiguration",4188971,4188971,3117,698991657190552,698991657190602
"HIP_RUNTIME_API_EXT","hipLaunchKernel",4188971,4188971,3118,698991657191042,698991657192565
"HIP_RUNTIME_API_EXT","hipGetLastError",4188971,4188971,3119,698991657192906,698991657192936
"HIP_RUNTIME_API_EXT","hipSetDevice",4188971,4188971,3120,698991657193217,698991657193257
"HIP_COMPILER_API_EXT","__hipPushCallConfiguration",4188971,4188971,3121,698991657193557,698991657193607
"HIP_COMPILER_API_EXT","__hipPopCallConfiguration",4188971,4188971,3122,698991657193948,698991657193998
"HIP_RUNTIME_API_EXT","hipLaunchKernel",4188971,4188971,3123,698991657194379,698991657196032
"HIP_RUNTIME_API_EXT","hipGetLastError",4188971,4188971,3124,698991657196352,698991657196383
"HIP_COMPILER_API_EXT","__hipPushCallConfiguration",4188971,4188971,3125,698991657196663,698991657196713
"HIP_COMPILER_API_EXT","__hipPopCallConfiguration",4188971,4188971,3126,698991657197004,698991657197054
"HIP_RUNTIME_API_EXT","hipLaunchKernel",4188971,4188971,3127,698991657197414,698991657198847
"HIP_RUNTIME_API_EXT","hipGetLastError",4188971,4188971,3128,698991657199238,698991657199268
"HIP_COMPILER_API_EXT","__hipPushCallConfiguration",4188971,4188971,3129,698991657199558,698991657199599
"HIP_COMPILER_API_EXT","__hipPopCallConfiguration",4188971,4188971,3130,698991657199919,698991657199959
"HIP_RUNTIME_API_EXT","hipLaunchKernel",4188971,4188971,3131,698991657200310,698991657201923
"HIP_RUNTIME_API_EXT","hipGetLastError",4188971,4188971,3132,698991657202274,698991657202314
"HIP_RUNTIME_API_EXT","hipSetDevice",4188971,4188971,3133,698991657202594,698991657202644
"HIP_COMPILER_API_EXT","__hipPushCallConfiguration",4188971,4188971,3134,698991657202915,698991657202955
"HIP_COMPILER_API_EXT","__hipPopCallConfiguration",4188971,4188971,3135,698991657203255,698991657203296
"HIP_RUNTIME_API_EXT","hipLaunchKernel",4188971,4188971,3136,698991657203656,698991657207363
"HIP_RUNTIME_API_EXT","hipGetLastError",4188971,4188971,3137,698991657207794,698991657207824
"HIP_COMPILER_API_EXT","__hipPushCallConfiguration",4188971,4188971,3138,698991657208175,698991657208225
"HIP_COMPILER_API_EXT","__hipPopCallConfiguration",4188971,4188971,3139,698991657208595,698991657208646
"HIP_RUNTIME_API_EXT","hipLaunchKernel",4188971,4188971,3140,698991657209006,698991657210689
"HIP_RUNTIME_API_EXT","hipGetLastError",4188971,4188971,3141,698991657211030,698991657211060
"HIP_COMPILER_API_EXT","__hipPushCallConfiguration",4188971,4188971,3142,698991657211351,698991657211391
"HIP_COMPILER_API_EXT","__hipPopCallConfiguration",4188971,4188971,3143,698991657211711,698991657211751
"HIP_RUNTIME_API_EXT","hipLaunchKernel",4188971,4188971,3144,698991657212102,698991657213655
"HIP_RUNTIME_API_EXT","hipGetLastError",4188971,4188971,3145,698991657213976,698991657214006
"HIP_RUNTIME_API_EXT","hipSetDevice",4188971,4188971,3146,698991657214296,698991657214336
"HIP_COMPILER_API_EXT","__hipPushCallConfiguration",4188971,4188971,3147,698991657214627,698991657214677
"HIP_COMPILER_API_EXT","__hipPopCallConfiguration",4188971,4188971,3148,698991657215048,698991657215088
"HIP_RUNTIME_API_EXT","hipLaunchKernel",4188971,4188971,3149,698991657215438,698991657217743
"HIP_RUNTIME_API_EXT","hipGetLastError",4188971,4188971,3150,698991657218063,698991657218093
"HIP_COMPILER_API_EXT","__hipPushCallConfiguration",4188971,4188971,3151,698991657219326,698991657219406
"HIP_COMPILER_API_EXT","__hipPopCallConfiguration",4188971,4188971,3152,698991657282595,698991657282695
"HIP_RUNTIME_API_EXT","hipLaunchKernel",4188971,4188971,3153,698991657283326,698991657285891
"HIP_RUNTIME_API_EXT","hipGetLastError",4188971,4188971,3154,698991657286412,698991657286482
"HIP_COMPILER_API_EXT","__hipPushCallConfiguration",4188971,4188971,3155,698991657286903,698991657287003
"HIP_COMPILER_API_EXT","__hipPopCallConfiguration",4188971,4188971,3156,698991657287424,698991657287514
"HIP_RUNTIME_API_EXT","hipLaunchKernel",4188971,4188971,3157,698991657288055,698991657289738
"HIP_RUNTIME_API_EXT","hipGetLastError",4188971,4188971,3158,698991657290199,698991657290259
"HIP_RUNTIME_API_EXT","hipSetDevice",4188971,4188971,3159,698991657290700,698991657290780
"HIP_COMPILER_API_EXT","__hipPushCallConfiguration",4188971,4188971,3160,698991657291241,698991657291321
"HIP_COMPILER_API_EXT","__hipPopCallConfiguration",4188971,4188971,3161,698991657291762,698991657291832
"HIP_RUNTIME_API_EXT","hipLaunchKernel",4188971,4188971,3162,698991657292403,698991657294207
"HIP_RUNTIME_API_EXT","hipGetLastError",4188971,4188971,3163,698991657294697,698991657294758
"HIP_COMPILER_API_EXT","__hipPushCallConfiguration",4188971,4188971,3164,698991657295188,698991657295269
"HIP_COMPILER_API_EXT","__hipPopCallConfiguration",4188971,4188971,3165,698991657295689,698991657295769
"HIP_RUNTIME_API_EXT","hipLaunchKernel",4188971,4188971,3166,698991657296310,698991657298745
"HIP_RUNTIME_API_EXT","hipGetLastError",4188971,4188971,3167,698991657299236,698991657299286
"HIP_COMPILER_API_EXT","__hipPushCallConfiguration",4188971,4188971,3168,698991657299717,698991657299797
"HIP_COMPILER_API_EXT","__hipPopCallConfiguration",4188971,4188971,3169,698991657300228,698991657300318
"HIP_RUNTIME_API_EXT","hipLaunchKernel",4188971,4188971,3170,698991657300839,698991657355582
"HIP_RUNTIME_API_EXT","hipGetLastError",4188971,4188971,3171,698991657356113,698991657356173
"HIP_RUNTIME_API_EXT","hipSetDevice",4188971,4188971,3172,698991657356584,698991657356664
"HIP_COMPILER_API_EXT","__hipPushCallConfiguration",4188971,4188971,3173,698991657357075,698991657357155
"HIP_COMPILER_API_EXT","__hipPopCallConfiguration",4188971,4188971,3174,698991657357576,698991657357656
"HIP_RUNTIME_API_EXT","hipLaunchKernel",4188971,4188971,3175,698991657358197,698991657359910
"HIP_RUNTIME_API_EXT","hipGetLastError",4188971,4188971,3176,698991657360381,698991657360441
"HIP_COMPILER_API_EXT","__hipPushCallConfiguration",4188971,4188971,3177,698991657360852,698991657360932
"HIP_COMPILER_API_EXT","__hipPopCallConfiguration",4188971,4188971,3178,698991657361363,698991657361443
"HIP_RUNTIME_API_EXT","hipLaunchKernel",4188971,4188971,3179,698991657361994,698991657363717
"HIP_RUNTIME_API_EXT","hipGetLastError",4188971,4188971,3180,698991657364198,698991657364258
"HIP_COMPILER_API_EXT","__hipPushCallConfiguration",4188971,4188971,3181,698991657364749,698991657364829
"HIP_COMPILER_API_EXT","__hipPopCallConfiguration",4188971,4188971,3182,698991657365260,698991657365350
"HIP_RUNTIME_API_EXT","hipLaunchKernel",4188971,4188971,3183,698991657365881,698991657368526
"HIP_RUNTIME_API_EXT","hipGetLastError",4188971,4188971,3184,698991657369027,698991657369087
"HIP_RUNTIME_API_EXT","hipSetDevice",4188971,4188971,3185,698991657369518,698991657369588
"HIP_COMPILER_API_EXT","__hipPushCallConfiguration",4188971,4188971,3186,698991657370049,698991657370129
"HIP_COMPILER_API_EXT","__hipPopCallConfiguration",4188971,4188971,3187,698991657370560,698991657370640
"HIP_RUNTIME_API_EXT","hipLaunchKernel",4188971,4188971,3188,698991657371161,698991657372844
"HIP_RUNTIME_API_EXT","hipGetLastError",4188971,4188971,3189,698991657373325,698991657373385
"HIP_COMPILER_API_EXT","__hipPushCallConfiguration",4188971,4188971,3190,698991657373826,698991657373906
"HIP_COMPILER_API_EXT","__hipPopCallConfiguration",4188971,4188971,3191,698991657374437,698991657374528
"HIP_RUNTIME_API_EXT","hipLaunchKernel",4188971,4188971,3192,698991657375109,698991657377333
"HIP_RUNTIME_API_EXT","hipGetLastError",4188971,4188971,3193,698991657377844,698991657377904
"HIP_COMPILER_API_EXT","__hipPushCallConfiguration",4188971,4188971,3194,698991657378305,698991657378385
"HIP_COMPILER_API_EXT","__hipPopCallConfiguration",4188971,4188971,3195,698991657378806,698991657378886
"HIP_RUNTIME_API_EXT","hipLaunchKernel",4188971,4188971,3196,698991657379477,698991657381270
"HIP_RUNTIME_API_EXT","hipGetLastError",4188971,4188971,3197,698991657381741,698991657381801
"HIP_RUNTIME_API_EXT","hipSetDevice",4188971,4188971,3198,698991657382232,698991657382312
"HIP_COMPILER_API_EXT","__hipPushCallConfiguration",4188971,4188971,3199,698991657382723,698991657382793
"HIP_COMPILER_API_EXT","__hipPopCallConfiguration",4188971,4188971,3200,698991657383214,698991657383294
"HIP_RUNTIME_API_EXT","hipLaunchKernel",4188971,4188971,3201,698991657383965,698991657387031
"HIP_RUNTIME_API_EXT","hipGetLastError",4188971,4188971,3202,698991657387522,698991657387582
"HIP_COMPILER_API_EXT","__hipPushCallConfiguration",4188971,4188971,3203,698991657388013,698991657388093
"HIP_COMPILER_API_EXT","__hipPopCallConfiguration",4188971,4188971,3204,698991657388554,698991657388644
"HIP_RUNTIME_API_EXT","hipLaunchKernel",4188971,4188971,3205,698991657389195,698991657443688
"HIP_RUNTIME_API_EXT","hipGetLastError",4188971,4188971,3206,698991657444179,698991657444239
"HIP_COMPILER_API_EXT","__hipPushCallConfiguration",4188971,4188971,3207,698991657444650,698991657444730
"HIP_COMPILER_API_EXT","__hipPopCallConfiguration",4188971,4188971,3208,698991657445171,698991657445251
"HIP_RUNTIME_API_EXT","hipLaunchKernel",4188971,4188971,3209,698991657445812,698991657447685
"HIP_RUNTIME_API_EXT","hipGetLastError",4188971,4188971,3210,698991657448186,698991657448236
"HIP_RUNTIME_API_EXT","hipSetDevice",4188971,4188971,3211,698991657448677,698991657448747
"HIP_COMPILER_API_EXT","__hipPushCallConfiguration",4188971,4188971,3212,698991657449168,698991657449248
"HIP_COMPILER_API_EXT","__hipPopCallConfiguration",4188971,4188971,3213,698991657449739,698991657449829
"HIP_RUNTIME_API_EXT","hipLaunchKernel",4188971,4188971,3214,698991657450380,698991657452174
"HIP_RUNTIME_API_EXT","hipGetLastError",4188971,4188971,3215,698991657452665,698991657452725
"HIP_COMPILER_API_EXT","__hipPushCallConfiguration",4188971,4188971,3216,698991657453136,698991657453206
"HIP_COMPILER_API_EXT","__hipPopCallConfiguration",4188971,4188971,3217,698991657453646,698991657453727
"HIP_RUNTIME_API_EXT","hipLaunchKernel",4188971,4188971,3218,698991657454338,698991657456061
"HIP_RUNTIME_API_EXT","hipGetLastError",4188971,4188971,3219,698991657456542,698991657456602
"HIP_COMPILER_API_EXT","__hipPushCallConfiguration",4188971,4188971,3220,698991657457063,698991657457143
"HIP_COMPILER_API_EXT","__hipPopCallConfiguration",4188971,4188971,3221,698991657457564,698991657457644
"HIP_RUNTIME_API_EXT","hipLaunchKernel",4188971,4188971,3222,698991657458205,698991657460700
"HIP_RUNTIME_API_EXT","hipGetLastError",4188971,4188971,3223,698991657461181,698991657461251
"HIP_RUNTIME_API_EXT","hipSetDevice",4188971,4188971,3224,698991657461682,698991657461752
"HIP_COMPILER_API_EXT","__hipPushCallConfiguration",4188971,4188971,3225,698991657462533,698991657462613
"HIP_COMPILER_API_EXT","__hipPopCallConfiguration",4188971,4188971,3226,698991657463084,698991657463164
"HIP_RUNTIME_API_EXT","hipLaunchKernel",4188971,4188971,3227,698991657463695,698991657465479
"HIP_RUNTIME_API_EXT","hipGetLastError",4188971,4188971,3228,698991657465970,698991657466030
"HIP_COMPILER_API_EXT","__hipPushCallConfiguration",4188971,4188971,3229,698991657466471,698991657466551
"HIP_COMPILER_API_EXT","__hipPopCallConfiguration",4188971,4188971,3230,698991657467032,698991657467112
"HIP_RUNTIME_API_EXT","hipLaunchKernel",4188971,4188971,3231,698991657467663,698991657469416
"HIP_RUNTIME_API_EXT","hipGetLastError",4188971,4188971,3232,698991657469917,698991657469987
"HIP_RUNTIME_API_EXT","hipSetDevice",4188971,4188971,3233,698991657470428,698991657470508
"HIP_COMPILER_API_EXT","__hipPushCallConfiguration",4188971,4188971,3234,698991657470929,698991657471009
"HIP_COMPILER_API_EXT","__hipPopCallConfiguration",4188971,4188971,3235,698991657471420,698991657471500
"HIP_RUNTIME_API_EXT","hipLaunchKernel",4188971,4188971,3236,698991657472051,698991657473844
"HIP_RUNTIME_API_EXT","hipGetLastError",4188971,4188971,3237,698991657474325,698991657474385
"HIP_RUNTIME_API_EXT","hipSetDevice",4188971,4188971,3238,698991657474816,698991657474896
"HIP_COMPILER_API_EXT","__hipPushCallConfiguration",4188971,4188971,3239,698991657475317,698991657475387
"HIP_COMPILER_API_EXT","__hipPopCallConfiguration",4188971,4188971,3240,698991657475898,698991657475978
"HIP_RUNTIME_API_EXT","hipLaunchKernel",4188971,4188971,3241,698991657476509,698991657479946
"HIP_RUNTIME_API_EXT","hipGetLastError",4188971,4188971,3242,698991657480447,698991657480507
"HIP_COMPILER_API_EXT","__hipPushCallConfiguration",4188971,4188971,3243,698991657480928,698991657481008
"HIP_COMPILER_API_EXT","__hipPopCallConfiguration",4188971,4188971,3244,698991657481519,698991657481599
"HIP_RUNTIME_API_EXT","hipLaunchKernel",4188971,4188971,3245,698991657482140,698991657483853
"HIP_RUNTIME_API_EXT","hipGetLastError",4188971,4188971,3246,698991657484344,698991657484394
"HIP_COMPILER_API_EXT","__hipPushCallConfiguration",4188971,4188971,3247,698991657484805,698991657484875
"HIP_COMPILER_API_EXT","__hipPopCallConfiguration",4188971,4188971,3248,698991657485316,698991657485396
"HIP_RUNTIME_API_EXT","hipLaunchKernel",4188971,4188971,3249,698991657485957,698991657487670
"HIP_RUNTIME_API_EXT","hipGetLastError",4188971,4188971,3250,698991657488151,698991657488212
"HIP_COMPILER_API_EXT","__hipPushCallConfiguration",4188971,4188971,3251,698991657488612,698991657488702
"HIP_COMPILER_API_EXT","__hipPopCallConfiguration",4188971,4188971,3252,698991657489143,698991657489233
"HIP_RUNTIME_API_EXT","hipLaunchKernel",4188971,4188971,3253,698991657489764,698991657491498
"HIP_RUNTIME_API_EXT","hipGetLastError",4188971,4188971,3254,698991657492049,698991657492109
"HIP_COMPILER_API_EXT","__hipPushCallConfiguration",4188971,4188971,3255,698991657492640,698991657492720
"HIP_COMPILER_API_EXT","__hipPopCallConfiguration",4188971,4188971,3256,698991657493141,698991657493221
"HIP_RUNTIME_API_EXT","hipLaunchKernel",4188971,4188971,3257,698991657493732,698991657505234
"HIP_RUNTIME_API_EXT","hipGetLastError",4188971,4188971,3258,698991657505885,698991657505935
"HIP_RUNTIME_API_EXT","hipSetDevice",4188971,4188971,3259,698991657506386,698991657506466
"HIP_COMPILER_API_EXT","__hipPushCallConfiguration",4188971,4188971,3260,698991657506907,698991657506987
"HIP_COMPILER_API_EXT","__hipPopCallConfiguration",4188971,4188971,3261,698991657507448,698991657507528
"HIP_RUNTIME_API_EXT","hipLaunchKernel",4188971,4188971,3262,698991657508099,698991657509902
"HIP_RUNTIME_API_EXT","hipGetLastError",4188971,4188971,3263,698991657510383,698991657510443
"HIP_COMPILER_API_EXT","__hipPushCallConfiguration",4188971,4188971,3264,698991657510854,698991657510934
"HIP_COMPILER_API_EXT","__hipPopCallConfiguration",4188971,4188971,3265,698991657511425,698991657511505
"HIP_RUNTIME_API_EXT","hipLaunchKernel",4188971,4188971,3266,698991657512046,698991657513830
"HIP_RUNTIME_API_EXT","hipGetLastError",4188971,4188971,3267,698991657514301,698991657514361
"HIP_COMPILER_API_EXT","__hipPushCallConfiguration",4188971,4188971,3268,698991657514781,698991657514862
"HIP_COMPILER_API_EXT","__hipPopCallConfiguration",4188971,4188971,3269,698991657515312,698991657515393
"HIP_RUNTIME_API_EXT","hipLaunchKernel",4188971,4188971,3270,698991657515954,698991657517757
"HIP_RUNTIME_API_EXT","hipGetLastError",4188971,4188971,3271,698991657518258,698991657518318
"HIP_RUNTIME_API_EXT","hipSetDevice",4188971,4188971,3272,698991657518739,698991657518819
"HIP_COMPILER_API_EXT","__hipPushCallConfiguration",4188971,4188971,3273,698991657519230,698991657519310
"HIP_COMPILER_API_EXT","__hipPopCallConfiguration",4188971,4188971,3274,698991657519741,698991657519821
"HIP_RUNTIME_API_EXT","hipLaunchKernel",4188971,4188971,3275,698991657520382,698991657522185
"HIP_RUNTIME_API_EXT","hipGetLastError",4188971,4188971,3276,698991657522666,698991657522726
"HIP_COMPILER_API_EXT","__hipPushCallConfiguration",4188971,4188971,3277,698991657523167,698991657523247
"HIP_COMPILER_API_EXT","__hipPopCallConfiguration",4188971,4188971,3278,698991657523688,698991657523768
"HIP_RUNTIME_API_EXT","hipLaunchKernel",4188971,4188971,3279,698991657524279,698991657530631
"HIP_RUNTIME_API_EXT","hipGetLastError",4188971,4188971,3280,698991657531142,698991657531202
"HIP_COMPILER_API_EXT","__hipPushCallConfiguration",4188971,4188971,3281,698991657531613,698991657531693
"HIP_COMPILER_API_EXT","__hipPopCallConfiguration",4188971,4188971,3282,698991657532124,698991657532204
"HIP_RUNTIME_API_EXT","hipLaunchKernel",4188971,4188971,3283,698991657532735,698991657534459
"HIP_RUNTIME_API_EXT","hipGetLastError",4188971,4188971,3284,698991657534939,698991657535000
"HIP_RUNTIME_API_EXT","hipSetDevice",4188971,4188971,3285,698991657535430,698991657535500
"HIP_COMPILER_API_EXT","__hipPushCallConfiguration",4188971,4188971,3286,698991657535911,698991657535981
"HIP_COMPILER_API_EXT","__hipPopCallConfiguration",4188971,4188971,3287,698991657536422,698991657536502
"HIP_RUNTIME_API_EXT","hipLaunchKernel",4188971,4188971,3288,698991657537033,698991657538997
"HIP_RUNTIME_API_EXT","hipGetLastError",4188971,4188971,3289,698991657539478,698991657539538
"HIP_COMPILER_API_EXT","__hipPushCallConfiguration",4188971,4188971,3290,698991657539989,698991657540069
"HIP_COMPILER_API_EXT","__hipPopCallConfiguration",4188971,4188971,3291,698991657540510,698991657540590
"HIP_RUNTIME_API_EXT","hipLaunchKernel",4188971,4188971,3292,698991657541141,698991657542914
"HIP_RUNTIME_API_EXT","hipGetLastError",4188971,4188971,3293,698991657543395,698991657543445
"HIP_COMPILER_API_EXT","__hipPushCallConfiguration",4188971,4188971,3294,698991657543876,698991657543956
"HIP_COMPILER_API_EXT","__hipPopCallConfiguration",4188971,4188971,3295,698991657544387,698991657544477
"HIP_RUNTIME_API_EXT","hipLaunchKernel",4188971,4188971,3296,698991657545028,698991657546521
"HIP_RUNTIME_API_EXT","hipGetLastError",4188971,4188971,3297,698991657547012,698991657547072
"HIP_RUNTIME_API_EXT","hipSetDevice",4188971,4188971,3298,698991657547483,698991657547563
"HIP_COMPILER_API_EXT","__hipPushCallConfiguration",4188971,4188971,3299,698991657547964,698991657548044
"HIP_COMPILER_API_EXT","__hipPopCallConfiguration",4188971,4188971,3300,698991657548495,698991657548575
"HIP_RUNTIME_API_EXT","hipLaunchKernel",4188971,4188971,3301,698991657549226,698991657551631
"HIP_RUNTIME_API_EXT","hipGetLastError",4188971,4188971,3302,698991657552132,698991657552192
"HIP_COMPILER_API_EXT","__hipPushCallConfiguration",4188971,4188971,3303,698991657552613,698991657552693
"HIP_COMPILER_API_EXT","__hipPopCallConfiguration",4188971,4188971,3304,698991657553124,698991657553214
"HIP_RUNTIME_API_EXT","hipLaunchKernel",4188971,4188971,3305,698991657553795,698991657607847
"HIP_RUNTIME_API_EXT","hipGetLastError",4188971,4188971,3306,698991657608327,698991657608388
"HIP_COMPILER_API_EXT","__hipPushCallConfiguration",4188971,4188971,3307,698991657608828,698991657608909
"HIP_COMPILER_API_EXT","__hipPopCallConfiguration",4188971,4188971,3308,698991657609349,698991657609430
"HIP_RUNTIME_API_EXT","hipLaunchKernel",4188971,4188971,3309,698991657609971,698991657664213
"HIP_RUNTIME_API_EXT","hipGetLastError",4188971,4188971,3310,698991657664694,698991657664764
"HIP_RUNTIME_API_EXT","hipSetDevice",4188971,4188971,3311,698991657665184,698991657665255
"HIP_COMPILER_API_EXT","__hipPushCallConfiguration",4188971,4188971,3312,698991657665675,698991657665756
"HIP_COMPILER_API_EXT","__hipPopCallConfiguration",4188971,4188971,3313,698991657666196,698991657666276
"HIP_RUNTIME_API_EXT","hipLaunchKernel",4188971,4188971,3314,698991657666787,698991657668471
"HIP_RUNTIME_API_EXT","hipGetLastError",4188971,4188971,3315,698991657668982,698991657669032
"HIP_COMPILER_API_EXT","__hipPushCallConfiguration",4188971,4188971,3316,698991657669473,698991657669553
"HIP_COMPILER_API_EXT","__hipPopCallConfiguration",4188971,4188971,3317,698991657670044,698991657670124
"HIP_RUNTIME_API_EXT","hipLaunchKernel",4188971,4188971,3318,698991657670665,698991657672468
"HIP_RUNTIME_API_EXT","hipGetLastError",4188971,4188971,3319,698991657672979,698991657673039
"HIP_COMPILER_API_EXT","__hipPushCallConfiguration",4188971,4188971,3320,698991657673510,698991657673590
"HIP_COMPILER_API_EXT","__hipPopCallConfiguration",4188971,4188971,3321,698991657674051,698991657674141
"HIP_RUNTIME_API_EXT","hipLaunchKernel",4188971,4188971,3322,698991657674702,698991657676345
"HIP_RUNTIME_API_EXT","hipGetLastError",4188971,4188971,3323,698991657676806,698991657676866
"HIP_RUNTIME_API_EXT","hipSetDevice",4188971,4188971,3324,698991657677317,698991657677387
"HIP_COMPILER_API_EXT","__hipPushCallConfiguration",4188971,4188971,3325,698991657677818,698991657677888
"HIP_COMPILER_API_EXT","__hipPopCallConfiguration",4188971,4188971,3326,698991657678329,698991657678419
"HIP_RUNTIME_API_EXT","hipLaunchKernel",4188971,4188971,3327,698991657679030,698991657681545
"HIP_RUNTIME_API_EXT","hipGetLastError",4188971,4188971,3328,698991657682016,698991657682076
"HIP_COMPILER_API_EXT","__hipPushCallConfiguration",4188971,4188971,3329,698991657682597,698991657682677
"HIP_COMPILER_API_EXT","__hipPopCallConfiguration",4188971,4188971,3330,698991657683148,698991657683218
"HIP_RUNTIME_API_EXT","hipLaunchKernel",4188971,4188971,3331,698991657683809,698991657685703
"HIP_RUNTIME_API_EXT","hipGetLastError",4188971,4188971,3332,698991657686174,698991657686224
"HIP_COMPILER_API_EXT","__hipPushCallConfiguration",4188971,4188971,3333,698991657686665,698991657686735
"HIP_COMPILER_API_EXT","__hipPopCallConfiguration",4188971,4188971,3334,698991657687256,698991657687336
"HIP_RUNTIME_API_EXT","hipLaunchKernel",4188971,4188971,3335,698991657687907,698991657689660
"HIP_RUNTIME_API_EXT","hipGetLastError",4188971,4188971,3336,698991657690141,698991657690201
"HIP_RUNTIME_API_EXT","hipSetDevice",4188971,4188971,3337,698991657690632,698991657690712
"HIP_COMPILER_API_EXT","__hipPushCallConfiguration",4188971,4188971,3338,698991657691113,698991657691193
"HIP_COMPILER_API_EXT","__hipPopCallConfiguration",4188971,4188971,3339,698991657691614,698991657691694
"HIP_RUNTIME_API_EXT","hipLaunchKernel",4188971,4188971,3340,698991657692275,698991657694059
"HIP_RUNTIME_API_EXT","hipGetLastError",4188971,4188971,3341,698991657694560,698991657694620
"HIP_COMPILER_API_EXT","__hipPushCallConfiguration",4188971,4188971,3342,698991657695071,698991657695151
"HIP_COMPILER_API_EXT","__hipPopCallConfiguration",4188971,4188971,3343,698991657695572,698991657695652
"HIP_RUNTIME_API_EXT","hipLaunchKernel",4188971,4188971,3344,698991657696213,698991657750164
"HIP_RUNTIME_API_EXT","hipGetLastError",4188971,4188971,3345,698991657750665,698991657750725
"HIP_COMPILER_API_EXT","__hipPushCallConfiguration",4188971,4188971,3346,698991657751136,698991657751206
"HIP_COMPILER_API_EXT","__hipPopCallConfiguration",4188971,4188971,3347,698991657751637,698991657751717
"HIP_RUNTIME_API_EXT","hipLaunchKernel",4188971,4188971,3348,698991657752278,698991657755003
"HIP_RUNTIME_API_EXT","hipGetLastError",4188971,4188971,3349,698991657755494,698991657755554
"HIP_RUNTIME_API_EXT","hipSetDevice",4188971,4188971,3350,698991657755995,698991657756075
"HIP_COMPILER_API_EXT","__hipPushCallConfiguration",4188971,4188971,3351,698991657756496,698991657756576
"HIP_COMPILER_API_EXT","__hipPopCallConfiguration",4188971,4188971,3352,698991657757027,698991657757107
"HIP_RUNTIME_API_EXT","hipLaunchKernel",4188971,4188971,3353,698991657757739,698991657759532
"HIP_RUNTIME_API_EXT","hipGetLastError",4188971,4188971,3354,698991657760053,698991657760113
"HIP_COMPILER_API_EXT","__hipPushCallConfiguration",4188971,4188971,3355,698991657760564,698991657760644
"HIP_COMPILER_API_EXT","__hipPopCallConfiguration",4188971,4188971,3356,698991657761085,698991657761175
"HIP_RUNTIME_API_EXT","hipLaunchKernel",4188971,4188971,3357,698991657761706,698991657763449
"HIP_RUNTIME_API_EXT","hipGetLastError",4188971,4188971,3358,698991657763960,698991657764020
"HIP_COMPILER_API_EXT","__hipPushCallConfiguration",4188971,4188971,3359,698991657764461,698991657764541
"HIP_COMPILER_API_EXT","__hipPopCallConfiguration",4188971,4188971,3360,698991657764992,698991657765082
"HIP_RUNTIME_API_EXT","hipLaunchKernel",4188971,4188971,3361,698991657765613,698991657767807
"HIP_RUNTIME_API_EXT","hipGetLastError",4188971,4188971,3362,698991657768369,698991657768419
"HIP_RUNTIME_API_EXT","hipSetDevice",4188971,4188971,3363,698991657768869,698991657768940
"HIP_COMPILER_API_EXT","__hipPushCallConfiguration",4188971,4188971,3364,698991657769380,698991657769471
"HIP_COMPILER_API_EXT","__hipPopCallConfiguration",4188971,4188971,3365,698991657769901,698991657769982
"HIP_RUNTIME_API_EXT","hipLaunchKernel",4188971,4188971,3366,698991657770503,698991657772286
"HIP_RUNTIME_API_EXT","hipGetLastError",4188971,4188971,3367,698991657772777,698991657772837
"HIP_COMPILER_API_EXT","__hipPushCallConfiguration",4188971,4188971,3368,698991657773248,698991657773328
"HIP_COMPILER_API_EXT","__hipPopCallConfiguration",4188971,4188971,3369,698991657773779,698991657773879
"HIP_RUNTIME_API_EXT","hipLaunchKernel",4188971,4188971,3370,698991657774470,698991657776163
"HIP_RUNTIME_API_EXT","hipGetLastError",4188971,4188971,3371,698991657776624,698991657776674
"HIP_RUNTIME_API_EXT","hipSetDevice",4188971,4188971,3372,698991657777115,698991657777195
"HIP_COMPILER_API_EXT","__hipPushCallConfiguration",4188971,4188971,3373,698991657777606,698991657777686
"HIP_COMPILER_API_EXT","__hipPopCallConfiguration",4188971,4188971,3374,698991657778127,698991657778207
"HIP_RUNTIME_API_EXT","hipLaunchKernel",4188971,4188971,3375,698991657778858,698991657781473
"HIP_RUNTIME_API_EXT","hipGetLastError",4188971,4188971,3376,698991657781954,698991657782014
"HIP_RUNTIME_API_EXT","hipSetDevice",4188971,4188971,3377,698991657782435,698991657782515
"HIP_COMPILER_API_EXT","__hipPushCallConfiguration",4188971,4188971,3378,698991657782916,698991657782996
"HIP_COMPILER_API_EXT","__hipPopCallConfiguration",4188971,4188971,3379,698991657783447,698991657783537
"HIP_RUNTIME_API_EXT","hipLaunchKernel",4188971,4188971,3380,698991657784088,698991657785831
"HIP_RUNTIME_API_EXT","hipGetLastError",4188971,4188971,3381,698991657786332,698991657786392
"HIP_COMPILER_API_EXT","__hipPushCallConfiguration",4188971,4188971,3382,698991657786823,698991657786903
"HIP_COMPILER_API_EXT","__hipPopCallConfiguration",4188971,4188971,3383,698991657787334,698991657787414
"HIP_RUNTIME_API_EXT","hipLaunchKernel",4188971,4188971,3384,698991657787965,698991657789669
"HIP_RUNTIME_API_EXT","hipGetLastError",4188971,4188971,3385,698991657790150,698991657790210
"HIP_COMPILER_API_EXT","__hipPushCallConfiguration",4188971,4188971,3386,698991657790650,698991657790731
"HIP_COMPILER_API_EXT","__hipPopCallConfiguration",4188971,4188971,3387,698991657791202,698991657791282
"HIP_RUNTIME_API_EXT","hipLaunchKernel",4188971,4188971,3388,698991657791833,698991657794708
"HIP_RUNTIME_API_EXT","hipGetLastError",4188971,4188971,3389,698991657795219,698991657795279
"HIP_COMPILER_API_EXT","__hipPushCallConfiguration",4188971,4188971,3390,698991657795690,698991657795770
"HIP_COMPILER_API_EXT","__hipPopCallConfiguration",4188971,4188971,3391,698991657796221,698991657796301
"HIP_RUNTIME_API_EXT","hipLaunchKernel",4188971,4188971,3392,698991657796862,698991657798605
"HIP_RUNTIME_API_EXT","hipGetLastError",4188971,4188971,3393,698991657799156,698991657799217
"HIP_RUNTIME_API_EXT","hipMemcpyAsync",4188971,4188971,3394,698991657799908,698991657802934
"HIP_RUNTIME_API_EXT","hipMemcpyAsync",4188971,4188971,3395,698991657803655,698991657805579
"HIP_RUNTIME_API_EXT","hipStreamSynchronize",4188971,4188971,3396,698991657806641,698991657981940
"HIP_RUNTIME_API_EXT","hipSetDevice",4188971,4188971,3397,698991657982882,698991657982922
"HIP_RUNTIME_API_EXT","hipMemcpyAsync",4188971,4188971,3398,698991657983333,698991658105142
"HIP_RUNTIME_API_EXT","hipStreamSynchronize",4188971,4188971,3399,698991658105924,698991658107947
"HIP_RUNTIME_API_EXT","hipSetDevice",4188971,4188971,3400,698991658110031,698991658110111
"HIP_RUNTIME_API_EXT","hipStreamSynchronize",4188971,4188971,3401,698991658110532,698991658110673
"HIP_RUNTIME_API_EXT","hipFree",4188971,4188971,3402,698991658113297,698991658129738
"HIP_RUNTIME_API_EXT","hipFree",4188971,4188971,3403,698991658130219,698991658131622
"HIP_RUNTIME_API_EXT","hipFree",4188971,4188971,3404,698991658131933,698991658133155
"HIP_RUNTIME_API_EXT","hipFree",4188971,4188971,3405,698991658133505,698991658134517
"HIP_RUNTIME_API_EXT","hipFree",4188971,4188971,3406,698991658134838,698991658135649
"HIP_RUNTIME_API_EXT","hipFree",4188971,4188971,3407,698991658135970,698991658137162
"HIP_RUNTIME_API_EXT","hipFree",4188971,4188971,3408,698991658137463,698991658139146
"HIP_RUNTIME_API_EXT","hipHostFree",4188971,4188971,3409,698991658140789,698991658414194
"HIP_RUNTIME_API_EXT","hipStreamDestroy",4188971,4188971,3410,698991658416267,698991658752320
