  CnetControlPlane -> /home/marble/AI/CNET-worktrees/herdr-language-20260909/.artifacts/herdr-task/bin/CnetControlPlane/debug/cnet-control.dll
/home/marble/AI/CNET-worktrees/herdr-language-20260909/dotnet/CnetControlPlane.Tests/LearningRuntimeLedgerTests.cs(21,9): warning CA1416: This call site is reachable on all platforms. 'File.SetUnixFileMode(string, UnixFileMode)' is unsupported on: 'windows'. (https://learn.microsoft.com/dotnet/fundamentals/code-analysis/quality-rules/ca1416) [/home/marble/AI/CNET-worktrees/herdr-language-20260909/dotnet/CnetControlPlane.Tests/CnetControlPlane.Tests.csproj]
/home/marble/AI/CNET-worktrees/herdr-language-20260909/dotnet/CnetControlPlane.Tests/LearningRuntimeLedgerTests.cs(22,9): warning CA1416: This call site is reachable on all platforms. 'Directory.CreateDirectory(string, UnixFileMode)' is unsupported on: 'windows'. (https://learn.microsoft.com/dotnet/fundamentals/code-analysis/quality-rules/ca1416) [/home/marble/AI/CNET-worktrees/herdr-language-20260909/dotnet/CnetControlPlane.Tests/CnetControlPlane.Tests.csproj]
/home/marble/AI/CNET-worktrees/herdr-language-20260909/dotnet/CnetControlPlane.Tests/LearningRuntimeLedgerTests.cs(23,9): warning CA1416: This call site is reachable on all platforms. 'Directory.CreateDirectory(string, UnixFileMode)' is unsupported on: 'windows'. (https://learn.microsoft.com/dotnet/fundamentals/code-analysis/quality-rules/ca1416) [/home/marble/AI/CNET-worktrees/herdr-language-20260909/dotnet/CnetControlPlane.Tests/CnetControlPlane.Tests.csproj]
/home/marble/AI/CNET-worktrees/herdr-language-20260909/dotnet/CnetControlPlane.Tests/LearningNativeLedgerTests.cs(38,43): warning CA1416: This call site is reachable on all platforms. 'File.SetUnixFileMode(string, UnixFileMode)' is unsupported on: 'windows'. (https://learn.microsoft.com/dotnet/fundamentals/code-analysis/quality-rules/ca1416) [/home/marble/AI/CNET-worktrees/herdr-language-20260909/dotnet/CnetControlPlane.Tests/CnetControlPlane.Tests.csproj]
/home/marble/AI/CNET-worktrees/herdr-language-20260909/dotnet/CnetControlPlane.Tests/LearningRuntimeLedgerTests.cs(32,36): warning CA1416: This call site is reachable on all platforms. 'File.SetUnixFileMode(string, UnixFileMode)' is unsupported on: 'windows'. (https://learn.microsoft.com/dotnet/fundamentals/code-analysis/quality-rules/ca1416) [/home/marble/AI/CNET-worktrees/herdr-language-20260909/dotnet/CnetControlPlane.Tests/CnetControlPlane.Tests.csproj]
/home/marble/AI/CNET-worktrees/herdr-language-20260909/dotnet/CnetControlPlane.Tests/LearningRuntimeLedgerTests.cs(35,13): warning CA1416: This call site is reachable on all platforms. 'File.SetUnixFileMode(string, UnixFileMode)' is unsupported on: 'windows'. (https://learn.microsoft.com/dotnet/fundamentals/code-analysis/quality-rules/ca1416) [/home/marble/AI/CNET-worktrees/herdr-language-20260909/dotnet/CnetControlPlane.Tests/CnetControlPlane.Tests.csproj]
  CnetControlPlane.Tests -> /home/marble/AI/CNET-worktrees/herdr-language-20260909/.artifacts/herdr-task/bin/CnetControlPlane.Tests/debug/CnetControlPlane.Tests.dll
Test run for /home/marble/AI/CNET-worktrees/herdr-language-20260909/.artifacts/herdr-task/bin/CnetControlPlane.Tests/debug/CnetControlPlane.Tests.dll (.NETCoreApp,Version=v8.0)
A total of 1 test files matched the specified pattern.
[xUnit.net 00:00:00.00] xUnit.net VSTest Adapter v2.8.2+699d445a1a (64-bit .NET 8.0.30)
[xUnit.net 00:00:00.03]   Discovering: CnetControlPlane.Tests
[xUnit.net 00:00:00.32]   Discovered:  CnetControlPlane.Tests
[xUnit.net 00:00:00.32]   Starting:    CnetControlPlane.Tests
[xUnit.net 00:00:00.97]     CnetControlPlane.Tests.LearningCaseRequestSyntaxTests.RequestConstituentsComposeWithoutChangingOriginalInput(text: "Could you kindly write 'ñ' in caps?", operation: "upper", key: 241) [FAIL]
[xUnit.net 00:00:00.97]       TASK_CONSTITUENT_RED Could you kindly write 'ñ' in caps?: abstain
[xUnit.net 00:00:00.97]       Stack Trace:
[xUnit.net 00:00:00.97]         /home/marble/AI/CNET-worktrees/herdr-language-20260909/dotnet/CnetControlPlane.Tests/LearningCaseRequestSyntaxTests.cs(30,0): at CnetControlPlane.Tests.LearningCaseRequestSyntaxTests.RequestConstituentsComposeWithoutChangingOriginalInput(String text, String operation, Byte key)
[xUnit.net 00:00:00.97]            at System.RuntimeMethodHandle.InvokeMethod(Object target, Void** arguments, Signature sig, Boolean isConstructor)
[xUnit.net 00:00:00.97]            at System.Reflection.MethodBaseInvoker.InvokeDirectByRefWithFewArgs(Object obj, Span`1 copyOfArgs, BindingFlags invokeAttr)
[xUnit.net 00:00:00.97]     CnetControlPlane.Tests.LearningCaseRequestSyntaxTests.RequestConstituentsComposeWithoutChangingOriginalInput(text: "Would you please write the single quoted character"···, operation: "upper", key: 241) [FAIL]
[xUnit.net 00:00:00.97]       TASK_CONSTITUENT_RED Would you please write the single quoted character 'ñ' in caps?: abstain
[xUnit.net 00:00:00.97]       Stack Trace:
[xUnit.net 00:00:00.97]         /home/marble/AI/CNET-worktrees/herdr-language-20260909/dotnet/CnetControlPlane.Tests/LearningCaseRequestSyntaxTests.cs(30,0): at CnetControlPlane.Tests.LearningCaseRequestSyntaxTests.RequestConstituentsComposeWithoutChangingOriginalInput(String text, String operation, Byte key)
[xUnit.net 00:00:00.97]            at InvokeStub_LearningCaseRequestSyntaxTests.RequestConstituentsComposeWithoutChangingOriginalInput(Object, Span`1)
[xUnit.net 00:00:00.97]            at System.Reflection.MethodBaseInvoker.InvokeWithFewArgs(Object obj, BindingFlags invokeAttr, Binder binder, Object[] parameters, CultureInfo culture)
[xUnit.net 00:00:01.02]     CnetControlPlane.Tests.LearningCaseRequestSyntaxTests.RequestConstituentsComposeWithoutChangingOriginalInput(text: "render the character 'À' in lowercase!", operation: "lower", key: 192) [FAIL]
[xUnit.net 00:00:01.03]       TASK_CONSTITUENT_RED render the character 'À' in lowercase!: abstain
[xUnit.net 00:00:01.03]       Stack Trace:
[xUnit.net 00:00:01.03]         /home/marble/AI/CNET-worktrees/herdr-language-20260909/dotnet/CnetControlPlane.Tests/LearningCaseRequestSyntaxTests.cs(30,0): at CnetControlPlane.Tests.LearningCaseRequestSyntaxTests.RequestConstituentsComposeWithoutChangingOriginalInput(String text, String operation, Byte key)
[xUnit.net 00:00:01.03]            at InvokeStub_LearningCaseRequestSyntaxTests.RequestConstituentsComposeWithoutChangingOriginalInput(Object, Span`1)
[xUnit.net 00:00:01.03]            at System.Reflection.MethodBaseInvoker.InvokeWithFewArgs(Object obj, BindingFlags invokeAttr, Binder binder, Object[] parameters, CultureInfo culture)
[xUnit.net 00:00:01.03]     CnetControlPlane.Tests.LearningCaseRequestSyntaxTests.RequestConstituentsComposeWithoutChangingOriginalInput(text: "Please, lowercase the character  'É'!", operation: "lower", key: 201) [FAIL]
[xUnit.net 00:00:01.03]       TASK_CONSTITUENT_RED Please, lowercase the character  'É'!: abstain
[xUnit.net 00:00:01.03]       Stack Trace:
[xUnit.net 00:00:01.03]         /home/marble/AI/CNET-worktrees/herdr-language-20260909/dotnet/CnetControlPlane.Tests/LearningCaseRequestSyntaxTests.cs(30,0): at CnetControlPlane.Tests.LearningCaseRequestSyntaxTests.RequestConstituentsComposeWithoutChangingOriginalInput(String text, String operation, Byte key)
[xUnit.net 00:00:01.03]            at InvokeStub_LearningCaseRequestSyntaxTests.RequestConstituentsComposeWithoutChangingOriginalInput(Object, Span`1)
[xUnit.net 00:00:01.03]            at System.Reflection.MethodBaseInvoker.InvokeWithFewArgs(Object obj, BindingFlags invokeAttr, Binder binder, Object[] parameters, CultureInfo culture)
[xUnit.net 00:00:01.03]     CnetControlPlane.Tests.LearningCaseRequestSyntaxTests.RequestConstituentsComposeWithoutChangingOriginalInput(text: "Please, uppercase the single quoted character  'µ'"···, operation: "upper", key: 181) [FAIL]
[xUnit.net 00:00:01.03]       TASK_CONSTITUENT_RED Please, uppercase the single quoted character  'µ'?: abstain
[xUnit.net 00:00:01.03]       Stack Trace:
[xUnit.net 00:00:01.03]         /home/marble/AI/CNET-worktrees/herdr-language-20260909/dotnet/CnetControlPlane.Tests/LearningCaseRequestSyntaxTests.cs(30,0): at CnetControlPlane.Tests.LearningCaseRequestSyntaxTests.RequestConstituentsComposeWithoutChangingOriginalInput(String text, String operation, Byte key)
[xUnit.net 00:00:01.03]            at InvokeStub_LearningCaseRequestSyntaxTests.RequestConstituentsComposeWithoutChangingOriginalInput(Object, Span`1)
[xUnit.net 00:00:01.03]            at System.Reflection.MethodBaseInvoker.InvokeWithFewArgs(Object obj, BindingFlags invokeAttr, Binder binder, Object[] parameters, CultureInfo culture)
[xUnit.net 00:00:01.03]     CnetControlPlane.Tests.LearningCaseRequestSyntaxTests.RequestConstituentsComposeWithoutChangingOriginalInput(text: "Please, render the character 'À' in lowercase!", operation: "lower", key: 192) [FAIL]
[xUnit.net 00:00:01.03]       TASK_CONSTITUENT_RED Please, render the character 'À' in lowercase!: abstain
[xUnit.net 00:00:01.03]       Stack Trace:
[xUnit.net 00:00:01.03]         /home/marble/AI/CNET-worktrees/herdr-language-20260909/dotnet/CnetControlPlane.Tests/LearningCaseRequestSyntaxTests.cs(30,0): at CnetControlPlane.Tests.LearningCaseRequestSyntaxTests.RequestConstituentsComposeWithoutChangingOriginalInput(String text, String operation, Byte key)
[xUnit.net 00:00:01.03]            at InvokeStub_LearningCaseRequestSyntaxTests.RequestConstituentsComposeWithoutChangingOriginalInput(Object, Span`1)
[xUnit.net 00:00:01.03]            at System.Reflection.MethodBaseInvoker.InvokeWithFewArgs(Object obj, BindingFlags invokeAttr, Binder binder, Object[] parameters, CultureInfo culture)
[xUnit.net 00:00:01.03]     CnetControlPlane.Tests.LearningCaseRequestSyntaxTests.RequestConstituentsComposeWithoutChangingOriginalInput(text: "Could you kindly render 'À' in lowercase?", operation: "lower", key: 192) [FAIL]
[xUnit.net 00:00:01.03]       TASK_CONSTITUENT_RED Could you kindly render 'À' in lowercase?: abstain
[xUnit.net 00:00:01.03]       Stack Trace:
[xUnit.net 00:00:01.03]         /home/marble/AI/CNET-worktrees/herdr-language-20260909/dotnet/CnetControlPlane.Tests/LearningCaseRequestSyntaxTests.cs(30,0): at CnetControlPlane.Tests.LearningCaseRequestSyntaxTests.RequestConstituentsComposeWithoutChangingOriginalInput(String text, String operation, Byte key)
[xUnit.net 00:00:01.03]            at InvokeStub_LearningCaseRequestSyntaxTests.RequestConstituentsComposeWithoutChangingOriginalInput(Object, Span`1)
[xUnit.net 00:00:01.03]            at System.Reflection.MethodBaseInvoker.InvokeWithFewArgs(Object obj, BindingFlags invokeAttr, Binder binder, Object[] parameters, CultureInfo culture)
  Failed CnetControlPlane.Tests.LearningCaseRequestSyntaxTests.RequestConstituentsComposeWithoutChangingOriginalInput(text: "Could you kindly write 'ñ' in caps?", operation: "upper", key: 241) [625 ms]
  Error Message:
   TASK_CONSTITUENT_RED Could you kindly write 'ñ' in caps?: abstain
  Stack Trace:
     at CnetControlPlane.Tests.LearningCaseRequestSyntaxTests.RequestConstituentsComposeWithoutChangingOriginalInput(String text, String operation, Byte key) in /home/marble/AI/CNET-worktrees/herdr-language-20260909/dotnet/CnetControlPlane.Tests/LearningCaseRequestSyntaxTests.cs:line 30
   at System.RuntimeMethodHandle.InvokeMethod(Object target, Void** arguments, Signature sig, Boolean isConstructor)
   at System.Reflection.MethodBaseInvoker.InvokeDirectByRefWithFewArgs(Object obj, Span`1 copyOfArgs, BindingFlags invokeAttr)
  Failed CnetControlPlane.Tests.LearningCaseRequestSyntaxTests.RequestConstituentsComposeWithoutChangingOriginalInput(text: "Would you please write the single quoted character"···, operation: "upper", key: 241) [1 ms]
  Error Message:
   TASK_CONSTITUENT_RED Would you please write the single quoted character 'ñ' in caps?: abstain
  Stack Trace:
     at CnetControlPlane.Tests.LearningCaseRequestSyntaxTests.RequestConstituentsComposeWithoutChangingOriginalInput(String text, String operation, Byte key) in /home/marble/AI/CNET-worktrees/herdr-language-20260909/dotnet/CnetControlPlane.Tests/LearningCaseRequestSyntaxTests.cs:line 30
   at InvokeStub_LearningCaseRequestSyntaxTests.RequestConstituentsComposeWithoutChangingOriginalInput(Object, Span`1)
   at System.Reflection.MethodBaseInvoker.InvokeWithFewArgs(Object obj, BindingFlags invokeAttr, Binder binder, Object[] parameters, CultureInfo culture)
  Failed CnetControlPlane.Tests.LearningCaseRequestSyntaxTests.RequestConstituentsComposeWithoutChangingOriginalInput(text: "render the character 'À' in lowercase!", operation: "lower", key: 192) [53 ms]
  Error Message:
   TASK_CONSTITUENT_RED render the character 'À' in lowercase!: abstain
  Stack Trace:
     at CnetControlPlane.Tests.LearningCaseRequestSyntaxTests.RequestConstituentsComposeWithoutChangingOriginalInput(String text, String operation, Byte key) in /home/marble/AI/CNET-worktrees/herdr-language-20260909/dotnet/CnetControlPlane.Tests/LearningCaseRequestSyntaxTests.cs:line 30
   at InvokeStub_LearningCaseRequestSyntaxTests.RequestConstituentsComposeWithoutChangingOriginalInput(Object, Span`1)
   at System.Reflection.MethodBaseInvoker.InvokeWithFewArgs(Object obj, BindingFlags invokeAttr, Binder binder, Object[] parameters, CultureInfo culture)
  Failed CnetControlPlane.Tests.LearningCaseRequestSyntaxTests.RequestConstituentsComposeWithoutChangingOriginalInput(text: "Please, lowercase the character  'É'!", operation: "lower", key: 201) [1 ms]
  Error Message:
   TASK_CONSTITUENT_RED Please, lowercase the character  'É'!: abstain
  Stack Trace:
     at CnetControlPlane.Tests.LearningCaseRequestSyntaxTests.RequestConstituentsComposeWithoutChangingOriginalInput(String text, String operation, Byte key) in /home/marble/AI/CNET-worktrees/herdr-language-20260909/dotnet/CnetControlPlane.Tests/LearningCaseRequestSyntaxTests.cs:line 30
   at InvokeStub_LearningCaseRequestSyntaxTests.RequestConstituentsComposeWithoutChangingOriginalInput(Object, Span`1)
   at System.Reflection.MethodBaseInvoker.InvokeWithFewArgs(Object obj, BindingFlags invokeAttr, Binder binder, Object[] parameters, CultureInfo culture)
  Failed CnetControlPlane.Tests.LearningCaseRequestSyntaxTests.RequestConstituentsComposeWithoutChangingOriginalInput(text: "Please, uppercase the single quoted character  'µ'"···, operation: "upper", key: 181) [< 1 ms]
  Error Message:
   TASK_CONSTITUENT_RED Please, uppercase the single quoted character  'µ'?: abstain
  Stack Trace:
     at CnetControlPlane.Tests.LearningCaseRequestSyntaxTests.RequestConstituentsComposeWithoutChangingOriginalInput(String text, String operation, Byte key) in /home/marble/AI/CNET-worktrees/herdr-language-20260909/dotnet/CnetControlPlane.Tests/LearningCaseRequestSyntaxTests.cs:line 30
   at InvokeStub_LearningCaseRequestSyntaxTests.RequestConstituentsComposeWithoutChangingOriginalInput(Object, Span`1)
   at System.Reflection.MethodBaseInvoker.InvokeWithFewArgs(Object obj, BindingFlags invokeAttr, Binder binder, Object[] parameters, CultureInfo culture)
  Failed CnetControlPlane.Tests.LearningCaseRequestSyntaxTests.RequestConstituentsComposeWithoutChangingOriginalInput(text: "Please, render the character 'À' in lowercase!", operation: "lower", key: 192) [< 1 ms]
  Error Message:
   TASK_CONSTITUENT_RED Please, render the character 'À' in lowercase!: abstain
  Stack Trace:
     at CnetControlPlane.Tests.LearningCaseRequestSyntaxTests.RequestConstituentsComposeWithoutChangingOriginalInput(String text, String operation, Byte key) in /home/marble/AI/CNET-worktrees/herdr-language-20260909/dotnet/CnetControlPlane.Tests/LearningCaseRequestSyntaxTests.cs:line 30
   at InvokeStub_LearningCaseRequestSyntaxTests.RequestConstituentsComposeWithoutChangingOriginalInput(Object, Span`1)
   at System.Reflection.MethodBaseInvoker.InvokeWithFewArgs(Object obj, BindingFlags invokeAttr, Binder binder, Object[] parameters, CultureInfo culture)
  Failed CnetControlPlane.Tests.LearningCaseRequestSyntaxTests.RequestConstituentsComposeWithoutChangingOriginalInput(text: "Could you kindly render 'À' in lowercase?", operation: "lower", key: 192) [< 1 ms]
  Error Message:
   TASK_CONSTITUENT_RED Could you kindly render 'À' in lowercase?: abstain
  Stack Trace:
     at CnetControlPlane.Tests.LearningCaseRequestSyntaxTests.RequestConstituentsComposeWithoutChangingOriginalInput(String text, String operation, Byte key) in /home/marble/AI/CNET-worktrees/herdr-language-20260909/dotnet/CnetControlPlane.Tests/LearningCaseRequestSyntaxTests.cs:line 30
   at InvokeStub_LearningCaseRequestSyntaxTests.RequestConstituentsComposeWithoutChangingOriginalInput(Object, Span`1)
   at System.Reflection.MethodBaseInvoker.InvokeWithFewArgs(Object obj, BindingFlags invokeAttr, Binder binder, Object[] parameters, CultureInfo culture)
  Passed CnetControlPlane.Tests.LearningCaseRequestSyntaxTests.RequestConstituentsComposeWithoutChangingOriginalInput(text: "Would you please convert the single quoted charact"···, operation: "upper", key: 246) [3 ms]
  Passed CnetControlPlane.Tests.LearningCaseRequestSyntaxTests.RequestConstituentsComposeWithoutChangingOriginalInput(text: "uppercase  'µ'?", operation: "upper", key: 181) [< 1 ms]
[xUnit.net 00:00:01.05]     CnetControlPlane.Tests.LearningCaseRequestSyntaxTests.RequestConstituentsComposeWithoutChangingOriginalInput(text: "Could you kindly uppercase the single quoted chara"···, operation: "upper", key: 181) [FAIL]
[xUnit.net 00:00:01.05]       TASK_CONSTITUENT_RED Could you kindly uppercase the single quoted character  'µ'?: abstain
[xUnit.net 00:00:01.05]       Stack Trace:
[xUnit.net 00:00:01.05]         /home/marble/AI/CNET-worktrees/herdr-language-20260909/dotnet/CnetControlPlane.Tests/LearningCaseRequestSyntaxTests.cs(30,0): at CnetControlPlane.Tests.LearningCaseRequestSyntaxTests.RequestConstituentsComposeWithoutChangingOriginalInput(String text, String operation, Byte key)
[xUnit.net 00:00:01.05]            at InvokeStub_LearningCaseRequestSyntaxTests.RequestConstituentsComposeWithoutChangingOriginalInput(Object, Span`1)
[xUnit.net 00:00:01.05]            at System.Reflection.MethodBaseInvoker.InvokeWithFewArgs(Object obj, BindingFlags invokeAttr, Binder binder, Object[] parameters, CultureInfo culture)
[xUnit.net 00:00:01.05]     CnetControlPlane.Tests.LearningCaseRequestSyntaxTests.RequestConstituentsComposeWithoutChangingOriginalInput(text: "Could you kindly render 'À' in lowercase!", operation: "lower", key: 192) [FAIL]
[xUnit.net 00:00:01.05]       TASK_CONSTITUENT_RED Could you kindly render 'À' in lowercase!: abstain
[xUnit.net 00:00:01.05]       Stack Trace:
[xUnit.net 00:00:01.05]         /home/marble/AI/CNET-worktrees/herdr-language-20260909/dotnet/CnetControlPlane.Tests/LearningCaseRequestSyntaxTests.cs(30,0): at CnetControlPlane.Tests.LearningCaseRequestSyntaxTests.RequestConstituentsComposeWithoutChangingOriginalInput(String text, String operation, Byte key)
[xUnit.net 00:00:01.05]            at InvokeStub_LearningCaseRequestSyntaxTests.RequestConstituentsComposeWithoutChangingOriginalInput(Object, Span`1)
[xUnit.net 00:00:01.05]            at System.Reflection.MethodBaseInvoker.InvokeWithFewArgs(Object obj, BindingFlags invokeAttr, Binder binder, Object[] parameters, CultureInfo culture)
[xUnit.net 00:00:01.05]     CnetControlPlane.Tests.LearningCaseRequestSyntaxTests.RequestConstituentsComposeWithoutChangingOriginalInput(text: "lowercase the single quoted character  'É'?", operation: "lower", key: 201) [FAIL]
[xUnit.net 00:00:01.05]       TASK_CONSTITUENT_RED lowercase the single quoted character  'É'?: clarify
[xUnit.net 00:00:01.05]       Stack Trace:
[xUnit.net 00:00:01.05]         /home/marble/AI/CNET-worktrees/herdr-language-20260909/dotnet/CnetControlPlane.Tests/LearningCaseRequestSyntaxTests.cs(30,0): at CnetControlPlane.Tests.LearningCaseRequestSyntaxTests.RequestConstituentsComposeWithoutChangingOriginalInput(String text, String operation, Byte key)
[xUnit.net 00:00:01.05]            at InvokeStub_LearningCaseRequestSyntaxTests.RequestConstituentsComposeWithoutChangingOriginalInput(Object, Span`1)
[xUnit.net 00:00:01.05]            at System.Reflection.MethodBaseInvoker.InvokeWithFewArgs(Object obj, BindingFlags invokeAttr, Binder binder, Object[] parameters, CultureInfo culture)
[xUnit.net 00:00:01.05]     CnetControlPlane.Tests.LearningCaseRequestSyntaxTests.RequestConstituentsComposeWithoutChangingOriginalInput(text: "Would you please convert the character 'ö' to uppe"···, operation: "upper", key: 246) [FAIL]
[xUnit.net 00:00:01.05]       TASK_CONSTITUENT_RED Would you please convert the character 'ö' to uppercase!: abstain
[xUnit.net 00:00:01.05]       Stack Trace:
[xUnit.net 00:00:01.05]         /home/marble/AI/CNET-worktrees/herdr-language-20260909/dotnet/CnetControlPlane.Tests/LearningCaseRequestSyntaxTests.cs(30,0): at CnetControlPlane.Tests.LearningCaseRequestSyntaxTests.RequestConstituentsComposeWithoutChangingOriginalInput(String text, String operation, Byte key)
[xUnit.net 00:00:01.05]            at InvokeStub_LearningCaseRequestSyntaxTests.RequestConstituentsComposeWithoutChangingOriginalInput(Object, Span`1)
[xUnit.net 00:00:01.05]            at System.Reflection.MethodBaseInvoker.InvokeWithFewArgs(Object obj, BindingFlags invokeAttr, Binder binder, Object[] parameters, CultureInfo culture)
[xUnit.net 00:00:01.05]     CnetControlPlane.Tests.LearningCaseRequestSyntaxTests.RequestConstituentsComposeWithoutChangingOriginalInput(text: "Please, render the single quoted character 'À' in "···, operation: "lower", key: 192) [FAIL]
[xUnit.net 00:00:01.05]       TASK_CONSTITUENT_RED Please, render the single quoted character 'À' in lowercase.: abstain
[xUnit.net 00:00:01.05]       Stack Trace:
[xUnit.net 00:00:01.05]         /home/marble/AI/CNET-worktrees/herdr-language-20260909/dotnet/CnetControlPlane.Tests/LearningCaseRequestSyntaxTests.cs(30,0): at CnetControlPlane.Tests.LearningCaseRequestSyntaxTests.RequestConstituentsComposeWithoutChangingOriginalInput(String text, String operation, Byte key)
[xUnit.net 00:00:01.05]            at InvokeStub_LearningCaseRequestSyntaxTests.RequestConstituentsComposeWithoutChangingOriginalInput(Object, Span`1)
[xUnit.net 00:00:01.05]            at System.Reflection.MethodBaseInvoker.InvokeWithFewArgs(Object obj, BindingFlags invokeAttr, Binder binder, Object[] parameters, CultureInfo culture)
[xUnit.net 00:00:01.05]     CnetControlPlane.Tests.LearningCaseRequestSyntaxTests.RequestConstituentsComposeWithoutChangingOriginalInput(text: "Please, convert 'ö' to uppercase?", operation: "upper", key: 246) [FAIL]
[xUnit.net 00:00:01.05]       TASK_CONSTITUENT_RED Please, convert 'ö' to uppercase?: abstain
[xUnit.net 00:00:01.05]       Stack Trace:
[xUnit.net 00:00:01.05]         /home/marble/AI/CNET-worktrees/herdr-language-20260909/dotnet/CnetControlPlane.Tests/LearningCaseRequestSyntaxTests.cs(30,0): at CnetControlPlane.Tests.LearningCaseRequestSyntaxTests.RequestConstituentsComposeWithoutChangingOriginalInput(String text, String operation, Byte key)
[xUnit.net 00:00:01.05]            at InvokeStub_LearningCaseRequestSyntaxTests.RequestConstituentsComposeWithoutChangingOriginalInput(Object, Span`1)
[xUnit.net 00:00:01.05]            at System.Reflection.MethodBaseInvoker.InvokeWithFewArgs(Object obj, BindingFlags invokeAttr, Binder binder, Object[] parameters, CultureInfo culture)
[xUnit.net 00:00:01.05]     CnetControlPlane.Tests.LearningCaseRequestSyntaxTests.RequestConstituentsComposeWithoutChangingOriginalInput(text: "write 'ñ' in caps!", operation: "upper", key: 241) [FAIL]
[xUnit.net 00:00:01.05]       TASK_CONSTITUENT_RED write 'ñ' in caps!: abstain
[xUnit.net 00:00:01.05]       Stack Trace:
[xUnit.net 00:00:01.05]         /home/marble/AI/CNET-worktrees/herdr-language-20260909/dotnet/CnetControlPlane.Tests/LearningCaseRequestSyntaxTests.cs(30,0): at CnetControlPlane.Tests.LearningCaseRequestSyntaxTests.RequestConstituentsComposeWithoutChangingOriginalInput(String text, String operation, Byte key)
[xUnit.net 00:00:01.05]            at InvokeStub_LearningCaseRequestSyntaxTests.RequestConstituentsComposeWithoutChangingOriginalInput(Object, Span`1)
[xUnit.net 00:00:01.05]            at System.Reflection.MethodBaseInvoker.InvokeWithFewArgs(Object obj, BindingFlags invokeAttr, Binder binder, Object[] parameters, CultureInfo culture)
  Failed CnetControlPlane.Tests.LearningCaseRequestSyntaxTests.RequestConstituentsComposeWithoutChangingOriginalInput(text: "Could you kindly uppercase the single quoted chara"···, operation: "upper", key: 181) [< 1 ms]
  Error Message:
   TASK_CONSTITUENT_RED Could you kindly uppercase the single quoted character  'µ'?: abstain
  Stack Trace:
     at CnetControlPlane.Tests.LearningCaseRequestSyntaxTests.RequestConstituentsComposeWithoutChangingOriginalInput(String text, String operation, Byte key) in /home/marble/AI/CNET-worktrees/herdr-language-20260909/dotnet/CnetControlPlane.Tests/LearningCaseRequestSyntaxTests.cs:line 30
   at InvokeStub_LearningCaseRequestSyntaxTests.RequestConstituentsComposeWithoutChangingOriginalInput(Object, Span`1)
   at System.Reflection.MethodBaseInvoker.InvokeWithFewArgs(Object obj, BindingFlags invokeAttr, Binder binder, Object[] parameters, CultureInfo culture)
  Failed CnetControlPlane.Tests.LearningCaseRequestSyntaxTests.RequestConstituentsComposeWithoutChangingOriginalInput(text: "Could you kindly render 'À' in lowercase!", operation: "lower", key: 192) [< 1 ms]
  Error Message:
   TASK_CONSTITUENT_RED Could you kindly render 'À' in lowercase!: abstain
  Stack Trace:
     at CnetControlPlane.Tests.LearningCaseRequestSyntaxTests.RequestConstituentsComposeWithoutChangingOriginalInput(String text, String operation, Byte key) in /home/marble/AI/CNET-worktrees/herdr-language-20260909/dotnet/CnetControlPlane.Tests/LearningCaseRequestSyntaxTests.cs:line 30
   at InvokeStub_LearningCaseRequestSyntaxTests.RequestConstituentsComposeWithoutChangingOriginalInput(Object, Span`1)
   at System.Reflection.MethodBaseInvoker.InvokeWithFewArgs(Object obj, BindingFlags invokeAttr, Binder binder, Object[] parameters, CultureInfo culture)
  Failed CnetControlPlane.Tests.LearningCaseRequestSyntaxTests.RequestConstituentsComposeWithoutChangingOriginalInput(text: "lowercase the single quoted character  'É'?", operation: "lower", key: 201) [< 1 ms]
  Error Message:
   TASK_CONSTITUENT_RED lowercase the single quoted character  'É'?: clarify
  Stack Trace:
     at CnetControlPlane.Tests.LearningCaseRequestSyntaxTests.RequestConstituentsComposeWithoutChangingOriginalInput(String text, String operation, Byte key) in /home/marble/AI/CNET-worktrees/herdr-language-20260909/dotnet/CnetControlPlane.Tests/LearningCaseRequestSyntaxTests.cs:line 30
   at InvokeStub_LearningCaseRequestSyntaxTests.RequestConstituentsComposeWithoutChangingOriginalInput(Object, Span`1)
   at System.Reflection.MethodBaseInvoker.InvokeWithFewArgs(Object obj, BindingFlags invokeAttr, Binder binder, Object[] parameters, CultureInfo culture)
  Failed CnetControlPlane.Tests.LearningCaseRequestSyntaxTests.RequestConstituentsComposeWithoutChangingOriginalInput(text: "Would you please convert the character 'ö' to uppe"···, operation: "upper", key: 246) [< 1 ms]
  Error Message:
   TASK_CONSTITUENT_RED Would you please convert the character 'ö' to uppercase!: abstain
  Stack Trace:
     at CnetControlPlane.Tests.LearningCaseRequestSyntaxTests.RequestConstituentsComposeWithoutChangingOriginalInput(String text, String operation, Byte key) in /home/marble/AI/CNET-worktrees/herdr-language-20260909/dotnet/CnetControlPlane.Tests/LearningCaseRequestSyntaxTests.cs:line 30
   at InvokeStub_LearningCaseRequestSyntaxTests.RequestConstituentsComposeWithoutChangingOriginalInput(Object, Span`1)
   at System.Reflection.MethodBaseInvoker.InvokeWithFewArgs(Object obj, BindingFlags invokeAttr, Binder binder, Object[] parameters, CultureInfo culture)
  Passed CnetControlPlane.Tests.LearningCaseRequestSyntaxTests.RequestConstituentsComposeWithoutChangingOriginalInput(text: "render 'À' in lowercase?", operation: "lower", key: 192) [< 1 ms]
  Passed CnetControlPlane.Tests.LearningCaseRequestSyntaxTests.RequestConstituentsComposeWithoutChangingOriginalInput(text: "render the character 'À' in lowercase?", operation: "lower", key: 192) [< 1 ms]
  Failed CnetControlPlane.Tests.LearningCaseRequestSyntaxTests.RequestConstituentsComposeWithoutChangingOriginalInput(text: "Please, render the single quoted character 'À' in "···, operation: "lower", key: 192) [< 1 ms]
  Error Message:
   TASK_CONSTITUENT_RED Please, render the single quoted character 'À' in lowercase.: abstain
  Stack Trace:
     at CnetControlPlane.Tests.LearningCaseRequestSyntaxTests.RequestConstituentsComposeWithoutChangingOriginalInput(String text, String operation, Byte key) in /home/marble/AI/CNET-worktrees/herdr-language-20260909/dotnet/CnetControlPlane.Tests/LearningCaseRequestSyntaxTests.cs:line 30
   at InvokeStub_LearningCaseRequestSyntaxTests.RequestConstituentsComposeWithoutChangingOriginalInput(Object, Span`1)
   at System.Reflection.MethodBaseInvoker.InvokeWithFewArgs(Object obj, BindingFlags invokeAttr, Binder binder, Object[] parameters, CultureInfo culture)
  Failed CnetControlPlane.Tests.LearningCaseRequestSyntaxTests.RequestConstituentsComposeWithoutChangingOriginalInput(text: "Please, convert 'ö' to uppercase?", operation: "upper", key: 246) [< 1 ms]
  Error Message:
   TASK_CONSTITUENT_RED Please, convert 'ö' to uppercase?: abstain
  Stack Trace:
     at CnetControlPlane.Tests.LearningCaseRequestSyntaxTests.RequestConstituentsComposeWithoutChangingOriginalInput(String text, String operation, Byte key) in /home/marble/AI/CNET-worktrees/herdr-language-20260909/dotnet/CnetControlPlane.Tests/LearningCaseRequestSyntaxTests.cs:line 30
   at InvokeStub_LearningCaseRequestSyntaxTests.RequestConstituentsComposeWithoutChangingOriginalInput(Object, Span`1)
   at System.Reflection.MethodBaseInvoker.InvokeWithFewArgs(Object obj, BindingFlags invokeAttr, Binder binder, Object[] parameters, CultureInfo culture)
  Failed CnetControlPlane.Tests.LearningCaseRequestSyntaxTests.RequestConstituentsComposeWithoutChangingOriginalInput(text: "write 'ñ' in caps!", operation: "upper", key: 241) [< 1 ms]
  Error Message:
   TASK_CONSTITUENT_RED write 'ñ' in caps!: abstain
  Stack Trace:
     at CnetControlPlane.Tests.LearningCaseRequestSyntaxTests.RequestConstituentsComposeWithoutChangingOriginalInput(String text, String operation, Byte key) in /home/marble/AI/CNET-worktrees/herdr-language-20260909/dotnet/CnetControlPlane.Tests/LearningCaseRequestSyntaxTests.cs:line 30
   at InvokeStub_LearningCaseRequestSyntaxTests.RequestConstituentsComposeWithoutChangingOriginalInput(Object, Span`1)
   at System.Reflection.MethodBaseInvoker.InvokeWithFewArgs(Object obj, BindingFlags invokeAttr, Binder binder, Object[] parameters, CultureInfo culture)
[xUnit.net 00:00:01.05]     CnetControlPlane.Tests.LearningCaseRequestSyntaxTests.RequestConstituentsComposeWithoutChangingOriginalInput(text: "Please, uppercase the character  'µ'!", operation: "upper", key: 181) [FAIL]
[xUnit.net 00:00:01.05]       TASK_CONSTITUENT_RED Please, uppercase the character  'µ'!: abstain
[xUnit.net 00:00:01.05]       Stack Trace:
[xUnit.net 00:00:01.05]         /home/marble/AI/CNET-worktrees/herdr-language-20260909/dotnet/CnetControlPlane.Tests/LearningCaseRequestSyntaxTests.cs(30,0): at CnetControlPlane.Tests.LearningCaseRequestSyntaxTests.RequestConstituentsComposeWithoutChangingOriginalInput(String text, String operation, Byte key)
[xUnit.net 00:00:01.05]            at InvokeStub_LearningCaseRequestSyntaxTests.RequestConstituentsComposeWithoutChangingOriginalInput(Object, Span`1)
[xUnit.net 00:00:01.05]            at System.Reflection.MethodBaseInvoker.InvokeWithFewArgs(Object obj, BindingFlags invokeAttr, Binder binder, Object[] parameters, CultureInfo culture)
[xUnit.net 00:00:01.05]     CnetControlPlane.Tests.LearningCaseRequestSyntaxTests.RequestConstituentsComposeWithoutChangingOriginalInput(text: "Would you please write 'ñ' in caps.", operation: "upper", key: 241) [FAIL]
[xUnit.net 00:00:01.05]       TASK_CONSTITUENT_RED Would you please write 'ñ' in caps.: abstain
[xUnit.net 00:00:01.05]       Stack Trace:
[xUnit.net 00:00:01.05]         /home/marble/AI/CNET-worktrees/herdr-language-20260909/dotnet/CnetControlPlane.Tests/LearningCaseRequestSyntaxTests.cs(30,0): at CnetControlPlane.Tests.LearningCaseRequestSyntaxTests.RequestConstituentsComposeWithoutChangingOriginalInput(String text, String operation, Byte key)
[xUnit.net 00:00:01.05]            at InvokeStub_LearningCaseRequestSyntaxTests.RequestConstituentsComposeWithoutChangingOriginalInput(Object, Span`1)
[xUnit.net 00:00:01.05]            at System.Reflection.MethodBaseInvoker.InvokeWithFewArgs(Object obj, BindingFlags invokeAttr, Binder binder, Object[] parameters, CultureInfo culture)
[xUnit.net 00:00:01.05]     CnetControlPlane.Tests.LearningCaseRequestSyntaxTests.RequestConstituentsComposeWithoutChangingOriginalInput(text: "Please, write 'ñ' in caps.", operation: "upper", key: 241) [FAIL]
[xUnit.net 00:00:01.05]       TASK_CONSTITUENT_RED Please, write 'ñ' in caps.: abstain
[xUnit.net 00:00:01.05]       Stack Trace:
[xUnit.net 00:00:01.05]         /home/marble/AI/CNET-worktrees/herdr-language-20260909/dotnet/CnetControlPlane.Tests/LearningCaseRequestSyntaxTests.cs(30,0): at CnetControlPlane.Tests.LearningCaseRequestSyntaxTests.RequestConstituentsComposeWithoutChangingOriginalInput(String text, String operation, Byte key)
[xUnit.net 00:00:01.05]            at InvokeStub_LearningCaseRequestSyntaxTests.RequestConstituentsComposeWithoutChangingOriginalInput(Object, Span`1)
[xUnit.net 00:00:01.05]            at System.Reflection.MethodBaseInvoker.InvokeWithFewArgs(Object obj, BindingFlags invokeAttr, Binder binder, Object[] parameters, CultureInfo culture)
[xUnit.net 00:00:01.05]     CnetControlPlane.Tests.LearningCaseRequestSyntaxTests.RequestConstituentsComposeWithoutChangingOriginalInput(text: "Please, lowercase  'É'?", operation: "lower", key: 201) [FAIL]
[xUnit.net 00:00:01.05]       TASK_CONSTITUENT_RED Please, lowercase  'É'?: abstain
[xUnit.net 00:00:01.05]       Stack Trace:
[xUnit.net 00:00:01.05]         /home/marble/AI/CNET-worktrees/herdr-language-20260909/dotnet/CnetControlPlane.Tests/LearningCaseRequestSyntaxTests.cs(30,0): at CnetControlPlane.Tests.LearningCaseRequestSyntaxTests.RequestConstituentsComposeWithoutChangingOriginalInput(String text, String operation, Byte key)
[xUnit.net 00:00:01.05]            at InvokeStub_LearningCaseRequestSyntaxTests.RequestConstituentsComposeWithoutChangingOriginalInput(Object, Span`1)
[xUnit.net 00:00:01.05]            at System.Reflection.MethodBaseInvoker.InvokeWithFewArgs(Object obj, BindingFlags invokeAttr, Binder binder, Object[] parameters, CultureInfo culture)
[xUnit.net 00:00:01.05]     CnetControlPlane.Tests.LearningCaseRequestSyntaxTests.RequestConstituentsComposeWithoutChangingOriginalInput(text: "Could you kindly write the character 'ñ' in caps?", operation: "upper", key: 241) [FAIL]
[xUnit.net 00:00:01.05]       TASK_CONSTITUENT_RED Could you kindly write the character 'ñ' in caps?: abstain
[xUnit.net 00:00:01.05]       Stack Trace:
[xUnit.net 00:00:01.05]         /home/marble/AI/CNET-worktrees/herdr-language-20260909/dotnet/CnetControlPlane.Tests/LearningCaseRequestSyntaxTests.cs(30,0): at CnetControlPlane.Tests.LearningCaseRequestSyntaxTests.RequestConstituentsComposeWithoutChangingOriginalInput(String text, String operation, Byte key)
[xUnit.net 00:00:01.05]            at InvokeStub_LearningCaseRequestSyntaxTests.RequestConstituentsComposeWithoutChangingOriginalInput(Object, Span`1)
[xUnit.net 00:00:01.05]            at System.Reflection.MethodBaseInvoker.InvokeWithFewArgs(Object obj, BindingFlags invokeAttr, Binder binder, Object[] parameters, CultureInfo culture)
[xUnit.net 00:00:01.05]     CnetControlPlane.Tests.LearningCaseRequestSyntaxTests.RequestConstituentsComposeWithoutChangingOriginalInput(text: "Please, lowercase the single quoted character  'É'"···, operation: "lower", key: 201) [FAIL]
[xUnit.net 00:00:01.05]       TASK_CONSTITUENT_RED Please, lowercase the single quoted character  'É'!: abstain
[xUnit.net 00:00:01.05]       Stack Trace:
[xUnit.net 00:00:01.05]         /home/marble/AI/CNET-worktrees/herdr-language-20260909/dotnet/CnetControlPlane.Tests/LearningCaseRequestSyntaxTests.cs(30,0): at CnetControlPlane.Tests.LearningCaseRequestSyntaxTests.RequestConstituentsComposeWithoutChangingOriginalInput(String text, String operation, Byte key)
[xUnit.net 00:00:01.05]            at InvokeStub_LearningCaseRequestSyntaxTests.RequestConstituentsComposeWithoutChangingOriginalInput(Object, Span`1)
[xUnit.net 00:00:01.05]            at System.Reflection.MethodBaseInvoker.InvokeWithFewArgs(Object obj, BindingFlags invokeAttr, Binder binder, Object[] parameters, CultureInfo culture)
[xUnit.net 00:00:01.05]     CnetControlPlane.Tests.LearningCaseRequestSyntaxTests.RequestConstituentsComposeWithoutChangingOriginalInput(text: "Could you kindly convert 'ö' to uppercase!", operation: "upper", key: 246) [FAIL]
[xUnit.net 00:00:01.05]       TASK_CONSTITUENT_RED Could you kindly convert 'ö' to uppercase!: abstain
[xUnit.net 00:00:01.05]       Stack Trace:
[xUnit.net 00:00:01.05]         /home/marble/AI/CNET-worktrees/herdr-language-20260909/dotnet/CnetControlPlane.Tests/LearningCaseRequestSyntaxTests.cs(30,0): at CnetControlPlane.Tests.LearningCaseRequestSyntaxTests.RequestConstituentsComposeWithoutChangingOriginalInput(String text, String operation, Byte key)
[xUnit.net 00:00:01.05]            at InvokeStub_LearningCaseRequestSyntaxTests.RequestConstituentsComposeWithoutChangingOriginalInput(Object, Span`1)
[xUnit.net 00:00:01.05]            at System.Reflection.MethodBaseInvoker.InvokeWithFewArgs(Object obj, BindingFlags invokeAttr, Binder binder, Object[] parameters, CultureInfo culture)
[xUnit.net 00:00:01.05]     CnetControlPlane.Tests.LearningCaseRequestSyntaxTests.RequestConstituentsComposeWithoutChangingOriginalInput(text: "Would you please lowercase the single quoted chara"···, operation: "lower", key: 201) [FAIL]
[xUnit.net 00:00:01.05]       TASK_CONSTITUENT_RED Would you please lowercase the single quoted character  'É'?: clarify
[xUnit.net 00:00:01.05]       Stack Trace:
[xUnit.net 00:00:01.05]         /home/marble/AI/CNET-worktrees/herdr-language-20260909/dotnet/CnetControlPlane.Tests/LearningCaseRequestSyntaxTests.cs(30,0): at CnetControlPlane.Tests.LearningCaseRequestSyntaxTests.RequestConstituentsComposeWithoutChangingOriginalInput(String text, String operation, Byte key)
[xUnit.net 00:00:01.05]            at InvokeStub_LearningCaseRequestSyntaxTests.RequestConstituentsComposeWithoutChangingOriginalInput(Object, Span`1)
[xUnit.net 00:00:01.05]            at System.Reflection.MethodBaseInvoker.InvokeWithFewArgs(Object obj, BindingFlags invokeAttr, Binder binder, Object[] parameters, CultureInfo culture)
[xUnit.net 00:00:01.05]     CnetControlPlane.Tests.LearningCaseRequestSyntaxTests.RequestConstituentsComposeWithoutChangingOriginalInput(text: "uppercase the character  'µ'!", operation: "upper", key: 181) [FAIL]
[xUnit.net 00:00:01.05]       TASK_CONSTITUENT_RED uppercase the character  'µ'!: clarify
[xUnit.net 00:00:01.05]       Stack Trace:
[xUnit.net 00:00:01.05]         /home/marble/AI/CNET-worktrees/herdr-language-20260909/dotnet/CnetControlPlane.Tests/LearningCaseRequestSyntaxTests.cs(30,0): at CnetControlPlane.Tests.LearningCaseRequestSyntaxTests.RequestConstituentsComposeWithoutChangingOriginalInput(String text, String operation, Byte key)
[xUnit.net 00:00:01.05]            at InvokeStub_LearningCaseRequestSyntaxTests.RequestConstituentsComposeWithoutChangingOriginalInput(Object, Span`1)
[xUnit.net 00:00:01.05]            at System.Reflection.MethodBaseInvoker.InvokeWithFewArgs(Object obj, BindingFlags invokeAttr, Binder binder, Object[] parameters, CultureInfo culture)
  Failed CnetControlPlane.Tests.LearningCaseRequestSyntaxTests.RequestConstituentsComposeWithoutChangingOriginalInput(text: "Please, uppercase the character  'µ'!", operation: "upper", key: 181) [< 1 ms]
  Error Message:
   TASK_CONSTITUENT_RED Please, uppercase the character  'µ'!: abstain
  Stack Trace:
     at CnetControlPlane.Tests.LearningCaseRequestSyntaxTests.RequestConstituentsComposeWithoutChangingOriginalInput(String text, String operation, Byte key) in /home/marble/AI/CNET-worktrees/herdr-language-20260909/dotnet/CnetControlPlane.Tests/LearningCaseRequestSyntaxTests.cs:line 30
   at InvokeStub_LearningCaseRequestSyntaxTests.RequestConstituentsComposeWithoutChangingOriginalInput(Object, Span`1)
   at System.Reflection.MethodBaseInvoker.InvokeWithFewArgs(Object obj, BindingFlags invokeAttr, Binder binder, Object[] parameters, CultureInfo culture)
  Failed CnetControlPlane.Tests.LearningCaseRequestSyntaxTests.RequestConstituentsComposeWithoutChangingOriginalInput(text: "Would you please write 'ñ' in caps.", operation: "upper", key: 241) [< 1 ms]
  Error Message:
   TASK_CONSTITUENT_RED Would you please write 'ñ' in caps.: abstain
  Stack Trace:
     at CnetControlPlane.Tests.LearningCaseRequestSyntaxTests.RequestConstituentsComposeWithoutChangingOriginalInput(String text, String operation, Byte key) in /home/marble/AI/CNET-worktrees/herdr-language-20260909/dotnet/CnetControlPlane.Tests/LearningCaseRequestSyntaxTests.cs:line 30
   at InvokeStub_LearningCaseRequestSyntaxTests.RequestConstituentsComposeWithoutChangingOriginalInput(Object, Span`1)
   at System.Reflection.MethodBaseInvoker.InvokeWithFewArgs(Object obj, BindingFlags invokeAttr, Binder binder, Object[] parameters, CultureInfo culture)
  Failed CnetControlPlane.Tests.LearningCaseRequestSyntaxTests.RequestConstituentsComposeWithoutChangingOriginalInput(text: "Please, write 'ñ' in caps.", operation: "upper", key: 241) [< 1 ms]
  Error Message:
   TASK_CONSTITUENT_RED Please, write 'ñ' in caps.: abstain
  Stack Trace:
     at CnetControlPlane.Tests.LearningCaseRequestSyntaxTests.RequestConstituentsComposeWithoutChangingOriginalInput(String text, String operation, Byte key) in /home/marble/AI/CNET-worktrees/herdr-language-20260909/dotnet/CnetControlPlane.Tests/LearningCaseRequestSyntaxTests.cs:line 30
   at InvokeStub_LearningCaseRequestSyntaxTests.RequestConstituentsComposeWithoutChangingOriginalInput(Object, Span`1)
   at System.Reflection.MethodBaseInvoker.InvokeWithFewArgs(Object obj, BindingFlags invokeAttr, Binder binder, Object[] parameters, CultureInfo culture)
  Failed CnetControlPlane.Tests.LearningCaseRequestSyntaxTests.RequestConstituentsComposeWithoutChangingOriginalInput(text: "Please, lowercase  'É'?", operation: "lower", key: 201) [< 1 ms]
  Error Message:
   TASK_CONSTITUENT_RED Please, lowercase  'É'?: abstain
  Stack Trace:
     at CnetControlPlane.Tests.LearningCaseRequestSyntaxTests.RequestConstituentsComposeWithoutChangingOriginalInput(String text, String operation, Byte key) in /home/marble/AI/CNET-worktrees/herdr-language-20260909/dotnet/CnetControlPlane.Tests/LearningCaseRequestSyntaxTests.cs:line 30
   at InvokeStub_LearningCaseRequestSyntaxTests.RequestConstituentsComposeWithoutChangingOriginalInput(Object, Span`1)
   at System.Reflection.MethodBaseInvoker.InvokeWithFewArgs(Object obj, BindingFlags invokeAttr, Binder binder, Object[] parameters, CultureInfo culture)
  Failed CnetControlPlane.Tests.LearningCaseRequestSyntaxTests.RequestConstituentsComposeWithoutChangingOriginalInput(text: "Could you kindly write the character 'ñ' in caps?", operation: "upper", key: 241) [< 1 ms]
  Error Message:
   TASK_CONSTITUENT_RED Could you kindly write the character 'ñ' in caps?: abstain
  Stack Trace:
     at CnetControlPlane.Tests.LearningCaseRequestSyntaxTests.RequestConstituentsComposeWithoutChangingOriginalInput(String text, String operation, Byte key) in /home/marble/AI/CNET-worktrees/herdr-language-20260909/dotnet/CnetControlPlane.Tests/LearningCaseRequestSyntaxTests.cs:line 30
   at InvokeStub_LearningCaseRequestSyntaxTests.RequestConstituentsComposeWithoutChangingOriginalInput(Object, Span`1)
   at System.Reflection.MethodBaseInvoker.InvokeWithFewArgs(Object obj, BindingFlags invokeAttr, Binder binder, Object[] parameters, CultureInfo culture)
  Failed CnetControlPlane.Tests.LearningCaseRequestSyntaxTests.RequestConstituentsComposeWithoutChangingOriginalInput(text: "Please, lowercase the single quoted character  'É'"···, operation: "lower", key: 201) [< 1 ms]
  Error Message:
   TASK_CONSTITUENT_RED Please, lowercase the single quoted character  'É'!: abstain
  Stack Trace:
     at CnetControlPlane.Tests.LearningCaseRequestSyntaxTests.RequestConstituentsComposeWithoutChangingOriginalInput(String text, String operation, Byte key) in /home/marble/AI/CNET-worktrees/herdr-language-20260909/dotnet/CnetControlPlane.Tests/LearningCaseRequestSyntaxTests.cs:line 30
   at InvokeStub_LearningCaseRequestSyntaxTests.RequestConstituentsComposeWithoutChangingOriginalInput(Object, Span`1)
   at System.Reflection.MethodBaseInvoker.InvokeWithFewArgs(Object obj, BindingFlags invokeAttr, Binder binder, Object[] parameters, CultureInfo culture)
  Failed CnetControlPlane.Tests.LearningCaseRequestSyntaxTests.RequestConstituentsComposeWithoutChangingOriginalInput(text: "Could you kindly convert 'ö' to uppercase!", operation: "upper", key: 246) [< 1 ms]
  Error Message:
   TASK_CONSTITUENT_RED Could you kindly convert 'ö' to uppercase!: abstain
  Stack Trace:
     at CnetControlPlane.Tests.LearningCaseRequestSyntaxTests.RequestConstituentsComposeWithoutChangingOriginalInput(String text, String operation, Byte key) in /home/marble/AI/CNET-worktrees/herdr-language-20260909/dotnet/CnetControlPlane.Tests/LearningCaseRequestSyntaxTests.cs:line 30
   at InvokeStub_LearningCaseRequestSyntaxTests.RequestConstituentsComposeWithoutChangingOriginalInput(Object, Span`1)
   at System.Reflection.MethodBaseInvoker.InvokeWithFewArgs(Object obj, BindingFlags invokeAttr, Binder binder, Object[] parameters, CultureInfo culture)
  Failed CnetControlPlane.Tests.LearningCaseRequestSyntaxTests.RequestConstituentsComposeWithoutChangingOriginalInput(text: "Would you please lowercase the single quoted chara"···, operation: "lower", key: 201) [< 1 ms]
  Error Message:
   TASK_CONSTITUENT_RED Would you please lowercase the single quoted character  'É'?: clarify
  Stack Trace:
     at CnetControlPlane.Tests.LearningCaseRequestSyntaxTests.RequestConstituentsComposeWithoutChangingOriginalInput(String text, String operation, Byte key) in /home/marble/AI/CNET-worktrees/herdr-language-20260909/dotnet/CnetControlPlane.Tests/LearningCaseRequestSyntaxTests.cs:line 30
   at InvokeStub_LearningCaseRequestSyntaxTests.RequestConstituentsComposeWithoutChangingOriginalInput(Object, Span`1)
   at System.Reflection.MethodBaseInvoker.InvokeWithFewArgs(Object obj, BindingFlags invokeAttr, Binder binder, Object[] parameters, CultureInfo culture)
  Failed CnetControlPlane.Tests.LearningCaseRequestSyntaxTests.RequestConstituentsComposeWithoutChangingOriginalInput(text: "uppercase the character  'µ'!", operation: "upper", key: 181) [< 1 ms]
  Error Message:
   TASK_CONSTITUENT_RED uppercase the character  'µ'!: clarify
  Stack Trace:
     at CnetControlPlane.Tests.LearningCaseRequestSyntaxTests.RequestConstituentsComposeWithoutChangingOriginalInput(String text, String operation, Byte key) in /home/marble/AI/CNET-worktrees/herdr-language-20260909/dotnet/CnetControlPlane.Tests/LearningCaseRequestSyntaxTests.cs:line 30
   at InvokeStub_LearningCaseRequestSyntaxTests.RequestConstituentsComposeWithoutChangingOriginalInput(Object, Span`1)
   at System.Reflection.MethodBaseInvoker.InvokeWithFewArgs(Object obj, BindingFlags invokeAttr, Binder binder, Object[] parameters, CultureInfo culture)
[xUnit.net 00:00:01.05]     CnetControlPlane.Tests.LearningCaseRequestSyntaxTests.RequestConstituentsComposeWithoutChangingOriginalInput(text: "uppercase  'µ'!", operation: "upper", key: 181) [FAIL]
[xUnit.net 00:00:01.05]       TASK_CONSTITUENT_RED uppercase  'µ'!: abstain
[xUnit.net 00:00:01.05]       Stack Trace:
[xUnit.net 00:00:01.05]         /home/marble/AI/CNET-worktrees/herdr-language-20260909/dotnet/CnetControlPlane.Tests/LearningCaseRequestSyntaxTests.cs(30,0): at CnetControlPlane.Tests.LearningCaseRequestSyntaxTests.RequestConstituentsComposeWithoutChangingOriginalInput(String text, String operation, Byte key)
[xUnit.net 00:00:01.05]            at InvokeStub_LearningCaseRequestSyntaxTests.RequestConstituentsComposeWithoutChangingOriginalInput(Object, Span`1)
[xUnit.net 00:00:01.05]            at System.Reflection.MethodBaseInvoker.InvokeWithFewArgs(Object obj, BindingFlags invokeAttr, Binder binder, Object[] parameters, CultureInfo culture)
[xUnit.net 00:00:01.05]     CnetControlPlane.Tests.LearningCaseRequestSyntaxTests.RequestConstituentsComposeWithoutChangingOriginalInput(text: "write the single quoted character 'ñ' in caps.", operation: "upper", key: 241) [FAIL]
[xUnit.net 00:00:01.05]       TASK_CONSTITUENT_RED write the single quoted character 'ñ' in caps.: abstain
[xUnit.net 00:00:01.05]       Stack Trace:
[xUnit.net 00:00:01.05]         /home/marble/AI/CNET-worktrees/herdr-language-20260909/dotnet/CnetControlPlane.Tests/LearningCaseRequestSyntaxTests.cs(30,0): at CnetControlPlane.Tests.LearningCaseRequestSyntaxTests.RequestConstituentsComposeWithoutChangingOriginalInput(String text, String operation, Byte key)
[xUnit.net 00:00:01.05]            at InvokeStub_LearningCaseRequestSyntaxTests.RequestConstituentsComposeWithoutChangingOriginalInput(Object, Span`1)
[xUnit.net 00:00:01.05]            at System.Reflection.MethodBaseInvoker.InvokeWithFewArgs(Object obj, BindingFlags invokeAttr, Binder binder, Object[] parameters, CultureInfo culture)
[xUnit.net 00:00:01.05]     CnetControlPlane.Tests.LearningCaseRequestSyntaxTests.RequestConstituentsComposeWithoutChangingOriginalInput(text: "Please, render the single quoted character 'À' in "···, operation: "lower", key: 192) [FAIL]
[xUnit.net 00:00:01.05]       TASK_CONSTITUENT_RED Please, render the single quoted character 'À' in lowercase!: abstain
[xUnit.net 00:00:01.05]       Stack Trace:
[xUnit.net 00:00:01.05]         /home/marble/AI/CNET-worktrees/herdr-language-20260909/dotnet/CnetControlPlane.Tests/LearningCaseRequestSyntaxTests.cs(30,0): at CnetControlPlane.Tests.LearningCaseRequestSyntaxTests.RequestConstituentsComposeWithoutChangingOriginalInput(String text, String operation, Byte key)
[xUnit.net 00:00:01.05]            at InvokeStub_LearningCaseRequestSyntaxTests.RequestConstituentsComposeWithoutChangingOriginalInput(Object, Span`1)
[xUnit.net 00:00:01.05]            at System.Reflection.MethodBaseInvoker.InvokeWithFewArgs(Object obj, BindingFlags invokeAttr, Binder binder, Object[] parameters, CultureInfo culture)
[xUnit.net 00:00:01.05]     CnetControlPlane.Tests.LearningCaseRequestSyntaxTests.RequestConstituentsComposeWithoutChangingOriginalInput(text: "Could you kindly lowercase  'É'?", operation: "lower", key: 201) [FAIL]
[xUnit.net 00:00:01.05]       TASK_CONSTITUENT_RED Could you kindly lowercase  'É'?: abstain
[xUnit.net 00:00:01.05]       Stack Trace:
[xUnit.net 00:00:01.05]         /home/marble/AI/CNET-worktrees/herdr-language-20260909/dotnet/CnetControlPlane.Tests/LearningCaseRequestSyntaxTests.cs(30,0): at CnetControlPlane.Tests.LearningCaseRequestSyntaxTests.RequestConstituentsComposeWithoutChangingOriginalInput(String text, String operation, Byte key)
[xUnit.net 00:00:01.05]            at InvokeStub_LearningCaseRequestSyntaxTests.RequestConstituentsComposeWithoutChangingOriginalInput(Object, Span`1)
[xUnit.net 00:00:01.05]            at System.Reflection.MethodBaseInvoker.InvokeWithFewArgs(Object obj, BindingFlags invokeAttr, Binder binder, Object[] parameters, CultureInfo culture)
[xUnit.net 00:00:01.05]     CnetControlPlane.Tests.LearningCaseRequestSyntaxTests.RequestConstituentsComposeWithoutChangingOriginalInput(text: "Would you please write the single quoted character"···, operation: "upper", key: 241) [FAIL]
[xUnit.net 00:00:01.05]       TASK_CONSTITUENT_RED Would you please write the single quoted character 'ñ' in caps!: abstain
[xUnit.net 00:00:01.05]       Stack Trace:
[xUnit.net 00:00:01.05]         /home/marble/AI/CNET-worktrees/herdr-language-20260909/dotnet/CnetControlPlane.Tests/LearningCaseRequestSyntaxTests.cs(30,0): at CnetControlPlane.Tests.LearningCaseRequestSyntaxTests.RequestConstituentsComposeWithoutChangingOriginalInput(String text, String operation, Byte key)
[xUnit.net 00:00:01.05]            at InvokeStub_LearningCaseRequestSyntaxTests.RequestConstituentsComposeWithoutChangingOriginalInput(Object, Span`1)
[xUnit.net 00:00:01.05]            at System.Reflection.MethodBaseInvoker.InvokeWithFewArgs(Object obj, BindingFlags invokeAttr, Binder binder, Object[] parameters, CultureInfo culture)
[xUnit.net 00:00:01.05]     CnetControlPlane.Tests.LearningCaseRequestSyntaxTests.RequestConstituentsComposeWithoutChangingOriginalInput(text: "Please, write the single quoted character 'ñ' in c"···, operation: "upper", key: 241) [FAIL]
[xUnit.net 00:00:01.05]       TASK_CONSTITUENT_RED Please, write the single quoted character 'ñ' in caps.: abstain
[xUnit.net 00:00:01.05]       Stack Trace:
[xUnit.net 00:00:01.05]         /home/marble/AI/CNET-worktrees/herdr-language-20260909/dotnet/CnetControlPlane.Tests/LearningCaseRequestSyntaxTests.cs(30,0): at CnetControlPlane.Tests.LearningCaseRequestSyntaxTests.RequestConstituentsComposeWithoutChangingOriginalInput(String text, String operation, Byte key)
[xUnit.net 00:00:01.05]            at InvokeStub_LearningCaseRequestSyntaxTests.RequestConstituentsComposeWithoutChangingOriginalInput(Object, Span`1)
[xUnit.net 00:00:01.05]            at System.Reflection.MethodBaseInvoker.InvokeWithFewArgs(Object obj, BindingFlags invokeAttr, Binder binder, Object[] parameters, CultureInfo culture)
[xUnit.net 00:00:01.05]     CnetControlPlane.Tests.LearningCaseRequestSyntaxTests.RequestConstituentsComposeWithoutChangingOriginalInput(text: "Could you kindly convert the character 'ö' to uppe"···, operation: "upper", key: 246) [FAIL]
[xUnit.net 00:00:01.05]       TASK_CONSTITUENT_RED Could you kindly convert the character 'ö' to uppercase!: abstain
[xUnit.net 00:00:01.05]       Stack Trace:
[xUnit.net 00:00:01.05]         /home/marble/AI/CNET-worktrees/herdr-language-20260909/dotnet/CnetControlPlane.Tests/LearningCaseRequestSyntaxTests.cs(30,0): at CnetControlPlane.Tests.LearningCaseRequestSyntaxTests.RequestConstituentsComposeWithoutChangingOriginalInput(String text, String operation, Byte key)
[xUnit.net 00:00:01.05]            at InvokeStub_LearningCaseRequestSyntaxTests.RequestConstituentsComposeWithoutChangingOriginalInput(Object, Span`1)
[xUnit.net 00:00:01.05]            at System.Reflection.MethodBaseInvoker.InvokeWithFewArgs(Object obj, BindingFlags invokeAttr, Binder binder, Object[] parameters, CultureInfo culture)
[xUnit.net 00:00:01.05]     CnetControlPlane.Tests.LearningCaseRequestSyntaxTests.RequestConstituentsComposeWithoutChangingOriginalInput(text: "Please, write the character 'ñ' in caps!", operation: "upper", key: 241) [FAIL]
[xUnit.net 00:00:01.05]       TASK_CONSTITUENT_RED Please, write the character 'ñ' in caps!: abstain
[xUnit.net 00:00:01.05]       Stack Trace:
[xUnit.net 00:00:01.05]         /home/marble/AI/CNET-worktrees/herdr-language-20260909/dotnet/CnetControlPlane.Tests/LearningCaseRequestSyntaxTests.cs(30,0): at CnetControlPlane.Tests.LearningCaseRequestSyntaxTests.RequestConstituentsComposeWithoutChangingOriginalInput(String text, String operation, Byte key)
[xUnit.net 00:00:01.05]            at InvokeStub_LearningCaseRequestSyntaxTests.RequestConstituentsComposeWithoutChangingOriginalInput(Object, Span`1)
[xUnit.net 00:00:01.05]            at System.Reflection.MethodBaseInvoker.InvokeWithFewArgs(Object obj, BindingFlags invokeAttr, Binder binder, Object[] parameters, CultureInfo culture)
  Passed CnetControlPlane.Tests.LearningCaseRequestSyntaxTests.RequestConstituentsComposeWithoutChangingOriginalInput(text: "Would you please render the character 'À' in lower"···, operation: "lower", key: 192) [< 1 ms]
  Failed CnetControlPlane.Tests.LearningCaseRequestSyntaxTests.RequestConstituentsComposeWithoutChangingOriginalInput(text: "uppercase  'µ'!", operation: "upper", key: 181) [< 1 ms]
  Error Message:
   TASK_CONSTITUENT_RED uppercase  'µ'!: abstain
  Stack Trace:
     at CnetControlPlane.Tests.LearningCaseRequestSyntaxTests.RequestConstituentsComposeWithoutChangingOriginalInput(String text, String operation, Byte key) in /home/marble/AI/CNET-worktrees/herdr-language-20260909/dotnet/CnetControlPlane.Tests/LearningCaseRequestSyntaxTests.cs:line 30
   at InvokeStub_LearningCaseRequestSyntaxTests.RequestConstituentsComposeWithoutChangingOriginalInput(Object, Span`1)
   at System.Reflection.MethodBaseInvoker.InvokeWithFewArgs(Object obj, BindingFlags invokeAttr, Binder binder, Object[] parameters, CultureInfo culture)
  Failed CnetControlPlane.Tests.LearningCaseRequestSyntaxTests.RequestConstituentsComposeWithoutChangingOriginalInput(text: "write the single quoted character 'ñ' in caps.", operation: "upper", key: 241) [< 1 ms]
  Error Message:
   TASK_CONSTITUENT_RED write the single quoted character 'ñ' in caps.: abstain
  Stack Trace:
     at CnetControlPlane.Tests.LearningCaseRequestSyntaxTests.RequestConstituentsComposeWithoutChangingOriginalInput(String text, String operation, Byte key) in /home/marble/AI/CNET-worktrees/herdr-language-20260909/dotnet/CnetControlPlane.Tests/LearningCaseRequestSyntaxTests.cs:line 30
   at InvokeStub_LearningCaseRequestSyntaxTests.RequestConstituentsComposeWithoutChangingOriginalInput(Object, Span`1)
   at System.Reflection.MethodBaseInvoker.InvokeWithFewArgs(Object obj, BindingFlags invokeAttr, Binder binder, Object[] parameters, CultureInfo culture)
  Failed CnetControlPlane.Tests.LearningCaseRequestSyntaxTests.RequestConstituentsComposeWithoutChangingOriginalInput(text: "Please, render the single quoted character 'À' in "···, operation: "lower", key: 192) [< 1 ms]
  Error Message:
   TASK_CONSTITUENT_RED Please, render the single quoted character 'À' in lowercase!: abstain
  Stack Trace:
     at CnetControlPlane.Tests.LearningCaseRequestSyntaxTests.RequestConstituentsComposeWithoutChangingOriginalInput(String text, String operation, Byte key) in /home/marble/AI/CNET-worktrees/herdr-language-20260909/dotnet/CnetControlPlane.Tests/LearningCaseRequestSyntaxTests.cs:line 30
   at InvokeStub_LearningCaseRequestSyntaxTests.RequestConstituentsComposeWithoutChangingOriginalInput(Object, Span`1)
   at System.Reflection.MethodBaseInvoker.InvokeWithFewArgs(Object obj, BindingFlags invokeAttr, Binder binder, Object[] parameters, CultureInfo culture)
  Failed CnetControlPlane.Tests.LearningCaseRequestSyntaxTests.RequestConstituentsComposeWithoutChangingOriginalInput(text: "Could you kindly lowercase  'É'?", operation: "lower", key: 201) [< 1 ms]
  Error Message:
   TASK_CONSTITUENT_RED Could you kindly lowercase  'É'?: abstain
  Stack Trace:
     at CnetControlPlane.Tests.LearningCaseRequestSyntaxTests.RequestConstituentsComposeWithoutChangingOriginalInput(String text, String operation, Byte key) in /home/marble/AI/CNET-worktrees/herdr-language-20260909/dotnet/CnetControlPlane.Tests/LearningCaseRequestSyntaxTests.cs:line 30
   at InvokeStub_LearningCaseRequestSyntaxTests.RequestConstituentsComposeWithoutChangingOriginalInput(Object, Span`1)
   at System.Reflection.MethodBaseInvoker.InvokeWithFewArgs(Object obj, BindingFlags invokeAttr, Binder binder, Object[] parameters, CultureInfo culture)
  Failed CnetControlPlane.Tests.LearningCaseRequestSyntaxTests.RequestConstituentsComposeWithoutChangingOriginalInput(text: "Would you please write the single quoted character"···, operation: "upper", key: 241) [< 1 ms]
  Error Message:
   TASK_CONSTITUENT_RED Would you please write the single quoted character 'ñ' in caps!: abstain
  Stack Trace:
     at CnetControlPlane.Tests.LearningCaseRequestSyntaxTests.RequestConstituentsComposeWithoutChangingOriginalInput(String text, String operation, Byte key) in /home/marble/AI/CNET-worktrees/herdr-language-20260909/dotnet/CnetControlPlane.Tests/LearningCaseRequestSyntaxTests.cs:line 30
   at InvokeStub_LearningCaseRequestSyntaxTests.RequestConstituentsComposeWithoutChangingOriginalInput(Object, Span`1)
   at System.Reflection.MethodBaseInvoker.InvokeWithFewArgs(Object obj, BindingFlags invokeAttr, Binder binder, Object[] parameters, CultureInfo culture)
  Failed CnetControlPlane.Tests.LearningCaseRequestSyntaxTests.RequestConstituentsComposeWithoutChangingOriginalInput(text: "Please, write the single quoted character 'ñ' in c"···, operation: "upper", key: 241) [< 1 ms]
  Error Message:
   TASK_CONSTITUENT_RED Please, write the single quoted character 'ñ' in caps.: abstain
  Stack Trace:
     at CnetControlPlane.Tests.LearningCaseRequestSyntaxTests.RequestConstituentsComposeWithoutChangingOriginalInput(String text, String operation, Byte key) in /home/marble/AI/CNET-worktrees/herdr-language-20260909/dotnet/CnetControlPlane.Tests/LearningCaseRequestSyntaxTests.cs:line 30
   at InvokeStub_LearningCaseRequestSyntaxTests.RequestConstituentsComposeWithoutChangingOriginalInput(Object, Span`1)
   at System.Reflection.MethodBaseInvoker.InvokeWithFewArgs(Object obj, BindingFlags invokeAttr, Binder binder, Object[] parameters, CultureInfo culture)
  Failed CnetControlPlane.Tests.LearningCaseRequestSyntaxTests.RequestConstituentsComposeWithoutChangingOriginalInput(text: "Could you kindly convert the character 'ö' to uppe"···, operation: "upper", key: 246) [< 1 ms]
  Error Message:
   TASK_CONSTITUENT_RED Could you kindly convert the character 'ö' to uppercase!: abstain
  Stack Trace:
     at CnetControlPlane.Tests.LearningCaseRequestSyntaxTests.RequestConstituentsComposeWithoutChangingOriginalInput(String text, String operation, Byte key) in /home/marble/AI/CNET-worktrees/herdr-language-20260909/dotnet/CnetControlPlane.Tests/LearningCaseRequestSyntaxTests.cs:line 30
   at InvokeStub_LearningCaseRequestSyntaxTests.RequestConstituentsComposeWithoutChangingOriginalInput(Object, Span`1)
   at System.Reflection.MethodBaseInvoker.InvokeWithFewArgs(Object obj, BindingFlags invokeAttr, Binder binder, Object[] parameters, CultureInfo culture)
  Failed CnetControlPlane.Tests.LearningCaseRequestSyntaxTests.RequestConstituentsComposeWithoutChangingOriginalInput(text: "Please, write the character 'ñ' in caps!", operation: "upper", key: 241) [< 1 ms]
  Error Message:
   TASK_CONSTITUENT_RED Please, write the character 'ñ' in caps!: abstain
  Stack Trace:
     at CnetControlPlane.Tests.LearningCaseRequestSyntaxTests.RequestConstituentsComposeWithoutChangingOriginalInput(String text, String operation, Byte key) in /home/marble/AI/CNET-worktrees/herdr-language-20260909/dotnet/CnetControlPlane.Tests/LearningCaseRequestSyntaxTests.cs:line 30
   at InvokeStub_LearningCaseRequestSyntaxTests.RequestConstituentsComposeWithoutChangingOriginalInput(Object, Span`1)
   at System.Reflection.MethodBaseInvoker.InvokeWithFewArgs(Object obj, BindingFlags invokeAttr, Binder binder, Object[] parameters, CultureInfo culture)
[xUnit.net 00:00:01.05]     CnetControlPlane.Tests.LearningCaseRequestSyntaxTests.RequestConstituentsComposeWithoutChangingOriginalInput(text: "Could you kindly write 'ñ' in caps.", operation: "upper", key: 241) [FAIL]
[xUnit.net 00:00:01.05]       TASK_CONSTITUENT_RED Could you kindly write 'ñ' in caps.: abstain
[xUnit.net 00:00:01.05]       Stack Trace:
[xUnit.net 00:00:01.05]         /home/marble/AI/CNET-worktrees/herdr-language-20260909/dotnet/CnetControlPlane.Tests/LearningCaseRequestSyntaxTests.cs(30,0): at CnetControlPlane.Tests.LearningCaseRequestSyntaxTests.RequestConstituentsComposeWithoutChangingOriginalInput(String text, String operation, Byte key)
[xUnit.net 00:00:01.05]            at InvokeStub_LearningCaseRequestSyntaxTests.RequestConstituentsComposeWithoutChangingOriginalInput(Object, Span`1)
[xUnit.net 00:00:01.05]            at System.Reflection.MethodBaseInvoker.InvokeWithFewArgs(Object obj, BindingFlags invokeAttr, Binder binder, Object[] parameters, CultureInfo culture)
[xUnit.net 00:00:01.05]     CnetControlPlane.Tests.LearningCaseRequestSyntaxTests.RequestConstituentsComposeWithoutChangingOriginalInput(text: "Would you please write 'ñ' in caps!", operation: "upper", key: 241) [FAIL]
[xUnit.net 00:00:01.05]       TASK_CONSTITUENT_RED Would you please write 'ñ' in caps!: abstain
[xUnit.net 00:00:01.05]       Stack Trace:
[xUnit.net 00:00:01.05]         /home/marble/AI/CNET-worktrees/herdr-language-20260909/dotnet/CnetControlPlane.Tests/LearningCaseRequestSyntaxTests.cs(30,0): at CnetControlPlane.Tests.LearningCaseRequestSyntaxTests.RequestConstituentsComposeWithoutChangingOriginalInput(String text, String operation, Byte key)
[xUnit.net 00:00:01.05]            at InvokeStub_LearningCaseRequestSyntaxTests.RequestConstituentsComposeWithoutChangingOriginalInput(Object, Span`1)
[xUnit.net 00:00:01.05]            at System.Reflection.MethodBaseInvoker.InvokeWithFewArgs(Object obj, BindingFlags invokeAttr, Binder binder, Object[] parameters, CultureInfo culture)
[xUnit.net 00:00:01.05]     CnetControlPlane.Tests.LearningCaseRequestSyntaxTests.RequestConstituentsComposeWithoutChangingOriginalInput(text: "Please, write the single quoted character 'ñ' in c"···, operation: "upper", key: 241) [FAIL]
[xUnit.net 00:00:01.05]       TASK_CONSTITUENT_RED Please, write the single quoted character 'ñ' in caps?: abstain
[xUnit.net 00:00:01.05]       Stack Trace:
[xUnit.net 00:00:01.05]         /home/marble/AI/CNET-worktrees/herdr-language-20260909/dotnet/CnetControlPlane.Tests/LearningCaseRequestSyntaxTests.cs(30,0): at CnetControlPlane.Tests.LearningCaseRequestSyntaxTests.RequestConstituentsComposeWithoutChangingOriginalInput(String text, String operation, Byte key)
[xUnit.net 00:00:01.05]            at InvokeStub_LearningCaseRequestSyntaxTests.RequestConstituentsComposeWithoutChangingOriginalInput(Object, Span`1)
[xUnit.net 00:00:01.05]            at System.Reflection.MethodBaseInvoker.InvokeWithFewArgs(Object obj, BindingFlags invokeAttr, Binder binder, Object[] parameters, CultureInfo culture)
[xUnit.net 00:00:01.05]     CnetControlPlane.Tests.LearningCaseRequestSyntaxTests.RequestConstituentsComposeWithoutChangingOriginalInput(text: "render 'À' in lowercase!", operation: "lower", key: 192) [FAIL]
[xUnit.net 00:00:01.05]       TASK_CONSTITUENT_RED render 'À' in lowercase!: abstain
[xUnit.net 00:00:01.05]       Stack Trace:
[xUnit.net 00:00:01.05]         /home/marble/AI/CNET-worktrees/herdr-language-20260909/dotnet/CnetControlPlane.Tests/LearningCaseRequestSyntaxTests.cs(30,0): at CnetControlPlane.Tests.LearningCaseRequestSyntaxTests.RequestConstituentsComposeWithoutChangingOriginalInput(String text, String operation, Byte key)
[xUnit.net 00:00:01.05]            at InvokeStub_LearningCaseRequestSyntaxTests.RequestConstituentsComposeWithoutChangingOriginalInput(Object, Span`1)
[xUnit.net 00:00:01.05]            at System.Reflection.MethodBaseInvoker.InvokeWithFewArgs(Object obj, BindingFlags invokeAttr, Binder binder, Object[] parameters, CultureInfo culture)
[xUnit.net 00:00:01.05]     CnetControlPlane.Tests.LearningCaseRequestSyntaxTests.RequestConstituentsComposeWithoutChangingOriginalInput(text: "Could you kindly render the character 'À' in lower"···, operation: "lower", key: 192) [FAIL]
[xUnit.net 00:00:01.05]       TASK_CONSTITUENT_RED Could you kindly render the character 'À' in lowercase?: abstain
[xUnit.net 00:00:01.05]       Stack Trace:
[xUnit.net 00:00:01.05]         /home/marble/AI/CNET-worktrees/herdr-language-20260909/dotnet/CnetControlPlane.Tests/LearningCaseRequestSyntaxTests.cs(30,0): at CnetControlPlane.Tests.LearningCaseRequestSyntaxTests.RequestConstituentsComposeWithoutChangingOriginalInput(String text, String operation, Byte key)
[xUnit.net 00:00:01.05]            at InvokeStub_LearningCaseRequestSyntaxTests.RequestConstituentsComposeWithoutChangingOriginalInput(Object, Span`1)
[xUnit.net 00:00:01.05]            at System.Reflection.MethodBaseInvoker.InvokeWithFewArgs(Object obj, BindingFlags invokeAttr, Binder binder, Object[] parameters, CultureInfo culture)
[xUnit.net 00:00:01.05]     CnetControlPlane.Tests.LearningCaseRequestSyntaxTests.RequestConstituentsComposeWithoutChangingOriginalInput(text: "Could you kindly uppercase the character  'µ'?", operation: "upper", key: 181) [FAIL]
[xUnit.net 00:00:01.05]       TASK_CONSTITUENT_RED Could you kindly uppercase the character  'µ'?: abstain
[xUnit.net 00:00:01.05]       Stack Trace:
[xUnit.net 00:00:01.05]         /home/marble/AI/CNET-worktrees/herdr-language-20260909/dotnet/CnetControlPlane.Tests/LearningCaseRequestSyntaxTests.cs(30,0): at CnetControlPlane.Tests.LearningCaseRequestSyntaxTests.RequestConstituentsComposeWithoutChangingOriginalInput(String text, String operation, Byte key)
[xUnit.net 00:00:01.05]            at InvokeStub_LearningCaseRequestSyntaxTests.RequestConstituentsComposeWithoutChangingOriginalInput(Object, Span`1)
[xUnit.net 00:00:01.05]            at System.Reflection.MethodBaseInvoker.InvokeWithFewArgs(Object obj, BindingFlags invokeAttr, Binder binder, Object[] parameters, CultureInfo culture)
[xUnit.net 00:00:01.05]     CnetControlPlane.Tests.LearningCaseRequestSyntaxTests.RequestConstituentsComposeWithoutChangingOriginalInput(text: "Could you kindly render the single quoted characte"···, operation: "lower", key: 192) [FAIL]
[xUnit.net 00:00:01.05]       TASK_CONSTITUENT_RED Could you kindly render the single quoted character 'À' in lowercase!: abstain
[xUnit.net 00:00:01.05]       Stack Trace:
[xUnit.net 00:00:01.05]         /home/marble/AI/CNET-worktrees/herdr-language-20260909/dotnet/CnetControlPlane.Tests/LearningCaseRequestSyntaxTests.cs(30,0): at CnetControlPlane.Tests.LearningCaseRequestSyntaxTests.RequestConstituentsComposeWithoutChangingOriginalInput(String text, String operation, Byte key)
[xUnit.net 00:00:01.05]            at InvokeStub_LearningCaseRequestSyntaxTests.RequestConstituentsComposeWithoutChangingOriginalInput(Object, Span`1)
[xUnit.net 00:00:01.05]            at System.Reflection.MethodBaseInvoker.InvokeWithFewArgs(Object obj, BindingFlags invokeAttr, Binder binder, Object[] parameters, CultureInfo culture)
[xUnit.net 00:00:01.05]     CnetControlPlane.Tests.LearningCaseRequestSyntaxTests.RequestConstituentsComposeWithoutChangingOriginalInput(text: "Please, render the single quoted character 'À' in "···, operation: "lower", key: 192) [FAIL]
[xUnit.net 00:00:01.05]       TASK_CONSTITUENT_RED Please, render the single quoted character 'À' in lowercase?: abstain
[xUnit.net 00:00:01.05]       Stack Trace:
[xUnit.net 00:00:01.05]         /home/marble/AI/CNET-worktrees/herdr-language-20260909/dotnet/CnetControlPlane.Tests/LearningCaseRequestSyntaxTests.cs(30,0): at CnetControlPlane.Tests.LearningCaseRequestSyntaxTests.RequestConstituentsComposeWithoutChangingOriginalInput(String text, String operation, Byte key)
[xUnit.net 00:00:01.05]            at InvokeStub_LearningCaseRequestSyntaxTests.RequestConstituentsComposeWithoutChangingOriginalInput(Object, Span`1)
[xUnit.net 00:00:01.05]            at System.Reflection.MethodBaseInvoker.InvokeWithFewArgs(Object obj, BindingFlags invokeAttr, Binder binder, Object[] parameters, CultureInfo culture)
  Passed CnetControlPlane.Tests.LearningCaseRequestSyntaxTests.RequestConstituentsComposeWithoutChangingOriginalInput(text: "Would you please convert 'ö' to uppercase?", operation: "upper", key: 246) [< 1 ms]
  Failed CnetControlPlane.Tests.LearningCaseRequestSyntaxTests.RequestConstituentsComposeWithoutChangingOriginalInput(text: "Could you kindly write 'ñ' in caps.", operation: "upper", key: 241) [< 1 ms]
  Error Message:
   TASK_CONSTITUENT_RED Could you kindly write 'ñ' in caps.: abstain
  Stack Trace:
     at CnetControlPlane.Tests.LearningCaseRequestSyntaxTests.RequestConstituentsComposeWithoutChangingOriginalInput(String text, String operation, Byte key) in /home/marble/AI/CNET-worktrees/herdr-language-20260909/dotnet/CnetControlPlane.Tests/LearningCaseRequestSyntaxTests.cs:line 30
   at InvokeStub_LearningCaseRequestSyntaxTests.RequestConstituentsComposeWithoutChangingOriginalInput(Object, Span`1)
   at System.Reflection.MethodBaseInvoker.InvokeWithFewArgs(Object obj, BindingFlags invokeAttr, Binder binder, Object[] parameters, CultureInfo culture)
  Failed CnetControlPlane.Tests.LearningCaseRequestSyntaxTests.RequestConstituentsComposeWithoutChangingOriginalInput(text: "Would you please write 'ñ' in caps!", operation: "upper", key: 241) [< 1 ms]
  Error Message:
   TASK_CONSTITUENT_RED Would you please write 'ñ' in caps!: abstain
  Stack Trace:
     at CnetControlPlane.Tests.LearningCaseRequestSyntaxTests.RequestConstituentsComposeWithoutChangingOriginalInput(String text, String operation, Byte key) in /home/marble/AI/CNET-worktrees/herdr-language-20260909/dotnet/CnetControlPlane.Tests/LearningCaseRequestSyntaxTests.cs:line 30
   at InvokeStub_LearningCaseRequestSyntaxTests.RequestConstituentsComposeWithoutChangingOriginalInput(Object, Span`1)
   at System.Reflection.MethodBaseInvoker.InvokeWithFewArgs(Object obj, BindingFlags invokeAttr, Binder binder, Object[] parameters, CultureInfo culture)
  Failed CnetControlPlane.Tests.LearningCaseRequestSyntaxTests.RequestConstituentsComposeWithoutChangingOriginalInput(text: "Please, write the single quoted character 'ñ' in c"···, operation: "upper", key: 241) [< 1 ms]
  Error Message:
   TASK_CONSTITUENT_RED Please, write the single quoted character 'ñ' in caps?: abstain
  Stack Trace:
     at CnetControlPlane.Tests.LearningCaseRequestSyntaxTests.RequestConstituentsComposeWithoutChangingOriginalInput(String text, String operation, Byte key) in /home/marble/AI/CNET-worktrees/herdr-language-20260909/dotnet/CnetControlPlane.Tests/LearningCaseRequestSyntaxTests.cs:line 30
   at InvokeStub_LearningCaseRequestSyntaxTests.RequestConstituentsComposeWithoutChangingOriginalInput(Object, Span`1)
   at System.Reflection.MethodBaseInvoker.InvokeWithFewArgs(Object obj, BindingFlags invokeAttr, Binder binder, Object[] parameters, CultureInfo culture)
  Failed CnetControlPlane.Tests.LearningCaseRequestSyntaxTests.RequestConstituentsComposeWithoutChangingOriginalInput(text: "render 'À' in lowercase!", operation: "lower", key: 192) [< 1 ms]
  Error Message:
   TASK_CONSTITUENT_RED render 'À' in lowercase!: abstain
  Stack Trace:
     at CnetControlPlane.Tests.LearningCaseRequestSyntaxTests.RequestConstituentsComposeWithoutChangingOriginalInput(String text, String operation, Byte key) in /home/marble/AI/CNET-worktrees/herdr-language-20260909/dotnet/CnetControlPlane.Tests/LearningCaseRequestSyntaxTests.cs:line 30
   at InvokeStub_LearningCaseRequestSyntaxTests.RequestConstituentsComposeWithoutChangingOriginalInput(Object, Span`1)
   at System.Reflection.MethodBaseInvoker.InvokeWithFewArgs(Object obj, BindingFlags invokeAttr, Binder binder, Object[] parameters, CultureInfo culture)
  Failed CnetControlPlane.Tests.LearningCaseRequestSyntaxTests.RequestConstituentsComposeWithoutChangingOriginalInput(text: "Could you kindly render the character 'À' in lower"···, operation: "lower", key: 192) [< 1 ms]
  Error Message:
   TASK_CONSTITUENT_RED Could you kindly render the character 'À' in lowercase?: abstain
  Stack Trace:
     at CnetControlPlane.Tests.LearningCaseRequestSyntaxTests.RequestConstituentsComposeWithoutChangingOriginalInput(String text, String operation, Byte key) in /home/marble/AI/CNET-worktrees/herdr-language-20260909/dotnet/CnetControlPlane.Tests/LearningCaseRequestSyntaxTests.cs:line 30
   at InvokeStub_LearningCaseRequestSyntaxTests.RequestConstituentsComposeWithoutChangingOriginalInput(Object, Span`1)
   at System.Reflection.MethodBaseInvoker.InvokeWithFewArgs(Object obj, BindingFlags invokeAttr, Binder binder, Object[] parameters, CultureInfo culture)
  Failed CnetControlPlane.Tests.LearningCaseRequestSyntaxTests.RequestConstituentsComposeWithoutChangingOriginalInput(text: "Could you kindly uppercase the character  'µ'?", operation: "upper", key: 181) [< 1 ms]
  Error Message:
   TASK_CONSTITUENT_RED Could you kindly uppercase the character  'µ'?: abstain
  Stack Trace:
     at CnetControlPlane.Tests.LearningCaseRequestSyntaxTests.RequestConstituentsComposeWithoutChangingOriginalInput(String text, String operation, Byte key) in /home/marble/AI/CNET-worktrees/herdr-language-20260909/dotnet/CnetControlPlane.Tests/LearningCaseRequestSyntaxTests.cs:line 30
   at InvokeStub_LearningCaseRequestSyntaxTests.RequestConstituentsComposeWithoutChangingOriginalInput(Object, Span`1)
   at System.Reflection.MethodBaseInvoker.InvokeWithFewArgs(Object obj, BindingFlags invokeAttr, Binder binder, Object[] parameters, CultureInfo culture)
  Failed CnetControlPlane.Tests.LearningCaseRequestSyntaxTests.RequestConstituentsComposeWithoutChangingOriginalInput(text: "Could you kindly render the single quoted characte"···, operation: "lower", key: 192) [< 1 ms]
  Error Message:
   TASK_CONSTITUENT_RED Could you kindly render the single quoted character 'À' in lowercase!: abstain
  Stack Trace:
     at CnetControlPlane.Tests.LearningCaseRequestSyntaxTests.RequestConstituentsComposeWithoutChangingOriginalInput(String text, String operation, Byte key) in /home/marble/AI/CNET-worktrees/herdr-language-20260909/dotnet/CnetControlPlane.Tests/LearningCaseRequestSyntaxTests.cs:line 30
   at InvokeStub_LearningCaseRequestSyntaxTests.RequestConstituentsComposeWithoutChangingOriginalInput(Object, Span`1)
   at System.Reflection.MethodBaseInvoker.InvokeWithFewArgs(Object obj, BindingFlags invokeAttr, Binder binder, Object[] parameters, CultureInfo culture)
  Failed CnetControlPlane.Tests.LearningCaseRequestSyntaxTests.RequestConstituentsComposeWithoutChangingOriginalInput(text: "Please, render the single quoted character 'À' in "···, operation: "lower", key: 192) [< 1 ms]
  Error Message:
   TASK_CONSTITUENT_RED Please, render the single quoted character 'À' in lowercase?: abstain
  Stack Trace:
     at CnetControlPlane.Tests.LearningCaseRequestSyntaxTests.RequestConstituentsComposeWithoutChangingOriginalInput(String text, String operation, Byte key) in /home/marble/AI/CNET-worktrees/herdr-language-20260909/dotnet/CnetControlPlane.Tests/LearningCaseRequestSyntaxTests.cs:line 30
   at InvokeStub_LearningCaseRequestSyntaxTests.RequestConstituentsComposeWithoutChangingOriginalInput(Object, Span`1)
   at System.Reflection.MethodBaseInvoker.InvokeWithFewArgs(Object obj, BindingFlags invokeAttr, Binder binder, Object[] parameters, CultureInfo culture)
[xUnit.net 00:00:01.05]     CnetControlPlane.Tests.LearningCaseRequestSyntaxTests.RequestConstituentsComposeWithoutChangingOriginalInput(text: "Could you kindly lowercase the character  'É'?", operation: "lower", key: 201) [FAIL]
[xUnit.net 00:00:01.05]       TASK_CONSTITUENT_RED Could you kindly lowercase the character  'É'?: abstain
[xUnit.net 00:00:01.05]       Stack Trace:
[xUnit.net 00:00:01.05]         /home/marble/AI/CNET-worktrees/herdr-language-20260909/dotnet/CnetControlPlane.Tests/LearningCaseRequestSyntaxTests.cs(30,0): at CnetControlPlane.Tests.LearningCaseRequestSyntaxTests.RequestConstituentsComposeWithoutChangingOriginalInput(String text, String operation, Byte key)
[xUnit.net 00:00:01.05]            at InvokeStub_LearningCaseRequestSyntaxTests.RequestConstituentsComposeWithoutChangingOriginalInput(Object, Span`1)
[xUnit.net 00:00:01.05]            at System.Reflection.MethodBaseInvoker.InvokeWithFewArgs(Object obj, BindingFlags invokeAttr, Binder binder, Object[] parameters, CultureInfo culture)
[xUnit.net 00:00:01.05]     CnetControlPlane.Tests.LearningCaseRequestSyntaxTests.RequestConstituentsComposeWithoutChangingOriginalInput(text: "Please, uppercase the character  'µ'.", operation: "upper", key: 181) [FAIL]
[xUnit.net 00:00:01.05]       TASK_CONSTITUENT_RED Please, uppercase the character  'µ'.: abstain
[xUnit.net 00:00:01.05]       Stack Trace:
[xUnit.net 00:00:01.05]         /home/marble/AI/CNET-worktrees/herdr-language-20260909/dotnet/CnetControlPlane.Tests/LearningCaseRequestSyntaxTests.cs(30,0): at CnetControlPlane.Tests.LearningCaseRequestSyntaxTests.RequestConstituentsComposeWithoutChangingOriginalInput(String text, String operation, Byte key)
[xUnit.net 00:00:01.05]            at InvokeStub_LearningCaseRequestSyntaxTests.RequestConstituentsComposeWithoutChangingOriginalInput(Object, Span`1)
[xUnit.net 00:00:01.05]            at System.Reflection.MethodBaseInvoker.InvokeWithFewArgs(Object obj, BindingFlags invokeAttr, Binder binder, Object[] parameters, CultureInfo culture)
[xUnit.net 00:00:01.05]     CnetControlPlane.Tests.LearningCaseRequestSyntaxTests.RequestConstituentsComposeWithoutChangingOriginalInput(text: "Please, render the character 'À' in lowercase.", operation: "lower", key: 192) [FAIL]
[xUnit.net 00:00:01.05]       TASK_CONSTITUENT_RED Please, render the character 'À' in lowercase.: abstain
[xUnit.net 00:00:01.05]       Stack Trace:
[xUnit.net 00:00:01.05]         /home/marble/AI/CNET-worktrees/herdr-language-20260909/dotnet/CnetControlPlane.Tests/LearningCaseRequestSyntaxTests.cs(30,0): at CnetControlPlane.Tests.LearningCaseRequestSyntaxTests.RequestConstituentsComposeWithoutChangingOriginalInput(String text, String operation, Byte key)
[xUnit.net 00:00:01.05]            at InvokeStub_LearningCaseRequestSyntaxTests.RequestConstituentsComposeWithoutChangingOriginalInput(Object, Span`1)
[xUnit.net 00:00:01.05]            at System.Reflection.MethodBaseInvoker.InvokeWithFewArgs(Object obj, BindingFlags invokeAttr, Binder binder, Object[] parameters, CultureInfo culture)
[xUnit.net 00:00:01.05]     CnetControlPlane.Tests.LearningCaseRequestSyntaxTests.RequestConstituentsComposeWithoutChangingOriginalInput(text: "Would you please lowercase the character  'É'.", operation: "lower", key: 201) [FAIL]
[xUnit.net 00:00:01.05]       TASK_CONSTITUENT_RED Would you please lowercase the character  'É'.: clarify
[xUnit.net 00:00:01.05]       Stack Trace:
[xUnit.net 00:00:01.05]         /home/marble/AI/CNET-worktrees/herdr-language-20260909/dotnet/CnetControlPlane.Tests/LearningCaseRequestSyntaxTests.cs(30,0): at CnetControlPlane.Tests.LearningCaseRequestSyntaxTests.RequestConstituentsComposeWithoutChangingOriginalInput(String text, String operation, Byte key)
[xUnit.net 00:00:01.05]            at InvokeStub_LearningCaseRequestSyntaxTests.RequestConstituentsComposeWithoutChangingOriginalInput(Object, Span`1)
[xUnit.net 00:00:01.05]            at System.Reflection.MethodBaseInvoker.InvokeWithFewArgs(Object obj, BindingFlags invokeAttr, Binder binder, Object[] parameters, CultureInfo culture)
[xUnit.net 00:00:01.05]     CnetControlPlane.Tests.LearningCaseRequestSyntaxTests.RequestConstituentsComposeWithoutChangingOriginalInput(text: "Could you kindly convert the single quoted charact"···, operation: "upper", key: 246) [FAIL]
[xUnit.net 00:00:01.05]       TASK_CONSTITUENT_RED Could you kindly convert the single quoted character 'ö' to uppercase.: abstain
[xUnit.net 00:00:01.05]       Stack Trace:
[xUnit.net 00:00:01.05]         /home/marble/AI/CNET-worktrees/herdr-language-20260909/dotnet/CnetControlPlane.Tests/LearningCaseRequestSyntaxTests.cs(30,0): at CnetControlPlane.Tests.LearningCaseRequestSyntaxTests.RequestConstituentsComposeWithoutChangingOriginalInput(String text, String operation, Byte key)
[xUnit.net 00:00:01.05]            at InvokeStub_LearningCaseRequestSyntaxTests.RequestConstituentsComposeWithoutChangingOriginalInput(Object, Span`1)
[xUnit.net 00:00:01.05]            at System.Reflection.MethodBaseInvoker.InvokeWithFewArgs(Object obj, BindingFlags invokeAttr, Binder binder, Object[] parameters, CultureInfo culture)
[xUnit.net 00:00:01.05]     CnetControlPlane.Tests.LearningCaseRequestSyntaxTests.RequestConstituentsComposeWithoutChangingOriginalInput(text: "Please, convert the character 'ö' to uppercase.", operation: "upper", key: 246) [FAIL]
[xUnit.net 00:00:01.05]       TASK_CONSTITUENT_RED Please, convert the character 'ö' to uppercase.: abstain
[xUnit.net 00:00:01.05]       Stack Trace:
[xUnit.net 00:00:01.05]         /home/marble/AI/CNET-worktrees/herdr-language-20260909/dotnet/CnetControlPlane.Tests/LearningCaseRequestSyntaxTests.cs(30,0): at CnetControlPlane.Tests.LearningCaseRequestSyntaxTests.RequestConstituentsComposeWithoutChangingOriginalInput(String text, String operation, Byte key)
[xUnit.net 00:00:01.05]            at InvokeStub_LearningCaseRequestSyntaxTests.RequestConstituentsComposeWithoutChangingOriginalInput(Object, Span`1)
[xUnit.net 00:00:01.05]            at System.Reflection.MethodBaseInvoker.InvokeWithFewArgs(Object obj, BindingFlags invokeAttr, Binder binder, Object[] parameters, CultureInfo culture)
[xUnit.net 00:00:01.05]     CnetControlPlane.Tests.LearningCaseRequestSyntaxTests.RequestConstituentsComposeWithoutChangingOriginalInput(text: "Please, lowercase  'É'.", operation: "lower", key: 201) [FAIL]
[xUnit.net 00:00:01.05]       TASK_CONSTITUENT_RED Please, lowercase  'É'.: abstain
[xUnit.net 00:00:01.05]       Stack Trace:
[xUnit.net 00:00:01.05]         /home/marble/AI/CNET-worktrees/herdr-language-20260909/dotnet/CnetControlPlane.Tests/LearningCaseRequestSyntaxTests.cs(30,0): at CnetControlPlane.Tests.LearningCaseRequestSyntaxTests.RequestConstituentsComposeWithoutChangingOriginalInput(String text, String operation, Byte key)
[xUnit.net 00:00:01.05]            at InvokeStub_LearningCaseRequestSyntaxTests.RequestConstituentsComposeWithoutChangingOriginalInput(Object, Span`1)
[xUnit.net 00:00:01.05]            at System.Reflection.MethodBaseInvoker.InvokeWithFewArgs(Object obj, BindingFlags invokeAttr, Binder binder, Object[] parameters, CultureInfo culture)
[xUnit.net 00:00:01.05]     CnetControlPlane.Tests.LearningCaseRequestSyntaxTests.RequestConstituentsComposeWithoutChangingOriginalInput(text: "Could you kindly render the character 'À' in lower"···, operation: "lower", key: 192) [FAIL]
[xUnit.net 00:00:01.05]       TASK_CONSTITUENT_RED Could you kindly render the character 'À' in lowercase!: abstain
[xUnit.net 00:00:01.05]       Stack Trace:
[xUnit.net 00:00:01.05]         /home/marble/AI/CNET-worktrees/herdr-language-20260909/dotnet/CnetControlPlane.Tests/LearningCaseRequestSyntaxTests.cs(30,0): at CnetControlPlane.Tests.LearningCaseRequestSyntaxTests.RequestConstituentsComposeWithoutChangingOriginalInput(String text, String operation, Byte key)
[xUnit.net 00:00:01.05]            at InvokeStub_LearningCaseRequestSyntaxTests.RequestConstituentsComposeWithoutChangingOriginalInput(Object, Span`1)
[xUnit.net 00:00:01.05]            at System.Reflection.MethodBaseInvoker.InvokeWithFewArgs(Object obj, BindingFlags invokeAttr, Binder binder, Object[] parameters, CultureInfo culture)
  Passed CnetControlPlane.Tests.LearningCaseRequestSyntaxTests.RequestConstituentsComposeWithoutChangingOriginalInput(text: "convert the character 'ö' to uppercase.", operation: "upper", key: 246) [< 1 ms]
  Failed CnetControlPlane.Tests.LearningCaseRequestSyntaxTests.RequestConstituentsComposeWithoutChangingOriginalInput(text: "Could you kindly lowercase the character  'É'?", operation: "lower", key: 201) [< 1 ms]
  Error Message:
   TASK_CONSTITUENT_RED Could you kindly lowercase the character  'É'?: abstain
  Stack Trace:
     at CnetControlPlane.Tests.LearningCaseRequestSyntaxTests.RequestConstituentsComposeWithoutChangingOriginalInput(String text, String operation, Byte key) in /home/marble/AI/CNET-worktrees/herdr-language-20260909/dotnet/CnetControlPlane.Tests/LearningCaseRequestSyntaxTests.cs:line 30
   at InvokeStub_LearningCaseRequestSyntaxTests.RequestConstituentsComposeWithoutChangingOriginalInput(Object, Span`1)
   at System.Reflection.MethodBaseInvoker.InvokeWithFewArgs(Object obj, BindingFlags invokeAttr, Binder binder, Object[] parameters, CultureInfo culture)
  Failed CnetControlPlane.Tests.LearningCaseRequestSyntaxTests.RequestConstituentsComposeWithoutChangingOriginalInput(text: "Please, uppercase the character  'µ'.", operation: "upper", key: 181) [< 1 ms]
  Error Message:
   TASK_CONSTITUENT_RED Please, uppercase the character  'µ'.: abstain
  Stack Trace:
     at CnetControlPlane.Tests.LearningCaseRequestSyntaxTests.RequestConstituentsComposeWithoutChangingOriginalInput(String text, String operation, Byte key) in /home/marble/AI/CNET-worktrees/herdr-language-20260909/dotnet/CnetControlPlane.Tests/LearningCaseRequestSyntaxTests.cs:line 30
   at InvokeStub_LearningCaseRequestSyntaxTests.RequestConstituentsComposeWithoutChangingOriginalInput(Object, Span`1)
   at System.Reflection.MethodBaseInvoker.InvokeWithFewArgs(Object obj, BindingFlags invokeAttr, Binder binder, Object[] parameters, CultureInfo culture)
  Failed CnetControlPlane.Tests.LearningCaseRequestSyntaxTests.RequestConstituentsComposeWithoutChangingOriginalInput(text: "Please, render the character 'À' in lowercase.", operation: "lower", key: 192) [< 1 ms]
  Error Message:
   TASK_CONSTITUENT_RED Please, render the character 'À' in lowercase.: abstain
  Stack Trace:
     at CnetControlPlane.Tests.LearningCaseRequestSyntaxTests.RequestConstituentsComposeWithoutChangingOriginalInput(String text, String operation, Byte key) in /home/marble/AI/CNET-worktrees/herdr-language-20260909/dotnet/CnetControlPlane.Tests/LearningCaseRequestSyntaxTests.cs:line 30
   at InvokeStub_LearningCaseRequestSyntaxTests.RequestConstituentsComposeWithoutChangingOriginalInput(Object, Span`1)
   at System.Reflection.MethodBaseInvoker.InvokeWithFewArgs(Object obj, BindingFlags invokeAttr, Binder binder, Object[] parameters, CultureInfo culture)
  Failed CnetControlPlane.Tests.LearningCaseRequestSyntaxTests.RequestConstituentsComposeWithoutChangingOriginalInput(text: "Would you please lowercase the character  'É'.", operation: "lower", key: 201) [< 1 ms]
  Error Message:
   TASK_CONSTITUENT_RED Would you please lowercase the character  'É'.: clarify
  Stack Trace:
     at CnetControlPlane.Tests.LearningCaseRequestSyntaxTests.RequestConstituentsComposeWithoutChangingOriginalInput(String text, String operation, Byte key) in /home/marble/AI/CNET-worktrees/herdr-language-20260909/dotnet/CnetControlPlane.Tests/LearningCaseRequestSyntaxTests.cs:line 30
   at InvokeStub_LearningCaseRequestSyntaxTests.RequestConstituentsComposeWithoutChangingOriginalInput(Object, Span`1)
   at System.Reflection.MethodBaseInvoker.InvokeWithFewArgs(Object obj, BindingFlags invokeAttr, Binder binder, Object[] parameters, CultureInfo culture)
  Failed CnetControlPlane.Tests.LearningCaseRequestSyntaxTests.RequestConstituentsComposeWithoutChangingOriginalInput(text: "Could you kindly convert the single quoted charact"···, operation: "upper", key: 246) [< 1 ms]
  Error Message:
   TASK_CONSTITUENT_RED Could you kindly convert the single quoted character 'ö' to uppercase.: abstain
  Stack Trace:
     at CnetControlPlane.Tests.LearningCaseRequestSyntaxTests.RequestConstituentsComposeWithoutChangingOriginalInput(String text, String operation, Byte key) in /home/marble/AI/CNET-worktrees/herdr-language-20260909/dotnet/CnetControlPlane.Tests/LearningCaseRequestSyntaxTests.cs:line 30
   at InvokeStub_LearningCaseRequestSyntaxTests.RequestConstituentsComposeWithoutChangingOriginalInput(Object, Span`1)
   at System.Reflection.MethodBaseInvoker.InvokeWithFewArgs(Object obj, BindingFlags invokeAttr, Binder binder, Object[] parameters, CultureInfo culture)
  Failed CnetControlPlane.Tests.LearningCaseRequestSyntaxTests.RequestConstituentsComposeWithoutChangingOriginalInput(text: "Please, convert the character 'ö' to uppercase.", operation: "upper", key: 246) [< 1 ms]
  Error Message:
   TASK_CONSTITUENT_RED Please, convert the character 'ö' to uppercase.: abstain
  Stack Trace:
     at CnetControlPlane.Tests.LearningCaseRequestSyntaxTests.RequestConstituentsComposeWithoutChangingOriginalInput(String text, String operation, Byte key) in /home/marble/AI/CNET-worktrees/herdr-language-20260909/dotnet/CnetControlPlane.Tests/LearningCaseRequestSyntaxTests.cs:line 30
   at InvokeStub_LearningCaseRequestSyntaxTests.RequestConstituentsComposeWithoutChangingOriginalInput(Object, Span`1)
   at System.Reflection.MethodBaseInvoker.InvokeWithFewArgs(Object obj, BindingFlags invokeAttr, Binder binder, Object[] parameters, CultureInfo culture)
  Failed CnetControlPlane.Tests.LearningCaseRequestSyntaxTests.RequestConstituentsComposeWithoutChangingOriginalInput(text: "Please, lowercase  'É'.", operation: "lower", key: 201) [< 1 ms]
  Error Message:
   TASK_CONSTITUENT_RED Please, lowercase  'É'.: abstain
  Stack Trace:
     at CnetControlPlane.Tests.LearningCaseRequestSyntaxTests.RequestConstituentsComposeWithoutChangingOriginalInput(String text, String operation, Byte key) in /home/marble/AI/CNET-worktrees/herdr-language-20260909/dotnet/CnetControlPlane.Tests/LearningCaseRequestSyntaxTests.cs:line 30
   at InvokeStub_LearningCaseRequestSyntaxTests.RequestConstituentsComposeWithoutChangingOriginalInput(Object, Span`1)
   at System.Reflection.MethodBaseInvoker.InvokeWithFewArgs(Object obj, BindingFlags invokeAttr, Binder binder, Object[] parameters, CultureInfo culture)
  Failed CnetControlPlane.Tests.LearningCaseRequestSyntaxTests.RequestConstituentsComposeWithoutChangingOriginalInput(text: "Could you kindly render the character 'À' in lower"···, operation: "lower", key: 192) [< 1 ms]
  Error Message:
   TASK_CONSTITUENT_RED Could you kindly render the character 'À' in lowercase!: abstain
  Stack Trace:
     at CnetControlPlane.Tests.LearningCaseRequestSyntaxTests.RequestConstituentsComposeWithoutChangingOriginalInput(String text, String operation, Byte key) in /home/marble/AI/CNET-worktrees/herdr-language-20260909/dotnet/CnetControlPlane.Tests/LearningCaseRequestSyntaxTests.cs:line 30
   at InvokeStub_LearningCaseRequestSyntaxTests.RequestConstituentsComposeWithoutChangingOriginalInput(Object, Span`1)
   at System.Reflection.MethodBaseInvoker.InvokeWithFewArgs(Object obj, BindingFlags invokeAttr, Binder binder, Object[] parameters, CultureInfo culture)
[xUnit.net 00:00:01.05]     CnetControlPlane.Tests.LearningCaseRequestSyntaxTests.RequestConstituentsComposeWithoutChangingOriginalInput(text: "Could you kindly lowercase  'É'.", operation: "lower", key: 201) [FAIL]
[xUnit.net 00:00:01.05]       TASK_CONSTITUENT_RED Could you kindly lowercase  'É'.: abstain
[xUnit.net 00:00:01.05]       Stack Trace:
[xUnit.net 00:00:01.05]         /home/marble/AI/CNET-worktrees/herdr-language-20260909/dotnet/CnetControlPlane.Tests/LearningCaseRequestSyntaxTests.cs(30,0): at CnetControlPlane.Tests.LearningCaseRequestSyntaxTests.RequestConstituentsComposeWithoutChangingOriginalInput(String text, String operation, Byte key)
[xUnit.net 00:00:01.05]            at InvokeStub_LearningCaseRequestSyntaxTests.RequestConstituentsComposeWithoutChangingOriginalInput(Object, Span`1)
[xUnit.net 00:00:01.05]            at System.Reflection.MethodBaseInvoker.InvokeWithFewArgs(Object obj, BindingFlags invokeAttr, Binder binder, Object[] parameters, CultureInfo culture)
[xUnit.net 00:00:01.05]     CnetControlPlane.Tests.LearningCaseRequestSyntaxTests.RequestConstituentsComposeWithoutChangingOriginalInput(text: "Would you please write the character 'ñ' in caps.", operation: "upper", key: 241) [FAIL]
[xUnit.net 00:00:01.05]       TASK_CONSTITUENT_RED Would you please write the character 'ñ' in caps.: abstain
[xUnit.net 00:00:01.05]       Stack Trace:
[xUnit.net 00:00:01.05]         /home/marble/AI/CNET-worktrees/herdr-language-20260909/dotnet/CnetControlPlane.Tests/LearningCaseRequestSyntaxTests.cs(30,0): at CnetControlPlane.Tests.LearningCaseRequestSyntaxTests.RequestConstituentsComposeWithoutChangingOriginalInput(String text, String operation, Byte key)
[xUnit.net 00:00:01.05]            at InvokeStub_LearningCaseRequestSyntaxTests.RequestConstituentsComposeWithoutChangingOriginalInput(Object, Span`1)
[xUnit.net 00:00:01.05]            at System.Reflection.MethodBaseInvoker.InvokeWithFewArgs(Object obj, BindingFlags invokeAttr, Binder binder, Object[] parameters, CultureInfo culture)
[xUnit.net 00:00:01.05]     CnetControlPlane.Tests.LearningCaseRequestSyntaxTests.RequestConstituentsComposeWithoutChangingOriginalInput(text: "Would you please convert 'ö' to uppercase!", operation: "upper", key: 246) [FAIL]
[xUnit.net 00:00:01.05]       TASK_CONSTITUENT_RED Would you please convert 'ö' to uppercase!: abstain
[xUnit.net 00:00:01.05]       Stack Trace:
[xUnit.net 00:00:01.05]         /home/marble/AI/CNET-worktrees/herdr-language-20260909/dotnet/CnetControlPlane.Tests/LearningCaseRequestSyntaxTests.cs(30,0): at CnetControlPlane.Tests.LearningCaseRequestSyntaxTests.RequestConstituentsComposeWithoutChangingOriginalInput(String text, String operation, Byte key)
[xUnit.net 00:00:01.05]            at InvokeStub_LearningCaseRequestSyntaxTests.RequestConstituentsComposeWithoutChangingOriginalInput(Object, Span`1)
[xUnit.net 00:00:01.05]            at System.Reflection.MethodBaseInvoker.InvokeWithFewArgs(Object obj, BindingFlags invokeAttr, Binder binder, Object[] parameters, CultureInfo culture)
[xUnit.net 00:00:01.05]     CnetControlPlane.Tests.LearningCaseRequestSyntaxTests.RequestConstituentsComposeWithoutChangingOriginalInput(text: "Please, convert the single quoted character 'ö' to"···, operation: "upper", key: 246) [FAIL]
[xUnit.net 00:00:01.05]       TASK_CONSTITUENT_RED Please, convert the single quoted character 'ö' to uppercase!: abstain
[xUnit.net 00:00:01.05]       Stack Trace:
[xUnit.net 00:00:01.05]         /home/marble/AI/CNET-worktrees/herdr-language-20260909/dotnet/CnetControlPlane.Tests/LearningCaseRequestSyntaxTests.cs(30,0): at CnetControlPlane.Tests.LearningCaseRequestSyntaxTests.RequestConstituentsComposeWithoutChangingOriginalInput(String text, String operation, Byte key)
[xUnit.net 00:00:01.05]            at InvokeStub_LearningCaseRequestSyntaxTests.RequestConstituentsComposeWithoutChangingOriginalInput(Object, Span`1)
[xUnit.net 00:00:01.05]            at System.Reflection.MethodBaseInvoker.InvokeWithFewArgs(Object obj, BindingFlags invokeAttr, Binder binder, Object[] parameters, CultureInfo culture)
[xUnit.net 00:00:01.05]     CnetControlPlane.Tests.LearningCaseRequestSyntaxTests.RequestConstituentsComposeWithoutChangingOriginalInput(text: "Would you please lowercase  'É'!", operation: "lower", key: 201) [FAIL]
[xUnit.net 00:00:01.05]       TASK_CONSTITUENT_RED Would you please lowercase  'É'!: abstain
[xUnit.net 00:00:01.05]       Stack Trace:
[xUnit.net 00:00:01.05]         /home/marble/AI/CNET-worktrees/herdr-language-20260909/dotnet/CnetControlPlane.Tests/LearningCaseRequestSyntaxTests.cs(30,0): at CnetControlPlane.Tests.LearningCaseRequestSyntaxTests.RequestConstituentsComposeWithoutChangingOriginalInput(String text, String operation, Byte key)
[xUnit.net 00:00:01.05]            at InvokeStub_LearningCaseRequestSyntaxTests.RequestConstituentsComposeWithoutChangingOriginalInput(Object, Span`1)
[xUnit.net 00:00:01.05]            at System.Reflection.MethodBaseInvoker.InvokeWithFewArgs(Object obj, BindingFlags invokeAttr, Binder binder, Object[] parameters, CultureInfo culture)
[xUnit.net 00:00:01.05]     CnetControlPlane.Tests.LearningCaseRequestSyntaxTests.RequestConstituentsComposeWithoutChangingOriginalInput(text: "Please, convert the character 'ö' to uppercase!", operation: "upper", key: 246) [FAIL]
[xUnit.net 00:00:01.05]       TASK_CONSTITUENT_RED Please, convert the character 'ö' to uppercase!: abstain
[xUnit.net 00:00:01.05]       Stack Trace:
[xUnit.net 00:00:01.05]         /home/marble/AI/CNET-worktrees/herdr-language-20260909/dotnet/CnetControlPlane.Tests/LearningCaseRequestSyntaxTests.cs(30,0): at CnetControlPlane.Tests.LearningCaseRequestSyntaxTests.RequestConstituentsComposeWithoutChangingOriginalInput(String text, String operation, Byte key)
[xUnit.net 00:00:01.05]            at InvokeStub_LearningCaseRequestSyntaxTests.RequestConstituentsComposeWithoutChangingOriginalInput(Object, Span`1)
[xUnit.net 00:00:01.05]            at System.Reflection.MethodBaseInvoker.InvokeWithFewArgs(Object obj, BindingFlags invokeAttr, Binder binder, Object[] parameters, CultureInfo culture)
[xUnit.net 00:00:01.05]     CnetControlPlane.Tests.LearningCaseRequestSyntaxTests.RequestConstituentsComposeWithoutChangingOriginalInput(text: "Would you please uppercase  'µ'!", operation: "upper", key: 181) [FAIL]
[xUnit.net 00:00:01.05]       TASK_CONSTITUENT_RED Would you please uppercase  'µ'!: abstain
[xUnit.net 00:00:01.05]       Stack Trace:
[xUnit.net 00:00:01.05]         /home/marble/AI/CNET-worktrees/herdr-language-20260909/dotnet/CnetControlPlane.Tests/LearningCaseRequestSyntaxTests.cs(30,0): at CnetControlPlane.Tests.LearningCaseRequestSyntaxTests.RequestConstituentsComposeWithoutChangingOriginalInput(String text, String operation, Byte key)
[xUnit.net 00:00:01.05]            at InvokeStub_LearningCaseRequestSyntaxTests.RequestConstituentsComposeWithoutChangingOriginalInput(Object, Span`1)
[xUnit.net 00:00:01.05]            at System.Reflection.MethodBaseInvoker.InvokeWithFewArgs(Object obj, BindingFlags invokeAttr, Binder binder, Object[] parameters, CultureInfo culture)
[xUnit.net 00:00:01.05]     CnetControlPlane.Tests.LearningCaseRequestSyntaxTests.RequestConstituentsComposeWithoutChangingOriginalInput(text: "Would you please uppercase the character  'µ'!", operation: "upper", key: 181) [FAIL]
[xUnit.net 00:00:01.05]       TASK_CONSTITUENT_RED Would you please uppercase the character  'µ'!: clarify
[xUnit.net 00:00:01.05]       Stack Trace:
[xUnit.net 00:00:01.05]         /home/marble/AI/CNET-worktrees/herdr-language-20260909/dotnet/CnetControlPlane.Tests/LearningCaseRequestSyntaxTests.cs(30,0): at CnetControlPlane.Tests.LearningCaseRequestSyntaxTests.RequestConstituentsComposeWithoutChangingOriginalInput(String text, String operation, Byte key)
[xUnit.net 00:00:01.05]            at InvokeStub_LearningCaseRequestSyntaxTests.RequestConstituentsComposeWithoutChangingOriginalInput(Object, Span`1)
[xUnit.net 00:00:01.05]            at System.Reflection.MethodBaseInvoker.InvokeWithFewArgs(Object obj, BindingFlags invokeAttr, Binder binder, Object[] parameters, CultureInfo culture)
  Failed CnetControlPlane.Tests.LearningCaseRequestSyntaxTests.RequestConstituentsComposeWithoutChangingOriginalInput(text: "Could you kindly lowercase  'É'.", operation: "lower", key: 201) [< 1 ms]
  Error Message:
   TASK_CONSTITUENT_RED Could you kindly lowercase  'É'.: abstain
  Stack Trace:
     at CnetControlPlane.Tests.LearningCaseRequestSyntaxTests.RequestConstituentsComposeWithoutChangingOriginalInput(String text, String operation, Byte key) in /home/marble/AI/CNET-worktrees/herdr-language-20260909/dotnet/CnetControlPlane.Tests/LearningCaseRequestSyntaxTests.cs:line 30
   at InvokeStub_LearningCaseRequestSyntaxTests.RequestConstituentsComposeWithoutChangingOriginalInput(Object, Span`1)
   at System.Reflection.MethodBaseInvoker.InvokeWithFewArgs(Object obj, BindingFlags invokeAttr, Binder binder, Object[] parameters, CultureInfo culture)
  Failed CnetControlPlane.Tests.LearningCaseRequestSyntaxTests.RequestConstituentsComposeWithoutChangingOriginalInput(text: "Would you please write the character 'ñ' in caps.", operation: "upper", key: 241) [< 1 ms]
  Error Message:
   TASK_CONSTITUENT_RED Would you please write the character 'ñ' in caps.: abstain
  Stack Trace:
     at CnetControlPlane.Tests.LearningCaseRequestSyntaxTests.RequestConstituentsComposeWithoutChangingOriginalInput(String text, String operation, Byte key) in /home/marble/AI/CNET-worktrees/herdr-language-20260909/dotnet/CnetControlPlane.Tests/LearningCaseRequestSyntaxTests.cs:line 30
   at InvokeStub_LearningCaseRequestSyntaxTests.RequestConstituentsComposeWithoutChangingOriginalInput(Object, Span`1)
   at System.Reflection.MethodBaseInvoker.InvokeWithFewArgs(Object obj, BindingFlags invokeAttr, Binder binder, Object[] parameters, CultureInfo culture)
  Failed CnetControlPlane.Tests.LearningCaseRequestSyntaxTests.RequestConstituentsComposeWithoutChangingOriginalInput(text: "Would you please convert 'ö' to uppercase!", operation: "upper", key: 246) [< 1 ms]
  Error Message:
   TASK_CONSTITUENT_RED Would you please convert 'ö' to uppercase!: abstain
  Stack Trace:
     at CnetControlPlane.Tests.LearningCaseRequestSyntaxTests.RequestConstituentsComposeWithoutChangingOriginalInput(String text, String operation, Byte key) in /home/marble/AI/CNET-worktrees/herdr-language-20260909/dotnet/CnetControlPlane.Tests/LearningCaseRequestSyntaxTests.cs:line 30
   at InvokeStub_LearningCaseRequestSyntaxTests.RequestConstituentsComposeWithoutChangingOriginalInput(Object, Span`1)
   at System.Reflection.MethodBaseInvoker.InvokeWithFewArgs(Object obj, BindingFlags invokeAttr, Binder binder, Object[] parameters, CultureInfo culture)
  Failed CnetControlPlane.Tests.LearningCaseRequestSyntaxTests.RequestConstituentsComposeWithoutChangingOriginalInput(text: "Please, convert the single quoted character 'ö' to"···, operation: "upper", key: 246) [< 1 ms]
  Error Message:
   TASK_CONSTITUENT_RED Please, convert the single quoted character 'ö' to uppercase!: abstain
  Stack Trace:
     at CnetControlPlane.Tests.LearningCaseRequestSyntaxTests.RequestConstituentsComposeWithoutChangingOriginalInput(String text, String operation, Byte key) in /home/marble/AI/CNET-worktrees/herdr-language-20260909/dotnet/CnetControlPlane.Tests/LearningCaseRequestSyntaxTests.cs:line 30
   at InvokeStub_LearningCaseRequestSyntaxTests.RequestConstituentsComposeWithoutChangingOriginalInput(Object, Span`1)
   at System.Reflection.MethodBaseInvoker.InvokeWithFewArgs(Object obj, BindingFlags invokeAttr, Binder binder, Object[] parameters, CultureInfo culture)
  Failed CnetControlPlane.Tests.LearningCaseRequestSyntaxTests.RequestConstituentsComposeWithoutChangingOriginalInput(text: "Would you please lowercase  'É'!", operation: "lower", key: 201) [< 1 ms]
  Error Message:
   TASK_CONSTITUENT_RED Would you please lowercase  'É'!: abstain
  Stack Trace:
     at CnetControlPlane.Tests.LearningCaseRequestSyntaxTests.RequestConstituentsComposeWithoutChangingOriginalInput(String text, String operation, Byte key) in /home/marble/AI/CNET-worktrees/herdr-language-20260909/dotnet/CnetControlPlane.Tests/LearningCaseRequestSyntaxTests.cs:line 30
   at InvokeStub_LearningCaseRequestSyntaxTests.RequestConstituentsComposeWithoutChangingOriginalInput(Object, Span`1)
   at System.Reflection.MethodBaseInvoker.InvokeWithFewArgs(Object obj, BindingFlags invokeAttr, Binder binder, Object[] parameters, CultureInfo culture)
  Failed CnetControlPlane.Tests.LearningCaseRequestSyntaxTests.RequestConstituentsComposeWithoutChangingOriginalInput(text: "Please, convert the character 'ö' to uppercase!", operation: "upper", key: 246) [< 1 ms]
  Error Message:
   TASK_CONSTITUENT_RED Please, convert the character 'ö' to uppercase!: abstain
  Stack Trace:
     at CnetControlPlane.Tests.LearningCaseRequestSyntaxTests.RequestConstituentsComposeWithoutChangingOriginalInput(String text, String operation, Byte key) in /home/marble/AI/CNET-worktrees/herdr-language-20260909/dotnet/CnetControlPlane.Tests/LearningCaseRequestSyntaxTests.cs:line 30
   at InvokeStub_LearningCaseRequestSyntaxTests.RequestConstituentsComposeWithoutChangingOriginalInput(Object, Span`1)
   at System.Reflection.MethodBaseInvoker.InvokeWithFewArgs(Object obj, BindingFlags invokeAttr, Binder binder, Object[] parameters, CultureInfo culture)
  Failed CnetControlPlane.Tests.LearningCaseRequestSyntaxTests.RequestConstituentsComposeWithoutChangingOriginalInput(text: "Would you please uppercase  'µ'!", operation: "upper", key: 181) [< 1 ms]
  Error Message:
   TASK_CONSTITUENT_RED Would you please uppercase  'µ'!: abstain
  Stack Trace:
     at CnetControlPlane.Tests.LearningCaseRequestSyntaxTests.RequestConstituentsComposeWithoutChangingOriginalInput(String text, String operation, Byte key) in /home/marble/AI/CNET-worktrees/herdr-language-20260909/dotnet/CnetControlPlane.Tests/LearningCaseRequestSyntaxTests.cs:line 30
   at InvokeStub_LearningCaseRequestSyntaxTests.RequestConstituentsComposeWithoutChangingOriginalInput(Object, Span`1)
   at System.Reflection.MethodBaseInvoker.InvokeWithFewArgs(Object obj, BindingFlags invokeAttr, Binder binder, Object[] parameters, CultureInfo culture)
  Passed CnetControlPlane.Tests.LearningCaseRequestSyntaxTests.RequestConstituentsComposeWithoutChangingOriginalInput(text: "render the single quoted character 'À' in lowercas"···, operation: "lower", key: 192) [< 1 ms]
  Failed CnetControlPlane.Tests.LearningCaseRequestSyntaxTests.RequestConstituentsComposeWithoutChangingOriginalInput(text: "Would you please uppercase the character  'µ'!", operation: "upper", key: 181) [< 1 ms]
  Error Message:
   TASK_CONSTITUENT_RED Would you please uppercase the character  'µ'!: clarify
  Stack Trace:
     at CnetControlPlane.Tests.LearningCaseRequestSyntaxTests.RequestConstituentsComposeWithoutChangingOriginalInput(String text, String operation, Byte key) in /home/marble/AI/CNET-worktrees/herdr-language-20260909/dotnet/CnetControlPlane.Tests/LearningCaseRequestSyntaxTests.cs:line 30
   at InvokeStub_LearningCaseRequestSyntaxTests.RequestConstituentsComposeWithoutChangingOriginalInput(Object, Span`1)
   at System.Reflection.MethodBaseInvoker.InvokeWithFewArgs(Object obj, BindingFlags invokeAttr, Binder binder, Object[] parameters, CultureInfo culture)
[xUnit.net 00:00:01.05]     CnetControlPlane.Tests.LearningCaseRequestSyntaxTests.RequestConstituentsComposeWithoutChangingOriginalInput(text: "Would you please lowercase the single quoted chara"···, operation: "lower", key: 201) [FAIL]
[xUnit.net 00:00:01.05]       TASK_CONSTITUENT_RED Would you please lowercase the single quoted character  'É'.: clarify
[xUnit.net 00:00:01.05]       Stack Trace:
[xUnit.net 00:00:01.05]         /home/marble/AI/CNET-worktrees/herdr-language-20260909/dotnet/CnetControlPlane.Tests/LearningCaseRequestSyntaxTests.cs(30,0): at CnetControlPlane.Tests.LearningCaseRequestSyntaxTests.RequestConstituentsComposeWithoutChangingOriginalInput(String text, String operation, Byte key)
[xUnit.net 00:00:01.05]            at InvokeStub_LearningCaseRequestSyntaxTests.RequestConstituentsComposeWithoutChangingOriginalInput(Object, Span`1)
[xUnit.net 00:00:01.05]            at System.Reflection.MethodBaseInvoker.InvokeWithFewArgs(Object obj, BindingFlags invokeAttr, Binder binder, Object[] parameters, CultureInfo culture)
[xUnit.net 00:00:01.05]     CnetControlPlane.Tests.LearningCaseRequestSyntaxTests.RequestConstituentsComposeWithoutChangingOriginalInput(text: "Could you kindly lowercase the character  'É'!", operation: "lower", key: 201) [FAIL]
[xUnit.net 00:00:01.05]       TASK_CONSTITUENT_RED Could you kindly lowercase the character  'É'!: abstain
[xUnit.net 00:00:01.05]       Stack Trace:
[xUnit.net 00:00:01.05]         /home/marble/AI/CNET-worktrees/herdr-language-20260909/dotnet/CnetControlPlane.Tests/LearningCaseRequestSyntaxTests.cs(30,0): at CnetControlPlane.Tests.LearningCaseRequestSyntaxTests.RequestConstituentsComposeWithoutChangingOriginalInput(String text, String operation, Byte key)
[xUnit.net 00:00:01.05]            at InvokeStub_LearningCaseRequestSyntaxTests.RequestConstituentsComposeWithoutChangingOriginalInput(Object, Span`1)
[xUnit.net 00:00:01.05]            at System.Reflection.MethodBaseInvoker.InvokeWithFewArgs(Object obj, BindingFlags invokeAttr, Binder binder, Object[] parameters, CultureInfo culture)
[xUnit.net 00:00:01.05]     CnetControlPlane.Tests.LearningCaseRequestSyntaxTests.RequestConstituentsComposeWithoutChangingOriginalInput(text: "Could you kindly uppercase  'µ'.", operation: "upper", key: 181) [FAIL]
[xUnit.net 00:00:01.05]       TASK_CONSTITUENT_RED Could you kindly uppercase  'µ'.: abstain
[xUnit.net 00:00:01.05]       Stack Trace:
[xUnit.net 00:00:01.05]         /home/marble/AI/CNET-worktrees/herdr-language-20260909/dotnet/CnetControlPlane.Tests/LearningCaseRequestSyntaxTests.cs(30,0): at CnetControlPlane.Tests.LearningCaseRequestSyntaxTests.RequestConstituentsComposeWithoutChangingOriginalInput(String text, String operation, Byte key)
[xUnit.net 00:00:01.05]            at InvokeStub_LearningCaseRequestSyntaxTests.RequestConstituentsComposeWithoutChangingOriginalInput(Object, Span`1)
[xUnit.net 00:00:01.05]            at System.Reflection.MethodBaseInvoker.InvokeWithFewArgs(Object obj, BindingFlags invokeAttr, Binder binder, Object[] parameters, CultureInfo culture)
[xUnit.net 00:00:01.05]     CnetControlPlane.Tests.LearningCaseRequestSyntaxTests.RequestConstituentsComposeWithoutChangingOriginalInput(text: "Please, lowercase the single quoted character  'É'"···, operation: "lower", key: 201) [FAIL]
[xUnit.net 00:00:01.05]       TASK_CONSTITUENT_RED Please, lowercase the single quoted character  'É'?: abstain
[xUnit.net 00:00:01.05]       Stack Trace:
[xUnit.net 00:00:01.05]         /home/marble/AI/CNET-worktrees/herdr-language-20260909/dotnet/CnetControlPlane.Tests/LearningCaseRequestSyntaxTests.cs(30,0): at CnetControlPlane.Tests.LearningCaseRequestSyntaxTests.RequestConstituentsComposeWithoutChangingOriginalInput(String text, String operation, Byte key)
[xUnit.net 00:00:01.05]            at InvokeStub_LearningCaseRequestSyntaxTests.RequestConstituentsComposeWithoutChangingOriginalInput(Object, Span`1)
[xUnit.net 00:00:01.05]            at System.Reflection.MethodBaseInvoker.InvokeWithFewArgs(Object obj, BindingFlags invokeAttr, Binder binder, Object[] parameters, CultureInfo culture)
[xUnit.net 00:00:01.05]     CnetControlPlane.Tests.LearningCaseRequestSyntaxTests.RequestConstituentsComposeWithoutChangingOriginalInput(text: "Could you kindly uppercase the character  'µ'!", operation: "upper", key: 181) [FAIL]
[xUnit.net 00:00:01.05]       TASK_CONSTITUENT_RED Could you kindly uppercase the character  'µ'!: abstain
[xUnit.net 00:00:01.05]       Stack Trace:
[xUnit.net 00:00:01.05]         /home/marble/AI/CNET-worktrees/herdr-language-20260909/dotnet/CnetControlPlane.Tests/LearningCaseRequestSyntaxTests.cs(30,0): at CnetControlPlane.Tests.LearningCaseRequestSyntaxTests.RequestConstituentsComposeWithoutChangingOriginalInput(String text, String operation, Byte key)
[xUnit.net 00:00:01.05]            at InvokeStub_LearningCaseRequestSyntaxTests.RequestConstituentsComposeWithoutChangingOriginalInput(Object, Span`1)
[xUnit.net 00:00:01.05]            at System.Reflection.MethodBaseInvoker.InvokeWithFewArgs(Object obj, BindingFlags invokeAttr, Binder binder, Object[] parameters, CultureInfo culture)
[xUnit.net 00:00:01.05]     CnetControlPlane.Tests.LearningCaseRequestSyntaxTests.RequestConstituentsComposeWithoutChangingOriginalInput(text: "Could you kindly write the single quoted character"···, operation: "upper", key: 241) [FAIL]
[xUnit.net 00:00:01.05]       TASK_CONSTITUENT_RED Could you kindly write the single quoted character 'ñ' in caps!: abstain
[xUnit.net 00:00:01.05]       Stack Trace:
[xUnit.net 00:00:01.05]         /home/marble/AI/CNET-worktrees/herdr-language-20260909/dotnet/CnetControlPlane.Tests/LearningCaseRequestSyntaxTests.cs(30,0): at CnetControlPlane.Tests.LearningCaseRequestSyntaxTests.RequestConstituentsComposeWithoutChangingOriginalInput(String text, String operation, Byte key)
[xUnit.net 00:00:01.05]            at InvokeStub_LearningCaseRequestSyntaxTests.RequestConstituentsComposeWithoutChangingOriginalInput(Object, Span`1)
[xUnit.net 00:00:01.05]            at System.Reflection.MethodBaseInvoker.InvokeWithFewArgs(Object obj, BindingFlags invokeAttr, Binder binder, Object[] parameters, CultureInfo culture)
[xUnit.net 00:00:01.05]     CnetControlPlane.Tests.LearningCaseRequestSyntaxTests.RequestConstituentsComposeWithoutChangingOriginalInput(text: "Could you kindly convert the character 'ö' to uppe"···, operation: "upper", key: 246) [FAIL]
[xUnit.net 00:00:01.05]       TASK_CONSTITUENT_RED Could you kindly convert the character 'ö' to uppercase?: abstain
[xUnit.net 00:00:01.05]       Stack Trace:
[xUnit.net 00:00:01.05]         /home/marble/AI/CNET-worktrees/herdr-language-20260909/dotnet/CnetControlPlane.Tests/LearningCaseRequestSyntaxTests.cs(30,0): at CnetControlPlane.Tests.LearningCaseRequestSyntaxTests.RequestConstituentsComposeWithoutChangingOriginalInput(String text, String operation, Byte key)
[xUnit.net 00:00:01.05]            at InvokeStub_LearningCaseRequestSyntaxTests.RequestConstituentsComposeWithoutChangingOriginalInput(Object, Span`1)
[xUnit.net 00:00:01.05]            at System.Reflection.MethodBaseInvoker.InvokeWithFewArgs(Object obj, BindingFlags invokeAttr, Binder binder, Object[] parameters, CultureInfo culture)
[xUnit.net 00:00:01.05]     CnetControlPlane.Tests.LearningCaseRequestSyntaxTests.RequestConstituentsComposeWithoutChangingOriginalInput(text: "Would you please uppercase the single quoted chara"···, operation: "upper", key: 181) [FAIL]
[xUnit.net 00:00:01.05]       TASK_CONSTITUENT_RED Would you please uppercase the single quoted character  'µ'!: clarify
[xUnit.net 00:00:01.05]       Stack Trace:
[xUnit.net 00:00:01.05]         /home/marble/AI/CNET-worktrees/herdr-language-20260909/dotnet/CnetControlPlane.Tests/LearningCaseRequestSyntaxTests.cs(30,0): at CnetControlPlane.Tests.LearningCaseRequestSyntaxTests.RequestConstituentsComposeWithoutChangingOriginalInput(String text, String operation, Byte key)
[xUnit.net 00:00:01.05]            at InvokeStub_LearningCaseRequestSyntaxTests.RequestConstituentsComposeWithoutChangingOriginalInput(Object, Span`1)
[xUnit.net 00:00:01.05]            at System.Reflection.MethodBaseInvoker.InvokeWithFewArgs(Object obj, BindingFlags invokeAttr, Binder binder, Object[] parameters, CultureInfo culture)
  Failed CnetControlPlane.Tests.LearningCaseRequestSyntaxTests.RequestConstituentsComposeWithoutChangingOriginalInput(text: "Would you please lowercase the single quoted chara"···, operation: "lower", key: 201) [< 1 ms]
  Error Message:
   TASK_CONSTITUENT_RED Would you please lowercase the single quoted character  'É'.: clarify
  Stack Trace:
     at CnetControlPlane.Tests.LearningCaseRequestSyntaxTests.RequestConstituentsComposeWithoutChangingOriginalInput(String text, String operation, Byte key) in /home/marble/AI/CNET-worktrees/herdr-language-20260909/dotnet/CnetControlPlane.Tests/LearningCaseRequestSyntaxTests.cs:line 30
   at InvokeStub_LearningCaseRequestSyntaxTests.RequestConstituentsComposeWithoutChangingOriginalInput(Object, Span`1)
   at System.Reflection.MethodBaseInvoker.InvokeWithFewArgs(Object obj, BindingFlags invokeAttr, Binder binder, Object[] parameters, CultureInfo culture)
  Failed CnetControlPlane.Tests.LearningCaseRequestSyntaxTests.RequestConstituentsComposeWithoutChangingOriginalInput(text: "Could you kindly lowercase the character  'É'!", operation: "lower", key: 201) [< 1 ms]
  Error Message:
   TASK_CONSTITUENT_RED Could you kindly lowercase the character  'É'!: abstain
  Stack Trace:
     at CnetControlPlane.Tests.LearningCaseRequestSyntaxTests.RequestConstituentsComposeWithoutChangingOriginalInput(String text, String operation, Byte key) in /home/marble/AI/CNET-worktrees/herdr-language-20260909/dotnet/CnetControlPlane.Tests/LearningCaseRequestSyntaxTests.cs:line 30
   at InvokeStub_LearningCaseRequestSyntaxTests.RequestConstituentsComposeWithoutChangingOriginalInput(Object, Span`1)
   at System.Reflection.MethodBaseInvoker.InvokeWithFewArgs(Object obj, BindingFlags invokeAttr, Binder binder, Object[] parameters, CultureInfo culture)
  Passed CnetControlPlane.Tests.LearningCaseRequestSyntaxTests.RequestConstituentsComposeWithoutChangingOriginalInput(text: "Would you please uppercase  'µ'?", operation: "upper", key: 181) [< 1 ms]
  Failed CnetControlPlane.Tests.LearningCaseRequestSyntaxTests.RequestConstituentsComposeWithoutChangingOriginalInput(text: "Could you kindly uppercase  'µ'.", operation: "upper", key: 181) [< 1 ms]
  Error Message:
   TASK_CONSTITUENT_RED Could you kindly uppercase  'µ'.: abstain
  Stack Trace:
     at CnetControlPlane.Tests.LearningCaseRequestSyntaxTests.RequestConstituentsComposeWithoutChangingOriginalInput(String text, String operation, Byte key) in /home/marble/AI/CNET-worktrees/herdr-language-20260909/dotnet/CnetControlPlane.Tests/LearningCaseRequestSyntaxTests.cs:line 30
   at InvokeStub_LearningCaseRequestSyntaxTests.RequestConstituentsComposeWithoutChangingOriginalInput(Object, Span`1)
   at System.Reflection.MethodBaseInvoker.InvokeWithFewArgs(Object obj, BindingFlags invokeAttr, Binder binder, Object[] parameters, CultureInfo culture)
  Failed CnetControlPlane.Tests.LearningCaseRequestSyntaxTests.RequestConstituentsComposeWithoutChangingOriginalInput(text: "Please, lowercase the single quoted character  'É'"···, operation: "lower", key: 201) [< 1 ms]
  Error Message:
   TASK_CONSTITUENT_RED Please, lowercase the single quoted character  'É'?: abstain
  Stack Trace:
     at CnetControlPlane.Tests.LearningCaseRequestSyntaxTests.RequestConstituentsComposeWithoutChangingOriginalInput(String text, String operation, Byte key) in /home/marble/AI/CNET-worktrees/herdr-language-20260909/dotnet/CnetControlPlane.Tests/LearningCaseRequestSyntaxTests.cs:line 30
   at InvokeStub_LearningCaseRequestSyntaxTests.RequestConstituentsComposeWithoutChangingOriginalInput(Object, Span`1)
   at System.Reflection.MethodBaseInvoker.InvokeWithFewArgs(Object obj, BindingFlags invokeAttr, Binder binder, Object[] parameters, CultureInfo culture)
  Failed CnetControlPlane.Tests.LearningCaseRequestSyntaxTests.RequestConstituentsComposeWithoutChangingOriginalInput(text: "Could you kindly uppercase the character  'µ'!", operation: "upper", key: 181) [< 1 ms]
  Error Message:
   TASK_CONSTITUENT_RED Could you kindly uppercase the character  'µ'!: abstain
  Stack Trace:
     at CnetControlPlane.Tests.LearningCaseRequestSyntaxTests.RequestConstituentsComposeWithoutChangingOriginalInput(String text, String operation, Byte key) in /home/marble/AI/CNET-worktrees/herdr-language-20260909/dotnet/CnetControlPlane.Tests/LearningCaseRequestSyntaxTests.cs:line 30
   at InvokeStub_LearningCaseRequestSyntaxTests.RequestConstituentsComposeWithoutChangingOriginalInput(Object, Span`1)
   at System.Reflection.MethodBaseInvoker.InvokeWithFewArgs(Object obj, BindingFlags invokeAttr, Binder binder, Object[] parameters, CultureInfo culture)
  Failed CnetControlPlane.Tests.LearningCaseRequestSyntaxTests.RequestConstituentsComposeWithoutChangingOriginalInput(text: "Could you kindly write the single quoted character"···, operation: "upper", key: 241) [< 1 ms]
  Error Message:
   TASK_CONSTITUENT_RED Could you kindly write the single quoted character 'ñ' in caps!: abstain
  Stack Trace:
     at CnetControlPlane.Tests.LearningCaseRequestSyntaxTests.RequestConstituentsComposeWithoutChangingOriginalInput(String text, String operation, Byte key) in /home/marble/AI/CNET-worktrees/herdr-language-20260909/dotnet/CnetControlPlane.Tests/LearningCaseRequestSyntaxTests.cs:line 30
   at InvokeStub_LearningCaseRequestSyntaxTests.RequestConstituentsComposeWithoutChangingOriginalInput(Object, Span`1)
   at System.Reflection.MethodBaseInvoker.InvokeWithFewArgs(Object obj, BindingFlags invokeAttr, Binder binder, Object[] parameters, CultureInfo culture)
  Failed CnetControlPlane.Tests.LearningCaseRequestSyntaxTests.RequestConstituentsComposeWithoutChangingOriginalInput(text: "Could you kindly convert the character 'ö' to uppe"···, operation: "upper", key: 246) [< 1 ms]
  Error Message:
   TASK_CONSTITUENT_RED Could you kindly convert the character 'ö' to uppercase?: abstain
  Stack Trace:
     at CnetControlPlane.Tests.LearningCaseRequestSyntaxTests.RequestConstituentsComposeWithoutChangingOriginalInput(String text, String operation, Byte key) in /home/marble/AI/CNET-worktrees/herdr-language-20260909/dotnet/CnetControlPlane.Tests/LearningCaseRequestSyntaxTests.cs:line 30
   at InvokeStub_LearningCaseRequestSyntaxTests.RequestConstituentsComposeWithoutChangingOriginalInput(Object, Span`1)
   at System.Reflection.MethodBaseInvoker.InvokeWithFewArgs(Object obj, BindingFlags invokeAttr, Binder binder, Object[] parameters, CultureInfo culture)
  Failed CnetControlPlane.Tests.LearningCaseRequestSyntaxTests.RequestConstituentsComposeWithoutChangingOriginalInput(text: "Would you please uppercase the single quoted chara"···, operation: "upper", key: 181) [< 1 ms]
  Error Message:
   TASK_CONSTITUENT_RED Would you please uppercase the single quoted character  'µ'!: clarify
  Stack Trace:
     at CnetControlPlane.Tests.LearningCaseRequestSyntaxTests.RequestConstituentsComposeWithoutChangingOriginalInput(String text, String operation, Byte key) in /home/marble/AI/CNET-worktrees/herdr-language-20260909/dotnet/CnetControlPlane.Tests/LearningCaseRequestSyntaxTests.cs:line 30
   at InvokeStub_LearningCaseRequestSyntaxTests.RequestConstituentsComposeWithoutChangingOriginalInput(Object, Span`1)
   at System.Reflection.MethodBaseInvoker.InvokeWithFewArgs(Object obj, BindingFlags invokeAttr, Binder binder, Object[] parameters, CultureInfo culture)
[xUnit.net 00:00:01.05]     CnetControlPlane.Tests.LearningCaseRequestSyntaxTests.RequestConstituentsComposeWithoutChangingOriginalInput(text: "Could you kindly uppercase the character  'µ'.", operation: "upper", key: 181) [FAIL]
[xUnit.net 00:00:01.05]       TASK_CONSTITUENT_RED Could you kindly uppercase the character  'µ'.: abstain
[xUnit.net 00:00:01.05]       Stack Trace:
[xUnit.net 00:00:01.05]         /home/marble/AI/CNET-worktrees/herdr-language-20260909/dotnet/CnetControlPlane.Tests/LearningCaseRequestSyntaxTests.cs(30,0): at CnetControlPlane.Tests.LearningCaseRequestSyntaxTests.RequestConstituentsComposeWithoutChangingOriginalInput(String text, String operation, Byte key)
[xUnit.net 00:00:01.05]            at InvokeStub_LearningCaseRequestSyntaxTests.RequestConstituentsComposeWithoutChangingOriginalInput(Object, Span`1)
[xUnit.net 00:00:01.05]            at System.Reflection.MethodBaseInvoker.InvokeWithFewArgs(Object obj, BindingFlags invokeAttr, Binder binder, Object[] parameters, CultureInfo culture)
[xUnit.net 00:00:01.05]     CnetControlPlane.Tests.LearningCaseRequestSyntaxTests.RequestConstituentsComposeWithoutChangingOriginalInput(text: "Please, lowercase the character  'É'?", operation: "lower", key: 201) [FAIL]
[xUnit.net 00:00:01.05]       TASK_CONSTITUENT_RED Please, lowercase the character  'É'?: abstain
[xUnit.net 00:00:01.05]       Stack Trace:
[xUnit.net 00:00:01.05]         /home/marble/AI/CNET-worktrees/herdr-language-20260909/dotnet/CnetControlPlane.Tests/LearningCaseRequestSyntaxTests.cs(30,0): at CnetControlPlane.Tests.LearningCaseRequestSyntaxTests.RequestConstituentsComposeWithoutChangingOriginalInput(String text, String operation, Byte key)
[xUnit.net 00:00:01.05]            at InvokeStub_LearningCaseRequestSyntaxTests.RequestConstituentsComposeWithoutChangingOriginalInput(Object, Span`1)
[xUnit.net 00:00:01.05]            at System.Reflection.MethodBaseInvoker.InvokeWithFewArgs(Object obj, BindingFlags invokeAttr, Binder binder, Object[] parameters, CultureInfo culture)
[xUnit.net 00:00:01.05]     CnetControlPlane.Tests.LearningCaseRequestSyntaxTests.RequestConstituentsComposeWithoutChangingOriginalInput(text: "write 'ñ' in caps.", operation: "upper", key: 241) [FAIL]
[xUnit.net 00:00:01.05]       TASK_CONSTITUENT_RED write 'ñ' in caps.: abstain
[xUnit.net 00:00:01.05]       Stack Trace:
[xUnit.net 00:00:01.05]         /home/marble/AI/CNET-worktrees/herdr-language-20260909/dotnet/CnetControlPlane.Tests/LearningCaseRequestSyntaxTests.cs(30,0): at CnetControlPlane.Tests.LearningCaseRequestSyntaxTests.RequestConstituentsComposeWithoutChangingOriginalInput(String text, String operation, Byte key)
[xUnit.net 00:00:01.05]            at InvokeStub_LearningCaseRequestSyntaxTests.RequestConstituentsComposeWithoutChangingOriginalInput(Object, Span`1)
[xUnit.net 00:00:01.05]            at System.Reflection.MethodBaseInvoker.InvokeWithFewArgs(Object obj, BindingFlags invokeAttr, Binder binder, Object[] parameters, CultureInfo culture)
[xUnit.net 00:00:01.05]     CnetControlPlane.Tests.LearningCaseRequestSyntaxTests.RequestConstituentsComposeWithoutChangingOriginalInput(text: "Could you kindly render the single quoted characte"···, operation: "lower", key: 192) [FAIL]
[xUnit.net 00:00:01.05]       TASK_CONSTITUENT_RED Could you kindly render the single quoted character 'À' in lowercase?: abstain
[xUnit.net 00:00:01.05]       Stack Trace:
[xUnit.net 00:00:01.05]         /home/marble/AI/CNET-worktrees/herdr-language-20260909/dotnet/CnetControlPlane.Tests/LearningCaseRequestSyntaxTests.cs(30,0): at CnetControlPlane.Tests.LearningCaseRequestSyntaxTests.RequestConstituentsComposeWithoutChangingOriginalInput(String text, String operation, Byte key)
[xUnit.net 00:00:01.05]            at InvokeStub_LearningCaseRequestSyntaxTests.RequestConstituentsComposeWithoutChangingOriginalInput(Object, Span`1)
[xUnit.net 00:00:01.05]            at System.Reflection.MethodBaseInvoker.InvokeWithFewArgs(Object obj, BindingFlags invokeAttr, Binder binder, Object[] parameters, CultureInfo culture)
[xUnit.net 00:00:01.05]     CnetControlPlane.Tests.LearningCaseRequestSyntaxTests.RequestConstituentsComposeWithoutChangingOriginalInput(text: "Could you kindly lowercase the character  'É'.", operation: "lower", key: 201) [FAIL]
[xUnit.net 00:00:01.05]       TASK_CONSTITUENT_RED Could you kindly lowercase the character  'É'.: abstain
[xUnit.net 00:00:01.05]       Stack Trace:
[xUnit.net 00:00:01.05]         /home/marble/AI/CNET-worktrees/herdr-language-20260909/dotnet/CnetControlPlane.Tests/LearningCaseRequestSyntaxTests.cs(30,0): at CnetControlPlane.Tests.LearningCaseRequestSyntaxTests.RequestConstituentsComposeWithoutChangingOriginalInput(String text, String operation, Byte key)
[xUnit.net 00:00:01.05]            at InvokeStub_LearningCaseRequestSyntaxTests.RequestConstituentsComposeWithoutChangingOriginalInput(Object, Span`1)
[xUnit.net 00:00:01.05]            at System.Reflection.MethodBaseInvoker.InvokeWithFewArgs(Object obj, BindingFlags invokeAttr, Binder binder, Object[] parameters, CultureInfo culture)
[xUnit.net 00:00:01.05]     CnetControlPlane.Tests.LearningCaseRequestSyntaxTests.RequestConstituentsComposeWithoutChangingOriginalInput(text: "Would you please uppercase the character  'µ'.", operation: "upper", key: 181) [FAIL]
[xUnit.net 00:00:01.05]       TASK_CONSTITUENT_RED Would you please uppercase the character  'µ'.: clarify
[xUnit.net 00:00:01.05]       Stack Trace:
[xUnit.net 00:00:01.05]         /home/marble/AI/CNET-worktrees/herdr-language-20260909/dotnet/CnetControlPlane.Tests/LearningCaseRequestSyntaxTests.cs(30,0): at CnetControlPlane.Tests.LearningCaseRequestSyntaxTests.RequestConstituentsComposeWithoutChangingOriginalInput(String text, String operation, Byte key)
[xUnit.net 00:00:01.05]            at InvokeStub_LearningCaseRequestSyntaxTests.RequestConstituentsComposeWithoutChangingOriginalInput(Object, Span`1)
[xUnit.net 00:00:01.05]            at System.Reflection.MethodBaseInvoker.InvokeWithFewArgs(Object obj, BindingFlags invokeAttr, Binder binder, Object[] parameters, CultureInfo culture)
[xUnit.net 00:00:01.05]     CnetControlPlane.Tests.LearningCaseRequestSyntaxTests.RequestConstituentsComposeWithoutChangingOriginalInput(text: "Please, uppercase  'µ'.", operation: "upper", key: 181) [FAIL]
[xUnit.net 00:00:01.05]       TASK_CONSTITUENT_RED Please, uppercase  'µ'.: abstain
[xUnit.net 00:00:01.05]       Stack Trace:
[xUnit.net 00:00:01.05]         /home/marble/AI/CNET-worktrees/herdr-language-20260909/dotnet/CnetControlPlane.Tests/LearningCaseRequestSyntaxTests.cs(30,0): at CnetControlPlane.Tests.LearningCaseRequestSyntaxTests.RequestConstituentsComposeWithoutChangingOriginalInput(String text, String operation, Byte key)
[xUnit.net 00:00:01.05]            at InvokeStub_LearningCaseRequestSyntaxTests.RequestConstituentsComposeWithoutChangingOriginalInput(Object, Span`1)
[xUnit.net 00:00:01.05]            at System.Reflection.MethodBaseInvoker.InvokeWithFewArgs(Object obj, BindingFlags invokeAttr, Binder binder, Object[] parameters, CultureInfo culture)
[xUnit.net 00:00:01.05]     CnetControlPlane.Tests.LearningCaseRequestSyntaxTests.RequestConstituentsComposeWithoutChangingOriginalInput(text: "Please, write 'ñ' in caps!", operation: "upper", key: 241) [FAIL]
[xUnit.net 00:00:01.05]       TASK_CONSTITUENT_RED Please, write 'ñ' in caps!: abstain
[xUnit.net 00:00:01.05]       Stack Trace:
[xUnit.net 00:00:01.05]         /home/marble/AI/CNET-worktrees/herdr-language-20260909/dotnet/CnetControlPlane.Tests/LearningCaseRequestSyntaxTests.cs(30,0): at CnetControlPlane.Tests.LearningCaseRequestSyntaxTests.RequestConstituentsComposeWithoutChangingOriginalInput(String text, String operation, Byte key)
[xUnit.net 00:00:01.05]            at InvokeStub_LearningCaseRequestSyntaxTests.RequestConstituentsComposeWithoutChangingOriginalInput(Object, Span`1)
[xUnit.net 00:00:01.05]            at System.Reflection.MethodBaseInvoker.InvokeWithFewArgs(Object obj, BindingFlags invokeAttr, Binder binder, Object[] parameters, CultureInfo culture)
  Failed CnetControlPlane.Tests.LearningCaseRequestSyntaxTests.RequestConstituentsComposeWithoutChangingOriginalInput(text: "Could you kindly uppercase the character  'µ'.", operation: "upper", key: 181) [< 1 ms]
  Error Message:
   TASK_CONSTITUENT_RED Could you kindly uppercase the character  'µ'.: abstain
  Stack Trace:
     at CnetControlPlane.Tests.LearningCaseRequestSyntaxTests.RequestConstituentsComposeWithoutChangingOriginalInput(String text, String operation, Byte key) in /home/marble/AI/CNET-worktrees/herdr-language-20260909/dotnet/CnetControlPlane.Tests/LearningCaseRequestSyntaxTests.cs:line 30
   at InvokeStub_LearningCaseRequestSyntaxTests.RequestConstituentsComposeWithoutChangingOriginalInput(Object, Span`1)
   at System.Reflection.MethodBaseInvoker.InvokeWithFewArgs(Object obj, BindingFlags invokeAttr, Binder binder, Object[] parameters, CultureInfo culture)
  Failed CnetControlPlane.Tests.LearningCaseRequestSyntaxTests.RequestConstituentsComposeWithoutChangingOriginalInput(text: "Please, lowercase the character  'É'?", operation: "lower", key: 201) [< 1 ms]
  Error Message:
   TASK_CONSTITUENT_RED Please, lowercase the character  'É'?: abstain
  Stack Trace:
     at CnetControlPlane.Tests.LearningCaseRequestSyntaxTests.RequestConstituentsComposeWithoutChangingOriginalInput(String text, String operation, Byte key) in /home/marble/AI/CNET-worktrees/herdr-language-20260909/dotnet/CnetControlPlane.Tests/LearningCaseRequestSyntaxTests.cs:line 30
   at InvokeStub_LearningCaseRequestSyntaxTests.RequestConstituentsComposeWithoutChangingOriginalInput(Object, Span`1)
   at System.Reflection.MethodBaseInvoker.InvokeWithFewArgs(Object obj, BindingFlags invokeAttr, Binder binder, Object[] parameters, CultureInfo culture)
  Failed CnetControlPlane.Tests.LearningCaseRequestSyntaxTests.RequestConstituentsComposeWithoutChangingOriginalInput(text: "write 'ñ' in caps.", operation: "upper", key: 241) [< 1 ms]
  Error Message:
   TASK_CONSTITUENT_RED write 'ñ' in caps.: abstain
  Stack Trace:
     at CnetControlPlane.Tests.LearningCaseRequestSyntaxTests.RequestConstituentsComposeWithoutChangingOriginalInput(String text, String operation, Byte key) in /home/marble/AI/CNET-worktrees/herdr-language-20260909/dotnet/CnetControlPlane.Tests/LearningCaseRequestSyntaxTests.cs:line 30
   at InvokeStub_LearningCaseRequestSyntaxTests.RequestConstituentsComposeWithoutChangingOriginalInput(Object, Span`1)
   at System.Reflection.MethodBaseInvoker.InvokeWithFewArgs(Object obj, BindingFlags invokeAttr, Binder binder, Object[] parameters, CultureInfo culture)
  Failed CnetControlPlane.Tests.LearningCaseRequestSyntaxTests.RequestConstituentsComposeWithoutChangingOriginalInput(text: "Could you kindly render the single quoted characte"···, operation: "lower", key: 192) [< 1 ms]
  Error Message:
   TASK_CONSTITUENT_RED Could you kindly render the single quoted character 'À' in lowercase?: abstain
  Stack Trace:
     at CnetControlPlane.Tests.LearningCaseRequestSyntaxTests.RequestConstituentsComposeWithoutChangingOriginalInput(String text, String operation, Byte key) in /home/marble/AI/CNET-worktrees/herdr-language-20260909/dotnet/CnetControlPlane.Tests/LearningCaseRequestSyntaxTests.cs:line 30
   at InvokeStub_LearningCaseRequestSyntaxTests.RequestConstituentsComposeWithoutChangingOriginalInput(Object, Span`1)
   at System.Reflection.MethodBaseInvoker.InvokeWithFewArgs(Object obj, BindingFlags invokeAttr, Binder binder, Object[] parameters, CultureInfo culture)
  Passed CnetControlPlane.Tests.LearningCaseRequestSyntaxTests.RequestConstituentsComposeWithoutChangingOriginalInput(text: "convert the single quoted character 'ö' to upperca"···, operation: "upper", key: 246) [< 1 ms]
  Failed CnetControlPlane.Tests.LearningCaseRequestSyntaxTests.RequestConstituentsComposeWithoutChangingOriginalInput(text: "Could you kindly lowercase the character  'É'.", operation: "lower", key: 201) [< 1 ms]
  Error Message:
   TASK_CONSTITUENT_RED Could you kindly lowercase the character  'É'.: abstain
  Stack Trace:
     at CnetControlPlane.Tests.LearningCaseRequestSyntaxTests.RequestConstituentsComposeWithoutChangingOriginalInput(String text, String operation, Byte key) in /home/marble/AI/CNET-worktrees/herdr-language-20260909/dotnet/CnetControlPlane.Tests/LearningCaseRequestSyntaxTests.cs:line 30
   at InvokeStub_LearningCaseRequestSyntaxTests.RequestConstituentsComposeWithoutChangingOriginalInput(Object, Span`1)
   at System.Reflection.MethodBaseInvoker.InvokeWithFewArgs(Object obj, BindingFlags invokeAttr, Binder binder, Object[] parameters, CultureInfo culture)
  Failed CnetControlPlane.Tests.LearningCaseRequestSyntaxTests.RequestConstituentsComposeWithoutChangingOriginalInput(text: "Would you please uppercase the character  'µ'.", operation: "upper", key: 181) [< 1 ms]
  Error Message:
   TASK_CONSTITUENT_RED Would you please uppercase the character  'µ'.: clarify
  Stack Trace:
     at CnetControlPlane.Tests.LearningCaseRequestSyntaxTests.RequestConstituentsComposeWithoutChangingOriginalInput(String text, String operation, Byte key) in /home/marble/AI/CNET-worktrees/herdr-language-20260909/dotnet/CnetControlPlane.Tests/LearningCaseRequestSyntaxTests.cs:line 30
   at InvokeStub_LearningCaseRequestSyntaxTests.RequestConstituentsComposeWithoutChangingOriginalInput(Object, Span`1)
   at System.Reflection.MethodBaseInvoker.InvokeWithFewArgs(Object obj, BindingFlags invokeAttr, Binder binder, Object[] parameters, CultureInfo culture)
  Failed CnetControlPlane.Tests.LearningCaseRequestSyntaxTests.RequestConstituentsComposeWithoutChangingOriginalInput(text: "Please, uppercase  'µ'.", operation: "upper", key: 181) [< 1 ms]
  Error Message:
   TASK_CONSTITUENT_RED Please, uppercase  'µ'.: abstain
  Stack Trace:
     at CnetControlPlane.Tests.LearningCaseRequestSyntaxTests.RequestConstituentsComposeWithoutChangingOriginalInput(String text, String operation, Byte key) in /home/marble/AI/CNET-worktrees/herdr-language-20260909/dotnet/CnetControlPlane.Tests/LearningCaseRequestSyntaxTests.cs:line 30
   at InvokeStub_LearningCaseRequestSyntaxTests.RequestConstituentsComposeWithoutChangingOriginalInput(Object, Span`1)
   at System.Reflection.MethodBaseInvoker.InvokeWithFewArgs(Object obj, BindingFlags invokeAttr, Binder binder, Object[] parameters, CultureInfo culture)
  Failed CnetControlPlane.Tests.LearningCaseRequestSyntaxTests.RequestConstituentsComposeWithoutChangingOriginalInput(text: "Please, write 'ñ' in caps!", operation: "upper", key: 241) [< 1 ms]
  Error Message:
   TASK_CONSTITUENT_RED Please, write 'ñ' in caps!: abstain
  Stack Trace:
     at CnetControlPlane.Tests.LearningCaseRequestSyntaxTests.RequestConstituentsComposeWithoutChangingOriginalInput(String text, String operation, Byte key) in /home/marble/AI/CNET-worktrees/herdr-language-20260909/dotnet/CnetControlPlane.Tests/LearningCaseRequestSyntaxTests.cs:line 30
   at InvokeStub_LearningCaseRequestSyntaxTests.RequestConstituentsComposeWithoutChangingOriginalInput(Object, Span`1)
   at System.Reflection.MethodBaseInvoker.InvokeWithFewArgs(Object obj, BindingFlags invokeAttr, Binder binder, Object[] parameters, CultureInfo culture)
[xUnit.net 00:00:01.05]     CnetControlPlane.Tests.LearningCaseRequestSyntaxTests.RequestConstituentsComposeWithoutChangingOriginalInput(text: "write the character 'ñ' in caps.", operation: "upper", key: 241) [FAIL]
[xUnit.net 00:00:01.05]       TASK_CONSTITUENT_RED write the character 'ñ' in caps.: abstain
[xUnit.net 00:00:01.05]       Stack Trace:
[xUnit.net 00:00:01.05]         /home/marble/AI/CNET-worktrees/herdr-language-20260909/dotnet/CnetControlPlane.Tests/LearningCaseRequestSyntaxTests.cs(30,0): at CnetControlPlane.Tests.LearningCaseRequestSyntaxTests.RequestConstituentsComposeWithoutChangingOriginalInput(String text, String operation, Byte key)
[xUnit.net 00:00:01.05]            at InvokeStub_LearningCaseRequestSyntaxTests.RequestConstituentsComposeWithoutChangingOriginalInput(Object, Span`1)
[xUnit.net 00:00:01.05]            at System.Reflection.MethodBaseInvoker.InvokeWithFewArgs(Object obj, BindingFlags invokeAttr, Binder binder, Object[] parameters, CultureInfo culture)
[xUnit.net 00:00:01.05]     CnetControlPlane.Tests.LearningCaseRequestSyntaxTests.RequestConstituentsComposeWithoutChangingOriginalInput(text: "Could you kindly convert the character 'ö' to uppe"···, operation: "upper", key: 246) [FAIL]
[xUnit.net 00:00:01.05]       TASK_CONSTITUENT_RED Could you kindly convert the character 'ö' to uppercase.: abstain
[xUnit.net 00:00:01.05]       Stack Trace:
[xUnit.net 00:00:01.05]         /home/marble/AI/CNET-worktrees/herdr-language-20260909/dotnet/CnetControlPlane.Tests/LearningCaseRequestSyntaxTests.cs(30,0): at CnetControlPlane.Tests.LearningCaseRequestSyntaxTests.RequestConstituentsComposeWithoutChangingOriginalInput(String text, String operation, Byte key)
[xUnit.net 00:00:01.05]            at InvokeStub_LearningCaseRequestSyntaxTests.RequestConstituentsComposeWithoutChangingOriginalInput(Object, Span`1)
[xUnit.net 00:00:01.05]            at System.Reflection.MethodBaseInvoker.InvokeWithFewArgs(Object obj, BindingFlags invokeAttr, Binder binder, Object[] parameters, CultureInfo culture)
[xUnit.net 00:00:01.05]     CnetControlPlane.Tests.LearningCaseRequestSyntaxTests.RequestConstituentsComposeWithoutChangingOriginalInput(text: "Would you please convert the single quoted charact"···, operation: "upper", key: 246) [FAIL]
[xUnit.net 00:00:01.05]       TASK_CONSTITUENT_RED Would you please convert the single quoted character 'ö' to uppercase!: abstain
[xUnit.net 00:00:01.05]       Stack Trace:
[xUnit.net 00:00:01.05]         /home/marble/AI/CNET-worktrees/herdr-language-20260909/dotnet/CnetControlPlane.Tests/LearningCaseRequestSyntaxTests.cs(30,0): at CnetControlPlane.Tests.LearningCaseRequestSyntaxTests.RequestConstituentsComposeWithoutChangingOriginalInput(String text, String operation, Byte key)
[xUnit.net 00:00:01.05]            at InvokeStub_LearningCaseRequestSyntaxTests.RequestConstituentsComposeWithoutChangingOriginalInput(Object, Span`1)
[xUnit.net 00:00:01.05]            at System.Reflection.MethodBaseInvoker.InvokeWithFewArgs(Object obj, BindingFlags invokeAttr, Binder binder, Object[] parameters, CultureInfo culture)
[xUnit.net 00:00:01.05]     CnetControlPlane.Tests.LearningCaseRequestSyntaxTests.RequestConstituentsComposeWithoutChangingOriginalInput(text: "Please, convert the single quoted character 'ö' to"···, operation: "upper", key: 246) [FAIL]
[xUnit.net 00:00:01.05]       TASK_CONSTITUENT_RED Please, convert the single quoted character 'ö' to uppercase?: abstain
[xUnit.net 00:00:01.05]       Stack Trace:
[xUnit.net 00:00:01.05]         /home/marble/AI/CNET-worktrees/herdr-language-20260909/dotnet/CnetControlPlane.Tests/LearningCaseRequestSyntaxTests.cs(30,0): at CnetControlPlane.Tests.LearningCaseRequestSyntaxTests.RequestConstituentsComposeWithoutChangingOriginalInput(String text, String operation, Byte key)
[xUnit.net 00:00:01.05]            at InvokeStub_LearningCaseRequestSyntaxTests.RequestConstituentsComposeWithoutChangingOriginalInput(Object, Span`1)
[xUnit.net 00:00:01.05]            at System.Reflection.MethodBaseInvoker.InvokeWithFewArgs(Object obj, BindingFlags invokeAttr, Binder binder, Object[] parameters, CultureInfo culture)
[xUnit.net 00:00:01.05]     CnetControlPlane.Tests.LearningCaseRequestSyntaxTests.RequestConstituentsComposeWithoutChangingOriginalInput(text: "lowercase the single quoted character  'É'!", operation: "lower", key: 201) [FAIL]
[xUnit.net 00:00:01.05]       TASK_CONSTITUENT_RED lowercase the single quoted character  'É'!: clarify
[xUnit.net 00:00:01.05]       Stack Trace:
[xUnit.net 00:00:01.05]         /home/marble/AI/CNET-worktrees/herdr-language-20260909/dotnet/CnetControlPlane.Tests/LearningCaseRequestSyntaxTests.cs(30,0): at CnetControlPlane.Tests.LearningCaseRequestSyntaxTests.RequestConstituentsComposeWithoutChangingOriginalInput(String text, String operation, Byte key)
[xUnit.net 00:00:01.05]            at InvokeStub_LearningCaseRequestSyntaxTests.RequestConstituentsComposeWithoutChangingOriginalInput(Object, Span`1)
[xUnit.net 00:00:01.05]            at System.Reflection.MethodBaseInvoker.InvokeWithFewArgs(Object obj, BindingFlags invokeAttr, Binder binder, Object[] parameters, CultureInfo culture)
[xUnit.net 00:00:01.05]     CnetControlPlane.Tests.LearningCaseRequestSyntaxTests.RequestConstituentsComposeWithoutChangingOriginalInput(text: "Could you kindly lowercase the single quoted chara"···, operation: "lower", key: 201) [FAIL]
[xUnit.net 00:00:01.05]       TASK_CONSTITUENT_RED Could you kindly lowercase the single quoted character  'É'!: abstain
[xUnit.net 00:00:01.05]       Stack Trace:
[xUnit.net 00:00:01.05]         /home/marble/AI/CNET-worktrees/herdr-language-20260909/dotnet/CnetControlPlane.Tests/LearningCaseRequestSyntaxTests.cs(30,0): at CnetControlPlane.Tests.LearningCaseRequestSyntaxTests.RequestConstituentsComposeWithoutChangingOriginalInput(String text, String operation, Byte key)
[xUnit.net 00:00:01.05]            at InvokeStub_LearningCaseRequestSyntaxTests.RequestConstituentsComposeWithoutChangingOriginalInput(Object, Span`1)
[xUnit.net 00:00:01.05]            at System.Reflection.MethodBaseInvoker.InvokeWithFewArgs(Object obj, BindingFlags invokeAttr, Binder binder, Object[] parameters, CultureInfo culture)
[xUnit.net 00:00:01.05]     CnetControlPlane.Tests.LearningCaseRequestSyntaxTests.RequestConstituentsComposeWithoutChangingOriginalInput(text: "Would you please render the single quoted characte"···, operation: "lower", key: 192) [FAIL]
[xUnit.net 00:00:01.05]       TASK_CONSTITUENT_RED Would you please render the single quoted character 'À' in lowercase!: abstain
[xUnit.net 00:00:01.05]       Stack Trace:
[xUnit.net 00:00:01.05]         /home/marble/AI/CNET-worktrees/herdr-language-20260909/dotnet/CnetControlPlane.Tests/LearningCaseRequestSyntaxTests.cs(30,0): at CnetControlPlane.Tests.LearningCaseRequestSyntaxTests.RequestConstituentsComposeWithoutChangingOriginalInput(String text, String operation, Byte key)
[xUnit.net 00:00:01.05]            at InvokeStub_LearningCaseRequestSyntaxTests.RequestConstituentsComposeWithoutChangingOriginalInput(Object, Span`1)
[xUnit.net 00:00:01.05]            at System.Reflection.MethodBaseInvoker.InvokeWithFewArgs(Object obj, BindingFlags invokeAttr, Binder binder, Object[] parameters, CultureInfo culture)
  Failed CnetControlPlane.Tests.LearningCaseRequestSyntaxTests.RequestConstituentsComposeWithoutChangingOriginalInput(text: "write the character 'ñ' in caps.", operation: "upper", key: 241) [< 1 ms]
  Error Message:
   TASK_CONSTITUENT_RED write the character 'ñ' in caps.: abstain
  Stack Trace:
     at CnetControlPlane.Tests.LearningCaseRequestSyntaxTests.RequestConstituentsComposeWithoutChangingOriginalInput(String text, String operation, Byte key) in /home/marble/AI/CNET-worktrees/herdr-language-20260909/dotnet/CnetControlPlane.Tests/LearningCaseRequestSyntaxTests.cs:line 30
   at InvokeStub_LearningCaseRequestSyntaxTests.RequestConstituentsComposeWithoutChangingOriginalInput(Object, Span`1)
   at System.Reflection.MethodBaseInvoker.InvokeWithFewArgs(Object obj, BindingFlags invokeAttr, Binder binder, Object[] parameters, CultureInfo culture)
  Failed CnetControlPlane.Tests.LearningCaseRequestSyntaxTests.RequestConstituentsComposeWithoutChangingOriginalInput(text: "Could you kindly convert the character 'ö' to uppe"···, operation: "upper", key: 246) [< 1 ms]
  Error Message:
   TASK_CONSTITUENT_RED Could you kindly convert the character 'ö' to uppercase.: abstain
  Stack Trace:
     at CnetControlPlane.Tests.LearningCaseRequestSyntaxTests.RequestConstituentsComposeWithoutChangingOriginalInput(String text, String operation, Byte key) in /home/marble/AI/CNET-worktrees/herdr-language-20260909/dotnet/CnetControlPlane.Tests/LearningCaseRequestSyntaxTests.cs:line 30
   at InvokeStub_LearningCaseRequestSyntaxTests.RequestConstituentsComposeWithoutChangingOriginalInput(Object, Span`1)
   at System.Reflection.MethodBaseInvoker.InvokeWithFewArgs(Object obj, BindingFlags invokeAttr, Binder binder, Object[] parameters, CultureInfo culture)
  Failed CnetControlPlane.Tests.LearningCaseRequestSyntaxTests.RequestConstituentsComposeWithoutChangingOriginalInput(text: "Would you please convert the single quoted charact"···, operation: "upper", key: 246) [< 1 ms]
  Error Message:
   TASK_CONSTITUENT_RED Would you please convert the single quoted character 'ö' to uppercase!: abstain
  Stack Trace:
     at CnetControlPlane.Tests.LearningCaseRequestSyntaxTests.RequestConstituentsComposeWithoutChangingOriginalInput(String text, String operation, Byte key) in /home/marble/AI/CNET-worktrees/herdr-language-20260909/dotnet/CnetControlPlane.Tests/LearningCaseRequestSyntaxTests.cs:line 30
   at InvokeStub_LearningCaseRequestSyntaxTests.RequestConstituentsComposeWithoutChangingOriginalInput(Object, Span`1)
   at System.Reflection.MethodBaseInvoker.InvokeWithFewArgs(Object obj, BindingFlags invokeAttr, Binder binder, Object[] parameters, CultureInfo culture)
  Failed CnetControlPlane.Tests.LearningCaseRequestSyntaxTests.RequestConstituentsComposeWithoutChangingOriginalInput(text: "Please, convert the single quoted character 'ö' to"···, operation: "upper", key: 246) [< 1 ms]
  Error Message:
   TASK_CONSTITUENT_RED Please, convert the single quoted character 'ö' to uppercase?: abstain
  Stack Trace:
     at CnetControlPlane.Tests.LearningCaseRequestSyntaxTests.RequestConstituentsComposeWithoutChangingOriginalInput(String text, String operation, Byte key) in /home/marble/AI/CNET-worktrees/herdr-language-20260909/dotnet/CnetControlPlane.Tests/LearningCaseRequestSyntaxTests.cs:line 30
   at InvokeStub_LearningCaseRequestSyntaxTests.RequestConstituentsComposeWithoutChangingOriginalInput(Object, Span`1)
   at System.Reflection.MethodBaseInvoker.InvokeWithFewArgs(Object obj, BindingFlags invokeAttr, Binder binder, Object[] parameters, CultureInfo culture)
  Passed CnetControlPlane.Tests.LearningCaseRequestSyntaxTests.RequestConstituentsComposeWithoutChangingOriginalInput(text: "Would you please convert the character 'ö' to uppe"···, operation: "upper", key: 246) [< 1 ms]
  Passed CnetControlPlane.Tests.LearningCaseRequestSyntaxTests.RequestConstituentsComposeWithoutChangingOriginalInput(text: "convert the single quoted character 'ö' to upperca"···, operation: "upper", key: 246) [< 1 ms]
  Failed CnetControlPlane.Tests.LearningCaseRequestSyntaxTests.RequestConstituentsComposeWithoutChangingOriginalInput(text: "lowercase the single quoted character  'É'!", operation: "lower", key: 201) [< 1 ms]
  Error Message:
   TASK_CONSTITUENT_RED lowercase the single quoted character  'É'!: clarify
  Stack Trace:
     at CnetControlPlane.Tests.LearningCaseRequestSyntaxTests.RequestConstituentsComposeWithoutChangingOriginalInput(String text, String operation, Byte key) in /home/marble/AI/CNET-worktrees/herdr-language-20260909/dotnet/CnetControlPlane.Tests/LearningCaseRequestSyntaxTests.cs:line 30
   at InvokeStub_LearningCaseRequestSyntaxTests.RequestConstituentsComposeWithoutChangingOriginalInput(Object, Span`1)
   at System.Reflection.MethodBaseInvoker.InvokeWithFewArgs(Object obj, BindingFlags invokeAttr, Binder binder, Object[] parameters, CultureInfo culture)
  Failed CnetControlPlane.Tests.LearningCaseRequestSyntaxTests.RequestConstituentsComposeWithoutChangingOriginalInput(text: "Could you kindly lowercase the single quoted chara"···, operation: "lower", key: 201) [< 1 ms]
  Error Message:
   TASK_CONSTITUENT_RED Could you kindly lowercase the single quoted character  'É'!: abstain
  Stack Trace:
     at CnetControlPlane.Tests.LearningCaseRequestSyntaxTests.RequestConstituentsComposeWithoutChangingOriginalInput(String text, String operation, Byte key) in /home/marble/AI/CNET-worktrees/herdr-language-20260909/dotnet/CnetControlPlane.Tests/LearningCaseRequestSyntaxTests.cs:line 30
   at InvokeStub_LearningCaseRequestSyntaxTests.RequestConstituentsComposeWithoutChangingOriginalInput(Object, Span`1)
   at System.Reflection.MethodBaseInvoker.InvokeWithFewArgs(Object obj, BindingFlags invokeAttr, Binder binder, Object[] parameters, CultureInfo culture)
  Failed CnetControlPlane.Tests.LearningCaseRequestSyntaxTests.RequestConstituentsComposeWithoutChangingOriginalInput(text: "Would you please render the single quoted characte"···, operation: "lower", key: 192) [< 1 ms]
  Error Message:
   TASK_CONSTITUENT_RED Would you please render the single quoted character 'À' in lowercase!: abstain
  Stack Trace:
     at CnetControlPlane.Tests.LearningCaseRequestSyntaxTests.RequestConstituentsComposeWithoutChangingOriginalInput(String text, String operation, Byte key) in /home/marble/AI/CNET-worktrees/herdr-language-20260909/dotnet/CnetControlPlane.Tests/LearningCaseRequestSyntaxTests.cs:line 30
   at InvokeStub_LearningCaseRequestSyntaxTests.RequestConstituentsComposeWithoutChangingOriginalInput(Object, Span`1)
   at System.Reflection.MethodBaseInvoker.InvokeWithFewArgs(Object obj, BindingFlags invokeAttr, Binder binder, Object[] parameters, CultureInfo culture)
[xUnit.net 00:00:01.05]     CnetControlPlane.Tests.LearningCaseRequestSyntaxTests.RequestConstituentsComposeWithoutChangingOriginalInput(text: "Please, render 'À' in lowercase?", operation: "lower", key: 192) [FAIL]
[xUnit.net 00:00:01.05]       TASK_CONSTITUENT_RED Please, render 'À' in lowercase?: abstain
[xUnit.net 00:00:01.05]       Stack Trace:
[xUnit.net 00:00:01.05]         /home/marble/AI/CNET-worktrees/herdr-language-20260909/dotnet/CnetControlPlane.Tests/LearningCaseRequestSyntaxTests.cs(30,0): at CnetControlPlane.Tests.LearningCaseRequestSyntaxTests.RequestConstituentsComposeWithoutChangingOriginalInput(String text, String operation, Byte key)
[xUnit.net 00:00:01.05]            at InvokeStub_LearningCaseRequestSyntaxTests.RequestConstituentsComposeWithoutChangingOriginalInput(Object, Span`1)
[xUnit.net 00:00:01.05]            at System.Reflection.MethodBaseInvoker.InvokeWithFewArgs(Object obj, BindingFlags invokeAttr, Binder binder, Object[] parameters, CultureInfo culture)
[xUnit.net 00:00:01.05]     CnetControlPlane.Tests.LearningCaseRequestSyntaxTests.RequestConstituentsComposeWithoutChangingOriginalInput(text: "Would you please write the character 'ñ' in caps!", operation: "upper", key: 241) [FAIL]
[xUnit.net 00:00:01.05]       TASK_CONSTITUENT_RED Would you please write the character 'ñ' in caps!: abstain
[xUnit.net 00:00:01.05]       Stack Trace:
[xUnit.net 00:00:01.05]         /home/marble/AI/CNET-worktrees/herdr-language-20260909/dotnet/CnetControlPlane.Tests/LearningCaseRequestSyntaxTests.cs(30,0): at CnetControlPlane.Tests.LearningCaseRequestSyntaxTests.RequestConstituentsComposeWithoutChangingOriginalInput(String text, String operation, Byte key)
[xUnit.net 00:00:01.05]            at InvokeStub_LearningCaseRequestSyntaxTests.RequestConstituentsComposeWithoutChangingOriginalInput(Object, Span`1)
[xUnit.net 00:00:01.05]            at System.Reflection.MethodBaseInvoker.InvokeWithFewArgs(Object obj, BindingFlags invokeAttr, Binder binder, Object[] parameters, CultureInfo culture)
[xUnit.net 00:00:01.05]     CnetControlPlane.Tests.LearningCaseRequestSyntaxTests.RequestConstituentsComposeWithoutChangingOriginalInput(text: "lowercase  'É'!", operation: "lower", key: 201) [FAIL]
[xUnit.net 00:00:01.05]       TASK_CONSTITUENT_RED lowercase  'É'!: abstain
[xUnit.net 00:00:01.05]       Stack Trace:
[xUnit.net 00:00:01.05]         /home/marble/AI/CNET-worktrees/herdr-language-20260909/dotnet/CnetControlPlane.Tests/LearningCaseRequestSyntaxTests.cs(30,0): at CnetControlPlane.Tests.LearningCaseRequestSyntaxTests.RequestConstituentsComposeWithoutChangingOriginalInput(String text, String operation, Byte key)
[xUnit.net 00:00:01.05]            at InvokeStub_LearningCaseRequestSyntaxTests.RequestConstituentsComposeWithoutChangingOriginalInput(Object, Span`1)
[xUnit.net 00:00:01.05]            at System.Reflection.MethodBaseInvoker.InvokeWithFewArgs(Object obj, BindingFlags invokeAttr, Binder binder, Object[] parameters, CultureInfo culture)
[xUnit.net 00:00:01.05]     CnetControlPlane.Tests.LearningCaseRequestSyntaxTests.RequestConstituentsComposeWithoutChangingOriginalInput(text: "write the single quoted character 'ñ' in caps?", operation: "upper", key: 241) [FAIL]
[xUnit.net 00:00:01.05]       TASK_CONSTITUENT_RED write the single quoted character 'ñ' in caps?: abstain
[xUnit.net 00:00:01.05]       Stack Trace:
[xUnit.net 00:00:01.05]         /home/marble/AI/CNET-worktrees/herdr-language-20260909/dotnet/CnetControlPlane.Tests/LearningCaseRequestSyntaxTests.cs(30,0): at CnetControlPlane.Tests.LearningCaseRequestSyntaxTests.RequestConstituentsComposeWithoutChangingOriginalInput(String text, String operation, Byte key)
[xUnit.net 00:00:01.05]            at InvokeStub_LearningCaseRequestSyntaxTests.RequestConstituentsComposeWithoutChangingOriginalInput(Object, Span`1)
[xUnit.net 00:00:01.05]            at System.Reflection.MethodBaseInvoker.InvokeWithFewArgs(Object obj, BindingFlags invokeAttr, Binder binder, Object[] parameters, CultureInfo culture)
[xUnit.net 00:00:01.05]     CnetControlPlane.Tests.LearningCaseRequestSyntaxTests.RequestConstituentsComposeWithoutChangingOriginalInput(text: "lowercase the character  'É'!", operation: "lower", key: 201) [FAIL]
[xUnit.net 00:00:01.05]       TASK_CONSTITUENT_RED lowercase the character  'É'!: clarify
[xUnit.net 00:00:01.05]       Stack Trace:
[xUnit.net 00:00:01.05]         /home/marble/AI/CNET-worktrees/herdr-language-20260909/dotnet/CnetControlPlane.Tests/LearningCaseRequestSyntaxTests.cs(30,0): at CnetControlPlane.Tests.LearningCaseRequestSyntaxTests.RequestConstituentsComposeWithoutChangingOriginalInput(String text, String operation, Byte key)
[xUnit.net 00:00:01.05]            at InvokeStub_LearningCaseRequestSyntaxTests.RequestConstituentsComposeWithoutChangingOriginalInput(Object, Span`1)
[xUnit.net 00:00:01.05]            at System.Reflection.MethodBaseInvoker.InvokeWithFewArgs(Object obj, BindingFlags invokeAttr, Binder binder, Object[] parameters, CultureInfo culture)
[xUnit.net 00:00:01.05]     CnetControlPlane.Tests.LearningCaseRequestSyntaxTests.RequestConstituentsComposeWithoutChangingOriginalInput(text: "lowercase the character  'É'.", operation: "lower", key: 201) [FAIL]
[xUnit.net 00:00:01.05]       TASK_CONSTITUENT_RED lowercase the character  'É'.: clarify
[xUnit.net 00:00:01.05]       Stack Trace:
[xUnit.net 00:00:01.05]         /home/marble/AI/CNET-worktrees/herdr-language-20260909/dotnet/CnetControlPlane.Tests/LearningCaseRequestSyntaxTests.cs(30,0): at CnetControlPlane.Tests.LearningCaseRequestSyntaxTests.RequestConstituentsComposeWithoutChangingOriginalInput(String text, String operation, Byte key)
[xUnit.net 00:00:01.05]            at InvokeStub_LearningCaseRequestSyntaxTests.RequestConstituentsComposeWithoutChangingOriginalInput(Object, Span`1)
[xUnit.net 00:00:01.05]            at System.Reflection.MethodBaseInvoker.InvokeWithFewArgs(Object obj, BindingFlags invokeAttr, Binder binder, Object[] parameters, CultureInfo culture)
  Failed CnetControlPlane.Tests.LearningCaseRequestSyntaxTests.RequestConstituentsComposeWithoutChangingOriginalInput(text: "Please, render 'À' in lowercase?", operation: "lower", key: 192) [< 1 ms]
  Error Message:
   TASK_CONSTITUENT_RED Please, render 'À' in lowercase?: abstain
  Stack Trace:
     at CnetControlPlane.Tests.LearningCaseRequestSyntaxTests.RequestConstituentsComposeWithoutChangingOriginalInput(String text, String operation, Byte key) in /home/marble/AI/CNET-worktrees/herdr-language-20260909/dotnet/CnetControlPlane.Tests/LearningCaseRequestSyntaxTests.cs:line 30
   at InvokeStub_LearningCaseRequestSyntaxTests.RequestConstituentsComposeWithoutChangingOriginalInput(Object, Span`1)
   at System.Reflection.MethodBaseInvoker.InvokeWithFewArgs(Object obj, BindingFlags invokeAttr, Binder binder, Object[] parameters, CultureInfo culture)
  Failed CnetControlPlane.Tests.LearningCaseRequestSyntaxTests.RequestConstituentsComposeWithoutChangingOriginalInput(text: "Would you please write the character 'ñ' in caps!", operation: "upper", key: 241) [< 1 ms]
  Error Message:
   TASK_CONSTITUENT_RED Would you please write the character 'ñ' in caps!: abstain
  Stack Trace:
     at CnetControlPlane.Tests.LearningCaseRequestSyntaxTests.RequestConstituentsComposeWithoutChangingOriginalInput(String text, String operation, Byte key) in /home/marble/AI/CNET-worktrees/herdr-language-20260909/dotnet/CnetControlPlane.Tests/LearningCaseRequestSyntaxTests.cs:line 30
   at InvokeStub_LearningCaseRequestSyntaxTests.RequestConstituentsComposeWithoutChangingOriginalInput(Object, Span`1)
   at System.Reflection.MethodBaseInvoker.InvokeWithFewArgs(Object obj, BindingFlags invokeAttr, Binder binder, Object[] parameters, CultureInfo culture)
  Failed CnetControlPlane.Tests.LearningCaseRequestSyntaxTests.RequestConstituentsComposeWithoutChangingOriginalInput(text: "lowercase  'É'!", operation: "lower", key: 201) [< 1 ms]
  Error Message:
   TASK_CONSTITUENT_RED lowercase  'É'!: abstain
  Stack Trace:
     at CnetControlPlane.Tests.LearningCaseRequestSyntaxTests.RequestConstituentsComposeWithoutChangingOriginalInput(String text, String operation, Byte key) in /home/marble/AI/CNET-worktrees/herdr-language-20260909/dotnet/CnetControlPlane.Tests/LearningCaseRequestSyntaxTests.cs:line 30
   at InvokeStub_LearningCaseRequestSyntaxTests.RequestConstituentsComposeWithoutChangingOriginalInput(Object, Span`1)
   at System.Reflection.MethodBaseInvoker.InvokeWithFewArgs(Object obj, BindingFlags invokeAttr, Binder binder, Object[] parameters, CultureInfo culture)
  Failed CnetControlPlane.Tests.LearningCaseRequestSyntaxTests.RequestConstituentsComposeWithoutChangingOriginalInput(text: "write the single quoted character 'ñ' in caps?", operation: "upper", key: 241) [< 1 ms]
  Error Message:
   TASK_CONSTITUENT_RED write the single quoted character 'ñ' in caps?: abstain
  Stack Trace:
     at CnetControlPlane.Tests.LearningCaseRequestSyntaxTests.RequestConstituentsComposeWithoutChangingOriginalInput(String text, String operation, Byte key) in /home/marble/AI/CNET-worktrees/herdr-language-20260909/dotnet/CnetControlPlane.Tests/LearningCaseRequestSyntaxTests.cs:line 30
   at InvokeStub_LearningCaseRequestSyntaxTests.RequestConstituentsComposeWithoutChangingOriginalInput(Object, Span`1)
   at System.Reflection.MethodBaseInvoker.InvokeWithFewArgs(Object obj, BindingFlags invokeAttr, Binder binder, Object[] parameters, CultureInfo culture)
  Passed CnetControlPlane.Tests.LearningCaseRequestSyntaxTests.RequestConstituentsComposeWithoutChangingOriginalInput(text: "convert 'ö' to uppercase.", operation: "upper", key: 246) [< 1 ms]
  Failed CnetControlPlane.Tests.LearningCaseRequestSyntaxTests.RequestConstituentsComposeWithoutChangingOriginalInput(text: "lowercase the character  'É'!", operation: "lower", key: 201) [< 1 ms]
  Error Message:
   TASK_CONSTITUENT_RED lowercase the character  'É'!: clarify
  Stack Trace:
     at CnetControlPlane.Tests.LearningCaseRequestSyntaxTests.RequestConstituentsComposeWithoutChangingOriginalInput(String text, String operation, Byte key) in /home/marble/AI/CNET-worktrees/herdr-language-20260909/dotnet/CnetControlPlane.Tests/LearningCaseRequestSyntaxTests.cs:line 30
   at InvokeStub_LearningCaseRequestSyntaxTests.RequestConstituentsComposeWithoutChangingOriginalInput(Object, Span`1)
   at System.Reflection.MethodBaseInvoker.InvokeWithFewArgs(Object obj, BindingFlags invokeAttr, Binder binder, Object[] parameters, CultureInfo culture)
  Passed CnetControlPlane.Tests.LearningCaseRequestSyntaxTests.RequestConstituentsComposeWithoutChangingOriginalInput(text: "convert 'ö' to uppercase?", operation: "upper", key: 246) [< 1 ms]
  Failed CnetControlPlane.Tests.LearningCaseRequestSyntaxTests.RequestConstituentsComposeWithoutChangingOriginalInput(text: "lowercase the character  'É'.", operation: "lower", key: 201) [< 1 ms]
  Error Message:
   TASK_CONSTITUENT_RED lowercase the character  'É'.: clarify
  Stack Trace:
     at CnetControlPlane.Tests.LearningCaseRequestSyntaxTests.RequestConstituentsComposeWithoutChangingOriginalInput(String text, String operation, Byte key) in /home/marble/AI/CNET-worktrees/herdr-language-20260909/dotnet/CnetControlPlane.Tests/LearningCaseRequestSyntaxTests.cs:line 30
   at InvokeStub_LearningCaseRequestSyntaxTests.RequestConstituentsComposeWithoutChangingOriginalInput(Object, Span`1)
   at System.Reflection.MethodBaseInvoker.InvokeWithFewArgs(Object obj, BindingFlags invokeAttr, Binder binder, Object[] parameters, CultureInfo culture)
  Passed CnetControlPlane.Tests.LearningCaseRequestSyntaxTests.RequestConstituentsComposeWithoutChangingOriginalInput(text: "Would you please render the single quoted characte"···, operation: "lower", key: 192) [< 1 ms]
[xUnit.net 00:00:01.05]     CnetControlPlane.Tests.LearningCaseRequestSyntaxTests.RequestConstituentsComposeWithoutChangingOriginalInput(text: "Would you please write the character 'ñ' in caps?", operation: "upper", key: 241) [FAIL]
[xUnit.net 00:00:01.05]       TASK_CONSTITUENT_RED Would you please write the character 'ñ' in caps?: abstain
[xUnit.net 00:00:01.05]       Stack Trace:
[xUnit.net 00:00:01.05]         /home/marble/AI/CNET-worktrees/herdr-language-20260909/dotnet/CnetControlPlane.Tests/LearningCaseRequestSyntaxTests.cs(30,0): at CnetControlPlane.Tests.LearningCaseRequestSyntaxTests.RequestConstituentsComposeWithoutChangingOriginalInput(String text, String operation, Byte key)
[xUnit.net 00:00:01.05]            at InvokeStub_LearningCaseRequestSyntaxTests.RequestConstituentsComposeWithoutChangingOriginalInput(Object, Span`1)
[xUnit.net 00:00:01.05]            at System.Reflection.MethodBaseInvoker.InvokeWithFewArgs(Object obj, BindingFlags invokeAttr, Binder binder, Object[] parameters, CultureInfo culture)
[xUnit.net 00:00:01.05]     CnetControlPlane.Tests.LearningCaseRequestSyntaxTests.RequestConstituentsComposeWithoutChangingOriginalInput(text: "Would you please render 'À' in lowercase!", operation: "lower", key: 192) [FAIL]
[xUnit.net 00:00:01.05]       TASK_CONSTITUENT_RED Would you please render 'À' in lowercase!: abstain
[xUnit.net 00:00:01.05]       Stack Trace:
[xUnit.net 00:00:01.05]         /home/marble/AI/CNET-worktrees/herdr-language-20260909/dotnet/CnetControlPlane.Tests/LearningCaseRequestSyntaxTests.cs(30,0): at CnetControlPlane.Tests.LearningCaseRequestSyntaxTests.RequestConstituentsComposeWithoutChangingOriginalInput(String text, String operation, Byte key)
[xUnit.net 00:00:01.05]            at InvokeStub_LearningCaseRequestSyntaxTests.RequestConstituentsComposeWithoutChangingOriginalInput(Object, Span`1)
[xUnit.net 00:00:01.05]            at System.Reflection.MethodBaseInvoker.InvokeWithFewArgs(Object obj, BindingFlags invokeAttr, Binder binder, Object[] parameters, CultureInfo culture)
[xUnit.net 00:00:01.05]     CnetControlPlane.Tests.LearningCaseRequestSyntaxTests.RequestConstituentsComposeWithoutChangingOriginalInput(text: "write 'ñ' in caps?", operation: "upper", key: 241) [FAIL]
[xUnit.net 00:00:01.05]       TASK_CONSTITUENT_RED write 'ñ' in caps?: abstain
[xUnit.net 00:00:01.05]       Stack Trace:
[xUnit.net 00:00:01.05]         /home/marble/AI/CNET-worktrees/herdr-language-20260909/dotnet/CnetControlPlane.Tests/LearningCaseRequestSyntaxTests.cs(30,0): at CnetControlPlane.Tests.LearningCaseRequestSyntaxTests.RequestConstituentsComposeWithoutChangingOriginalInput(String text, String operation, Byte key)
[xUnit.net 00:00:01.05]            at InvokeStub_LearningCaseRequestSyntaxTests.RequestConstituentsComposeWithoutChangingOriginalInput(Object, Span`1)
[xUnit.net 00:00:01.05]            at System.Reflection.MethodBaseInvoker.InvokeWithFewArgs(Object obj, BindingFlags invokeAttr, Binder binder, Object[] parameters, CultureInfo culture)
[xUnit.net 00:00:01.05]     CnetControlPlane.Tests.LearningCaseRequestSyntaxTests.RequestConstituentsComposeWithoutChangingOriginalInput(text: "Please, write the single quoted character 'ñ' in c"···, operation: "upper", key: 241) [FAIL]
[xUnit.net 00:00:01.05]       TASK_CONSTITUENT_RED Please, write the single quoted character 'ñ' in caps!: abstain
[xUnit.net 00:00:01.05]       Stack Trace:
[xUnit.net 00:00:01.05]         /home/marble/AI/CNET-worktrees/herdr-language-20260909/dotnet/CnetControlPlane.Tests/LearningCaseRequestSyntaxTests.cs(30,0): at CnetControlPlane.Tests.LearningCaseRequestSyntaxTests.RequestConstituentsComposeWithoutChangingOriginalInput(String text, String operation, Byte key)
[xUnit.net 00:00:01.06]            at InvokeStub_LearningCaseRequestSyntaxTests.RequestConstituentsComposeWithoutChangingOriginalInput(Object, Span`1)
[xUnit.net 00:00:01.06]            at System.Reflection.MethodBaseInvoker.InvokeWithFewArgs(Object obj, BindingFlags invokeAttr, Binder binder, Object[] parameters, CultureInfo culture)
[xUnit.net 00:00:01.06]     CnetControlPlane.Tests.LearningCaseRequestSyntaxTests.RequestConstituentsComposeWithoutChangingOriginalInput(text: "Would you please uppercase the single quoted chara"···, operation: "upper", key: 181) [FAIL]
[xUnit.net 00:00:01.06]       TASK_CONSTITUENT_RED Would you please uppercase the single quoted character  'µ'?: clarify
[xUnit.net 00:00:01.06]       Stack Trace:
[xUnit.net 00:00:01.06]         /home/marble/AI/CNET-worktrees/herdr-language-20260909/dotnet/CnetControlPlane.Tests/LearningCaseRequestSyntaxTests.cs(30,0): at CnetControlPlane.Tests.LearningCaseRequestSyntaxTests.RequestConstituentsComposeWithoutChangingOriginalInput(String text, String operation, Byte key)
[xUnit.net 00:00:01.06]            at InvokeStub_LearningCaseRequestSyntaxTests.RequestConstituentsComposeWithoutChangingOriginalInput(Object, Span`1)
[xUnit.net 00:00:01.06]            at System.Reflection.MethodBaseInvoker.InvokeWithFewArgs(Object obj, BindingFlags invokeAttr, Binder binder, Object[] parameters, CultureInfo culture)
[xUnit.net 00:00:01.06]     CnetControlPlane.Tests.LearningCaseRequestSyntaxTests.RequestConstituentsComposeWithoutChangingOriginalInput(text: "Would you please write the single quoted character"···, operation: "upper", key: 241) [FAIL]
[xUnit.net 00:00:01.06]       TASK_CONSTITUENT_RED Would you please write the single quoted character 'ñ' in caps.: abstain
[xUnit.net 00:00:01.06]       Stack Trace:
[xUnit.net 00:00:01.06]         /home/marble/AI/CNET-worktrees/herdr-language-20260909/dotnet/CnetControlPlane.Tests/LearningCaseRequestSyntaxTests.cs(30,0): at CnetControlPlane.Tests.LearningCaseRequestSyntaxTests.RequestConstituentsComposeWithoutChangingOriginalInput(String text, String operation, Byte key)
[xUnit.net 00:00:01.06]            at InvokeStub_LearningCaseRequestSyntaxTests.RequestConstituentsComposeWithoutChangingOriginalInput(Object, Span`1)
[xUnit.net 00:00:01.06]            at System.Reflection.MethodBaseInvoker.InvokeWithFewArgs(Object obj, BindingFlags invokeAttr, Binder binder, Object[] parameters, CultureInfo culture)
[xUnit.net 00:00:01.06]     CnetControlPlane.Tests.LearningCaseRequestSyntaxTests.RequestConstituentsComposeWithoutChangingOriginalInput(text: "Please, write 'ñ' in caps?", operation: "upper", key: 241) [FAIL]
[xUnit.net 00:00:01.06]       TASK_CONSTITUENT_RED Please, write 'ñ' in caps?: abstain
[xUnit.net 00:00:01.06]       Stack Trace:
[xUnit.net 00:00:01.06]         /home/marble/AI/CNET-worktrees/herdr-language-20260909/dotnet/CnetControlPlane.Tests/LearningCaseRequestSyntaxTests.cs(30,0): at CnetControlPlane.Tests.LearningCaseRequestSyntaxTests.RequestConstituentsComposeWithoutChangingOriginalInput(String text, String operation, Byte key)
[xUnit.net 00:00:01.06]            at InvokeStub_LearningCaseRequestSyntaxTests.RequestConstituentsComposeWithoutChangingOriginalInput(Object, Span`1)
[xUnit.net 00:00:01.06]            at System.Reflection.MethodBaseInvoker.InvokeWithFewArgs(Object obj, BindingFlags invokeAttr, Binder binder, Object[] parameters, CultureInfo culture)
[xUnit.net 00:00:01.06]     CnetControlPlane.Tests.LearningCaseRequestSyntaxTests.RequestConstituentsComposeWithoutChangingOriginalInput(text: "Could you kindly convert the single quoted charact"···, operation: "upper", key: 246) [FAIL]
[xUnit.net 00:00:01.06]       TASK_CONSTITUENT_RED Could you kindly convert the single quoted character 'ö' to uppercase!: abstain
[xUnit.net 00:00:01.06]       Stack Trace:
[xUnit.net 00:00:01.06]         /home/marble/AI/CNET-worktrees/herdr-language-20260909/dotnet/CnetControlPlane.Tests/LearningCaseRequestSyntaxTests.cs(30,0): at CnetControlPlane.Tests.LearningCaseRequestSyntaxTests.RequestConstituentsComposeWithoutChangingOriginalInput(String text, String operation, Byte key)
[xUnit.net 00:00:01.06]            at InvokeStub_LearningCaseRequestSyntaxTests.RequestConstituentsComposeWithoutChangingOriginalInput(Object, Span`1)
[xUnit.net 00:00:01.06]            at System.Reflection.MethodBaseInvoker.InvokeWithFewArgs(Object obj, BindingFlags invokeAttr, Binder binder, Object[] parameters, CultureInfo culture)
  Failed CnetControlPlane.Tests.LearningCaseRequestSyntaxTests.RequestConstituentsComposeWithoutChangingOriginalInput(text: "Would you please write the character 'ñ' in caps?", operation: "upper", key: 241) [< 1 ms]
  Error Message:
   TASK_CONSTITUENT_RED Would you please write the character 'ñ' in caps?: abstain
  Stack Trace:
     at CnetControlPlane.Tests.LearningCaseRequestSyntaxTests.RequestConstituentsComposeWithoutChangingOriginalInput(String text, String operation, Byte key) in /home/marble/AI/CNET-worktrees/herdr-language-20260909/dotnet/CnetControlPlane.Tests/LearningCaseRequestSyntaxTests.cs:line 30
   at InvokeStub_LearningCaseRequestSyntaxTests.RequestConstituentsComposeWithoutChangingOriginalInput(Object, Span`1)
   at System.Reflection.MethodBaseInvoker.InvokeWithFewArgs(Object obj, BindingFlags invokeAttr, Binder binder, Object[] parameters, CultureInfo culture)
  Failed CnetControlPlane.Tests.LearningCaseRequestSyntaxTests.RequestConstituentsComposeWithoutChangingOriginalInput(text: "Would you please render 'À' in lowercase!", operation: "lower", key: 192) [< 1 ms]
  Error Message:
   TASK_CONSTITUENT_RED Would you please render 'À' in lowercase!: abstain
  Stack Trace:
     at CnetControlPlane.Tests.LearningCaseRequestSyntaxTests.RequestConstituentsComposeWithoutChangingOriginalInput(String text, String operation, Byte key) in /home/marble/AI/CNET-worktrees/herdr-language-20260909/dotnet/CnetControlPlane.Tests/LearningCaseRequestSyntaxTests.cs:line 30
   at InvokeStub_LearningCaseRequestSyntaxTests.RequestConstituentsComposeWithoutChangingOriginalInput(Object, Span`1)
   at System.Reflection.MethodBaseInvoker.InvokeWithFewArgs(Object obj, BindingFlags invokeAttr, Binder binder, Object[] parameters, CultureInfo culture)
  Failed CnetControlPlane.Tests.LearningCaseRequestSyntaxTests.RequestConstituentsComposeWithoutChangingOriginalInput(text: "write 'ñ' in caps?", operation: "upper", key: 241) [< 1 ms]
  Error Message:
   TASK_CONSTITUENT_RED write 'ñ' in caps?: abstain
  Stack Trace:
     at CnetControlPlane.Tests.LearningCaseRequestSyntaxTests.RequestConstituentsComposeWithoutChangingOriginalInput(String text, String operation, Byte key) in /home/marble/AI/CNET-worktrees/herdr-language-20260909/dotnet/CnetControlPlane.Tests/LearningCaseRequestSyntaxTests.cs:line 30
   at InvokeStub_LearningCaseRequestSyntaxTests.RequestConstituentsComposeWithoutChangingOriginalInput(Object, Span`1)
   at System.Reflection.MethodBaseInvoker.InvokeWithFewArgs(Object obj, BindingFlags invokeAttr, Binder binder, Object[] parameters, CultureInfo culture)
  Failed CnetControlPlane.Tests.LearningCaseRequestSyntaxTests.RequestConstituentsComposeWithoutChangingOriginalInput(text: "Please, write the single quoted character 'ñ' in c"···, operation: "upper", key: 241) [< 1 ms]
  Error Message:
   TASK_CONSTITUENT_RED Please, write the single quoted character 'ñ' in caps!: abstain
  Stack Trace:
     at CnetControlPlane.Tests.LearningCaseRequestSyntaxTests.RequestConstituentsComposeWithoutChangingOriginalInput(String text, String operation, Byte key) in /home/marble/AI/CNET-worktrees/herdr-language-20260909/dotnet/CnetControlPlane.Tests/LearningCaseRequestSyntaxTests.cs:line 30
   at InvokeStub_LearningCaseRequestSyntaxTests.RequestConstituentsComposeWithoutChangingOriginalInput(Object, Span`1)
   at System.Reflection.MethodBaseInvoker.InvokeWithFewArgs(Object obj, BindingFlags invokeAttr, Binder binder, Object[] parameters, CultureInfo culture)
  Failed CnetControlPlane.Tests.LearningCaseRequestSyntaxTests.RequestConstituentsComposeWithoutChangingOriginalInput(text: "Would you please uppercase the single quoted chara"···, operation: "upper", key: 181) [< 1 ms]
  Error Message:
   TASK_CONSTITUENT_RED Would you please uppercase the single quoted character  'µ'?: clarify
  Stack Trace:
     at CnetControlPlane.Tests.LearningCaseRequestSyntaxTests.RequestConstituentsComposeWithoutChangingOriginalInput(String text, String operation, Byte key) in /home/marble/AI/CNET-worktrees/herdr-language-20260909/dotnet/CnetControlPlane.Tests/LearningCaseRequestSyntaxTests.cs:line 30
   at InvokeStub_LearningCaseRequestSyntaxTests.RequestConstituentsComposeWithoutChangingOriginalInput(Object, Span`1)
   at System.Reflection.MethodBaseInvoker.InvokeWithFewArgs(Object obj, BindingFlags invokeAttr, Binder binder, Object[] parameters, CultureInfo culture)
  Failed CnetControlPlane.Tests.LearningCaseRequestSyntaxTests.RequestConstituentsComposeWithoutChangingOriginalInput(text: "Would you please write the single quoted character"···, operation: "upper", key: 241) [< 1 ms]
  Error Message:
   TASK_CONSTITUENT_RED Would you please write the single quoted character 'ñ' in caps.: abstain
  Stack Trace:
     at CnetControlPlane.Tests.LearningCaseRequestSyntaxTests.RequestConstituentsComposeWithoutChangingOriginalInput(String text, String operation, Byte key) in /home/marble/AI/CNET-worktrees/herdr-language-20260909/dotnet/CnetControlPlane.Tests/LearningCaseRequestSyntaxTests.cs:line 30
   at InvokeStub_LearningCaseRequestSyntaxTests.RequestConstituentsComposeWithoutChangingOriginalInput(Object, Span`1)
   at System.Reflection.MethodBaseInvoker.InvokeWithFewArgs(Object obj, BindingFlags invokeAttr, Binder binder, Object[] parameters, CultureInfo culture)
  Failed CnetControlPlane.Tests.LearningCaseRequestSyntaxTests.RequestConstituentsComposeWithoutChangingOriginalInput(text: "Please, write 'ñ' in caps?", operation: "upper", key: 241) [< 1 ms]
  Error Message:
   TASK_CONSTITUENT_RED Please, write 'ñ' in caps?: abstain
  Stack Trace:
     at CnetControlPlane.Tests.LearningCaseRequestSyntaxTests.RequestConstituentsComposeWithoutChangingOriginalInput(String text, String operation, Byte key) in /home/marble/AI/CNET-worktrees/herdr-language-20260909/dotnet/CnetControlPlane.Tests/LearningCaseRequestSyntaxTests.cs:line 30
   at InvokeStub_LearningCaseRequestSyntaxTests.RequestConstituentsComposeWithoutChangingOriginalInput(Object, Span`1)
   at System.Reflection.MethodBaseInvoker.InvokeWithFewArgs(Object obj, BindingFlags invokeAttr, Binder binder, Object[] parameters, CultureInfo culture)
  Failed CnetControlPlane.Tests.LearningCaseRequestSyntaxTests.RequestConstituentsComposeWithoutChangingOriginalInput(text: "Could you kindly convert the single quoted charact"···, operation: "upper", key: 246) [< 1 ms]
  Error Message:
   TASK_CONSTITUENT_RED Could you kindly convert the single quoted character 'ö' to uppercase!: abstain
  Stack Trace:
     at CnetControlPlane.Tests.LearningCaseRequestSyntaxTests.RequestConstituentsComposeWithoutChangingOriginalInput(String text, String operation, Byte key) in /home/marble/AI/CNET-worktrees/herdr-language-20260909/dotnet/CnetControlPlane.Tests/LearningCaseRequestSyntaxTests.cs:line 30
   at InvokeStub_LearningCaseRequestSyntaxTests.RequestConstituentsComposeWithoutChangingOriginalInput(Object, Span`1)
   at System.Reflection.MethodBaseInvoker.InvokeWithFewArgs(Object obj, BindingFlags invokeAttr, Binder binder, Object[] parameters, CultureInfo culture)
  Passed CnetControlPlane.Tests.LearningCaseRequestSyntaxTests.RequestConstituentsComposeWithoutChangingOriginalInput(text: "Would you please render 'À' in lowercase?", operation: "lower", key: 192) [< 1 ms]
[xUnit.net 00:00:01.06]     CnetControlPlane.Tests.LearningCaseRequestSyntaxTests.RequestConstituentsComposeWithoutChangingOriginalInput(text: "Would you please uppercase the character  'µ'?", operation: "upper", key: 181) [FAIL]
[xUnit.net 00:00:01.06]       TASK_CONSTITUENT_RED Would you please uppercase the character  'µ'?: clarify
[xUnit.net 00:00:01.06]       Stack Trace:
[xUnit.net 00:00:01.06]         /home/marble/AI/CNET-worktrees/herdr-language-20260909/dotnet/CnetControlPlane.Tests/LearningCaseRequestSyntaxTests.cs(30,0): at CnetControlPlane.Tests.LearningCaseRequestSyntaxTests.RequestConstituentsComposeWithoutChangingOriginalInput(String text, String operation, Byte key)
[xUnit.net 00:00:01.06]            at InvokeStub_LearningCaseRequestSyntaxTests.RequestConstituentsComposeWithoutChangingOriginalInput(Object, Span`1)
[xUnit.net 00:00:01.06]            at System.Reflection.MethodBaseInvoker.InvokeWithFewArgs(Object obj, BindingFlags invokeAttr, Binder binder, Object[] parameters, CultureInfo culture)
[xUnit.net 00:00:01.06]     CnetControlPlane.Tests.LearningCaseRequestSyntaxTests.RequestConstituentsComposeWithoutChangingOriginalInput(text: "lowercase the character  'É'?", operation: "lower", key: 201) [FAIL]
[xUnit.net 00:00:01.06]       TASK_CONSTITUENT_RED lowercase the character  'É'?: clarify
[xUnit.net 00:00:01.06]       Stack Trace:
[xUnit.net 00:00:01.06]         /home/marble/AI/CNET-worktrees/herdr-language-20260909/dotnet/CnetControlPlane.Tests/LearningCaseRequestSyntaxTests.cs(30,0): at CnetControlPlane.Tests.LearningCaseRequestSyntaxTests.RequestConstituentsComposeWithoutChangingOriginalInput(String text, String operation, Byte key)
[xUnit.net 00:00:01.06]            at InvokeStub_LearningCaseRequestSyntaxTests.RequestConstituentsComposeWithoutChangingOriginalInput(Object, Span`1)
[xUnit.net 00:00:01.06]            at System.Reflection.MethodBaseInvoker.InvokeWithFewArgs(Object obj, BindingFlags invokeAttr, Binder binder, Object[] parameters, CultureInfo culture)
[xUnit.net 00:00:01.06]     CnetControlPlane.Tests.LearningCaseRequestSyntaxTests.RequestConstituentsComposeWithoutChangingOriginalInput(text: "Could you kindly write the character 'ñ' in caps.", operation: "upper", key: 241) [FAIL]
[xUnit.net 00:00:01.06]       TASK_CONSTITUENT_RED Could you kindly write the character 'ñ' in caps.: abstain
[xUnit.net 00:00:01.06]       Stack Trace:
[xUnit.net 00:00:01.06]         /home/marble/AI/CNET-worktrees/herdr-language-20260909/dotnet/CnetControlPlane.Tests/LearningCaseRequestSyntaxTests.cs(30,0): at CnetControlPlane.Tests.LearningCaseRequestSyntaxTests.RequestConstituentsComposeWithoutChangingOriginalInput(String text, String operation, Byte key)
[xUnit.net 00:00:01.06]            at InvokeStub_LearningCaseRequestSyntaxTests.RequestConstituentsComposeWithoutChangingOriginalInput(Object, Span`1)
[xUnit.net 00:00:01.06]            at System.Reflection.MethodBaseInvoker.InvokeWithFewArgs(Object obj, BindingFlags invokeAttr, Binder binder, Object[] parameters, CultureInfo culture)
[xUnit.net 00:00:01.06]     CnetControlPlane.Tests.LearningCaseRequestSyntaxTests.RequestConstituentsComposeWithoutChangingOriginalInput(text: "Could you kindly uppercase the single quoted chara"···, operation: "upper", key: 181) [FAIL]
[xUnit.net 00:00:01.06]       TASK_CONSTITUENT_RED Could you kindly uppercase the single quoted character  'µ'.: abstain
[xUnit.net 00:00:01.06]       Stack Trace:
[xUnit.net 00:00:01.06]         /home/marble/AI/CNET-worktrees/herdr-language-20260909/dotnet/CnetControlPlane.Tests/LearningCaseRequestSyntaxTests.cs(30,0): at CnetControlPlane.Tests.LearningCaseRequestSyntaxTests.RequestConstituentsComposeWithoutChangingOriginalInput(String text, String operation, Byte key)
[xUnit.net 00:00:01.06]            at InvokeStub_LearningCaseRequestSyntaxTests.RequestConstituentsComposeWithoutChangingOriginalInput(Object, Span`1)
[xUnit.net 00:00:01.06]            at System.Reflection.MethodBaseInvoker.InvokeWithFewArgs(Object obj, BindingFlags invokeAttr, Binder binder, Object[] parameters, CultureInfo culture)
[xUnit.net 00:00:01.06]     CnetControlPlane.Tests.LearningCaseRequestSyntaxTests.RequestConstituentsComposeWithoutChangingOriginalInput(text: "Could you kindly write the character 'ñ' in caps!", operation: "upper", key: 241) [FAIL]
[xUnit.net 00:00:01.06]       TASK_CONSTITUENT_RED Could you kindly write the character 'ñ' in caps!: abstain
[xUnit.net 00:00:01.06]       Stack Trace:
[xUnit.net 00:00:01.06]         /home/marble/AI/CNET-worktrees/herdr-language-20260909/dotnet/CnetControlPlane.Tests/LearningCaseRequestSyntaxTests.cs(30,0): at CnetControlPlane.Tests.LearningCaseRequestSyntaxTests.RequestConstituentsComposeWithoutChangingOriginalInput(String text, String operation, Byte key)
[xUnit.net 00:00:01.06]            at InvokeStub_LearningCaseRequestSyntaxTests.RequestConstituentsComposeWithoutChangingOriginalInput(Object, Span`1)
[xUnit.net 00:00:01.06]            at System.Reflection.MethodBaseInvoker.InvokeWithFewArgs(Object obj, BindingFlags invokeAttr, Binder binder, Object[] parameters, CultureInfo culture)
[xUnit.net 00:00:01.06]     CnetControlPlane.Tests.LearningCaseRequestSyntaxTests.RequestConstituentsComposeWithoutChangingOriginalInput(text: "Could you kindly render the character 'À' in lower"···, operation: "lower", key: 192) [FAIL]
[xUnit.net 00:00:01.06]       TASK_CONSTITUENT_RED Could you kindly render the character 'À' in lowercase.: abstain
[xUnit.net 00:00:01.06]       Stack Trace:
[xUnit.net 00:00:01.06]         /home/marble/AI/CNET-worktrees/herdr-language-20260909/dotnet/CnetControlPlane.Tests/LearningCaseRequestSyntaxTests.cs(30,0): at CnetControlPlane.Tests.LearningCaseRequestSyntaxTests.RequestConstituentsComposeWithoutChangingOriginalInput(String text, String operation, Byte key)
[xUnit.net 00:00:01.06]            at InvokeStub_LearningCaseRequestSyntaxTests.RequestConstituentsComposeWithoutChangingOriginalInput(Object, Span`1)
[xUnit.net 00:00:01.06]            at System.Reflection.MethodBaseInvoker.InvokeWithFewArgs(Object obj, BindingFlags invokeAttr, Binder binder, Object[] parameters, CultureInfo culture)
[xUnit.net 00:00:01.06]     CnetControlPlane.Tests.LearningCaseRequestSyntaxTests.RequestConstituentsComposeWithoutChangingOriginalInput(text: "Please, convert 'ö' to uppercase!", operation: "upper", key: 246) [FAIL]
[xUnit.net 00:00:01.06]       TASK_CONSTITUENT_RED Please, convert 'ö' to uppercase!: abstain
[xUnit.net 00:00:01.06]       Stack Trace:
[xUnit.net 00:00:01.06]         /home/marble/AI/CNET-worktrees/herdr-language-20260909/dotnet/CnetControlPlane.Tests/LearningCaseRequestSyntaxTests.cs(30,0): at CnetControlPlane.Tests.LearningCaseRequestSyntaxTests.RequestConstituentsComposeWithoutChangingOriginalInput(String text, String operation, Byte key)
[xUnit.net 00:00:01.06]            at InvokeStub_LearningCaseRequestSyntaxTests.RequestConstituentsComposeWithoutChangingOriginalInput(Object, Span`1)
[xUnit.net 00:00:01.06]            at System.Reflection.MethodBaseInvoker.InvokeWithFewArgs(Object obj, BindingFlags invokeAttr, Binder binder, Object[] parameters, CultureInfo culture)
[xUnit.net 00:00:01.06]     CnetControlPlane.Tests.LearningCaseRequestSyntaxTests.RequestConstituentsComposeWithoutChangingOriginalInput(text: "Please, render 'À' in lowercase.", operation: "lower", key: 192) [FAIL]
[xUnit.net 00:00:01.06]       TASK_CONSTITUENT_RED Please, render 'À' in lowercase.: abstain
[xUnit.net 00:00:01.06]       Stack Trace:
[xUnit.net 00:00:01.06]         /home/marble/AI/CNET-worktrees/herdr-language-20260909/dotnet/CnetControlPlane.Tests/LearningCaseRequestSyntaxTests.cs(30,0): at CnetControlPlane.Tests.LearningCaseRequestSyntaxTests.RequestConstituentsComposeWithoutChangingOriginalInput(String text, String operation, Byte key)
[xUnit.net 00:00:01.06]            at InvokeStub_LearningCaseRequestSyntaxTests.RequestConstituentsComposeWithoutChangingOriginalInput(Object, Span`1)
[xUnit.net 00:00:01.06]            at System.Reflection.MethodBaseInvoker.InvokeWithFewArgs(Object obj, BindingFlags invokeAttr, Binder binder, Object[] parameters, CultureInfo culture)
  Passed CnetControlPlane.Tests.LearningCaseRequestSyntaxTests.RequestConstituentsComposeWithoutChangingOriginalInput(text: "Would you please uppercase  'µ'.", operation: "upper", key: 181) [< 1 ms]
  Failed CnetControlPlane.Tests.LearningCaseRequestSyntaxTests.RequestConstituentsComposeWithoutChangingOriginalInput(text: "Would you please uppercase the character  'µ'?", operation: "upper", key: 181) [< 1 ms]
  Error Message:
   TASK_CONSTITUENT_RED Would you please uppercase the character  'µ'?: clarify
  Stack Trace:
     at CnetControlPlane.Tests.LearningCaseRequestSyntaxTests.RequestConstituentsComposeWithoutChangingOriginalInput(String text, String operation, Byte key) in /home/marble/AI/CNET-worktrees/herdr-language-20260909/dotnet/CnetControlPlane.Tests/LearningCaseRequestSyntaxTests.cs:line 30
   at InvokeStub_LearningCaseRequestSyntaxTests.RequestConstituentsComposeWithoutChangingOriginalInput(Object, Span`1)
   at System.Reflection.MethodBaseInvoker.InvokeWithFewArgs(Object obj, BindingFlags invokeAttr, Binder binder, Object[] parameters, CultureInfo culture)
  Failed CnetControlPlane.Tests.LearningCaseRequestSyntaxTests.RequestConstituentsComposeWithoutChangingOriginalInput(text: "lowercase the character  'É'?", operation: "lower", key: 201) [< 1 ms]
  Error Message:
   TASK_CONSTITUENT_RED lowercase the character  'É'?: clarify
  Stack Trace:
     at CnetControlPlane.Tests.LearningCaseRequestSyntaxTests.RequestConstituentsComposeWithoutChangingOriginalInput(String text, String operation, Byte key) in /home/marble/AI/CNET-worktrees/herdr-language-20260909/dotnet/CnetControlPlane.Tests/LearningCaseRequestSyntaxTests.cs:line 30
   at InvokeStub_LearningCaseRequestSyntaxTests.RequestConstituentsComposeWithoutChangingOriginalInput(Object, Span`1)
   at System.Reflection.MethodBaseInvoker.InvokeWithFewArgs(Object obj, BindingFlags invokeAttr, Binder binder, Object[] parameters, CultureInfo culture)
  Failed CnetControlPlane.Tests.LearningCaseRequestSyntaxTests.RequestConstituentsComposeWithoutChangingOriginalInput(text: "Could you kindly write the character 'ñ' in caps.", operation: "upper", key: 241) [< 1 ms]
  Error Message:
   TASK_CONSTITUENT_RED Could you kindly write the character 'ñ' in caps.: abstain
  Stack Trace:
     at CnetControlPlane.Tests.LearningCaseRequestSyntaxTests.RequestConstituentsComposeWithoutChangingOriginalInput(String text, String operation, Byte key) in /home/marble/AI/CNET-worktrees/herdr-language-20260909/dotnet/CnetControlPlane.Tests/LearningCaseRequestSyntaxTests.cs:line 30
   at InvokeStub_LearningCaseRequestSyntaxTests.RequestConstituentsComposeWithoutChangingOriginalInput(Object, Span`1)
   at System.Reflection.MethodBaseInvoker.InvokeWithFewArgs(Object obj, BindingFlags invokeAttr, Binder binder, Object[] parameters, CultureInfo culture)
  Failed CnetControlPlane.Tests.LearningCaseRequestSyntaxTests.RequestConstituentsComposeWithoutChangingOriginalInput(text: "Could you kindly uppercase the single quoted chara"···, operation: "upper", key: 181) [< 1 ms]
  Error Message:
   TASK_CONSTITUENT_RED Could you kindly uppercase the single quoted character  'µ'.: abstain
  Stack Trace:
     at CnetControlPlane.Tests.LearningCaseRequestSyntaxTests.RequestConstituentsComposeWithoutChangingOriginalInput(String text, String operation, Byte key) in /home/marble/AI/CNET-worktrees/herdr-language-20260909/dotnet/CnetControlPlane.Tests/LearningCaseRequestSyntaxTests.cs:line 30
   at InvokeStub_LearningCaseRequestSyntaxTests.RequestConstituentsComposeWithoutChangingOriginalInput(Object, Span`1)
   at System.Reflection.MethodBaseInvoker.InvokeWithFewArgs(Object obj, BindingFlags invokeAttr, Binder binder, Object[] parameters, CultureInfo culture)
  Failed CnetControlPlane.Tests.LearningCaseRequestSyntaxTests.RequestConstituentsComposeWithoutChangingOriginalInput(text: "Could you kindly write the character 'ñ' in caps!", operation: "upper", key: 241) [< 1 ms]
  Error Message:
   TASK_CONSTITUENT_RED Could you kindly write the character 'ñ' in caps!: abstain
  Stack Trace:
     at CnetControlPlane.Tests.LearningCaseRequestSyntaxTests.RequestConstituentsComposeWithoutChangingOriginalInput(String text, String operation, Byte key) in /home/marble/AI/CNET-worktrees/herdr-language-20260909/dotnet/CnetControlPlane.Tests/LearningCaseRequestSyntaxTests.cs:line 30
   at InvokeStub_LearningCaseRequestSyntaxTests.RequestConstituentsComposeWithoutChangingOriginalInput(Object, Span`1)
   at System.Reflection.MethodBaseInvoker.InvokeWithFewArgs(Object obj, BindingFlags invokeAttr, Binder binder, Object[] parameters, CultureInfo culture)
  Failed CnetControlPlane.Tests.LearningCaseRequestSyntaxTests.RequestConstituentsComposeWithoutChangingOriginalInput(text: "Could you kindly render the character 'À' in lower"···, operation: "lower", key: 192) [< 1 ms]
  Error Message:
   TASK_CONSTITUENT_RED Could you kindly render the character 'À' in lowercase.: abstain
  Stack Trace:
     at CnetControlPlane.Tests.LearningCaseRequestSyntaxTests.RequestConstituentsComposeWithoutChangingOriginalInput(String text, String operation, Byte key) in /home/marble/AI/CNET-worktrees/herdr-language-20260909/dotnet/CnetControlPlane.Tests/LearningCaseRequestSyntaxTests.cs:line 30
   at InvokeStub_LearningCaseRequestSyntaxTests.RequestConstituentsComposeWithoutChangingOriginalInput(Object, Span`1)
   at System.Reflection.MethodBaseInvoker.InvokeWithFewArgs(Object obj, BindingFlags invokeAttr, Binder binder, Object[] parameters, CultureInfo culture)
  Failed CnetControlPlane.Tests.LearningCaseRequestSyntaxTests.RequestConstituentsComposeWithoutChangingOriginalInput(text: "Please, convert 'ö' to uppercase!", operation: "upper", key: 246) [< 1 ms]
  Error Message:
   TASK_CONSTITUENT_RED Please, convert 'ö' to uppercase!: abstain
  Stack Trace:
     at CnetControlPlane.Tests.LearningCaseRequestSyntaxTests.RequestConstituentsComposeWithoutChangingOriginalInput(String text, String operation, Byte key) in /home/marble/AI/CNET-worktrees/herdr-language-20260909/dotnet/CnetControlPlane.Tests/LearningCaseRequestSyntaxTests.cs:line 30
   at InvokeStub_LearningCaseRequestSyntaxTests.RequestConstituentsComposeWithoutChangingOriginalInput(Object, Span`1)
   at System.Reflection.MethodBaseInvoker.InvokeWithFewArgs(Object obj, BindingFlags invokeAttr, Binder binder, Object[] parameters, CultureInfo culture)
  Failed CnetControlPlane.Tests.LearningCaseRequestSyntaxTests.RequestConstituentsComposeWithoutChangingOriginalInput(text: "Please, render 'À' in lowercase.", operation: "lower", key: 192) [< 1 ms]
  Error Message:
   TASK_CONSTITUENT_RED Please, render 'À' in lowercase.: abstain
  Stack Trace:
     at CnetControlPlane.Tests.LearningCaseRequestSyntaxTests.RequestConstituentsComposeWithoutChangingOriginalInput(String text, String operation, Byte key) in /home/marble/AI/CNET-worktrees/herdr-language-20260909/dotnet/CnetControlPlane.Tests/LearningCaseRequestSyntaxTests.cs:line 30
   at InvokeStub_LearningCaseRequestSyntaxTests.RequestConstituentsComposeWithoutChangingOriginalInput(Object, Span`1)
   at System.Reflection.MethodBaseInvoker.InvokeWithFewArgs(Object obj, BindingFlags invokeAttr, Binder binder, Object[] parameters, CultureInfo culture)
[xUnit.net 00:00:01.06]     CnetControlPlane.Tests.LearningCaseRequestSyntaxTests.RequestConstituentsComposeWithoutChangingOriginalInput(text: "write the character 'ñ' in caps?", operation: "upper", key: 241) [FAIL]
[xUnit.net 00:00:01.06]       TASK_CONSTITUENT_RED write the character 'ñ' in caps?: abstain
[xUnit.net 00:00:01.06]       Stack Trace:
[xUnit.net 00:00:01.06]         /home/marble/AI/CNET-worktrees/herdr-language-20260909/dotnet/CnetControlPlane.Tests/LearningCaseRequestSyntaxTests.cs(30,0): at CnetControlPlane.Tests.LearningCaseRequestSyntaxTests.RequestConstituentsComposeWithoutChangingOriginalInput(String text, String operation, Byte key)
[xUnit.net 00:00:01.06]            at InvokeStub_LearningCaseRequestSyntaxTests.RequestConstituentsComposeWithoutChangingOriginalInput(Object, Span`1)
[xUnit.net 00:00:01.06]            at System.Reflection.MethodBaseInvoker.InvokeWithFewArgs(Object obj, BindingFlags invokeAttr, Binder binder, Object[] parameters, CultureInfo culture)
[xUnit.net 00:00:01.06]     CnetControlPlane.Tests.LearningCaseRequestSyntaxTests.RequestConstituentsComposeWithoutChangingOriginalInput(text: "Please, uppercase the single quoted character  'µ'"···, operation: "upper", key: 181) [FAIL]
[xUnit.net 00:00:01.06]       TASK_CONSTITUENT_RED Please, uppercase the single quoted character  'µ'!: abstain
[xUnit.net 00:00:01.06]       Stack Trace:
[xUnit.net 00:00:01.06]         /home/marble/AI/CNET-worktrees/herdr-language-20260909/dotnet/CnetControlPlane.Tests/LearningCaseRequestSyntaxTests.cs(30,0): at CnetControlPlane.Tests.LearningCaseRequestSyntaxTests.RequestConstituentsComposeWithoutChangingOriginalInput(String text, String operation, Byte key)
[xUnit.net 00:00:01.06]            at InvokeStub_LearningCaseRequestSyntaxTests.RequestConstituentsComposeWithoutChangingOriginalInput(Object, Span`1)
[xUnit.net 00:00:01.06]            at System.Reflection.MethodBaseInvoker.InvokeWithFewArgs(Object obj, BindingFlags invokeAttr, Binder binder, Object[] parameters, CultureInfo culture)
[xUnit.net 00:00:01.06]     CnetControlPlane.Tests.LearningCaseRequestSyntaxTests.RequestConstituentsComposeWithoutChangingOriginalInput(text: "uppercase the single quoted character  'µ'!", operation: "upper", key: 181) [FAIL]
[xUnit.net 00:00:01.06]       TASK_CONSTITUENT_RED uppercase the single quoted character  'µ'!: clarify
[xUnit.net 00:00:01.06]       Stack Trace:
[xUnit.net 00:00:01.06]         /home/marble/AI/CNET-worktrees/herdr-language-20260909/dotnet/CnetControlPlane.Tests/LearningCaseRequestSyntaxTests.cs(30,0): at CnetControlPlane.Tests.LearningCaseRequestSyntaxTests.RequestConstituentsComposeWithoutChangingOriginalInput(String text, String operation, Byte key)
[xUnit.net 00:00:01.06]            at InvokeStub_LearningCaseRequestSyntaxTests.RequestConstituentsComposeWithoutChangingOriginalInput(Object, Span`1)
[xUnit.net 00:00:01.06]            at System.Reflection.MethodBaseInvoker.InvokeWithFewArgs(Object obj, BindingFlags invokeAttr, Binder binder, Object[] parameters, CultureInfo culture)
[xUnit.net 00:00:01.06]     CnetControlPlane.Tests.LearningCaseRequestSyntaxTests.RequestConstituentsComposeWithoutChangingOriginalInput(text: "Please, lowercase  'É'!", operation: "lower", key: 201) [FAIL]
[xUnit.net 00:00:01.06]       TASK_CONSTITUENT_RED Please, lowercase  'É'!: abstain
[xUnit.net 00:00:01.06]       Stack Trace:
[xUnit.net 00:00:01.06]         /home/marble/AI/CNET-worktrees/herdr-language-20260909/dotnet/CnetControlPlane.Tests/LearningCaseRequestSyntaxTests.cs(30,0): at CnetControlPlane.Tests.LearningCaseRequestSyntaxTests.RequestConstituentsComposeWithoutChangingOriginalInput(String text, String operation, Byte key)
[xUnit.net 00:00:01.06]            at InvokeStub_LearningCaseRequestSyntaxTests.RequestConstituentsComposeWithoutChangingOriginalInput(Object, Span`1)
[xUnit.net 00:00:01.06]            at System.Reflection.MethodBaseInvoker.InvokeWithFewArgs(Object obj, BindingFlags invokeAttr, Binder binder, Object[] parameters, CultureInfo culture)
[xUnit.net 00:00:01.06]     CnetControlPlane.Tests.LearningCaseRequestSyntaxTests.RequestConstituentsComposeWithoutChangingOriginalInput(text: "convert the single quoted character 'ö' to upperca"···, operation: "upper", key: 246) [FAIL]
[xUnit.net 00:00:01.06]       TASK_CONSTITUENT_RED convert the single quoted character 'ö' to uppercase!: abstain
[xUnit.net 00:00:01.06]       Stack Trace:
[xUnit.net 00:00:01.06]         /home/marble/AI/CNET-worktrees/herdr-language-20260909/dotnet/CnetControlPlane.Tests/LearningCaseRequestSyntaxTests.cs(30,0): at CnetControlPlane.Tests.LearningCaseRequestSyntaxTests.RequestConstituentsComposeWithoutChangingOriginalInput(String text, String operation, Byte key)
[xUnit.net 00:00:01.06]            at InvokeStub_LearningCaseRequestSyntaxTests.RequestConstituentsComposeWithoutChangingOriginalInput(Object, Span`1)
[xUnit.net 00:00:01.06]            at System.Reflection.MethodBaseInvoker.InvokeWithFewArgs(Object obj, BindingFlags invokeAttr, Binder binder, Object[] parameters, CultureInfo culture)
[xUnit.net 00:00:01.06]     CnetControlPlane.Tests.LearningCaseRequestSyntaxTests.RequestConstituentsComposeWithoutChangingOriginalInput(text: "Please, lowercase the character  'É'.", operation: "lower", key: 201) [FAIL]
[xUnit.net 00:00:01.06]       TASK_CONSTITUENT_RED Please, lowercase the character  'É'.: abstain
[xUnit.net 00:00:01.06]       Stack Trace:
[xUnit.net 00:00:01.06]         /home/marble/AI/CNET-worktrees/herdr-language-20260909/dotnet/CnetControlPlane.Tests/LearningCaseRequestSyntaxTests.cs(30,0): at CnetControlPlane.Tests.LearningCaseRequestSyntaxTests.RequestConstituentsComposeWithoutChangingOriginalInput(String text, String operation, Byte key)
[xUnit.net 00:00:01.06]            at InvokeStub_LearningCaseRequestSyntaxTests.RequestConstituentsComposeWithoutChangingOriginalInput(Object, Span`1)
[xUnit.net 00:00:01.06]            at System.Reflection.MethodBaseInvoker.InvokeWithFewArgs(Object obj, BindingFlags invokeAttr, Binder binder, Object[] parameters, CultureInfo culture)
[xUnit.net 00:00:01.06]     CnetControlPlane.Tests.LearningCaseRequestSyntaxTests.RequestConstituentsComposeWithoutChangingOriginalInput(text: "lowercase the single quoted character  'É'.", operation: "lower", key: 201) [FAIL]
[xUnit.net 00:00:01.06]       TASK_CONSTITUENT_RED lowercase the single quoted character  'É'.: clarify
[xUnit.net 00:00:01.06]       Stack Trace:
[xUnit.net 00:00:01.06]         /home/marble/AI/CNET-worktrees/herdr-language-20260909/dotnet/CnetControlPlane.Tests/LearningCaseRequestSyntaxTests.cs(30,0): at CnetControlPlane.Tests.LearningCaseRequestSyntaxTests.RequestConstituentsComposeWithoutChangingOriginalInput(String text, String operation, Byte key)
[xUnit.net 00:00:01.06]            at InvokeStub_LearningCaseRequestSyntaxTests.RequestConstituentsComposeWithoutChangingOriginalInput(Object, Span`1)
[xUnit.net 00:00:01.06]            at System.Reflection.MethodBaseInvoker.InvokeWithFewArgs(Object obj, BindingFlags invokeAttr, Binder binder, Object[] parameters, CultureInfo culture)
  Failed CnetControlPlane.Tests.LearningCaseRequestSyntaxTests.RequestConstituentsComposeWithoutChangingOriginalInput(text: "write the character 'ñ' in caps?", operation: "upper", key: 241) [< 1 ms]
  Error Message:
   TASK_CONSTITUENT_RED write the character 'ñ' in caps?: abstain
  Stack Trace:
     at CnetControlPlane.Tests.LearningCaseRequestSyntaxTests.RequestConstituentsComposeWithoutChangingOriginalInput(String text, String operation, Byte key) in /home/marble/AI/CNET-worktrees/herdr-language-20260909/dotnet/CnetControlPlane.Tests/LearningCaseRequestSyntaxTests.cs:line 30
   at InvokeStub_LearningCaseRequestSyntaxTests.RequestConstituentsComposeWithoutChangingOriginalInput(Object, Span`1)
   at System.Reflection.MethodBaseInvoker.InvokeWithFewArgs(Object obj, BindingFlags invokeAttr, Binder binder, Object[] parameters, CultureInfo culture)
  Failed CnetControlPlane.Tests.LearningCaseRequestSyntaxTests.RequestConstituentsComposeWithoutChangingOriginalInput(text: "Please, uppercase the single quoted character  'µ'"···, operation: "upper", key: 181) [< 1 ms]
  Error Message:
   TASK_CONSTITUENT_RED Please, uppercase the single quoted character  'µ'!: abstain
  Stack Trace:
     at CnetControlPlane.Tests.LearningCaseRequestSyntaxTests.RequestConstituentsComposeWithoutChangingOriginalInput(String text, String operation, Byte key) in /home/marble/AI/CNET-worktrees/herdr-language-20260909/dotnet/CnetControlPlane.Tests/LearningCaseRequestSyntaxTests.cs:line 30
   at InvokeStub_LearningCaseRequestSyntaxTests.RequestConstituentsComposeWithoutChangingOriginalInput(Object, Span`1)
   at System.Reflection.MethodBaseInvoker.InvokeWithFewArgs(Object obj, BindingFlags invokeAttr, Binder binder, Object[] parameters, CultureInfo culture)
  Failed CnetControlPlane.Tests.LearningCaseRequestSyntaxTests.RequestConstituentsComposeWithoutChangingOriginalInput(text: "uppercase the single quoted character  'µ'!", operation: "upper", key: 181) [< 1 ms]
  Error Message:
   TASK_CONSTITUENT_RED uppercase the single quoted character  'µ'!: clarify
  Stack Trace:
     at CnetControlPlane.Tests.LearningCaseRequestSyntaxTests.RequestConstituentsComposeWithoutChangingOriginalInput(String text, String operation, Byte key) in /home/marble/AI/CNET-worktrees/herdr-language-20260909/dotnet/CnetControlPlane.Tests/LearningCaseRequestSyntaxTests.cs:line 30
   at InvokeStub_LearningCaseRequestSyntaxTests.RequestConstituentsComposeWithoutChangingOriginalInput(Object, Span`1)
   at System.Reflection.MethodBaseInvoker.InvokeWithFewArgs(Object obj, BindingFlags invokeAttr, Binder binder, Object[] parameters, CultureInfo culture)
  Failed CnetControlPlane.Tests.LearningCaseRequestSyntaxTests.RequestConstituentsComposeWithoutChangingOriginalInput(text: "Please, lowercase  'É'!", operation: "lower", key: 201) [< 1 ms]
  Error Message:
   TASK_CONSTITUENT_RED Please, lowercase  'É'!: abstain
  Stack Trace:
     at CnetControlPlane.Tests.LearningCaseRequestSyntaxTests.RequestConstituentsComposeWithoutChangingOriginalInput(String text, String operation, Byte key) in /home/marble/AI/CNET-worktrees/herdr-language-20260909/dotnet/CnetControlPlane.Tests/LearningCaseRequestSyntaxTests.cs:line 30
   at InvokeStub_LearningCaseRequestSyntaxTests.RequestConstituentsComposeWithoutChangingOriginalInput(Object, Span`1)
   at System.Reflection.MethodBaseInvoker.InvokeWithFewArgs(Object obj, BindingFlags invokeAttr, Binder binder, Object[] parameters, CultureInfo culture)
  Passed CnetControlPlane.Tests.LearningCaseRequestSyntaxTests.RequestConstituentsComposeWithoutChangingOriginalInput(text: "render the single quoted character 'À' in lowercas"···, operation: "lower", key: 192) [< 1 ms]
  Passed CnetControlPlane.Tests.LearningCaseRequestSyntaxTests.RequestConstituentsComposeWithoutChangingOriginalInput(text: "lowercase  'É'.", operation: "lower", key: 201) [< 1 ms]
  Failed CnetControlPlane.Tests.LearningCaseRequestSyntaxTests.RequestConstituentsComposeWithoutChangingOriginalInput(text: "convert the single quoted character 'ö' to upperca"···, operation: "upper", key: 246) [< 1 ms]
  Error Message:
   TASK_CONSTITUENT_RED convert the single quoted character 'ö' to uppercase!: abstain
  Stack Trace:
     at CnetControlPlane.Tests.LearningCaseRequestSyntaxTests.RequestConstituentsComposeWithoutChangingOriginalInput(String text, String operation, Byte key) in /home/marble/AI/CNET-worktrees/herdr-language-20260909/dotnet/CnetControlPlane.Tests/LearningCaseRequestSyntaxTests.cs:line 30
   at InvokeStub_LearningCaseRequestSyntaxTests.RequestConstituentsComposeWithoutChangingOriginalInput(Object, Span`1)
   at System.Reflection.MethodBaseInvoker.InvokeWithFewArgs(Object obj, BindingFlags invokeAttr, Binder binder, Object[] parameters, CultureInfo culture)
  Failed CnetControlPlane.Tests.LearningCaseRequestSyntaxTests.RequestConstituentsComposeWithoutChangingOriginalInput(text: "Please, lowercase the character  'É'.", operation: "lower", key: 201) [< 1 ms]
  Error Message:
   TASK_CONSTITUENT_RED Please, lowercase the character  'É'.: abstain
  Stack Trace:
     at CnetControlPlane.Tests.LearningCaseRequestSyntaxTests.RequestConstituentsComposeWithoutChangingOriginalInput(String text, String operation, Byte key) in /home/marble/AI/CNET-worktrees/herdr-language-20260909/dotnet/CnetControlPlane.Tests/LearningCaseRequestSyntaxTests.cs:line 30
   at InvokeStub_LearningCaseRequestSyntaxTests.RequestConstituentsComposeWithoutChangingOriginalInput(Object, Span`1)
   at System.Reflection.MethodBaseInvoker.InvokeWithFewArgs(Object obj, BindingFlags invokeAttr, Binder binder, Object[] parameters, CultureInfo culture)
  Failed CnetControlPlane.Tests.LearningCaseRequestSyntaxTests.RequestConstituentsComposeWithoutChangingOriginalInput(text: "lowercase the single quoted character  'É'.", operation: "lower", key: 201) [< 1 ms]
  Error Message:
   TASK_CONSTITUENT_RED lowercase the single quoted character  'É'.: clarify
  Stack Trace:
     at CnetControlPlane.Tests.LearningCaseRequestSyntaxTests.RequestConstituentsComposeWithoutChangingOriginalInput(String text, String operation, Byte key) in /home/marble/AI/CNET-worktrees/herdr-language-20260909/dotnet/CnetControlPlane.Tests/LearningCaseRequestSyntaxTests.cs:line 30
   at InvokeStub_LearningCaseRequestSyntaxTests.RequestConstituentsComposeWithoutChangingOriginalInput(Object, Span`1)
   at System.Reflection.MethodBaseInvoker.InvokeWithFewArgs(Object obj, BindingFlags invokeAttr, Binder binder, Object[] parameters, CultureInfo culture)
[xUnit.net 00:00:01.06]     CnetControlPlane.Tests.LearningCaseRequestSyntaxTests.RequestConstituentsComposeWithoutChangingOriginalInput(text: "Could you kindly render the single quoted characte"···, operation: "lower", key: 192) [FAIL]
[xUnit.net 00:00:01.06]       TASK_CONSTITUENT_RED Could you kindly render the single quoted character 'À' in lowercase.: abstain
[xUnit.net 00:00:01.06]       Stack Trace:
[xUnit.net 00:00:01.06]         /home/marble/AI/CNET-worktrees/herdr-language-20260909/dotnet/CnetControlPlane.Tests/LearningCaseRequestSyntaxTests.cs(30,0): at CnetControlPlane.Tests.LearningCaseRequestSyntaxTests.RequestConstituentsComposeWithoutChangingOriginalInput(String text, String operation, Byte key)
[xUnit.net 00:00:01.06]            at InvokeStub_LearningCaseRequestSyntaxTests.RequestConstituentsComposeWithoutChangingOriginalInput(Object, Span`1)
[xUnit.net 00:00:01.06]            at System.Reflection.MethodBaseInvoker.InvokeWithFewArgs(Object obj, BindingFlags invokeAttr, Binder binder, Object[] parameters, CultureInfo culture)
[xUnit.net 00:00:01.06]     CnetControlPlane.Tests.LearningCaseRequestSyntaxTests.RequestConstituentsComposeWithoutChangingOriginalInput(text: "Could you kindly convert the single quoted charact"···, operation: "upper", key: 246) [FAIL]
[xUnit.net 00:00:01.06]       TASK_CONSTITUENT_RED Could you kindly convert the single quoted character 'ö' to uppercase?: abstain
[xUnit.net 00:00:01.06]       Stack Trace:
[xUnit.net 00:00:01.06]         /home/marble/AI/CNET-worktrees/herdr-language-20260909/dotnet/CnetControlPlane.Tests/LearningCaseRequestSyntaxTests.cs(30,0): at CnetControlPlane.Tests.LearningCaseRequestSyntaxTests.RequestConstituentsComposeWithoutChangingOriginalInput(String text, String operation, Byte key)
[xUnit.net 00:00:01.06]            at InvokeStub_LearningCaseRequestSyntaxTests.RequestConstituentsComposeWithoutChangingOriginalInput(Object, Span`1)
[xUnit.net 00:00:01.06]            at System.Reflection.MethodBaseInvoker.InvokeWithFewArgs(Object obj, BindingFlags invokeAttr, Binder binder, Object[] parameters, CultureInfo culture)
[xUnit.net 00:00:01.06]     CnetControlPlane.Tests.LearningCaseRequestSyntaxTests.RequestConstituentsComposeWithoutChangingOriginalInput(text: "Please, convert 'ö' to uppercase.", operation: "upper", key: 246) [FAIL]
[xUnit.net 00:00:01.06]       TASK_CONSTITUENT_RED Please, convert 'ö' to uppercase.: abstain
[xUnit.net 00:00:01.06]       Stack Trace:
[xUnit.net 00:00:01.06]         /home/marble/AI/CNET-worktrees/herdr-language-20260909/dotnet/CnetControlPlane.Tests/LearningCaseRequestSyntaxTests.cs(30,0): at CnetControlPlane.Tests.LearningCaseRequestSyntaxTests.RequestConstituentsComposeWithoutChangingOriginalInput(String text, String operation, Byte key)
[xUnit.net 00:00:01.06]            at InvokeStub_LearningCaseRequestSyntaxTests.RequestConstituentsComposeWithoutChangingOriginalInput(Object, Span`1)
[xUnit.net 00:00:01.06]            at System.Reflection.MethodBaseInvoker.InvokeWithFewArgs(Object obj, BindingFlags invokeAttr, Binder binder, Object[] parameters, CultureInfo culture)
[xUnit.net 00:00:01.06]     CnetControlPlane.Tests.LearningCaseRequestSyntaxTests.RequestConstituentsComposeWithoutChangingOriginalInput(text: "convert the character 'ö' to uppercase!", operation: "upper", key: 246) [FAIL]
[xUnit.net 00:00:01.06]       TASK_CONSTITUENT_RED convert the character 'ö' to uppercase!: abstain
[xUnit.net 00:00:01.06]       Stack Trace:
[xUnit.net 00:00:01.06]         /home/marble/AI/CNET-worktrees/herdr-language-20260909/dotnet/CnetControlPlane.Tests/LearningCaseRequestSyntaxTests.cs(30,0): at CnetControlPlane.Tests.LearningCaseRequestSyntaxTests.RequestConstituentsComposeWithoutChangingOriginalInput(String text, String operation, Byte key)
[xUnit.net 00:00:01.06]            at InvokeStub_LearningCaseRequestSyntaxTests.RequestConstituentsComposeWithoutChangingOriginalInput(Object, Span`1)
[xUnit.net 00:00:01.06]            at System.Reflection.MethodBaseInvoker.InvokeWithFewArgs(Object obj, BindingFlags invokeAttr, Binder binder, Object[] parameters, CultureInfo culture)
[xUnit.net 00:00:01.06]     CnetControlPlane.Tests.LearningCaseRequestSyntaxTests.RequestConstituentsComposeWithoutChangingOriginalInput(text: "Could you kindly lowercase the single quoted chara"···, operation: "lower", key: 201) [FAIL]
[xUnit.net 00:00:01.06]       TASK_CONSTITUENT_RED Could you kindly lowercase the single quoted character  'É'?: abstain
[xUnit.net 00:00:01.06]       Stack Trace:
[xUnit.net 00:00:01.06]         /home/marble/AI/CNET-worktrees/herdr-language-20260909/dotnet/CnetControlPlane.Tests/LearningCaseRequestSyntaxTests.cs(30,0): at CnetControlPlane.Tests.LearningCaseRequestSyntaxTests.RequestConstituentsComposeWithoutChangingOriginalInput(String text, String operation, Byte key)
[xUnit.net 00:00:01.06]            at InvokeStub_LearningCaseRequestSyntaxTests.RequestConstituentsComposeWithoutChangingOriginalInput(Object, Span`1)
[xUnit.net 00:00:01.06]            at System.Reflection.MethodBaseInvoker.InvokeWithFewArgs(Object obj, BindingFlags invokeAttr, Binder binder, Object[] parameters, CultureInfo culture)
[xUnit.net 00:00:01.06]     CnetControlPlane.Tests.LearningCaseRequestSyntaxTests.RequestConstituentsComposeWithoutChangingOriginalInput(text: "uppercase the single quoted character  'µ'.", operation: "upper", key: 181) [FAIL]
[xUnit.net 00:00:01.06]       TASK_CONSTITUENT_RED uppercase the single quoted character  'µ'.: clarify
[xUnit.net 00:00:01.06]       Stack Trace:
[xUnit.net 00:00:01.06]         /home/marble/AI/CNET-worktrees/herdr-language-20260909/dotnet/CnetControlPlane.Tests/LearningCaseRequestSyntaxTests.cs(30,0): at CnetControlPlane.Tests.LearningCaseRequestSyntaxTests.RequestConstituentsComposeWithoutChangingOriginalInput(String text, String operation, Byte key)
[xUnit.net 00:00:01.06]            at InvokeStub_LearningCaseRequestSyntaxTests.RequestConstituentsComposeWithoutChangingOriginalInput(Object, Span`1)
[xUnit.net 00:00:01.06]            at System.Reflection.MethodBaseInvoker.InvokeWithFewArgs(Object obj, BindingFlags invokeAttr, Binder binder, Object[] parameters, CultureInfo culture)
  Failed CnetControlPlane.Tests.LearningCaseRequestSyntaxTests.RequestConstituentsComposeWithoutChangingOriginalInput(text: "Could you kindly render the single quoted characte"···, operation: "lower", key: 192) [< 1 ms]
  Error Message:
   TASK_CONSTITUENT_RED Could you kindly render the single quoted character 'À' in lowercase.: abstain
  Stack Trace:
     at CnetControlPlane.Tests.LearningCaseRequestSyntaxTests.RequestConstituentsComposeWithoutChangingOriginalInput(String text, String operation, Byte key) in /home/marble/AI/CNET-worktrees/herdr-language-20260909/dotnet/CnetControlPlane.Tests/LearningCaseRequestSyntaxTests.cs:line 30
   at InvokeStub_LearningCaseRequestSyntaxTests.RequestConstituentsComposeWithoutChangingOriginalInput(Object, Span`1)
   at System.Reflection.MethodBaseInvoker.InvokeWithFewArgs(Object obj, BindingFlags invokeAttr, Binder binder, Object[] parameters, CultureInfo culture)
  Failed CnetControlPlane.Tests.LearningCaseRequestSyntaxTests.RequestConstituentsComposeWithoutChangingOriginalInput(text: "Could you kindly convert the single quoted charact"···, operation: "upper", key: 246) [< 1 ms]
  Error Message:
   TASK_CONSTITUENT_RED Could you kindly convert the single quoted character 'ö' to uppercase?: abstain
  Stack Trace:
     at CnetControlPlane.Tests.LearningCaseRequestSyntaxTests.RequestConstituentsComposeWithoutChangingOriginalInput(String text, String operation, Byte key) in /home/marble/AI/CNET-worktrees/herdr-language-20260909/dotnet/CnetControlPlane.Tests/LearningCaseRequestSyntaxTests.cs:line 30
   at InvokeStub_LearningCaseRequestSyntaxTests.RequestConstituentsComposeWithoutChangingOriginalInput(Object, Span`1)
   at System.Reflection.MethodBaseInvoker.InvokeWithFewArgs(Object obj, BindingFlags invokeAttr, Binder binder, Object[] parameters, CultureInfo culture)
  Failed CnetControlPlane.Tests.LearningCaseRequestSyntaxTests.RequestConstituentsComposeWithoutChangingOriginalInput(text: "Please, convert 'ö' to uppercase.", operation: "upper", key: 246) [< 1 ms]
  Error Message:
   TASK_CONSTITUENT_RED Please, convert 'ö' to uppercase.: abstain
  Stack Trace:
     at CnetControlPlane.Tests.LearningCaseRequestSyntaxTests.RequestConstituentsComposeWithoutChangingOriginalInput(String text, String operation, Byte key) in /home/marble/AI/CNET-worktrees/herdr-language-20260909/dotnet/CnetControlPlane.Tests/LearningCaseRequestSyntaxTests.cs:line 30
   at InvokeStub_LearningCaseRequestSyntaxTests.RequestConstituentsComposeWithoutChangingOriginalInput(Object, Span`1)
   at System.Reflection.MethodBaseInvoker.InvokeWithFewArgs(Object obj, BindingFlags invokeAttr, Binder binder, Object[] parameters, CultureInfo culture)
  Failed CnetControlPlane.Tests.LearningCaseRequestSyntaxTests.RequestConstituentsComposeWithoutChangingOriginalInput(text: "convert the character 'ö' to uppercase!", operation: "upper", key: 246) [< 1 ms]
  Error Message:
   TASK_CONSTITUENT_RED convert the character 'ö' to uppercase!: abstain
  Stack Trace:
     at CnetControlPlane.Tests.LearningCaseRequestSyntaxTests.RequestConstituentsComposeWithoutChangingOriginalInput(String text, String operation, Byte key) in /home/marble/AI/CNET-worktrees/herdr-language-20260909/dotnet/CnetControlPlane.Tests/LearningCaseRequestSyntaxTests.cs:line 30
   at InvokeStub_LearningCaseRequestSyntaxTests.RequestConstituentsComposeWithoutChangingOriginalInput(Object, Span`1)
   at System.Reflection.MethodBaseInvoker.InvokeWithFewArgs(Object obj, BindingFlags invokeAttr, Binder binder, Object[] parameters, CultureInfo culture)
  Failed CnetControlPlane.Tests.LearningCaseRequestSyntaxTests.RequestConstituentsComposeWithoutChangingOriginalInput(text: "Could you kindly lowercase the single quoted chara"···, operation: "lower", key: 201) [< 1 ms]
  Error Message:
   TASK_CONSTITUENT_RED Could you kindly lowercase the single quoted character  'É'?: abstain
  Stack Trace:
     at CnetControlPlane.Tests.LearningCaseRequestSyntaxTests.RequestConstituentsComposeWithoutChangingOriginalInput(String text, String operation, Byte key) in /home/marble/AI/CNET-worktrees/herdr-language-20260909/dotnet/CnetControlPlane.Tests/LearningCaseRequestSyntaxTests.cs:line 30
   at InvokeStub_LearningCaseRequestSyntaxTests.RequestConstituentsComposeWithoutChangingOriginalInput(Object, Span`1)
   at System.Reflection.MethodBaseInvoker.InvokeWithFewArgs(Object obj, BindingFlags invokeAttr, Binder binder, Object[] parameters, CultureInfo culture)
  Passed CnetControlPlane.Tests.LearningCaseRequestSyntaxTests.RequestConstituentsComposeWithoutChangingOriginalInput(text: "Would you please render the single quoted characte"···, operation: "lower", key: 192) [< 1 ms]
  Passed CnetControlPlane.Tests.LearningCaseRequestSyntaxTests.RequestConstituentsComposeWithoutChangingOriginalInput(text: "Would you please lowercase  'É'?", operation: "lower", key: 201) [< 1 ms]
  Passed CnetControlPlane.Tests.LearningCaseRequestSyntaxTests.RequestConstituentsComposeWithoutChangingOriginalInput(text: "Would you please lowercase  'É'.", operation: "lower", key: 201) [< 1 ms]
  Failed CnetControlPlane.Tests.LearningCaseRequestSyntaxTests.RequestConstituentsComposeWithoutChangingOriginalInput(text: "uppercase the single quoted character  'µ'.", operation: "upper", key: 181) [< 1 ms]
  Error Message:
   TASK_CONSTITUENT_RED uppercase the single quoted character  'µ'.: clarify
  Stack Trace:
     at CnetControlPlane.Tests.LearningCaseRequestSyntaxTests.RequestConstituentsComposeWithoutChangingOriginalInput(String text, String operation, Byte key) in /home/marble/AI/CNET-worktrees/herdr-language-20260909/dotnet/CnetControlPlane.Tests/LearningCaseRequestSyntaxTests.cs:line 30
   at InvokeStub_LearningCaseRequestSyntaxTests.RequestConstituentsComposeWithoutChangingOriginalInput(Object, Span`1)
   at System.Reflection.MethodBaseInvoker.InvokeWithFewArgs(Object obj, BindingFlags invokeAttr, Binder binder, Object[] parameters, CultureInfo culture)
[xUnit.net 00:00:01.06]     CnetControlPlane.Tests.LearningCaseRequestSyntaxTests.RequestConstituentsComposeWithoutChangingOriginalInput(text: "Please, render 'À' in lowercase!", operation: "lower", key: 192) [FAIL]
[xUnit.net 00:00:01.06]       TASK_CONSTITUENT_RED Please, render 'À' in lowercase!: abstain
[xUnit.net 00:00:01.06]       Stack Trace:
[xUnit.net 00:00:01.06]         /home/marble/AI/CNET-worktrees/herdr-language-20260909/dotnet/CnetControlPlane.Tests/LearningCaseRequestSyntaxTests.cs(30,0): at CnetControlPlane.Tests.LearningCaseRequestSyntaxTests.RequestConstituentsComposeWithoutChangingOriginalInput(String text, String operation, Byte key)
[xUnit.net 00:00:01.06]            at InvokeStub_LearningCaseRequestSyntaxTests.RequestConstituentsComposeWithoutChangingOriginalInput(Object, Span`1)
[xUnit.net 00:00:01.06]            at System.Reflection.MethodBaseInvoker.InvokeWithFewArgs(Object obj, BindingFlags invokeAttr, Binder binder, Object[] parameters, CultureInfo culture)
[xUnit.net 00:00:01.06]     CnetControlPlane.Tests.LearningCaseRequestSyntaxTests.RequestConstituentsComposeWithoutChangingOriginalInput(text: "Please, lowercase the single quoted character  'É'"···, operation: "lower", key: 201) [FAIL]
[xUnit.net 00:00:01.06]       TASK_CONSTITUENT_RED Please, lowercase the single quoted character  'É'.: abstain
[xUnit.net 00:00:01.06]       Stack Trace:
[xUnit.net 00:00:01.06]         /home/marble/AI/CNET-worktrees/herdr-language-20260909/dotnet/CnetControlPlane.Tests/LearningCaseRequestSyntaxTests.cs(30,0): at CnetControlPlane.Tests.LearningCaseRequestSyntaxTests.RequestConstituentsComposeWithoutChangingOriginalInput(String text, String operation, Byte key)
[xUnit.net 00:00:01.06]            at InvokeStub_LearningCaseRequestSyntaxTests.RequestConstituentsComposeWithoutChangingOriginalInput(Object, Span`1)
[xUnit.net 00:00:01.06]            at System.Reflection.MethodBaseInvoker.InvokeWithFewArgs(Object obj, BindingFlags invokeAttr, Binder binder, Object[] parameters, CultureInfo culture)
[xUnit.net 00:00:01.06]     CnetControlPlane.Tests.LearningCaseRequestSyntaxTests.RequestConstituentsComposeWithoutChangingOriginalInput(text: "convert 'ö' to uppercase!", operation: "upper", key: 246) [FAIL]
[xUnit.net 00:00:01.06]       TASK_CONSTITUENT_RED convert 'ö' to uppercase!: abstain
[xUnit.net 00:00:01.06]       Stack Trace:
[xUnit.net 00:00:01.06]         /home/marble/AI/CNET-worktrees/herdr-language-20260909/dotnet/CnetControlPlane.Tests/LearningCaseRequestSyntaxTests.cs(30,0): at CnetControlPlane.Tests.LearningCaseRequestSyntaxTests.RequestConstituentsComposeWithoutChangingOriginalInput(String text, String operation, Byte key)
[xUnit.net 00:00:01.06]            at InvokeStub_LearningCaseRequestSyntaxTests.RequestConstituentsComposeWithoutChangingOriginalInput(Object, Span`1)
[xUnit.net 00:00:01.06]            at System.Reflection.MethodBaseInvoker.InvokeWithFewArgs(Object obj, BindingFlags invokeAttr, Binder binder, Object[] parameters, CultureInfo culture)
[xUnit.net 00:00:01.06]     CnetControlPlane.Tests.LearningCaseRequestSyntaxTests.RequestConstituentsComposeWithoutChangingOriginalInput(text: "Please, convert the single quoted character 'ö' to"···, operation: "upper", key: 246) [FAIL]
[xUnit.net 00:00:01.06]       TASK_CONSTITUENT_RED Please, convert the single quoted character 'ö' to uppercase.: abstain
[xUnit.net 00:00:01.06]       Stack Trace:
[xUnit.net 00:00:01.06]         /home/marble/AI/CNET-worktrees/herdr-language-20260909/dotnet/CnetControlPlane.Tests/LearningCaseRequestSyntaxTests.cs(30,0): at CnetControlPlane.Tests.LearningCaseRequestSyntaxTests.RequestConstituentsComposeWithoutChangingOriginalInput(String text, String operation, Byte key)
[xUnit.net 00:00:01.06]            at InvokeStub_LearningCaseRequestSyntaxTests.RequestConstituentsComposeWithoutChangingOriginalInput(Object, Span`1)
[xUnit.net 00:00:01.06]            at System.Reflection.MethodBaseInvoker.InvokeWithFewArgs(Object obj, BindingFlags invokeAttr, Binder binder, Object[] parameters, CultureInfo culture)
[xUnit.net 00:00:01.06]     CnetControlPlane.Tests.LearningCaseRequestSyntaxTests.RequestConstituentsComposeWithoutChangingOriginalInput(text: "Please, uppercase  'µ'?", operation: "upper", key: 181) [FAIL]
[xUnit.net 00:00:01.06]       TASK_CONSTITUENT_RED Please, uppercase  'µ'?: abstain
[xUnit.net 00:00:01.06]       Stack Trace:
[xUnit.net 00:00:01.06]         /home/marble/AI/CNET-worktrees/herdr-language-20260909/dotnet/CnetControlPlane.Tests/LearningCaseRequestSyntaxTests.cs(30,0): at CnetControlPlane.Tests.LearningCaseRequestSyntaxTests.RequestConstituentsComposeWithoutChangingOriginalInput(String text, String operation, Byte key)
[xUnit.net 00:00:01.06]            at InvokeStub_LearningCaseRequestSyntaxTests.RequestConstituentsComposeWithoutChangingOriginalInput(Object, Span`1)
[xUnit.net 00:00:01.06]            at System.Reflection.MethodBaseInvoker.InvokeWithFewArgs(Object obj, BindingFlags invokeAttr, Binder binder, Object[] parameters, CultureInfo culture)
[xUnit.net 00:00:01.06]     CnetControlPlane.Tests.LearningCaseRequestSyntaxTests.RequestConstituentsComposeWithoutChangingOriginalInput(text: "Could you kindly uppercase  'µ'?", operation: "upper", key: 181) [FAIL]
[xUnit.net 00:00:01.06]       TASK_CONSTITUENT_RED Could you kindly uppercase  'µ'?: abstain
[xUnit.net 00:00:01.06]       Stack Trace:
[xUnit.net 00:00:01.06]         /home/marble/AI/CNET-worktrees/herdr-language-20260909/dotnet/CnetControlPlane.Tests/LearningCaseRequestSyntaxTests.cs(30,0): at CnetControlPlane.Tests.LearningCaseRequestSyntaxTests.RequestConstituentsComposeWithoutChangingOriginalInput(String text, String operation, Byte key)
[xUnit.net 00:00:01.06]            at InvokeStub_LearningCaseRequestSyntaxTests.RequestConstituentsComposeWithoutChangingOriginalInput(Object, Span`1)
[xUnit.net 00:00:01.06]            at System.Reflection.MethodBaseInvoker.InvokeWithFewArgs(Object obj, BindingFlags invokeAttr, Binder binder, Object[] parameters, CultureInfo culture)
[xUnit.net 00:00:01.08]     CnetControlPlane.Tests.LearningCaseRequestSyntaxTests.RequestConstituentsComposeWithoutChangingOriginalInput(text: "Would you please lowercase the character  'É'?", operation: "lower", key: 201) [FAIL]
[xUnit.net 00:00:01.08]       TASK_CONSTITUENT_RED Would you please lowercase the character  'É'?: clarify
[xUnit.net 00:00:01.08]       Stack Trace:
[xUnit.net 00:00:01.08]         /home/marble/AI/CNET-worktrees/herdr-language-20260909/dotnet/CnetControlPlane.Tests/LearningCaseRequestSyntaxTests.cs(30,0): at CnetControlPlane.Tests.LearningCaseRequestSyntaxTests.RequestConstituentsComposeWithoutChangingOriginalInput(String text, String operation, Byte key)
[xUnit.net 00:00:01.08]            at InvokeStub_LearningCaseRequestSyntaxTests.RequestConstituentsComposeWithoutChangingOriginalInput(Object, Span`1)
[xUnit.net 00:00:01.08]            at System.Reflection.MethodBaseInvoker.InvokeWithFewArgs(Object obj, BindingFlags invokeAttr, Binder binder, Object[] parameters, CultureInfo culture)
  Failed CnetControlPlane.Tests.LearningCaseRequestSyntaxTests.RequestConstituentsComposeWithoutChangingOriginalInput(text: "Please, render 'À' in lowercase!", operation: "lower", key: 192) [< 1 ms]
  Error Message:
   TASK_CONSTITUENT_RED Please, render 'À' in lowercase!: abstain
  Stack Trace:
     at CnetControlPlane.Tests.LearningCaseRequestSyntaxTests.RequestConstituentsComposeWithoutChangingOriginalInput(String text, String operation, Byte key) in /home/marble/AI/CNET-worktrees/herdr-language-20260909/dotnet/CnetControlPlane.Tests/LearningCaseRequestSyntaxTests.cs:line 30
   at InvokeStub_LearningCaseRequestSyntaxTests.RequestConstituentsComposeWithoutChangingOriginalInput(Object, Span`1)
   at System.Reflection.MethodBaseInvoker.InvokeWithFewArgs(Object obj, BindingFlags invokeAttr, Binder binder, Object[] parameters, CultureInfo culture)
  Failed CnetControlPlane.Tests.LearningCaseRequestSyntaxTests.RequestConstituentsComposeWithoutChangingOriginalInput(text: "Please, lowercase the single quoted character  'É'"···, operation: "lower", key: 201) [< 1 ms]
  Error Message:
   TASK_CONSTITUENT_RED Please, lowercase the single quoted character  'É'.: abstain
  Stack Trace:
     at CnetControlPlane.Tests.LearningCaseRequestSyntaxTests.RequestConstituentsComposeWithoutChangingOriginalInput(String text, String operation, Byte key) in /home/marble/AI/CNET-worktrees/herdr-language-20260909/dotnet/CnetControlPlane.Tests/LearningCaseRequestSyntaxTests.cs:line 30
   at InvokeStub_LearningCaseRequestSyntaxTests.RequestConstituentsComposeWithoutChangingOriginalInput(Object, Span`1)
   at System.Reflection.MethodBaseInvoker.InvokeWithFewArgs(Object obj, BindingFlags invokeAttr, Binder binder, Object[] parameters, CultureInfo culture)
  Failed CnetControlPlane.Tests.LearningCaseRequestSyntaxTests.RequestConstituentsComposeWithoutChangingOriginalInput(text: "convert 'ö' to uppercase!", operation: "upper", key: 246) [< 1 ms]
  Error Message:
   TASK_CONSTITUENT_RED convert 'ö' to uppercase!: abstain
  Stack Trace:
     at CnetControlPlane.Tests.LearningCaseRequestSyntaxTests.RequestConstituentsComposeWithoutChangingOriginalInput(String text, String operation, Byte key) in /home/marble/AI/CNET-worktrees/herdr-language-20260909/dotnet/CnetControlPlane.Tests/LearningCaseRequestSyntaxTests.cs:line 30
   at InvokeStub_LearningCaseRequestSyntaxTests.RequestConstituentsComposeWithoutChangingOriginalInput(Object, Span`1)
   at System.Reflection.MethodBaseInvoker.InvokeWithFewArgs(Object obj, BindingFlags invokeAttr, Binder binder, Object[] parameters, CultureInfo culture)
  Failed CnetControlPlane.Tests.LearningCaseRequestSyntaxTests.RequestConstituentsComposeWithoutChangingOriginalInput(text: "Please, convert the single quoted character 'ö' to"···, operation: "upper", key: 246) [< 1 ms]
  Error Message:
   TASK_CONSTITUENT_RED Please, convert the single quoted character 'ö' to uppercase.: abstain
  Stack Trace:
     at CnetControlPlane.Tests.LearningCaseRequestSyntaxTests.RequestConstituentsComposeWithoutChangingOriginalInput(String text, String operation, Byte key) in /home/marble/AI/CNET-worktrees/herdr-language-20260909/dotnet/CnetControlPlane.Tests/LearningCaseRequestSyntaxTests.cs:line 30
   at InvokeStub_LearningCaseRequestSyntaxTests.RequestConstituentsComposeWithoutChangingOriginalInput(Object, Span`1)
   at System.Reflection.MethodBaseInvoker.InvokeWithFewArgs(Object obj, BindingFlags invokeAttr, Binder binder, Object[] parameters, CultureInfo culture)
  Passed CnetControlPlane.Tests.LearningCaseRequestSyntaxTests.RequestConstituentsComposeWithoutChangingOriginalInput(text: "Would you please render 'À' in lowercase.", operation: "lower", key: 192) [< 1 ms]
  Passed CnetControlPlane.Tests.LearningCaseRequestSyntaxTests.RequestConstituentsComposeWithoutChangingOriginalInput(text: "Would you please convert 'ö' to uppercase.", operation: "upper", key: 246) [< 1 ms]
  Failed CnetControlPlane.Tests.LearningCaseRequestSyntaxTests.RequestConstituentsComposeWithoutChangingOriginalInput(text: "Please, uppercase  'µ'?", operation: "upper", key: 181) [< 1 ms]
  Error Message:
   TASK_CONSTITUENT_RED Please, uppercase  'µ'?: abstain
  Stack Trace:
     at CnetControlPlane.Tests.LearningCaseRequestSyntaxTests.RequestConstituentsComposeWithoutChangingOriginalInput(String text, String operation, Byte key) in /home/marble/AI/CNET-worktrees/herdr-language-20260909/dotnet/CnetControlPlane.Tests/LearningCaseRequestSyntaxTests.cs:line 30
   at InvokeStub_LearningCaseRequestSyntaxTests.RequestConstituentsComposeWithoutChangingOriginalInput(Object, Span`1)
   at System.Reflection.MethodBaseInvoker.InvokeWithFewArgs(Object obj, BindingFlags invokeAttr, Binder binder, Object[] parameters, CultureInfo culture)
  Failed CnetControlPlane.Tests.LearningCaseRequestSyntaxTests.RequestConstituentsComposeWithoutChangingOriginalInput(text: "Could you kindly uppercase  'µ'?", operation: "upper", key: 181) [< 1 ms]
  Error Message:
   TASK_CONSTITUENT_RED Could you kindly uppercase  'µ'?: abstain
  Stack Trace:
     at CnetControlPlane.Tests.LearningCaseRequestSyntaxTests.RequestConstituentsComposeWithoutChangingOriginalInput(String text, String operation, Byte key) in /home/marble/AI/CNET-worktrees/herdr-language-20260909/dotnet/CnetControlPlane.Tests/LearningCaseRequestSyntaxTests.cs:line 30
   at InvokeStub_LearningCaseRequestSyntaxTests.RequestConstituentsComposeWithoutChangingOriginalInput(Object, Span`1)
   at System.Reflection.MethodBaseInvoker.InvokeWithFewArgs(Object obj, BindingFlags invokeAttr, Binder binder, Object[] parameters, CultureInfo culture)
  Failed CnetControlPlane.Tests.LearningCaseRequestSyntaxTests.RequestConstituentsComposeWithoutChangingOriginalInput(text: "Would you please lowercase the character  'É'?", operation: "lower", key: 201) [< 1 ms]
  Error Message:
   TASK_CONSTITUENT_RED Would you please lowercase the character  'É'?: clarify
  Stack Trace:
     at CnetControlPlane.Tests.LearningCaseRequestSyntaxTests.RequestConstituentsComposeWithoutChangingOriginalInput(String text, String operation, Byte key) in /home/marble/AI/CNET-worktrees/herdr-language-20260909/dotnet/CnetControlPlane.Tests/LearningCaseRequestSyntaxTests.cs:line 30
   at InvokeStub_LearningCaseRequestSyntaxTests.RequestConstituentsComposeWithoutChangingOriginalInput(Object, Span`1)
   at System.Reflection.MethodBaseInvoker.InvokeWithFewArgs(Object obj, BindingFlags invokeAttr, Binder binder, Object[] parameters, CultureInfo culture)
[xUnit.net 00:00:01.08]     CnetControlPlane.Tests.LearningCaseRequestSyntaxTests.RequestConstituentsComposeWithoutChangingOriginalInput(text: "Please, render the character 'À' in lowercase?", operation: "lower", key: 192) [FAIL]
[xUnit.net 00:00:01.08]       TASK_CONSTITUENT_RED Please, render the character 'À' in lowercase?: abstain
[xUnit.net 00:00:01.08]       Stack Trace:
[xUnit.net 00:00:01.08]         /home/marble/AI/CNET-worktrees/herdr-language-20260909/dotnet/CnetControlPlane.Tests/LearningCaseRequestSyntaxTests.cs(30,0): at CnetControlPlane.Tests.LearningCaseRequestSyntaxTests.RequestConstituentsComposeWithoutChangingOriginalInput(String text, String operation, Byte key)
[xUnit.net 00:00:01.08]            at InvokeStub_LearningCaseRequestSyntaxTests.RequestConstituentsComposeWithoutChangingOriginalInput(Object, Span`1)
[xUnit.net 00:00:01.08]            at System.Reflection.MethodBaseInvoker.InvokeWithFewArgs(Object obj, BindingFlags invokeAttr, Binder binder, Object[] parameters, CultureInfo culture)
[xUnit.net 00:00:01.08]     CnetControlPlane.Tests.LearningCaseRequestSyntaxTests.RequestConstituentsComposeWithoutChangingOriginalInput(text: "Would you please lowercase the single quoted chara"···, operation: "lower", key: 201) [FAIL]
[xUnit.net 00:00:01.08]       TASK_CONSTITUENT_RED Would you please lowercase the single quoted character  'É'!: clarify
[xUnit.net 00:00:01.08]       Stack Trace:
[xUnit.net 00:00:01.08]         /home/marble/AI/CNET-worktrees/herdr-language-20260909/dotnet/CnetControlPlane.Tests/LearningCaseRequestSyntaxTests.cs(30,0): at CnetControlPlane.Tests.LearningCaseRequestSyntaxTests.RequestConstituentsComposeWithoutChangingOriginalInput(String text, String operation, Byte key)
[xUnit.net 00:00:01.08]            at InvokeStub_LearningCaseRequestSyntaxTests.RequestConstituentsComposeWithoutChangingOriginalInput(Object, Span`1)
[xUnit.net 00:00:01.08]            at System.Reflection.MethodBaseInvoker.InvokeWithFewArgs(Object obj, BindingFlags invokeAttr, Binder binder, Object[] parameters, CultureInfo culture)
[xUnit.net 00:00:01.08]     CnetControlPlane.Tests.LearningCaseRequestSyntaxTests.RequestConstituentsComposeWithoutChangingOriginalInput(text: "Please, uppercase the single quoted character  'µ'"···, operation: "upper", key: 181) [FAIL]
[xUnit.net 00:00:01.08]       TASK_CONSTITUENT_RED Please, uppercase the single quoted character  'µ'.: abstain
[xUnit.net 00:00:01.08]       Stack Trace:
[xUnit.net 00:00:01.08]         /home/marble/AI/CNET-worktrees/herdr-language-20260909/dotnet/CnetControlPlane.Tests/LearningCaseRequestSyntaxTests.cs(30,0): at CnetControlPlane.Tests.LearningCaseRequestSyntaxTests.RequestConstituentsComposeWithoutChangingOriginalInput(String text, String operation, Byte key)
[xUnit.net 00:00:01.08]            at InvokeStub_LearningCaseRequestSyntaxTests.RequestConstituentsComposeWithoutChangingOriginalInput(Object, Span`1)
[xUnit.net 00:00:01.08]            at System.Reflection.MethodBaseInvoker.InvokeWithFewArgs(Object obj, BindingFlags invokeAttr, Binder binder, Object[] parameters, CultureInfo culture)
[xUnit.net 00:00:01.08]     CnetControlPlane.Tests.LearningCaseRequestSyntaxTests.RequestConstituentsComposeWithoutChangingOriginalInput(text: "write the single quoted character 'ñ' in caps!", operation: "upper", key: 241) [FAIL]
[xUnit.net 00:00:01.08]       TASK_CONSTITUENT_RED write the single quoted character 'ñ' in caps!: abstain
[xUnit.net 00:00:01.08]       Stack Trace:
[xUnit.net 00:00:01.08]         /home/marble/AI/CNET-worktrees/herdr-language-20260909/dotnet/CnetControlPlane.Tests/LearningCaseRequestSyntaxTests.cs(30,0): at CnetControlPlane.Tests.LearningCaseRequestSyntaxTests.RequestConstituentsComposeWithoutChangingOriginalInput(String text, String operation, Byte key)
[xUnit.net 00:00:01.08]            at InvokeStub_LearningCaseRequestSyntaxTests.RequestConstituentsComposeWithoutChangingOriginalInput(Object, Span`1)
[xUnit.net 00:00:01.08]            at System.Reflection.MethodBaseInvoker.InvokeWithFewArgs(Object obj, BindingFlags invokeAttr, Binder binder, Object[] parameters, CultureInfo culture)
[xUnit.net 00:00:01.08]     CnetControlPlane.Tests.LearningCaseRequestSyntaxTests.RequestConstituentsComposeWithoutChangingOriginalInput(text: "Could you kindly uppercase the single quoted chara"···, operation: "upper", key: 181) [FAIL]
[xUnit.net 00:00:01.08]       TASK_CONSTITUENT_RED Could you kindly uppercase the single quoted character  'µ'!: abstain
[xUnit.net 00:00:01.08]       Stack Trace:
[xUnit.net 00:00:01.08]         /home/marble/AI/CNET-worktrees/herdr-language-20260909/dotnet/CnetControlPlane.Tests/LearningCaseRequestSyntaxTests.cs(30,0): at CnetControlPlane.Tests.LearningCaseRequestSyntaxTests.RequestConstituentsComposeWithoutChangingOriginalInput(String text, String operation, Byte key)
[xUnit.net 00:00:01.08]            at InvokeStub_LearningCaseRequestSyntaxTests.RequestConstituentsComposeWithoutChangingOriginalInput(Object, Span`1)
[xUnit.net 00:00:01.08]            at System.Reflection.MethodBaseInvoker.InvokeWithFewArgs(Object obj, BindingFlags invokeAttr, Binder binder, Object[] parameters, CultureInfo culture)
[xUnit.net 00:00:01.08]     CnetControlPlane.Tests.LearningCaseRequestSyntaxTests.RequestConstituentsComposeWithoutChangingOriginalInput(text: "Please, convert the character 'ö' to uppercase?", operation: "upper", key: 246) [FAIL]
[xUnit.net 00:00:01.08]       TASK_CONSTITUENT_RED Please, convert the character 'ö' to uppercase?: abstain
[xUnit.net 00:00:01.08]       Stack Trace:
[xUnit.net 00:00:01.08]         /home/marble/AI/CNET-worktrees/herdr-language-20260909/dotnet/CnetControlPlane.Tests/LearningCaseRequestSyntaxTests.cs(30,0): at CnetControlPlane.Tests.LearningCaseRequestSyntaxTests.RequestConstituentsComposeWithoutChangingOriginalInput(String text, String operation, Byte key)
[xUnit.net 00:00:01.08]            at InvokeStub_LearningCaseRequestSyntaxTests.RequestConstituentsComposeWithoutChangingOriginalInput(Object, Span`1)
[xUnit.net 00:00:01.08]            at System.Reflection.MethodBaseInvoker.InvokeWithFewArgs(Object obj, BindingFlags invokeAttr, Binder binder, Object[] parameters, CultureInfo culture)
[xUnit.net 00:00:01.08]     CnetControlPlane.Tests.LearningCaseRequestSyntaxTests.RequestConstituentsComposeWithoutChangingOriginalInput(text: "uppercase the character  'µ'?", operation: "upper", key: 181) [FAIL]
[xUnit.net 00:00:01.08]       TASK_CONSTITUENT_RED uppercase the character  'µ'?: clarify
[xUnit.net 00:00:01.08]       Stack Trace:
[xUnit.net 00:00:01.08]         /home/marble/AI/CNET-worktrees/herdr-language-20260909/dotnet/CnetControlPlane.Tests/LearningCaseRequestSyntaxTests.cs(30,0): at CnetControlPlane.Tests.LearningCaseRequestSyntaxTests.RequestConstituentsComposeWithoutChangingOriginalInput(String text, String operation, Byte key)
[xUnit.net 00:00:01.08]            at InvokeStub_LearningCaseRequestSyntaxTests.RequestConstituentsComposeWithoutChangingOriginalInput(Object, Span`1)
[xUnit.net 00:00:01.08]            at System.Reflection.MethodBaseInvoker.InvokeWithFewArgs(Object obj, BindingFlags invokeAttr, Binder binder, Object[] parameters, CultureInfo culture)
  Failed CnetControlPlane.Tests.LearningCaseRequestSyntaxTests.RequestConstituentsComposeWithoutChangingOriginalInput(text: "Please, render the character 'À' in lowercase?", operation: "lower", key: 192) [< 1 ms]
  Error Message:
   TASK_CONSTITUENT_RED Please, render the character 'À' in lowercase?: abstain
  Stack Trace:
     at CnetControlPlane.Tests.LearningCaseRequestSyntaxTests.RequestConstituentsComposeWithoutChangingOriginalInput(String text, String operation, Byte key) in /home/marble/AI/CNET-worktrees/herdr-language-20260909/dotnet/CnetControlPlane.Tests/LearningCaseRequestSyntaxTests.cs:line 30
   at InvokeStub_LearningCaseRequestSyntaxTests.RequestConstituentsComposeWithoutChangingOriginalInput(Object, Span`1)
   at System.Reflection.MethodBaseInvoker.InvokeWithFewArgs(Object obj, BindingFlags invokeAttr, Binder binder, Object[] parameters, CultureInfo culture)
  Failed CnetControlPlane.Tests.LearningCaseRequestSyntaxTests.RequestConstituentsComposeWithoutChangingOriginalInput(text: "Would you please lowercase the single quoted chara"···, operation: "lower", key: 201) [< 1 ms]
  Error Message:
   TASK_CONSTITUENT_RED Would you please lowercase the single quoted character  'É'!: clarify
  Stack Trace:
     at CnetControlPlane.Tests.LearningCaseRequestSyntaxTests.RequestConstituentsComposeWithoutChangingOriginalInput(String text, String operation, Byte key) in /home/marble/AI/CNET-worktrees/herdr-language-20260909/dotnet/CnetControlPlane.Tests/LearningCaseRequestSyntaxTests.cs:line 30
   at InvokeStub_LearningCaseRequestSyntaxTests.RequestConstituentsComposeWithoutChangingOriginalInput(Object, Span`1)
   at System.Reflection.MethodBaseInvoker.InvokeWithFewArgs(Object obj, BindingFlags invokeAttr, Binder binder, Object[] parameters, CultureInfo culture)
  Failed CnetControlPlane.Tests.LearningCaseRequestSyntaxTests.RequestConstituentsComposeWithoutChangingOriginalInput(text: "Please, uppercase the single quoted character  'µ'"···, operation: "upper", key: 181) [< 1 ms]
  Error Message:
   TASK_CONSTITUENT_RED Please, uppercase the single quoted character  'µ'.: abstain
  Stack Trace:
     at CnetControlPlane.Tests.LearningCaseRequestSyntaxTests.RequestConstituentsComposeWithoutChangingOriginalInput(String text, String operation, Byte key) in /home/marble/AI/CNET-worktrees/herdr-language-20260909/dotnet/CnetControlPlane.Tests/LearningCaseRequestSyntaxTests.cs:line 30
   at InvokeStub_LearningCaseRequestSyntaxTests.RequestConstituentsComposeWithoutChangingOriginalInput(Object, Span`1)
   at System.Reflection.MethodBaseInvoker.InvokeWithFewArgs(Object obj, BindingFlags invokeAttr, Binder binder, Object[] parameters, CultureInfo culture)
  Failed CnetControlPlane.Tests.LearningCaseRequestSyntaxTests.RequestConstituentsComposeWithoutChangingOriginalInput(text: "write the single quoted character 'ñ' in caps!", operation: "upper", key: 241) [< 1 ms]
  Error Message:
   TASK_CONSTITUENT_RED write the single quoted character 'ñ' in caps!: abstain
  Stack Trace:
     at CnetControlPlane.Tests.LearningCaseRequestSyntaxTests.RequestConstituentsComposeWithoutChangingOriginalInput(String text, String operation, Byte key) in /home/marble/AI/CNET-worktrees/herdr-language-20260909/dotnet/CnetControlPlane.Tests/LearningCaseRequestSyntaxTests.cs:line 30
   at InvokeStub_LearningCaseRequestSyntaxTests.RequestConstituentsComposeWithoutChangingOriginalInput(Object, Span`1)
   at System.Reflection.MethodBaseInvoker.InvokeWithFewArgs(Object obj, BindingFlags invokeAttr, Binder binder, Object[] parameters, CultureInfo culture)
  Failed CnetControlPlane.Tests.LearningCaseRequestSyntaxTests.RequestConstituentsComposeWithoutChangingOriginalInput(text: "Could you kindly uppercase the single quoted chara"···, operation: "upper", key: 181) [< 1 ms]
  Error Message:
   TASK_CONSTITUENT_RED Could you kindly uppercase the single quoted character  'µ'!: abstain
  Stack Trace:
     at CnetControlPlane.Tests.LearningCaseRequestSyntaxTests.RequestConstituentsComposeWithoutChangingOriginalInput(String text, String operation, Byte key) in /home/marble/AI/CNET-worktrees/herdr-language-20260909/dotnet/CnetControlPlane.Tests/LearningCaseRequestSyntaxTests.cs:line 30
   at InvokeStub_LearningCaseRequestSyntaxTests.RequestConstituentsComposeWithoutChangingOriginalInput(Object, Span`1)
   at System.Reflection.MethodBaseInvoker.InvokeWithFewArgs(Object obj, BindingFlags invokeAttr, Binder binder, Object[] parameters, CultureInfo culture)
  Passed CnetControlPlane.Tests.LearningCaseRequestSyntaxTests.RequestConstituentsComposeWithoutChangingOriginalInput(text: "render the character 'À' in lowercase.", operation: "lower", key: 192) [< 1 ms]
  Failed CnetControlPlane.Tests.LearningCaseRequestSyntaxTests.RequestConstituentsComposeWithoutChangingOriginalInput(text: "Please, convert the character 'ö' to uppercase?", operation: "upper", key: 246) [< 1 ms]
  Error Message:
   TASK_CONSTITUENT_RED Please, convert the character 'ö' to uppercase?: abstain
  Stack Trace:
     at CnetControlPlane.Tests.LearningCaseRequestSyntaxTests.RequestConstituentsComposeWithoutChangingOriginalInput(String text, String operation, Byte key) in /home/marble/AI/CNET-worktrees/herdr-language-20260909/dotnet/CnetControlPlane.Tests/LearningCaseRequestSyntaxTests.cs:line 30
   at InvokeStub_LearningCaseRequestSyntaxTests.RequestConstituentsComposeWithoutChangingOriginalInput(Object, Span`1)
   at System.Reflection.MethodBaseInvoker.InvokeWithFewArgs(Object obj, BindingFlags invokeAttr, Binder binder, Object[] parameters, CultureInfo culture)
  Passed CnetControlPlane.Tests.LearningCaseRequestSyntaxTests.RequestConstituentsComposeWithoutChangingOriginalInput(text: "uppercase  'µ'.", operation: "upper", key: 181) [< 1 ms]
  Failed CnetControlPlane.Tests.LearningCaseRequestSyntaxTests.RequestConstituentsComposeWithoutChangingOriginalInput(text: "uppercase the character  'µ'?", operation: "upper", key: 181) [< 1 ms]
  Error Message:
   TASK_CONSTITUENT_RED uppercase the character  'µ'?: clarify
  Stack Trace:
     at CnetControlPlane.Tests.LearningCaseRequestSyntaxTests.RequestConstituentsComposeWithoutChangingOriginalInput(String text, String operation, Byte key) in /home/marble/AI/CNET-worktrees/herdr-language-20260909/dotnet/CnetControlPlane.Tests/LearningCaseRequestSyntaxTests.cs:line 30
   at InvokeStub_LearningCaseRequestSyntaxTests.RequestConstituentsComposeWithoutChangingOriginalInput(Object, Span`1)
   at System.Reflection.MethodBaseInvoker.InvokeWithFewArgs(Object obj, BindingFlags invokeAttr, Binder binder, Object[] parameters, CultureInfo culture)
[xUnit.net 00:00:01.08]     CnetControlPlane.Tests.LearningCaseRequestSyntaxTests.RequestConstituentsComposeWithoutChangingOriginalInput(text: "Could you kindly lowercase  'É'!", operation: "lower", key: 201) [FAIL]
[xUnit.net 00:00:01.08]       TASK_CONSTITUENT_RED Could you kindly lowercase  'É'!: abstain
[xUnit.net 00:00:01.08]       Stack Trace:
[xUnit.net 00:00:01.08]         /home/marble/AI/CNET-worktrees/herdr-language-20260909/dotnet/CnetControlPlane.Tests/LearningCaseRequestSyntaxTests.cs(30,0): at CnetControlPlane.Tests.LearningCaseRequestSyntaxTests.RequestConstituentsComposeWithoutChangingOriginalInput(String text, String operation, Byte key)
[xUnit.net 00:00:01.08]            at InvokeStub_LearningCaseRequestSyntaxTests.RequestConstituentsComposeWithoutChangingOriginalInput(Object, Span`1)
[xUnit.net 00:00:01.08]            at System.Reflection.MethodBaseInvoker.InvokeWithFewArgs(Object obj, BindingFlags invokeAttr, Binder binder, Object[] parameters, CultureInfo culture)
[xUnit.net 00:00:01.08]     CnetControlPlane.Tests.LearningCaseRequestSyntaxTests.RequestConstituentsComposeWithoutChangingOriginalInput(text: "Could you kindly lowercase the single quoted chara"···, operation: "lower", key: 201) [FAIL]
[xUnit.net 00:00:01.08]       TASK_CONSTITUENT_RED Could you kindly lowercase the single quoted character  'É'.: abstain
[xUnit.net 00:00:01.08]       Stack Trace:
[xUnit.net 00:00:01.08]         /home/marble/AI/CNET-worktrees/herdr-language-20260909/dotnet/CnetControlPlane.Tests/LearningCaseRequestSyntaxTests.cs(30,0): at CnetControlPlane.Tests.LearningCaseRequestSyntaxTests.RequestConstituentsComposeWithoutChangingOriginalInput(String text, String operation, Byte key)
[xUnit.net 00:00:01.08]            at InvokeStub_LearningCaseRequestSyntaxTests.RequestConstituentsComposeWithoutChangingOriginalInput(Object, Span`1)
[xUnit.net 00:00:01.08]            at System.Reflection.MethodBaseInvoker.InvokeWithFewArgs(Object obj, BindingFlags invokeAttr, Binder binder, Object[] parameters, CultureInfo culture)
[xUnit.net 00:00:01.08]     CnetControlPlane.Tests.LearningCaseRequestSyntaxTests.RequestConstituentsComposeWithoutChangingOriginalInput(text: "Please, write the character 'ñ' in caps?", operation: "upper", key: 241) [FAIL]
[xUnit.net 00:00:01.08]       TASK_CONSTITUENT_RED Please, write the character 'ñ' in caps?: abstain
[xUnit.net 00:00:01.08]       Stack Trace:
[xUnit.net 00:00:01.08]         /home/marble/AI/CNET-worktrees/herdr-language-20260909/dotnet/CnetControlPlane.Tests/LearningCaseRequestSyntaxTests.cs(30,0): at CnetControlPlane.Tests.LearningCaseRequestSyntaxTests.RequestConstituentsComposeWithoutChangingOriginalInput(String text, String operation, Byte key)
[xUnit.net 00:00:01.08]            at InvokeStub_LearningCaseRequestSyntaxTests.RequestConstituentsComposeWithoutChangingOriginalInput(Object, Span`1)
[xUnit.net 00:00:01.08]            at System.Reflection.MethodBaseInvoker.InvokeWithFewArgs(Object obj, BindingFlags invokeAttr, Binder binder, Object[] parameters, CultureInfo culture)
[xUnit.net 00:00:01.08]     CnetControlPlane.Tests.LearningCaseRequestSyntaxTests.RequestConstituentsComposeWithoutChangingOriginalInput(text: "Could you kindly write the single quoted character"···, operation: "upper", key: 241) [FAIL]
[xUnit.net 00:00:01.08]       TASK_CONSTITUENT_RED Could you kindly write the single quoted character 'ñ' in caps.: abstain
[xUnit.net 00:00:01.08]       Stack Trace:
[xUnit.net 00:00:01.08]         /home/marble/AI/CNET-worktrees/herdr-language-20260909/dotnet/CnetControlPlane.Tests/LearningCaseRequestSyntaxTests.cs(30,0): at CnetControlPlane.Tests.LearningCaseRequestSyntaxTests.RequestConstituentsComposeWithoutChangingOriginalInput(String text, String operation, Byte key)
[xUnit.net 00:00:01.08]            at InvokeStub_LearningCaseRequestSyntaxTests.RequestConstituentsComposeWithoutChangingOriginalInput(Object, Span`1)
[xUnit.net 00:00:01.08]            at System.Reflection.MethodBaseInvoker.InvokeWithFewArgs(Object obj, BindingFlags invokeAttr, Binder binder, Object[] parameters, CultureInfo culture)
[xUnit.net 00:00:01.08]     CnetControlPlane.Tests.LearningCaseRequestSyntaxTests.RequestConstituentsComposeWithoutChangingOriginalInput(text: "Please, write the character 'ñ' in caps.", operation: "upper", key: 241) [FAIL]
[xUnit.net 00:00:01.08]       TASK_CONSTITUENT_RED Please, write the character 'ñ' in caps.: abstain
[xUnit.net 00:00:01.08]       Stack Trace:
[xUnit.net 00:00:01.08]         /home/marble/AI/CNET-worktrees/herdr-language-20260909/dotnet/CnetControlPlane.Tests/LearningCaseRequestSyntaxTests.cs(30,0): at CnetControlPlane.Tests.LearningCaseRequestSyntaxTests.RequestConstituentsComposeWithoutChangingOriginalInput(String text, String operation, Byte key)
[xUnit.net 00:00:01.08]            at InvokeStub_LearningCaseRequestSyntaxTests.RequestConstituentsComposeWithoutChangingOriginalInput(Object, Span`1)
[xUnit.net 00:00:01.08]            at System.Reflection.MethodBaseInvoker.InvokeWithFewArgs(Object obj, BindingFlags invokeAttr, Binder binder, Object[] parameters, CultureInfo culture)
[xUnit.net 00:00:01.08]     CnetControlPlane.Tests.LearningCaseRequestSyntaxTests.RequestConstituentsComposeWithoutChangingOriginalInput(text: "uppercase the character  'µ'.", operation: "upper", key: 181) [FAIL]
[xUnit.net 00:00:01.08]       TASK_CONSTITUENT_RED uppercase the character  'µ'.: clarify
[xUnit.net 00:00:01.08]       Stack Trace:
[xUnit.net 00:00:01.08]         /home/marble/AI/CNET-worktrees/herdr-language-20260909/dotnet/CnetControlPlane.Tests/LearningCaseRequestSyntaxTests.cs(30,0): at CnetControlPlane.Tests.LearningCaseRequestSyntaxTests.RequestConstituentsComposeWithoutChangingOriginalInput(String text, String operation, Byte key)
[xUnit.net 00:00:01.08]            at InvokeStub_LearningCaseRequestSyntaxTests.RequestConstituentsComposeWithoutChangingOriginalInput(Object, Span`1)
[xUnit.net 00:00:01.08]            at System.Reflection.MethodBaseInvoker.InvokeWithFewArgs(Object obj, BindingFlags invokeAttr, Binder binder, Object[] parameters, CultureInfo culture)
[xUnit.net 00:00:01.08]     CnetControlPlane.Tests.LearningCaseRequestSyntaxTests.RequestConstituentsComposeWithoutChangingOriginalInput(text: "Could you kindly convert 'ö' to uppercase.", operation: "upper", key: 246) [FAIL]
[xUnit.net 00:00:01.08]       TASK_CONSTITUENT_RED Could you kindly convert 'ö' to uppercase.: abstain
[xUnit.net 00:00:01.08]       Stack Trace:
[xUnit.net 00:00:01.08]         /home/marble/AI/CNET-worktrees/herdr-language-20260909/dotnet/CnetControlPlane.Tests/LearningCaseRequestSyntaxTests.cs(30,0): at CnetControlPlane.Tests.LearningCaseRequestSyntaxTests.RequestConstituentsComposeWithoutChangingOriginalInput(String text, String operation, Byte key)
[xUnit.net 00:00:01.08]            at InvokeStub_LearningCaseRequestSyntaxTests.RequestConstituentsComposeWithoutChangingOriginalInput(Object, Span`1)
[xUnit.net 00:00:01.08]            at System.Reflection.MethodBaseInvoker.InvokeWithFewArgs(Object obj, BindingFlags invokeAttr, Binder binder, Object[] parameters, CultureInfo culture)
  Failed CnetControlPlane.Tests.LearningCaseRequestSyntaxTests.RequestConstituentsComposeWithoutChangingOriginalInput(text: "Could you kindly lowercase  'É'!", operation: "lower", key: 201) [< 1 ms]
  Error Message:
   TASK_CONSTITUENT_RED Could you kindly lowercase  'É'!: abstain
  Stack Trace:
     at CnetControlPlane.Tests.LearningCaseRequestSyntaxTests.RequestConstituentsComposeWithoutChangingOriginalInput(String text, String operation, Byte key) in /home/marble/AI/CNET-worktrees/herdr-language-20260909/dotnet/CnetControlPlane.Tests/LearningCaseRequestSyntaxTests.cs:line 30
   at InvokeStub_LearningCaseRequestSyntaxTests.RequestConstituentsComposeWithoutChangingOriginalInput(Object, Span`1)
   at System.Reflection.MethodBaseInvoker.InvokeWithFewArgs(Object obj, BindingFlags invokeAttr, Binder binder, Object[] parameters, CultureInfo culture)
  Passed CnetControlPlane.Tests.LearningCaseRequestSyntaxTests.RequestConstituentsComposeWithoutChangingOriginalInput(text: "render 'À' in lowercase.", operation: "lower", key: 192) [< 1 ms]
  Failed CnetControlPlane.Tests.LearningCaseRequestSyntaxTests.RequestConstituentsComposeWithoutChangingOriginalInput(text: "Could you kindly lowercase the single quoted chara"···, operation: "lower", key: 201) [< 1 ms]
  Error Message:
   TASK_CONSTITUENT_RED Could you kindly lowercase the single quoted character  'É'.: abstain
  Stack Trace:
     at CnetControlPlane.Tests.LearningCaseRequestSyntaxTests.RequestConstituentsComposeWithoutChangingOriginalInput(String text, String operation, Byte key) in /home/marble/AI/CNET-worktrees/herdr-language-20260909/dotnet/CnetControlPlane.Tests/LearningCaseRequestSyntaxTests.cs:line 30
   at InvokeStub_LearningCaseRequestSyntaxTests.RequestConstituentsComposeWithoutChangingOriginalInput(Object, Span`1)
   at System.Reflection.MethodBaseInvoker.InvokeWithFewArgs(Object obj, BindingFlags invokeAttr, Binder binder, Object[] parameters, CultureInfo culture)
  Failed CnetControlPlane.Tests.LearningCaseRequestSyntaxTests.RequestConstituentsComposeWithoutChangingOriginalInput(text: "Please, write the character 'ñ' in caps?", operation: "upper", key: 241) [< 1 ms]
  Error Message:
   TASK_CONSTITUENT_RED Please, write the character 'ñ' in caps?: abstain
  Stack Trace:
     at CnetControlPlane.Tests.LearningCaseRequestSyntaxTests.RequestConstituentsComposeWithoutChangingOriginalInput(String text, String operation, Byte key) in /home/marble/AI/CNET-worktrees/herdr-language-20260909/dotnet/CnetControlPlane.Tests/LearningCaseRequestSyntaxTests.cs:line 30
   at InvokeStub_LearningCaseRequestSyntaxTests.RequestConstituentsComposeWithoutChangingOriginalInput(Object, Span`1)
   at System.Reflection.MethodBaseInvoker.InvokeWithFewArgs(Object obj, BindingFlags invokeAttr, Binder binder, Object[] parameters, CultureInfo culture)
  Failed CnetControlPlane.Tests.LearningCaseRequestSyntaxTests.RequestConstituentsComposeWithoutChangingOriginalInput(text: "Could you kindly write the single quoted character"···, operation: "upper", key: 241) [< 1 ms]
  Error Message:
   TASK_CONSTITUENT_RED Could you kindly write the single quoted character 'ñ' in caps.: abstain
  Stack Trace:
     at CnetControlPlane.Tests.LearningCaseRequestSyntaxTests.RequestConstituentsComposeWithoutChangingOriginalInput(String text, String operation, Byte key) in /home/marble/AI/CNET-worktrees/herdr-language-20260909/dotnet/CnetControlPlane.Tests/LearningCaseRequestSyntaxTests.cs:line 30
   at InvokeStub_LearningCaseRequestSyntaxTests.RequestConstituentsComposeWithoutChangingOriginalInput(Object, Span`1)
   at System.Reflection.MethodBaseInvoker.InvokeWithFewArgs(Object obj, BindingFlags invokeAttr, Binder binder, Object[] parameters, CultureInfo culture)
  Failed CnetControlPlane.Tests.LearningCaseRequestSyntaxTests.RequestConstituentsComposeWithoutChangingOriginalInput(text: "Please, write the character 'ñ' in caps.", operation: "upper", key: 241) [< 1 ms]
  Error Message:
   TASK_CONSTITUENT_RED Please, write the character 'ñ' in caps.: abstain
  Stack Trace:
     at CnetControlPlane.Tests.LearningCaseRequestSyntaxTests.RequestConstituentsComposeWithoutChangingOriginalInput(String text, String operation, Byte key) in /home/marble/AI/CNET-worktrees/herdr-language-20260909/dotnet/CnetControlPlane.Tests/LearningCaseRequestSyntaxTests.cs:line 30
   at InvokeStub_LearningCaseRequestSyntaxTests.RequestConstituentsComposeWithoutChangingOriginalInput(Object, Span`1)
   at System.Reflection.MethodBaseInvoker.InvokeWithFewArgs(Object obj, BindingFlags invokeAttr, Binder binder, Object[] parameters, CultureInfo culture)
  Failed CnetControlPlane.Tests.LearningCaseRequestSyntaxTests.RequestConstituentsComposeWithoutChangingOriginalInput(text: "uppercase the character  'µ'.", operation: "upper", key: 181) [< 1 ms]
  Error Message:
   TASK_CONSTITUENT_RED uppercase the character  'µ'.: clarify
  Stack Trace:
     at CnetControlPlane.Tests.LearningCaseRequestSyntaxTests.RequestConstituentsComposeWithoutChangingOriginalInput(String text, String operation, Byte key) in /home/marble/AI/CNET-worktrees/herdr-language-20260909/dotnet/CnetControlPlane.Tests/LearningCaseRequestSyntaxTests.cs:line 30
   at InvokeStub_LearningCaseRequestSyntaxTests.RequestConstituentsComposeWithoutChangingOriginalInput(Object, Span`1)
   at System.Reflection.MethodBaseInvoker.InvokeWithFewArgs(Object obj, BindingFlags invokeAttr, Binder binder, Object[] parameters, CultureInfo culture)
  Passed CnetControlPlane.Tests.LearningCaseRequestSyntaxTests.RequestConstituentsComposeWithoutChangingOriginalInput(text: "convert the character 'ö' to uppercase?", operation: "upper", key: 246) [< 1 ms]
  Failed CnetControlPlane.Tests.LearningCaseRequestSyntaxTests.RequestConstituentsComposeWithoutChangingOriginalInput(text: "Could you kindly convert 'ö' to uppercase.", operation: "upper", key: 246) [< 1 ms]
  Error Message:
   TASK_CONSTITUENT_RED Could you kindly convert 'ö' to uppercase.: abstain
  Stack Trace:
     at CnetControlPlane.Tests.LearningCaseRequestSyntaxTests.RequestConstituentsComposeWithoutChangingOriginalInput(String text, String operation, Byte key) in /home/marble/AI/CNET-worktrees/herdr-language-20260909/dotnet/CnetControlPlane.Tests/LearningCaseRequestSyntaxTests.cs:line 30
   at InvokeStub_LearningCaseRequestSyntaxTests.RequestConstituentsComposeWithoutChangingOriginalInput(Object, Span`1)
   at System.Reflection.MethodBaseInvoker.InvokeWithFewArgs(Object obj, BindingFlags invokeAttr, Binder binder, Object[] parameters, CultureInfo culture)
[xUnit.net 00:00:01.08]     CnetControlPlane.Tests.LearningCaseRequestSyntaxTests.RequestConstituentsComposeWithoutChangingOriginalInput(text: "Please, uppercase  'µ'!", operation: "upper", key: 181) [FAIL]
[xUnit.net 00:00:01.08]       TASK_CONSTITUENT_RED Please, uppercase  'µ'!: abstain
[xUnit.net 00:00:01.08]       Stack Trace:
[xUnit.net 00:00:01.08]         /home/marble/AI/CNET-worktrees/herdr-language-20260909/dotnet/CnetControlPlane.Tests/LearningCaseRequestSyntaxTests.cs(30,0): at CnetControlPlane.Tests.LearningCaseRequestSyntaxTests.RequestConstituentsComposeWithoutChangingOriginalInput(String text, String operation, Byte key)
[xUnit.net 00:00:01.08]            at InvokeStub_LearningCaseRequestSyntaxTests.RequestConstituentsComposeWithoutChangingOriginalInput(Object, Span`1)
[xUnit.net 00:00:01.08]            at System.Reflection.MethodBaseInvoker.InvokeWithFewArgs(Object obj, BindingFlags invokeAttr, Binder binder, Object[] parameters, CultureInfo culture)
[xUnit.net 00:00:01.08]     CnetControlPlane.Tests.LearningCaseRequestSyntaxTests.RequestConstituentsComposeWithoutChangingOriginalInput(text: "Could you kindly write 'ñ' in caps!", operation: "upper", key: 241) [FAIL]
[xUnit.net 00:00:01.08]       TASK_CONSTITUENT_RED Could you kindly write 'ñ' in caps!: abstain
[xUnit.net 00:00:01.08]       Stack Trace:
[xUnit.net 00:00:01.08]         /home/marble/AI/CNET-worktrees/herdr-language-20260909/dotnet/CnetControlPlane.Tests/LearningCaseRequestSyntaxTests.cs(30,0): at CnetControlPlane.Tests.LearningCaseRequestSyntaxTests.RequestConstituentsComposeWithoutChangingOriginalInput(String text, String operation, Byte key)
[xUnit.net 00:00:01.08]            at InvokeStub_LearningCaseRequestSyntaxTests.RequestConstituentsComposeWithoutChangingOriginalInput(Object, Span`1)
[xUnit.net 00:00:01.08]            at System.Reflection.MethodBaseInvoker.InvokeWithFewArgs(Object obj, BindingFlags invokeAttr, Binder binder, Object[] parameters, CultureInfo culture)
[xUnit.net 00:00:01.08]     CnetControlPlane.Tests.LearningCaseRequestSyntaxTests.RequestConstituentsComposeWithoutChangingOriginalInput(text: "Would you please lowercase the character  'É'!", operation: "lower", key: 201) [FAIL]
[xUnit.net 00:00:01.08]       TASK_CONSTITUENT_RED Would you please lowercase the character  'É'!: clarify
[xUnit.net 00:00:01.08]       Stack Trace:
[xUnit.net 00:00:01.08]         /home/marble/AI/CNET-worktrees/herdr-language-20260909/dotnet/CnetControlPlane.Tests/LearningCaseRequestSyntaxTests.cs(30,0): at CnetControlPlane.Tests.LearningCaseRequestSyntaxTests.RequestConstituentsComposeWithoutChangingOriginalInput(String text, String operation, Byte key)
[xUnit.net 00:00:01.08]            at InvokeStub_LearningCaseRequestSyntaxTests.RequestConstituentsComposeWithoutChangingOriginalInput(Object, Span`1)
[xUnit.net 00:00:01.08]            at System.Reflection.MethodBaseInvoker.InvokeWithFewArgs(Object obj, BindingFlags invokeAttr, Binder binder, Object[] parameters, CultureInfo culture)
[xUnit.net 00:00:01.08]     CnetControlPlane.Tests.LearningCaseRequestSyntaxTests.RequestConstituentsComposeWithoutChangingOriginalInput(text: "Would you please render the character 'À' in lower"···, operation: "lower", key: 192) [FAIL]
[xUnit.net 00:00:01.08]       TASK_CONSTITUENT_RED Would you please render the character 'À' in lowercase!: abstain
[xUnit.net 00:00:01.08]       Stack Trace:
[xUnit.net 00:00:01.08]         /home/marble/AI/CNET-worktrees/herdr-language-20260909/dotnet/CnetControlPlane.Tests/LearningCaseRequestSyntaxTests.cs(30,0): at CnetControlPlane.Tests.LearningCaseRequestSyntaxTests.RequestConstituentsComposeWithoutChangingOriginalInput(String text, String operation, Byte key)
[xUnit.net 00:00:01.08]            at InvokeStub_LearningCaseRequestSyntaxTests.RequestConstituentsComposeWithoutChangingOriginalInput(Object, Span`1)
[xUnit.net 00:00:01.08]            at System.Reflection.MethodBaseInvoker.InvokeWithFewArgs(Object obj, BindingFlags invokeAttr, Binder binder, Object[] parameters, CultureInfo culture)
[xUnit.net 00:00:01.08]     CnetControlPlane.Tests.LearningCaseRequestSyntaxTests.RequestConstituentsComposeWithoutChangingOriginalInput(text: "uppercase the single quoted character  'µ'?", operation: "upper", key: 181) [FAIL]
[xUnit.net 00:00:01.08]       TASK_CONSTITUENT_RED uppercase the single quoted character  'µ'?: clarify
[xUnit.net 00:00:01.08]       Stack Trace:
[xUnit.net 00:00:01.08]         /home/marble/AI/CNET-worktrees/herdr-language-20260909/dotnet/CnetControlPlane.Tests/LearningCaseRequestSyntaxTests.cs(30,0): at CnetControlPlane.Tests.LearningCaseRequestSyntaxTests.RequestConstituentsComposeWithoutChangingOriginalInput(String text, String operation, Byte key)
[xUnit.net 00:00:01.08]            at InvokeStub_LearningCaseRequestSyntaxTests.RequestConstituentsComposeWithoutChangingOriginalInput(Object, Span`1)
[xUnit.net 00:00:01.08]            at System.Reflection.MethodBaseInvoker.InvokeWithFewArgs(Object obj, BindingFlags invokeAttr, Binder binder, Object[] parameters, CultureInfo culture)
[xUnit.net 00:00:01.08]     CnetControlPlane.Tests.LearningCaseRequestSyntaxTests.RequestConstituentsComposeWithoutChangingOriginalInput(text: "Please, uppercase the character  'µ'?", operation: "upper", key: 181) [FAIL]
[xUnit.net 00:00:01.08]       TASK_CONSTITUENT_RED Please, uppercase the character  'µ'?: abstain
[xUnit.net 00:00:01.08]       Stack Trace:
[xUnit.net 00:00:01.08]         /home/marble/AI/CNET-worktrees/herdr-language-20260909/dotnet/CnetControlPlane.Tests/LearningCaseRequestSyntaxTests.cs(30,0): at CnetControlPlane.Tests.LearningCaseRequestSyntaxTests.RequestConstituentsComposeWithoutChangingOriginalInput(String text, String operation, Byte key)
[xUnit.net 00:00:01.08]            at InvokeStub_LearningCaseRequestSyntaxTests.RequestConstituentsComposeWithoutChangingOriginalInput(Object, Span`1)
[xUnit.net 00:00:01.08]            at System.Reflection.MethodBaseInvoker.InvokeWithFewArgs(Object obj, BindingFlags invokeAttr, Binder binder, Object[] parameters, CultureInfo culture)
[xUnit.net 00:00:01.08]     CnetControlPlane.Tests.LearningCaseRequestSyntaxTests.RequestConstituentsComposeWithoutChangingOriginalInput(text: "Could you kindly render 'À' in lowercase.", operation: "lower", key: 192) [FAIL]
[xUnit.net 00:00:01.08]       TASK_CONSTITUENT_RED Could you kindly render 'À' in lowercase.: abstain
[xUnit.net 00:00:01.08]       Stack Trace:
[xUnit.net 00:00:01.08]         /home/marble/AI/CNET-worktrees/herdr-language-20260909/dotnet/CnetControlPlane.Tests/LearningCaseRequestSyntaxTests.cs(30,0): at CnetControlPlane.Tests.LearningCaseRequestSyntaxTests.RequestConstituentsComposeWithoutChangingOriginalInput(String text, String operation, Byte key)
[xUnit.net 00:00:01.08]            at InvokeStub_LearningCaseRequestSyntaxTests.RequestConstituentsComposeWithoutChangingOriginalInput(Object, Span`1)
[xUnit.net 00:00:01.08]            at System.Reflection.MethodBaseInvoker.InvokeWithFewArgs(Object obj, BindingFlags invokeAttr, Binder binder, Object[] parameters, CultureInfo culture)
[xUnit.net 00:00:01.08]     CnetControlPlane.Tests.LearningCaseRequestSyntaxTests.RequestConstituentsComposeWithoutChangingOriginalInput(text: "render the single quoted character 'À' in lowercas"···, operation: "lower", key: 192) [FAIL]
[xUnit.net 00:00:01.08]       TASK_CONSTITUENT_RED render the single quoted character 'À' in lowercase!: abstain
[xUnit.net 00:00:01.08]       Stack Trace:
[xUnit.net 00:00:01.08]         /home/marble/AI/CNET-worktrees/herdr-language-20260909/dotnet/CnetControlPlane.Tests/LearningCaseRequestSyntaxTests.cs(30,0): at CnetControlPlane.Tests.LearningCaseRequestSyntaxTests.RequestConstituentsComposeWithoutChangingOriginalInput(String text, String operation, Byte key)
[xUnit.net 00:00:01.08]            at InvokeStub_LearningCaseRequestSyntaxTests.RequestConstituentsComposeWithoutChangingOriginalInput(Object, Span`1)
[xUnit.net 00:00:01.08]            at System.Reflection.MethodBaseInvoker.InvokeWithFewArgs(Object obj, BindingFlags invokeAttr, Binder binder, Object[] parameters, CultureInfo culture)
[xUnit.net 00:00:01.08]     CnetControlPlane.Tests.LearningCaseRequestSyntaxTests.RequestConstituentsComposeWithoutChangingOriginalInput(text: "Would you please write 'ñ' in caps?", operation: "upper", key: 241) [FAIL]
[xUnit.net 00:00:01.08]       TASK_CONSTITUENT_RED Would you please write 'ñ' in caps?: abstain
[xUnit.net 00:00:01.08]       Stack Trace:
[xUnit.net 00:00:01.08]         /home/marble/AI/CNET-worktrees/herdr-language-20260909/dotnet/CnetControlPlane.Tests/LearningCaseRequestSyntaxTests.cs(30,0): at CnetControlPlane.Tests.LearningCaseRequestSyntaxTests.RequestConstituentsComposeWithoutChangingOriginalInput(String text, String operation, Byte key)
[xUnit.net 00:00:01.08]            at InvokeStub_LearningCaseRequestSyntaxTests.RequestConstituentsComposeWithoutChangingOriginalInput(Object, Span`1)
[xUnit.net 00:00:01.08]            at System.Reflection.MethodBaseInvoker.InvokeWithFewArgs(Object obj, BindingFlags invokeAttr, Binder binder, Object[] parameters, CultureInfo culture)
  Failed CnetControlPlane.Tests.LearningCaseRequestSyntaxTests.RequestConstituentsComposeWithoutChangingOriginalInput(text: "Please, uppercase  'µ'!", operation: "upper", key: 181) [< 1 ms]
  Error Message:
   TASK_CONSTITUENT_RED Please, uppercase  'µ'!: abstain
  Stack Trace:
     at CnetControlPlane.Tests.LearningCaseRequestSyntaxTests.RequestConstituentsComposeWithoutChangingOriginalInput(String text, String operation, Byte key) in /home/marble/AI/CNET-worktrees/herdr-language-20260909/dotnet/CnetControlPlane.Tests/LearningCaseRequestSyntaxTests.cs:line 30
   at InvokeStub_LearningCaseRequestSyntaxTests.RequestConstituentsComposeWithoutChangingOriginalInput(Object, Span`1)
   at System.Reflection.MethodBaseInvoker.InvokeWithFewArgs(Object obj, BindingFlags invokeAttr, Binder binder, Object[] parameters, CultureInfo culture)
  Failed CnetControlPlane.Tests.LearningCaseRequestSyntaxTests.RequestConstituentsComposeWithoutChangingOriginalInput(text: "Could you kindly write 'ñ' in caps!", operation: "upper", key: 241) [< 1 ms]
  Error Message:
   TASK_CONSTITUENT_RED Could you kindly write 'ñ' in caps!: abstain
  Stack Trace:
     at CnetControlPlane.Tests.LearningCaseRequestSyntaxTests.RequestConstituentsComposeWithoutChangingOriginalInput(String text, String operation, Byte key) in /home/marble/AI/CNET-worktrees/herdr-language-20260909/dotnet/CnetControlPlane.Tests/LearningCaseRequestSyntaxTests.cs:line 30
   at InvokeStub_LearningCaseRequestSyntaxTests.RequestConstituentsComposeWithoutChangingOriginalInput(Object, Span`1)
   at System.Reflection.MethodBaseInvoker.InvokeWithFewArgs(Object obj, BindingFlags invokeAttr, Binder binder, Object[] parameters, CultureInfo culture)
  Failed CnetControlPlane.Tests.LearningCaseRequestSyntaxTests.RequestConstituentsComposeWithoutChangingOriginalInput(text: "Would you please lowercase the character  'É'!", operation: "lower", key: 201) [< 1 ms]
  Error Message:
   TASK_CONSTITUENT_RED Would you please lowercase the character  'É'!: clarify
  Stack Trace:
     at CnetControlPlane.Tests.LearningCaseRequestSyntaxTests.RequestConstituentsComposeWithoutChangingOriginalInput(String text, String operation, Byte key) in /home/marble/AI/CNET-worktrees/herdr-language-20260909/dotnet/CnetControlPlane.Tests/LearningCaseRequestSyntaxTests.cs:line 30
   at InvokeStub_LearningCaseRequestSyntaxTests.RequestConstituentsComposeWithoutChangingOriginalInput(Object, Span`1)
   at System.Reflection.MethodBaseInvoker.InvokeWithFewArgs(Object obj, BindingFlags invokeAttr, Binder binder, Object[] parameters, CultureInfo culture)
  Failed CnetControlPlane.Tests.LearningCaseRequestSyntaxTests.RequestConstituentsComposeWithoutChangingOriginalInput(text: "Would you please render the character 'À' in lower"···, operation: "lower", key: 192) [< 1 ms]
  Error Message:
   TASK_CONSTITUENT_RED Would you please render the character 'À' in lowercase!: abstain
  Stack Trace:
     at CnetControlPlane.Tests.LearningCaseRequestSyntaxTests.RequestConstituentsComposeWithoutChangingOriginalInput(String text, String operation, Byte key) in /home/marble/AI/CNET-worktrees/herdr-language-20260909/dotnet/CnetControlPlane.Tests/LearningCaseRequestSyntaxTests.cs:line 30
   at InvokeStub_LearningCaseRequestSyntaxTests.RequestConstituentsComposeWithoutChangingOriginalInput(Object, Span`1)
   at System.Reflection.MethodBaseInvoker.InvokeWithFewArgs(Object obj, BindingFlags invokeAttr, Binder binder, Object[] parameters, CultureInfo culture)
  Failed CnetControlPlane.Tests.LearningCaseRequestSyntaxTests.RequestConstituentsComposeWithoutChangingOriginalInput(text: "uppercase the single quoted character  'µ'?", operation: "upper", key: 181) [< 1 ms]
  Error Message:
   TASK_CONSTITUENT_RED uppercase the single quoted character  'µ'?: clarify
  Stack Trace:
     at CnetControlPlane.Tests.LearningCaseRequestSyntaxTests.RequestConstituentsComposeWithoutChangingOriginalInput(String text, String operation, Byte key) in /home/marble/AI/CNET-worktrees/herdr-language-20260909/dotnet/CnetControlPlane.Tests/LearningCaseRequestSyntaxTests.cs:line 30
   at InvokeStub_LearningCaseRequestSyntaxTests.RequestConstituentsComposeWithoutChangingOriginalInput(Object, Span`1)
   at System.Reflection.MethodBaseInvoker.InvokeWithFewArgs(Object obj, BindingFlags invokeAttr, Binder binder, Object[] parameters, CultureInfo culture)
  Failed CnetControlPlane.Tests.LearningCaseRequestSyntaxTests.RequestConstituentsComposeWithoutChangingOriginalInput(text: "Please, uppercase the character  'µ'?", operation: "upper", key: 181) [< 1 ms]
  Error Message:
   TASK_CONSTITUENT_RED Please, uppercase the character  'µ'?: abstain
  Stack Trace:
     at CnetControlPlane.Tests.LearningCaseRequestSyntaxTests.RequestConstituentsComposeWithoutChangingOriginalInput(String text, String operation, Byte key) in /home/marble/AI/CNET-worktrees/herdr-language-20260909/dotnet/CnetControlPlane.Tests/LearningCaseRequestSyntaxTests.cs:line 30
   at InvokeStub_LearningCaseRequestSyntaxTests.RequestConstituentsComposeWithoutChangingOriginalInput(Object, Span`1)
   at System.Reflection.MethodBaseInvoker.InvokeWithFewArgs(Object obj, BindingFlags invokeAttr, Binder binder, Object[] parameters, CultureInfo culture)
  Failed CnetControlPlane.Tests.LearningCaseRequestSyntaxTests.RequestConstituentsComposeWithoutChangingOriginalInput(text: "Could you kindly render 'À' in lowercase.", operation: "lower", key: 192) [< 1 ms]
  Error Message:
   TASK_CONSTITUENT_RED Could you kindly render 'À' in lowercase.: abstain
  Stack Trace:
     at CnetControlPlane.Tests.LearningCaseRequestSyntaxTests.RequestConstituentsComposeWithoutChangingOriginalInput(String text, String operation, Byte key) in /home/marble/AI/CNET-worktrees/herdr-language-20260909/dotnet/CnetControlPlane.Tests/LearningCaseRequestSyntaxTests.cs:line 30
   at InvokeStub_LearningCaseRequestSyntaxTests.RequestConstituentsComposeWithoutChangingOriginalInput(Object, Span`1)
   at System.Reflection.MethodBaseInvoker.InvokeWithFewArgs(Object obj, BindingFlags invokeAttr, Binder binder, Object[] parameters, CultureInfo culture)
  Failed CnetControlPlane.Tests.LearningCaseRequestSyntaxTests.RequestConstituentsComposeWithoutChangingOriginalInput(text: "render the single quoted character 'À' in lowercas"···, operation: "lower", key: 192) [< 1 ms]
  Error Message:
   TASK_CONSTITUENT_RED render the single quoted character 'À' in lowercase!: abstain
  Stack Trace:
     at CnetControlPlane.Tests.LearningCaseRequestSyntaxTests.RequestConstituentsComposeWithoutChangingOriginalInput(String text, String operation, Byte key) in /home/marble/AI/CNET-worktrees/herdr-language-20260909/dotnet/CnetControlPlane.Tests/LearningCaseRequestSyntaxTests.cs:line 30
   at InvokeStub_LearningCaseRequestSyntaxTests.RequestConstituentsComposeWithoutChangingOriginalInput(Object, Span`1)
   at System.Reflection.MethodBaseInvoker.InvokeWithFewArgs(Object obj, BindingFlags invokeAttr, Binder binder, Object[] parameters, CultureInfo culture)
  Failed CnetControlPlane.Tests.LearningCaseRequestSyntaxTests.RequestConstituentsComposeWithoutChangingOriginalInput(text: "Would you please write 'ñ' in caps?", operation: "upper", key: 241) [< 1 ms]
  Error Message:
   TASK_CONSTITUENT_RED Would you please write 'ñ' in caps?: abstain
  Stack Trace:
     at CnetControlPlane.Tests.LearningCaseRequestSyntaxTests.RequestConstituentsComposeWithoutChangingOriginalInput(String text, String operation, Byte key) in /home/marble/AI/CNET-worktrees/herdr-language-20260909/dotnet/CnetControlPlane.Tests/LearningCaseRequestSyntaxTests.cs:line 30
   at InvokeStub_LearningCaseRequestSyntaxTests.RequestConstituentsComposeWithoutChangingOriginalInput(Object, Span`1)
   at System.Reflection.MethodBaseInvoker.InvokeWithFewArgs(Object obj, BindingFlags invokeAttr, Binder binder, Object[] parameters, CultureInfo culture)
[xUnit.net 00:00:01.08]     CnetControlPlane.Tests.LearningCaseRequestSyntaxTests.RequestConstituentsComposeWithoutChangingOriginalInput(text: "Could you kindly convert 'ö' to uppercase?", operation: "upper", key: 246) [FAIL]
[xUnit.net 00:00:01.08]       TASK_CONSTITUENT_RED Could you kindly convert 'ö' to uppercase?: abstain
[xUnit.net 00:00:01.08]       Stack Trace:
[xUnit.net 00:00:01.08]         /home/marble/AI/CNET-worktrees/herdr-language-20260909/dotnet/CnetControlPlane.Tests/LearningCaseRequestSyntaxTests.cs(30,0): at CnetControlPlane.Tests.LearningCaseRequestSyntaxTests.RequestConstituentsComposeWithoutChangingOriginalInput(String text, String operation, Byte key)
[xUnit.net 00:00:01.08]            at InvokeStub_LearningCaseRequestSyntaxTests.RequestConstituentsComposeWithoutChangingOriginalInput(Object, Span`1)
[xUnit.net 00:00:01.08]            at System.Reflection.MethodBaseInvoker.InvokeWithFewArgs(Object obj, BindingFlags invokeAttr, Binder binder, Object[] parameters, CultureInfo culture)
[xUnit.net 00:00:01.08]     CnetControlPlane.Tests.LearningCaseRequestSyntaxTests.RequestConstituentsComposeWithoutChangingOriginalInput(text: "write the character 'ñ' in caps!", operation: "upper", key: 241) [FAIL]
[xUnit.net 00:00:01.08]       TASK_CONSTITUENT_RED write the character 'ñ' in caps!: abstain
[xUnit.net 00:00:01.08]       Stack Trace:
[xUnit.net 00:00:01.08]         /home/marble/AI/CNET-worktrees/herdr-language-20260909/dotnet/CnetControlPlane.Tests/LearningCaseRequestSyntaxTests.cs(30,0): at CnetControlPlane.Tests.LearningCaseRequestSyntaxTests.RequestConstituentsComposeWithoutChangingOriginalInput(String text, String operation, Byte key)
[xUnit.net 00:00:01.08]            at InvokeStub_LearningCaseRequestSyntaxTests.RequestConstituentsComposeWithoutChangingOriginalInput(Object, Span`1)
[xUnit.net 00:00:01.08]            at System.Reflection.MethodBaseInvoker.InvokeWithFewArgs(Object obj, BindingFlags invokeAttr, Binder binder, Object[] parameters, CultureInfo culture)
[xUnit.net 00:00:01.08]     CnetControlPlane.Tests.LearningCaseRequestSyntaxTests.RequestConstituentsComposeWithoutChangingOriginalInput(text: "Would you please uppercase the single quoted chara"···, operation: "upper", key: 181) [FAIL]
[xUnit.net 00:00:01.08]       TASK_CONSTITUENT_RED Would you please uppercase the single quoted character  'µ'.: clarify
[xUnit.net 00:00:01.08]       Stack Trace:
[xUnit.net 00:00:01.08]         /home/marble/AI/CNET-worktrees/herdr-language-20260909/dotnet/CnetControlPlane.Tests/LearningCaseRequestSyntaxTests.cs(30,0): at CnetControlPlane.Tests.LearningCaseRequestSyntaxTests.RequestConstituentsComposeWithoutChangingOriginalInput(String text, String operation, Byte key)
[xUnit.net 00:00:01.08]            at InvokeStub_LearningCaseRequestSyntaxTests.RequestConstituentsComposeWithoutChangingOriginalInput(Object, Span`1)
[xUnit.net 00:00:01.08]            at System.Reflection.MethodBaseInvoker.InvokeWithFewArgs(Object obj, BindingFlags invokeAttr, Binder binder, Object[] parameters, CultureInfo culture)
[xUnit.net 00:00:01.08]     CnetControlPlane.Tests.LearningCaseRequestSyntaxTests.RequestConstituentsComposeWithoutChangingOriginalInput(text: "Could you kindly uppercase  'µ'!", operation: "upper", key: 181) [FAIL]
[xUnit.net 00:00:01.08]       TASK_CONSTITUENT_RED Could you kindly uppercase  'µ'!: abstain
[xUnit.net 00:00:01.08]       Stack Trace:
[xUnit.net 00:00:01.08]         /home/marble/AI/CNET-worktrees/herdr-language-20260909/dotnet/CnetControlPlane.Tests/LearningCaseRequestSyntaxTests.cs(30,0): at CnetControlPlane.Tests.LearningCaseRequestSyntaxTests.RequestConstituentsComposeWithoutChangingOriginalInput(String text, String operation, Byte key)
[xUnit.net 00:00:01.08]            at InvokeStub_LearningCaseRequestSyntaxTests.RequestConstituentsComposeWithoutChangingOriginalInput(Object, Span`1)
[xUnit.net 00:00:01.08]            at System.Reflection.MethodBaseInvoker.InvokeWithFewArgs(Object obj, BindingFlags invokeAttr, Binder binder, Object[] parameters, CultureInfo culture)
[xUnit.net 00:00:01.08]     CnetControlPlane.Tests.LearningCaseRequestSyntaxTests.RequestConstituentsComposeWithoutChangingOriginalInput(text: "Could you kindly write the single quoted character"···, operation: "upper", key: 241) [FAIL]
[xUnit.net 00:00:01.08]       TASK_CONSTITUENT_RED Could you kindly write the single quoted character 'ñ' in caps?: abstain
[xUnit.net 00:00:01.08]       Stack Trace:
[xUnit.net 00:00:01.08]         /home/marble/AI/CNET-worktrees/herdr-language-20260909/dotnet/CnetControlPlane.Tests/LearningCaseRequestSyntaxTests.cs(30,0): at CnetControlPlane.Tests.LearningCaseRequestSyntaxTests.RequestConstituentsComposeWithoutChangingOriginalInput(String text, String operation, Byte key)
[xUnit.net 00:00:01.08]            at InvokeStub_LearningCaseRequestSyntaxTests.RequestConstituentsComposeWithoutChangingOriginalInput(Object, Span`1)
[xUnit.net 00:00:01.08]            at System.Reflection.MethodBaseInvoker.InvokeWithFewArgs(Object obj, BindingFlags invokeAttr, Binder binder, Object[] parameters, CultureInfo culture)
  Failed CnetControlPlane.Tests.LearningCaseRequestSyntaxTests.RequestConstituentsComposeWithoutChangingOriginalInput(text: "Could you kindly convert 'ö' to uppercase?", operation: "upper", key: 246) [< 1 ms]
  Error Message:
   TASK_CONSTITUENT_RED Could you kindly convert 'ö' to uppercase?: abstain
  Stack Trace:
     at CnetControlPlane.Tests.LearningCaseRequestSyntaxTests.RequestConstituentsComposeWithoutChangingOriginalInput(String text, String operation, Byte key) in /home/marble/AI/CNET-worktrees/herdr-language-20260909/dotnet/CnetControlPlane.Tests/LearningCaseRequestSyntaxTests.cs:line 30
   at InvokeStub_LearningCaseRequestSyntaxTests.RequestConstituentsComposeWithoutChangingOriginalInput(Object, Span`1)
   at System.Reflection.MethodBaseInvoker.InvokeWithFewArgs(Object obj, BindingFlags invokeAttr, Binder binder, Object[] parameters, CultureInfo culture)
  Failed CnetControlPlane.Tests.LearningCaseRequestSyntaxTests.RequestConstituentsComposeWithoutChangingOriginalInput(text: "write the character 'ñ' in caps!", operation: "upper", key: 241) [< 1 ms]
  Error Message:
   TASK_CONSTITUENT_RED write the character 'ñ' in caps!: abstain
  Stack Trace:
     at CnetControlPlane.Tests.LearningCaseRequestSyntaxTests.RequestConstituentsComposeWithoutChangingOriginalInput(String text, String operation, Byte key) in /home/marble/AI/CNET-worktrees/herdr-language-20260909/dotnet/CnetControlPlane.Tests/LearningCaseRequestSyntaxTests.cs:line 30
   at InvokeStub_LearningCaseRequestSyntaxTests.RequestConstituentsComposeWithoutChangingOriginalInput(Object, Span`1)
   at System.Reflection.MethodBaseInvoker.InvokeWithFewArgs(Object obj, BindingFlags invokeAttr, Binder binder, Object[] parameters, CultureInfo culture)
  Failed CnetControlPlane.Tests.LearningCaseRequestSyntaxTests.RequestConstituentsComposeWithoutChangingOriginalInput(text: "Would you please uppercase the single quoted chara"···, operation: "upper", key: 181) [< 1 ms]
  Error Message:
   TASK_CONSTITUENT_RED Would you please uppercase the single quoted character  'µ'.: clarify
  Stack Trace:
     at CnetControlPlane.Tests.LearningCaseRequestSyntaxTests.RequestConstituentsComposeWithoutChangingOriginalInput(String text, String operation, Byte key) in /home/marble/AI/CNET-worktrees/herdr-language-20260909/dotnet/CnetControlPlane.Tests/LearningCaseRequestSyntaxTests.cs:line 30
   at InvokeStub_LearningCaseRequestSyntaxTests.RequestConstituentsComposeWithoutChangingOriginalInput(Object, Span`1)
   at System.Reflection.MethodBaseInvoker.InvokeWithFewArgs(Object obj, BindingFlags invokeAttr, Binder binder, Object[] parameters, CultureInfo culture)
  Failed CnetControlPlane.Tests.LearningCaseRequestSyntaxTests.RequestConstituentsComposeWithoutChangingOriginalInput(text: "Could you kindly uppercase  'µ'!", operation: "upper", key: 181) [< 1 ms]
  Error Message:
   TASK_CONSTITUENT_RED Could you kindly uppercase  'µ'!: abstain
  Stack Trace:
     at CnetControlPlane.Tests.LearningCaseRequestSyntaxTests.RequestConstituentsComposeWithoutChangingOriginalInput(String text, String operation, Byte key) in /home/marble/AI/CNET-worktrees/herdr-language-20260909/dotnet/CnetControlPlane.Tests/LearningCaseRequestSyntaxTests.cs:line 30
   at InvokeStub_LearningCaseRequestSyntaxTests.RequestConstituentsComposeWithoutChangingOriginalInput(Object, Span`1)
   at System.Reflection.MethodBaseInvoker.InvokeWithFewArgs(Object obj, BindingFlags invokeAttr, Binder binder, Object[] parameters, CultureInfo culture)
  Passed CnetControlPlane.Tests.LearningCaseRequestSyntaxTests.RequestConstituentsComposeWithoutChangingOriginalInput(text: "Would you please convert the single quoted charact"···, operation: "upper", key: 246) [< 1 ms]
  Failed CnetControlPlane.Tests.LearningCaseRequestSyntaxTests.RequestConstituentsComposeWithoutChangingOriginalInput(text: "Could you kindly write the single quoted character"···, operation: "upper", key: 241) [< 1 ms]
  Error Message:
   TASK_CONSTITUENT_RED Could you kindly write the single quoted character 'ñ' in caps?: abstain
  Stack Trace:
     at CnetControlPlane.Tests.LearningCaseRequestSyntaxTests.RequestConstituentsComposeWithoutChangingOriginalInput(String text, String operation, Byte key) in /home/marble/AI/CNET-worktrees/herdr-language-20260909/dotnet/CnetControlPlane.Tests/LearningCaseRequestSyntaxTests.cs:line 30
   at InvokeStub_LearningCaseRequestSyntaxTests.RequestConstituentsComposeWithoutChangingOriginalInput(Object, Span`1)
   at System.Reflection.MethodBaseInvoker.InvokeWithFewArgs(Object obj, BindingFlags invokeAttr, Binder binder, Object[] parameters, CultureInfo culture)
  Passed CnetControlPlane.Tests.LearningCaseRequestSyntaxTests.RequestConstituentsComposeWithoutChangingOriginalInput(text: "Would you please convert the character 'ö' to uppe"···, operation: "upper", key: 246) [< 1 ms]
  Passed CnetControlPlane.Tests.LearningCaseRequestSyntaxTests.RequestConstituentsComposeWithoutChangingOriginalInput(text: "lowercase  'É'?", operation: "lower", key: 201) [< 1 ms]
  Passed CnetControlPlane.Tests.LearningCaseRequestSyntaxTests.RequestConstituentsComposeWithoutChangingOriginalInput(text: "Would you please render the character 'À' in lower"···, operation: "lower", key: 192) [< 1 ms]
[xUnit.net 00:00:01.08]     CnetControlPlane.Tests.LearningCaseRequestSyntaxTests.ClaimedRequestsCannotDiscardUnknownActionsOrAcquireAuthority(text: "Please write the uppercase of France.", status: "abstain") [FAIL]
[xUnit.net 00:00:01.08]       TASK_CONSTITUENT_RED Please write the uppercase of France.: clarify, expected abstain
[xUnit.net 00:00:01.08]       Stack Trace:
[xUnit.net 00:00:01.08]         /home/marble/AI/CNET-worktrees/herdr-language-20260909/dotnet/CnetControlPlane.Tests/LearningCaseRequestSyntaxTests.cs(56,0): at CnetControlPlane.Tests.LearningCaseRequestSyntaxTests.ClaimedRequestsCannotDiscardUnknownActionsOrAcquireAuthority(String text, String status)
[xUnit.net 00:00:01.08]            at System.RuntimeMethodHandle.InvokeMethod(Object target, Void** arguments, Signature sig, Boolean isConstructor)
[xUnit.net 00:00:01.08]            at System.Reflection.MethodBaseInvoker.InvokeDirectByRefWithFewArgs(Object obj, Span`1 copyOfArgs, BindingFlags invokeAttr)
[xUnit.net 00:00:01.08]     CnetControlPlane.Tests.LearningCaseRequestSyntaxTests.ClaimedRequestsCannotDiscardUnknownActionsOrAcquireAuthority(text: "Could you kindly render the single quoted characte"···, status: "clarify") [FAIL]
[xUnit.net 00:00:01.08]       TASK_CONSTITUENT_RED Could you kindly render the single quoted character in lowercase?: abstain, expected clarify
[xUnit.net 00:00:01.08]       Stack Trace:
[xUnit.net 00:00:01.08]         /home/marble/AI/CNET-worktrees/herdr-language-20260909/dotnet/CnetControlPlane.Tests/LearningCaseRequestSyntaxTests.cs(56,0): at CnetControlPlane.Tests.LearningCaseRequestSyntaxTests.ClaimedRequestsCannotDiscardUnknownActionsOrAcquireAuthority(String text, String status)
[xUnit.net 00:00:01.08]            at InvokeStub_LearningCaseRequestSyntaxTests.ClaimedRequestsCannotDiscardUnknownActionsOrAcquireAuthority(Object, Span`1)
[xUnit.net 00:00:01.08]            at System.Reflection.MethodBaseInvoker.InvokeWithFewArgs(Object obj, BindingFlags invokeAttr, Binder binder, Object[] parameters, CultureInfo culture)
[xUnit.net 00:00:01.08]     CnetControlPlane.Tests.LearningCaseRequestSyntaxTests.ClaimedRequestsCannotDiscardUnknownActionsOrAcquireAuthority(text: "Please write 81 in caps.", status: "clarify") [FAIL]
[xUnit.net 00:00:01.08]       TASK_CONSTITUENT_RED Please write 81 in caps.: abstain, expected clarify
[xUnit.net 00:00:01.08]       Stack Trace:
[xUnit.net 00:00:01.08]         /home/marble/AI/CNET-worktrees/herdr-language-20260909/dotnet/CnetControlPlane.Tests/LearningCaseRequestSyntaxTests.cs(56,0): at CnetControlPlane.Tests.LearningCaseRequestSyntaxTests.ClaimedRequestsCannotDiscardUnknownActionsOrAcquireAuthority(String text, String status)
[xUnit.net 00:00:01.08]            at InvokeStub_LearningCaseRequestSyntaxTests.ClaimedRequestsCannotDiscardUnknownActionsOrAcquireAuthority(Object, Span`1)
[xUnit.net 00:00:01.08]            at System.Reflection.MethodBaseInvoker.InvokeWithFewArgs(Object obj, BindingFlags invokeAttr, Binder binder, Object[] parameters, CultureInfo culture)
[xUnit.net 00:00:01.08]     CnetControlPlane.Tests.LearningCaseRequestSyntaxTests.ClaimedRequestsCannotDiscardUnknownActionsOrAcquireAuthority(text: "What is the capital of France?", status: "abstain") [FAIL]
[xUnit.net 00:00:01.08]       TASK_CONSTITUENT_RED What is the capital of France?: clarify, expected abstain
[xUnit.net 00:00:01.08]       Stack Trace:
[xUnit.net 00:00:01.08]         /home/marble/AI/CNET-worktrees/herdr-language-20260909/dotnet/CnetControlPlane.Tests/LearningCaseRequestSyntaxTests.cs(56,0): at CnetControlPlane.Tests.LearningCaseRequestSyntaxTests.ClaimedRequestsCannotDiscardUnknownActionsOrAcquireAuthority(String text, String status)
[xUnit.net 00:00:01.08]            at InvokeStub_LearningCaseRequestSyntaxTests.ClaimedRequestsCannotDiscardUnknownActionsOrAcquireAuthority(Object, Span`1)
[xUnit.net 00:00:01.08]            at System.Reflection.MethodBaseInvoker.InvokeWithFewArgs(Object obj, BindingFlags invokeAttr, Binder binder, Object[] parameters, CultureInfo culture)
[xUnit.net 00:00:01.08]     CnetControlPlane.Tests.LearningCaseRequestSyntaxTests.ClaimedRequestsCannotDiscardUnknownActionsOrAcquireAuthority(text: "Could you kindly uppercase 'a' or 'b'!", status: "clarify") [FAIL]
[xUnit.net 00:00:01.08]       TASK_CONSTITUENT_RED Could you kindly uppercase 'a' or 'b'!: abstain, expected clarify
[xUnit.net 00:00:01.08]       Stack Trace:
[xUnit.net 00:00:01.08]         /home/marble/AI/CNET-worktrees/herdr-language-20260909/dotnet/CnetControlPlane.Tests/LearningCaseRequestSyntaxTests.cs(56,0): at CnetControlPlane.Tests.LearningCaseRequestSyntaxTests.ClaimedRequestsCannotDiscardUnknownActionsOrAcquireAuthority(String text, String status)
[xUnit.net 00:00:01.08]            at InvokeStub_LearningCaseRequestSyntaxTests.ClaimedRequestsCannotDiscardUnknownActionsOrAcquireAuthority(Object, Span`1)
[xUnit.net 00:00:01.08]            at System.Reflection.MethodBaseInvoker.InvokeWithFewArgs(Object obj, BindingFlags invokeAttr, Binder binder, Object[] parameters, CultureInfo culture)
  Failed CnetControlPlane.Tests.LearningCaseRequestSyntaxTests.ClaimedRequestsCannotDiscardUnknownActionsOrAcquireAuthority(text: "Please write the uppercase of France.", status: "abstain") [< 1 ms]
  Error Message:
   TASK_CONSTITUENT_RED Please write the uppercase of France.: clarify, expected abstain
  Stack Trace:
     at CnetControlPlane.Tests.LearningCaseRequestSyntaxTests.ClaimedRequestsCannotDiscardUnknownActionsOrAcquireAuthority(String text, String status) in /home/marble/AI/CNET-worktrees/herdr-language-20260909/dotnet/CnetControlPlane.Tests/LearningCaseRequestSyntaxTests.cs:line 56
   at System.RuntimeMethodHandle.InvokeMethod(Object target, Void** arguments, Signature sig, Boolean isConstructor)
   at System.Reflection.MethodBaseInvoker.InvokeDirectByRefWithFewArgs(Object obj, Span`1 copyOfArgs, BindingFlags invokeAttr)
  Passed CnetControlPlane.Tests.LearningCaseRequestSyntaxTests.ClaimedRequestsCannotDiscardUnknownActionsOrAcquireAuthority(text: "Please, uppercase my name!", status: "abstain") [< 1 ms]
  Failed CnetControlPlane.Tests.LearningCaseRequestSyntaxTests.ClaimedRequestsCannotDiscardUnknownActionsOrAcquireAuthority(text: "Could you kindly render the single quoted characte"···, status: "clarify") [< 1 ms]
  Error Message:
   TASK_CONSTITUENT_RED Could you kindly render the single quoted character in lowercase?: abstain, expected clarify
  Stack Trace:
     at CnetControlPlane.Tests.LearningCaseRequestSyntaxTests.ClaimedRequestsCannotDiscardUnknownActionsOrAcquireAuthority(String text, String status) in /home/marble/AI/CNET-worktrees/herdr-language-20260909/dotnet/CnetControlPlane.Tests/LearningCaseRequestSyntaxTests.cs:line 56
   at InvokeStub_LearningCaseRequestSyntaxTests.ClaimedRequestsCannotDiscardUnknownActionsOrAcquireAuthority(Object, Span`1)
   at System.Reflection.MethodBaseInvoker.InvokeWithFewArgs(Object obj, BindingFlags invokeAttr, Binder binder, Object[] parameters, CultureInfo culture)
  Passed CnetControlPlane.Tests.LearningCaseRequestSyntaxTests.ClaimedRequestsCannotDiscardUnknownActionsOrAcquireAuthority(text: "Please show 'a' to be uppercase.", status: "abstain") [< 1 ms]
  Failed CnetControlPlane.Tests.LearningCaseRequestSyntaxTests.ClaimedRequestsCannotDiscardUnknownActionsOrAcquireAuthority(text: "Please write 81 in caps.", status: "clarify") [< 1 ms]
  Error Message:
   TASK_CONSTITUENT_RED Please write 81 in caps.: abstain, expected clarify
  Stack Trace:
     at CnetControlPlane.Tests.LearningCaseRequestSyntaxTests.ClaimedRequestsCannotDiscardUnknownActionsOrAcquireAuthority(String text, String status) in /home/marble/AI/CNET-worktrees/herdr-language-20260909/dotnet/CnetControlPlane.Tests/LearningCaseRequestSyntaxTests.cs:line 56
   at InvokeStub_LearningCaseRequestSyntaxTests.ClaimedRequestsCannotDiscardUnknownActionsOrAcquireAuthority(Object, Span`1)
   at System.Reflection.MethodBaseInvoker.InvokeWithFewArgs(Object obj, BindingFlags invokeAttr, Binder binder, Object[] parameters, CultureInfo culture)
  Failed CnetControlPlane.Tests.LearningCaseRequestSyntaxTests.ClaimedRequestsCannotDiscardUnknownActionsOrAcquireAuthority(text: "What is the capital of France?", status: "abstain") [< 1 ms]
  Error Message:
   TASK_CONSTITUENT_RED What is the capital of France?: clarify, expected abstain
  Stack Trace:
     at CnetControlPlane.Tests.LearningCaseRequestSyntaxTests.ClaimedRequestsCannotDiscardUnknownActionsOrAcquireAuthority(String text, String status) in /home/marble/AI/CNET-worktrees/herdr-language-20260909/dotnet/CnetControlPlane.Tests/LearningCaseRequestSyntaxTests.cs:line 56
   at InvokeStub_LearningCaseRequestSyntaxTests.ClaimedRequestsCannotDiscardUnknownActionsOrAcquireAuthority(Object, Span`1)
   at System.Reflection.MethodBaseInvoker.InvokeWithFewArgs(Object obj, BindingFlags invokeAttr, Binder binder, Object[] parameters, CultureInfo culture)
  Passed CnetControlPlane.Tests.LearningCaseRequestSyntaxTests.ClaimedRequestsCannotDiscardUnknownActionsOrAcquireAuthority(text: "Could you kindly not render 'É' in lowercase?", status: "abstain") [< 1 ms]
  Passed CnetControlPlane.Tests.LearningCaseRequestSyntaxTests.ClaimedRequestsCannotDiscardUnknownActionsOrAcquireAuthority(text: "Please write 'ñ' in caps and email it.", status: "abstain") [< 1 ms]
  Failed CnetControlPlane.Tests.LearningCaseRequestSyntaxTests.ClaimedRequestsCannotDiscardUnknownActionsOrAcquireAuthority(text: "Could you kindly uppercase 'a' or 'b'!", status: "clarify") [< 1 ms]
  Error Message:
   TASK_CONSTITUENT_RED Could you kindly uppercase 'a' or 'b'!: abstain, expected clarify
  Stack Trace:
     at CnetControlPlane.Tests.LearningCaseRequestSyntaxTests.ClaimedRequestsCannotDiscardUnknownActionsOrAcquireAuthority(String text, String status) in /home/marble/AI/CNET-worktrees/herdr-language-20260909/dotnet/CnetControlPlane.Tests/LearningCaseRequestSyntaxTests.cs:line 56
   at InvokeStub_LearningCaseRequestSyntaxTests.ClaimedRequestsCannotDiscardUnknownActionsOrAcquireAuthority(Object, Span`1)
   at System.Reflection.MethodBaseInvoker.InvokeWithFewArgs(Object obj, BindingFlags invokeAttr, Binder binder, Object[] parameters, CultureInfo culture)
[xUnit.net 00:00:01.08]     CnetControlPlane.Tests.LearningCaseRequestSyntaxTests.GrammarSpacingAndPunctuationDoNotNormalizeLiteralData(text: "Could you kindly write '!' in caps!", key: 33) [FAIL]
[xUnit.net 00:00:01.08]       TASK_CONSTITUENT_RED Could you kindly write '!' in caps!: abstain
[xUnit.net 00:00:01.08]       Stack Trace:
[xUnit.net 00:00:01.08]         /home/marble/AI/CNET-worktrees/herdr-language-20260909/dotnet/CnetControlPlane.Tests/LearningCaseRequestSyntaxTests.cs(71,0): at CnetControlPlane.Tests.LearningCaseRequestSyntaxTests.GrammarSpacingAndPunctuationDoNotNormalizeLiteralData(String text, Byte key)
[xUnit.net 00:00:01.08]            at System.RuntimeMethodHandle.InvokeMethod(Object target, Void** arguments, Signature sig, Boolean isConstructor)
[xUnit.net 00:00:01.08]            at System.Reflection.MethodBaseInvoker.InvokeDirectByRefWithFewArgs(Object obj, Span`1 copyOfArgs, BindingFlags invokeAttr)
[xUnit.net 00:00:01.08]     CnetControlPlane.Tests.LearningCaseRequestSyntaxTests.GrammarSpacingAndPunctuationDoNotNormalizeLiteralData(text: "Could you kindly write '.' in caps!", key: 46) [FAIL]
[xUnit.net 00:00:01.08]       TASK_CONSTITUENT_RED Could you kindly write '.' in caps!: abstain
[xUnit.net 00:00:01.08]       Stack Trace:
[xUnit.net 00:00:01.08]         /home/marble/AI/CNET-worktrees/herdr-language-20260909/dotnet/CnetControlPlane.Tests/LearningCaseRequestSyntaxTests.cs(71,0): at CnetControlPlane.Tests.LearningCaseRequestSyntaxTests.GrammarSpacingAndPunctuationDoNotNormalizeLiteralData(String text, Byte key)
[xUnit.net 00:00:01.08]            at InvokeStub_LearningCaseRequestSyntaxTests.GrammarSpacingAndPunctuationDoNotNormalizeLiteralData(Object, Span`1)
[xUnit.net 00:00:01.08]            at System.Reflection.MethodBaseInvoker.InvokeWithFewArgs(Object obj, BindingFlags invokeAttr, Binder binder, Object[] parameters, CultureInfo culture)
  Passed CnetControlPlane.Tests.LearningCaseRequestSyntaxTests.ClaimedRequestsCannotDiscardUnknownActionsOrAcquireAuthority(text: "Could you kindly render 'É' in lowercase, then ema"···, status: "abstain") [< 1 ms]
  Passed CnetControlPlane.Tests.LearningCaseRequestSyntaxTests.ClaimedRequestsCannotDiscardUnknownActionsOrAcquireAuthority(text: "Please give 'a' the uppercase.", status: "abstain") [< 1 ms]
  Passed CnetControlPlane.Tests.LearningCaseRequestSyntaxTests.ClaimedRequestsCannotDiscardUnknownActionsOrAcquireAuthority(text: "Please write 'ab' in caps.", status: "abstain") [< 1 ms]
  Passed CnetControlPlane.Tests.LearningCaseRequestSyntaxTests.ClaimedRequestsCannotDiscardUnknownActionsOrAcquireAuthority(text: "Please write 'μ' in caps.", status: "abstain") [< 1 ms]
  Passed CnetControlPlane.Tests.LearningCaseRequestSyntaxTests.ClaimedRequestsCannotDiscardUnknownActionsOrAcquireAuthority(text: "Please write 'a' in caps and caps.", status: "abstain") [< 1 ms]
  Passed CnetControlPlane.Tests.LearningCaseRequestSyntaxTests.ClaimedRequestsCannotDiscardUnknownActionsOrAcquireAuthority(text: "Could you kindly render 'É' in lowercase in Turkis"···, status: "abstain") [< 1 ms]
  Passed CnetControlPlane.Tests.LearningCaseRequestSyntaxTests.ClaimedRequestsCannotDiscardUnknownActionsOrAcquireAuthority(text: "Please, uppercase U+000A!", status: "abstain") [< 1 ms]
  Failed CnetControlPlane.Tests.LearningCaseRequestSyntaxTests.GrammarSpacingAndPunctuationDoNotNormalizeLiteralData(text: "Could you kindly write '!' in caps!", key: 33) [< 1 ms]
  Error Message:
   TASK_CONSTITUENT_RED Could you kindly write '!' in caps!: abstain
  Stack Trace:
     at CnetControlPlane.Tests.LearningCaseRequestSyntaxTests.GrammarSpacingAndPunctuationDoNotNormalizeLiteralData(String text, Byte key) in /home/marble/AI/CNET-worktrees/herdr-language-20260909/dotnet/CnetControlPlane.Tests/LearningCaseRequestSyntaxTests.cs:line 71
   at System.RuntimeMethodHandle.InvokeMethod(Object target, Void** arguments, Signature sig, Boolean isConstructor)
   at System.Reflection.MethodBaseInvoker.InvokeDirectByRefWithFewArgs(Object obj, Span`1 copyOfArgs, BindingFlags invokeAttr)
  Failed CnetControlPlane.Tests.LearningCaseRequestSyntaxTests.GrammarSpacingAndPunctuationDoNotNormalizeLiteralData(text: "Could you kindly write '.' in caps!", key: 46) [< 1 ms]
  Error Message:
   TASK_CONSTITUENT_RED Could you kindly write '.' in caps!: abstain
  Stack Trace:
     at CnetControlPlane.Tests.LearningCaseRequestSyntaxTests.GrammarSpacingAndPunctuationDoNotNormalizeLiteralData(String text, Byte key) in /home/marble/AI/CNET-worktrees/herdr-language-20260909/dotnet/CnetControlPlane.Tests/LearningCaseRequestSyntaxTests.cs:line 71
   at InvokeStub_LearningCaseRequestSyntaxTests.GrammarSpacingAndPunctuationDoNotNormalizeLiteralData(Object, Span`1)
   at System.Reflection.MethodBaseInvoker.InvokeWithFewArgs(Object obj, BindingFlags invokeAttr, Binder binder, Object[] parameters, CultureInfo culture)
[xUnit.net 00:00:01.08]     CnetControlPlane.Tests.LearningCaseRequestSyntaxTests.GrammarSpacingAndPunctuationDoNotNormalizeLiteralData(text: "Could you kindly write ''' in caps!", key: 39) [FAIL]
[xUnit.net 00:00:01.08]       TASK_CONSTITUENT_RED Could you kindly write ''' in caps!: abstain
[xUnit.net 00:00:01.08]       Stack Trace:
[xUnit.net 00:00:01.08]         /home/marble/AI/CNET-worktrees/herdr-language-20260909/dotnet/CnetControlPlane.Tests/LearningCaseRequestSyntaxTests.cs(71,0): at CnetControlPlane.Tests.LearningCaseRequestSyntaxTests.GrammarSpacingAndPunctuationDoNotNormalizeLiteralData(String text, Byte key)
[xUnit.net 00:00:01.08]            at InvokeStub_LearningCaseRequestSyntaxTests.GrammarSpacingAndPunctuationDoNotNormalizeLiteralData(Object, Span`1)
[xUnit.net 00:00:01.08]            at System.Reflection.MethodBaseInvoker.InvokeWithFewArgs(Object obj, BindingFlags invokeAttr, Binder binder, Object[] parameters, CultureInfo culture)
[xUnit.net 00:00:01.08]     CnetControlPlane.Tests.LearningCaseRequestSyntaxTests.GrammarSpacingAndPunctuationDoNotNormalizeLiteralData(text: "Please, uppercase 0x00B5!", key: 181) [FAIL]
[xUnit.net 00:00:01.08]       TASK_CONSTITUENT_RED Please, uppercase 0x00B5!: abstain
[xUnit.net 00:00:01.08]       Stack Trace:
[xUnit.net 00:00:01.09]         /home/marble/AI/CNET-worktrees/herdr-language-20260909/dotnet/CnetControlPlane.Tests/LearningCaseRequestSyntaxTests.cs(71,0): at CnetControlPlane.Tests.LearningCaseRequestSyntaxTests.GrammarSpacingAndPunctuationDoNotNormalizeLiteralData(String text, Byte key)
[xUnit.net 00:00:01.09]            at InvokeStub_LearningCaseRequestSyntaxTests.GrammarSpacingAndPunctuationDoNotNormalizeLiteralData(Object, Span`1)
[xUnit.net 00:00:01.09]            at System.Reflection.MethodBaseInvoker.InvokeWithFewArgs(Object obj, BindingFlags invokeAttr, Binder binder, Object[] parameters, CultureInfo culture)
[xUnit.net 00:00:01.09]     CnetControlPlane.Tests.LearningCaseRequestSyntaxTests.GrammarSpacingAndPunctuationDoNotNormalizeLiteralData(text: "Please, uppercase code  point   181!", key: 181) [FAIL]
[xUnit.net 00:00:01.09]       TASK_CONSTITUENT_RED Please, uppercase code  point   181!: abstain
[xUnit.net 00:00:01.09]       Stack Trace:
[xUnit.net 00:00:01.09]         /home/marble/AI/CNET-worktrees/herdr-language-20260909/dotnet/CnetControlPlane.Tests/LearningCaseRequestSyntaxTests.cs(71,0): at CnetControlPlane.Tests.LearningCaseRequestSyntaxTests.GrammarSpacingAndPunctuationDoNotNormalizeLiteralData(String text, Byte key)
[xUnit.net 00:00:01.09]            at InvokeStub_LearningCaseRequestSyntaxTests.GrammarSpacingAndPunctuationDoNotNormalizeLiteralData(Object, Span`1)
[xUnit.net 00:00:01.09]            at System.Reflection.MethodBaseInvoker.InvokeWithFewArgs(Object obj, BindingFlags invokeAttr, Binder binder, Object[] parameters, CultureInfo culture)
[xUnit.net 00:00:01.09]     CnetControlPlane.Tests.LearningCaseRequestSyntaxTests.GrammarSpacingAndPunctuationDoNotNormalizeLiteralData(text: "Could you kindly write ' ' in caps!", key: 32) [FAIL]
[xUnit.net 00:00:01.09]       TASK_CONSTITUENT_RED Could you kindly write ' ' in caps!: abstain
[xUnit.net 00:00:01.09]       Stack Trace:
[xUnit.net 00:00:01.09]         /home/marble/AI/CNET-worktrees/herdr-language-20260909/dotnet/CnetControlPlane.Tests/LearningCaseRequestSyntaxTests.cs(71,0): at CnetControlPlane.Tests.LearningCaseRequestSyntaxTests.GrammarSpacingAndPunctuationDoNotNormalizeLiteralData(String text, Byte key)
[xUnit.net 00:00:01.09]            at InvokeStub_LearningCaseRequestSyntaxTests.GrammarSpacingAndPunctuationDoNotNormalizeLiteralData(Object, Span`1)
[xUnit.net 00:00:01.09]            at System.Reflection.MethodBaseInvoker.InvokeWithFewArgs(Object obj, BindingFlags invokeAttr, Binder binder, Object[] parameters, CultureInfo culture)
[xUnit.net 00:00:01.09]   Finished:    CnetControlPlane.Tests
  Failed CnetControlPlane.Tests.LearningCaseRequestSyntaxTests.GrammarSpacingAndPunctuationDoNotNormalizeLiteralData(text: "Could you kindly write ''' in caps!", key: 39) [< 1 ms]
  Error Message:
   TASK_CONSTITUENT_RED Could you kindly write ''' in caps!: abstain
  Stack Trace:
     at CnetControlPlane.Tests.LearningCaseRequestSyntaxTests.GrammarSpacingAndPunctuationDoNotNormalizeLiteralData(String text, Byte key) in /home/marble/AI/CNET-worktrees/herdr-language-20260909/dotnet/CnetControlPlane.Tests/LearningCaseRequestSyntaxTests.cs:line 71
   at InvokeStub_LearningCaseRequestSyntaxTests.GrammarSpacingAndPunctuationDoNotNormalizeLiteralData(Object, Span`1)
   at System.Reflection.MethodBaseInvoker.InvokeWithFewArgs(Object obj, BindingFlags invokeAttr, Binder binder, Object[] parameters, CultureInfo culture)
  Failed CnetControlPlane.Tests.LearningCaseRequestSyntaxTests.GrammarSpacingAndPunctuationDoNotNormalizeLiteralData(text: "Please, uppercase 0x00B5!", key: 181) [< 1 ms]
  Error Message:
   TASK_CONSTITUENT_RED Please, uppercase 0x00B5!: abstain
  Stack Trace:
     at CnetControlPlane.Tests.LearningCaseRequestSyntaxTests.GrammarSpacingAndPunctuationDoNotNormalizeLiteralData(String text, Byte key) in /home/marble/AI/CNET-worktrees/herdr-language-20260909/dotnet/CnetControlPlane.Tests/LearningCaseRequestSyntaxTests.cs:line 71
   at InvokeStub_LearningCaseRequestSyntaxTests.GrammarSpacingAndPunctuationDoNotNormalizeLiteralData(Object, Span`1)
   at System.Reflection.MethodBaseInvoker.InvokeWithFewArgs(Object obj, BindingFlags invokeAttr, Binder binder, Object[] parameters, CultureInfo culture)
  Failed CnetControlPlane.Tests.LearningCaseRequestSyntaxTests.GrammarSpacingAndPunctuationDoNotNormalizeLiteralData(text: "Please, uppercase code  point   181!", key: 181) [< 1 ms]
  Error Message:
   TASK_CONSTITUENT_RED Please, uppercase code  point   181!: abstain
  Stack Trace:
     at CnetControlPlane.Tests.LearningCaseRequestSyntaxTests.GrammarSpacingAndPunctuationDoNotNormalizeLiteralData(String text, Byte key) in /home/marble/AI/CNET-worktrees/herdr-language-20260909/dotnet/CnetControlPlane.Tests/LearningCaseRequestSyntaxTests.cs:line 71
   at InvokeStub_LearningCaseRequestSyntaxTests.GrammarSpacingAndPunctuationDoNotNormalizeLiteralData(Object, Span`1)
   at System.Reflection.MethodBaseInvoker.InvokeWithFewArgs(Object obj, BindingFlags invokeAttr, Binder binder, Object[] parameters, CultureInfo culture)
  Failed CnetControlPlane.Tests.LearningCaseRequestSyntaxTests.GrammarSpacingAndPunctuationDoNotNormalizeLiteralData(text: "Could you kindly write ' ' in caps!", key: 32) [< 1 ms]
  Error Message:
   TASK_CONSTITUENT_RED Could you kindly write ' ' in caps!: abstain
  Stack Trace:
     at CnetControlPlane.Tests.LearningCaseRequestSyntaxTests.GrammarSpacingAndPunctuationDoNotNormalizeLiteralData(String text, Byte key) in /home/marble/AI/CNET-worktrees/herdr-language-20260909/dotnet/CnetControlPlane.Tests/LearningCaseRequestSyntaxTests.cs:line 71
   at InvokeStub_LearningCaseRequestSyntaxTests.GrammarSpacingAndPunctuationDoNotNormalizeLiteralData(Object, Span`1)
   at System.Reflection.MethodBaseInvoker.InvokeWithFewArgs(Object obj, BindingFlags invokeAttr, Binder binder, Object[] parameters, CultureInfo culture)

Test Run Failed.
Total tests: 202
     Passed: 43
     Failed: 159
 Total time: 1.3265 Seconds
