  Determining projects to restore...
  All projects are up-to-date for restore.
  CnetControlPlane -> /home/marble/AI/CNET-worktrees/herdr-language-20260909/.artifacts/herdr-vocabulary/bin/CnetControlPlane/debug/cnet-control.dll
/home/marble/AI/CNET-worktrees/herdr-language-20260909/dotnet/CnetControlPlane.Tests/LearningRuntimeLedgerTests.cs(22,9): warning CA1416: This call site is reachable on all platforms. 'Directory.CreateDirectory(string, UnixFileMode)' is unsupported on: 'windows'. (https://learn.microsoft.com/dotnet/fundamentals/code-analysis/quality-rules/ca1416) [/home/marble/AI/CNET-worktrees/herdr-language-20260909/dotnet/CnetControlPlane.Tests/CnetControlPlane.Tests.csproj]
/home/marble/AI/CNET-worktrees/herdr-language-20260909/dotnet/CnetControlPlane.Tests/LearningRuntimeLedgerTests.cs(23,9): warning CA1416: This call site is reachable on all platforms. 'Directory.CreateDirectory(string, UnixFileMode)' is unsupported on: 'windows'. (https://learn.microsoft.com/dotnet/fundamentals/code-analysis/quality-rules/ca1416) [/home/marble/AI/CNET-worktrees/herdr-language-20260909/dotnet/CnetControlPlane.Tests/CnetControlPlane.Tests.csproj]
/home/marble/AI/CNET-worktrees/herdr-language-20260909/dotnet/CnetControlPlane.Tests/LearningRuntimeLedgerTests.cs(21,9): warning CA1416: This call site is reachable on all platforms. 'File.SetUnixFileMode(string, UnixFileMode)' is unsupported on: 'windows'. (https://learn.microsoft.com/dotnet/fundamentals/code-analysis/quality-rules/ca1416) [/home/marble/AI/CNET-worktrees/herdr-language-20260909/dotnet/CnetControlPlane.Tests/CnetControlPlane.Tests.csproj]
/home/marble/AI/CNET-worktrees/herdr-language-20260909/dotnet/CnetControlPlane.Tests/LearningNativeLedgerTests.cs(38,43): warning CA1416: This call site is reachable on all platforms. 'File.SetUnixFileMode(string, UnixFileMode)' is unsupported on: 'windows'. (https://learn.microsoft.com/dotnet/fundamentals/code-analysis/quality-rules/ca1416) [/home/marble/AI/CNET-worktrees/herdr-language-20260909/dotnet/CnetControlPlane.Tests/CnetControlPlane.Tests.csproj]
/home/marble/AI/CNET-worktrees/herdr-language-20260909/dotnet/CnetControlPlane.Tests/LearningRuntimeLedgerTests.cs(35,13): warning CA1416: This call site is reachable on all platforms. 'File.SetUnixFileMode(string, UnixFileMode)' is unsupported on: 'windows'. (https://learn.microsoft.com/dotnet/fundamentals/code-analysis/quality-rules/ca1416) [/home/marble/AI/CNET-worktrees/herdr-language-20260909/dotnet/CnetControlPlane.Tests/CnetControlPlane.Tests.csproj]
/home/marble/AI/CNET-worktrees/herdr-language-20260909/dotnet/CnetControlPlane.Tests/LearningRuntimeLedgerTests.cs(32,36): warning CA1416: This call site is reachable on all platforms. 'File.SetUnixFileMode(string, UnixFileMode)' is unsupported on: 'windows'. (https://learn.microsoft.com/dotnet/fundamentals/code-analysis/quality-rules/ca1416) [/home/marble/AI/CNET-worktrees/herdr-language-20260909/dotnet/CnetControlPlane.Tests/CnetControlPlane.Tests.csproj]
  CnetControlPlane.Tests -> /home/marble/AI/CNET-worktrees/herdr-language-20260909/.artifacts/herdr-vocabulary/bin/CnetControlPlane.Tests/debug/CnetControlPlane.Tests.dll
Test run for /home/marble/AI/CNET-worktrees/herdr-language-20260909/.artifacts/herdr-vocabulary/bin/CnetControlPlane.Tests/debug/CnetControlPlane.Tests.dll (.NETCoreApp,Version=v8.0)
A total of 1 test files matched the specified pattern.
[xUnit.net 00:00:00.00] xUnit.net VSTest Adapter v2.8.2+699d445a1a (64-bit .NET 8.0.30)
[xUnit.net 00:00:00.03]   Discovering: CnetControlPlane.Tests
[xUnit.net 00:00:00.31]   Discovered:  CnetControlPlane.Tests
[xUnit.net 00:00:00.32]   Starting:    CnetControlPlane.Tests
[xUnit.net 00:00:00.35]     CnetControlPlane.Tests.LearningCaseVocabularyTests.MissingOrConflictingRolesNeverBecomeExecutable(text: "Uppercase the letters f and g.", status: "clarify") [FAIL]
[xUnit.net 00:00:00.35]       System.TypeInitializationException : The type initializer for 'CnetControlPlane.Learning.LearningTaskParser' threw an exception.
[xUnit.net 00:00:00.35]       ---- System.NotSupportedException : The specified pattern with RegexOptions.NonBacktracking could result in an automata as large as '1070' nodes, which is larger than the configured limit of '1000'.
[xUnit.net 00:00:00.35]       Stack Trace:
[xUnit.net 00:00:00.35]         /home/marble/AI/CNET-worktrees/herdr-language-20260909/dotnet/CnetControlPlane/Learning/LearningTaskProposal.cs(322,0): at CnetControlPlane.Learning.LearningTaskParser.ProposeRequest(String text, InputBinding binding)
[xUnit.net 00:00:00.35]         /home/marble/AI/CNET-worktrees/herdr-language-20260909/dotnet/CnetControlPlane/Learning/LearningTaskProposal.cs(315,0): at CnetControlPlane.Learning.LearningTaskParser.Propose(String text)
[xUnit.net 00:00:00.35]         /home/marble/AI/CNET-worktrees/herdr-language-20260909/dotnet/CnetControlPlane.Tests/LearningCaseVocabularyTests.cs(59,0): at CnetControlPlane.Tests.LearningCaseVocabularyTests.MissingOrConflictingRolesNeverBecomeExecutable(String text, String status)
[xUnit.net 00:00:00.35]            at System.RuntimeMethodHandle.InvokeMethod(Object target, Void** arguments, Signature sig, Boolean isConstructor)
[xUnit.net 00:00:00.35]            at System.Reflection.MethodBaseInvoker.InvokeDirectByRefWithFewArgs(Object obj, Span`1 copyOfArgs, BindingFlags invokeAttr)
[xUnit.net 00:00:00.35]         ----- Inner Stack Trace -----
[xUnit.net 00:00:00.35]            at System.Text.RegularExpressions.Symbolic.SymbolicRegexRunnerFactory..ctor(RegexTree regexTree, RegexOptions options, TimeSpan matchTimeout)
[xUnit.net 00:00:00.35]            at System.Text.RegularExpressions.Regex..ctor(String pattern, RegexOptions options, TimeSpan matchTimeout, CultureInfo culture)
[xUnit.net 00:00:00.35]         /home/marble/AI/CNET-worktrees/herdr-language-20260909/dotnet/CnetControlPlane/Learning/LearningTaskProposal.cs(18,0): at CnetControlPlane.Learning.LearningTaskParser..cctor()
[xUnit.net 00:00:00.35]     CnetControlPlane.Tests.LearningCaseVocabularyTests.MissingOrConflictingRolesNeverBecomeExecutable(text: "Map 'A' to small.", status: "abstain") [FAIL]
[xUnit.net 00:00:00.35]       System.TypeInitializationException : The type initializer for 'CnetControlPlane.Learning.LearningTaskParser' threw an exception.
[xUnit.net 00:00:00.35]       ---- System.NotSupportedException : The specified pattern with RegexOptions.NonBacktracking could result in an automata as large as '1070' nodes, which is larger than the configured limit of '1000'.
[xUnit.net 00:00:00.35]       Stack Trace:
[xUnit.net 00:00:00.35]         /home/marble/AI/CNET-worktrees/herdr-language-20260909/dotnet/CnetControlPlane/Learning/LearningTaskProposal.cs(322,0): at CnetControlPlane.Learning.LearningTaskParser.ProposeRequest(String text, InputBinding binding)
[xUnit.net 00:00:00.35]         /home/marble/AI/CNET-worktrees/herdr-language-20260909/dotnet/CnetControlPlane/Learning/LearningTaskProposal.cs(315,0): at CnetControlPlane.Learning.LearningTaskParser.Propose(String text)
[xUnit.net 00:00:00.35]         /home/marble/AI/CNET-worktrees/herdr-language-20260909/dotnet/CnetControlPlane.Tests/LearningCaseVocabularyTests.cs(59,0): at CnetControlPlane.Tests.LearningCaseVocabularyTests.MissingOrConflictingRolesNeverBecomeExecutable(String text, String status)
[xUnit.net 00:00:00.35]            at InvokeStub_LearningCaseVocabularyTests.MissingOrConflictingRolesNeverBecomeExecutable(Object, Span`1)
[xUnit.net 00:00:00.35]            at System.Reflection.MethodBaseInvoker.InvokeWithFewArgs(Object obj, BindingFlags invokeAttr, Binder binder, Object[] parameters, CultureInfo culture)
[xUnit.net 00:00:00.35]         ----- Inner Stack Trace -----
[xUnit.net 00:00:00.35]            at System.Text.RegularExpressions.Symbolic.SymbolicRegexRunnerFactory..ctor(RegexTree regexTree, RegexOptions options, TimeSpan matchTimeout)
[xUnit.net 00:00:00.35]            at System.Text.RegularExpressions.Regex..ctor(String pattern, RegexOptions options, TimeSpan matchTimeout, CultureInfo culture)
[xUnit.net 00:00:00.35]         /home/marble/AI/CNET-worktrees/herdr-language-20260909/dotnet/CnetControlPlane/Learning/LearningTaskProposal.cs(18,0): at CnetControlPlane.Learning.LearningTaskParser..cctor()
[xUnit.net 00:00:00.35]     CnetControlPlane.Tests.LearningCaseVocabularyTests.MissingOrConflictingRolesNeverBecomeExecutable(text: "Convert to uppercase whichever single letter is in"···, status: "clarify") [FAIL]
[xUnit.net 00:00:00.35]       System.TypeInitializationException : The type initializer for 'CnetControlPlane.Learning.LearningTaskParser' threw an exception.
[xUnit.net 00:00:00.35]       ---- System.NotSupportedException : The specified pattern with RegexOptions.NonBacktracking could result in an automata as large as '1070' nodes, which is larger than the configured limit of '1000'.
[xUnit.net 00:00:00.35]       Stack Trace:
[xUnit.net 00:00:00.35]         /home/marble/AI/CNET-worktrees/herdr-language-20260909/dotnet/CnetControlPlane/Learning/LearningTaskProposal.cs(322,0): at CnetControlPlane.Learning.LearningTaskParser.ProposeRequest(String text, InputBinding binding)
[xUnit.net 00:00:00.35]         /home/marble/AI/CNET-worktrees/herdr-language-20260909/dotnet/CnetControlPlane/Learning/LearningTaskProposal.cs(315,0): at CnetControlPlane.Learning.LearningTaskParser.Propose(String text)
[xUnit.net 00:00:00.35]         /home/marble/AI/CNET-worktrees/herdr-language-20260909/dotnet/CnetControlPlane.Tests/LearningCaseVocabularyTests.cs(59,0): at CnetControlPlane.Tests.LearningCaseVocabularyTests.MissingOrConflictingRolesNeverBecomeExecutable(String text, String status)
[xUnit.net 00:00:00.35]            at InvokeStub_LearningCaseVocabularyTests.MissingOrConflictingRolesNeverBecomeExecutable(Object, Span`1)
[xUnit.net 00:00:00.35]            at System.Reflection.MethodBaseInvoker.InvokeWithFewArgs(Object obj, BindingFlags invokeAttr, Binder binder, Object[] parameters, CultureInfo culture)
[xUnit.net 00:00:00.35]         ----- Inner Stack Trace -----
[xUnit.net 00:00:00.35]            at System.Text.RegularExpressions.Symbolic.SymbolicRegexRunnerFactory..ctor(RegexTree regexTree, RegexOptions options, TimeSpan matchTimeout)
[xUnit.net 00:00:00.35]            at System.Text.RegularExpressions.Regex..ctor(String pattern, RegexOptions options, TimeSpan matchTimeout, CultureInfo culture)
[xUnit.net 00:00:00.35]         /home/marble/AI/CNET-worktrees/herdr-language-20260909/dotnet/CnetControlPlane/Learning/LearningTaskProposal.cs(18,0): at CnetControlPlane.Learning.LearningTaskParser..cctor()
[xUnit.net 00:00:00.35]     CnetControlPlane.Tests.LearningCaseVocabularyTests.MissingOrConflictingRolesNeverBecomeExecutable(text: "Downcase U+000A.", status: "abstain") [FAIL]
[xUnit.net 00:00:00.35]       System.TypeInitializationException : The type initializer for 'CnetControlPlane.Learning.LearningTaskParser' threw an exception.
[xUnit.net 00:00:00.35]       ---- System.NotSupportedException : The specified pattern with RegexOptions.NonBacktracking could result in an automata as large as '1070' nodes, which is larger than the configured limit of '1000'.
[xUnit.net 00:00:00.35]       Stack Trace:
[xUnit.net 00:00:00.35]         /home/marble/AI/CNET-worktrees/herdr-language-20260909/dotnet/CnetControlPlane/Learning/LearningTaskProposal.cs(322,0): at CnetControlPlane.Learning.LearningTaskParser.ProposeRequest(String text, InputBinding binding)
[xUnit.net 00:00:00.35]         /home/marble/AI/CNET-worktrees/herdr-language-20260909/dotnet/CnetControlPlane/Learning/LearningTaskProposal.cs(315,0): at CnetControlPlane.Learning.LearningTaskParser.Propose(String text)
[xUnit.net 00:00:00.35]         /home/marble/AI/CNET-worktrees/herdr-language-20260909/dotnet/CnetControlPlane.Tests/LearningCaseVocabularyTests.cs(59,0): at CnetControlPlane.Tests.LearningCaseVocabularyTests.MissingOrConflictingRolesNeverBecomeExecutable(String text, String status)
[xUnit.net 00:00:00.35]            at InvokeStub_LearningCaseVocabularyTests.MissingOrConflictingRolesNeverBecomeExecutable(Object, Span`1)
[xUnit.net 00:00:00.35]            at System.Reflection.MethodBaseInvoker.InvokeWithFewArgs(Object obj, BindingFlags invokeAttr, Binder binder, Object[] parameters, CultureInfo culture)
[xUnit.net 00:00:00.35]         ----- Inner Stack Trace -----
[xUnit.net 00:00:00.35]            at System.Text.RegularExpressions.Symbolic.SymbolicRegexRunnerFactory..ctor(RegexTree regexTree, RegexOptions options, TimeSpan matchTimeout)
[xUnit.net 00:00:00.35]            at System.Text.RegularExpressions.Regex..ctor(String pattern, RegexOptions options, TimeSpan matchTimeout, CultureInfo culture)
[xUnit.net 00:00:00.35]         /home/marble/AI/CNET-worktrees/herdr-language-20260909/dotnet/CnetControlPlane/Learning/LearningTaskProposal.cs(18,0): at CnetControlPlane.Learning.LearningTaskParser..cctor()
[xUnit.net 00:00:00.35]     CnetControlPlane.Tests.LearningCaseVocabularyTests.MissingOrConflictingRolesNeverBecomeExecutable(text: "Please uppercase the character specified as U+0218"···, status: "abstain") [FAIL]
[xUnit.net 00:00:00.35]       System.TypeInitializationException : The type initializer for 'CnetControlPlane.Learning.LearningTaskParser' threw an exception.
[xUnit.net 00:00:00.35]       ---- System.NotSupportedException : The specified pattern with RegexOptions.NonBacktracking could result in an automata as large as '1070' nodes, which is larger than the configured limit of '1000'.
[xUnit.net 00:00:00.35]       Stack Trace:
[xUnit.net 00:00:00.35]         /home/marble/AI/CNET-worktrees/herdr-language-20260909/dotnet/CnetControlPlane/Learning/LearningTaskProposal.cs(322,0): at CnetControlPlane.Learning.LearningTaskParser.ProposeRequest(String text, InputBinding binding)
[xUnit.net 00:00:00.35]         /home/marble/AI/CNET-worktrees/herdr-language-20260909/dotnet/CnetControlPlane/Learning/LearningTaskProposal.cs(315,0): at CnetControlPlane.Learning.LearningTaskParser.Propose(String text)
[xUnit.net 00:00:00.35]         /home/marble/AI/CNET-worktrees/herdr-language-20260909/dotnet/CnetControlPlane.Tests/LearningCaseVocabularyTests.cs(59,0): at CnetControlPlane.Tests.LearningCaseVocabularyTests.MissingOrConflictingRolesNeverBecomeExecutable(String text, String status)
[xUnit.net 00:00:00.35]            at InvokeStub_LearningCaseVocabularyTests.MissingOrConflictingRolesNeverBecomeExecutable(Object, Span`1)
[xUnit.net 00:00:00.35]            at System.Reflection.MethodBaseInvoker.InvokeWithFewArgs(Object obj, BindingFlags invokeAttr, Binder binder, Object[] parameters, CultureInfo culture)
[xUnit.net 00:00:00.35]         ----- Inner Stack Trace -----
[xUnit.net 00:00:00.35]            at System.Text.RegularExpressions.Symbolic.SymbolicRegexRunnerFactory..ctor(RegexTree regexTree, RegexOptions options, TimeSpan matchTimeout)
[xUnit.net 00:00:00.35]            at System.Text.RegularExpressions.Regex..ctor(String pattern, RegexOptions options, TimeSpan matchTimeout, CultureInfo culture)
[xUnit.net 00:00:00.35]         /home/marble/AI/CNET-worktrees/herdr-language-20260909/dotnet/CnetControlPlane/Learning/LearningTaskProposal.cs(18,0): at CnetControlPlane.Learning.LearningTaskParser..cctor()
[xUnit.net 00:00:00.35]     CnetControlPlane.Tests.LearningCaseVocabularyTests.MissingOrConflictingRolesNeverBecomeExecutable(text: "Convert the hyphen '+' to uppercase.", status: "clarify") [FAIL]
[xUnit.net 00:00:00.35]       System.TypeInitializationException : The type initializer for 'CnetControlPlane.Learning.LearningTaskParser' threw an exception.
[xUnit.net 00:00:00.35]       ---- System.NotSupportedException : The specified pattern with RegexOptions.NonBacktracking could result in an automata as large as '1070' nodes, which is larger than the configured limit of '1000'.
[xUnit.net 00:00:00.36]       Stack Trace:
[xUnit.net 00:00:00.36]         /home/marble/AI/CNET-worktrees/herdr-language-20260909/dotnet/CnetControlPlane/Learning/LearningTaskProposal.cs(322,0): at CnetControlPlane.Learning.LearningTaskParser.ProposeRequest(String text, InputBinding binding)
[xUnit.net 00:00:00.36]         /home/marble/AI/CNET-worktrees/herdr-language-20260909/dotnet/CnetControlPlane/Learning/LearningTaskProposal.cs(315,0): at CnetControlPlane.Learning.LearningTaskParser.Propose(String text)
[xUnit.net 00:00:00.36]         /home/marble/AI/CNET-worktrees/herdr-language-20260909/dotnet/CnetControlPlane.Tests/LearningCaseVocabularyTests.cs(59,0): at CnetControlPlane.Tests.LearningCaseVocabularyTests.MissingOrConflictingRolesNeverBecomeExecutable(String text, String status)
[xUnit.net 00:00:00.36]            at InvokeStub_LearningCaseVocabularyTests.MissingOrConflictingRolesNeverBecomeExecutable(Object, Span`1)
[xUnit.net 00:00:00.36]            at System.Reflection.MethodBaseInvoker.InvokeWithFewArgs(Object obj, BindingFlags invokeAttr, Binder binder, Object[] parameters, CultureInfo culture)
[xUnit.net 00:00:00.36]         ----- Inner Stack Trace -----
[xUnit.net 00:00:00.36]            at System.Text.RegularExpressions.Symbolic.SymbolicRegexRunnerFactory..ctor(RegexTree regexTree, RegexOptions options, TimeSpan matchTimeout)
[xUnit.net 00:00:00.36]            at System.Text.RegularExpressions.Regex..ctor(String pattern, RegexOptions options, TimeSpan matchTimeout, CultureInfo culture)
[xUnit.net 00:00:00.36]         /home/marble/AI/CNET-worktrees/herdr-language-20260909/dotnet/CnetControlPlane/Learning/LearningTaskProposal.cs(18,0): at CnetControlPlane.Learning.LearningTaskParser..cctor()
[xUnit.net 00:00:00.36]     CnetControlPlane.Tests.LearningCaseVocabularyTests.MissingOrConflictingRolesNeverBecomeExecutable(text: "Downcase 'A' and send it.", status: "abstain") [FAIL]
[xUnit.net 00:00:00.36]       System.TypeInitializationException : The type initializer for 'CnetControlPlane.Learning.LearningTaskParser' threw an exception.
[xUnit.net 00:00:00.36]       ---- System.NotSupportedException : The specified pattern with RegexOptions.NonBacktracking could result in an automata as large as '1070' nodes, which is larger than the configured limit of '1000'.
[xUnit.net 00:00:00.36]       Stack Trace:
[xUnit.net 00:00:00.36]         /home/marble/AI/CNET-worktrees/herdr-language-20260909/dotnet/CnetControlPlane/Learning/LearningTaskProposal.cs(322,0): at CnetControlPlane.Learning.LearningTaskParser.ProposeRequest(String text, InputBinding binding)
[xUnit.net 00:00:00.36]         /home/marble/AI/CNET-worktrees/herdr-language-20260909/dotnet/CnetControlPlane/Learning/LearningTaskProposal.cs(315,0): at CnetControlPlane.Learning.LearningTaskParser.Propose(String text)
[xUnit.net 00:00:00.36]         /home/marble/AI/CNET-worktrees/herdr-language-20260909/dotnet/CnetControlPlane.Tests/LearningCaseVocabularyTests.cs(59,0): at CnetControlPlane.Tests.LearningCaseVocabularyTests.MissingOrConflictingRolesNeverBecomeExecutable(String text, String status)
[xUnit.net 00:00:00.36]            at InvokeStub_LearningCaseVocabularyTests.MissingOrConflictingRolesNeverBecomeExecutable(Object, Span`1)
[xUnit.net 00:00:00.36]            at System.Reflection.MethodBaseInvoker.InvokeWithFewArgs(Object obj, BindingFlags invokeAttr, Binder binder, Object[] parameters, CultureInfo culture)
[xUnit.net 00:00:00.36]         ----- Inner Stack Trace -----
[xUnit.net 00:00:00.36]            at System.Text.RegularExpressions.Symbolic.SymbolicRegexRunnerFactory..ctor(RegexTree regexTree, RegexOptions options, TimeSpan matchTimeout)
[xUnit.net 00:00:00.36]            at System.Text.RegularExpressions.Regex..ctor(String pattern, RegexOptions options, TimeSpan matchTimeout, CultureInfo culture)
[xUnit.net 00:00:00.36]         /home/marble/AI/CNET-worktrees/herdr-language-20260909/dotnet/CnetControlPlane/Learning/LearningTaskProposal.cs(18,0): at CnetControlPlane.Learning.LearningTaskParser..cctor()
[xUnit.net 00:00:00.36]     CnetControlPlane.Tests.LearningCaseVocabularyTests.MissingOrConflictingRolesNeverBecomeExecutable(text: "Convert the hyphen to uppercase.", status: "clarify") [FAIL]
[xUnit.net 00:00:00.36]       System.TypeInitializationException : The type initializer for 'CnetControlPlane.Learning.LearningTaskParser' threw an exception.
[xUnit.net 00:00:00.36]       ---- System.NotSupportedException : The specified pattern with RegexOptions.NonBacktracking could result in an automata as large as '1070' nodes, which is larger than the configured limit of '1000'.
[xUnit.net 00:00:00.36]       Stack Trace:
[xUnit.net 00:00:00.36]         /home/marble/AI/CNET-worktrees/herdr-language-20260909/dotnet/CnetControlPlane/Learning/LearningTaskProposal.cs(322,0): at CnetControlPlane.Learning.LearningTaskParser.ProposeRequest(String text, InputBinding binding)
[xUnit.net 00:00:00.36]         /home/marble/AI/CNET-worktrees/herdr-language-20260909/dotnet/CnetControlPlane/Learning/LearningTaskProposal.cs(315,0): at CnetControlPlane.Learning.LearningTaskParser.Propose(String text)
[xUnit.net 00:00:00.36]         /home/marble/AI/CNET-worktrees/herdr-language-20260909/dotnet/CnetControlPlane.Tests/LearningCaseVocabularyTests.cs(59,0): at CnetControlPlane.Tests.LearningCaseVocabularyTests.MissingOrConflictingRolesNeverBecomeExecutable(String text, String status)
[xUnit.net 00:00:00.36]            at InvokeStub_LearningCaseVocabularyTests.MissingOrConflictingRolesNeverBecomeExecutable(Object, Span`1)
[xUnit.net 00:00:00.36]            at System.Reflection.MethodBaseInvoker.InvokeWithFewArgs(Object obj, BindingFlags invokeAttr, Binder binder, Object[] parameters, CultureInfo culture)
[xUnit.net 00:00:00.36]         ----- Inner Stack Trace -----
[xUnit.net 00:00:00.36]            at System.Text.RegularExpressions.Symbolic.SymbolicRegexRunnerFactory..ctor(RegexTree regexTree, RegexOptions options, TimeSpan matchTimeout)
[xUnit.net 00:00:00.36]            at System.Text.RegularExpressions.Regex..ctor(String pattern, RegexOptions options, TimeSpan matchTimeout, CultureInfo culture)
[xUnit.net 00:00:00.36]         /home/marble/AI/CNET-worktrees/herdr-language-20260909/dotnet/CnetControlPlane/Learning/LearningTaskProposal.cs(18,0): at CnetControlPlane.Learning.LearningTaskParser..cctor()
[xUnit.net 00:00:00.36]     CnetControlPlane.Tests.LearningCaseVocabularyTests.MissingOrConflictingRolesNeverBecomeExecutable(text: "Take 'a' up to lowercase.", status: "clarify") [FAIL]
[xUnit.net 00:00:00.36]       System.TypeInitializationException : The type initializer for 'CnetControlPlane.Learning.LearningTaskParser' threw an exception.
[xUnit.net 00:00:00.36]       ---- System.NotSupportedException : The specified pattern with RegexOptions.NonBacktracking could result in an automata as large as '1070' nodes, which is larger than the configured limit of '1000'.
[xUnit.net 00:00:00.36]       Stack Trace:
[xUnit.net 00:00:00.36]         /home/marble/AI/CNET-worktrees/herdr-language-20260909/dotnet/CnetControlPlane/Learning/LearningTaskProposal.cs(322,0): at CnetControlPlane.Learning.LearningTaskParser.ProposeRequest(String text, InputBinding binding)
[xUnit.net 00:00:00.36]         /home/marble/AI/CNET-worktrees/herdr-language-20260909/dotnet/CnetControlPlane/Learning/LearningTaskProposal.cs(315,0): at CnetControlPlane.Learning.LearningTaskParser.Propose(String text)
[xUnit.net 00:00:00.36]         /home/marble/AI/CNET-worktrees/herdr-language-20260909/dotnet/CnetControlPlane.Tests/LearningCaseVocabularyTests.cs(59,0): at CnetControlPlane.Tests.LearningCaseVocabularyTests.MissingOrConflictingRolesNeverBecomeExecutable(String text, String status)
[xUnit.net 00:00:00.36]            at InvokeStub_LearningCaseVocabularyTests.MissingOrConflictingRolesNeverBecomeExecutable(Object, Span`1)
[xUnit.net 00:00:00.36]            at System.Reflection.MethodBaseInvoker.InvokeWithFewArgs(Object obj, BindingFlags invokeAttr, Binder binder, Object[] parameters, CultureInfo culture)
[xUnit.net 00:00:00.36]         ----- Inner Stack Trace -----
[xUnit.net 00:00:00.36]            at System.Text.RegularExpressions.Symbolic.SymbolicRegexRunnerFactory..ctor(RegexTree regexTree, RegexOptions options, TimeSpan matchTimeout)
[xUnit.net 00:00:00.36]            at System.Text.RegularExpressions.Regex..ctor(String pattern, RegexOptions options, TimeSpan matchTimeout, CultureInfo culture)
[xUnit.net 00:00:00.36]         /home/marble/AI/CNET-worktrees/herdr-language-20260909/dotnet/CnetControlPlane/Learning/LearningTaskProposal.cs(18,0): at CnetControlPlane.Learning.LearningTaskParser..cctor()
  Failed CnetControlPlane.Tests.LearningCaseVocabularyTests.MissingOrConflictingRolesNeverBecomeExecutable(text: "Uppercase the letters f and g.", status: "clarify") [9 ms]
  Error Message:
   System.TypeInitializationException : The type initializer for 'CnetControlPlane.Learning.LearningTaskParser' threw an exception.
---- System.NotSupportedException : The specified pattern with RegexOptions.NonBacktracking could result in an automata as large as '1070' nodes, which is larger than the configured limit of '1000'.
  Stack Trace:
     at CnetControlPlane.Learning.LearningTaskParser.ProposeRequest(String text, InputBinding binding) in /home/marble/AI/CNET-worktrees/herdr-language-20260909/dotnet/CnetControlPlane/Learning/LearningTaskProposal.cs:line 322
   at CnetControlPlane.Learning.LearningTaskParser.Propose(String text) in /home/marble/AI/CNET-worktrees/herdr-language-20260909/dotnet/CnetControlPlane/Learning/LearningTaskProposal.cs:line 315
   at CnetControlPlane.Tests.LearningCaseVocabularyTests.MissingOrConflictingRolesNeverBecomeExecutable(String text, String status) in /home/marble/AI/CNET-worktrees/herdr-language-20260909/dotnet/CnetControlPlane.Tests/LearningCaseVocabularyTests.cs:line 59
   at System.RuntimeMethodHandle.InvokeMethod(Object target, Void** arguments, Signature sig, Boolean isConstructor)
   at System.Reflection.MethodBaseInvoker.InvokeDirectByRefWithFewArgs(Object obj, Span`1 copyOfArgs, BindingFlags invokeAttr)
----- Inner Stack Trace -----
   at System.Text.RegularExpressions.Symbolic.SymbolicRegexRunnerFactory..ctor(RegexTree regexTree, RegexOptions options, TimeSpan matchTimeout)
   at System.Text.RegularExpressions.Regex..ctor(String pattern, RegexOptions options, TimeSpan matchTimeout, CultureInfo culture)
   at CnetControlPlane.Learning.LearningTaskParser..cctor() in /home/marble/AI/CNET-worktrees/herdr-language-20260909/dotnet/CnetControlPlane/Learning/LearningTaskProposal.cs:line 18
  Failed CnetControlPlane.Tests.LearningCaseVocabularyTests.MissingOrConflictingRolesNeverBecomeExecutable(text: "Map 'A' to small.", status: "abstain") [< 1 ms]
  Error Message:
   System.TypeInitializationException : The type initializer for 'CnetControlPlane.Learning.LearningTaskParser' threw an exception.
---- System.NotSupportedException : The specified pattern with RegexOptions.NonBacktracking could result in an automata as large as '1070' nodes, which is larger than the configured limit of '1000'.
  Stack Trace:
     at CnetControlPlane.Learning.LearningTaskParser.ProposeRequest(String text, InputBinding binding) in /home/marble/AI/CNET-worktrees/herdr-language-20260909/dotnet/CnetControlPlane/Learning/LearningTaskProposal.cs:line 322
   at CnetControlPlane.Learning.LearningTaskParser.Propose(String text) in /home/marble/AI/CNET-worktrees/herdr-language-20260909/dotnet/CnetControlPlane/Learning/LearningTaskProposal.cs:line 315
   at CnetControlPlane.Tests.LearningCaseVocabularyTests.MissingOrConflictingRolesNeverBecomeExecutable(String text, String status) in /home/marble/AI/CNET-worktrees/herdr-language-20260909/dotnet/CnetControlPlane.Tests/LearningCaseVocabularyTests.cs:line 59
   at InvokeStub_LearningCaseVocabularyTests.MissingOrConflictingRolesNeverBecomeExecutable(Object, Span`1)
   at System.Reflection.MethodBaseInvoker.InvokeWithFewArgs(Object obj, BindingFlags invokeAttr, Binder binder, Object[] parameters, CultureInfo culture)
----- Inner Stack Trace -----
   at System.Text.RegularExpressions.Symbolic.SymbolicRegexRunnerFactory..ctor(RegexTree regexTree, RegexOptions options, TimeSpan matchTimeout)
   at System.Text.RegularExpressions.Regex..ctor(String pattern, RegexOptions options, TimeSpan matchTimeout, CultureInfo culture)
   at CnetControlPlane.Learning.LearningTaskParser..cctor() in /home/marble/AI/CNET-worktrees/herdr-language-20260909/dotnet/CnetControlPlane/Learning/LearningTaskProposal.cs:line 18
  Failed CnetControlPlane.Tests.LearningCaseVocabularyTests.MissingOrConflictingRolesNeverBecomeExecutable(text: "Convert to uppercase whichever single letter is in"···, status: "clarify") [< 1 ms]
  Error Message:
   System.TypeInitializationException : The type initializer for 'CnetControlPlane.Learning.LearningTaskParser' threw an exception.
---- System.NotSupportedException : The specified pattern with RegexOptions.NonBacktracking could result in an automata as large as '1070' nodes, which is larger than the configured limit of '1000'.
  Stack Trace:
     at CnetControlPlane.Learning.LearningTaskParser.ProposeRequest(String text, InputBinding binding) in /home/marble/AI/CNET-worktrees/herdr-language-20260909/dotnet/CnetControlPlane/Learning/LearningTaskProposal.cs:line 322
   at CnetControlPlane.Learning.LearningTaskParser.Propose(String text) in /home/marble/AI/CNET-worktrees/herdr-language-20260909/dotnet/CnetControlPlane/Learning/LearningTaskProposal.cs:line 315
   at CnetControlPlane.Tests.LearningCaseVocabularyTests.MissingOrConflictingRolesNeverBecomeExecutable(String text, String status) in /home/marble/AI/CNET-worktrees/herdr-language-20260909/dotnet/CnetControlPlane.Tests/LearningCaseVocabularyTests.cs:line 59
   at InvokeStub_LearningCaseVocabularyTests.MissingOrConflictingRolesNeverBecomeExecutable(Object, Span`1)
   at System.Reflection.MethodBaseInvoker.InvokeWithFewArgs(Object obj, BindingFlags invokeAttr, Binder binder, Object[] parameters, CultureInfo culture)
----- Inner Stack Trace -----
   at System.Text.RegularExpressions.Symbolic.SymbolicRegexRunnerFactory..ctor(RegexTree regexTree, RegexOptions options, TimeSpan matchTimeout)
   at System.Text.RegularExpressions.Regex..ctor(String pattern, RegexOptions options, TimeSpan matchTimeout, CultureInfo culture)
   at CnetControlPlane.Learning.LearningTaskParser..cctor() in /home/marble/AI/CNET-worktrees/herdr-language-20260909/dotnet/CnetControlPlane/Learning/LearningTaskProposal.cs:line 18
  Failed CnetControlPlane.Tests.LearningCaseVocabularyTests.MissingOrConflictingRolesNeverBecomeExecutable(text: "Downcase U+000A.", status: "abstain") [< 1 ms]
  Error Message:
   System.TypeInitializationException : The type initializer for 'CnetControlPlane.Learning.LearningTaskParser' threw an exception.
---- System.NotSupportedException : The specified pattern with RegexOptions.NonBacktracking could result in an automata as large as '1070' nodes, which is larger than the configured limit of '1000'.
  Stack Trace:
     at CnetControlPlane.Learning.LearningTaskParser.ProposeRequest(String text, InputBinding binding) in /home/marble/AI/CNET-worktrees/herdr-language-20260909/dotnet/CnetControlPlane/Learning/LearningTaskProposal.cs:line 322
   at CnetControlPlane.Learning.LearningTaskParser.Propose(String text) in /home/marble/AI/CNET-worktrees/herdr-language-20260909/dotnet/CnetControlPlane/Learning/LearningTaskProposal.cs:line 315
   at CnetControlPlane.Tests.LearningCaseVocabularyTests.MissingOrConflictingRolesNeverBecomeExecutable(String text, String status) in /home/marble/AI/CNET-worktrees/herdr-language-20260909/dotnet/CnetControlPlane.Tests/LearningCaseVocabularyTests.cs:line 59
   at InvokeStub_LearningCaseVocabularyTests.MissingOrConflictingRolesNeverBecomeExecutable(Object, Span`1)
   at System.Reflection.MethodBaseInvoker.InvokeWithFewArgs(Object obj, BindingFlags invokeAttr, Binder binder, Object[] parameters, CultureInfo culture)
----- Inner Stack Trace -----
   at System.Text.RegularExpressions.Symbolic.SymbolicRegexRunnerFactory..ctor(RegexTree regexTree, RegexOptions options, TimeSpan matchTimeout)
   at System.Text.RegularExpressions.Regex..ctor(String pattern, RegexOptions options, TimeSpan matchTimeout, CultureInfo culture)
   at CnetControlPlane.Learning.LearningTaskParser..cctor() in /home/marble/AI/CNET-worktrees/herdr-language-20260909/dotnet/CnetControlPlane/Learning/LearningTaskProposal.cs:line 18
  Failed CnetControlPlane.Tests.LearningCaseVocabularyTests.MissingOrConflictingRolesNeverBecomeExecutable(text: "Please uppercase the character specified as U+0218"···, status: "abstain") [< 1 ms]
  Error Message:
   System.TypeInitializationException : The type initializer for 'CnetControlPlane.Learning.LearningTaskParser' threw an exception.
---- System.NotSupportedException : The specified pattern with RegexOptions.NonBacktracking could result in an automata as large as '1070' nodes, which is larger than the configured limit of '1000'.
  Stack Trace:
     at CnetControlPlane.Learning.LearningTaskParser.ProposeRequest(String text, InputBinding binding) in /home/marble/AI/CNET-worktrees/herdr-language-20260909/dotnet/CnetControlPlane/Learning/LearningTaskProposal.cs:line 322
   at CnetControlPlane.Learning.LearningTaskParser.Propose(String text) in /home/marble/AI/CNET-worktrees/herdr-language-20260909/dotnet/CnetControlPlane/Learning/LearningTaskProposal.cs:line 315
   at CnetControlPlane.Tests.LearningCaseVocabularyTests.MissingOrConflictingRolesNeverBecomeExecutable(String text, String status) in /home/marble/AI/CNET-worktrees/herdr-language-20260909/dotnet/CnetControlPlane.Tests/LearningCaseVocabularyTests.cs:line 59
   at InvokeStub_LearningCaseVocabularyTests.MissingOrConflictingRolesNeverBecomeExecutable(Object, Span`1)
   at System.Reflection.MethodBaseInvoker.InvokeWithFewArgs(Object obj, BindingFlags invokeAttr, Binder binder, Object[] parameters, CultureInfo culture)
----- Inner Stack Trace -----
   at System.Text.RegularExpressions.Symbolic.SymbolicRegexRunnerFactory..ctor(RegexTree regexTree, RegexOptions options, TimeSpan matchTimeout)
   at System.Text.RegularExpressions.Regex..ctor(String pattern, RegexOptions options, TimeSpan matchTimeout, CultureInfo culture)
   at CnetControlPlane.Learning.LearningTaskParser..cctor() in /home/marble/AI/CNET-worktrees/herdr-language-20260909/dotnet/CnetControlPlane/Learning/LearningTaskProposal.cs:line 18
  Failed CnetControlPlane.Tests.LearningCaseVocabularyTests.MissingOrConflictingRolesNeverBecomeExecutable(text: "Convert the hyphen '+' to uppercase.", status: "clarify") [< 1 ms]
  Error Message:
   System.TypeInitializationException : The type initializer for 'CnetControlPlane.Learning.LearningTaskParser' threw an exception.
---- System.NotSupportedException : The specified pattern with RegexOptions.NonBacktracking could result in an automata as large as '1070' nodes, which is larger than the configured limit of '1000'.
  Stack Trace:
     at CnetControlPlane.Learning.LearningTaskParser.ProposeRequest(String text, InputBinding binding) in /home/marble/AI/CNET-worktrees/herdr-language-20260909/dotnet/CnetControlPlane/Learning/LearningTaskProposal.cs:line 322
   at CnetControlPlane.Learning.LearningTaskParser.Propose(String text) in /home/marble/AI/CNET-worktrees/herdr-language-20260909/dotnet/CnetControlPlane/Learning/LearningTaskProposal.cs:line 315
   at CnetControlPlane.Tests.LearningCaseVocabularyTests.MissingOrConflictingRolesNeverBecomeExecutable(String text, String status) in /home/marble/AI/CNET-worktrees/herdr-language-20260909/dotnet/CnetControlPlane.Tests/LearningCaseVocabularyTests.cs:line 59
   at InvokeStub_LearningCaseVocabularyTests.MissingOrConflictingRolesNeverBecomeExecutable(Object, Span`1)
   at System.Reflection.MethodBaseInvoker.InvokeWithFewArgs(Object obj, BindingFlags invokeAttr, Binder binder, Object[] parameters, CultureInfo culture)
----- Inner Stack Trace -----
   at System.Text.RegularExpressions.Symbolic.SymbolicRegexRunnerFactory..ctor(RegexTree regexTree, RegexOptions options, TimeSpan matchTimeout)
   at System.Text.RegularExpressions.Regex..ctor(String pattern, RegexOptions options, TimeSpan matchTimeout, CultureInfo culture)
   at CnetControlPlane.Learning.LearningTaskParser..cctor() in /home/marble/AI/CNET-worktrees/herdr-language-20260909/dotnet/CnetControlPlane/Learning/LearningTaskProposal.cs:line 18
  Failed CnetControlPlane.Tests.LearningCaseVocabularyTests.MissingOrConflictingRolesNeverBecomeExecutable(text: "Downcase 'A' and send it.", status: "abstain") [< 1 ms]
  Error Message:
   System.TypeInitializationException : The type initializer for 'CnetControlPlane.Learning.LearningTaskParser' threw an exception.
---- System.NotSupportedException : The specified pattern with RegexOptions.NonBacktracking could result in an automata as large as '1070' nodes, which is larger than the configured limit of '1000'.
  Stack Trace:
     at CnetControlPlane.Learning.LearningTaskParser.ProposeRequest(String text, InputBinding binding) in /home/marble/AI/CNET-worktrees/herdr-language-20260909/dotnet/CnetControlPlane/Learning/LearningTaskProposal.cs:line 322
   at CnetControlPlane.Learning.LearningTaskParser.Propose(String text) in /home/marble/AI/CNET-worktrees/herdr-language-20260909/dotnet/CnetControlPlane/Learning/LearningTaskProposal.cs:line 315
   at CnetControlPlane.Tests.LearningCaseVocabularyTests.MissingOrConflictingRolesNeverBecomeExecutable(String text, String status) in /home/marble/AI/CNET-worktrees/herdr-language-20260909/dotnet/CnetControlPlane.Tests/LearningCaseVocabularyTests.cs:line 59
   at InvokeStub_LearningCaseVocabularyTests.MissingOrConflictingRolesNeverBecomeExecutable(Object, Span`1)
   at System.Reflection.MethodBaseInvoker.InvokeWithFewArgs(Object obj, BindingFlags invokeAttr, Binder binder, Object[] parameters, CultureInfo culture)
----- Inner Stack Trace -----
   at System.Text.RegularExpressions.Symbolic.SymbolicRegexRunnerFactory..ctor(RegexTree regexTree, RegexOptions options, TimeSpan matchTimeout)
   at System.Text.RegularExpressions.Regex..ctor(String pattern, RegexOptions options, TimeSpan matchTimeout, CultureInfo culture)
   at CnetControlPlane.Learning.LearningTaskParser..cctor() in /home/marble/AI/CNET-worktrees/herdr-language-20260909/dotnet/CnetControlPlane/Learning/LearningTaskProposal.cs:line 18
  Failed CnetControlPlane.Tests.LearningCaseVocabularyTests.MissingOrConflictingRolesNeverBecomeExecutable(text: "Convert the hyphen to uppercase.", status: "clarify") [< 1 ms]
  Error Message:
   System.TypeInitializationException : The type initializer for 'CnetControlPlane.Learning.LearningTaskParser' threw an exception.
---- System.NotSupportedException : The specified pattern with RegexOptions.NonBacktracking could result in an automata as large as '1070' nodes, which is larger than the configured limit of '1000'.
  Stack Trace:
     at CnetControlPlane.Learning.LearningTaskParser.ProposeRequest(String text, InputBinding binding) in /home/marble/AI/CNET-worktrees/herdr-language-20260909/dotnet/CnetControlPlane/Learning/LearningTaskProposal.cs:line 322
   at CnetControlPlane.Learning.LearningTaskParser.Propose(String text) in /home/marble/AI/CNET-worktrees/herdr-language-20260909/dotnet/CnetControlPlane/Learning/LearningTaskProposal.cs:line 315
   at CnetControlPlane.Tests.LearningCaseVocabularyTests.MissingOrConflictingRolesNeverBecomeExecutable(String text, String status) in /home/marble/AI/CNET-worktrees/herdr-language-20260909/dotnet/CnetControlPlane.Tests/LearningCaseVocabularyTests.cs:line 59
   at InvokeStub_LearningCaseVocabularyTests.MissingOrConflictingRolesNeverBecomeExecutable(Object, Span`1)
   at System.Reflection.MethodBaseInvoker.InvokeWithFewArgs(Object obj, BindingFlags invokeAttr, Binder binder, Object[] parameters, CultureInfo culture)
----- Inner Stack Trace -----
   at System.Text.RegularExpressions.Symbolic.SymbolicRegexRunnerFactory..ctor(RegexTree regexTree, RegexOptions options, TimeSpan matchTimeout)
   at System.Text.RegularExpressions.Regex..ctor(String pattern, RegexOptions options, TimeSpan matchTimeout, CultureInfo culture)
   at CnetControlPlane.Learning.LearningTaskParser..cctor() in /home/marble/AI/CNET-worktrees/herdr-language-20260909/dotnet/CnetControlPlane/Learning/LearningTaskProposal.cs:line 18
  Failed CnetControlPlane.Tests.LearningCaseVocabularyTests.MissingOrConflictingRolesNeverBecomeExecutable(text: "Take 'a' up to lowercase.", status: "clarify") [< 1 ms]
  Error Message:
   System.TypeInitializationException : The type initializer for 'CnetControlPlane.Learning.LearningTaskParser' threw an exception.
---- System.NotSupportedException : The specified pattern with RegexOptions.NonBacktracking could result in an automata as large as '1070' nodes, which is larger than the configured limit of '1000'.
  Stack Trace:
     at CnetControlPlane.Learning.LearningTaskParser.ProposeRequest(String text, InputBinding binding) in /home/marble/AI/CNET-worktrees/herdr-language-20260909/dotnet/CnetControlPlane/Learning/LearningTaskProposal.cs:line 322
   at CnetControlPlane.Learning.LearningTaskParser.Propose(String text) in /home/marble/AI/CNET-worktrees/herdr-language-20260909/dotnet/CnetControlPlane/Learning/LearningTaskProposal.cs:line 315
   at CnetControlPlane.Tests.LearningCaseVocabularyTests.MissingOrConflictingRolesNeverBecomeExecutable(String text, String status) in /home/marble/AI/CNET-worktrees/herdr-language-20260909/dotnet/CnetControlPlane.Tests/LearningCaseVocabularyTests.cs:line 59
   at InvokeStub_LearningCaseVocabularyTests.MissingOrConflictingRolesNeverBecomeExecutable(Object, Span`1)
   at System.Reflection.MethodBaseInvoker.InvokeWithFewArgs(Object obj, BindingFlags invokeAttr, Binder binder, Object[] parameters, CultureInfo culture)
----- Inner Stack Trace -----
   at System.Text.RegularExpressions.Symbolic.SymbolicRegexRunnerFactory..ctor(RegexTree regexTree, RegexOptions options, TimeSpan matchTimeout)
   at System.Text.RegularExpressions.Regex..ctor(String pattern, RegexOptions options, TimeSpan matchTimeout, CultureInfo culture)
   at CnetControlPlane.Learning.LearningTaskParser..cctor() in /home/marble/AI/CNET-worktrees/herdr-language-20260909/dotnet/CnetControlPlane/Learning/LearningTaskProposal.cs:line 18
[xUnit.net 00:00:00.37]     CnetControlPlane.Tests.LearningCaseVocabularyTests.MissingOrConflictingRolesNeverBecomeExecutable(text: "I am requesting a case change for the letter p.", status: "clarify") [FAIL]
[xUnit.net 00:00:00.37]       System.TypeInitializationException : The type initializer for 'CnetControlPlane.Learning.LearningTaskParser' threw an exception.
[xUnit.net 00:00:00.37]       ---- System.NotSupportedException : The specified pattern with RegexOptions.NonBacktracking could result in an automata as large as '1070' nodes, which is larger than the configured limit of '1000'.
[xUnit.net 00:00:00.37]       Stack Trace:
[xUnit.net 00:00:00.37]         /home/marble/AI/CNET-worktrees/herdr-language-20260909/dotnet/CnetControlPlane/Learning/LearningTaskProposal.cs(322,0): at CnetControlPlane.Learning.LearningTaskParser.ProposeRequest(String text, InputBinding binding)
[xUnit.net 00:00:00.37]         /home/marble/AI/CNET-worktrees/herdr-language-20260909/dotnet/CnetControlPlane/Learning/LearningTaskProposal.cs(315,0): at CnetControlPlane.Learning.LearningTaskParser.Propose(String text)
[xUnit.net 00:00:00.37]         /home/marble/AI/CNET-worktrees/herdr-language-20260909/dotnet/CnetControlPlane.Tests/LearningCaseVocabularyTests.cs(59,0): at CnetControlPlane.Tests.LearningCaseVocabularyTests.MissingOrConflictingRolesNeverBecomeExecutable(String text, String status)
[xUnit.net 00:00:00.37]            at InvokeStub_LearningCaseVocabularyTests.MissingOrConflictingRolesNeverBecomeExecutable(Object, Span`1)
[xUnit.net 00:00:00.37]            at System.Reflection.MethodBaseInvoker.InvokeWithFewArgs(Object obj, BindingFlags invokeAttr, Binder binder, Object[] parameters, CultureInfo culture)
[xUnit.net 00:00:00.37]         ----- Inner Stack Trace -----
[xUnit.net 00:00:00.37]            at System.Text.RegularExpressions.Symbolic.SymbolicRegexRunnerFactory..ctor(RegexTree regexTree, RegexOptions options, TimeSpan matchTimeout)
[xUnit.net 00:00:00.37]            at System.Text.RegularExpressions.Regex..ctor(String pattern, RegexOptions options, TimeSpan matchTimeout, CultureInfo culture)
[xUnit.net 00:00:00.37]         /home/marble/AI/CNET-worktrees/herdr-language-20260909/dotnet/CnetControlPlane/Learning/LearningTaskProposal.cs(18,0): at CnetControlPlane.Learning.LearningTaskParser..cctor()
[xUnit.net 00:00:00.37]     CnetControlPlane.Tests.LearningCaseVocabularyTests.MissingOrConflictingRolesNeverBecomeExecutable(text: "Upcase the word hello.", status: "abstain") [FAIL]
[xUnit.net 00:00:00.37]       System.TypeInitializationException : The type initializer for 'CnetControlPlane.Learning.LearningTaskParser' threw an exception.
[xUnit.net 00:00:00.37]       ---- System.NotSupportedException : The specified pattern with RegexOptions.NonBacktracking could result in an automata as large as '1070' nodes, which is larger than the configured limit of '1000'.
[xUnit.net 00:00:00.37]       Stack Trace:
[xUnit.net 00:00:00.37]         /home/marble/AI/CNET-worktrees/herdr-language-20260909/dotnet/CnetControlPlane/Learning/LearningTaskProposal.cs(322,0): at CnetControlPlane.Learning.LearningTaskParser.ProposeRequest(String text, InputBinding binding)
[xUnit.net 00:00:00.37]         /home/marble/AI/CNET-worktrees/herdr-language-20260909/dotnet/CnetControlPlane/Learning/LearningTaskProposal.cs(315,0): at CnetControlPlane.Learning.LearningTaskParser.Propose(String text)
[xUnit.net 00:00:00.37]         /home/marble/AI/CNET-worktrees/herdr-language-20260909/dotnet/CnetControlPlane.Tests/LearningCaseVocabularyTests.cs(59,0): at CnetControlPlane.Tests.LearningCaseVocabularyTests.MissingOrConflictingRolesNeverBecomeExecutable(String text, String status)
[xUnit.net 00:00:00.37]            at InvokeStub_LearningCaseVocabularyTests.MissingOrConflictingRolesNeverBecomeExecutable(Object, Span`1)
[xUnit.net 00:00:00.37]            at System.Reflection.MethodBaseInvoker.InvokeWithFewArgs(Object obj, BindingFlags invokeAttr, Binder binder, Object[] parameters, CultureInfo culture)
[xUnit.net 00:00:00.37]         ----- Inner Stack Trace -----
[xUnit.net 00:00:00.37]            at System.Text.RegularExpressions.Symbolic.SymbolicRegexRunnerFactory..ctor(RegexTree regexTree, RegexOptions options, TimeSpan matchTimeout)
[xUnit.net 00:00:00.37]            at System.Text.RegularExpressions.Regex..ctor(String pattern, RegexOptions options, TimeSpan matchTimeout, CultureInfo culture)
[xUnit.net 00:00:00.37]         /home/marble/AI/CNET-worktrees/herdr-language-20260909/dotnet/CnetControlPlane/Learning/LearningTaskProposal.cs(18,0): at CnetControlPlane.Learning.LearningTaskParser..cctor()
[xUnit.net 00:00:00.37]     CnetControlPlane.Tests.LearningCaseVocabularyTests.MissingOrConflictingRolesNeverBecomeExecutable(text: "The letter c should undergo case conversion.", status: "clarify") [FAIL]
[xUnit.net 00:00:00.37]       System.TypeInitializationException : The type initializer for 'CnetControlPlane.Learning.LearningTaskParser' threw an exception.
[xUnit.net 00:00:00.37]       ---- System.NotSupportedException : The specified pattern with RegexOptions.NonBacktracking could result in an automata as large as '1070' nodes, which is larger than the configured limit of '1000'.
[xUnit.net 00:00:00.37]       Stack Trace:
[xUnit.net 00:00:00.37]         /home/marble/AI/CNET-worktrees/herdr-language-20260909/dotnet/CnetControlPlane/Learning/LearningTaskProposal.cs(322,0): at CnetControlPlane.Learning.LearningTaskParser.ProposeRequest(String text, InputBinding binding)
[xUnit.net 00:00:00.37]         /home/marble/AI/CNET-worktrees/herdr-language-20260909/dotnet/CnetControlPlane/Learning/LearningTaskProposal.cs(315,0): at CnetControlPlane.Learning.LearningTaskParser.Propose(String text)
[xUnit.net 00:00:00.37]         /home/marble/AI/CNET-worktrees/herdr-language-20260909/dotnet/CnetControlPlane.Tests/LearningCaseVocabularyTests.cs(59,0): at CnetControlPlane.Tests.LearningCaseVocabularyTests.MissingOrConflictingRolesNeverBecomeExecutable(String text, String status)
[xUnit.net 00:00:00.37]            at InvokeStub_LearningCaseVocabularyTests.MissingOrConflictingRolesNeverBecomeExecutable(Object, Span`1)
[xUnit.net 00:00:00.37]            at System.Reflection.MethodBaseInvoker.InvokeWithFewArgs(Object obj, BindingFlags invokeAttr, Binder binder, Object[] parameters, CultureInfo culture)
[xUnit.net 00:00:00.37]         ----- Inner Stack Trace -----
[xUnit.net 00:00:00.37]            at System.Text.RegularExpressions.Symbolic.SymbolicRegexRunnerFactory..ctor(RegexTree regexTree, RegexOptions options, TimeSpan matchTimeout)
[xUnit.net 00:00:00.37]            at System.Text.RegularExpressions.Regex..ctor(String pattern, RegexOptions options, TimeSpan matchTimeout, CultureInfo culture)
[xUnit.net 00:00:00.37]         /home/marble/AI/CNET-worktrees/herdr-language-20260909/dotnet/CnetControlPlane/Learning/LearningTaskProposal.cs(18,0): at CnetControlPlane.Learning.LearningTaskParser..cctor()
[xUnit.net 00:00:00.37]     CnetControlPlane.Tests.LearningCaseVocabularyTests.MissingOrConflictingRolesNeverBecomeExecutable(text: "Upcase the punctuation 'a'.", status: "clarify") [FAIL]
[xUnit.net 00:00:00.37]       System.TypeInitializationException : The type initializer for 'CnetControlPlane.Learning.LearningTaskParser' threw an exception.
[xUnit.net 00:00:00.37]       ---- System.NotSupportedException : The specified pattern with RegexOptions.NonBacktracking could result in an automata as large as '1070' nodes, which is larger than the configured limit of '1000'.
[xUnit.net 00:00:00.37]       Stack Trace:
[xUnit.net 00:00:00.37]         /home/marble/AI/CNET-worktrees/herdr-language-20260909/dotnet/CnetControlPlane/Learning/LearningTaskProposal.cs(322,0): at CnetControlPlane.Learning.LearningTaskParser.ProposeRequest(String text, InputBinding binding)
[xUnit.net 00:00:00.37]         /home/marble/AI/CNET-worktrees/herdr-language-20260909/dotnet/CnetControlPlane/Learning/LearningTaskProposal.cs(315,0): at CnetControlPlane.Learning.LearningTaskParser.Propose(String text)
[xUnit.net 00:00:00.37]         /home/marble/AI/CNET-worktrees/herdr-language-20260909/dotnet/CnetControlPlane.Tests/LearningCaseVocabularyTests.cs(59,0): at CnetControlPlane.Tests.LearningCaseVocabularyTests.MissingOrConflictingRolesNeverBecomeExecutable(String text, String status)
[xUnit.net 00:00:00.37]            at InvokeStub_LearningCaseVocabularyTests.MissingOrConflictingRolesNeverBecomeExecutable(Object, Span`1)
[xUnit.net 00:00:00.37]            at System.Reflection.MethodBaseInvoker.InvokeWithFewArgs(Object obj, BindingFlags invokeAttr, Binder binder, Object[] parameters, CultureInfo culture)
[xUnit.net 00:00:00.37]         ----- Inner Stack Trace -----
[xUnit.net 00:00:00.37]            at System.Text.RegularExpressions.Symbolic.SymbolicRegexRunnerFactory..ctor(RegexTree regexTree, RegexOptions options, TimeSpan matchTimeout)
[xUnit.net 00:00:00.37]            at System.Text.RegularExpressions.Regex..ctor(String pattern, RegexOptions options, TimeSpan matchTimeout, CultureInfo culture)
[xUnit.net 00:00:00.37]         /home/marble/AI/CNET-worktrees/herdr-language-20260909/dotnet/CnetControlPlane/Learning/LearningTaskProposal.cs(18,0): at CnetControlPlane.Learning.LearningTaskParser..cctor()
[xUnit.net 00:00:00.37]     CnetControlPlane.Tests.LearningCaseVocabularyTests.MissingOrConflictingRolesNeverBecomeExecutable(text: "Go ahead and lowercase it.", status: "clarify") [FAIL]
[xUnit.net 00:00:00.37]       System.TypeInitializationException : The type initializer for 'CnetControlPlane.Learning.LearningTaskParser' threw an exception.
[xUnit.net 00:00:00.37]       ---- System.NotSupportedException : The specified pattern with RegexOptions.NonBacktracking could result in an automata as large as '1070' nodes, which is larger than the configured limit of '1000'.
[xUnit.net 00:00:00.37]       Stack Trace:
[xUnit.net 00:00:00.37]         /home/marble/AI/CNET-worktrees/herdr-language-20260909/dotnet/CnetControlPlane/Learning/LearningTaskProposal.cs(322,0): at CnetControlPlane.Learning.LearningTaskParser.ProposeRequest(String text, InputBinding binding)
[xUnit.net 00:00:00.37]         /home/marble/AI/CNET-worktrees/herdr-language-20260909/dotnet/CnetControlPlane/Learning/LearningTaskProposal.cs(315,0): at CnetControlPlane.Learning.LearningTaskParser.Propose(String text)
[xUnit.net 00:00:00.37]         /home/marble/AI/CNET-worktrees/herdr-language-20260909/dotnet/CnetControlPlane.Tests/LearningCaseVocabularyTests.cs(59,0): at CnetControlPlane.Tests.LearningCaseVocabularyTests.MissingOrConflictingRolesNeverBecomeExecutable(String text, String status)
[xUnit.net 00:00:00.37]            at InvokeStub_LearningCaseVocabularyTests.MissingOrConflictingRolesNeverBecomeExecutable(Object, Span`1)
[xUnit.net 00:00:00.37]            at System.Reflection.MethodBaseInvoker.InvokeWithFewArgs(Object obj, BindingFlags invokeAttr, Binder binder, Object[] parameters, CultureInfo culture)
[xUnit.net 00:00:00.37]         ----- Inner Stack Trace -----
[xUnit.net 00:00:00.37]            at System.Text.RegularExpressions.Symbolic.SymbolicRegexRunnerFactory..ctor(RegexTree regexTree, RegexOptions options, TimeSpan matchTimeout)
[xUnit.net 00:00:00.37]            at System.Text.RegularExpressions.Regex..ctor(String pattern, RegexOptions options, TimeSpan matchTimeout, CultureInfo culture)
[xUnit.net 00:00:00.37]         /home/marble/AI/CNET-worktrees/herdr-language-20260909/dotnet/CnetControlPlane/Learning/LearningTaskProposal.cs(18,0): at CnetControlPlane.Learning.LearningTaskParser..cctor()
[xUnit.net 00:00:00.37]     CnetControlPlane.Tests.LearningCaseVocabularyTests.MissingOrConflictingRolesNeverBecomeExecutable(text: "Rewrite 'A' so that it is uppercase and delete it.", status: "abstain") [FAIL]
[xUnit.net 00:00:00.37]       System.TypeInitializationException : The type initializer for 'CnetControlPlane.Learning.LearningTaskParser' threw an exception.
[xUnit.net 00:00:00.37]       ---- System.NotSupportedException : The specified pattern with RegexOptions.NonBacktracking could result in an automata as large as '1070' nodes, which is larger than the configured limit of '1000'.
[xUnit.net 00:00:00.37]       Stack Trace:
[xUnit.net 00:00:00.37]         /home/marble/AI/CNET-worktrees/herdr-language-20260909/dotnet/CnetControlPlane/Learning/LearningTaskProposal.cs(322,0): at CnetControlPlane.Learning.LearningTaskParser.ProposeRequest(String text, InputBinding binding)
[xUnit.net 00:00:00.37]         /home/marble/AI/CNET-worktrees/herdr-language-20260909/dotnet/CnetControlPlane/Learning/LearningTaskProposal.cs(315,0): at CnetControlPlane.Learning.LearningTaskParser.Propose(String text)
[xUnit.net 00:00:00.37]         /home/marble/AI/CNET-worktrees/herdr-language-20260909/dotnet/CnetControlPlane.Tests/LearningCaseVocabularyTests.cs(59,0): at CnetControlPlane.Tests.LearningCaseVocabularyTests.MissingOrConflictingRolesNeverBecomeExecutable(String text, String status)
[xUnit.net 00:00:00.37]            at InvokeStub_LearningCaseVocabularyTests.MissingOrConflictingRolesNeverBecomeExecutable(Object, Span`1)
[xUnit.net 00:00:00.37]            at System.Reflection.MethodBaseInvoker.InvokeWithFewArgs(Object obj, BindingFlags invokeAttr, Binder binder, Object[] parameters, CultureInfo culture)
[xUnit.net 00:00:00.37]         ----- Inner Stack Trace -----
[xUnit.net 00:00:00.37]            at System.Text.RegularExpressions.Symbolic.SymbolicRegexRunnerFactory..ctor(RegexTree regexTree, RegexOptions options, TimeSpan matchTimeout)
[xUnit.net 00:00:00.37]            at System.Text.RegularExpressions.Regex..ctor(String pattern, RegexOptions options, TimeSpan matchTimeout, CultureInfo culture)
[xUnit.net 00:00:00.37]         /home/marble/AI/CNET-worktrees/herdr-language-20260909/dotnet/CnetControlPlane/Learning/LearningTaskProposal.cs(18,0): at CnetControlPlane.Learning.LearningTaskParser..cctor()
[xUnit.net 00:00:00.37]     CnetControlPlane.Tests.LearningCaseVocabularyTests.MissingOrConflictingRolesNeverBecomeExecutable(text: "I still need uppercase applied, yet no letter has "···, status: "clarify") [FAIL]
[xUnit.net 00:00:00.37]       System.TypeInitializationException : The type initializer for 'CnetControlPlane.Learning.LearningTaskParser' threw an exception.
[xUnit.net 00:00:00.37]       ---- System.NotSupportedException : The specified pattern with RegexOptions.NonBacktracking could result in an automata as large as '1070' nodes, which is larger than the configured limit of '1000'.
[xUnit.net 00:00:00.37]       Stack Trace:
[xUnit.net 00:00:00.37]         /home/marble/AI/CNET-worktrees/herdr-language-20260909/dotnet/CnetControlPlane/Learning/LearningTaskProposal.cs(322,0): at CnetControlPlane.Learning.LearningTaskParser.ProposeRequest(String text, InputBinding binding)
[xUnit.net 00:00:00.37]         /home/marble/AI/CNET-worktrees/herdr-language-20260909/dotnet/CnetControlPlane/Learning/LearningTaskProposal.cs(315,0): at CnetControlPlane.Learning.LearningTaskParser.Propose(String text)
[xUnit.net 00:00:00.37]         /home/marble/AI/CNET-worktrees/herdr-language-20260909/dotnet/CnetControlPlane.Tests/LearningCaseVocabularyTests.cs(59,0): at CnetControlPlane.Tests.LearningCaseVocabularyTests.MissingOrConflictingRolesNeverBecomeExecutable(String text, String status)
[xUnit.net 00:00:00.37]            at InvokeStub_LearningCaseVocabularyTests.MissingOrConflictingRolesNeverBecomeExecutable(Object, Span`1)
[xUnit.net 00:00:00.37]            at System.Reflection.MethodBaseInvoker.InvokeWithFewArgs(Object obj, BindingFlags invokeAttr, Binder binder, Object[] parameters, CultureInfo culture)
[xUnit.net 00:00:00.37]         ----- Inner Stack Trace -----
[xUnit.net 00:00:00.37]            at System.Text.RegularExpressions.Symbolic.SymbolicRegexRunnerFactory..ctor(RegexTree regexTree, RegexOptions options, TimeSpan matchTimeout)
[xUnit.net 00:00:00.37]            at System.Text.RegularExpressions.Regex..ctor(String pattern, RegexOptions options, TimeSpan matchTimeout, CultureInfo culture)
[xUnit.net 00:00:00.37]         /home/marble/AI/CNET-worktrees/herdr-language-20260909/dotnet/CnetControlPlane/Learning/LearningTaskProposal.cs(18,0): at CnetControlPlane.Learning.LearningTaskParser..cctor()
[xUnit.net 00:00:00.37]     CnetControlPlane.Tests.LearningCaseVocabularyTests.MissingOrConflictingRolesNeverBecomeExecutable(text: "Make uppercase the digit 8'", status: "clarify") [FAIL]
[xUnit.net 00:00:00.37]       System.TypeInitializationException : The type initializer for 'CnetControlPlane.Learning.LearningTaskParser' threw an exception.
[xUnit.net 00:00:00.37]       ---- System.NotSupportedException : The specified pattern with RegexOptions.NonBacktracking could result in an automata as large as '1070' nodes, which is larger than the configured limit of '1000'.
[xUnit.net 00:00:00.37]       Stack Trace:
[xUnit.net 00:00:00.37]         /home/marble/AI/CNET-worktrees/herdr-language-20260909/dotnet/CnetControlPlane/Learning/LearningTaskProposal.cs(322,0): at CnetControlPlane.Learning.LearningTaskParser.ProposeRequest(String text, InputBinding binding)
[xUnit.net 00:00:00.37]         /home/marble/AI/CNET-worktrees/herdr-language-20260909/dotnet/CnetControlPlane/Learning/LearningTaskProposal.cs(315,0): at CnetControlPlane.Learning.LearningTaskParser.Propose(String text)
[xUnit.net 00:00:00.37]         /home/marble/AI/CNET-worktrees/herdr-language-20260909/dotnet/CnetControlPlane.Tests/LearningCaseVocabularyTests.cs(59,0): at CnetControlPlane.Tests.LearningCaseVocabularyTests.MissingOrConflictingRolesNeverBecomeExecutable(String text, String status)
[xUnit.net 00:00:00.37]            at InvokeStub_LearningCaseVocabularyTests.MissingOrConflictingRolesNeverBecomeExecutable(Object, Span`1)
[xUnit.net 00:00:00.37]            at System.Reflection.MethodBaseInvoker.InvokeWithFewArgs(Object obj, BindingFlags invokeAttr, Binder binder, Object[] parameters, CultureInfo culture)
[xUnit.net 00:00:00.37]         ----- Inner Stack Trace -----
[xUnit.net 00:00:00.37]            at System.Text.RegularExpressions.Symbolic.SymbolicRegexRunnerFactory..ctor(RegexTree regexTree, RegexOptions options, TimeSpan matchTimeout)
[xUnit.net 00:00:00.37]            at System.Text.RegularExpressions.Regex..ctor(String pattern, RegexOptions options, TimeSpan matchTimeout, CultureInfo culture)
[xUnit.net 00:00:00.37]         /home/marble/AI/CNET-worktrees/herdr-language-20260909/dotnet/CnetControlPlane/Learning/LearningTaskProposal.cs(18,0): at CnetControlPlane.Learning.LearningTaskParser..cctor()
[xUnit.net 00:00:00.37]     CnetControlPlane.Tests.LearningCaseVocabularyTests.MissingOrConflictingRolesNeverBecomeExecutable(text: "Lowercase the letters a and b", status: "clarify") [FAIL]
[xUnit.net 00:00:00.37]       System.TypeInitializationException : The type initializer for 'CnetControlPlane.Learning.LearningTaskParser' threw an exception.
[xUnit.net 00:00:00.37]       ---- System.NotSupportedException : The specified pattern with RegexOptions.NonBacktracking could result in an automata as large as '1070' nodes, which is larger than the configured limit of '1000'.
[xUnit.net 00:00:00.37]       Stack Trace:
[xUnit.net 00:00:00.37]         /home/marble/AI/CNET-worktrees/herdr-language-20260909/dotnet/CnetControlPlane/Learning/LearningTaskProposal.cs(322,0): at CnetControlPlane.Learning.LearningTaskParser.ProposeRequest(String text, InputBinding binding)
[xUnit.net 00:00:00.37]         /home/marble/AI/CNET-worktrees/herdr-language-20260909/dotnet/CnetControlPlane/Learning/LearningTaskProposal.cs(315,0): at CnetControlPlane.Learning.LearningTaskParser.Propose(String text)
[xUnit.net 00:00:00.37]         /home/marble/AI/CNET-worktrees/herdr-language-20260909/dotnet/CnetControlPlane.Tests/LearningCaseVocabularyTests.cs(59,0): at CnetControlPlane.Tests.LearningCaseVocabularyTests.MissingOrConflictingRolesNeverBecomeExecutable(String text, String status)
[xUnit.net 00:00:00.37]            at InvokeStub_LearningCaseVocabularyTests.MissingOrConflictingRolesNeverBecomeExecutable(Object, Span`1)
[xUnit.net 00:00:00.37]            at System.Reflection.MethodBaseInvoker.InvokeWithFewArgs(Object obj, BindingFlags invokeAttr, Binder binder, Object[] parameters, CultureInfo culture)
[xUnit.net 00:00:00.37]         ----- Inner Stack Trace -----
[xUnit.net 00:00:00.37]            at System.Text.RegularExpressions.Symbolic.SymbolicRegexRunnerFactory..ctor(RegexTree regexTree, RegexOptions options, TimeSpan matchTimeout)
[xUnit.net 00:00:00.37]            at System.Text.RegularExpressions.Regex..ctor(String pattern, RegexOptions options, TimeSpan matchTimeout, CultureInfo culture)
[xUnit.net 00:00:00.37]         /home/marble/AI/CNET-worktrees/herdr-language-20260909/dotnet/CnetControlPlane/Learning/LearningTaskProposal.cs(18,0): at CnetControlPlane.Learning.LearningTaskParser..cctor()
  Failed CnetControlPlane.Tests.LearningCaseVocabularyTests.MissingOrConflictingRolesNeverBecomeExecutable(text: "I am requesting a case change for the letter p.", status: "clarify") [< 1 ms]
  Error Message:
   System.TypeInitializationException : The type initializer for 'CnetControlPlane.Learning.LearningTaskParser' threw an exception.
---- System.NotSupportedException : The specified pattern with RegexOptions.NonBacktracking could result in an automata as large as '1070' nodes, which is larger than the configured limit of '1000'.
  Stack Trace:
     at CnetControlPlane.Learning.LearningTaskParser.ProposeRequest(String text, InputBinding binding) in /home/marble/AI/CNET-worktrees/herdr-language-20260909/dotnet/CnetControlPlane/Learning/LearningTaskProposal.cs:line 322
   at CnetControlPlane.Learning.LearningTaskParser.Propose(String text) in /home/marble/AI/CNET-worktrees/herdr-language-20260909/dotnet/CnetControlPlane/Learning/LearningTaskProposal.cs:line 315
   at CnetControlPlane.Tests.LearningCaseVocabularyTests.MissingOrConflictingRolesNeverBecomeExecutable(String text, String status) in /home/marble/AI/CNET-worktrees/herdr-language-20260909/dotnet/CnetControlPlane.Tests/LearningCaseVocabularyTests.cs:line 59
   at InvokeStub_LearningCaseVocabularyTests.MissingOrConflictingRolesNeverBecomeExecutable(Object, Span`1)
   at System.Reflection.MethodBaseInvoker.InvokeWithFewArgs(Object obj, BindingFlags invokeAttr, Binder binder, Object[] parameters, CultureInfo culture)
----- Inner Stack Trace -----
   at System.Text.RegularExpressions.Symbolic.SymbolicRegexRunnerFactory..ctor(RegexTree regexTree, RegexOptions options, TimeSpan matchTimeout)
   at System.Text.RegularExpressions.Regex..ctor(String pattern, RegexOptions options, TimeSpan matchTimeout, CultureInfo culture)
   at CnetControlPlane.Learning.LearningTaskParser..cctor() in /home/marble/AI/CNET-worktrees/herdr-language-20260909/dotnet/CnetControlPlane/Learning/LearningTaskProposal.cs:line 18
  Failed CnetControlPlane.Tests.LearningCaseVocabularyTests.MissingOrConflictingRolesNeverBecomeExecutable(text: "Upcase the word hello.", status: "abstain") [< 1 ms]
  Error Message:
   System.TypeInitializationException : The type initializer for 'CnetControlPlane.Learning.LearningTaskParser' threw an exception.
---- System.NotSupportedException : The specified pattern with RegexOptions.NonBacktracking could result in an automata as large as '1070' nodes, which is larger than the configured limit of '1000'.
  Stack Trace:
     at CnetControlPlane.Learning.LearningTaskParser.ProposeRequest(String text, InputBinding binding) in /home/marble/AI/CNET-worktrees/herdr-language-20260909/dotnet/CnetControlPlane/Learning/LearningTaskProposal.cs:line 322
   at CnetControlPlane.Learning.LearningTaskParser.Propose(String text) in /home/marble/AI/CNET-worktrees/herdr-language-20260909/dotnet/CnetControlPlane/Learning/LearningTaskProposal.cs:line 315
   at CnetControlPlane.Tests.LearningCaseVocabularyTests.MissingOrConflictingRolesNeverBecomeExecutable(String text, String status) in /home/marble/AI/CNET-worktrees/herdr-language-20260909/dotnet/CnetControlPlane.Tests/LearningCaseVocabularyTests.cs:line 59
   at InvokeStub_LearningCaseVocabularyTests.MissingOrConflictingRolesNeverBecomeExecutable(Object, Span`1)
   at System.Reflection.MethodBaseInvoker.InvokeWithFewArgs(Object obj, BindingFlags invokeAttr, Binder binder, Object[] parameters, CultureInfo culture)
----- Inner Stack Trace -----
   at System.Text.RegularExpressions.Symbolic.SymbolicRegexRunnerFactory..ctor(RegexTree regexTree, RegexOptions options, TimeSpan matchTimeout)
   at System.Text.RegularExpressions.Regex..ctor(String pattern, RegexOptions options, TimeSpan matchTimeout, CultureInfo culture)
   at CnetControlPlane.Learning.LearningTaskParser..cctor() in /home/marble/AI/CNET-worktrees/herdr-language-20260909/dotnet/CnetControlPlane/Learning/LearningTaskProposal.cs:line 18
  Failed CnetControlPlane.Tests.LearningCaseVocabularyTests.MissingOrConflictingRolesNeverBecomeExecutable(text: "The letter c should undergo case conversion.", status: "clarify") [< 1 ms]
  Error Message:
   System.TypeInitializationException : The type initializer for 'CnetControlPlane.Learning.LearningTaskParser' threw an exception.
---- System.NotSupportedException : The specified pattern with RegexOptions.NonBacktracking could result in an automata as large as '1070' nodes, which is larger than the configured limit of '1000'.
  Stack Trace:
     at CnetControlPlane.Learning.LearningTaskParser.ProposeRequest(String text, InputBinding binding) in /home/marble/AI/CNET-worktrees/herdr-language-20260909/dotnet/CnetControlPlane/Learning/LearningTaskProposal.cs:line 322
   at CnetControlPlane.Learning.LearningTaskParser.Propose(String text) in /home/marble/AI/CNET-worktrees/herdr-language-20260909/dotnet/CnetControlPlane/Learning/LearningTaskProposal.cs:line 315
   at CnetControlPlane.Tests.LearningCaseVocabularyTests.MissingOrConflictingRolesNeverBecomeExecutable(String text, String status) in /home/marble/AI/CNET-worktrees/herdr-language-20260909/dotnet/CnetControlPlane.Tests/LearningCaseVocabularyTests.cs:line 59
   at InvokeStub_LearningCaseVocabularyTests.MissingOrConflictingRolesNeverBecomeExecutable(Object, Span`1)
   at System.Reflection.MethodBaseInvoker.InvokeWithFewArgs(Object obj, BindingFlags invokeAttr, Binder binder, Object[] parameters, CultureInfo culture)
----- Inner Stack Trace -----
   at System.Text.RegularExpressions.Symbolic.SymbolicRegexRunnerFactory..ctor(RegexTree regexTree, RegexOptions options, TimeSpan matchTimeout)
   at System.Text.RegularExpressions.Regex..ctor(String pattern, RegexOptions options, TimeSpan matchTimeout, CultureInfo culture)
   at CnetControlPlane.Learning.LearningTaskParser..cctor() in /home/marble/AI/CNET-worktrees/herdr-language-20260909/dotnet/CnetControlPlane/Learning/LearningTaskProposal.cs:line 18
  Failed CnetControlPlane.Tests.LearningCaseVocabularyTests.MissingOrConflictingRolesNeverBecomeExecutable(text: "Upcase the punctuation 'a'.", status: "clarify") [< 1 ms]
  Error Message:
   System.TypeInitializationException : The type initializer for 'CnetControlPlane.Learning.LearningTaskParser' threw an exception.
---- System.NotSupportedException : The specified pattern with RegexOptions.NonBacktracking could result in an automata as large as '1070' nodes, which is larger than the configured limit of '1000'.
  Stack Trace:
     at CnetControlPlane.Learning.LearningTaskParser.ProposeRequest(String text, InputBinding binding) in /home/marble/AI/CNET-worktrees/herdr-language-20260909/dotnet/CnetControlPlane/Learning/LearningTaskProposal.cs:line 322
   at CnetControlPlane.Learning.LearningTaskParser.Propose(String text) in /home/marble/AI/CNET-worktrees/herdr-language-20260909/dotnet/CnetControlPlane/Learning/LearningTaskProposal.cs:line 315
   at CnetControlPlane.Tests.LearningCaseVocabularyTests.MissingOrConflictingRolesNeverBecomeExecutable(String text, String status) in /home/marble/AI/CNET-worktrees/herdr-language-20260909/dotnet/CnetControlPlane.Tests/LearningCaseVocabularyTests.cs:line 59
   at InvokeStub_LearningCaseVocabularyTests.MissingOrConflictingRolesNeverBecomeExecutable(Object, Span`1)
   at System.Reflection.MethodBaseInvoker.InvokeWithFewArgs(Object obj, BindingFlags invokeAttr, Binder binder, Object[] parameters, CultureInfo culture)
----- Inner Stack Trace -----
   at System.Text.RegularExpressions.Symbolic.SymbolicRegexRunnerFactory..ctor(RegexTree regexTree, RegexOptions options, TimeSpan matchTimeout)
   at System.Text.RegularExpressions.Regex..ctor(String pattern, RegexOptions options, TimeSpan matchTimeout, CultureInfo culture)
   at CnetControlPlane.Learning.LearningTaskParser..cctor() in /home/marble/AI/CNET-worktrees/herdr-language-20260909/dotnet/CnetControlPlane/Learning/LearningTaskProposal.cs:line 18
  Failed CnetControlPlane.Tests.LearningCaseVocabularyTests.MissingOrConflictingRolesNeverBecomeExecutable(text: "Go ahead and lowercase it.", status: "clarify") [< 1 ms]
  Error Message:
   System.TypeInitializationException : The type initializer for 'CnetControlPlane.Learning.LearningTaskParser' threw an exception.
---- System.NotSupportedException : The specified pattern with RegexOptions.NonBacktracking could result in an automata as large as '1070' nodes, which is larger than the configured limit of '1000'.
  Stack Trace:
     at CnetControlPlane.Learning.LearningTaskParser.ProposeRequest(String text, InputBinding binding) in /home/marble/AI/CNET-worktrees/herdr-language-20260909/dotnet/CnetControlPlane/Learning/LearningTaskProposal.cs:line 322
   at CnetControlPlane.Learning.LearningTaskParser.Propose(String text) in /home/marble/AI/CNET-worktrees/herdr-language-20260909/dotnet/CnetControlPlane/Learning/LearningTaskProposal.cs:line 315
   at CnetControlPlane.Tests.LearningCaseVocabularyTests.MissingOrConflictingRolesNeverBecomeExecutable(String text, String status) in /home/marble/AI/CNET-worktrees/herdr-language-20260909/dotnet/CnetControlPlane.Tests/LearningCaseVocabularyTests.cs:line 59
   at InvokeStub_LearningCaseVocabularyTests.MissingOrConflictingRolesNeverBecomeExecutable(Object, Span`1)
   at System.Reflection.MethodBaseInvoker.InvokeWithFewArgs(Object obj, BindingFlags invokeAttr, Binder binder, Object[] parameters, CultureInfo culture)
----- Inner Stack Trace -----
   at System.Text.RegularExpressions.Symbolic.SymbolicRegexRunnerFactory..ctor(RegexTree regexTree, RegexOptions options, TimeSpan matchTimeout)
   at System.Text.RegularExpressions.Regex..ctor(String pattern, RegexOptions options, TimeSpan matchTimeout, CultureInfo culture)
   at CnetControlPlane.Learning.LearningTaskParser..cctor() in /home/marble/AI/CNET-worktrees/herdr-language-20260909/dotnet/CnetControlPlane/Learning/LearningTaskProposal.cs:line 18
  Failed CnetControlPlane.Tests.LearningCaseVocabularyTests.MissingOrConflictingRolesNeverBecomeExecutable(text: "Rewrite 'A' so that it is uppercase and delete it.", status: "abstain") [< 1 ms]
  Error Message:
   System.TypeInitializationException : The type initializer for 'CnetControlPlane.Learning.LearningTaskParser' threw an exception.
---- System.NotSupportedException : The specified pattern with RegexOptions.NonBacktracking could result in an automata as large as '1070' nodes, which is larger than the configured limit of '1000'.
  Stack Trace:
     at CnetControlPlane.Learning.LearningTaskParser.ProposeRequest(String text, InputBinding binding) in /home/marble/AI/CNET-worktrees/herdr-language-20260909/dotnet/CnetControlPlane/Learning/LearningTaskProposal.cs:line 322
   at CnetControlPlane.Learning.LearningTaskParser.Propose(String text) in /home/marble/AI/CNET-worktrees/herdr-language-20260909/dotnet/CnetControlPlane/Learning/LearningTaskProposal.cs:line 315
   at CnetControlPlane.Tests.LearningCaseVocabularyTests.MissingOrConflictingRolesNeverBecomeExecutable(String text, String status) in /home/marble/AI/CNET-worktrees/herdr-language-20260909/dotnet/CnetControlPlane.Tests/LearningCaseVocabularyTests.cs:line 59
   at InvokeStub_LearningCaseVocabularyTests.MissingOrConflictingRolesNeverBecomeExecutable(Object, Span`1)
   at System.Reflection.MethodBaseInvoker.InvokeWithFewArgs(Object obj, BindingFlags invokeAttr, Binder binder, Object[] parameters, CultureInfo culture)
----- Inner Stack Trace -----
   at System.Text.RegularExpressions.Symbolic.SymbolicRegexRunnerFactory..ctor(RegexTree regexTree, RegexOptions options, TimeSpan matchTimeout)
   at System.Text.RegularExpressions.Regex..ctor(String pattern, RegexOptions options, TimeSpan matchTimeout, CultureInfo culture)
   at CnetControlPlane.Learning.LearningTaskParser..cctor() in /home/marble/AI/CNET-worktrees/herdr-language-20260909/dotnet/CnetControlPlane/Learning/LearningTaskProposal.cs:line 18
  Failed CnetControlPlane.Tests.LearningCaseVocabularyTests.MissingOrConflictingRolesNeverBecomeExecutable(text: "I still need uppercase applied, yet no letter has "···, status: "clarify") [< 1 ms]
  Error Message:
   System.TypeInitializationException : The type initializer for 'CnetControlPlane.Learning.LearningTaskParser' threw an exception.
---- System.NotSupportedException : The specified pattern with RegexOptions.NonBacktracking could result in an automata as large as '1070' nodes, which is larger than the configured limit of '1000'.
  Stack Trace:
     at CnetControlPlane.Learning.LearningTaskParser.ProposeRequest(String text, InputBinding binding) in /home/marble/AI/CNET-worktrees/herdr-language-20260909/dotnet/CnetControlPlane/Learning/LearningTaskProposal.cs:line 322
   at CnetControlPlane.Learning.LearningTaskParser.Propose(String text) in /home/marble/AI/CNET-worktrees/herdr-language-20260909/dotnet/CnetControlPlane/Learning/LearningTaskProposal.cs:line 315
   at CnetControlPlane.Tests.LearningCaseVocabularyTests.MissingOrConflictingRolesNeverBecomeExecutable(String text, String status) in /home/marble/AI/CNET-worktrees/herdr-language-20260909/dotnet/CnetControlPlane.Tests/LearningCaseVocabularyTests.cs:line 59
   at InvokeStub_LearningCaseVocabularyTests.MissingOrConflictingRolesNeverBecomeExecutable(Object, Span`1)
   at System.Reflection.MethodBaseInvoker.InvokeWithFewArgs(Object obj, BindingFlags invokeAttr, Binder binder, Object[] parameters, CultureInfo culture)
----- Inner Stack Trace -----
   at System.Text.RegularExpressions.Symbolic.SymbolicRegexRunnerFactory..ctor(RegexTree regexTree, RegexOptions options, TimeSpan matchTimeout)
   at System.Text.RegularExpressions.Regex..ctor(String pattern, RegexOptions options, TimeSpan matchTimeout, CultureInfo culture)
   at CnetControlPlane.Learning.LearningTaskParser..cctor() in /home/marble/AI/CNET-worktrees/herdr-language-20260909/dotnet/CnetControlPlane/Learning/LearningTaskProposal.cs:line 18
  Failed CnetControlPlane.Tests.LearningCaseVocabularyTests.MissingOrConflictingRolesNeverBecomeExecutable(text: "Make uppercase the digit 8'", status: "clarify") [< 1 ms]
  Error Message:
   System.TypeInitializationException : The type initializer for 'CnetControlPlane.Learning.LearningTaskParser' threw an exception.
---- System.NotSupportedException : The specified pattern with RegexOptions.NonBacktracking could result in an automata as large as '1070' nodes, which is larger than the configured limit of '1000'.
  Stack Trace:
     at CnetControlPlane.Learning.LearningTaskParser.ProposeRequest(String text, InputBinding binding) in /home/marble/AI/CNET-worktrees/herdr-language-20260909/dotnet/CnetControlPlane/Learning/LearningTaskProposal.cs:line 322
   at CnetControlPlane.Learning.LearningTaskParser.Propose(String text) in /home/marble/AI/CNET-worktrees/herdr-language-20260909/dotnet/CnetControlPlane/Learning/LearningTaskProposal.cs:line 315
   at CnetControlPlane.Tests.LearningCaseVocabularyTests.MissingOrConflictingRolesNeverBecomeExecutable(String text, String status) in /home/marble/AI/CNET-worktrees/herdr-language-20260909/dotnet/CnetControlPlane.Tests/LearningCaseVocabularyTests.cs:line 59
   at InvokeStub_LearningCaseVocabularyTests.MissingOrConflictingRolesNeverBecomeExecutable(Object, Span`1)
   at System.Reflection.MethodBaseInvoker.InvokeWithFewArgs(Object obj, BindingFlags invokeAttr, Binder binder, Object[] parameters, CultureInfo culture)
----- Inner Stack Trace -----
   at System.Text.RegularExpressions.Symbolic.SymbolicRegexRunnerFactory..ctor(RegexTree regexTree, RegexOptions options, TimeSpan matchTimeout)
   at System.Text.RegularExpressions.Regex..ctor(String pattern, RegexOptions options, TimeSpan matchTimeout, CultureInfo culture)
   at CnetControlPlane.Learning.LearningTaskParser..cctor() in /home/marble/AI/CNET-worktrees/herdr-language-20260909/dotnet/CnetControlPlane/Learning/LearningTaskProposal.cs:line 18
  Failed CnetControlPlane.Tests.LearningCaseVocabularyTests.MissingOrConflictingRolesNeverBecomeExecutable(text: "Lowercase the letters a and b", status: "clarify") [< 1 ms]
  Error Message:
   System.TypeInitializationException : The type initializer for 'CnetControlPlane.Learning.LearningTaskParser' threw an exception.
---- System.NotSupportedException : The specified pattern with RegexOptions.NonBacktracking could result in an automata as large as '1070' nodes, which is larger than the configured limit of '1000'.
  Stack Trace:
     at CnetControlPlane.Learning.LearningTaskParser.ProposeRequest(String text, InputBinding binding) in /home/marble/AI/CNET-worktrees/herdr-language-20260909/dotnet/CnetControlPlane/Learning/LearningTaskProposal.cs:line 322
   at CnetControlPlane.Learning.LearningTaskParser.Propose(String text) in /home/marble/AI/CNET-worktrees/herdr-language-20260909/dotnet/CnetControlPlane/Learning/LearningTaskProposal.cs:line 315
   at CnetControlPlane.Tests.LearningCaseVocabularyTests.MissingOrConflictingRolesNeverBecomeExecutable(String text, String status) in /home/marble/AI/CNET-worktrees/herdr-language-20260909/dotnet/CnetControlPlane.Tests/LearningCaseVocabularyTests.cs:line 59
   at InvokeStub_LearningCaseVocabularyTests.MissingOrConflictingRolesNeverBecomeExecutable(Object, Span`1)
   at System.Reflection.MethodBaseInvoker.InvokeWithFewArgs(Object obj, BindingFlags invokeAttr, Binder binder, Object[] parameters, CultureInfo culture)
----- Inner Stack Trace -----
   at System.Text.RegularExpressions.Symbolic.SymbolicRegexRunnerFactory..ctor(RegexTree regexTree, RegexOptions options, TimeSpan matchTimeout)
   at System.Text.RegularExpressions.Regex..ctor(String pattern, RegexOptions options, TimeSpan matchTimeout, CultureInfo culture)
   at CnetControlPlane.Learning.LearningTaskParser..cctor() in /home/marble/AI/CNET-worktrees/herdr-language-20260909/dotnet/CnetControlPlane/Learning/LearningTaskProposal.cs:line 18
[xUnit.net 00:00:00.38]     CnetControlPlane.Tests.LearningCaseVocabularyTests.SharedCaseVocabularyAndExplicitDescriptionsPreserveOriginalInputs(text: "Map the punctuation \".\" to lowercase.", operation: "lower", key: 46) [FAIL]
[xUnit.net 00:00:00.38]       System.TypeInitializationException : The type initializer for 'CnetControlPlane.Learning.LearningTaskParser' threw an exception.
[xUnit.net 00:00:00.38]       ---- System.NotSupportedException : The specified pattern with RegexOptions.NonBacktracking could result in an automata as large as '1070' nodes, which is larger than the configured limit of '1000'.
[xUnit.net 00:00:00.38]       Stack Trace:
[xUnit.net 00:00:00.38]         /home/marble/AI/CNET-worktrees/herdr-language-20260909/dotnet/CnetControlPlane/Learning/LearningTaskProposal.cs(322,0): at CnetControlPlane.Learning.LearningTaskParser.ProposeRequest(String text, InputBinding binding)
[xUnit.net 00:00:00.38]         /home/marble/AI/CNET-worktrees/herdr-language-20260909/dotnet/CnetControlPlane/Learning/LearningTaskProposal.cs(315,0): at CnetControlPlane.Learning.LearningTaskParser.Propose(String text)
[xUnit.net 00:00:00.38]         /home/marble/AI/CNET-worktrees/herdr-language-20260909/dotnet/CnetControlPlane.Tests/LearningCaseVocabularyTests.cs(32,0): at CnetControlPlane.Tests.LearningCaseVocabularyTests.SharedCaseVocabularyAndExplicitDescriptionsPreserveOriginalInputs(String text, String operation, Byte key)
[xUnit.net 00:00:00.38]            at System.RuntimeMethodHandle.InvokeMethod(Object target, Void** arguments, Signature sig, Boolean isConstructor)
[xUnit.net 00:00:00.38]            at System.Reflection.MethodBaseInvoker.InvokeDirectByRefWithFewArgs(Object obj, Span`1 copyOfArgs, BindingFlags invokeAttr)
[xUnit.net 00:00:00.38]         ----- Inner Stack Trace -----
[xUnit.net 00:00:00.38]            at System.Text.RegularExpressions.Symbolic.SymbolicRegexRunnerFactory..ctor(RegexTree regexTree, RegexOptions options, TimeSpan matchTimeout)
[xUnit.net 00:00:00.38]            at System.Text.RegularExpressions.Regex..ctor(String pattern, RegexOptions options, TimeSpan matchTimeout, CultureInfo culture)
[xUnit.net 00:00:00.38]         /home/marble/AI/CNET-worktrees/herdr-language-20260909/dotnet/CnetControlPlane/Learning/LearningTaskProposal.cs(18,0): at CnetControlPlane.Learning.LearningTaskParser..cctor()
[xUnit.net 00:00:00.38]     CnetControlPlane.Tests.LearningCaseVocabularyTests.SharedCaseVocabularyAndExplicitDescriptionsPreserveOriginalInputs(text: "Rewrite the letter k so that it is uppercase.", operation: "upper", key: 107) [FAIL]
[xUnit.net 00:00:00.38]       System.TypeInitializationException : The type initializer for 'CnetControlPlane.Learning.LearningTaskParser' threw an exception.
[xUnit.net 00:00:00.38]       ---- System.NotSupportedException : The specified pattern with RegexOptions.NonBacktracking could result in an automata as large as '1070' nodes, which is larger than the configured limit of '1000'.
[xUnit.net 00:00:00.38]       Stack Trace:
[xUnit.net 00:00:00.38]         /home/marble/AI/CNET-worktrees/herdr-language-20260909/dotnet/CnetControlPlane/Learning/LearningTaskProposal.cs(322,0): at CnetControlPlane.Learning.LearningTaskParser.ProposeRequest(String text, InputBinding binding)
[xUnit.net 00:00:00.38]         /home/marble/AI/CNET-worktrees/herdr-language-20260909/dotnet/CnetControlPlane/Learning/LearningTaskProposal.cs(315,0): at CnetControlPlane.Learning.LearningTaskParser.Propose(String text)
[xUnit.net 00:00:00.38]         /home/marble/AI/CNET-worktrees/herdr-language-20260909/dotnet/CnetControlPlane.Tests/LearningCaseVocabularyTests.cs(32,0): at CnetControlPlane.Tests.LearningCaseVocabularyTests.SharedCaseVocabularyAndExplicitDescriptionsPreserveOriginalInputs(String text, String operation, Byte key)
[xUnit.net 00:00:00.38]            at InvokeStub_LearningCaseVocabularyTests.SharedCaseVocabularyAndExplicitDescriptionsPreserveOriginalInputs(Object, Span`1)
[xUnit.net 00:00:00.38]            at System.Reflection.MethodBaseInvoker.InvokeWithFewArgs(Object obj, BindingFlags invokeAttr, Binder binder, Object[] parameters, CultureInfo culture)
[xUnit.net 00:00:00.38]         ----- Inner Stack Trace -----
[xUnit.net 00:00:00.38]            at System.Text.RegularExpressions.Symbolic.SymbolicRegexRunnerFactory..ctor(RegexTree regexTree, RegexOptions options, TimeSpan matchTimeout)
[xUnit.net 00:00:00.38]            at System.Text.RegularExpressions.Regex..ctor(String pattern, RegexOptions options, TimeSpan matchTimeout, CultureInfo culture)
[xUnit.net 00:00:00.38]         /home/marble/AI/CNET-worktrees/herdr-language-20260909/dotnet/CnetControlPlane/Learning/LearningTaskProposal.cs(18,0): at CnetControlPlane.Learning.LearningTaskParser..cctor()
[xUnit.net 00:00:00.38]     CnetControlPlane.Tests.LearningCaseVocabularyTests.SharedCaseVocabularyAndExplicitDescriptionsPreserveOriginalInputs(text: "Convert the hyphen '-' to uppercase.", operation: "upper", key: 45) [FAIL]
[xUnit.net 00:00:00.38]       System.TypeInitializationException : The type initializer for 'CnetControlPlane.Learning.LearningTaskParser' threw an exception.
[xUnit.net 00:00:00.38]       ---- System.NotSupportedException : The specified pattern with RegexOptions.NonBacktracking could result in an automata as large as '1070' nodes, which is larger than the configured limit of '1000'.
[xUnit.net 00:00:00.38]       Stack Trace:
[xUnit.net 00:00:00.38]         /home/marble/AI/CNET-worktrees/herdr-language-20260909/dotnet/CnetControlPlane/Learning/LearningTaskProposal.cs(322,0): at CnetControlPlane.Learning.LearningTaskParser.ProposeRequest(String text, InputBinding binding)
[xUnit.net 00:00:00.38]         /home/marble/AI/CNET-worktrees/herdr-language-20260909/dotnet/CnetControlPlane/Learning/LearningTaskProposal.cs(315,0): at CnetControlPlane.Learning.LearningTaskParser.Propose(String text)
[xUnit.net 00:00:00.38]         /home/marble/AI/CNET-worktrees/herdr-language-20260909/dotnet/CnetControlPlane.Tests/LearningCaseVocabularyTests.cs(32,0): at CnetControlPlane.Tests.LearningCaseVocabularyTests.SharedCaseVocabularyAndExplicitDescriptionsPreserveOriginalInputs(String text, String operation, Byte key)
[xUnit.net 00:00:00.38]            at InvokeStub_LearningCaseVocabularyTests.SharedCaseVocabularyAndExplicitDescriptionsPreserveOriginalInputs(Object, Span`1)
[xUnit.net 00:00:00.38]            at System.Reflection.MethodBaseInvoker.InvokeWithFewArgs(Object obj, BindingFlags invokeAttr, Binder binder, Object[] parameters, CultureInfo culture)
[xUnit.net 00:00:00.38]         ----- Inner Stack Trace -----
[xUnit.net 00:00:00.38]            at System.Text.RegularExpressions.Symbolic.SymbolicRegexRunnerFactory..ctor(RegexTree regexTree, RegexOptions options, TimeSpan matchTimeout)
[xUnit.net 00:00:00.38]            at System.Text.RegularExpressions.Regex..ctor(String pattern, RegexOptions options, TimeSpan matchTimeout, CultureInfo culture)
[xUnit.net 00:00:00.38]         /home/marble/AI/CNET-worktrees/herdr-language-20260909/dotnet/CnetControlPlane/Learning/LearningTaskProposal.cs(18,0): at CnetControlPlane.Learning.LearningTaskParser..cctor()
[xUnit.net 00:00:00.38]     CnetControlPlane.Tests.LearningCaseVocabularyTests.SharedCaseVocabularyAndExplicitDescriptionsPreserveOriginalInputs(text: "Would you mind lowercasing Q?", operation: "lower", key: 81) [FAIL]
[xUnit.net 00:00:00.38]       System.TypeInitializationException : The type initializer for 'CnetControlPlane.Learning.LearningTaskParser' threw an exception.
[xUnit.net 00:00:00.38]       ---- System.NotSupportedException : The specified pattern with RegexOptions.NonBacktracking could result in an automata as large as '1070' nodes, which is larger than the configured limit of '1000'.
[xUnit.net 00:00:00.38]       Stack Trace:
[xUnit.net 00:00:00.38]         /home/marble/AI/CNET-worktrees/herdr-language-20260909/dotnet/CnetControlPlane/Learning/LearningTaskProposal.cs(322,0): at CnetControlPlane.Learning.LearningTaskParser.ProposeRequest(String text, InputBinding binding)
[xUnit.net 00:00:00.38]         /home/marble/AI/CNET-worktrees/herdr-language-20260909/dotnet/CnetControlPlane/Learning/LearningTaskProposal.cs(315,0): at CnetControlPlane.Learning.LearningTaskParser.Propose(String text)
[xUnit.net 00:00:00.38]         /home/marble/AI/CNET-worktrees/herdr-language-20260909/dotnet/CnetControlPlane.Tests/LearningCaseVocabularyTests.cs(32,0): at CnetControlPlane.Tests.LearningCaseVocabularyTests.SharedCaseVocabularyAndExplicitDescriptionsPreserveOriginalInputs(String text, String operation, Byte key)
[xUnit.net 00:00:00.38]            at InvokeStub_LearningCaseVocabularyTests.SharedCaseVocabularyAndExplicitDescriptionsPreserveOriginalInputs(Object, Span`1)
[xUnit.net 00:00:00.38]            at System.Reflection.MethodBaseInvoker.InvokeWithFewArgs(Object obj, BindingFlags invokeAttr, Binder binder, Object[] parameters, CultureInfo culture)
[xUnit.net 00:00:00.38]         ----- Inner Stack Trace -----
[xUnit.net 00:00:00.38]            at System.Text.RegularExpressions.Symbolic.SymbolicRegexRunnerFactory..ctor(RegexTree regexTree, RegexOptions options, TimeSpan matchTimeout)
[xUnit.net 00:00:00.38]            at System.Text.RegularExpressions.Regex..ctor(String pattern, RegexOptions options, TimeSpan matchTimeout, CultureInfo culture)
[xUnit.net 00:00:00.38]         /home/marble/AI/CNET-worktrees/herdr-language-20260909/dotnet/CnetControlPlane/Learning/LearningTaskProposal.cs(18,0): at CnetControlPlane.Learning.LearningTaskParser..cctor()
[xUnit.net 00:00:00.38]     CnetControlPlane.Tests.LearningCaseVocabularyTests.SharedCaseVocabularyAndExplicitDescriptionsPreserveOriginalInputs(text: "Downcase F please.", operation: "lower", key: 70) [FAIL]
[xUnit.net 00:00:00.38]       System.TypeInitializationException : The type initializer for 'CnetControlPlane.Learning.LearningTaskParser' threw an exception.
[xUnit.net 00:00:00.38]       ---- System.NotSupportedException : The specified pattern with RegexOptions.NonBacktracking could result in an automata as large as '1070' nodes, which is larger than the configured limit of '1000'.
[xUnit.net 00:00:00.38]       Stack Trace:
[xUnit.net 00:00:00.38]         /home/marble/AI/CNET-worktrees/herdr-language-20260909/dotnet/CnetControlPlane/Learning/LearningTaskProposal.cs(322,0): at CnetControlPlane.Learning.LearningTaskParser.ProposeRequest(String text, InputBinding binding)
[xUnit.net 00:00:00.38]         /home/marble/AI/CNET-worktrees/herdr-language-20260909/dotnet/CnetControlPlane/Learning/LearningTaskProposal.cs(315,0): at CnetControlPlane.Learning.LearningTaskParser.Propose(String text)
[xUnit.net 00:00:00.38]         /home/marble/AI/CNET-worktrees/herdr-language-20260909/dotnet/CnetControlPlane.Tests/LearningCaseVocabularyTests.cs(32,0): at CnetControlPlane.Tests.LearningCaseVocabularyTests.SharedCaseVocabularyAndExplicitDescriptionsPreserveOriginalInputs(String text, String operation, Byte key)
[xUnit.net 00:00:00.38]            at InvokeStub_LearningCaseVocabularyTests.SharedCaseVocabularyAndExplicitDescriptionsPreserveOriginalInputs(Object, Span`1)
[xUnit.net 00:00:00.38]            at System.Reflection.MethodBaseInvoker.InvokeWithFewArgs(Object obj, BindingFlags invokeAttr, Binder binder, Object[] parameters, CultureInfo culture)
[xUnit.net 00:00:00.38]         ----- Inner Stack Trace -----
[xUnit.net 00:00:00.38]            at System.Text.RegularExpressions.Symbolic.SymbolicRegexRunnerFactory..ctor(RegexTree regexTree, RegexOptions options, TimeSpan matchTimeout)
[xUnit.net 00:00:00.38]            at System.Text.RegularExpressions.Regex..ctor(String pattern, RegexOptions options, TimeSpan matchTimeout, CultureInfo culture)
[xUnit.net 00:00:00.38]         /home/marble/AI/CNET-worktrees/herdr-language-20260909/dotnet/CnetControlPlane/Learning/LearningTaskProposal.cs(18,0): at CnetControlPlane.Learning.LearningTaskParser..cctor()
[xUnit.net 00:00:00.38]     CnetControlPlane.Tests.LearningCaseVocabularyTests.SharedCaseVocabularyAndExplicitDescriptionsPreserveOriginalInputs(text: "Take decimal codepoint 250 and put it in uppercase"···, operation: "upper", key: 250) [FAIL]
[xUnit.net 00:00:00.38]       System.TypeInitializationException : The type initializer for 'CnetControlPlane.Learning.LearningTaskParser' threw an exception.
[xUnit.net 00:00:00.38]       ---- System.NotSupportedException : The specified pattern with RegexOptions.NonBacktracking could result in an automata as large as '1070' nodes, which is larger than the configured limit of '1000'.
[xUnit.net 00:00:00.38]       Stack Trace:
[xUnit.net 00:00:00.38]         /home/marble/AI/CNET-worktrees/herdr-language-20260909/dotnet/CnetControlPlane/Learning/LearningTaskProposal.cs(322,0): at CnetControlPlane.Learning.LearningTaskParser.ProposeRequest(String text, InputBinding binding)
[xUnit.net 00:00:00.38]         /home/marble/AI/CNET-worktrees/herdr-language-20260909/dotnet/CnetControlPlane/Learning/LearningTaskProposal.cs(315,0): at CnetControlPlane.Learning.LearningTaskParser.Propose(String text)
[xUnit.net 00:00:00.38]         /home/marble/AI/CNET-worktrees/herdr-language-20260909/dotnet/CnetControlPlane.Tests/LearningCaseVocabularyTests.cs(32,0): at CnetControlPlane.Tests.LearningCaseVocabularyTests.SharedCaseVocabularyAndExplicitDescriptionsPreserveOriginalInputs(String text, String operation, Byte key)
[xUnit.net 00:00:00.38]            at InvokeStub_LearningCaseVocabularyTests.SharedCaseVocabularyAndExplicitDescriptionsPreserveOriginalInputs(Object, Span`1)
[xUnit.net 00:00:00.38]            at System.Reflection.MethodBaseInvoker.InvokeWithFewArgs(Object obj, BindingFlags invokeAttr, Binder binder, Object[] parameters, CultureInfo culture)
[xUnit.net 00:00:00.38]         ----- Inner Stack Trace -----
[xUnit.net 00:00:00.38]            at System.Text.RegularExpressions.Symbolic.SymbolicRegexRunnerFactory..ctor(RegexTree regexTree, RegexOptions options, TimeSpan matchTimeout)
[xUnit.net 00:00:00.38]            at System.Text.RegularExpressions.Regex..ctor(String pattern, RegexOptions options, TimeSpan matchTimeout, CultureInfo culture)
[xUnit.net 00:00:00.38]         /home/marble/AI/CNET-worktrees/herdr-language-20260909/dotnet/CnetControlPlane/Learning/LearningTaskProposal.cs(18,0): at CnetControlPlane.Learning.LearningTaskParser..cctor()
[xUnit.net 00:00:00.38]     CnetControlPlane.Tests.LearningCaseVocabularyTests.SharedCaseVocabularyAndExplicitDescriptionsPreserveOriginalInputs(text: "Take 'S' down to lowercase, please.", operation: "lower", key: 83) [FAIL]
[xUnit.net 00:00:00.38]       System.TypeInitializationException : The type initializer for 'CnetControlPlane.Learning.LearningTaskParser' threw an exception.
[xUnit.net 00:00:00.38]       ---- System.NotSupportedException : The specified pattern with RegexOptions.NonBacktracking could result in an automata as large as '1070' nodes, which is larger than the configured limit of '1000'.
[xUnit.net 00:00:00.38]       Stack Trace:
[xUnit.net 00:00:00.38]         /home/marble/AI/CNET-worktrees/herdr-language-20260909/dotnet/CnetControlPlane/Learning/LearningTaskProposal.cs(322,0): at CnetControlPlane.Learning.LearningTaskParser.ProposeRequest(String text, InputBinding binding)
[xUnit.net 00:00:00.38]         /home/marble/AI/CNET-worktrees/herdr-language-20260909/dotnet/CnetControlPlane/Learning/LearningTaskProposal.cs(315,0): at CnetControlPlane.Learning.LearningTaskParser.Propose(String text)
[xUnit.net 00:00:00.38]         /home/marble/AI/CNET-worktrees/herdr-language-20260909/dotnet/CnetControlPlane.Tests/LearningCaseVocabularyTests.cs(32,0): at CnetControlPlane.Tests.LearningCaseVocabularyTests.SharedCaseVocabularyAndExplicitDescriptionsPreserveOriginalInputs(String text, String operation, Byte key)
[xUnit.net 00:00:00.38]            at InvokeStub_LearningCaseVocabularyTests.SharedCaseVocabularyAndExplicitDescriptionsPreserveOriginalInputs(Object, Span`1)
[xUnit.net 00:00:00.38]            at System.Reflection.MethodBaseInvoker.InvokeWithFewArgs(Object obj, BindingFlags invokeAttr, Binder binder, Object[] parameters, CultureInfo culture)
[xUnit.net 00:00:00.38]         ----- Inner Stack Trace -----
[xUnit.net 00:00:00.38]            at System.Text.RegularExpressions.Symbolic.SymbolicRegexRunnerFactory..ctor(RegexTree regexTree, RegexOptions options, TimeSpan matchTimeout)
[xUnit.net 00:00:00.38]            at System.Text.RegularExpressions.Regex..ctor(String pattern, RegexOptions options, TimeSpan matchTimeout, CultureInfo culture)
[xUnit.net 00:00:00.38]         /home/marble/AI/CNET-worktrees/herdr-language-20260909/dotnet/CnetControlPlane/Learning/LearningTaskProposal.cs(18,0): at CnetControlPlane.Learning.LearningTaskParser..cctor()
[xUnit.net 00:00:00.38]     CnetControlPlane.Tests.LearningCaseVocabularyTests.SharedCaseVocabularyAndExplicitDescriptionsPreserveOriginalInputs(text: "Downcase the semicolon ';'.", operation: "lower", key: 59) [FAIL]
[xUnit.net 00:00:00.38]       System.TypeInitializationException : The type initializer for 'CnetControlPlane.Learning.LearningTaskParser' threw an exception.
[xUnit.net 00:00:00.38]       ---- System.NotSupportedException : The specified pattern with RegexOptions.NonBacktracking could result in an automata as large as '1070' nodes, which is larger than the configured limit of '1000'.
[xUnit.net 00:00:00.38]       Stack Trace:
[xUnit.net 00:00:00.38]         /home/marble/AI/CNET-worktrees/herdr-language-20260909/dotnet/CnetControlPlane/Learning/LearningTaskProposal.cs(322,0): at CnetControlPlane.Learning.LearningTaskParser.ProposeRequest(String text, InputBinding binding)
[xUnit.net 00:00:00.38]         /home/marble/AI/CNET-worktrees/herdr-language-20260909/dotnet/CnetControlPlane/Learning/LearningTaskProposal.cs(315,0): at CnetControlPlane.Learning.LearningTaskParser.Propose(String text)
[xUnit.net 00:00:00.38]         /home/marble/AI/CNET-worktrees/herdr-language-20260909/dotnet/CnetControlPlane.Tests/LearningCaseVocabularyTests.cs(32,0): at CnetControlPlane.Tests.LearningCaseVocabularyTests.SharedCaseVocabularyAndExplicitDescriptionsPreserveOriginalInputs(String text, String operation, Byte key)
[xUnit.net 00:00:00.38]            at InvokeStub_LearningCaseVocabularyTests.SharedCaseVocabularyAndExplicitDescriptionsPreserveOriginalInputs(Object, Span`1)
[xUnit.net 00:00:00.38]            at System.Reflection.MethodBaseInvoker.InvokeWithFewArgs(Object obj, BindingFlags invokeAttr, Binder binder, Object[] parameters, CultureInfo culture)
[xUnit.net 00:00:00.38]         ----- Inner Stack Trace -----
[xUnit.net 00:00:00.38]            at System.Text.RegularExpressions.Symbolic.SymbolicRegexRunnerFactory..ctor(RegexTree regexTree, RegexOptions options, TimeSpan matchTimeout)
[xUnit.net 00:00:00.38]            at System.Text.RegularExpressions.Regex..ctor(String pattern, RegexOptions options, TimeSpan matchTimeout, CultureInfo culture)
[xUnit.net 00:00:00.38]         /home/marble/AI/CNET-worktrees/herdr-language-20260909/dotnet/CnetControlPlane/Learning/LearningTaskProposal.cs(18,0): at CnetControlPlane.Learning.LearningTaskParser..cctor()
[xUnit.net 00:00:00.38]     CnetControlPlane.Tests.LearningCaseVocabularyTests.SharedCaseVocabularyAndExplicitDescriptionsPreserveOriginalInputs(text: "Please downcase the digit '0'.", operation: "lower", key: 48) [FAIL]
[xUnit.net 00:00:00.38]       System.TypeInitializationException : The type initializer for 'CnetControlPlane.Learning.LearningTaskParser' threw an exception.
[xUnit.net 00:00:00.38]       ---- System.NotSupportedException : The specified pattern with RegexOptions.NonBacktracking could result in an automata as large as '1070' nodes, which is larger than the configured limit of '1000'.
[xUnit.net 00:00:00.38]       Stack Trace:
[xUnit.net 00:00:00.38]         /home/marble/AI/CNET-worktrees/herdr-language-20260909/dotnet/CnetControlPlane/Learning/LearningTaskProposal.cs(322,0): at CnetControlPlane.Learning.LearningTaskParser.ProposeRequest(String text, InputBinding binding)
[xUnit.net 00:00:00.38]         /home/marble/AI/CNET-worktrees/herdr-language-20260909/dotnet/CnetControlPlane/Learning/LearningTaskProposal.cs(315,0): at CnetControlPlane.Learning.LearningTaskParser.Propose(String text)
[xUnit.net 00:00:00.38]         /home/marble/AI/CNET-worktrees/herdr-language-20260909/dotnet/CnetControlPlane.Tests/LearningCaseVocabularyTests.cs(32,0): at CnetControlPlane.Tests.LearningCaseVocabularyTests.SharedCaseVocabularyAndExplicitDescriptionsPreserveOriginalInputs(String text, String operation, Byte key)
[xUnit.net 00:00:00.38]            at InvokeStub_LearningCaseVocabularyTests.SharedCaseVocabularyAndExplicitDescriptionsPreserveOriginalInputs(Object, Span`1)
[xUnit.net 00:00:00.38]            at System.Reflection.MethodBaseInvoker.InvokeWithFewArgs(Object obj, BindingFlags invokeAttr, Binder binder, Object[] parameters, CultureInfo culture)
[xUnit.net 00:00:00.38]         ----- Inner Stack Trace -----
[xUnit.net 00:00:00.38]            at System.Text.RegularExpressions.Symbolic.SymbolicRegexRunnerFactory..ctor(RegexTree regexTree, RegexOptions options, TimeSpan matchTimeout)
[xUnit.net 00:00:00.38]            at System.Text.RegularExpressions.Regex..ctor(String pattern, RegexOptions options, TimeSpan matchTimeout, CultureInfo culture)
[xUnit.net 00:00:00.38]         /home/marble/AI/CNET-worktrees/herdr-language-20260909/dotnet/CnetControlPlane/Learning/LearningTaskProposal.cs(18,0): at CnetControlPlane.Learning.LearningTaskParser..cctor()
  Failed CnetControlPlane.Tests.LearningCaseVocabularyTests.SharedCaseVocabularyAndExplicitDescriptionsPreserveOriginalInputs(text: "Map the punctuation \".\" to lowercase.", operation: "lower", key: 46) [< 1 ms]
  Error Message:
   System.TypeInitializationException : The type initializer for 'CnetControlPlane.Learning.LearningTaskParser' threw an exception.
---- System.NotSupportedException : The specified pattern with RegexOptions.NonBacktracking could result in an automata as large as '1070' nodes, which is larger than the configured limit of '1000'.
  Stack Trace:
     at CnetControlPlane.Learning.LearningTaskParser.ProposeRequest(String text, InputBinding binding) in /home/marble/AI/CNET-worktrees/herdr-language-20260909/dotnet/CnetControlPlane/Learning/LearningTaskProposal.cs:line 322
   at CnetControlPlane.Learning.LearningTaskParser.Propose(String text) in /home/marble/AI/CNET-worktrees/herdr-language-20260909/dotnet/CnetControlPlane/Learning/LearningTaskProposal.cs:line 315
   at CnetControlPlane.Tests.LearningCaseVocabularyTests.SharedCaseVocabularyAndExplicitDescriptionsPreserveOriginalInputs(String text, String operation, Byte key) in /home/marble/AI/CNET-worktrees/herdr-language-20260909/dotnet/CnetControlPlane.Tests/LearningCaseVocabularyTests.cs:line 32
   at System.RuntimeMethodHandle.InvokeMethod(Object target, Void** arguments, Signature sig, Boolean isConstructor)
   at System.Reflection.MethodBaseInvoker.InvokeDirectByRefWithFewArgs(Object obj, Span`1 copyOfArgs, BindingFlags invokeAttr)
----- Inner Stack Trace -----
   at System.Text.RegularExpressions.Symbolic.SymbolicRegexRunnerFactory..ctor(RegexTree regexTree, RegexOptions options, TimeSpan matchTimeout)
   at System.Text.RegularExpressions.Regex..ctor(String pattern, RegexOptions options, TimeSpan matchTimeout, CultureInfo culture)
   at CnetControlPlane.Learning.LearningTaskParser..cctor() in /home/marble/AI/CNET-worktrees/herdr-language-20260909/dotnet/CnetControlPlane/Learning/LearningTaskProposal.cs:line 18
  Failed CnetControlPlane.Tests.LearningCaseVocabularyTests.SharedCaseVocabularyAndExplicitDescriptionsPreserveOriginalInputs(text: "Rewrite the letter k so that it is uppercase.", operation: "upper", key: 107) [< 1 ms]
  Error Message:
   System.TypeInitializationException : The type initializer for 'CnetControlPlane.Learning.LearningTaskParser' threw an exception.
---- System.NotSupportedException : The specified pattern with RegexOptions.NonBacktracking could result in an automata as large as '1070' nodes, which is larger than the configured limit of '1000'.
  Stack Trace:
     at CnetControlPlane.Learning.LearningTaskParser.ProposeRequest(String text, InputBinding binding) in /home/marble/AI/CNET-worktrees/herdr-language-20260909/dotnet/CnetControlPlane/Learning/LearningTaskProposal.cs:line 322
   at CnetControlPlane.Learning.LearningTaskParser.Propose(String text) in /home/marble/AI/CNET-worktrees/herdr-language-20260909/dotnet/CnetControlPlane/Learning/LearningTaskProposal.cs:line 315
   at CnetControlPlane.Tests.LearningCaseVocabularyTests.SharedCaseVocabularyAndExplicitDescriptionsPreserveOriginalInputs(String text, String operation, Byte key) in /home/marble/AI/CNET-worktrees/herdr-language-20260909/dotnet/CnetControlPlane.Tests/LearningCaseVocabularyTests.cs:line 32
   at InvokeStub_LearningCaseVocabularyTests.SharedCaseVocabularyAndExplicitDescriptionsPreserveOriginalInputs(Object, Span`1)
   at System.Reflection.MethodBaseInvoker.InvokeWithFewArgs(Object obj, BindingFlags invokeAttr, Binder binder, Object[] parameters, CultureInfo culture)
----- Inner Stack Trace -----
   at System.Text.RegularExpressions.Symbolic.SymbolicRegexRunnerFactory..ctor(RegexTree regexTree, RegexOptions options, TimeSpan matchTimeout)
   at System.Text.RegularExpressions.Regex..ctor(String pattern, RegexOptions options, TimeSpan matchTimeout, CultureInfo culture)
   at CnetControlPlane.Learning.LearningTaskParser..cctor() in /home/marble/AI/CNET-worktrees/herdr-language-20260909/dotnet/CnetControlPlane/Learning/LearningTaskProposal.cs:line 18
  Failed CnetControlPlane.Tests.LearningCaseVocabularyTests.SharedCaseVocabularyAndExplicitDescriptionsPreserveOriginalInputs(text: "Convert the hyphen '-' to uppercase.", operation: "upper", key: 45) [< 1 ms]
  Error Message:
   System.TypeInitializationException : The type initializer for 'CnetControlPlane.Learning.LearningTaskParser' threw an exception.
---- System.NotSupportedException : The specified pattern with RegexOptions.NonBacktracking could result in an automata as large as '1070' nodes, which is larger than the configured limit of '1000'.
  Stack Trace:
     at CnetControlPlane.Learning.LearningTaskParser.ProposeRequest(String text, InputBinding binding) in /home/marble/AI/CNET-worktrees/herdr-language-20260909/dotnet/CnetControlPlane/Learning/LearningTaskProposal.cs:line 322
   at CnetControlPlane.Learning.LearningTaskParser.Propose(String text) in /home/marble/AI/CNET-worktrees/herdr-language-20260909/dotnet/CnetControlPlane/Learning/LearningTaskProposal.cs:line 315
   at CnetControlPlane.Tests.LearningCaseVocabularyTests.SharedCaseVocabularyAndExplicitDescriptionsPreserveOriginalInputs(String text, String operation, Byte key) in /home/marble/AI/CNET-worktrees/herdr-language-20260909/dotnet/CnetControlPlane.Tests/LearningCaseVocabularyTests.cs:line 32
   at InvokeStub_LearningCaseVocabularyTests.SharedCaseVocabularyAndExplicitDescriptionsPreserveOriginalInputs(Object, Span`1)
   at System.Reflection.MethodBaseInvoker.InvokeWithFewArgs(Object obj, BindingFlags invokeAttr, Binder binder, Object[] parameters, CultureInfo culture)
----- Inner Stack Trace -----
   at System.Text.RegularExpressions.Symbolic.SymbolicRegexRunnerFactory..ctor(RegexTree regexTree, RegexOptions options, TimeSpan matchTimeout)
   at System.Text.RegularExpressions.Regex..ctor(String pattern, RegexOptions options, TimeSpan matchTimeout, CultureInfo culture)
   at CnetControlPlane.Learning.LearningTaskParser..cctor() in /home/marble/AI/CNET-worktrees/herdr-language-20260909/dotnet/CnetControlPlane/Learning/LearningTaskProposal.cs:line 18
  Failed CnetControlPlane.Tests.LearningCaseVocabularyTests.SharedCaseVocabularyAndExplicitDescriptionsPreserveOriginalInputs(text: "Would you mind lowercasing Q?", operation: "lower", key: 81) [< 1 ms]
  Error Message:
   System.TypeInitializationException : The type initializer for 'CnetControlPlane.Learning.LearningTaskParser' threw an exception.
---- System.NotSupportedException : The specified pattern with RegexOptions.NonBacktracking could result in an automata as large as '1070' nodes, which is larger than the configured limit of '1000'.
  Stack Trace:
     at CnetControlPlane.Learning.LearningTaskParser.ProposeRequest(String text, InputBinding binding) in /home/marble/AI/CNET-worktrees/herdr-language-20260909/dotnet/CnetControlPlane/Learning/LearningTaskProposal.cs:line 322
   at CnetControlPlane.Learning.LearningTaskParser.Propose(String text) in /home/marble/AI/CNET-worktrees/herdr-language-20260909/dotnet/CnetControlPlane/Learning/LearningTaskProposal.cs:line 315
   at CnetControlPlane.Tests.LearningCaseVocabularyTests.SharedCaseVocabularyAndExplicitDescriptionsPreserveOriginalInputs(String text, String operation, Byte key) in /home/marble/AI/CNET-worktrees/herdr-language-20260909/dotnet/CnetControlPlane.Tests/LearningCaseVocabularyTests.cs:line 32
   at InvokeStub_LearningCaseVocabularyTests.SharedCaseVocabularyAndExplicitDescriptionsPreserveOriginalInputs(Object, Span`1)
   at System.Reflection.MethodBaseInvoker.InvokeWithFewArgs(Object obj, BindingFlags invokeAttr, Binder binder, Object[] parameters, CultureInfo culture)
----- Inner Stack Trace -----
   at System.Text.RegularExpressions.Symbolic.SymbolicRegexRunnerFactory..ctor(RegexTree regexTree, RegexOptions options, TimeSpan matchTimeout)
   at System.Text.RegularExpressions.Regex..ctor(String pattern, RegexOptions options, TimeSpan matchTimeout, CultureInfo culture)
   at CnetControlPlane.Learning.LearningTaskParser..cctor() in /home/marble/AI/CNET-worktrees/herdr-language-20260909/dotnet/CnetControlPlane/Learning/LearningTaskProposal.cs:line 18
  Failed CnetControlPlane.Tests.LearningCaseVocabularyTests.SharedCaseVocabularyAndExplicitDescriptionsPreserveOriginalInputs(text: "Downcase F please.", operation: "lower", key: 70) [< 1 ms]
  Error Message:
   System.TypeInitializationException : The type initializer for 'CnetControlPlane.Learning.LearningTaskParser' threw an exception.
---- System.NotSupportedException : The specified pattern with RegexOptions.NonBacktracking could result in an automata as large as '1070' nodes, which is larger than the configured limit of '1000'.
  Stack Trace:
     at CnetControlPlane.Learning.LearningTaskParser.ProposeRequest(String text, InputBinding binding) in /home/marble/AI/CNET-worktrees/herdr-language-20260909/dotnet/CnetControlPlane/Learning/LearningTaskProposal.cs:line 322
   at CnetControlPlane.Learning.LearningTaskParser.Propose(String text) in /home/marble/AI/CNET-worktrees/herdr-language-20260909/dotnet/CnetControlPlane/Learning/LearningTaskProposal.cs:line 315
   at CnetControlPlane.Tests.LearningCaseVocabularyTests.SharedCaseVocabularyAndExplicitDescriptionsPreserveOriginalInputs(String text, String operation, Byte key) in /home/marble/AI/CNET-worktrees/herdr-language-20260909/dotnet/CnetControlPlane.Tests/LearningCaseVocabularyTests.cs:line 32
   at InvokeStub_LearningCaseVocabularyTests.SharedCaseVocabularyAndExplicitDescriptionsPreserveOriginalInputs(Object, Span`1)
   at System.Reflection.MethodBaseInvoker.InvokeWithFewArgs(Object obj, BindingFlags invokeAttr, Binder binder, Object[] parameters, CultureInfo culture)
----- Inner Stack Trace -----
   at System.Text.RegularExpressions.Symbolic.SymbolicRegexRunnerFactory..ctor(RegexTree regexTree, RegexOptions options, TimeSpan matchTimeout)
   at System.Text.RegularExpressions.Regex..ctor(String pattern, RegexOptions options, TimeSpan matchTimeout, CultureInfo culture)
   at CnetControlPlane.Learning.LearningTaskParser..cctor() in /home/marble/AI/CNET-worktrees/herdr-language-20260909/dotnet/CnetControlPlane/Learning/LearningTaskProposal.cs:line 18
  Failed CnetControlPlane.Tests.LearningCaseVocabularyTests.SharedCaseVocabularyAndExplicitDescriptionsPreserveOriginalInputs(text: "Take decimal codepoint 250 and put it in uppercase"···, operation: "upper", key: 250) [< 1 ms]
  Error Message:
   System.TypeInitializationException : The type initializer for 'CnetControlPlane.Learning.LearningTaskParser' threw an exception.
---- System.NotSupportedException : The specified pattern with RegexOptions.NonBacktracking could result in an automata as large as '1070' nodes, which is larger than the configured limit of '1000'.
  Stack Trace:
     at CnetControlPlane.Learning.LearningTaskParser.ProposeRequest(String text, InputBinding binding) in /home/marble/AI/CNET-worktrees/herdr-language-20260909/dotnet/CnetControlPlane/Learning/LearningTaskProposal.cs:line 322
   at CnetControlPlane.Learning.LearningTaskParser.Propose(String text) in /home/marble/AI/CNET-worktrees/herdr-language-20260909/dotnet/CnetControlPlane/Learning/LearningTaskProposal.cs:line 315
   at CnetControlPlane.Tests.LearningCaseVocabularyTests.SharedCaseVocabularyAndExplicitDescriptionsPreserveOriginalInputs(String text, String operation, Byte key) in /home/marble/AI/CNET-worktrees/herdr-language-20260909/dotnet/CnetControlPlane.Tests/LearningCaseVocabularyTests.cs:line 32
   at InvokeStub_LearningCaseVocabularyTests.SharedCaseVocabularyAndExplicitDescriptionsPreserveOriginalInputs(Object, Span`1)
   at System.Reflection.MethodBaseInvoker.InvokeWithFewArgs(Object obj, BindingFlags invokeAttr, Binder binder, Object[] parameters, CultureInfo culture)
----- Inner Stack Trace -----
   at System.Text.RegularExpressions.Symbolic.SymbolicRegexRunnerFactory..ctor(RegexTree regexTree, RegexOptions options, TimeSpan matchTimeout)
   at System.Text.RegularExpressions.Regex..ctor(String pattern, RegexOptions options, TimeSpan matchTimeout, CultureInfo culture)
   at CnetControlPlane.Learning.LearningTaskParser..cctor() in /home/marble/AI/CNET-worktrees/herdr-language-20260909/dotnet/CnetControlPlane/Learning/LearningTaskProposal.cs:line 18
  Failed CnetControlPlane.Tests.LearningCaseVocabularyTests.SharedCaseVocabularyAndExplicitDescriptionsPreserveOriginalInputs(text: "Take 'S' down to lowercase, please.", operation: "lower", key: 83) [< 1 ms]
  Error Message:
   System.TypeInitializationException : The type initializer for 'CnetControlPlane.Learning.LearningTaskParser' threw an exception.
---- System.NotSupportedException : The specified pattern with RegexOptions.NonBacktracking could result in an automata as large as '1070' nodes, which is larger than the configured limit of '1000'.
  Stack Trace:
     at CnetControlPlane.Learning.LearningTaskParser.ProposeRequest(String text, InputBinding binding) in /home/marble/AI/CNET-worktrees/herdr-language-20260909/dotnet/CnetControlPlane/Learning/LearningTaskProposal.cs:line 322
   at CnetControlPlane.Learning.LearningTaskParser.Propose(String text) in /home/marble/AI/CNET-worktrees/herdr-language-20260909/dotnet/CnetControlPlane/Learning/LearningTaskProposal.cs:line 315
   at CnetControlPlane.Tests.LearningCaseVocabularyTests.SharedCaseVocabularyAndExplicitDescriptionsPreserveOriginalInputs(String text, String operation, Byte key) in /home/marble/AI/CNET-worktrees/herdr-language-20260909/dotnet/CnetControlPlane.Tests/LearningCaseVocabularyTests.cs:line 32
   at InvokeStub_LearningCaseVocabularyTests.SharedCaseVocabularyAndExplicitDescriptionsPreserveOriginalInputs(Object, Span`1)
   at System.Reflection.MethodBaseInvoker.InvokeWithFewArgs(Object obj, BindingFlags invokeAttr, Binder binder, Object[] parameters, CultureInfo culture)
----- Inner Stack Trace -----
   at System.Text.RegularExpressions.Symbolic.SymbolicRegexRunnerFactory..ctor(RegexTree regexTree, RegexOptions options, TimeSpan matchTimeout)
   at System.Text.RegularExpressions.Regex..ctor(String pattern, RegexOptions options, TimeSpan matchTimeout, CultureInfo culture)
   at CnetControlPlane.Learning.LearningTaskParser..cctor() in /home/marble/AI/CNET-worktrees/herdr-language-20260909/dotnet/CnetControlPlane/Learning/LearningTaskProposal.cs:line 18
  Failed CnetControlPlane.Tests.LearningCaseVocabularyTests.SharedCaseVocabularyAndExplicitDescriptionsPreserveOriginalInputs(text: "Downcase the semicolon ';'.", operation: "lower", key: 59) [< 1 ms]
  Error Message:
   System.TypeInitializationException : The type initializer for 'CnetControlPlane.Learning.LearningTaskParser' threw an exception.
---- System.NotSupportedException : The specified pattern with RegexOptions.NonBacktracking could result in an automata as large as '1070' nodes, which is larger than the configured limit of '1000'.
  Stack Trace:
     at CnetControlPlane.Learning.LearningTaskParser.ProposeRequest(String text, InputBinding binding) in /home/marble/AI/CNET-worktrees/herdr-language-20260909/dotnet/CnetControlPlane/Learning/LearningTaskProposal.cs:line 322
   at CnetControlPlane.Learning.LearningTaskParser.Propose(String text) in /home/marble/AI/CNET-worktrees/herdr-language-20260909/dotnet/CnetControlPlane/Learning/LearningTaskProposal.cs:line 315
   at CnetControlPlane.Tests.LearningCaseVocabularyTests.SharedCaseVocabularyAndExplicitDescriptionsPreserveOriginalInputs(String text, String operation, Byte key) in /home/marble/AI/CNET-worktrees/herdr-language-20260909/dotnet/CnetControlPlane.Tests/LearningCaseVocabularyTests.cs:line 32
   at InvokeStub_LearningCaseVocabularyTests.SharedCaseVocabularyAndExplicitDescriptionsPreserveOriginalInputs(Object, Span`1)
   at System.Reflection.MethodBaseInvoker.InvokeWithFewArgs(Object obj, BindingFlags invokeAttr, Binder binder, Object[] parameters, CultureInfo culture)
----- Inner Stack Trace -----
   at System.Text.RegularExpressions.Symbolic.SymbolicRegexRunnerFactory..ctor(RegexTree regexTree, RegexOptions options, TimeSpan matchTimeout)
   at System.Text.RegularExpressions.Regex..ctor(String pattern, RegexOptions options, TimeSpan matchTimeout, CultureInfo culture)
   at CnetControlPlane.Learning.LearningTaskParser..cctor() in /home/marble/AI/CNET-worktrees/herdr-language-20260909/dotnet/CnetControlPlane/Learning/LearningTaskProposal.cs:line 18
  Failed CnetControlPlane.Tests.LearningCaseVocabularyTests.SharedCaseVocabularyAndExplicitDescriptionsPreserveOriginalInputs(text: "Please downcase the digit '0'.", operation: "lower", key: 48) [< 1 ms]
  Error Message:
   System.TypeInitializationException : The type initializer for 'CnetControlPlane.Learning.LearningTaskParser' threw an exception.
---- System.NotSupportedException : The specified pattern with RegexOptions.NonBacktracking could result in an automata as large as '1070' nodes, which is larger than the configured limit of '1000'.
  Stack Trace:
     at CnetControlPlane.Learning.LearningTaskParser.ProposeRequest(String text, InputBinding binding) in /home/marble/AI/CNET-worktrees/herdr-language-20260909/dotnet/CnetControlPlane/Learning/LearningTaskProposal.cs:line 322
   at CnetControlPlane.Learning.LearningTaskParser.Propose(String text) in /home/marble/AI/CNET-worktrees/herdr-language-20260909/dotnet/CnetControlPlane/Learning/LearningTaskProposal.cs:line 315
   at CnetControlPlane.Tests.LearningCaseVocabularyTests.SharedCaseVocabularyAndExplicitDescriptionsPreserveOriginalInputs(String text, String operation, Byte key) in /home/marble/AI/CNET-worktrees/herdr-language-20260909/dotnet/CnetControlPlane.Tests/LearningCaseVocabularyTests.cs:line 32
   at InvokeStub_LearningCaseVocabularyTests.SharedCaseVocabularyAndExplicitDescriptionsPreserveOriginalInputs(Object, Span`1)
   at System.Reflection.MethodBaseInvoker.InvokeWithFewArgs(Object obj, BindingFlags invokeAttr, Binder binder, Object[] parameters, CultureInfo culture)
----- Inner Stack Trace -----
   at System.Text.RegularExpressions.Symbolic.SymbolicRegexRunnerFactory..ctor(RegexTree regexTree, RegexOptions options, TimeSpan matchTimeout)
   at System.Text.RegularExpressions.Regex..ctor(String pattern, RegexOptions options, TimeSpan matchTimeout, CultureInfo culture)
   at CnetControlPlane.Learning.LearningTaskParser..cctor() in /home/marble/AI/CNET-worktrees/herdr-language-20260909/dotnet/CnetControlPlane/Learning/LearningTaskProposal.cs:line 18
[xUnit.net 00:00:00.38]     CnetControlPlane.Tests.LearningCaseVocabularyTests.SharedCaseVocabularyAndExplicitDescriptionsPreserveOriginalInputs(text: "Would you recast the letter H so it appears in low"···, operation: "lower", key: 72) [FAIL]
[xUnit.net 00:00:00.38]       System.TypeInitializationException : The type initializer for 'CnetControlPlane.Learning.LearningTaskParser' threw an exception.
[xUnit.net 00:00:00.38]       ---- System.NotSupportedException : The specified pattern with RegexOptions.NonBacktracking could result in an automata as large as '1070' nodes, which is larger than the configured limit of '1000'.
[xUnit.net 00:00:00.38]       Stack Trace:
[xUnit.net 00:00:00.38]         /home/marble/AI/CNET-worktrees/herdr-language-20260909/dotnet/CnetControlPlane/Learning/LearningTaskProposal.cs(322,0): at CnetControlPlane.Learning.LearningTaskParser.ProposeRequest(String text, InputBinding binding)
[xUnit.net 00:00:00.38]         /home/marble/AI/CNET-worktrees/herdr-language-20260909/dotnet/CnetControlPlane/Learning/LearningTaskProposal.cs(315,0): at CnetControlPlane.Learning.LearningTaskParser.Propose(String text)
[xUnit.net 00:00:00.38]         /home/marble/AI/CNET-worktrees/herdr-language-20260909/dotnet/CnetControlPlane.Tests/LearningCaseVocabularyTests.cs(32,0): at CnetControlPlane.Tests.LearningCaseVocabularyTests.SharedCaseVocabularyAndExplicitDescriptionsPreserveOriginalInputs(String text, String operation, Byte key)
[xUnit.net 00:00:00.38]            at InvokeStub_LearningCaseVocabularyTests.SharedCaseVocabularyAndExplicitDescriptionsPreserveOriginalInputs(Object, Span`1)
[xUnit.net 00:00:00.38]            at System.Reflection.MethodBaseInvoker.InvokeWithFewArgs(Object obj, BindingFlags invokeAttr, Binder binder, Object[] parameters, CultureInfo culture)
[xUnit.net 00:00:00.38]         ----- Inner Stack Trace -----
[xUnit.net 00:00:00.38]            at System.Text.RegularExpressions.Symbolic.SymbolicRegexRunnerFactory..ctor(RegexTree regexTree, RegexOptions options, TimeSpan matchTimeout)
[xUnit.net 00:00:00.38]            at System.Text.RegularExpressions.Regex..ctor(String pattern, RegexOptions options, TimeSpan matchTimeout, CultureInfo culture)
[xUnit.net 00:00:00.38]         /home/marble/AI/CNET-worktrees/herdr-language-20260909/dotnet/CnetControlPlane/Learning/LearningTaskProposal.cs(18,0): at CnetControlPlane.Learning.LearningTaskParser..cctor()
[xUnit.net 00:00:00.38]     CnetControlPlane.Tests.LearningCaseVocabularyTests.SharedCaseVocabularyAndExplicitDescriptionsPreserveOriginalInputs(text: "Fold U+00C9 to lower case.", operation: "lower", key: 201) [FAIL]
[xUnit.net 00:00:00.38]       System.TypeInitializationException : The type initializer for 'CnetControlPlane.Learning.LearningTaskParser' threw an exception.
[xUnit.net 00:00:00.38]       ---- System.NotSupportedException : The specified pattern with RegexOptions.NonBacktracking could result in an automata as large as '1070' nodes, which is larger than the configured limit of '1000'.
[xUnit.net 00:00:00.38]       Stack Trace:
[xUnit.net 00:00:00.38]         /home/marble/AI/CNET-worktrees/herdr-language-20260909/dotnet/CnetControlPlane/Learning/LearningTaskProposal.cs(322,0): at CnetControlPlane.Learning.LearningTaskParser.ProposeRequest(String text, InputBinding binding)
[xUnit.net 00:00:00.38]         /home/marble/AI/CNET-worktrees/herdr-language-20260909/dotnet/CnetControlPlane/Learning/LearningTaskProposal.cs(315,0): at CnetControlPlane.Learning.LearningTaskParser.Propose(String text)
[xUnit.net 00:00:00.38]         /home/marble/AI/CNET-worktrees/herdr-language-20260909/dotnet/CnetControlPlane.Tests/LearningCaseVocabularyTests.cs(32,0): at CnetControlPlane.Tests.LearningCaseVocabularyTests.SharedCaseVocabularyAndExplicitDescriptionsPreserveOriginalInputs(String text, String operation, Byte key)
[xUnit.net 00:00:00.38]            at InvokeStub_LearningCaseVocabularyTests.SharedCaseVocabularyAndExplicitDescriptionsPreserveOriginalInputs(Object, Span`1)
[xUnit.net 00:00:00.38]            at System.Reflection.MethodBaseInvoker.InvokeWithFewArgs(Object obj, BindingFlags invokeAttr, Binder binder, Object[] parameters, CultureInfo culture)
[xUnit.net 00:00:00.38]         ----- Inner Stack Trace -----
[xUnit.net 00:00:00.38]            at System.Text.RegularExpressions.Symbolic.SymbolicRegexRunnerFactory..ctor(RegexTree regexTree, RegexOptions options, TimeSpan matchTimeout)
[xUnit.net 00:00:00.38]            at System.Text.RegularExpressions.Regex..ctor(String pattern, RegexOptions options, TimeSpan matchTimeout, CultureInfo culture)
[xUnit.net 00:00:00.38]         /home/marble/AI/CNET-worktrees/herdr-language-20260909/dotnet/CnetControlPlane/Learning/LearningTaskProposal.cs(18,0): at CnetControlPlane.Learning.LearningTaskParser..cctor()
[xUnit.net 00:00:00.38]     CnetControlPlane.Tests.LearningCaseVocabularyTests.SharedCaseVocabularyAndExplicitDescriptionsPreserveOriginalInputs(text: "Downcase the character 'H'", operation: "lower", key: 72) [FAIL]
[xUnit.net 00:00:00.38]       System.TypeInitializationException : The type initializer for 'CnetControlPlane.Learning.LearningTaskParser' threw an exception.
[xUnit.net 00:00:00.38]       ---- System.NotSupportedException : The specified pattern with RegexOptions.NonBacktracking could result in an automata as large as '1070' nodes, which is larger than the configured limit of '1000'.
[xUnit.net 00:00:00.38]       Stack Trace:
[xUnit.net 00:00:00.38]         /home/marble/AI/CNET-worktrees/herdr-language-20260909/dotnet/CnetControlPlane/Learning/LearningTaskProposal.cs(322,0): at CnetControlPlane.Learning.LearningTaskParser.ProposeRequest(String text, InputBinding binding)
[xUnit.net 00:00:00.38]         /home/marble/AI/CNET-worktrees/herdr-language-20260909/dotnet/CnetControlPlane/Learning/LearningTaskProposal.cs(315,0): at CnetControlPlane.Learning.LearningTaskParser.Propose(String text)
[xUnit.net 00:00:00.38]         /home/marble/AI/CNET-worktrees/herdr-language-20260909/dotnet/CnetControlPlane.Tests/LearningCaseVocabularyTests.cs(32,0): at CnetControlPlane.Tests.LearningCaseVocabularyTests.SharedCaseVocabularyAndExplicitDescriptionsPreserveOriginalInputs(String text, String operation, Byte key)
[xUnit.net 00:00:00.38]            at InvokeStub_LearningCaseVocabularyTests.SharedCaseVocabularyAndExplicitDescriptionsPreserveOriginalInputs(Object, Span`1)
[xUnit.net 00:00:00.38]            at System.Reflection.MethodBaseInvoker.InvokeWithFewArgs(Object obj, BindingFlags invokeAttr, Binder binder, Object[] parameters, CultureInfo culture)
[xUnit.net 00:00:00.38]         ----- Inner Stack Trace -----
[xUnit.net 00:00:00.38]            at System.Text.RegularExpressions.Symbolic.SymbolicRegexRunnerFactory..ctor(RegexTree regexTree, RegexOptions options, TimeSpan matchTimeout)
[xUnit.net 00:00:00.38]            at System.Text.RegularExpressions.Regex..ctor(String pattern, RegexOptions options, TimeSpan matchTimeout, CultureInfo culture)
[xUnit.net 00:00:00.38]         /home/marble/AI/CNET-worktrees/herdr-language-20260909/dotnet/CnetControlPlane/Learning/LearningTaskProposal.cs(18,0): at CnetControlPlane.Learning.LearningTaskParser..cctor()
[xUnit.net 00:00:00.38]     CnetControlPlane.Tests.LearningCaseVocabularyTests.SharedCaseVocabularyAndExplicitDescriptionsPreserveOriginalInputs(text: "Map ' ' to uppercase.", operation: "upper", key: 32) [FAIL]
[xUnit.net 00:00:00.38]       System.TypeInitializationException : The type initializer for 'CnetControlPlane.Learning.LearningTaskParser' threw an exception.
[xUnit.net 00:00:00.38]       ---- System.NotSupportedException : The specified pattern with RegexOptions.NonBacktracking could result in an automata as large as '1070' nodes, which is larger than the configured limit of '1000'.
[xUnit.net 00:00:00.38]       Stack Trace:
[xUnit.net 00:00:00.38]         /home/marble/AI/CNET-worktrees/herdr-language-20260909/dotnet/CnetControlPlane/Learning/LearningTaskProposal.cs(322,0): at CnetControlPlane.Learning.LearningTaskParser.ProposeRequest(String text, InputBinding binding)
[xUnit.net 00:00:00.38]         /home/marble/AI/CNET-worktrees/herdr-language-20260909/dotnet/CnetControlPlane/Learning/LearningTaskProposal.cs(315,0): at CnetControlPlane.Learning.LearningTaskParser.Propose(String text)
[xUnit.net 00:00:00.38]         /home/marble/AI/CNET-worktrees/herdr-language-20260909/dotnet/CnetControlPlane.Tests/LearningCaseVocabularyTests.cs(32,0): at CnetControlPlane.Tests.LearningCaseVocabularyTests.SharedCaseVocabularyAndExplicitDescriptionsPreserveOriginalInputs(String text, String operation, Byte key)
[xUnit.net 00:00:00.38]            at InvokeStub_LearningCaseVocabularyTests.SharedCaseVocabularyAndExplicitDescriptionsPreserveOriginalInputs(Object, Span`1)
[xUnit.net 00:00:00.38]            at System.Reflection.MethodBaseInvoker.InvokeWithFewArgs(Object obj, BindingFlags invokeAttr, Binder binder, Object[] parameters, CultureInfo culture)
[xUnit.net 00:00:00.38]         ----- Inner Stack Trace -----
[xUnit.net 00:00:00.38]            at System.Text.RegularExpressions.Symbolic.SymbolicRegexRunnerFactory..ctor(RegexTree regexTree, RegexOptions options, TimeSpan matchTimeout)
[xUnit.net 00:00:00.38]            at System.Text.RegularExpressions.Regex..ctor(String pattern, RegexOptions options, TimeSpan matchTimeout, CultureInfo culture)
[xUnit.net 00:00:00.38]         /home/marble/AI/CNET-worktrees/herdr-language-20260909/dotnet/CnetControlPlane/Learning/LearningTaskProposal.cs(18,0): at CnetControlPlane.Learning.LearningTaskParser..cctor()
[xUnit.net 00:00:00.38]     CnetControlPlane.Tests.LearningCaseVocabularyTests.SharedCaseVocabularyAndExplicitDescriptionsPreserveOriginalInputs(text: "Apply uppercase mapping to ','.", operation: "upper", key: 44) [FAIL]
[xUnit.net 00:00:00.38]       System.TypeInitializationException : The type initializer for 'CnetControlPlane.Learning.LearningTaskParser' threw an exception.
[xUnit.net 00:00:00.38]       ---- System.NotSupportedException : The specified pattern with RegexOptions.NonBacktracking could result in an automata as large as '1070' nodes, which is larger than the configured limit of '1000'.
[xUnit.net 00:00:00.38]       Stack Trace:
[xUnit.net 00:00:00.38]         /home/marble/AI/CNET-worktrees/herdr-language-20260909/dotnet/CnetControlPlane/Learning/LearningTaskProposal.cs(322,0): at CnetControlPlane.Learning.LearningTaskParser.ProposeRequest(String text, InputBinding binding)
[xUnit.net 00:00:00.38]         /home/marble/AI/CNET-worktrees/herdr-language-20260909/dotnet/CnetControlPlane/Learning/LearningTaskProposal.cs(315,0): at CnetControlPlane.Learning.LearningTaskParser.Propose(String text)
[xUnit.net 00:00:00.38]         /home/marble/AI/CNET-worktrees/herdr-language-20260909/dotnet/CnetControlPlane.Tests/LearningCaseVocabularyTests.cs(32,0): at CnetControlPlane.Tests.LearningCaseVocabularyTests.SharedCaseVocabularyAndExplicitDescriptionsPreserveOriginalInputs(String text, String operation, Byte key)
[xUnit.net 00:00:00.38]            at InvokeStub_LearningCaseVocabularyTests.SharedCaseVocabularyAndExplicitDescriptionsPreserveOriginalInputs(Object, Span`1)
[xUnit.net 00:00:00.38]            at System.Reflection.MethodBaseInvoker.InvokeWithFewArgs(Object obj, BindingFlags invokeAttr, Binder binder, Object[] parameters, CultureInfo culture)
[xUnit.net 00:00:00.38]         ----- Inner Stack Trace -----
[xUnit.net 00:00:00.38]            at System.Text.RegularExpressions.Symbolic.SymbolicRegexRunnerFactory..ctor(RegexTree regexTree, RegexOptions options, TimeSpan matchTimeout)
[xUnit.net 00:00:00.38]            at System.Text.RegularExpressions.Regex..ctor(String pattern, RegexOptions options, TimeSpan matchTimeout, CultureInfo culture)
[xUnit.net 00:00:00.38]         /home/marble/AI/CNET-worktrees/herdr-language-20260909/dotnet/CnetControlPlane/Learning/LearningTaskProposal.cs(18,0): at CnetControlPlane.Learning.LearningTaskParser..cctor()
[xUnit.net 00:00:00.38]     CnetControlPlane.Tests.LearningCaseVocabularyTests.SharedCaseVocabularyAndExplicitDescriptionsPreserveOriginalInputs(text: "Give me a lowercase plus sign '+'.", operation: "lower", key: 43) [FAIL]
[xUnit.net 00:00:00.38]       System.TypeInitializationException : The type initializer for 'CnetControlPlane.Learning.LearningTaskParser' threw an exception.
[xUnit.net 00:00:00.38]       ---- System.NotSupportedException : The specified pattern with RegexOptions.NonBacktracking could result in an automata as large as '1070' nodes, which is larger than the configured limit of '1000'.
[xUnit.net 00:00:00.38]       Stack Trace:
[xUnit.net 00:00:00.38]         /home/marble/AI/CNET-worktrees/herdr-language-20260909/dotnet/CnetControlPlane/Learning/LearningTaskProposal.cs(322,0): at CnetControlPlane.Learning.LearningTaskParser.ProposeRequest(String text, InputBinding binding)
[xUnit.net 00:00:00.38]         /home/marble/AI/CNET-worktrees/herdr-language-20260909/dotnet/CnetControlPlane/Learning/LearningTaskProposal.cs(315,0): at CnetControlPlane.Learning.LearningTaskParser.Propose(String text)
[xUnit.net 00:00:00.38]         /home/marble/AI/CNET-worktrees/herdr-language-20260909/dotnet/CnetControlPlane.Tests/LearningCaseVocabularyTests.cs(32,0): at CnetControlPlane.Tests.LearningCaseVocabularyTests.SharedCaseVocabularyAndExplicitDescriptionsPreserveOriginalInputs(String text, String operation, Byte key)
[xUnit.net 00:00:00.38]            at InvokeStub_LearningCaseVocabularyTests.SharedCaseVocabularyAndExplicitDescriptionsPreserveOriginalInputs(Object, Span`1)
[xUnit.net 00:00:00.38]            at System.Reflection.MethodBaseInvoker.InvokeWithFewArgs(Object obj, BindingFlags invokeAttr, Binder binder, Object[] parameters, CultureInfo culture)
[xUnit.net 00:00:00.38]         ----- Inner Stack Trace -----
[xUnit.net 00:00:00.38]            at System.Text.RegularExpressions.Symbolic.SymbolicRegexRunnerFactory..ctor(RegexTree regexTree, RegexOptions options, TimeSpan matchTimeout)
[xUnit.net 00:00:00.38]            at System.Text.RegularExpressions.Regex..ctor(String pattern, RegexOptions options, TimeSpan matchTimeout, CultureInfo culture)
[xUnit.net 00:00:00.38]         /home/marble/AI/CNET-worktrees/herdr-language-20260909/dotnet/CnetControlPlane/Learning/LearningTaskProposal.cs(18,0): at CnetControlPlane.Learning.LearningTaskParser..cctor()
[xUnit.net 00:00:00.38]     CnetControlPlane.Tests.LearningCaseVocabularyTests.SharedCaseVocabularyAndExplicitDescriptionsPreserveOriginalInputs(text: "Apply lowercase to the quoted punctuation '!'", operation: "lower", key: 33) [FAIL]
[xUnit.net 00:00:00.38]       System.TypeInitializationException : The type initializer for 'CnetControlPlane.Learning.LearningTaskParser' threw an exception.
[xUnit.net 00:00:00.38]       ---- System.NotSupportedException : The specified pattern with RegexOptions.NonBacktracking could result in an automata as large as '1070' nodes, which is larger than the configured limit of '1000'.
[xUnit.net 00:00:00.38]       Stack Trace:
[xUnit.net 00:00:00.38]         /home/marble/AI/CNET-worktrees/herdr-language-20260909/dotnet/CnetControlPlane/Learning/LearningTaskProposal.cs(322,0): at CnetControlPlane.Learning.LearningTaskParser.ProposeRequest(String text, InputBinding binding)
[xUnit.net 00:00:00.38]         /home/marble/AI/CNET-worktrees/herdr-language-20260909/dotnet/CnetControlPlane/Learning/LearningTaskProposal.cs(315,0): at CnetControlPlane.Learning.LearningTaskParser.Propose(String text)
[xUnit.net 00:00:00.38]         /home/marble/AI/CNET-worktrees/herdr-language-20260909/dotnet/CnetControlPlane.Tests/LearningCaseVocabularyTests.cs(32,0): at CnetControlPlane.Tests.LearningCaseVocabularyTests.SharedCaseVocabularyAndExplicitDescriptionsPreserveOriginalInputs(String text, String operation, Byte key)
[xUnit.net 00:00:00.38]            at InvokeStub_LearningCaseVocabularyTests.SharedCaseVocabularyAndExplicitDescriptionsPreserveOriginalInputs(Object, Span`1)
[xUnit.net 00:00:00.38]            at System.Reflection.MethodBaseInvoker.InvokeWithFewArgs(Object obj, BindingFlags invokeAttr, Binder binder, Object[] parameters, CultureInfo culture)
[xUnit.net 00:00:00.38]         ----- Inner Stack Trace -----
[xUnit.net 00:00:00.38]            at System.Text.RegularExpressions.Symbolic.SymbolicRegexRunnerFactory..ctor(RegexTree regexTree, RegexOptions options, TimeSpan matchTimeout)
[xUnit.net 00:00:00.38]            at System.Text.RegularExpressions.Regex..ctor(String pattern, RegexOptions options, TimeSpan matchTimeout, CultureInfo culture)
[xUnit.net 00:00:00.38]         /home/marble/AI/CNET-worktrees/herdr-language-20260909/dotnet/CnetControlPlane/Learning/LearningTaskProposal.cs(18,0): at CnetControlPlane.Learning.LearningTaskParser..cctor()
[xUnit.net 00:00:00.38]     CnetControlPlane.Tests.LearningCaseVocabularyTests.SharedCaseVocabularyAndExplicitDescriptionsPreserveOriginalInputs(text: "Apply uppercase mapping to the quoted digit '7'", operation: "upper", key: 55) [FAIL]
[xUnit.net 00:00:00.38]       System.TypeInitializationException : The type initializer for 'CnetControlPlane.Learning.LearningTaskParser' threw an exception.
[xUnit.net 00:00:00.38]       ---- System.NotSupportedException : The specified pattern with RegexOptions.NonBacktracking could result in an automata as large as '1070' nodes, which is larger than the configured limit of '1000'.
[xUnit.net 00:00:00.38]       Stack Trace:
[xUnit.net 00:00:00.38]         /home/marble/AI/CNET-worktrees/herdr-language-20260909/dotnet/CnetControlPlane/Learning/LearningTaskProposal.cs(322,0): at CnetControlPlane.Learning.LearningTaskParser.ProposeRequest(String text, InputBinding binding)
[xUnit.net 00:00:00.38]         /home/marble/AI/CNET-worktrees/herdr-language-20260909/dotnet/CnetControlPlane/Learning/LearningTaskProposal.cs(315,0): at CnetControlPlane.Learning.LearningTaskParser.Propose(String text)
[xUnit.net 00:00:00.38]         /home/marble/AI/CNET-worktrees/herdr-language-20260909/dotnet/CnetControlPlane.Tests/LearningCaseVocabularyTests.cs(32,0): at CnetControlPlane.Tests.LearningCaseVocabularyTests.SharedCaseVocabularyAndExplicitDescriptionsPreserveOriginalInputs(String text, String operation, Byte key)
[xUnit.net 00:00:00.38]            at InvokeStub_LearningCaseVocabularyTests.SharedCaseVocabularyAndExplicitDescriptionsPreserveOriginalInputs(Object, Span`1)
[xUnit.net 00:00:00.38]            at System.Reflection.MethodBaseInvoker.InvokeWithFewArgs(Object obj, BindingFlags invokeAttr, Binder binder, Object[] parameters, CultureInfo culture)
[xUnit.net 00:00:00.38]         ----- Inner Stack Trace -----
[xUnit.net 00:00:00.38]            at System.Text.RegularExpressions.Symbolic.SymbolicRegexRunnerFactory..ctor(RegexTree regexTree, RegexOptions options, TimeSpan matchTimeout)
[xUnit.net 00:00:00.38]            at System.Text.RegularExpressions.Regex..ctor(String pattern, RegexOptions options, TimeSpan matchTimeout, CultureInfo culture)
[xUnit.net 00:00:00.38]         /home/marble/AI/CNET-worktrees/herdr-language-20260909/dotnet/CnetControlPlane/Learning/LearningTaskProposal.cs(18,0): at CnetControlPlane.Learning.LearningTaskParser..cctor()
[xUnit.net 00:00:00.38]     CnetControlPlane.Tests.LearningCaseVocabularyTests.SharedCaseVocabularyAndExplicitDescriptionsPreserveOriginalInputs(text: "Convert the space ' ' to lowercase.", operation: "lower", key: 32) [FAIL]
[xUnit.net 00:00:00.38]       System.TypeInitializationException : The type initializer for 'CnetControlPlane.Learning.LearningTaskParser' threw an exception.
[xUnit.net 00:00:00.38]       ---- System.NotSupportedException : The specified pattern with RegexOptions.NonBacktracking could result in an automata as large as '1070' nodes, which is larger than the configured limit of '1000'.
[xUnit.net 00:00:00.38]       Stack Trace:
[xUnit.net 00:00:00.38]         /home/marble/AI/CNET-worktrees/herdr-language-20260909/dotnet/CnetControlPlane/Learning/LearningTaskProposal.cs(322,0): at CnetControlPlane.Learning.LearningTaskParser.ProposeRequest(String text, InputBinding binding)
[xUnit.net 00:00:00.38]         /home/marble/AI/CNET-worktrees/herdr-language-20260909/dotnet/CnetControlPlane/Learning/LearningTaskProposal.cs(315,0): at CnetControlPlane.Learning.LearningTaskParser.Propose(String text)
[xUnit.net 00:00:00.38]         /home/marble/AI/CNET-worktrees/herdr-language-20260909/dotnet/CnetControlPlane.Tests/LearningCaseVocabularyTests.cs(32,0): at CnetControlPlane.Tests.LearningCaseVocabularyTests.SharedCaseVocabularyAndExplicitDescriptionsPreserveOriginalInputs(String text, String operation, Byte key)
[xUnit.net 00:00:00.38]            at InvokeStub_LearningCaseVocabularyTests.SharedCaseVocabularyAndExplicitDescriptionsPreserveOriginalInputs(Object, Span`1)
[xUnit.net 00:00:00.38]            at System.Reflection.MethodBaseInvoker.InvokeWithFewArgs(Object obj, BindingFlags invokeAttr, Binder binder, Object[] parameters, CultureInfo culture)
[xUnit.net 00:00:00.38]         ----- Inner Stack Trace -----
[xUnit.net 00:00:00.38]            at System.Text.RegularExpressions.Symbolic.SymbolicRegexRunnerFactory..ctor(RegexTree regexTree, RegexOptions options, TimeSpan matchTimeout)
[xUnit.net 00:00:00.38]            at System.Text.RegularExpressions.Regex..ctor(String pattern, RegexOptions options, TimeSpan matchTimeout, CultureInfo culture)
[xUnit.net 00:00:00.38]         /home/marble/AI/CNET-worktrees/herdr-language-20260909/dotnet/CnetControlPlane/Learning/LearningTaskProposal.cs(18,0): at CnetControlPlane.Learning.LearningTaskParser..cctor()
  Failed CnetControlPlane.Tests.LearningCaseVocabularyTests.SharedCaseVocabularyAndExplicitDescriptionsPreserveOriginalInputs(text: "Would you recast the letter H so it appears in low"···, operation: "lower", key: 72) [< 1 ms]
  Error Message:
   System.TypeInitializationException : The type initializer for 'CnetControlPlane.Learning.LearningTaskParser' threw an exception.
---- System.NotSupportedException : The specified pattern with RegexOptions.NonBacktracking could result in an automata as large as '1070' nodes, which is larger than the configured limit of '1000'.
  Stack Trace:
     at CnetControlPlane.Learning.LearningTaskParser.ProposeRequest(String text, InputBinding binding) in /home/marble/AI/CNET-worktrees/herdr-language-20260909/dotnet/CnetControlPlane/Learning/LearningTaskProposal.cs:line 322
   at CnetControlPlane.Learning.LearningTaskParser.Propose(String text) in /home/marble/AI/CNET-worktrees/herdr-language-20260909/dotnet/CnetControlPlane/Learning/LearningTaskProposal.cs:line 315
   at CnetControlPlane.Tests.LearningCaseVocabularyTests.SharedCaseVocabularyAndExplicitDescriptionsPreserveOriginalInputs(String text, String operation, Byte key) in /home/marble/AI/CNET-worktrees/herdr-language-20260909/dotnet/CnetControlPlane.Tests/LearningCaseVocabularyTests.cs:line 32
   at InvokeStub_LearningCaseVocabularyTests.SharedCaseVocabularyAndExplicitDescriptionsPreserveOriginalInputs(Object, Span`1)
   at System.Reflection.MethodBaseInvoker.InvokeWithFewArgs(Object obj, BindingFlags invokeAttr, Binder binder, Object[] parameters, CultureInfo culture)
----- Inner Stack Trace -----
   at System.Text.RegularExpressions.Symbolic.SymbolicRegexRunnerFactory..ctor(RegexTree regexTree, RegexOptions options, TimeSpan matchTimeout)
   at System.Text.RegularExpressions.Regex..ctor(String pattern, RegexOptions options, TimeSpan matchTimeout, CultureInfo culture)
   at CnetControlPlane.Learning.LearningTaskParser..cctor() in /home/marble/AI/CNET-worktrees/herdr-language-20260909/dotnet/CnetControlPlane/Learning/LearningTaskProposal.cs:line 18
  Failed CnetControlPlane.Tests.LearningCaseVocabularyTests.SharedCaseVocabularyAndExplicitDescriptionsPreserveOriginalInputs(text: "Fold U+00C9 to lower case.", operation: "lower", key: 201) [< 1 ms]
  Error Message:
   System.TypeInitializationException : The type initializer for 'CnetControlPlane.Learning.LearningTaskParser' threw an exception.
---- System.NotSupportedException : The specified pattern with RegexOptions.NonBacktracking could result in an automata as large as '1070' nodes, which is larger than the configured limit of '1000'.
  Stack Trace:
     at CnetControlPlane.Learning.LearningTaskParser.ProposeRequest(String text, InputBinding binding) in /home/marble/AI/CNET-worktrees/herdr-language-20260909/dotnet/CnetControlPlane/Learning/LearningTaskProposal.cs:line 322
   at CnetControlPlane.Learning.LearningTaskParser.Propose(String text) in /home/marble/AI/CNET-worktrees/herdr-language-20260909/dotnet/CnetControlPlane/Learning/LearningTaskProposal.cs:line 315
   at CnetControlPlane.Tests.LearningCaseVocabularyTests.SharedCaseVocabularyAndExplicitDescriptionsPreserveOriginalInputs(String text, String operation, Byte key) in /home/marble/AI/CNET-worktrees/herdr-language-20260909/dotnet/CnetControlPlane.Tests/LearningCaseVocabularyTests.cs:line 32
   at InvokeStub_LearningCaseVocabularyTests.SharedCaseVocabularyAndExplicitDescriptionsPreserveOriginalInputs(Object, Span`1)
   at System.Reflection.MethodBaseInvoker.InvokeWithFewArgs(Object obj, BindingFlags invokeAttr, Binder binder, Object[] parameters, CultureInfo culture)
----- Inner Stack Trace -----
   at System.Text.RegularExpressions.Symbolic.SymbolicRegexRunnerFactory..ctor(RegexTree regexTree, RegexOptions options, TimeSpan matchTimeout)
   at System.Text.RegularExpressions.Regex..ctor(String pattern, RegexOptions options, TimeSpan matchTimeout, CultureInfo culture)
   at CnetControlPlane.Learning.LearningTaskParser..cctor() in /home/marble/AI/CNET-worktrees/herdr-language-20260909/dotnet/CnetControlPlane/Learning/LearningTaskProposal.cs:line 18
  Failed CnetControlPlane.Tests.LearningCaseVocabularyTests.SharedCaseVocabularyAndExplicitDescriptionsPreserveOriginalInputs(text: "Downcase the character 'H'", operation: "lower", key: 72) [< 1 ms]
  Error Message:
   System.TypeInitializationException : The type initializer for 'CnetControlPlane.Learning.LearningTaskParser' threw an exception.
---- System.NotSupportedException : The specified pattern with RegexOptions.NonBacktracking could result in an automata as large as '1070' nodes, which is larger than the configured limit of '1000'.
  Stack Trace:
     at CnetControlPlane.Learning.LearningTaskParser.ProposeRequest(String text, InputBinding binding) in /home/marble/AI/CNET-worktrees/herdr-language-20260909/dotnet/CnetControlPlane/Learning/LearningTaskProposal.cs:line 322
   at CnetControlPlane.Learning.LearningTaskParser.Propose(String text) in /home/marble/AI/CNET-worktrees/herdr-language-20260909/dotnet/CnetControlPlane/Learning/LearningTaskProposal.cs:line 315
   at CnetControlPlane.Tests.LearningCaseVocabularyTests.SharedCaseVocabularyAndExplicitDescriptionsPreserveOriginalInputs(String text, String operation, Byte key) in /home/marble/AI/CNET-worktrees/herdr-language-20260909/dotnet/CnetControlPlane.Tests/LearningCaseVocabularyTests.cs:line 32
   at InvokeStub_LearningCaseVocabularyTests.SharedCaseVocabularyAndExplicitDescriptionsPreserveOriginalInputs(Object, Span`1)
   at System.Reflection.MethodBaseInvoker.InvokeWithFewArgs(Object obj, BindingFlags invokeAttr, Binder binder, Object[] parameters, CultureInfo culture)
----- Inner Stack Trace -----
   at System.Text.RegularExpressions.Symbolic.SymbolicRegexRunnerFactory..ctor(RegexTree regexTree, RegexOptions options, TimeSpan matchTimeout)
   at System.Text.RegularExpressions.Regex..ctor(String pattern, RegexOptions options, TimeSpan matchTimeout, CultureInfo culture)
   at CnetControlPlane.Learning.LearningTaskParser..cctor() in /home/marble/AI/CNET-worktrees/herdr-language-20260909/dotnet/CnetControlPlane/Learning/LearningTaskProposal.cs:line 18
  Failed CnetControlPlane.Tests.LearningCaseVocabularyTests.SharedCaseVocabularyAndExplicitDescriptionsPreserveOriginalInputs(text: "Map ' ' to uppercase.", operation: "upper", key: 32) [< 1 ms]
  Error Message:
   System.TypeInitializationException : The type initializer for 'CnetControlPlane.Learning.LearningTaskParser' threw an exception.
---- System.NotSupportedException : The specified pattern with RegexOptions.NonBacktracking could result in an automata as large as '1070' nodes, which is larger than the configured limit of '1000'.
  Stack Trace:
     at CnetControlPlane.Learning.LearningTaskParser.ProposeRequest(String text, InputBinding binding) in /home/marble/AI/CNET-worktrees/herdr-language-20260909/dotnet/CnetControlPlane/Learning/LearningTaskProposal.cs:line 322
   at CnetControlPlane.Learning.LearningTaskParser.Propose(String text) in /home/marble/AI/CNET-worktrees/herdr-language-20260909/dotnet/CnetControlPlane/Learning/LearningTaskProposal.cs:line 315
   at CnetControlPlane.Tests.LearningCaseVocabularyTests.SharedCaseVocabularyAndExplicitDescriptionsPreserveOriginalInputs(String text, String operation, Byte key) in /home/marble/AI/CNET-worktrees/herdr-language-20260909/dotnet/CnetControlPlane.Tests/LearningCaseVocabularyTests.cs:line 32
   at InvokeStub_LearningCaseVocabularyTests.SharedCaseVocabularyAndExplicitDescriptionsPreserveOriginalInputs(Object, Span`1)
   at System.Reflection.MethodBaseInvoker.InvokeWithFewArgs(Object obj, BindingFlags invokeAttr, Binder binder, Object[] parameters, CultureInfo culture)
----- Inner Stack Trace -----
   at System.Text.RegularExpressions.Symbolic.SymbolicRegexRunnerFactory..ctor(RegexTree regexTree, RegexOptions options, TimeSpan matchTimeout)
   at System.Text.RegularExpressions.Regex..ctor(String pattern, RegexOptions options, TimeSpan matchTimeout, CultureInfo culture)
   at CnetControlPlane.Learning.LearningTaskParser..cctor() in /home/marble/AI/CNET-worktrees/herdr-language-20260909/dotnet/CnetControlPlane/Learning/LearningTaskProposal.cs:line 18
  Failed CnetControlPlane.Tests.LearningCaseVocabularyTests.SharedCaseVocabularyAndExplicitDescriptionsPreserveOriginalInputs(text: "Apply uppercase mapping to ','.", operation: "upper", key: 44) [< 1 ms]
  Error Message:
   System.TypeInitializationException : The type initializer for 'CnetControlPlane.Learning.LearningTaskParser' threw an exception.
---- System.NotSupportedException : The specified pattern with RegexOptions.NonBacktracking could result in an automata as large as '1070' nodes, which is larger than the configured limit of '1000'.
  Stack Trace:
     at CnetControlPlane.Learning.LearningTaskParser.ProposeRequest(String text, InputBinding binding) in /home/marble/AI/CNET-worktrees/herdr-language-20260909/dotnet/CnetControlPlane/Learning/LearningTaskProposal.cs:line 322
   at CnetControlPlane.Learning.LearningTaskParser.Propose(String text) in /home/marble/AI/CNET-worktrees/herdr-language-20260909/dotnet/CnetControlPlane/Learning/LearningTaskProposal.cs:line 315
   at CnetControlPlane.Tests.LearningCaseVocabularyTests.SharedCaseVocabularyAndExplicitDescriptionsPreserveOriginalInputs(String text, String operation, Byte key) in /home/marble/AI/CNET-worktrees/herdr-language-20260909/dotnet/CnetControlPlane.Tests/LearningCaseVocabularyTests.cs:line 32
   at InvokeStub_LearningCaseVocabularyTests.SharedCaseVocabularyAndExplicitDescriptionsPreserveOriginalInputs(Object, Span`1)
   at System.Reflection.MethodBaseInvoker.InvokeWithFewArgs(Object obj, BindingFlags invokeAttr, Binder binder, Object[] parameters, CultureInfo culture)
----- Inner Stack Trace -----
   at System.Text.RegularExpressions.Symbolic.SymbolicRegexRunnerFactory..ctor(RegexTree regexTree, RegexOptions options, TimeSpan matchTimeout)
   at System.Text.RegularExpressions.Regex..ctor(String pattern, RegexOptions options, TimeSpan matchTimeout, CultureInfo culture)
   at CnetControlPlane.Learning.LearningTaskParser..cctor() in /home/marble/AI/CNET-worktrees/herdr-language-20260909/dotnet/CnetControlPlane/Learning/LearningTaskProposal.cs:line 18
  Failed CnetControlPlane.Tests.LearningCaseVocabularyTests.SharedCaseVocabularyAndExplicitDescriptionsPreserveOriginalInputs(text: "Give me a lowercase plus sign '+'.", operation: "lower", key: 43) [< 1 ms]
  Error Message:
   System.TypeInitializationException : The type initializer for 'CnetControlPlane.Learning.LearningTaskParser' threw an exception.
---- System.NotSupportedException : The specified pattern with RegexOptions.NonBacktracking could result in an automata as large as '1070' nodes, which is larger than the configured limit of '1000'.
  Stack Trace:
     at CnetControlPlane.Learning.LearningTaskParser.ProposeRequest(String text, InputBinding binding) in /home/marble/AI/CNET-worktrees/herdr-language-20260909/dotnet/CnetControlPlane/Learning/LearningTaskProposal.cs:line 322
   at CnetControlPlane.Learning.LearningTaskParser.Propose(String text) in /home/marble/AI/CNET-worktrees/herdr-language-20260909/dotnet/CnetControlPlane/Learning/LearningTaskProposal.cs:line 315
   at CnetControlPlane.Tests.LearningCaseVocabularyTests.SharedCaseVocabularyAndExplicitDescriptionsPreserveOriginalInputs(String text, String operation, Byte key) in /home/marble/AI/CNET-worktrees/herdr-language-20260909/dotnet/CnetControlPlane.Tests/LearningCaseVocabularyTests.cs:line 32
   at InvokeStub_LearningCaseVocabularyTests.SharedCaseVocabularyAndExplicitDescriptionsPreserveOriginalInputs(Object, Span`1)
   at System.Reflection.MethodBaseInvoker.InvokeWithFewArgs(Object obj, BindingFlags invokeAttr, Binder binder, Object[] parameters, CultureInfo culture)
----- Inner Stack Trace -----
   at System.Text.RegularExpressions.Symbolic.SymbolicRegexRunnerFactory..ctor(RegexTree regexTree, RegexOptions options, TimeSpan matchTimeout)
   at System.Text.RegularExpressions.Regex..ctor(String pattern, RegexOptions options, TimeSpan matchTimeout, CultureInfo culture)
   at CnetControlPlane.Learning.LearningTaskParser..cctor() in /home/marble/AI/CNET-worktrees/herdr-language-20260909/dotnet/CnetControlPlane/Learning/LearningTaskProposal.cs:line 18
  Failed CnetControlPlane.Tests.LearningCaseVocabularyTests.SharedCaseVocabularyAndExplicitDescriptionsPreserveOriginalInputs(text: "Apply lowercase to the quoted punctuation '!'", operation: "lower", key: 33) [< 1 ms]
  Error Message:
   System.TypeInitializationException : The type initializer for 'CnetControlPlane.Learning.LearningTaskParser' threw an exception.
---- System.NotSupportedException : The specified pattern with RegexOptions.NonBacktracking could result in an automata as large as '1070' nodes, which is larger than the configured limit of '1000'.
  Stack Trace:
     at CnetControlPlane.Learning.LearningTaskParser.ProposeRequest(String text, InputBinding binding) in /home/marble/AI/CNET-worktrees/herdr-language-20260909/dotnet/CnetControlPlane/Learning/LearningTaskProposal.cs:line 322
   at CnetControlPlane.Learning.LearningTaskParser.Propose(String text) in /home/marble/AI/CNET-worktrees/herdr-language-20260909/dotnet/CnetControlPlane/Learning/LearningTaskProposal.cs:line 315
   at CnetControlPlane.Tests.LearningCaseVocabularyTests.SharedCaseVocabularyAndExplicitDescriptionsPreserveOriginalInputs(String text, String operation, Byte key) in /home/marble/AI/CNET-worktrees/herdr-language-20260909/dotnet/CnetControlPlane.Tests/LearningCaseVocabularyTests.cs:line 32
   at InvokeStub_LearningCaseVocabularyTests.SharedCaseVocabularyAndExplicitDescriptionsPreserveOriginalInputs(Object, Span`1)
   at System.Reflection.MethodBaseInvoker.InvokeWithFewArgs(Object obj, BindingFlags invokeAttr, Binder binder, Object[] parameters, CultureInfo culture)
----- Inner Stack Trace -----
   at System.Text.RegularExpressions.Symbolic.SymbolicRegexRunnerFactory..ctor(RegexTree regexTree, RegexOptions options, TimeSpan matchTimeout)
   at System.Text.RegularExpressions.Regex..ctor(String pattern, RegexOptions options, TimeSpan matchTimeout, CultureInfo culture)
   at CnetControlPlane.Learning.LearningTaskParser..cctor() in /home/marble/AI/CNET-worktrees/herdr-language-20260909/dotnet/CnetControlPlane/Learning/LearningTaskProposal.cs:line 18
  Failed CnetControlPlane.Tests.LearningCaseVocabularyTests.SharedCaseVocabularyAndExplicitDescriptionsPreserveOriginalInputs(text: "Apply uppercase mapping to the quoted digit '7'", operation: "upper", key: 55) [< 1 ms]
  Error Message:
   System.TypeInitializationException : The type initializer for 'CnetControlPlane.Learning.LearningTaskParser' threw an exception.
---- System.NotSupportedException : The specified pattern with RegexOptions.NonBacktracking could result in an automata as large as '1070' nodes, which is larger than the configured limit of '1000'.
  Stack Trace:
     at CnetControlPlane.Learning.LearningTaskParser.ProposeRequest(String text, InputBinding binding) in /home/marble/AI/CNET-worktrees/herdr-language-20260909/dotnet/CnetControlPlane/Learning/LearningTaskProposal.cs:line 322
   at CnetControlPlane.Learning.LearningTaskParser.Propose(String text) in /home/marble/AI/CNET-worktrees/herdr-language-20260909/dotnet/CnetControlPlane/Learning/LearningTaskProposal.cs:line 315
   at CnetControlPlane.Tests.LearningCaseVocabularyTests.SharedCaseVocabularyAndExplicitDescriptionsPreserveOriginalInputs(String text, String operation, Byte key) in /home/marble/AI/CNET-worktrees/herdr-language-20260909/dotnet/CnetControlPlane.Tests/LearningCaseVocabularyTests.cs:line 32
   at InvokeStub_LearningCaseVocabularyTests.SharedCaseVocabularyAndExplicitDescriptionsPreserveOriginalInputs(Object, Span`1)
   at System.Reflection.MethodBaseInvoker.InvokeWithFewArgs(Object obj, BindingFlags invokeAttr, Binder binder, Object[] parameters, CultureInfo culture)
----- Inner Stack Trace -----
   at System.Text.RegularExpressions.Symbolic.SymbolicRegexRunnerFactory..ctor(RegexTree regexTree, RegexOptions options, TimeSpan matchTimeout)
   at System.Text.RegularExpressions.Regex..ctor(String pattern, RegexOptions options, TimeSpan matchTimeout, CultureInfo culture)
   at CnetControlPlane.Learning.LearningTaskParser..cctor() in /home/marble/AI/CNET-worktrees/herdr-language-20260909/dotnet/CnetControlPlane/Learning/LearningTaskProposal.cs:line 18
  Failed CnetControlPlane.Tests.LearningCaseVocabularyTests.SharedCaseVocabularyAndExplicitDescriptionsPreserveOriginalInputs(text: "Convert the space ' ' to lowercase.", operation: "lower", key: 32) [< 1 ms]
  Error Message:
   System.TypeInitializationException : The type initializer for 'CnetControlPlane.Learning.LearningTaskParser' threw an exception.
---- System.NotSupportedException : The specified pattern with RegexOptions.NonBacktracking could result in an automata as large as '1070' nodes, which is larger than the configured limit of '1000'.
  Stack Trace:
     at CnetControlPlane.Learning.LearningTaskParser.ProposeRequest(String text, InputBinding binding) in /home/marble/AI/CNET-worktrees/herdr-language-20260909/dotnet/CnetControlPlane/Learning/LearningTaskProposal.cs:line 322
   at CnetControlPlane.Learning.LearningTaskParser.Propose(String text) in /home/marble/AI/CNET-worktrees/herdr-language-20260909/dotnet/CnetControlPlane/Learning/LearningTaskProposal.cs:line 315
   at CnetControlPlane.Tests.LearningCaseVocabularyTests.SharedCaseVocabularyAndExplicitDescriptionsPreserveOriginalInputs(String text, String operation, Byte key) in /home/marble/AI/CNET-worktrees/herdr-language-20260909/dotnet/CnetControlPlane.Tests/LearningCaseVocabularyTests.cs:line 32
   at InvokeStub_LearningCaseVocabularyTests.SharedCaseVocabularyAndExplicitDescriptionsPreserveOriginalInputs(Object, Span`1)
   at System.Reflection.MethodBaseInvoker.InvokeWithFewArgs(Object obj, BindingFlags invokeAttr, Binder binder, Object[] parameters, CultureInfo culture)
----- Inner Stack Trace -----
   at System.Text.RegularExpressions.Symbolic.SymbolicRegexRunnerFactory..ctor(RegexTree regexTree, RegexOptions options, TimeSpan matchTimeout)
   at System.Text.RegularExpressions.Regex..ctor(String pattern, RegexOptions options, TimeSpan matchTimeout, CultureInfo culture)
   at CnetControlPlane.Learning.LearningTaskParser..cctor() in /home/marble/AI/CNET-worktrees/herdr-language-20260909/dotnet/CnetControlPlane/Learning/LearningTaskProposal.cs:line 18
[xUnit.net 00:00:00.38]     CnetControlPlane.Tests.LearningCaseVocabularyTests.SharedCaseVocabularyAndExplicitDescriptionsPreserveOriginalInputs(text: "The asterisk '*' should be uppercased.", operation: "upper", key: 42) [FAIL]
[xUnit.net 00:00:00.38]       System.TypeInitializationException : The type initializer for 'CnetControlPlane.Learning.LearningTaskParser' threw an exception.
[xUnit.net 00:00:00.38]       ---- System.NotSupportedException : The specified pattern with RegexOptions.NonBacktracking could result in an automata as large as '1070' nodes, which is larger than the configured limit of '1000'.
[xUnit.net 00:00:00.38]       Stack Trace:
[xUnit.net 00:00:00.38]         /home/marble/AI/CNET-worktrees/herdr-language-20260909/dotnet/CnetControlPlane/Learning/LearningTaskProposal.cs(322,0): at CnetControlPlane.Learning.LearningTaskParser.ProposeRequest(String text, InputBinding binding)
[xUnit.net 00:00:00.38]         /home/marble/AI/CNET-worktrees/herdr-language-20260909/dotnet/CnetControlPlane/Learning/LearningTaskProposal.cs(315,0): at CnetControlPlane.Learning.LearningTaskParser.Propose(String text)
[xUnit.net 00:00:00.38]         /home/marble/AI/CNET-worktrees/herdr-language-20260909/dotnet/CnetControlPlane.Tests/LearningCaseVocabularyTests.cs(32,0): at CnetControlPlane.Tests.LearningCaseVocabularyTests.SharedCaseVocabularyAndExplicitDescriptionsPreserveOriginalInputs(String text, String operation, Byte key)
[xUnit.net 00:00:00.38]            at InvokeStub_LearningCaseVocabularyTests.SharedCaseVocabularyAndExplicitDescriptionsPreserveOriginalInputs(Object, Span`1)
[xUnit.net 00:00:00.38]            at System.Reflection.MethodBaseInvoker.InvokeWithFewArgs(Object obj, BindingFlags invokeAttr, Binder binder, Object[] parameters, CultureInfo culture)
[xUnit.net 00:00:00.38]         ----- Inner Stack Trace -----
[xUnit.net 00:00:00.38]            at System.Text.RegularExpressions.Symbolic.SymbolicRegexRunnerFactory..ctor(RegexTree regexTree, RegexOptions options, TimeSpan matchTimeout)
[xUnit.net 00:00:00.38]            at System.Text.RegularExpressions.Regex..ctor(String pattern, RegexOptions options, TimeSpan matchTimeout, CultureInfo culture)
[xUnit.net 00:00:00.38]         /home/marble/AI/CNET-worktrees/herdr-language-20260909/dotnet/CnetControlPlane/Learning/LearningTaskProposal.cs(18,0): at CnetControlPlane.Learning.LearningTaskParser..cctor()
[xUnit.net 00:00:00.38]   Finished:    CnetControlPlane.Tests
  Failed CnetControlPlane.Tests.LearningCaseVocabularyTests.SharedCaseVocabularyAndExplicitDescriptionsPreserveOriginalInputs(text: "The asterisk '*' should be uppercased.", operation: "upper", key: 42) [< 1 ms]
  Error Message:
   System.TypeInitializationException : The type initializer for 'CnetControlPlane.Learning.LearningTaskParser' threw an exception.
---- System.NotSupportedException : The specified pattern with RegexOptions.NonBacktracking could result in an automata as large as '1070' nodes, which is larger than the configured limit of '1000'.
  Stack Trace:
     at CnetControlPlane.Learning.LearningTaskParser.ProposeRequest(String text, InputBinding binding) in /home/marble/AI/CNET-worktrees/herdr-language-20260909/dotnet/CnetControlPlane/Learning/LearningTaskProposal.cs:line 322
   at CnetControlPlane.Learning.LearningTaskParser.Propose(String text) in /home/marble/AI/CNET-worktrees/herdr-language-20260909/dotnet/CnetControlPlane/Learning/LearningTaskProposal.cs:line 315
   at CnetControlPlane.Tests.LearningCaseVocabularyTests.SharedCaseVocabularyAndExplicitDescriptionsPreserveOriginalInputs(String text, String operation, Byte key) in /home/marble/AI/CNET-worktrees/herdr-language-20260909/dotnet/CnetControlPlane.Tests/LearningCaseVocabularyTests.cs:line 32
   at InvokeStub_LearningCaseVocabularyTests.SharedCaseVocabularyAndExplicitDescriptionsPreserveOriginalInputs(Object, Span`1)
   at System.Reflection.MethodBaseInvoker.InvokeWithFewArgs(Object obj, BindingFlags invokeAttr, Binder binder, Object[] parameters, CultureInfo culture)
----- Inner Stack Trace -----
   at System.Text.RegularExpressions.Symbolic.SymbolicRegexRunnerFactory..ctor(RegexTree regexTree, RegexOptions options, TimeSpan matchTimeout)
   at System.Text.RegularExpressions.Regex..ctor(String pattern, RegexOptions options, TimeSpan matchTimeout, CultureInfo culture)
   at CnetControlPlane.Learning.LearningTaskParser..cctor() in /home/marble/AI/CNET-worktrees/herdr-language-20260909/dotnet/CnetControlPlane/Learning/LearningTaskProposal.cs:line 18

Test Run Failed.
Total tests: 37
     Failed: 37
 Total time: 0.5965 Seconds
