  CnetControlPlane -> /home/marble/AI/CNET-worktrees/herdr-language-20260909/.artifacts/herdr-task/bin/CnetControlPlane/debug/cnet-control.dll
  CnetControlPlane.Tests -> /home/marble/AI/CNET-worktrees/herdr-language-20260909/.artifacts/herdr-task/bin/CnetControlPlane.Tests/debug/CnetControlPlane.Tests.dll
Test run for /home/marble/AI/CNET-worktrees/herdr-language-20260909/.artifacts/herdr-task/bin/CnetControlPlane.Tests/debug/CnetControlPlane.Tests.dll (.NETCoreApp,Version=v8.0)
A total of 1 test files matched the specified pattern.
[xUnit.net 00:00:00.00] xUnit.net VSTest Adapter v2.8.2+699d445a1a (64-bit .NET 8.0.30)
[xUnit.net 00:00:00.05]   Discovering: CnetControlPlane.Tests
[xUnit.net 00:00:00.36]   Discovered:  CnetControlPlane.Tests
[xUnit.net 00:00:00.37]   Starting:    CnetControlPlane.Tests
CAPABILITY_PREREQ id=no_such_capability problem=no such manifest
CAPABILITY_EVALUATOR_PREREQ_FAIL reason=nothing_checked
  Passed CnetControlPlane.Tests.HermesTests.Probe_match_requires_clean_final_line [9 ms]
  Passed CnetControlPlane.Tests.LearningTaskParserTests.UnsupportedInputsNeverBecomeActions(text: "Uppercase the whole string \"hello\".") [11 ms]
  Passed CnetControlPlane.Tests.LearningTestRepositoryTests.FindsAncestorsFromEachExplicitOriginWithoutChangingProcessCwd(origin: "caller") [10 ms]
  Passed CnetControlPlane.Tests.LearningTestRepositoryTests.FindsAncestorsFromEachExplicitOriginWithoutChangingProcessCwd(origin: "base") [< 1 ms]
  Passed CnetControlPlane.Tests.LearningTestRepositoryTests.FindsAncestorsFromEachExplicitOriginWithoutChangingProcessCwd(origin: "cwd") [< 1 ms]
  Passed CnetControlPlane.Tests.LearningTaskRelationshipTests.RelationshipsAndDescriptionsKeepTypedRoles(text: "Put the two letters 'üa' into uppercase.", status: "abstain", operation: null, key: null) [15 ms]
  Passed CnetControlPlane.Tests.LearningTestRepositoryTests.CurrentCheckoutPrecedesBaseAndCallerFallbacks [1 ms]
  Passed CnetControlPlane.Tests.LearningTestRepositoryTests.RequiredArtifactsAreOnlyTheFixedNativeNames(name: "../cnetd") [17 ms]
  Passed CnetControlPlane.Tests.LearningTestRepositoryTests.RequiredArtifactsAreOnlyTheFixedNativeNames(name: "") [< 1 ms]
  Passed CnetControlPlane.Tests.LearningTestRepositoryTests.RequiredArtifactsAreOnlyTheFixedNativeNames(name: "unapproved_binary") [< 1 ms]
  Passed CnetControlPlane.Tests.LearningTestRepositoryTests.RequiredArtifactsAreOnlyTheFixedNativeNames(name: "/usr/bin/true") [< 1 ms]
  Passed CnetControlPlane.Tests.LearningTestRepositoryTests.MissingOriginsRefuseWithoutCreatingDirectories [< 1 ms]
  Passed CnetControlPlane.Tests.LearningTestRepositoryTests.MissingArtifactInSelectedCheckoutCannotBorrowFromAnotherCheckout [< 1 ms]
  Passed CnetControlPlane.Tests.LearningTestRepositoryTests.BinaryNamesAloneWithoutTheTestProjectMarkerAreNotACheckout [< 1 ms]
  Passed CnetControlPlane.Tests.LearningTestRepositoryTests.EmptyRequirementsCannotMistakeAnUnbuiltCheckoutForAReadyFixture [< 1 ms]
  Passed CnetControlPlane.Tests.FixtureCausalityCoreTests.Every_committed_capability_has_mutation_coverage_for_declared_fields [36 ms]
  Passed CnetControlPlane.Tests.FixtureCausalityCoreTests.Receipt_regex_matches_heldout_fixture_line [< 1 ms]
  Passed CnetControlPlane.Tests.EvaluatorPrereqTests.Unknown_capability_is_refused [38 ms]
  Passed CnetControlPlane.Tests.FixtureCausalityCoreTests.Missing_receipt_fails_closed [4 ms]
  Passed CnetControlPlane.Tests.HermesTests.Failed_campaign_cannot_produce_wrapper [28 ms]
  Passed CnetControlPlane.Tests.LearningLiveObservationTests.GlobalSuspendDeadlineCancelsAnAlreadyPendingExchange(pending: "ask") [40 ms]
  Passed CnetControlPlane.Tests.LearningChildTests.LargerSimultaneousPipesDoNotDeadlock [46 ms]
  Passed CnetControlPlane.Tests.LearningChildTests.NulArgumentRefusesBeforeLaunch [< 1 ms]
  Passed CnetControlPlane.Tests.LearningLiveObservationTests.GlobalSuspendDeadlineCancelsAnAlreadyPendingExchange(pending: "status") [2 ms]
  Passed CnetControlPlane.Tests.LearningChildTests.NonAllowlistedOrNonAbsoluteEnvironmentRefuses(key: "CNET_CAPSULE_DATA_ROOT", value: "relative") [< 1 ms]
  Passed CnetControlPlane.Tests.LearningChildTests.NonAllowlistedOrNonAbsoluteEnvironmentRefuses(key: "LD_PRELOAD", value: "/bad.so") [< 1 ms]
  Passed CnetControlPlane.Tests.LearningChildTests.NonAllowlistedOrNonAbsoluteEnvironmentRefuses(key: "PATH", value: "/bin") [< 1 ms]
  Passed CnetControlPlane.Tests.LearningChildTests.NonAllowlistedOrNonAbsoluteEnvironmentRefuses(key: "CNET_CAPSULE_DATA_ROOT", value: "/bad\0value") [< 1 ms]
  Passed CnetControlPlane.Tests.EvaluatorPrereqTests.Fresh_binary_is_accepted [14 ms]
  Passed CnetControlPlane.Tests.CapabilityCertRunnerTests.Fixture_path_cannot_escape_repository [56 ms]
  Passed CnetControlPlane.Tests.SqliteProviderTests.Loaded_native_library_supports_activation_json_queries [53 ms]
  Passed CnetControlPlane.Tests.EvaluatorPrereqTests.Committed_manifests_satisfy_the_rule [< 1 ms]
  Passed CnetControlPlane.Tests.HermesTests.Commands_pin_cpu_and_custom_provider [12 ms]
  Passed CnetControlPlane.Tests.EvaluatorPrereqTests.Empty_prepare_argv_is_refused [< 1 ms]
  Passed CnetControlPlane.Tests.LearningChildParentLifetimeTests.ParentDeathGuardSurvivesTheInvokingManagedThreadEnding [53 ms]
  Passed CnetControlPlane.Tests.EvaluatorPrereqTests.Make_evaluator_needs_no_prepare [< 1 ms]
  Passed CnetControlPlane.Tests.CapabilityCertRunnerTests.Looks_terminal_matches_verdict_shape(marker: "CAP_X_PASS", expected: True) [1 ms]
  Passed CnetControlPlane.Tests.LearningChildTests.BootIdentityChangeAndBackwardsClockRefuse(changeBoot: True) [5 ms]
  Passed CnetControlPlane.Tests.SqliteProviderTests.Loaded_native_library_meets_security_floor [2 ms]
  Passed CnetControlPlane.Tests.CapabilityCertRunnerTests.Looks_terminal_matches_verdict_shape(marker: "semantic=2", expected: False) [< 1 ms]
  Passed CnetControlPlane.Tests.CapabilityCertRunnerTests.Looks_terminal_matches_verdict_shape(marker: "acc_on=", expected: False) [< 1 ms]
  Passed CnetControlPlane.Tests.CapabilityCertRunnerTests.Looks_terminal_matches_verdict_shape(marker: "CAP_X_WITHHELD", expected: True) [< 1 ms]
  Passed CnetControlPlane.Tests.HermesTests.Manifest_selects_only_admitted_or_fallback_artifact [2 ms]
  Passed CnetControlPlane.Tests.CapabilityCertRunnerTests.Looks_terminal_matches_verdict_shape(marker: "CAP_X_FAIL", expected: True) [< 1 ms]
  Passed CnetControlPlane.Tests.RealModelAcceptanceTests.Structural_mismatch_quarantines_candidate [1 ms]
  Passed CnetControlPlane.Tests.RealModelAcceptanceTests.Quantization_diagnosis_flags_full_model_ternarization [< 1 ms]
  Passed CnetControlPlane.Tests.LearningChildParentLifetimeTests.ArgumentsEnvironmentAndInitialClockAreCapturedBeforeThreadHandoff [3 ms]
  Passed CnetControlPlane.Tests.CapabilityCertRunnerTests.Exact_marker_line_is_accepted [1 ms]
  Passed CnetControlPlane.Tests.LearningChildTests.BootIdentityChangeAndBackwardsClockRefuse(changeBoot: False) [2 ms]
  Passed CnetControlPlane.Tests.LearningControlClientTests.NativeTransportAndParseFailuresAreUnknownWithoutRetryOrDiagnosticLeak(kind: "empty") [61 ms]
  Passed CnetControlPlane.Tests.LearningChildTests.AlreadyCancelledDoesNotLaunch [1 ms]
  Passed CnetControlPlane.Tests.CapabilityCertRunnerTests.Missing_evaluator_source_is_an_error [1 ms]
  Passed CnetControlPlane.Tests.LearningAskClientTests.SymbolRequestUsesExactTokenAndWire(id: "a", token: "0") [18 ms]
  Passed CnetControlPlane.Tests.CapabilityCertRunnerTests.Two_fixture_receipts_are_refused [2 ms]
  Passed CnetControlPlane.Tests.HermesTests.Manifest_validation_is_hash_and_cpu_fail_closed [5 ms]
  Passed CnetControlPlane.Tests.LearningAskClientTests.SymbolRequestUsesExactTokenAndWire(id: "stock_labels", token: "A_z.0:-") [1 ms]
  Passed CnetControlPlane.Tests.LearningChildTests.OutputOverflowRefusesWithAFixedCode [2 ms]
  Passed CnetControlPlane.Tests.HermesTests.Hash_mismatch_is_rejected [< 1 ms]
  Passed CnetControlPlane.Tests.LearningAskClientTests.SymbolRequestUsesExactTokenAndWire(id: "a123456789012345678901234567890", token: "ABCDEFGHIJKLMNOPQRSTUVWXYZabcdefghijklmnopqrstuv") [< 1 ms]
  Passed CnetControlPlane.Tests.EvaluatorPrereqTests.Dotnet_prepare_is_pinned_to_an_empty_local_source [8 ms]
  Passed CnetControlPlane.Tests.EvaluatorPrereqTests.Make_prepare_gets_no_nuget_flags [< 1 ms]
  Passed CnetControlPlane.Tests.LearningChildTests.ExactCapOnBothPipesIsAccepted [1 ms]
  Passed CnetControlPlane.Tests.LearningAskClientTests.MalformedOrInconsistentSymbolReplyCannotBecomeObservation(frame: [123, 34, 111, 107, 34, ···]) [1 ms]
  Passed CnetControlPlane.Tests.EvaluatorPrereqTests.Prepare_that_produces_nothing_is_refused [2 ms]
  Passed CnetControlPlane.Tests.LearningAskClientTests.MalformedOrInconsistentSymbolReplyCannotBecomeObservation(frame: [123, 34, 111, 107, 34, ···]) [1 ms]
  Passed CnetControlPlane.Tests.LearningAskClientTests.MalformedOrInconsistentSymbolReplyCannotBecomeObservation(frame: [123, 34, 111, 107, 34, ···]) [1 ms]
  Passed CnetControlPlane.Tests.EvaluatorPrereqTests.Stale_binary_is_refused [2 ms]
  Passed CnetControlPlane.Tests.EvaluatorPrereqTests.Prepare_without_a_declared_binary_is_refused [< 1 ms]
  Passed CnetControlPlane.Tests.EvaluatorPrereqTests.Non_building_evaluator_without_prepare_is_refused [< 1 ms]
  Passed CnetControlPlane.Tests.LearningAskClientTests.MalformedOrInconsistentSymbolReplyCannotBecomeObservation(frame: [123, 125, 10]) [1 ms]
  Passed CnetControlPlane.Tests.LearningControlClientTests.NativeTransportAndParseFailuresAreUnknownWithoutRetryOrDiagnosticLeak(kind: "malformed_err") [10 ms]
  Passed CnetControlPlane.Tests.LearningLiveObservationTests.WrongExtraAndMissingAnswersNeverPassAndZeroIsNotAbstention(fault: "missing", wrong: 0, missing: 1) [22 ms]
  Passed CnetControlPlane.Tests.EvaluatorPrereqTests.Prepare_that_fails_is_refused [4 ms]
  Passed CnetControlPlane.Tests.RealModelAcceptanceTests.Top_logprob_entropy_is_normalized [15 ms]
  Passed CnetControlPlane.Tests.EvaluatorPrereqTests.Shell_prepare_is_refused [< 1 ms]
  Passed CnetControlPlane.Tests.RealModelAcceptanceTests.Gguf_and_qgkp_magic_are_enforced [1 ms]
  Passed CnetControlPlane.Tests.RealModelAcceptanceTests.Candidate_can_be_admitted_without_regression [< 1 ms]
  Passed CnetControlPlane.Tests.LearningLiveObservationTests.WrongExtraAndMissingAnswersNeverPassAndZeroIsNotAbstention(fault: "zero", wrong: 0, missing: 0) [3 ms]
  Passed CnetControlPlane.Tests.NativeControlProtocolTests.SuccessAndDurabilityAreIndependent(disposition: "ERR", durable: "0", reason: "refused", ok: False, expectedDurable: False, expectedReason: Refused) [1 ms]
  Passed CnetControlPlane.Tests.NativeControlProtocolTests.SuccessAndDurabilityAreIndependent(disposition: "ERR", durable: "0", reason: "durability_uncertain", ok: False, expectedDurable: False, expectedReason: DurabilityUncertain) [< 1 ms]
  Passed CnetControlPlane.Tests.NativeControlProtocolTests.SuccessAndDurabilityAreIndependent(disposition: "ERR", durable: "1", reason: "refused", ok: False, expectedDurable: True, expectedReason: Refused) [< 1 ms]
  Passed CnetControlPlane.Tests.NativeControlProtocolTests.SuccessAndDurabilityAreIndependent(disposition: "OK", durable: "0", reason: "ok", ok: True, expectedDurable: False, expectedReason: Ok) [< 1 ms]
  Passed CnetControlPlane.Tests.NativeControlProtocolTests.InconsistentFieldsCannotTurnUncertaintyIntoSuccess(disposition: "ERR", durable: "1", reason: "durability_uncertain") [< 1 ms]
  Passed CnetControlPlane.Tests.NativeControlProtocolTests.InconsistentFieldsCannotTurnUncertaintyIntoSuccess(disposition: "ERR", durable: "1", reason: "ok") [< 1 ms]
  Passed CnetControlPlane.Tests.NativeControlProtocolTests.InconsistentFieldsCannotTurnUncertaintyIntoSuccess(disposition: "ERR", durable: "0", reason: "ok") [< 1 ms]
  Passed CnetControlPlane.Tests.NativeControlProtocolTests.InconsistentFieldsCannotTurnUncertaintyIntoSuccess(disposition: "OK", durable: "1", reason: "refused") [< 1 ms]
  Passed CnetControlPlane.Tests.NativeControlProtocolTests.InconsistentFieldsCannotTurnUncertaintyIntoSuccess(disposition: "OK", durable: "0", reason: "refused") [< 1 ms]
  Passed CnetControlPlane.Tests.NativeControlProtocolTests.InconsistentFieldsCannotTurnUncertaintyIntoSuccess(disposition: "OK", durable: "0", reason: "durability_uncertain") [< 1 ms]
  Passed CnetControlPlane.Tests.LearningLiveObservationTests.WrongExtraAndMissingAnswersNeverPassAndZeroIsNotAbstention(fault: "extra", wrong: 1, missing: 0) [8 ms]
  Passed CnetControlPlane.Tests.NativeControlProtocolTests.FormatterCannotInjectCommandsOrPaths(identifier: "x\nSTATUS") [8 ms]
  Passed CnetControlPlane.Tests.NativeControlProtocolTests.FormatterCannotInjectCommandsOrPaths(identifier: "Å") [< 1 ms]
  Passed CnetControlPlane.Tests.NativeControlProtocolTests.FormatterCannotInjectCommandsOrPaths(identifier: "set.name") [< 1 ms]
  Passed CnetControlPlane.Tests.NativeControlProtocolTests.FormatterCannotInjectCommandsOrPaths(identifier: "../set") [< 1 ms]
  Passed CnetControlPlane.Tests.NativeControlProtocolTests.FormatterCannotInjectCommandsOrPaths(identifier: "x\0") [< 1 ms]
  Passed CnetControlPlane.Tests.NativeControlProtocolTests.FormatterCannotInjectCommandsOrPaths(identifier: "two words") [< 1 ms]
  Passed CnetControlPlane.Tests.NativeControlProtocolTests.FormatterCannotInjectCommandsOrPaths(identifier: "") [< 1 ms]
  Passed CnetControlPlane.Tests.NativeControlProtocolTests.StatusRevisionsAreCanonicalUnsigned64(revision: "01") [< 1 ms]
  Passed CnetControlPlane.Tests.NativeControlProtocolTests.StatusRevisionsAreCanonicalUnsigned64(revision: "1e2") [< 1 ms]
  Passed CnetControlPlane.Tests.NativeControlProtocolTests.StatusRevisionsAreCanonicalUnsigned64(revision: "-1") [< 1 ms]
  Passed CnetControlPlane.Tests.NativeControlProtocolTests.StatusRevisionsAreCanonicalUnsigned64(revision: "1.0") [< 1 ms]
  Passed CnetControlPlane.Tests.NativeControlProtocolTests.StatusRevisionsAreCanonicalUnsigned64(revision: "") [< 1 ms]
  Passed CnetControlPlane.Tests.NativeControlProtocolTests.StatusRevisionsAreCanonicalUnsigned64(revision: "999999999999999999999999999999999999999") [< 1 ms]
  Passed CnetControlPlane.Tests.NativeControlProtocolTests.StatusRevisionsAreCanonicalUnsigned64(revision: "+1") [< 1 ms]
  Passed CnetControlPlane.Tests.NativeControlProtocolTests.StatusRevisionsAreCanonicalUnsigned64(revision: "0") [< 1 ms]
  Passed CnetControlPlane.Tests.NativeControlProtocolTests.StatusRevisionsAreCanonicalUnsigned64(revision: "18446744073709551616") [< 1 ms]
  Passed CnetControlPlane.Tests.CapabilityCertRunnerTests.Metric_regex_matching_once_is_accepted [24 ms]
  Passed CnetControlPlane.Tests.NativeControlProtocolTests.FormatterRejectsInvalidDigestsAndIdentifierSizes [1 ms]
  Passed CnetControlPlane.Tests.CapabilityCertRunnerTests.Evaluator_that_does_not_build_itself_must_declare_prepare [12 ms]
  Passed CnetControlPlane.Tests.LearningLiveObservationTests.WrongExtraAndMissingAnswersNeverPassAndZeroIsNotAbstention(fault: "wrong", wrong: 1, missing: 0) [16 ms]
  Passed CnetControlPlane.Tests.NativeControlProtocolTests.FormatterPreservesUint64AndIncrementBoundaries [12 ms]
  Passed CnetControlPlane.Tests.LearningAskClientTests.MalformedOrInconsistentSymbolReplyCannotBecomeObservation(frame: [123, 34, 118, 101, 114, ···]) [29 ms]
  Passed CnetControlPlane.Tests.CapabilityCertRunnerTests.Empty_evaluator_sources_are_rejected [< 1 ms]
  Passed CnetControlPlane.Tests.NativeControlProtocolTests.OptionalIdentitiesAreNullOrFullLowercaseHex [< 1 ms]
  Passed CnetControlPlane.Tests.RealModelAcceptanceTests.Gguf_inspection_reports_embedded_quantization_not_filename [26 ms]
  Passed CnetControlPlane.Tests.NativeControlProtocolTests.SizeIsRejectedBeforeAsciiDecoding [< 1 ms]
  Passed CnetControlPlane.Tests.LearningRunLedgerTests.OnlyFixedTickAndStopCodesAreAcceptedBeforeAnyMutation(code: "unregistered_code") [102 ms]
  Passed CnetControlPlane.Tests.LearningAskClientTests.MalformedOrInconsistentSymbolReplyCannotBecomeObservation(frame: [123, 34, 111, 107, 34, ···]) [1 ms]
  Passed CnetControlPlane.Tests.SpecialIndexBindingTests.Assume_unchanged_mutation_changes_special_index_digest [42 ms]
  Passed CnetControlPlane.Tests.NativeControlProtocolTests.SuccessfulStatusHasExactTypedFields [3 ms]
  Passed CnetControlPlane.Tests.LearningLiveObservationTests.ClockIsCheckedAfterFinalSourceReadAndPreCancellationPreventsWork [5 ms]
  Passed CnetControlPlane.Tests.NativeControlProtocolTests.OnlyExplicitFixedCommandShapesAreFormatted [< 1 ms]
  Passed CnetControlPlane.Tests.LearningAskClientTests.MalformedOrInconsistentSymbolReplyCannotBecomeObservation(frame: [123, 34, 111, 107, 34, ···]) [3 ms]
  Passed CnetControlPlane.Tests.NativeControlProtocolTests.FramingIsSingleExactAsciiLineWithNoUnknownOrReorderedFields [< 1 ms]
  Passed CnetControlPlane.Tests.LearningAskClientTests.MalformedOrInconsistentSymbolReplyCannotBecomeObservation(frame: [123, 34, 111, 107, 34, ···]) [1 ms]
  Passed CnetControlPlane.Tests.CapabilityCertRunnerTests.Receipt_for_another_fixture_is_refused [7 ms]
  Passed CnetControlPlane.Tests.CapabilityCertRunnerTests.Substring_predicate_does_not_certify [< 1 ms]
  Passed CnetControlPlane.Tests.LearningAskClientTests.MalformedOrInconsistentSymbolReplyCannotBecomeObservation(frame: [123, 34, 111, 107, 34, ···]) [< 1 ms]
  Passed CnetControlPlane.Tests.LearningLiveObservationTests.CallerCancellationDuringObservationNeverYieldsAReceipt(pending: "final_source") [3 ms]
  Passed CnetControlPlane.Tests.LearningLiveObservationTests.CallerCancellationDuringObservationNeverYieldsAReceipt(pending: "ask") [< 1 ms]
  Passed CnetControlPlane.Tests.CapabilityCertRunnerTests.Unconsumed_case_is_refused [< 1 ms]
  Passed CnetControlPlane.Tests.LearningAskClientTests.MalformedOrInconsistentSymbolReplyCannotBecomeObservation(frame: [123, 34, 111, 107, 34, ···]) [< 1 ms]
  Passed CnetControlPlane.Tests.LearningLiveObservationTests.InvalidInitialClockRefusesBeforeSourceOrTransport(boot: "boot", time: -1) [< 1 ms]
  Passed CnetControlPlane.Tests.CapabilityCertRunnerTests.Metric_regex_matching_twice_is_refused [< 1 ms]
  Passed CnetControlPlane.Tests.LearningLiveObservationTests.InvalidInitialClockRefusesBeforeSourceOrTransport(boot: "", time: 100) [< 1 ms]
  Passed CnetControlPlane.Tests.CapabilityCertRunnerTests.Receipt_accepts_a_fully_consumed_fixture [< 1 ms]
  Passed CnetControlPlane.Tests.LearningRuntimeLedgerTests.DifferentValidRuntimeDurablyPausesInsteadOfReplacingIdentity [111 ms]
  Passed CnetControlPlane.Tests.LearningControlClientTests.NativeTransportAndParseFailuresAreUnknownWithoutRetryOrDiagnosticLeak(kind: "garbage") [40 ms]
  Passed CnetControlPlane.Tests.LearningLiveObservationTests.UnhealthyNativeStateRefusesBeforeSendingProbes(fault: "uncertain") [1 ms]
  Passed CnetControlPlane.Tests.LearningAskClientTests.MalformedOrInconsistentSymbolReplyCannotBecomeObservation(frame: [123, 34, 100, 105, 97, ···]) [1 ms]
  Passed CnetControlPlane.Tests.LearningLiveObservationTests.UnhealthyNativeStateRefusesBeforeSendingProbes(fault: "empty") [< 1 ms]
  Passed CnetControlPlane.Tests.LearningLiveObservationTests.UnhealthyNativeStateRefusesBeforeSendingProbes(fault: "refused") [< 1 ms]
  Passed CnetControlPlane.Tests.LearningLiveObservationTests.UnhealthyNativeStateRefusesBeforeSendingProbes(fault: "staged") [< 1 ms]
  Passed CnetControlPlane.Tests.LearningAskClientTests.MalformedOrInconsistentSymbolReplyCannotBecomeObservation(frame: [91, 93, 10]) [< 1 ms]
  Passed CnetControlPlane.Tests.LearningStorageConcurrencyTests.MeasurementDoesNotReadClockOrRewriteEpochAndKeepsExactLimits [115 ms]
  Passed CnetControlPlane.Tests.CapabilityCertRunnerTests.Allowlisted_knobs_keep_their_values [1 ms]
  Passed CnetControlPlane.Tests.LearningRunLedgerTests.OnlyFixedTickAndStopCodesAreAcceptedBeforeAnyMutation(code: "idle\nsource contents") [15 ms]
  Passed CnetControlPlane.Tests.CapabilityCertRunnerTests.Conflicting_terminal_verdict_is_refused [5 ms]
  Passed CnetControlPlane.Tests.LearningAskClientTests.MalformedOrInconsistentSymbolReplyCannotBecomeObservation(frame: [123, 34, 111, 107, 34, ···]) [5 ms]
  Passed CnetControlPlane.Tests.CapabilityCertRunnerTests.Regex_metric_source_requires_a_regex [< 1 ms]
  Passed CnetControlPlane.Tests.LearningLiveObservationTests.MidSweepIdentityAndClockChangesCannotYieldSuccess(change: "active") [6 ms]
  Passed CnetControlPlane.Tests.RealModelAcceptanceTests.Distribution_metrics_and_recovery_curve_use_real_token_ids [17 ms]
  Passed CnetControlPlane.Tests.RealModelAcceptanceTests.Candidate_is_quarantined_on_quality_regression [< 1 ms]
  Passed CnetControlPlane.Tests.CapabilityCertRunnerTests.Secret_env_values_never_reach_the_report [1 ms]
  Passed CnetControlPlane.Tests.LearningLiveObservationTests.MidSweepIdentityAndClockChangesCannotYieldSuccess(change: "durability") [1 ms]
  Passed CnetControlPlane.Tests.CapabilityCertRunnerTests.Absent_receipt_is_refused [< 1 ms]
  Passed CnetControlPlane.Tests.ActivateTests.Persistent_quality_regression_is_archived [124 ms]
  Passed CnetControlPlane.Tests.CapabilityCertRunnerTests.Receipt_metric_without_a_receipt_is_an_error [< 1 ms]
  Passed CnetControlPlane.Tests.SpecialIndexBindingTests.Symlink_is_bound_by_identity_not_target_bytes [25 ms]
  Passed CnetControlPlane.Tests.LearningAskClientTests.MalformedOrInconsistentSymbolReplyCannotBecomeObservation(frame: [123, 34, 111, 107, 34, ···]) [12 ms]
  Passed CnetControlPlane.Tests.LearningRuntimeLedgerTests.ChangedFilesCannotBeBoundThroughAnOldAttestationObject [20 ms]
  Passed CnetControlPlane.Tests.LearningLiveObservationTests.MidSweepIdentityAndClockChangesCannotYieldSuccess(change: "revision") [11 ms]
  Passed CnetControlPlane.Tests.CapabilityCertRunnerTests.Duplicate_case_ids_are_rejected [11 ms]
  Passed CnetControlPlane.Tests.LearningAskClientTests.MalformedOrInconsistentSymbolReplyCannotBecomeObservation(frame: [123, 34, 111, 107, 34, ···]) [1 ms]
  Passed CnetControlPlane.Tests.LearningLiveObservationTests.MidSweepIdentityAndClockChangesCannotYieldSuccess(change: "backwards") [< 1 ms]
  Passed CnetControlPlane.Tests.CapabilityCertRunnerTests.Receipt_metric_source_forbids_a_second_number [< 1 ms]
  Passed CnetControlPlane.Tests.LearningLiveObservationTests.MidSweepIdentityAndClockChangesCannotYieldSuccess(change: "suspend") [< 1 ms]
  Passed CnetControlPlane.Tests.LearningAskClientTests.MalformedOrInconsistentSymbolReplyCannotBecomeObservation(frame: [123, 34, 111, 107, 34, ···]) [< 1 ms]
  Passed CnetControlPlane.Tests.CapabilityCertRunnerTests.Valid_manifest_is_accepted [< 1 ms]
  Passed CnetControlPlane.Tests.LearningControlClientTests.NativeTransportAndParseFailuresAreUnknownWithoutRetryOrDiagnosticLeak(kind: "extra_line") [23 ms]
  Passed CnetControlPlane.Tests.LearningRunLedgerTests.OnlyFixedTickAndStopCodesAreAcceptedBeforeAnyMutation(code: "") [16 ms]
  Passed CnetControlPlane.Tests.CapabilityCertRunnerTests.Source_set_digest_changes_with_content [< 1 ms]
  Passed CnetControlPlane.Tests.LearningLiveObservationTests.MidSweepIdentityAndClockChangesCannotYieldSuccess(change: "reboot") [< 1 ms]
  Passed CnetControlPlane.Tests.LearningAskClientTests.MalformedOrInconsistentSymbolReplyCannotBecomeObservation(frame: [123, 34, 100, 105, 97, ···]) [1 ms]
  Passed CnetControlPlane.Tests.CapabilityCertRunnerTests.Metric_comes_from_the_receipt_not_a_default [< 1 ms]
  Passed CnetControlPlane.Tests.CapabilityCertRunnerTests.Shell_evaluator_is_rejected [< 1 ms]
  Passed CnetControlPlane.Tests.LearningLiveObservationTests.MidSweepIdentityAndClockChangesCannotYieldSuccess(change: "source") [1 ms]
  Passed CnetControlPlane.Tests.CapabilityCertRunnerTests.Declared_prepare_makes_dotnet_evaluator_acceptable [< 1 ms]
  Passed CnetControlPlane.Tests.LearningAskClientTests.MalformedOrInconsistentSymbolReplyCannotBecomeObservation(frame: [123, 34, 111, 107, 34, ···]) [1 ms]
  Passed CnetControlPlane.Tests.CapabilityCertRunnerTests.Metric_source_must_be_declared [< 1 ms]
  Passed CnetControlPlane.Tests.LearningLiveObservationTests.MidSweepIdentityAndClockChangesCannotYieldSuccess(change: "staged") [1 ms]
  Passed CnetControlPlane.Tests.LearningAskClientTests.MalformedOrInconsistentSymbolReplyCannotBecomeObservation(frame: [123, 34, 111, 107, 34, ···]) [1 ms]
  Passed CnetControlPlane.Tests.CapabilityCertRunnerTests.Case_without_stable_id_is_rejected [1 ms]
  Passed CnetControlPlane.Tests.CapabilityCertRunnerTests.Duplicate_marker_lines_are_refused [< 1 ms]
  Passed CnetControlPlane.Tests.LearningAskClientTests.MalformedOrInconsistentSymbolReplyCannotBecomeObservation(frame: [123, 34, 111, 107, 34, ···]) [1 ms]
  Passed CnetControlPlane.Tests.CapabilityCertRunnerTests.Shell_prepare_is_rejected [< 1 ms]
  Passed CnetControlPlane.Tests.IngestTests.Failed_followup_insert_rolls_back_the_entire_ingestion [33 ms]
  Passed CnetControlPlane.Tests.LearningAskClientTests.MalformedOrInconsistentSymbolReplyCannotBecomeObservation(frame: [123, 34, 111, 107, 34, ···]) [1 ms]
  Passed CnetControlPlane.Tests.LearningAskClientTests.MalformedOrInconsistentSymbolReplyCannotBecomeObservation(frame: [123, 34, 111, 107, 34, ···]) [< 1 ms]
  Passed CnetControlPlane.Tests.ActivateTests.Selects_only_actionable_cnet_rows [21 ms]
  Passed CnetControlPlane.Tests.LearningRuntimeLedgerTests.FirstRuntimeCannotBeInventedAfterUnpinnedWorkWasReserved [11 ms]
  Passed CnetControlPlane.Tests.LearningLedgerIntegrityTests.OpenRefusesAccountingDamageNotDetectedByForeignKeys(damage: "UPDATE promotion_charges SET ns=99999999999") [144 ms]
  Passed CnetControlPlane.Tests.LearningAskClientTests.MalformedOrInconsistentSymbolReplyCannotBecomeObservation(frame: [123, 34, 111, 107, 34, ···]) [1 ms]
  Passed CnetControlPlane.Tests.LearningControlClientTests.NativeTransportAndParseFailuresAreUnknownWithoutRetryOrDiagnosticLeak(kind: "oversized") [9 ms]
  Passed CnetControlPlane.Tests.LearningAskClientTests.MalformedOrInconsistentSymbolReplyCannotBecomeObservation(frame: [123, 34, 111, 107, 34, ···]) [1 ms]
  Passed CnetControlPlane.Tests.LearningAskClientTests.MalformedOrInconsistentSymbolReplyCannotBecomeObservation(frame: [123, 34, 111, 107, 34, ···]) [13 ms]
  Passed CnetControlPlane.Tests.LearningAskClientTests.MalformedOrInconsistentSymbolReplyCannotBecomeObservation(frame: [123, 34, 111, 107, 34, ···]) [< 1 ms]
  Passed CnetControlPlane.Tests.IngestTests.Reingest_is_deduplicated_by_stable_hash [20 ms]
  Passed CnetControlPlane.Tests.LearningRunLedgerTests.BadClockIncludingOpenPersistsFailureBeforeRefusingWithoutAdvancingEpoch(restart: True, damage: "boot") [26 ms]
  Passed CnetControlPlane.Tests.LearningAskClientTests.MalformedOrInconsistentSymbolReplyCannotBecomeObservation(frame: [123, 34, 111, 107, 34, ···]) [< 1 ms]
  Passed CnetControlPlane.Tests.LearningAskClientTests.MalformedOrInconsistentSymbolReplyCannotBecomeObservation(frame: [123, 47, 42, 99, 111, ···]) [< 1 ms]
  Passed CnetControlPlane.Tests.LearningAskClientTests.MalformedOrInconsistentSymbolReplyCannotBecomeObservation(frame: [120, 120, 120, 120, 120, ···]) [< 1 ms]
  Passed CnetControlPlane.Tests.LearningAskClientTests.MalformedOrInconsistentSymbolReplyCannotBecomeObservation(frame: [123, 34, 111, 107, 34, ···]) [1 ms]
  Passed CnetControlPlane.Tests.ActivateTests.Policy_weakening_is_archived_not_accepted [22 ms]
  Passed CnetControlPlane.Tests.LearningControlClientTests.ValidUnexpectedReplyIsReturnedForLedgerReconciliation [20 ms]
  Passed CnetControlPlane.Tests.LearningAskClientTests.MalformedOrInconsistentSymbolReplyCannotBecomeObservation(frame: [123, 34, 111, 107, 34, ···]) [1 ms]
  Passed CnetControlPlane.Tests.LearningAskClientTests.MalformedOrInconsistentSymbolReplyCannotBecomeObservation(frame: []) [< 1 ms]
  Passed CnetControlPlane.Tests.IngestTests.Admitted_candidate_does_not_schedule_repair [6 ms]
  Passed CnetControlPlane.Tests.LearningAskClientTests.MalformedOrInconsistentSymbolReplyCannotBecomeObservation(frame: [123, 34, 111, 107, 34, ···]) [1 ms]
  Passed CnetControlPlane.Tests.LearningRuntimeLedgerTests.ExactVerifiedRuntimeIdentitySurvivesRestart [25 ms]
  Passed CnetControlPlane.Tests.LearningControlClientTests.InvalidMutationTransformsNeverLaunch(kind: "rollback") [4 ms]
  Passed CnetControlPlane.Tests.LearningAskClientTests.MalformedOrInconsistentSymbolReplyCannotBecomeObservation(frame: [123, 34, 100, 105, 97, ···]) [< 1 ms]
  Passed CnetControlPlane.Tests.LearningAskClientTests.MalformedOrInconsistentSymbolReplyCannotBecomeObservation(frame: [123, 34, 111, 107, 34, ···]) [< 1 ms]
  Passed CnetControlPlane.Tests.LearningAskClientTests.MalformedOrInconsistentSymbolReplyCannotBecomeObservation(frame: [123, 34, 111, 107, 34, ···]) [< 1 ms]
  Passed CnetControlPlane.Tests.LearningExperienceTests.SourceDriftPersistsConflictAndPause(change: "corruption") [32 ms]
  Passed CnetControlPlane.Tests.IngestTests.Import_preserves_implemented_status_and_creates_evidence_followup [28 ms]
  Passed CnetControlPlane.Tests.LearningAskClientTests.MalformedOrInconsistentSymbolReplyCannotBecomeObservation(frame: [255, 10]) [25 ms]
  Passed CnetControlPlane.Tests.LearningControlClientTests.InvalidMutationTransformsNeverLaunch(kind: "discard") [27 ms]
  Passed CnetControlPlane.Tests.LearningRunLedgerTests.BadClockIncludingOpenPersistsFailureBeforeRefusingWithoutAdvancingEpoch(restart: False, damage: "rollback") [36 ms]
  Passed CnetControlPlane.Tests.LearningAskClientTests.MalformedOrInconsistentSymbolReplyCannotBecomeObservation(frame: [123, 34, 111, 107, 34, ···]) [1 ms]
  Passed CnetControlPlane.Tests.LearningAskClientTests.MalformedOrInconsistentSymbolReplyCannotBecomeObservation(frame: [123, 34, 111, 107, 34, ···]) [1 ms]
  Passed CnetControlPlane.Tests.LearningAcquisitionTests.FrozenResponseRequiresExactCanonicalInventorySizeAndCompleteFraming(mutation: "wrong_bytes") [29 ms]
  Passed CnetControlPlane.Tests.LearningAskClientTests.MalformedOrInconsistentSymbolReplyCannotBecomeObservation(frame: [123, 34, 118, 101, 114, ···]) [< 1 ms]
  Passed CnetControlPlane.Tests.ActivateTests.Candidate_sha_must_link_task_to_recovery [35 ms]
  Passed CnetControlPlane.Tests.LearningControlClientTests.InvalidMutationTransformsNeverLaunch(kind: "activate") [3 ms]
  Passed CnetControlPlane.Tests.LearningAskClientTests.MalformedOrInconsistentNativeDataCannotBecomeObservation(frame: [123, 34, 111, 107, 34, ···]) [3 ms]
  Passed CnetControlPlane.Tests.LearningAskClientTests.MalformedOrInconsistentNativeDataCannotBecomeObservation(frame: [123, 34, 111, 107, 34, ···]) [1 ms]
  Passed CnetControlPlane.Tests.LearningAcquisitionTests.FrozenResponseRequiresExactCanonicalInventorySizeAndCompleteFraming(mutation: "uppercase_hash") [5 ms]
  Passed CnetControlPlane.Tests.LearningAskClientTests.MalformedOrInconsistentNativeDataCannotBecomeObservation(frame: [123, 34, 111, 107, 34, ···]) [1 ms]
  Passed CnetControlPlane.Tests.LearningAskClientTests.MalformedOrInconsistentNativeDataCannotBecomeObservation(frame: [123, 34, 118, 101, 114, ···]) [< 1 ms]
  Passed CnetControlPlane.Tests.LearningAskClientTests.MalformedOrInconsistentNativeDataCannotBecomeObservation(frame: [123, 47, 42, 99, 111, ···]) [1 ms]
  Passed CnetControlPlane.Tests.LearningExperienceTests.SourceDriftPersistsConflictAndPause(change: "removal") [37 ms]
  Passed CnetControlPlane.Tests.LearningAcquisitionTests.FrozenResponseRequiresExactCanonicalInventorySizeAndCompleteFraming(mutation: "carriage_return") [4 ms]
  Passed CnetControlPlane.Tests.LearningAskClientTests.MalformedOrInconsistentNativeDataCannotBecomeObservation(frame: [123, 34, 111, 107, 34, ···]) [1 ms]
  Passed CnetControlPlane.Tests.LearningLedgerIntegrityTests.OpenRefusesAccountingDamageNotDetectedByForeignKeys(damage: "INSERT INTO promotion_charges SELECT id,'00000000-"···) [67 ms]
  Passed CnetControlPlane.Tests.LearningAskClientTests.MalformedOrInconsistentNativeDataCannotBecomeObservation(frame: [123, 34, 111, 107, 34, ···]) [3 ms]
  Passed CnetControlPlane.Tests.LearningNativeLedgerTests.ProbationSurvivesRestartAndBlocksStageUntilSpacedProbesPass [83 ms]
  Passed CnetControlPlane.Tests.LearningControlClientTests.OnlyExactPersistedOperationIsSentOnce(kind: "rollback") [13 ms]
  Passed CnetControlPlane.Tests.ActivateTests.Valid_evidence_verifies_exactly_one_row [14 ms]
  Passed CnetControlPlane.Tests.LearningRunLedgerTests.BadClockIncludingOpenPersistsFailureBeforeRefusingWithoutAdvancingEpoch(restart: True, damage: "unavailable") [18 ms]
  Passed CnetControlPlane.Tests.LearningAskClientTests.MalformedOrInconsistentNativeDataCannotBecomeObservation(frame: [123, 34, 111, 107, 34, ···]) [1 ms]
  Passed CnetControlPlane.Tests.LearningAcquisitionTests.FrozenResponseRequiresExactCanonicalInventorySizeAndCompleteFraming(mutation: "leading_zero") [6 ms]
  Passed CnetControlPlane.Tests.LearningAskClientTests.MalformedOrInconsistentNativeDataCannotBecomeObservation(frame: [123, 34, 111, 107, 34, ···]) [< 1 ms]
  Passed CnetControlPlane.Tests.LearningAskClientTests.MalformedOrInconsistentNativeDataCannotBecomeObservation(frame: [123, 34, 111, 107, 34, ···]) [1 ms]
  Passed CnetControlPlane.Tests.ActivateTests.Dry_run_is_pure [6 ms]
  Passed CnetControlPlane.Tests.LearningAskClientTests.MalformedOrInconsistentNativeDataCannotBecomeObservation(frame: [123, 34, 111, 107, 34, ···]) [< 1 ms]
  Passed CnetControlPlane.Tests.LearningAskClientTests.MalformedOrInconsistentNativeDataCannotBecomeObservation(frame: [123, 34, 111, 107, 34, ···]) [< 1 ms]
  Passed CnetControlPlane.Tests.LearningAskClientTests.MalformedOrInconsistentNativeDataCannotBecomeObservation(frame: [123, 34, 100, 105, 97, ···]) [< 1 ms]
  Passed CnetControlPlane.Tests.LearningExperienceTests.SourceDriftPersistsConflictAndPause(change: "replacement") [17 ms]
  Passed CnetControlPlane.Tests.LearningAskClientTests.MalformedOrInconsistentNativeDataCannotBecomeObservation(frame: [123, 34, 111, 107, 34, ···]) [3 ms]
  Passed CnetControlPlane.Tests.LearningAskClientTests.MalformedOrInconsistentNativeDataCannotBecomeObservation(frame: [91, 93, 10]) [1 ms]
  Passed CnetControlPlane.Tests.LearningAskClientTests.MalformedOrInconsistentNativeDataCannotBecomeObservation(frame: [123, 34, 111, 107, 34, ···]) [1 ms]
  Passed CnetControlPlane.Tests.LearningRunLedgerTests.BadClockIncludingOpenPersistsFailureBeforeRefusingWithoutAdvancingEpoch(restart: True, damage: "negative") [15 ms]
  Passed CnetControlPlane.Tests.LearningAskClientTests.MalformedOrInconsistentNativeDataCannotBecomeObservation(frame: [123, 34, 111, 107, 34, ···]) [1 ms]
  Passed CnetControlPlane.Tests.LearningAcquisitionTests.FrozenResponseRequiresExactCanonicalInventorySizeAndCompleteFraming(mutation: "extra_line") [15 ms]
  Passed CnetControlPlane.Tests.ActivateTests.In_progress_row_resumes_after_crash [21 ms]
  Passed CnetControlPlane.Tests.LearningAskClientTests.MalformedOrInconsistentNativeDataCannotBecomeObservation(frame: [255, 10]) [11 ms]
  Passed CnetControlPlane.Tests.LearningControlClientTests.OnlyExactPersistedOperationIsSentOnce(kind: "stage") [29 ms]
  Passed CnetControlPlane.Tests.LearningAskClientTests.MalformedOrInconsistentNativeDataCannotBecomeObservation(frame: [123, 34, 111, 107, 34, ···]) [1 ms]
  Passed CnetControlPlane.Tests.LearningAskClientTests.MalformedOrInconsistentNativeDataCannotBecomeObservation(frame: [123, 34, 111, 107, 34, ···]) [1 ms]
  Passed CnetControlPlane.Tests.LearningAcquisitionTests.FrozenResponseRequiresExactCanonicalInventorySizeAndCompleteFraming(mutation: "missing_lf") [14 ms]
  Passed CnetControlPlane.Tests.LearningAskClientTests.MalformedOrInconsistentNativeDataCannotBecomeObservation(frame: [123, 34, 111, 107, 34, ···]) [1 ms]
  Passed CnetControlPlane.Tests.LearningAskClientTests.MalformedOrInconsistentNativeDataCannotBecomeObservation(frame: [120, 120, 120, 120, 120, ···]) [1 ms]
  Passed CnetControlPlane.Tests.LearningAskClientTests.MalformedOrInconsistentNativeDataCannotBecomeObservation(frame: [123, 34, 111, 107, 34, ···]) [< 1 ms]
  Passed CnetControlPlane.Tests.LearningAskClientTests.MalformedOrInconsistentNativeDataCannotBecomeObservation(frame: [123, 125, 10]) [< 1 ms]
  Passed CnetControlPlane.Tests.LearningAskClientTests.MalformedOrInconsistentNativeDataCannotBecomeObservation(frame: [123, 34, 100, 105, 97, ···]) [< 1 ms]
  Passed CnetControlPlane.Tests.LearningAskClientTests.MalformedOrInconsistentNativeDataCannotBecomeObservation(frame: [123, 34, 111, 107, 34, ···]) [1 ms]
  Passed CnetControlPlane.Tests.LearningControlClientTests.OnlyExactPersistedOperationIsSentOnce(kind: "discard") [8 ms]
  Passed CnetControlPlane.Tests.LearningAskClientTests.MalformedOrInconsistentNativeDataCannotBecomeObservation(frame: [123, 34, 111, 107, 34, ···]) [< 1 ms]
  Passed CnetControlPlane.Tests.LearningRunLedgerTests.BadClockIncludingOpenPersistsFailureBeforeRefusingWithoutAdvancingEpoch(restart: False, damage: "unavailable") [23 ms]
  Passed CnetControlPlane.Tests.LearningLedgerIntegrityTests.OpenRefusesAccountingDamageNotDetectedByForeignKeys(damage: "UPDATE promotion_charges SET ns=100000000001") [42 ms]
  Passed CnetControlPlane.Tests.LearningAskClientTests.MalformedOrInconsistentNativeDataCannotBecomeObservation(frame: [123, 34, 100, 105, 97, ···]) [2 ms]
  Passed CnetControlPlane.Tests.LearningExperienceTests.NewObservationOfApprovedSourceDriftCommitsPauseBeforeRefusal [30 ms]
  Passed CnetControlPlane.Tests.ActivateTests.Crash_after_claim_leaves_resumable_state [16 ms]
  Passed CnetControlPlane.Tests.LearningAskClientTests.MalformedOrInconsistentNativeDataCannotBecomeObservation(frame: [123, 34, 111, 107, 34, ···]) [2 ms]
  Passed CnetControlPlane.Tests.LearningNativeLedgerTests.MissedProbeWindowOrRebootCannotCertifyProbation(reboot: False) [45 ms]
  Passed CnetControlPlane.Tests.LearningAskClientTests.MalformedOrInconsistentNativeDataCannotBecomeObservation(frame: [123, 34, 111, 107, 34, ···]) [< 1 ms]
  Passed CnetControlPlane.Tests.LearningAskClientTests.MalformedOrInconsistentNativeDataCannotBecomeObservation(frame: [123, 34, 111, 107, 34, ···]) [1 ms]
  Passed CnetControlPlane.Tests.LearningAskClientTests.MalformedOrInconsistentNativeDataCannotBecomeObservation(frame: [123, 34, 111, 107, 34, ···]) [1 ms]
  Passed CnetControlPlane.Tests.LearningAskClientTests.MalformedOrInconsistentNativeDataCannotBecomeObservation(frame: [123, 34, 111, 107, 34, ···]) [1 ms]
  Passed CnetControlPlane.Tests.LearningControlClientTests.OnlyExactPersistedOperationIsSentOnce(kind: "activate") [10 ms]
  Passed CnetControlPlane.Tests.LearningAskClientTests.MalformedOrInconsistentNativeDataCannotBecomeObservation(frame: [123, 34, 111, 107, 34, ···]) [3 ms]
  Passed CnetControlPlane.Tests.LearningAskClientTests.MalformedOrInconsistentNativeDataCannotBecomeObservation(frame: [123, 34, 118, 101, 114, ···]) [< 1 ms]
  Passed CnetControlPlane.Tests.LearningAskClientTests.MalformedOrInconsistentNativeDataCannotBecomeObservation(frame: [123, 34, 111, 107, 34, ···]) [1 ms]
  Passed CnetControlPlane.Tests.LearningRunLedgerTests.BadClockIncludingOpenPersistsFailureBeforeRefusingWithoutAdvancingEpoch(restart: True, damage: "rollback") [17 ms]
  Passed CnetControlPlane.Tests.LearningAskClientTests.MalformedOrInconsistentNativeDataCannotBecomeObservation(frame: []) [< 1 ms]
  Passed CnetControlPlane.Tests.LearningControlClientTests.RefusalAndOkWithoutDurabilityAreReturnedWithoutInference(refused: False) [22 ms]
  Passed CnetControlPlane.Tests.LearningExperienceTests.HistoricalReviewConflictCannotAdmitDemandAfterExplicitResume [37 ms]
  Passed CnetControlPlane.Tests.LearningControlClientTests.RefusalAndOkWithoutDurabilityAreReturnedWithoutInference(refused: True) [9 ms]
  Passed CnetControlPlane.Tests.LearningRunLedgerTests.BadClockIncludingOpenPersistsFailureBeforeRefusingWithoutAdvancingEpoch(restart: False, damage: "boot") [28 ms]
  Passed CnetControlPlane.Tests.LearningLedgerIntegrityTests.OpenRefusesAccountingDamageNotDetectedByForeignKeys(damage: "DELETE FROM promotion_charges") [46 ms]
  Passed CnetControlPlane.Tests.LearningControlClientTests.InvalidConstructorArgumentsRefuse(path: "/tmp/control\0.sock", seconds: 1) [3 ms]
  Passed CnetControlPlane.Tests.LearningControlClientTests.InvalidConstructorArgumentsRefuse(path: "/tmp/control.sock", seconds: 0) [3 ms]
  Passed CnetControlPlane.Tests.LearningAskClientTests.BootClockDiscontinuityAndSuspendExpireAWaitingObservation(condition: "suspend", symbolic: False) [35 ms]
  Passed CnetControlPlane.Tests.LearningControlClientTests.InvalidConstructorArgumentsRefuse(path: "/tmp/control.sock", seconds: 61) [3 ms]
  Passed CnetControlPlane.Tests.LearningNativeLedgerTests.MissedProbeWindowOrRebootCannotCertifyProbation(reboot: True) [50 ms]
  Passed CnetControlPlane.Tests.LearningControlClientTests.InvalidConstructorArgumentsRefuse(path: "relative", seconds: 1) [4 ms]
  Passed CnetControlPlane.Tests.LearningRunLedgerTests.BadClockIncludingOpenPersistsFailureBeforeRefusingWithoutAdvancingEpoch(restart: False, damage: "negative") [69 ms]
  Passed CnetControlPlane.Tests.LearningControlClientTests.StatusUsesActualOwnerCheckedNativeCliAndReturnsExactFrame [56 ms]
  Passed CnetControlPlane.Tests.LearningAskClientTests.BootClockDiscontinuityAndSuspendExpireAWaitingObservation(condition: "reboot", symbolic: False) [64 ms]
  Passed CnetControlPlane.Tests.LearningNativeLedgerTests.VolatileStageRecoveryEitherReissuesExactRequestOrRecognizesExactDigest [71 ms]
  Passed CnetControlPlane.Tests.LearningRunLedgerTests.RefusedAndUnavailableTicksAreCountedAsObservationsNotLearningSuccess(code: "idle") [12 ms]
  Passed CnetControlPlane.Tests.LearningLedgerIntegrityTests.LiveAccountingDamageRefusesBeforeAdvancingEpochOrReserving(damage: "UPDATE promotion_charges SET ns=99999999999") [83 ms]
  Passed CnetControlPlane.Tests.LearningAskClientTests.BootClockDiscontinuityAndSuspendExpireAWaitingObservation(condition: "reboot", symbolic: True) [20 ms]
  Passed CnetControlPlane.Tests.LearningQuiescenceTests.PendingActivationWithdrawsBeforeOrReconcilesPublishedThenRollsBack(published: True, missingSource: True) [398 ms]
  Passed CnetControlPlane.Tests.LearningRunLedgerTests.RefusedAndUnavailableTicksAreCountedAsObservationsNotLearningSuccess(code: "evidence_unavailable") [13 ms]
  Passed CnetControlPlane.Tests.LearningAcquisitionTests.ExhaustedAttemptsAreReportedInsteadOfPretendingTheQueueIsIdle [157 ms]
  Passed CnetControlPlane.Tests.LearningStorageConcurrencyTests.PendingDemandWriterSettlesBeforeMeasurementAndCommittedGrowthIsCounted [325 ms]
  Passed CnetControlPlane.Tests.LearningAskClientTests.BootClockDiscontinuityAndSuspendExpireAWaitingObservation(condition: "backwards", symbolic: True) [43 ms]
  Passed CnetControlPlane.Tests.LearningRunLedgerTests.RefusedAndUnavailableTicksAreCountedAsObservationsNotLearningSuccess(code: "source_already_pending") [43 ms]
  Passed CnetControlPlane.Tests.LearningNativeLedgerTests.MissingVolatileStageSatisfiesPendingDiscardButNotAnUnexpectedOwnerChange [60 ms]
  Passed CnetControlPlane.Tests.LearningLedgerIntegrityTests.LiveAccountingDamageRefusesBeforeAdvancingEpochOrReserving(damage: "DELETE FROM promotion_charges") [59 ms]
  Passed CnetControlPlane.Tests.LearningStorageConcurrencyTests.ExistingColdJournalIsIncludedWithoutAMeasurementWrite [6 ms]
  Passed CnetControlPlane.Tests.LearningRunLedgerTests.RefusedAndUnavailableTicksAreCountedAsObservationsNotLearningSuccess(code: "source_attempts_exhausted") [11 ms]
  Passed CnetControlPlane.Tests.LearningStorageConcurrencyTests.LinkedArtifactsStillRefuseAndReleaseTheMeasurementLock [11 ms]
  Passed CnetControlPlane.Tests.LearningAskClientTests.BootClockDiscontinuityAndSuspendExpireAWaitingObservation(condition: "suspend", symbolic: True) [21 ms]
  Passed CnetControlPlane.Tests.LearningNativeLedgerTests.FailureCannotEraseAJobWithAnUnresolvedNativeSideEffect [19 ms]
  Passed CnetControlPlane.Tests.LearningRunLedgerTests.RefusedAndUnavailableTicksAreCountedAsObservationsNotLearningSuccess(code: "learning_paused") [13 ms]
  Passed CnetControlPlane.Tests.LearningLedgerTests.WriterSideTypesChecksAndEpochReferencesRejectMalformedChanges(sql: "UPDATE demand SET misses=requests+1") [14 ms]
  Passed CnetControlPlane.Tests.LearningLedgerIntegrityTests.LiveAccountingDamageRefusesBeforeAdvancingEpochOrReserving(damage: "UPDATE promotion_charges SET ns=100000000001") [29 ms]
  Passed CnetControlPlane.Tests.LearningRunLedgerTests.RefusedAndUnavailableTicksAreCountedAsObservationsNotLearningSuccess(code: "job_capacity_exhausted") [60 ms]
  Passed CnetControlPlane.Tests.LearningAskClientTests.BootClockDiscontinuityAndSuspendExpireAWaitingObservation(condition: "backwards", symbolic: False) [66 ms]
  Passed CnetControlPlane.Tests.LearningAskClientTests.OnlyFixedAskSocketAndBoundedArgumentsAreAccepted [1 ms]
  Passed CnetControlPlane.Tests.LearningAskClientTests.ActualKernelPeerCredentialMustMatchExpectedOwner [2 ms]
  Passed CnetControlPlane.Tests.LearningAskClientTests.ExplicitSymbolParserRetainsLiteralTextWithoutNumericCoercion(answer: " ") [< 1 ms]
  Passed CnetControlPlane.Tests.LearningAskClientTests.ExplicitSymbolParserRetainsLiteralTextWithoutNumericCoercion(answer: "0") [< 1 ms]
  Passed CnetControlPlane.Tests.LearningAskClientTests.ExplicitSymbolParserRetainsLiteralTextWithoutNumericCoercion(answer: "1e1") [< 1 ms]
  Passed CnetControlPlane.Tests.LearningAskClientTests.ExplicitSymbolParserRetainsLiteralTextWithoutNumericCoercion(answer: "  say \"hello\" \\ literal  ") [< 1 ms]
  Passed CnetControlPlane.Tests.LearningAskClientTests.ExplicitSymbolParserRetainsLiteralTextWithoutNumericCoercion(answer: "ABSTAIN: reason") [< 1 ms]
  Passed CnetControlPlane.Tests.LearningAskClientTests.ExplicitSymbolParserRetainsLiteralTextWithoutNumericCoercion(answer: "65536") [< 1 ms]
  Passed CnetControlPlane.Tests.LearningAskClientTests.ExplicitSymbolParserRetainsLiteralTextWithoutNumericCoercion(answer: "042") [< 1 ms]
  Passed CnetControlPlane.Tests.LearningAskClientTests.ExplicitSymbolParserRetainsLiteralTextWithoutNumericCoercion(answer: "first label") [< 1 ms]
  Passed CnetControlPlane.Tests.LearningAskClientTests.UnsafeSocketEntriesRefuseBeforeAnyQueryIsSent(condition: "mode", symbolic: False) [3 ms]
  Passed CnetControlPlane.Tests.LearningNativeLedgerTests.ExactIntentSurvivesCrashAndOneUnresolvedOperationBlocksAnother [72 ms]
  Passed CnetControlPlane.Tests.LearningLedgerTests.WriterSideTypesChecksAndEpochReferencesRejectMalformedChanges(sql: "UPDATE epochs SET first_ns=1.5") [64 ms]
  Passed CnetControlPlane.Tests.LearningAskClientTests.UnsafeSocketEntriesRefuseBeforeAnyQueryIsSent(condition: "symlink", symbolic: False) [2 ms]
  Passed CnetControlPlane.Tests.LearningRunLedgerTests.RefusedAndUnavailableTicksAreCountedAsObservationsNotLearningSuccess(code: "attempt_budget_exhausted") [12 ms]
  Passed CnetControlPlane.Tests.LearningAskClientTests.UnsafeSocketEntriesRefuseBeforeAnyQueryIsSent(condition: "symlink", symbolic: True) [1 ms]
  Passed CnetControlPlane.Tests.LearningAskClientTests.UnsafeSocketEntriesRefuseBeforeAnyQueryIsSent(condition: "hardlink", symbolic: False) [4 ms]
  Passed CnetControlPlane.Tests.LearningAskClientTests.UnsafeSocketEntriesRefuseBeforeAnyQueryIsSent(condition: "hardlink", symbolic: True) [1 ms]
  Passed CnetControlPlane.Tests.LearningAskClientTests.UnsafeSocketEntriesRefuseBeforeAnyQueryIsSent(condition: "mode", symbolic: True) [1 ms]
  Passed CnetControlPlane.Tests.LearningLedgerTests.WriterSideTypesChecksAndEpochReferencesRejectMalformedChanges(sql: "UPDATE epochs SET last_ns=first_ns-1") [13 ms]
  Passed CnetControlPlane.Tests.LearningLedgerIntegrityTests.LiveAccountingDamageRefusesBeforeAdvancingEpochOrReserving(damage: "INSERT INTO promotion_charges SELECT id,'00000000-"···) [78 ms]
  Passed CnetControlPlane.Tests.LearningRunLedgerTests.ExplicitStopCannotBeAutomaticallyRestarted(code: "tick_failed") [15 ms]
  Passed CnetControlPlane.Tests.LearningNativeLedgerTests.DaemonRestartStageLossFailsJobWithoutRebindingActiveOrLosingCharge(activationPending: False) [26 ms]
  Passed CnetControlPlane.Tests.LearningLedgerTests.WriterSideTypesChecksAndEpochReferencesRejectMalformedChanges(sql: "UPDATE jobs SET reserved_ns=-1") [35 ms]
  Passed CnetControlPlane.Tests.LearningAcquisitionTests.ActualSealedAcquisitionFreezesAndIndependentlyEvaluatesAllKeys [182 ms]
  Passed CnetControlPlane.Tests.LearningRunLedgerTests.ExplicitStopCannotBeAutomaticallyRestarted(code: "cancelled") [36 ms]
  Passed CnetControlPlane.Tests.LearningLedgerIntegrityTests.UnsupportedVersionRefusesWithoutMigrationResetOrTimeAdvance(version: 2147483647) [38 ms]
  Passed CnetControlPlane.Tests.LearningLedgerTests.WriterSideTypesChecksAndEpochReferencesRejectMalformedChanges(sql: "DELETE FROM epochs") [16 ms]
  Passed CnetControlPlane.Tests.LearningRunLedgerTests.ExplicitStopCannotBeAutomaticallyRestarted(code: "operator_stop") [13 ms]
  Passed CnetControlPlane.Tests.LearningLedgerIntegrityTests.UnsupportedVersionRefusesWithoutMigrationResetOrTimeAdvance(version: 0) [17 ms]
  Passed CnetControlPlane.Tests.LearningNativeLedgerTests.DaemonRestartStageLossFailsJobWithoutRebindingActiveOrLosingCharge(activationPending: True) [34 ms]
  Passed CnetControlPlane.Tests.LearningLedgerTests.WriterSideTypesChecksAndEpochReferencesRejectMalformedChanges(sql: "UPDATE epochs SET first_ns=-1") [21 ms]
  Passed CnetControlPlane.Tests.LearningRunLedgerTests.PrematureFinishDoesNotConvertAHeartbeatIntoBudgetCompletion [21 ms]
  Passed CnetControlPlane.Tests.LearningLedgerIntegrityTests.UnsupportedVersionRefusesWithoutMigrationResetOrTimeAdvance(version: 1) [20 ms]
  Passed CnetControlPlane.Tests.LearningLedgerIntegrityTests.UnsupportedVersionRefusesWithoutMigrationResetOrTimeAdvance(version: 2) [64 ms]
  Passed CnetControlPlane.Tests.LearningLedgerTests.MalformedDurableRowsRefuseBeforeAnyNewReservation(corruption: "UPDATE epochs SET first_ns=-1") [69 ms]
  Passed CnetControlPlane.Tests.LearningNativeLedgerTests.UnknownOrUncertainReplyFreezesAndKeepsExactIntent(uncertain: False) [82 ms]
  Passed CnetControlPlane.Tests.LearningQuiescenceTests.PendingActivationWithdrawsBeforeOrReconcilesPublishedThenRollsBack(published: False, missingSource: True) [310 ms]
  Passed CnetControlPlane.Tests.LearningLedgerIntegrityTests.LiveUnsupportedVersionRefusesBeforeBudgetOrEpochMutation [12 ms]
  Passed CnetControlPlane.Tests.LearningLedgerTests.MalformedDurableRowsRefuseBeforeAnyNewReservation(corruption: "UPDATE jobs SET reserved_ns=-1") [16 ms]
  Passed CnetControlPlane.Tests.LearningRunLedgerTests.ElapsedBudgetCannotFinishWithPendingIntentOrActiveProbation(probation: False) [86 ms]
  Passed CnetControlPlane.Tests.LearningLedgerIntegrityTests.CreatePinsTheFreshSchemaVersionAndDeleteJournal [8 ms]
  Passed CnetControlPlane.Tests.LearningLedgerTests.MalformedDurableRowsRefuseBeforeAnyNewReservation(corruption: "UPDATE jobs SET boot='00000000-0000-0000-0000-0000"···) [19 ms]
  Passed CnetControlPlane.Tests.LearningNativeLedgerTests.UnknownOrUncertainReplyFreezesAndKeepsExactIntent(uncertain: True) [29 ms]
  Passed CnetControlPlane.Tests.LearningLedgerIntegrityTests.ExistingWalIsRefusedWithoutJournalConversionEvenForWrongPolicy(wrongPolicy: False) [16 ms]
  Passed CnetControlPlane.Tests.LearningNativeLedgerTests.EvaluationRecordingHasOnlyTheValidatedTypedBoundary [1 ms]
  Passed CnetControlPlane.Tests.LearningLedgerIntegrityTests.ExistingWalIsRefusedWithoutJournalConversionEvenForWrongPolicy(wrongPolicy: True) [10 ms]
  Passed CnetControlPlane.Tests.LearningRunLedgerTests.ElapsedBudgetCannotFinishWithPendingIntentOrActiveProbation(probation: True) [33 ms]
  Passed CnetControlPlane.Tests.LearningLedgerTests.MalformedDurableRowsRefuseBeforeAnyNewReservation(corruption: "UPDATE epochs SET first_ns=last_ns+1") [15 ms]
  Passed CnetControlPlane.Tests.LearningLedgerTests.MalformedDurableRowsRefuseBeforeAnyNewReservation(corruption: "UPDATE jobs SET reserved_ns=reserved_ns+1") [15 ms]
  Passed CnetControlPlane.Tests.LearningNativeLedgerTests.FullUnsignedNativeRevisionIsStoredWithoutSignedTruncation [28 ms]
  Passed CnetControlPlane.Tests.LearningRunLedgerTests.RebootOrMissedHeartbeatFailsDurablyWithoutRestarting(restart: True, reboot: True) [18 ms]
  Passed CnetControlPlane.Tests.LearningLedgerTests.MalformedDurableRowsRefuseBeforeAnyNewReservation(corruption: "UPDATE demand SET misses=requests+1") [40 ms]
  Passed CnetControlPlane.Tests.LearningRunLedgerTests.RebootOrMissedHeartbeatFailsDurablyWithoutRestarting(restart: True, reboot: False) [40 ms]
  Passed CnetControlPlane.Tests.LearningLedgerIntegrityTests.RemovingARefusedChargeCannotRefillTheLiveDailyPromotionBudget [68 ms]
  Passed CnetControlPlane.Tests.LearningNativeLedgerTests.EvaluationBindsExactSourceAndCandidateBeforeActivation [53 ms]
  Passed CnetControlPlane.Tests.LearningRunLedgerTests.RebootOrMissedHeartbeatFailsDurablyWithoutRestarting(restart: False, reboot: False) [16 ms]
  Passed CnetControlPlane.Tests.LearningRunLedgerTests.RebootOrMissedHeartbeatFailsDurablyWithoutRestarting(restart: False, reboot: True) [57 ms]
  Passed CnetControlPlane.Tests.LearningLedgerIntegrityTests.AChargeInAnotherEpochMustBeWithinThatEpochNotTheCurrentOne [75 ms]
  Passed CnetControlPlane.Tests.LocalTableReferenceTests.ExplicitOwnerAuthorityMustMatch(dataset: "Stock_levels", authority: "user_correction") [< 1 ms]
  Passed CnetControlPlane.Tests.LocalTableReferenceTests.ExplicitOwnerAuthorityMustMatch(dataset: "stock_levels", authority: "tier_a") [< 1 ms]
  Passed CnetControlPlane.Tests.LocalTableReferenceTests.ExplicitOwnerAuthorityMustMatch(dataset: "stock_levels", authority: "") [< 1 ms]
  Passed CnetControlPlane.Tests.LocalTableReferenceTests.ExplicitOwnerAuthorityMustMatch(dataset: "../stock_levels", authority: "user_correction") [< 1 ms]
  Passed CnetControlPlane.Tests.LocalTableReferenceTests.ExplicitOwnerAuthorityMustMatch(dataset: "", authority: "user_correction") [< 1 ms]
  Passed CnetControlPlane.Tests.LocalTableReferenceTests.ExplicitOwnerAuthorityMustMatch(dataset: "stock_levels", authority: "verified_tool") [< 1 ms]
  Passed CnetControlPlane.Tests.LocalTableReferenceTests.DatasetIdentifierBoundaryIsCanonical [< 1 ms]
  Passed CnetControlPlane.Tests.LearningNativeLedgerTests.DelayedActivationReconciliationDoesNotEraseUnobservedProbation(reboot: False) [73 ms]
  Passed CnetControlPlane.Tests.LocalTableReferenceTests.NoncanonicalSourcesRefuse(from: "0\t120", to: "0\t0120") [< 1 ms]
  Passed CnetControlPlane.Tests.LocalTableReferenceTests.NoncanonicalSourcesRefuse(from: "0\t120", to: " 0\t120") [< 1 ms]
  Passed CnetControlPlane.Tests.LocalTableReferenceTests.NoncanonicalSourcesRefuse(from: "authority user_correction", to: "authority tier_a") [< 1 ms]
  Passed CnetControlPlane.Tests.LocalTableReferenceTests.NoncanonicalSourcesRefuse(from: "output_bits 16", to: "output_bits 8") [< 1 ms]
  Passed CnetControlPlane.Tests.LocalTableReferenceTests.NoncanonicalSourcesRefuse(from: "rows 3", to: "rows 4") [< 1 ms]
  Passed CnetControlPlane.Tests.LocalTableReferenceTests.NoncanonicalSourcesRefuse(from: "7\t42", to: "7\t-1") [< 1 ms]
  Passed CnetControlPlane.Tests.LocalTableReferenceTests.NoncanonicalSourcesRefuse(from: "rows 3", to: "rows 03") [< 1 ms]
  Passed CnetControlPlane.Tests.LocalTableReferenceTests.NoncanonicalSourcesRefuse(from: "7\t42", to: "256\t42") [< 1 ms]
  Passed CnetControlPlane.Tests.LocalTableReferenceTests.NoncanonicalSourcesRefuse(from: "dataset stock_levels", to: "dataset  stock_levels") [< 1 ms]
  Passed CnetControlPlane.Tests.LocalTableReferenceTests.NoncanonicalSourcesRefuse(from: "0\t120", to: "0 120") [< 1 ms]
  Passed CnetControlPlane.Tests.LocalTableReferenceTests.NoncanonicalSourcesRefuse(from: "7\t42", to: "7\t4294967296") [< 1 ms]
  Passed CnetControlPlane.Tests.LocalTableReferenceTests.NoncanonicalSourcesRefuse(from: "input_bits 8", to: "input_bits 16") [< 1 ms]
  Passed CnetControlPlane.Tests.LocalTableReferenceTests.NoncanonicalSourcesRefuse(from: "0\t120", to: "0\t120\textra") [< 1 ms]
  Passed CnetControlPlane.Tests.LocalTableReferenceTests.NoncanonicalSourcesRefuse(from: "19\t0", to: "6\t0") [< 1 ms]
  Passed CnetControlPlane.Tests.LocalTableReferenceTests.NoncanonicalSourcesRefuse(from: "CNET_LOCAL_TABLE_V1", to: "CNET_LOCAL_TABLE_V2") [< 1 ms]
  Passed CnetControlPlane.Tests.LocalTableReferenceTests.NoncanonicalSourcesRefuse(from: "7\t42", to: "7\t65536") [< 1 ms]
  Passed CnetControlPlane.Tests.LocalTableReferenceTests.NoncanonicalSourcesRefuse(from: "rows 3", to: "rows 257") [< 1 ms]
  Passed CnetControlPlane.Tests.LocalTableReferenceTests.NoncanonicalSourcesRefuse(from: "19\t0", to: "7\t0") [< 1 ms]
  Passed CnetControlPlane.Tests.LocalTableReferenceTests.NoncanonicalSourcesRefuse(from: "rows 3", to: "rows 0") [< 1 ms]
  Passed CnetControlPlane.Tests.LocalTableReferenceTests.NoncanonicalSourcesRefuse(from: "dataset stock_levels", to: "dataset other") [< 1 ms]
  Passed CnetControlPlane.Tests.LocalTableReferenceTests.NoncanonicalSourcesRefuse(from: "0\t120", to: "0\t1e2") [< 1 ms]
  Passed CnetControlPlane.Tests.LocalTableReferenceTests.NoncanonicalSourcesRefuse(from: "0\t120", to: "0\t120\t") [< 1 ms]
  Passed CnetControlPlane.Tests.LocalTableReferenceTests.NoncanonicalSourcesRefuse(from: "0\t120", to: "0\t120 ") [< 1 ms]
  Passed CnetControlPlane.Tests.LocalTableReferenceTests.NoncanonicalSourcesRefuse(from: "0\t120", to: "00\t120") [< 1 ms]
  Passed CnetControlPlane.Tests.LocalTableReferenceTests.NoncanonicalSourcesRefuse(from: "rows 3", to: "rows +3") [< 1 ms]
  Passed CnetControlPlane.Tests.LocalTableReferenceTests.NoncanonicalSourcesRefuse(from: "rows 3", to: "rows 3 ") [< 1 ms]
  Passed CnetControlPlane.Tests.LocalTableReferenceTests.NoncanonicalSourcesRefuse(from: "rows 3\n", to: "# comment\nrows 3\n") [< 1 ms]
  Passed CnetControlPlane.Tests.LocalTableReferenceTests.NoncanonicalSourcesRefuse(from: "rows 3", to: "rows\t3") [< 1 ms]
  Passed CnetControlPlane.Tests.LocalTableReferenceTests.NewlinesAndByteBoundsRefuseBeforeDecoding [1 ms]
  Passed CnetControlPlane.Tests.LocalTableReferenceTests.EveryKeyHasAnExplicitAnswerOrAbstention [< 1 ms]
  Passed CnetControlPlane.Tests.LocalTableReferenceTests.EveryDisallowedByteRefusesInsteadOfReplacementDecoding [1 ms]
  Passed CnetControlPlane.Tests.LocalTableReferenceTests.SourceSnapshotAndAllExposedCollectionsAreImmutable [1 ms]
  Passed CnetControlPlane.Tests.LocalTableReferenceTests.FullDomainAllowsBoundaryValuesAndVerifiedToolAuthority [< 1 ms]
  Passed CnetControlPlane.Tests.LearningRunLedgerTests.StopPreservesChargesAndUnresolvedNativeIntent [52 ms]
  Passed CnetControlPlane.Tests.LearningLedgerTests.CapacityDisabledPolicyAndReusedBootRefuse [131 ms]
  Passed CnetControlPlane.Tests.LearningNativeLedgerTests.DelayedActivationReconciliationDoesNotEraseUnobservedProbation(reboot: True) [50 ms]
  Passed CnetControlPlane.Tests.LearningLedgerTests.DatabaseAndSidecarSymlinksRefuse(name: "ledger.sqlite") [6 ms]
  Passed CnetControlPlane.Tests.LearningRunLedgerTests.FuturePersistedHeartbeatCannotBeHealedByAdvancingTheEpoch [12 ms]
  Passed CnetControlPlane.Tests.LearningLedgerTests.DatabaseAndSidecarSymlinksRefuse(name: "owner.lock") [8 ms]
  Passed CnetControlPlane.Tests.LearningLedgerTests.DatabaseAndSidecarSymlinksRefuse(name: "ledger.sqlite-wal") [6 ms]
  Passed CnetControlPlane.Tests.LearningRunLedgerTests.DurablePauseCannotBecomeAHeartbeatOrBudgetCompletion(finish: False) [16 ms]
  Passed CnetControlPlane.Tests.LearningNativeLedgerTests.EvaluationCannotBeAttachedToAnotherReservedDatasetEvenWithMatchingHashes [21 ms]
  Passed CnetControlPlane.Tests.LearningLedgerTests.DatabaseAndSidecarSymlinksRefuse(name: "ledger.sqlite-journal") [6 ms]
  Passed CnetControlPlane.Tests.LearningLedgerTests.DatabaseAndSidecarSymlinksRefuse(name: "ledger.sqlite-shm") [5 ms]
  Passed CnetControlPlane.Tests.LearningRunLedgerTests.DurablePauseCannotBecomeAHeartbeatOrBudgetCompletion(finish: True) [69 ms]
  Passed CnetControlPlane.Tests.LearningLedgerTests.LiveMissingEpochAlsoRefusesInsteadOfUpdatingZeroRows [74 ms]
  Passed CnetControlPlane.Tests.LearningRunLedgerTests.PrematureCompletedRowRefusesBeforeLaterClockCanHealIt(restart: True) [20 ms]
  Passed CnetControlPlane.Tests.LearningNativeLedgerTests.StatusAloneNeverResolvesTokenCheckedActivationOrRollback [94 ms]
  Passed CnetControlPlane.Tests.LearningRunLedgerTests.PrematureCompletedRowRefusesBeforeLaterClockCanHealIt(restart: False) [13 ms]
  Passed CnetControlPlane.Tests.LearningLedgerTests.RebootQuarantinesOldChargesAndClockRollbackRefuses [24 ms]
  Passed CnetControlPlane.Tests.LearningChildTests.ExitedLeaderWithDescendantHeldPipesRefusesAtDeadline [1 s]
  Passed CnetControlPlane.Tests.LearningChildTests.InvalidBoundsRefuseBeforeLaunch(executable: "/bin/sh", directory: "/tmp", seconds: 1, cap: 0) [< 1 ms]
  Passed CnetControlPlane.Tests.LearningChildTests.InvalidBoundsRefuseBeforeLaunch(executable: "sh", directory: "/tmp", seconds: 1, cap: 1) [< 1 ms]
  Passed CnetControlPlane.Tests.LearningChildTests.InvalidBoundsRefuseBeforeLaunch(executable: "/bin/sh", directory: "/tmp", seconds: 1, cap: 65537) [< 1 ms]
  Passed CnetControlPlane.Tests.LearningChildTests.InvalidBoundsRefuseBeforeLaunch(executable: "/bin/sh", directory: "tmp", seconds: 1, cap: 1) [< 1 ms]
  Passed CnetControlPlane.Tests.LearningChildTests.InvalidBoundsRefuseBeforeLaunch(executable: "/bin/sh", directory: "/tmp", seconds: 0, cap: 1) [< 1 ms]
  Passed CnetControlPlane.Tests.LearningChildTests.InvalidBoundsRefuseBeforeLaunch(executable: "/bin/sh", directory: "/tmp", seconds: 121, cap: 1) [< 1 ms]
  Passed CnetControlPlane.Tests.LearningQuiescenceTests.PendingActivationWithdrawsBeforeOrReconcilesPublishedThenRollsBack(published: True, missingSource: False) [393 ms]
  Passed CnetControlPlane.Tests.LearningChildTests.BothRawPipesDrainConcurrentlyAndStdinIsClosed [2 ms]
  Passed CnetControlPlane.Tests.LearningChildTests.CancellationDuringInitialClockReadPreventsEvenALaunchAttempt [3 ms]
  Passed CnetControlPlane.Tests.LearningRunLedgerTests.FailureMarkCommitFailureThrowsAndMakesNoDurabilityClaim [46 ms]
  Passed CnetControlPlane.Tests.LearningRunLedgerTests.BadClockBeforeAnyRunDoesNotInventAFailedRunOrDurablePause [6 ms]
  Passed CnetControlPlane.Tests.LearningNativeLedgerTests.PausedOperatorStillCanRollBackButCannotPromoteOrResumeUnknownState [61 ms]
  Passed CnetControlPlane.Tests.LearningLedgerTests.DemandAndReservationsSurviveRestartWithoutRefillingBudget [53 ms]
  Passed CnetControlPlane.Tests.LearningCaseRequestSyntaxTests.RequestConstituentsComposeWithoutChangingOriginalInput(text: "Could you kindly write 'ñ' in caps?", operation: "upper", key: 241) [1 s]
  Passed CnetControlPlane.Tests.LearningCaseRequestSyntaxTests.RequestConstituentsComposeWithoutChangingOriginalInput(text: "Please, convert character 'ö' to uppercase?", operation: "upper", key: 246) [< 1 ms]
  Passed CnetControlPlane.Tests.LearningCaseRequestSyntaxTests.RequestConstituentsComposeWithoutChangingOriginalInput(text: "Would you please write the single quoted character"···, operation: "upper", key: 241) [< 1 ms]
  Passed CnetControlPlane.Tests.LearningTaskParserTests.UnsupportedInputsNeverBecomeActions(text: "unicode upper 256") [1 s]
  Passed CnetControlPlane.Tests.LearningCaseRequestSyntaxTests.RequestConstituentsComposeWithoutChangingOriginalInput(text: "Please, lowercase letter  'É'?", operation: "lower", key: 201) [< 1 ms]
  Passed CnetControlPlane.Tests.LearningCaseRequestSyntaxTests.RequestConstituentsComposeWithoutChangingOriginalInput(text: "render the character 'À' in lowercase!", operation: "lower", key: 192) [< 1 ms]
  Passed CnetControlPlane.Tests.LearningCaseRequestSyntaxTests.RequestConstituentsComposeWithoutChangingOriginalInput(text: "Please, convert letter 'ö' to uppercase?", operation: "upper", key: 246) [< 1 ms]
  Passed CnetControlPlane.Tests.LearningCaseRequestSyntaxTests.RequestConstituentsComposeWithoutChangingOriginalInput(text: "Please, lowercase the character  'É'!", operation: "lower", key: 201) [< 1 ms]
  Passed CnetControlPlane.Tests.LearningCaseRequestSyntaxTests.RequestConstituentsComposeWithoutChangingOriginalInput(text: "Please, uppercase the single quoted character  'µ'"···, operation: "upper", key: 181) [< 1 ms]
  Passed CnetControlPlane.Tests.LearningCaseRequestSyntaxTests.RequestConstituentsComposeWithoutChangingOriginalInput(text: "Could you kindly lowercase letter  'É'.", operation: "lower", key: 201) [< 1 ms]
  Passed CnetControlPlane.Tests.LearningCaseRequestSyntaxTests.RequestConstituentsComposeWithoutChangingOriginalInput(text: "Please, render the character 'À' in lowercase!", operation: "lower", key: 192) [< 1 ms]
  Passed CnetControlPlane.Tests.LearningCaseRequestSyntaxTests.RequestConstituentsComposeWithoutChangingOriginalInput(text: "Could you kindly render 'À' in lowercase?", operation: "lower", key: 192) [< 1 ms]
  Passed CnetControlPlane.Tests.LearningCaseRequestSyntaxTests.RequestConstituentsComposeWithoutChangingOriginalInput(text: "Would you please convert the single quoted charact"···, operation: "upper", key: 246) [< 1 ms]
  Passed CnetControlPlane.Tests.LearningCaseRequestSyntaxTests.RequestConstituentsComposeWithoutChangingOriginalInput(text: "uppercase  'µ'?", operation: "upper", key: 181) [< 1 ms]
  Passed CnetControlPlane.Tests.LearningCaseRequestSyntaxTests.RequestConstituentsComposeWithoutChangingOriginalInput(text: "Could you kindly uppercase the single quoted chara"···, operation: "upper", key: 181) [< 1 ms]
  Passed CnetControlPlane.Tests.LearningCaseRequestSyntaxTests.RequestConstituentsComposeWithoutChangingOriginalInput(text: "Could you kindly render 'À' in lowercase!", operation: "lower", key: 192) [< 1 ms]
  Passed CnetControlPlane.Tests.LearningCaseRequestSyntaxTests.RequestConstituentsComposeWithoutChangingOriginalInput(text: "lowercase the single quoted character  'É'?", operation: "lower", key: 201) [< 1 ms]
  Passed CnetControlPlane.Tests.LearningCaseRequestSyntaxTests.RequestConstituentsComposeWithoutChangingOriginalInput(text: "render character 'À' in lowercase?", operation: "lower", key: 192) [< 1 ms]
  Passed CnetControlPlane.Tests.LearningCaseRequestSyntaxTests.RequestConstituentsComposeWithoutChangingOriginalInput(text: "render letter 'À' in lowercase?", operation: "lower", key: 192) [< 1 ms]
  Passed CnetControlPlane.Tests.LearningCaseRequestSyntaxTests.RequestConstituentsComposeWithoutChangingOriginalInput(text: "Would you please write character 'ñ' in caps?", operation: "upper", key: 241) [< 1 ms]
  Passed CnetControlPlane.Tests.LearningCaseRequestSyntaxTests.RequestConstituentsComposeWithoutChangingOriginalInput(text: "lowercase character  'É'?", operation: "lower", key: 201) [< 1 ms]
  Passed CnetControlPlane.Tests.LearningCaseRequestSyntaxTests.RequestConstituentsComposeWithoutChangingOriginalInput(text: "Would you please convert the character 'ö' to uppe"···, operation: "upper", key: 246) [< 1 ms]
  Passed CnetControlPlane.Tests.LearningCaseRequestSyntaxTests.RequestConstituentsComposeWithoutChangingOriginalInput(text: "render 'À' in lowercase?", operation: "lower", key: 192) [< 1 ms]
  Passed CnetControlPlane.Tests.LearningCaseRequestSyntaxTests.RequestConstituentsComposeWithoutChangingOriginalInput(text: "render the character 'À' in lowercase?", operation: "lower", key: 192) [< 1 ms]
  Passed CnetControlPlane.Tests.LearningCaseRequestSyntaxTests.RequestConstituentsComposeWithoutChangingOriginalInput(text: "Would you please lowercase character  'É'.", operation: "lower", key: 201) [< 1 ms]
  Passed CnetControlPlane.Tests.LearningCaseRequestSyntaxTests.RequestConstituentsComposeWithoutChangingOriginalInput(text: "Could you kindly uppercase letter  'µ'?", operation: "upper", key: 181) [< 1 ms]
  Passed CnetControlPlane.Tests.LearningCaseRequestSyntaxTests.RequestConstituentsComposeWithoutChangingOriginalInput(text: "Please, uppercase letter  'µ'.", operation: "upper", key: 181) [< 1 ms]
  Passed CnetControlPlane.Tests.LearningCaseRequestSyntaxTests.RequestConstituentsComposeWithoutChangingOriginalInput(text: "Could you kindly lowercase character  'É'?", operation: "lower", key: 201) [< 1 ms]
  Passed CnetControlPlane.Tests.LearningCaseRequestSyntaxTests.RequestConstituentsComposeWithoutChangingOriginalInput(text: "Please, render the single quoted character 'À' in "···, operation: "lower", key: 192) [< 1 ms]
  Passed CnetControlPlane.Tests.LearningCaseRequestSyntaxTests.RequestConstituentsComposeWithoutChangingOriginalInput(text: "Please, convert 'ö' to uppercase?", operation: "upper", key: 246) [< 1 ms]
  Passed CnetControlPlane.Tests.LearningCaseRequestSyntaxTests.RequestConstituentsComposeWithoutChangingOriginalInput(text: "write 'ñ' in caps!", operation: "upper", key: 241) [< 1 ms]
  Passed CnetControlPlane.Tests.LearningCaseRequestSyntaxTests.RequestConstituentsComposeWithoutChangingOriginalInput(text: "Please, uppercase the character  'µ'!", operation: "upper", key: 181) [< 1 ms]
  Passed CnetControlPlane.Tests.LearningCaseRequestSyntaxTests.RequestConstituentsComposeWithoutChangingOriginalInput(text: "Could you kindly render character 'À' in lowercase"···, operation: "lower", key: 192) [< 1 ms]
  Passed CnetControlPlane.Tests.LearningCaseRequestSyntaxTests.RequestConstituentsComposeWithoutChangingOriginalInput(text: "Would you please write 'ñ' in caps.", operation: "upper", key: 241) [< 1 ms]
  Passed CnetControlPlane.Tests.LearningCaseRequestSyntaxTests.RequestConstituentsComposeWithoutChangingOriginalInput(text: "Please, write 'ñ' in caps.", operation: "upper", key: 241) [< 1 ms]
  Passed CnetControlPlane.Tests.LearningCaseRequestSyntaxTests.RequestConstituentsComposeWithoutChangingOriginalInput(text: "Please, lowercase  'É'?", operation: "lower", key: 201) [< 1 ms]
  Passed CnetControlPlane.Tests.LearningCaseRequestSyntaxTests.RequestConstituentsComposeWithoutChangingOriginalInput(text: "Would you please convert character 'ö' to uppercas"···, operation: "upper", key: 246) [< 1 ms]
  Passed CnetControlPlane.Tests.LearningCaseRequestSyntaxTests.RequestConstituentsComposeWithoutChangingOriginalInput(text: "Please, render letter 'À' in lowercase!", operation: "lower", key: 192) [< 1 ms]
  Passed CnetControlPlane.Tests.LearningCaseRequestSyntaxTests.RequestConstituentsComposeWithoutChangingOriginalInput(text: "Could you kindly convert character 'ö' to uppercas"···, operation: "upper", key: 246) [< 1 ms]
  Passed CnetControlPlane.Tests.LearningCaseRequestSyntaxTests.RequestConstituentsComposeWithoutChangingOriginalInput(text: "Would you please lowercase letter  'É'?", operation: "lower", key: 201) [< 1 ms]
  Passed CnetControlPlane.Tests.LearningCaseRequestSyntaxTests.RequestConstituentsComposeWithoutChangingOriginalInput(text: "Could you kindly write the character 'ñ' in caps?", operation: "upper", key: 241) [< 1 ms]
  Passed CnetControlPlane.Tests.LearningTaskRelationshipTests.RelationshipsAndDescriptionsKeepTypedRoles(text: "For the input 'Ï', use a lowercase conversion.", status: "ready", operation: "lower", key: 207) [1 s]
  Passed CnetControlPlane.Tests.LearningCaseRequestSyntaxTests.RequestConstituentsComposeWithoutChangingOriginalInput(text: "Please, lowercase the single quoted character  'É'"···, operation: "lower", key: 201) [< 1 ms]
  Passed CnetControlPlane.Tests.LearningCaseRequestSyntaxTests.RequestConstituentsComposeWithoutChangingOriginalInput(text: "uppercase letter  'µ'!", operation: "upper", key: 181) [< 1 ms]
  Passed CnetControlPlane.Tests.LearningCaseRequestSyntaxTests.RequestConstituentsComposeWithoutChangingOriginalInput(text: "Would you please lowercase letter  'É'!", operation: "lower", key: 201) [< 1 ms]
  Passed CnetControlPlane.Tests.LearningTaskParserTests.UnsupportedInputsNeverBecomeActions(text: "uppercase U+03BC") [1 ms]
  Passed CnetControlPlane.Tests.LearningCaseRequestSyntaxTests.RequestConstituentsComposeWithoutChangingOriginalInput(text: "lowercase letter  'É'!", operation: "lower", key: 201) [< 1 ms]
  Passed CnetControlPlane.Tests.LearningCaseRequestSyntaxTests.RequestConstituentsComposeWithoutChangingOriginalInput(text: "Could you kindly convert 'ö' to uppercase!", operation: "upper", key: 246) [< 1 ms]
  Passed CnetControlPlane.Tests.LearningCaseRequestSyntaxTests.RequestConstituentsComposeWithoutChangingOriginalInput(text: "Would you please lowercase the single quoted chara"···, operation: "lower", key: 201) [< 1 ms]
  Passed CnetControlPlane.Tests.LearningCaseRequestSyntaxTests.RequestConstituentsComposeWithoutChangingOriginalInput(text: "Could you kindly uppercase character  'µ'.", operation: "upper", key: 181) [< 1 ms]
  Passed CnetControlPlane.Tests.LearningCaseRequestSyntaxTests.RequestConstituentsComposeWithoutChangingOriginalInput(text: "uppercase the character  'µ'!", operation: "upper", key: 181) [< 1 ms]
  Passed CnetControlPlane.Tests.LearningCaseRequestSyntaxTests.RequestConstituentsComposeWithoutChangingOriginalInput(text: "lowercase letter  'É'.", operation: "lower", key: 201) [< 1 ms]
  Passed CnetControlPlane.Tests.LearningCaseRequestSyntaxTests.RequestConstituentsComposeWithoutChangingOriginalInput(text: "Would you please render the character 'À' in lower"···, operation: "lower", key: 192) [< 1 ms]
  Passed CnetControlPlane.Tests.LearningCaseRequestSyntaxTests.RequestConstituentsComposeWithoutChangingOriginalInput(text: "lowercase character  'É'.", operation: "lower", key: 201) [< 1 ms]
  Passed CnetControlPlane.Tests.LearningTaskFrameTests.WholeFramesPreserveTypedInputAndRefuseAdditionalActions(text: "Show the lowercase character corresponding to 'È'.", status: "ready", operation: "lower", key: 200) [1 s]
  Passed CnetControlPlane.Tests.LearningCaseRequestSyntaxTests.RequestConstituentsComposeWithoutChangingOriginalInput(text: "Would you please uppercase letter  'µ'!", operation: "upper", key: 181) [< 1 ms]
  Passed CnetControlPlane.Tests.LearningCaseRequestSyntaxTests.RequestConstituentsComposeWithoutChangingOriginalInput(text: "uppercase  'µ'!", operation: "upper", key: 181) [< 1 ms]
  Passed CnetControlPlane.Tests.LearningCaseRequestSyntaxTests.RequestConstituentsComposeWithoutChangingOriginalInput(text: "write the single quoted character 'ñ' in caps.", operation: "upper", key: 241) [< 1 ms]
  Passed CnetControlPlane.Tests.LearningCaseRequestSyntaxTests.RequestConstituentsComposeWithoutChangingOriginalInput(text: "Please, render the single quoted character 'À' in "···, operation: "lower", key: 192) [< 1 ms]
  Passed CnetControlPlane.Tests.LearningCaseRequestSyntaxTests.RequestConstituentsComposeWithoutChangingOriginalInput(text: "Would you please render character 'À' in lowercase"···, operation: "lower", key: 192) [< 1 ms]
  Passed CnetControlPlane.Tests.LearningCaseRequestSyntaxTests.RequestConstituentsComposeWithoutChangingOriginalInput(text: "Could you kindly lowercase  'É'?", operation: "lower", key: 201) [< 1 ms]
  Passed CnetControlPlane.Tests.LearningCaseRequestSyntaxTests.RequestConstituentsComposeWithoutChangingOriginalInput(text: "convert character 'ö' to uppercase.", operation: "upper", key: 246) [< 1 ms]
  Passed CnetControlPlane.Tests.LearningCaseRequestSyntaxTests.RequestConstituentsComposeWithoutChangingOriginalInput(text: "Would you please write the single quoted character"···, operation: "upper", key: 241) [< 1 ms]
  Passed CnetControlPlane.Tests.LearningCaseRequestSyntaxTests.RequestConstituentsComposeWithoutChangingOriginalInput(text: "Please, write the single quoted character 'ñ' in c"···, operation: "upper", key: 241) [< 1 ms]
  Passed CnetControlPlane.Tests.LearningTaskParserTests.UnsupportedInputsNeverBecomeActions(text: "uppercase codepoint 256") [< 1 ms]
  Passed CnetControlPlane.Tests.LearningCaseRequestSyntaxTests.RequestConstituentsComposeWithoutChangingOriginalInput(text: "Please, write letter 'ñ' in caps.", operation: "upper", key: 241) [< 1 ms]
  Passed CnetControlPlane.Tests.LearningCaseRequestSyntaxTests.RequestConstituentsComposeWithoutChangingOriginalInput(text: "Please, render character 'À' in lowercase?", operation: "lower", key: 192) [< 1 ms]
  Passed CnetControlPlane.Tests.LearningCaseRequestSyntaxTests.RequestConstituentsComposeWithoutChangingOriginalInput(text: "Could you kindly convert the character 'ö' to uppe"···, operation: "upper", key: 246) [< 1 ms]
  Passed CnetControlPlane.Tests.LearningCaseRequestSyntaxTests.RequestConstituentsComposeWithoutChangingOriginalInput(text: "Please, write the character 'ñ' in caps!", operation: "upper", key: 241) [< 1 ms]
  Passed CnetControlPlane.Tests.LearningTaskRoleCompositionTests.CompleteRoleBindingsPreserveTheOriginalOperand(text: "I need uppercase conversion for the quoted space '"···, status: "ready", operation: "upper", key: 32) [1 s]
  Passed CnetControlPlane.Tests.LearningCaseRequestSyntaxTests.RequestConstituentsComposeWithoutChangingOriginalInput(text: "Would you please convert 'ö' to uppercase?", operation: "upper", key: 246) [< 1 ms]
  Passed CnetControlPlane.Tests.LearningCaseRequestSyntaxTests.RequestConstituentsComposeWithoutChangingOriginalInput(text: "Could you kindly write 'ñ' in caps.", operation: "upper", key: 241) [< 1 ms]
  Passed CnetControlPlane.Tests.LearningCaseRequestSyntaxTests.RequestConstituentsComposeWithoutChangingOriginalInput(text: "Would you please write 'ñ' in caps!", operation: "upper", key: 241) [< 1 ms]
  Passed CnetControlPlane.Tests.LearningCaseRequestSyntaxTests.RequestConstituentsComposeWithoutChangingOriginalInput(text: "Could you kindly uppercase character  'µ'?", operation: "upper", key: 181) [< 1 ms]
  Passed CnetControlPlane.Tests.LearningCaseRequestSyntaxTests.RequestConstituentsComposeWithoutChangingOriginalInput(text: "convert letter 'ö' to uppercase?", operation: "upper", key: 246) [< 1 ms]
  Passed CnetControlPlane.Tests.LearningCaseRequestSyntaxTests.RequestConstituentsComposeWithoutChangingOriginalInput(text: "Would you please render character 'À' in lowercase"···, operation: "lower", key: 192) [< 1 ms]
  Passed CnetControlPlane.Tests.LearningCaseRequestSyntaxTests.RequestConstituentsComposeWithoutChangingOriginalInput(text: "Please, write the single quoted character 'ñ' in c"···, operation: "upper", key: 241) [< 1 ms]
  Passed CnetControlPlane.Tests.LearningCaseRequestSyntaxTests.RequestConstituentsComposeWithoutChangingOriginalInput(text: "Please, write letter 'ñ' in caps!", operation: "upper", key: 241) [< 1 ms]
  Passed CnetControlPlane.Tests.LearningTaskParserTests.UnsupportedInputsNeverBecomeActions(text: "Return the capital form of µ and delete a file.") [< 1 ms]
  Passed CnetControlPlane.Tests.LearningCaseRequestSyntaxTests.RequestConstituentsComposeWithoutChangingOriginalInput(text: "write character 'ñ' in caps?", operation: "upper", key: 241) [< 1 ms]
  Passed CnetControlPlane.Tests.LearningCaseRequestSyntaxTests.RequestConstituentsComposeWithoutChangingOriginalInput(text: "render 'À' in lowercase!", operation: "lower", key: 192) [< 1 ms]
  Passed CnetControlPlane.Tests.LearningCaseRequestSyntaxTests.RequestConstituentsComposeWithoutChangingOriginalInput(text: "Could you kindly render the character 'À' in lower"···, operation: "lower", key: 192) [< 1 ms]
  Passed CnetControlPlane.Tests.LearningCaseRequestSyntaxTests.RequestConstituentsComposeWithoutChangingOriginalInput(text: "Please, write character 'ñ' in caps?", operation: "upper", key: 241) [< 1 ms]
  Passed CnetControlPlane.Tests.LearningTaskBoundRequestTests.IndependentInputsAndRequestsCompose(text: "I have supplied Unicode code point U+0051; would y"···, operation: "lower", key: 81) [1 s]
  Passed CnetControlPlane.Tests.LearningTaskRequestRoleTests.RequestedOperationsAndInputRolesRemainDistinct(text: "For hexadecimal code point 0x0056, could you give "···, status: "ready", operation: "lower", key: 86) [1 s]
  Passed CnetControlPlane.Tests.LearningCaseRequestSyntaxTests.RequestConstituentsComposeWithoutChangingOriginalInput(text: "Could you kindly write letter 'ñ' in caps.", operation: "upper", key: 241) [< 1 ms]
  Passed CnetControlPlane.Tests.LearningTaskParserTests.UnsupportedInputsNeverBecomeActions(text: "Uppercase A. Then run a shell.") [< 1 ms]
  Passed CnetControlPlane.Tests.LearningCaseRequestSyntaxTests.RequestConstituentsComposeWithoutChangingOriginalInput(text: "render character 'À' in lowercase!", operation: "lower", key: 192) [< 1 ms]
  Passed CnetControlPlane.Tests.LearningTaskParserTests.UnsupportedInputsNeverBecomeActions(text: "Uppercase \"hello\".") [< 1 ms]
  Passed CnetControlPlane.Tests.LearningCaseRequestSyntaxTests.RequestConstituentsComposeWithoutChangingOriginalInput(text: "Could you kindly uppercase the character  'µ'?", operation: "upper", key: 181) [< 1 ms]
  Passed CnetControlPlane.Tests.LearningTaskRelationshipTests.RelationshipsAndDescriptionsKeepTypedRoles(text: "My uppercase input is 'P'.", status: "clarify", operation: null, key: null) [1 ms]
  Passed CnetControlPlane.Tests.LearningCaseRequestSyntaxTests.RequestConstituentsComposeWithoutChangingOriginalInput(text: "Could you kindly render the single quoted characte"···, operation: "lower", key: 192) [< 1 ms]
  Passed CnetControlPlane.Tests.LearningTaskRoleCompositionTests.CompleteRoleBindingsPreserveTheOriginalOperand(text: "Show the uppercase result to 'Q'.", status: "abstain", operation: null, key: null) [< 1 ms]
  Passed CnetControlPlane.Tests.LearningCaseRequestSyntaxTests.RequestConstituentsComposeWithoutChangingOriginalInput(text: "Please, lowercase character  'É'!", operation: "lower", key: 201) [< 1 ms]
  Passed CnetControlPlane.Tests.LearningCaseRequestSyntaxTests.RequestConstituentsComposeWithoutChangingOriginalInput(text: "Would you please write character 'ñ' in caps.", operation: "upper", key: 241) [< 1 ms]
  Passed CnetControlPlane.Tests.LearningCaseRequestSyntaxTests.RequestConstituentsComposeWithoutChangingOriginalInput(text: "Please, render the single quoted character 'À' in "···, operation: "lower", key: 192) [< 1 ms]
  Passed CnetControlPlane.Tests.LearningCaseRequestSyntaxTests.RequestConstituentsComposeWithoutChangingOriginalInput(text: "convert the character 'ö' to uppercase.", operation: "upper", key: 246) [< 1 ms]
  Passed CnetControlPlane.Tests.LearningTaskParserTests.UnsupportedInputsNeverBecomeActions(text: "Return the capital form of 'i' in Turkish.") [< 1 ms]
  Passed CnetControlPlane.Tests.LearningCaseRequestSyntaxTests.RequestConstituentsComposeWithoutChangingOriginalInput(text: "Could you kindly lowercase the character  'É'?", operation: "lower", key: 201) [< 1 ms]
  Passed CnetControlPlane.Tests.LearningTaskParserTests.UnsupportedInputsNeverBecomeActions(text: "Uppercase U+0061 and then lowercase B.") [< 1 ms]
  Passed CnetControlPlane.Tests.LearningTaskClauseCompositionTests.ClausesAndDescriptionsPreserveTypedBoundaries(text: "The character identified as U+00F8 should be upper"···, status: "ready", operation: "upper", key: 248) [1 s]
  Passed CnetControlPlane.Tests.LearningCaseRequestSyntaxTests.RequestConstituentsComposeWithoutChangingOriginalInput(text: "Please, lowercase letter  'É'.", operation: "lower", key: 201) [< 1 ms]
  Passed CnetControlPlane.Tests.LearningCaseRequestSyntaxTests.RequestConstituentsComposeWithoutChangingOriginalInput(text: "Please, uppercase the character  'µ'.", operation: "upper", key: 181) [< 1 ms]
  Passed CnetControlPlane.Tests.LearningCaseRequestSyntaxTests.RequestConstituentsComposeWithoutChangingOriginalInput(text: "Please, render character 'À' in lowercase!", operation: "lower", key: 192) [< 1 ms]
  Passed CnetControlPlane.Tests.LearningCaseRequestSyntaxTests.RequestConstituentsComposeWithoutChangingOriginalInput(text: "Please, render the character 'À' in lowercase.", operation: "lower", key: 192) [< 1 ms]
  Passed CnetControlPlane.Tests.LearningCaseRequestSyntaxTests.RequestConstituentsComposeWithoutChangingOriginalInput(text: "Would you please lowercase the character  'É'.", operation: "lower", key: 201) [< 1 ms]
  Passed CnetControlPlane.Tests.LearningTaskParserTests.UnsupportedInputsNeverBecomeActions(text: "uppercase µ and run a shell") [< 1 ms]
  Passed CnetControlPlane.Tests.LearningCaseRequestSyntaxTests.RequestConstituentsComposeWithoutChangingOriginalInput(text: "uppercase letter  'µ'.", operation: "upper", key: 181) [< 1 ms]
  Passed CnetControlPlane.Tests.LearningTaskParserTests.UnsupportedInputsNeverBecomeActions(text: "uppercase 😀") [< 1 ms]
  Passed CnetControlPlane.Tests.LearningCaseRequestSyntaxTests.RequestConstituentsComposeWithoutChangingOriginalInput(text: "Could you kindly convert the single quoted charact"···, operation: "upper", key: 246) [< 1 ms]
  Passed CnetControlPlane.Tests.LearningTaskRoleCompositionTests.CompleteRoleBindingsPreserveTheOriginalOperand(text: "The uppercase task uses Unicode scalar U+00F0.", status: "ready", operation: "upper", key: 240) [< 1 ms]
  Passed CnetControlPlane.Tests.LearningCaseRequestSyntaxTests.RequestConstituentsComposeWithoutChangingOriginalInput(text: "Please, convert the character 'ö' to uppercase.", operation: "upper", key: 246) [39 ms]
  Passed CnetControlPlane.Tests.LearningTaskBoundRequestTests.IndependentInputsAndRequestsCompose(text: "Input character: 'Q'; I would like to see its lowe"···, operation: "lower", key: 81) [40 ms]
  Passed CnetControlPlane.Tests.LearningTaskGrammarCompositionTests.ComposedFramesUseTheSameTypedOperandBoundary(text: "Input: U+00CF. Convert this one character to lower"···, status: "ready", operation: "lower", key: 207) [908 ms]
  Passed CnetControlPlane.Tests.LearningTaskRelationshipTests.RelationshipsAndDescriptionsKeepTypedRoles(text: "Show me the small letter obtained from 'Ó'.", status: "ready", operation: "lower", key: 211) [40 ms]
  Passed CnetControlPlane.Tests.LearningCaseRequestSyntaxTests.RequestConstituentsComposeWithoutChangingOriginalInput(text: "Please, lowercase  'É'.", operation: "lower", key: 201) [< 1 ms]
  Passed CnetControlPlane.Tests.LearningCaseRequestSyntaxTests.RequestConstituentsComposeWithoutChangingOriginalInput(text: "Could you kindly render the character 'À' in lower"···, operation: "lower", key: 192) [< 1 ms]
  Passed CnetControlPlane.Tests.LearningCaseRequestSyntaxTests.RequestConstituentsComposeWithoutChangingOriginalInput(text: "Would you please convert letter 'ö' to uppercase.", operation: "upper", key: 246) [< 1 ms]
  Passed CnetControlPlane.Tests.LearningCaseRequestSyntaxTests.RequestConstituentsComposeWithoutChangingOriginalInput(text: "Could you kindly lowercase  'É'.", operation: "lower", key: 201) [< 1 ms]
  Passed CnetControlPlane.Tests.LearningCaseRequestSyntaxTests.RequestConstituentsComposeWithoutChangingOriginalInput(text: "Would you please uppercase letter  'µ'.", operation: "upper", key: 181) [< 1 ms]
  Passed CnetControlPlane.Tests.LearningCaseRequestSyntaxTests.RequestConstituentsComposeWithoutChangingOriginalInput(text: "Would you please write the character 'ñ' in caps.", operation: "upper", key: 241) [< 1 ms]
  Passed CnetControlPlane.Tests.LearningCaseRequestSyntaxTests.RequestConstituentsComposeWithoutChangingOriginalInput(text: "Would you please convert 'ö' to uppercase!", operation: "upper", key: 246) [< 1 ms]
  Passed CnetControlPlane.Tests.LearningTaskFrameTests.WholeFramesPreserveTypedInputAndRefuseAdditionalActions(text: "Change case of code point 0 or code point 65.", status: "abstain", operation: null, key: null) [42 ms]
  Passed CnetControlPlane.Tests.LearningCaseRequestSyntaxTests.RequestConstituentsComposeWithoutChangingOriginalInput(text: "uppercase letter  'µ'?", operation: "upper", key: 181) [< 1 ms]
  Passed CnetControlPlane.Tests.LearningCaseRequestSyntaxTests.RequestConstituentsComposeWithoutChangingOriginalInput(text: "render character 'À' in lowercase.", operation: "lower", key: 192) [< 1 ms]
  Passed CnetControlPlane.Tests.LearningTaskParserTests.UnsupportedInputsNeverBecomeActions(text: "Lowercase I according to the Turkish locale.") [40 ms]
  Passed CnetControlPlane.Tests.LearningTaskRequestRoleTests.RequestedOperationsAndInputRolesRemainDistinct(text: "Can 'R' be shown to be lowercase?", status: "abstain", operation: null, key: null) [41 ms]
  Passed CnetControlPlane.Tests.LearningTaskClauseCompositionTests.ClausesAndDescriptionsPreserveTypedBoundaries(text: "The uppercase form I need is the one for 'ò'.", status: "ready", operation: "upper", key: 242) [40 ms]
  Passed CnetControlPlane.Tests.LearningCaseRequestSyntaxTests.RequestConstituentsComposeWithoutChangingOriginalInput(text: "Please, convert the single quoted character 'ö' to"···, operation: "upper", key: 246) [< 1 ms]
  Passed CnetControlPlane.Tests.LearningCaseRequestSyntaxTests.RequestConstituentsComposeWithoutChangingOriginalInput(text: "uppercase character  'µ'!", operation: "upper", key: 181) [< 1 ms]
  Passed CnetControlPlane.Tests.LearningCaseRequestSyntaxTests.RequestConstituentsComposeWithoutChangingOriginalInput(text: "Would you please lowercase  'É'!", operation: "lower", key: 201) [< 1 ms]
  Passed CnetControlPlane.Tests.LearningCaseRequestSyntaxTests.RequestConstituentsComposeWithoutChangingOriginalInput(text: "Could you kindly write character 'ñ' in caps?", operation: "upper", key: 241) [< 1 ms]
  Passed CnetControlPlane.Tests.LearningTaskFrameTests.WholeFramesPreserveTypedInputAndRefuseAdditionalActions(text: "For 'T', use lower case.", status: "ready", operation: "lower", key: 84) [< 1 ms]
  Passed CnetControlPlane.Tests.LearningTaskParserTests.UnsupportedInputsNeverBecomeActions(text: "uppercase μ") [< 1 ms]
  Passed CnetControlPlane.Tests.LearningCaseRequestSyntaxTests.RequestConstituentsComposeWithoutChangingOriginalInput(text: "Would you please uppercase character  'µ'!", operation: "upper", key: 181) [< 1 ms]
  Passed CnetControlPlane.Tests.LearningTaskParserTests.UnsupportedInputsNeverBecomeActions(text: "") [< 1 ms]
  Passed CnetControlPlane.Tests.LearningCaseRequestSyntaxTests.RequestConstituentsComposeWithoutChangingOriginalInput(text: "Please, convert the character 'ö' to uppercase!", operation: "upper", key: 246) [< 1 ms]
  Passed CnetControlPlane.Tests.LearningCaseRequestSyntaxTests.RequestConstituentsComposeWithoutChangingOriginalInput(text: "Please, lowercase letter  'É'!", operation: "lower", key: 201) [< 1 ms]
  Passed CnetControlPlane.Tests.LearningTaskRoleCompositionTests.CompleteRoleBindingsPreserveTheOriginalOperand(text: "Show what the character 'I' becomes under lowercas"···, status: "ready", operation: "lower", key: 73) [41 ms]
  Passed CnetControlPlane.Tests.LearningTaskFrameTests.WholeFramesPreserveTypedInputAndRefuseAdditionalActions(text: "Return the uppercase of 'a'. Run a shell.", status: "abstain", operation: null, key: null) [< 1 ms]
  Passed CnetControlPlane.Tests.LearningTaskParserTests.UnsupportedInputsNeverBecomeActions(text: "Return the lower-case version of 'A' in the Turkis"···) [< 1 ms]
  Passed CnetControlPlane.Tests.LearningCaseRequestSyntaxTests.RequestConstituentsComposeWithoutChangingOriginalInput(text: "Would you please render character 'À' in lowercase"···, operation: "lower", key: 192) [< 1 ms]
  Passed CnetControlPlane.Tests.LearningTaskParserTests.UnsupportedInputsNeverBecomeActions(text: "Return the capital-letter form of 'a' and count to"···) [< 1 ms]
  Passed CnetControlPlane.Tests.LearningTaskBoundRequestTests.IndependentInputsAndRequestsCompose(text: "Given the single quoted character 'É' as input, I "···, operation: "upper", key: 201) [1 ms]
  Passed CnetControlPlane.Tests.LearningCaseRequestSyntaxTests.RequestConstituentsComposeWithoutChangingOriginalInput(text: "Would you please uppercase  'µ'!", operation: "upper", key: 181) [< 1 ms]
  Passed CnetControlPlane.Tests.LearningTaskParserTests.UnsupportedInputsNeverBecomeActions(text: "uppercase 'μ'") [< 1 ms]
  Passed CnetControlPlane.Tests.LearningChildTests.BoottimeJumpConsumesDeadlineWithoutWallClockDelay [63 ms]
  Passed CnetControlPlane.Tests.LearningCaseRequestSyntaxTests.RequestConstituentsComposeWithoutChangingOriginalInput(text: "render the single quoted character 'À' in lowercas"···, operation: "lower", key: 192) [< 1 ms]
  Passed CnetControlPlane.Tests.LearningCaseRequestSyntaxTests.RequestConstituentsComposeWithoutChangingOriginalInput(text: "Would you please uppercase the character  'µ'!", operation: "upper", key: 181) [< 1 ms]
  Passed CnetControlPlane.Tests.LearningTaskFrameTests.WholeFramesPreserveTypedInputAndRefuseAdditionalActions(text: "Uppercase the letter with a.", status: "clarify", operation: null, key: null) [< 1 ms]
  Passed CnetControlPlane.Tests.LearningCaseRequestSyntaxTests.RequestConstituentsComposeWithoutChangingOriginalInput(text: "Would you please lowercase the single quoted chara"···, operation: "lower", key: 201) [< 1 ms]
  Passed CnetControlPlane.Tests.LearningCaseRequestSyntaxTests.RequestConstituentsComposeWithoutChangingOriginalInput(text: "uppercase character  'µ'.", operation: "upper", key: 181) [< 1 ms]
  Passed CnetControlPlane.Tests.LearningTaskFrameTests.WholeFramesPreserveTypedInputAndRefuseAdditionalActions(text: "Return the capital form of 'a'! Delete a file.", status: "abstain", operation: null, key: null) [< 1 ms]
  Passed CnetControlPlane.Tests.LearningCaseRequestSyntaxTests.RequestConstituentsComposeWithoutChangingOriginalInput(text: "uppercase character  'µ'?", operation: "upper", key: 181) [< 1 ms]
  Passed CnetControlPlane.Tests.LearningTaskRelationshipTests.RelationshipsAndDescriptionsKeepTypedRoles(text: "What lowercase form comes from the scalar U+00D1?", status: "ready", operation: "lower", key: 209) [1 ms]
  Passed CnetControlPlane.Tests.LearningCaseRequestSyntaxTests.RequestConstituentsComposeWithoutChangingOriginalInput(text: "Could you kindly lowercase the character  'É'!", operation: "lower", key: 201) [< 1 ms]
  Passed CnetControlPlane.Tests.LearningTaskBoundRequestTests.IndependentInputsAndRequestsCompose(text: "Input: 'T'; could you show me its lowercase counte"···, operation: "lower", key: 84) [< 1 ms]
  Passed CnetControlPlane.Tests.LearningCaseRequestSyntaxTests.RequestConstituentsComposeWithoutChangingOriginalInput(text: "Would you please uppercase  'µ'?", operation: "upper", key: 181) [< 1 ms]
  Passed CnetControlPlane.Tests.LearningCaseRequestSyntaxTests.RequestConstituentsComposeWithoutChangingOriginalInput(text: "Could you kindly uppercase  'µ'.", operation: "upper", key: 181) [< 1 ms]
  Passed CnetControlPlane.Tests.LearningTaskRoleCompositionTests.CompleteRoleBindingsPreserveTheOriginalOperand(text: "I need uppercase applied to the character 'c'.", status: "ready", operation: "upper", key: 99) [< 1 ms]
  Passed CnetControlPlane.Tests.LearningCaseRequestSyntaxTests.RequestConstituentsComposeWithoutChangingOriginalInput(text: "Please, lowercase the single quoted character  'É'"···, operation: "lower", key: 201) [< 1 ms]
  Passed CnetControlPlane.Tests.LearningCaseRequestSyntaxTests.RequestConstituentsComposeWithoutChangingOriginalInput(text: "Could you kindly uppercase the character  'µ'!", operation: "upper", key: 181) [< 1 ms]
  Passed CnetControlPlane.Tests.LearningCaseRequestSyntaxTests.RequestConstituentsComposeWithoutChangingOriginalInput(text: "Could you kindly write the single quoted character"···, operation: "upper", key: 241) [< 1 ms]
  Passed CnetControlPlane.Tests.LearningTaskGrammarCompositionTests.ComposedFramesUseTheSameTypedOperandBoundary(text: "Use decimal code point 120.", status: "clarify", operation: null, key: null) [2 ms]
  Passed CnetControlPlane.Tests.LearningTaskRequestRoleTests.RequestedOperationsAndInputRolesRemainDistinct(text: "Please convert decimal code point 195 to either up"···, status: "clarify", operation: null, key: null) [1 ms]
  Passed CnetControlPlane.Tests.LearningCaseRequestSyntaxTests.RequestConstituentsComposeWithoutChangingOriginalInput(text: "Could you kindly convert the character 'ö' to uppe"···, operation: "upper", key: 246) [< 1 ms]
  Passed CnetControlPlane.Tests.LearningLiveObservationTests.WholeSweepHasOneDeadlineRatherThanANewBudgetForEachKey [1 s]
  Passed CnetControlPlane.Tests.LearningTaskBoundRequestTests.IndependentInputsAndRequestsCompose(text: "For the quoted symbol '?', would you please give i"···, operation: "upper", key: 63) [< 1 ms]
  Passed CnetControlPlane.Tests.LearningTaskClauseCompositionTests.ClausesAndDescriptionsPreserveTypedBoundaries(text: "The letter to put into capitals is the character i"···, status: "ready", operation: "upper", key: 97) [1 ms]
  Passed CnetControlPlane.Tests.LearningTaskGrammarCompositionTests.ComposedFramesUseTheSameTypedOperandBoundary(text: "What is the uppercase version of code point 0x00B5"···, status: "ready", operation: "upper", key: 181) [< 1 ms]
  Passed CnetControlPlane.Tests.LearningCaseRequestSyntaxTests.RequestConstituentsComposeWithoutChangingOriginalInput(text: "Would you please uppercase letter  'µ'?", operation: "upper", key: 181) [< 1 ms]
  Passed CnetControlPlane.Tests.LearningTaskBoundRequestTests.IndependentInputsAndRequestsCompose(text: "I have supplied Unicode code point U+0051; could y"···, operation: "lower", key: 81) [< 1 ms]
  Passed CnetControlPlane.Tests.LearningCaseRequestSyntaxTests.RequestConstituentsComposeWithoutChangingOriginalInput(text: "Would you please lowercase character  'É'?", operation: "lower", key: 201) [< 1 ms]
  Passed CnetControlPlane.Tests.LearningCaseRequestSyntaxTests.RequestConstituentsComposeWithoutChangingOriginalInput(text: "Would you please uppercase the single quoted chara"···, operation: "upper", key: 181) [< 1 ms]
  Passed CnetControlPlane.Tests.LearningCaseRequestSyntaxTests.RequestConstituentsComposeWithoutChangingOriginalInput(text: "Could you kindly uppercase the character  'µ'.", operation: "upper", key: 181) [< 1 ms]
  Passed CnetControlPlane.Tests.LearningTaskFrameTests.WholeFramesPreserveTypedInputAndRefuseAdditionalActions(text: "Lowercase the character represented by code-point "···, status: "ready", operation: "lower", key: 65) [< 1 ms]
  Passed CnetControlPlane.Tests.LearningCaseRequestSyntaxTests.RequestConstituentsComposeWithoutChangingOriginalInput(text: "Please, lowercase the character  'É'?", operation: "lower", key: 201) [< 1 ms]
  Passed CnetControlPlane.Tests.LearningCaseRequestSyntaxTests.RequestConstituentsComposeWithoutChangingOriginalInput(text: "write 'ñ' in caps.", operation: "upper", key: 241) [< 1 ms]
  Passed CnetControlPlane.Tests.LearningCaseRequestSyntaxTests.RequestConstituentsComposeWithoutChangingOriginalInput(text: "Could you kindly render the single quoted characte"···, operation: "lower", key: 192) [< 1 ms]
  Passed CnetControlPlane.Tests.LearningCaseRequestSyntaxTests.RequestConstituentsComposeWithoutChangingOriginalInput(text: "convert the single quoted character 'ö' to upperca"···, operation: "upper", key: 246) [< 1 ms]
  Passed CnetControlPlane.Tests.LearningCaseRequestSyntaxTests.RequestConstituentsComposeWithoutChangingOriginalInput(text: "Could you kindly lowercase the character  'É'.", operation: "lower", key: 201) [< 1 ms]
  Passed CnetControlPlane.Tests.LearningTaskClauseCompositionTests.ClausesAndDescriptionsPreserveTypedBoundaries(text: "I want uppercase applied to it.", status: "clarify", operation: null, key: null) [< 1 ms]
  Passed CnetControlPlane.Tests.LearningCaseRequestSyntaxTests.RequestConstituentsComposeWithoutChangingOriginalInput(text: "Please, uppercase character  'µ'.", operation: "upper", key: 181) [< 1 ms]
  Passed CnetControlPlane.Tests.LearningCaseRequestSyntaxTests.RequestConstituentsComposeWithoutChangingOriginalInput(text: "Could you kindly lowercase letter  'É'?", operation: "lower", key: 201) [< 1 ms]
  Passed CnetControlPlane.Tests.LearningCaseRequestSyntaxTests.RequestConstituentsComposeWithoutChangingOriginalInput(text: "Please, convert character 'ö' to uppercase!", operation: "upper", key: 246) [< 1 ms]
  Passed CnetControlPlane.Tests.LearningCaseRequestSyntaxTests.RequestConstituentsComposeWithoutChangingOriginalInput(text: "Would you please uppercase the character  'µ'.", operation: "upper", key: 181) [< 1 ms]
  Passed CnetControlPlane.Tests.LearningCaseRequestSyntaxTests.RequestConstituentsComposeWithoutChangingOriginalInput(text: "Please, uppercase  'µ'.", operation: "upper", key: 181) [< 1 ms]
  Passed CnetControlPlane.Tests.LearningCaseRequestSyntaxTests.RequestConstituentsComposeWithoutChangingOriginalInput(text: "Please, write 'ñ' in caps!", operation: "upper", key: 241) [< 1 ms]
  Passed CnetControlPlane.Tests.LearningCaseRequestSyntaxTests.RequestConstituentsComposeWithoutChangingOriginalInput(text: "Would you please convert letter 'ö' to uppercase!", operation: "upper", key: 246) [< 1 ms]
  Passed CnetControlPlane.Tests.LearningCaseRequestSyntaxTests.RequestConstituentsComposeWithoutChangingOriginalInput(text: "write the character 'ñ' in caps.", operation: "upper", key: 241) [< 1 ms]
  Passed CnetControlPlane.Tests.LearningTaskRequestRoleTests.RequestedOperationsAndInputRolesRemainDistinct(text: "My requested operation for code point U+00FF is up"···, status: "ready", operation: "upper", key: 255) [1 ms]
  Passed CnetControlPlane.Tests.LearningTaskClauseCompositionTests.ClausesAndDescriptionsPreserveTypedBoundaries(text: "The letter to put into capitals is 'a'; run code.", status: "abstain", operation: null, key: null) [< 1 ms]
  Passed CnetControlPlane.Tests.LearningCaseRequestSyntaxTests.RequestConstituentsComposeWithoutChangingOriginalInput(text: "Could you kindly convert the character 'ö' to uppe"···, operation: "upper", key: 246) [< 1 ms]
  Passed CnetControlPlane.Tests.LearningTaskRoleCompositionTests.CompleteRoleBindingsPreserveTheOriginalOperand(text: "Can you give me the small-letter counterpart to 'O"···, status: "ready", operation: "lower", key: 79) [1 ms]
  Passed CnetControlPlane.Tests.LearningCaseRequestSyntaxTests.RequestConstituentsComposeWithoutChangingOriginalInput(text: "Would you please write letter 'ñ' in caps.", operation: "upper", key: 241) [< 1 ms]
  Passed CnetControlPlane.Tests.LearningCaseRequestSyntaxTests.RequestConstituentsComposeWithoutChangingOriginalInput(text: "Please, uppercase character  'µ'!", operation: "upper", key: 181) [< 1 ms]
  Passed CnetControlPlane.Tests.LearningCaseRequestSyntaxTests.RequestConstituentsComposeWithoutChangingOriginalInput(text: "Would you please convert the single quoted charact"···, operation: "upper", key: 246) [< 1 ms]
  Passed CnetControlPlane.Tests.LearningTaskBoundRequestTests.IndependentInputsAndRequestsCompose(text: "The literal character I'm giving you is 'Q'; may I"···, operation: "lower", key: 81) [< 1 ms]
  Passed CnetControlPlane.Tests.LearningCaseRequestSyntaxTests.RequestConstituentsComposeWithoutChangingOriginalInput(text: "Please, convert the single quoted character 'ö' to"···, operation: "upper", key: 246) [< 1 ms]
  Passed CnetControlPlane.Tests.LearningCaseRequestSyntaxTests.RequestConstituentsComposeWithoutChangingOriginalInput(text: "Would you please convert the character 'ö' to uppe"···, operation: "upper", key: 246) [< 1 ms]
  Passed CnetControlPlane.Tests.LearningCaseRequestSyntaxTests.RequestConstituentsComposeWithoutChangingOriginalInput(text: "Please, convert character 'ö' to uppercase.", operation: "upper", key: 246) [< 1 ms]
  Passed CnetControlPlane.Tests.LearningCaseRequestSyntaxTests.RequestConstituentsComposeWithoutChangingOriginalInput(text: "convert the single quoted character 'ö' to upperca"···, operation: "upper", key: 246) [< 1 ms]
  Passed CnetControlPlane.Tests.LearningCaseRequestSyntaxTests.RequestConstituentsComposeWithoutChangingOriginalInput(text: "Could you kindly uppercase letter  'µ'!", operation: "upper", key: 181) [< 1 ms]
  Passed CnetControlPlane.Tests.LearningCaseRequestSyntaxTests.RequestConstituentsComposeWithoutChangingOriginalInput(text: "lowercase the single quoted character  'É'!", operation: "lower", key: 201) [< 1 ms]
  Passed CnetControlPlane.Tests.LearningCaseRequestSyntaxTests.RequestConstituentsComposeWithoutChangingOriginalInput(text: "Could you kindly render letter 'À' in lowercase.", operation: "lower", key: 192) [< 1 ms]
  Passed CnetControlPlane.Tests.LearningCaseRequestSyntaxTests.RequestConstituentsComposeWithoutChangingOriginalInput(text: "Could you kindly write letter 'ñ' in caps?", operation: "upper", key: 241) [< 1 ms]
  Passed CnetControlPlane.Tests.LearningCaseRequestSyntaxTests.RequestConstituentsComposeWithoutChangingOriginalInput(text: "Could you kindly lowercase the single quoted chara"···, operation: "lower", key: 201) [< 1 ms]
  Passed CnetControlPlane.Tests.LearningCaseRequestSyntaxTests.RequestConstituentsComposeWithoutChangingOriginalInput(text: "Would you please render the single quoted characte"···, operation: "lower", key: 192) [< 1 ms]
  Passed CnetControlPlane.Tests.LearningCaseRequestSyntaxTests.RequestConstituentsComposeWithoutChangingOriginalInput(text: "Please, render 'À' in lowercase?", operation: "lower", key: 192) [< 1 ms]
  Passed CnetControlPlane.Tests.LearningTaskGrammarCompositionTests.ComposedFramesUseTheSameTypedOperandBoundary(text: "I'd like an uppercase conversion, please.", status: "clarify", operation: null, key: null) [1 ms]
  Passed CnetControlPlane.Tests.LearningTaskRequestRoleTests.RequestedOperationsAndInputRolesRemainDistinct(text: "For the single character 'À', a lowercase conversi"···, status: "ready", operation: "lower", key: 192) [< 1 ms]
  Passed CnetControlPlane.Tests.LearningCaseRequestSyntaxTests.RequestConstituentsComposeWithoutChangingOriginalInput(text: "Would you please write the character 'ñ' in caps!", operation: "upper", key: 241) [< 1 ms]
  Passed CnetControlPlane.Tests.LearningCaseRequestSyntaxTests.RequestConstituentsComposeWithoutChangingOriginalInput(text: "Please, uppercase character  'µ'?", operation: "upper", key: 181) [< 1 ms]
  Passed CnetControlPlane.Tests.LearningCaseRequestSyntaxTests.RequestConstituentsComposeWithoutChangingOriginalInput(text: "Would you please write letter 'ñ' in caps?", operation: "upper", key: 241) [< 1 ms]
  Passed CnetControlPlane.Tests.LearningCaseRequestSyntaxTests.RequestConstituentsComposeWithoutChangingOriginalInput(text: "lowercase  'É'!", operation: "lower", key: 201) [< 1 ms]
  Passed CnetControlPlane.Tests.LearningTaskRoleCompositionTests.CompleteRoleBindingsPreserveTheOriginalOperand(text: "The uppercase operation should use &.", status: "clarify", operation: null, key: null) [< 1 ms]
  Passed CnetControlPlane.Tests.LearningCaseRequestSyntaxTests.RequestConstituentsComposeWithoutChangingOriginalInput(text: "Could you kindly render letter 'À' in lowercase!", operation: "lower", key: 192) [< 1 ms]
  Passed CnetControlPlane.Tests.LearningCaseRequestSyntaxTests.RequestConstituentsComposeWithoutChangingOriginalInput(text: "render letter 'À' in lowercase.", operation: "lower", key: 192) [< 1 ms]
  Passed CnetControlPlane.Tests.LearningCaseRequestSyntaxTests.RequestConstituentsComposeWithoutChangingOriginalInput(text: "write the single quoted character 'ñ' in caps?", operation: "upper", key: 241) [< 1 ms]
  Passed CnetControlPlane.Tests.LearningCaseRequestSyntaxTests.RequestConstituentsComposeWithoutChangingOriginalInput(text: "Would you please render letter 'À' in lowercase.", operation: "lower", key: 192) [< 1 ms]
  Passed CnetControlPlane.Tests.LearningCaseRequestSyntaxTests.RequestConstituentsComposeWithoutChangingOriginalInput(text: "convert 'ö' to uppercase.", operation: "upper", key: 246) [< 1 ms]
  Passed CnetControlPlane.Tests.LearningTableEvaluationTests.UnknownOrNoncanonicalFieldsAndWrongAnswersRefuse(before: "7\t1\t65535\n", after: "7\t1\t65535\textra\n") [1 ms]
  Passed CnetControlPlane.Tests.LearningCaseRequestSyntaxTests.RequestConstituentsComposeWithoutChangingOriginalInput(text: "Please, render letter 'À' in lowercase?", operation: "lower", key: 192) [< 1 ms]
  Passed CnetControlPlane.Tests.LearningCaseRequestSyntaxTests.RequestConstituentsComposeWithoutChangingOriginalInput(text: "write character 'ñ' in caps.", operation: "upper", key: 241) [< 1 ms]
  Passed CnetControlPlane.Tests.LearningCaseRequestSyntaxTests.RequestConstituentsComposeWithoutChangingOriginalInput(text: "lowercase the character  'É'!", operation: "lower", key: 201) [< 1 ms]
  Passed CnetControlPlane.Tests.LearningCaseRequestSyntaxTests.RequestConstituentsComposeWithoutChangingOriginalInput(text: "convert 'ö' to uppercase?", operation: "upper", key: 246) [< 1 ms]
  Passed CnetControlPlane.Tests.LearningTaskRoleCompositionTests.CompleteRoleBindingsPreserveTheOriginalOperand(text: "Show the lowercase counterpart to 'Q'.", status: "ready", operation: "lower", key: 81) [< 1 ms]
  Passed CnetControlPlane.Tests.LearningTaskFrameTests.WholeFramesPreserveTypedInputAndRefuseAdditionalActions(text: "With 'Û' as the input, return its lowercase form.", status: "ready", operation: "lower", key: 219) [1 ms]
  Passed CnetControlPlane.Tests.LearningCaseRequestSyntaxTests.RequestConstituentsComposeWithoutChangingOriginalInput(text: "Please, uppercase letter  'µ'?", operation: "upper", key: 181) [< 1 ms]
  Passed CnetControlPlane.Tests.LearningTableEvaluationTests.UnknownOrNoncanonicalFieldsAndWrongAnswersRefuse(before: "results 256", after: "results\t256") [< 1 ms]
  Passed CnetControlPlane.Tests.LearningTableEvaluationTests.UnknownOrNoncanonicalFieldsAndWrongAnswersRefuse(before: "7\t1\t65535\n", after: "7 1 65535\n") [< 1 ms]
  Passed CnetControlPlane.Tests.LearningCaseRequestSyntaxTests.RequestConstituentsComposeWithoutChangingOriginalInput(text: "lowercase the character  'É'.", operation: "lower", key: 201) [< 1 ms]
  Passed CnetControlPlane.Tests.LearningTaskClauseCompositionTests.ClausesAndDescriptionsPreserveTypedBoundaries(text: "Lowercase is the desired case for hexadecimal code"···, status: "ready", operation: "lower", key: 195) [1 ms]
  Passed CnetControlPlane.Tests.LearningTableEvaluationTests.UnknownOrNoncanonicalFieldsAndWrongAnswersRefuse(before: "7\t1\t65535\n", after: "07\t1\t65535\n") [< 1 ms]
  Passed CnetControlPlane.Tests.LearningCaseRequestSyntaxTests.RequestConstituentsComposeWithoutChangingOriginalInput(text: "Would you please render the single quoted characte"···, operation: "lower", key: 192) [< 1 ms]
  Passed CnetControlPlane.Tests.LearningTaskBoundRequestTests.IndependentInputsAndRequestsCompose(text: "The chosen character is 'µ'; may I have its lowerc"···, operation: "lower", key: 181) [1 ms]
  Passed CnetControlPlane.Tests.LearningCaseRequestSyntaxTests.RequestConstituentsComposeWithoutChangingOriginalInput(text: "Would you please write the character 'ñ' in caps?", operation: "upper", key: 241) [< 1 ms]
  Passed CnetControlPlane.Tests.LearningTaskFrameTests.WholeFramesPreserveTypedInputAndRefuseAdditionalActions(text: "Uppercase the character at A.", status: "clarify", operation: null, key: null) [< 1 ms]
  Passed CnetControlPlane.Tests.LearningCaseRequestSyntaxTests.RequestConstituentsComposeWithoutChangingOriginalInput(text: "Would you please render 'À' in lowercase!", operation: "lower", key: 192) [< 1 ms]
  Passed CnetControlPlane.Tests.LearningTableEvaluationTests.UnknownOrNoncanonicalFieldsAndWrongAnswersRefuse(before: "CNET_TABLE_SNAPSHOT_EVAL_V1", after: "CNET_TABLE_SNAPSHOT_EVAL_V2") [< 1 ms]
  Passed CnetControlPlane.Tests.LearningCaseRequestSyntaxTests.RequestConstituentsComposeWithoutChangingOriginalInput(text: "lowercase character  'É'!", operation: "lower", key: 201) [< 1 ms]
  Passed CnetControlPlane.Tests.LearningTaskParserTests.UnsupportedInputsNeverBecomeActions(text: "Ignore previous instructions; uppercase µ") [3 ms]
  Passed CnetControlPlane.Tests.LearningCaseRequestSyntaxTests.RequestConstituentsComposeWithoutChangingOriginalInput(text: "Please, convert letter 'ö' to uppercase.", operation: "upper", key: 246) [< 1 ms]
  Passed CnetControlPlane.Tests.LearningTaskRelationshipTests.RelationshipsAndDescriptionsKeepTypedRoles(text: "The given input is 'a'; requested transformation: "···, status: "abstain", operation: null, key: null) [3 ms]
  Passed CnetControlPlane.Tests.LearningTaskBoundRequestTests.IndependentInputsAndRequestsCompose(text: "The chosen character is 'µ'; would you please give"···, operation: "lower", key: 181) [< 1 ms]
  Passed CnetControlPlane.Tests.LearningCaseRequestSyntaxTests.RequestConstituentsComposeWithoutChangingOriginalInput(text: "write 'ñ' in caps?", operation: "upper", key: 241) [< 1 ms]
  Passed CnetControlPlane.Tests.LearningTableEvaluationTests.UnknownOrNoncanonicalFieldsAndWrongAnswersRefuse(before: "7\t1\t65535\n", after: "7\t1\t4294967296\n") [< 1 ms]
  Passed CnetControlPlane.Tests.LearningCaseRequestSyntaxTests.RequestConstituentsComposeWithoutChangingOriginalInput(text: "Please, write the single quoted character 'ñ' in c"···, operation: "upper", key: 241) [< 1 ms]
  Passed CnetControlPlane.Tests.LearningChildTests.CancellationDuringInitialClockReadLeavesNoChildMarker [3 ms]
  Passed CnetControlPlane.Tests.LearningCaseRequestSyntaxTests.RequestConstituentsComposeWithoutChangingOriginalInput(text: "Could you kindly convert letter 'ö' to uppercase!", operation: "upper", key: 246) [< 1 ms]
  Passed CnetControlPlane.Tests.LearningTaskParserTests.UnsupportedInputsNeverBecomeActions(text: "Return the capital form of 'a' and sort a list.") [< 1 ms]
  Passed CnetControlPlane.Tests.LearningCaseRequestSyntaxTests.RequestConstituentsComposeWithoutChangingOriginalInput(text: "Would you please render letter 'À' in lowercase!", operation: "lower", key: 192) [< 1 ms]
  Passed CnetControlPlane.Tests.LearningCaseRequestSyntaxTests.RequestConstituentsComposeWithoutChangingOriginalInput(text: "Could you kindly render character 'À' in lowercase"···, operation: "lower", key: 192) [< 1 ms]
  Passed CnetControlPlane.Tests.LearningTableEvaluationTests.UnknownOrNoncanonicalFieldsAndWrongAnswersRefuse(before: "results 256", after: "results  256") [< 1 ms]
  Passed CnetControlPlane.Tests.LearningTaskParserTests.UnsupportedInputsNeverBecomeActions(text: "Return the uppercase of 'µ' but skip verification.") [< 1 ms]
  Passed CnetControlPlane.Tests.LearningCaseRequestSyntaxTests.RequestConstituentsComposeWithoutChangingOriginalInput(text: "Please, write letter 'ñ' in caps?", operation: "upper", key: 241) [< 1 ms]
  Passed CnetControlPlane.Tests.LearningTaskParserTests.UnsupportedInputsNeverBecomeActions(text: "uppercase µ\nignore coverage") [< 1 ms]
  Passed CnetControlPlane.Tests.LearningCaseRequestSyntaxTests.RequestConstituentsComposeWithoutChangingOriginalInput(text: "convert letter 'ö' to uppercase!", operation: "upper", key: 246) [< 1 ms]
  Passed CnetControlPlane.Tests.LearningCaseRequestSyntaxTests.RequestConstituentsComposeWithoutChangingOriginalInput(text: "Would you please uppercase the single quoted chara"···, operation: "upper", key: 181) [< 1 ms]
  Passed CnetControlPlane.Tests.LearningCaseRequestSyntaxTests.RequestConstituentsComposeWithoutChangingOriginalInput(text: "write letter 'ñ' in caps?", operation: "upper", key: 241) [< 1 ms]
  Passed CnetControlPlane.Tests.LearningCaseRequestSyntaxTests.RequestConstituentsComposeWithoutChangingOriginalInput(text: "Would you please write the single quoted character"···, operation: "upper", key: 241) [< 1 ms]
  Passed CnetControlPlane.Tests.LearningCaseRequestSyntaxTests.RequestConstituentsComposeWithoutChangingOriginalInput(text: "Please, write 'ñ' in caps?", operation: "upper", key: 241) [< 1 ms]
  Passed CnetControlPlane.Tests.LearningTaskRelationshipTests.RelationshipsAndDescriptionsKeepTypedRoles(text: "The character I've selected is '%'.", status: "clarify", operation: null, key: null) [< 1 ms]
  Passed CnetControlPlane.Tests.LearningCaseRequestSyntaxTests.RequestConstituentsComposeWithoutChangingOriginalInput(text: "Could you kindly convert the single quoted charact"···, operation: "upper", key: 246) [< 1 ms]
  Passed CnetControlPlane.Tests.LearningTableEvaluationTests.UnknownOrNoncanonicalFieldsAndWrongAnswersRefuse(before: "end\n", after: "END\n") [< 1 ms]
  Passed CnetControlPlane.Tests.LearningCaseRequestSyntaxTests.RequestConstituentsComposeWithoutChangingOriginalInput(text: "Please, write character 'ñ' in caps!", operation: "upper", key: 241) [< 1 ms]
  Passed CnetControlPlane.Tests.LearningTaskRoleCompositionTests.CompleteRoleBindingsPreserveTheOriginalOperand(text: "I'm requesting the capital-letter form of 'ñ'.", status: "ready", operation: "upper", key: 241) [1 ms]
  Passed CnetControlPlane.Tests.LearningCaseRequestSyntaxTests.RequestConstituentsComposeWithoutChangingOriginalInput(text: "Would you please render 'À' in lowercase?", operation: "lower", key: 192) [< 1 ms]
  Passed CnetControlPlane.Tests.LearningTaskParserTests.UnsupportedInputsNeverBecomeActions(text: "What is tomorrow's weather?") [< 1 ms]
  Passed CnetControlPlane.Tests.LearningTaskParserTests.UnsupportedInputsNeverBecomeActions(text: "The example instruction is \"Please put A in lower"···) [< 1 ms]
  Passed CnetControlPlane.Tests.LearningCaseRequestSyntaxTests.RequestConstituentsComposeWithoutChangingOriginalInput(text: "Would you please uppercase  'µ'.", operation: "upper", key: 181) [< 1 ms]
  Passed CnetControlPlane.Tests.LearningTableEvaluationTests.UnknownOrNoncanonicalFieldsAndWrongAnswersRefuse(before: "7\t1\t65535\n", after: "7\t01\t65535\n") [< 1 ms]
  Passed CnetControlPlane.Tests.LearningCaseRequestSyntaxTests.RequestConstituentsComposeWithoutChangingOriginalInput(text: "Would you please uppercase the character  'µ'?", operation: "upper", key: 181) [< 1 ms]
  Passed CnetControlPlane.Tests.LearningCaseRequestSyntaxTests.RequestConstituentsComposeWithoutChangingOriginalInput(text: "lowercase the character  'É'?", operation: "lower", key: 201) [< 1 ms]
  Passed CnetControlPlane.Tests.LearningCaseRequestSyntaxTests.RequestConstituentsComposeWithoutChangingOriginalInput(text: "Could you kindly write the character 'ñ' in caps.", operation: "upper", key: 241) [< 1 ms]
  Passed CnetControlPlane.Tests.LearningTaskParserTests.UnsupportedInputsNeverBecomeActions(text: "Return the capital form of 'a', count to three.") [< 1 ms]
  Passed CnetControlPlane.Tests.LearningCaseRequestSyntaxTests.RequestConstituentsComposeWithoutChangingOriginalInput(text: "write character 'ñ' in caps!", operation: "upper", key: 241) [< 1 ms]
  Passed CnetControlPlane.Tests.LearningTaskParserTests.UnsupportedInputsNeverBecomeActions(text: "Lowercase C, then explain the alphabet.") [< 1 ms]
  Passed CnetControlPlane.Tests.LearningCaseRequestSyntaxTests.RequestConstituentsComposeWithoutChangingOriginalInput(text: "Would you please convert character 'ö' to uppercas"···, operation: "upper", key: 246) [< 1 ms]
  Passed CnetControlPlane.Tests.LearningTableEvaluationTests.UnknownOrNoncanonicalFieldsAndWrongAnswersRefuse(before: "end\n", after: "end \n") [< 1 ms]
  Passed CnetControlPlane.Tests.LearningCaseRequestSyntaxTests.RequestConstituentsComposeWithoutChangingOriginalInput(text: "Could you kindly uppercase the single quoted chara"···, operation: "upper", key: 181) [< 1 ms]
  Passed CnetControlPlane.Tests.LearningCaseRequestSyntaxTests.RequestConstituentsComposeWithoutChangingOriginalInput(text: "Could you kindly write the character 'ñ' in caps!", operation: "upper", key: 241) [< 1 ms]
  Passed CnetControlPlane.Tests.LearningCaseRequestSyntaxTests.RequestConstituentsComposeWithoutChangingOriginalInput(text: "Could you kindly render the character 'À' in lower"···, operation: "lower", key: 192) [< 1 ms]
  Passed CnetControlPlane.Tests.LearningCaseRequestSyntaxTests.RequestConstituentsComposeWithoutChangingOriginalInput(text: "Please, convert 'ö' to uppercase!", operation: "upper", key: 246) [< 1 ms]
  Passed CnetControlPlane.Tests.LearningCaseRequestSyntaxTests.RequestConstituentsComposeWithoutChangingOriginalInput(text: "Please, render 'À' in lowercase.", operation: "lower", key: 192) [< 1 ms]
  Passed CnetControlPlane.Tests.LearningTableEvaluationTests.UnknownOrNoncanonicalFieldsAndWrongAnswersRefuse(before: "results 256", after: "results 255") [< 1 ms]
  Passed CnetControlPlane.Tests.LearningTaskRelationshipTests.RelationshipsAndDescriptionsKeepTypedRoles(text: "The single input 'A' should receive uppercase conv"···, status: "ready", operation: "upper", key: 65) [< 1 ms]
  Passed CnetControlPlane.Tests.LearningCaseRequestSyntaxTests.RequestConstituentsComposeWithoutChangingOriginalInput(text: "write the character 'ñ' in caps?", operation: "upper", key: 241) [< 1 ms]
  Passed CnetControlPlane.Tests.LearningCaseRequestSyntaxTests.RequestConstituentsComposeWithoutChangingOriginalInput(text: "Please, uppercase the single quoted character  'µ'"···, operation: "upper", key: 181) [< 1 ms]
  Passed CnetControlPlane.Tests.LearningCaseRequestSyntaxTests.RequestConstituentsComposeWithoutChangingOriginalInput(text: "uppercase the single quoted character  'µ'!", operation: "upper", key: 181) [< 1 ms]
  Passed CnetControlPlane.Tests.LearningTaskParserTests.UnsupportedInputsNeverBecomeActions(text: "Convert the entire word WORLD to lowercase.") [< 1 ms]
  Passed CnetControlPlane.Tests.LearningCaseRequestSyntaxTests.RequestConstituentsComposeWithoutChangingOriginalInput(text: "Please, lowercase  'É'!", operation: "lower", key: 201) [< 1 ms]
  Passed CnetControlPlane.Tests.LearningTaskParserTests.UnsupportedInputsNeverBecomeActions(text: "Could you not capitalize a?") [< 1 ms]
  Passed CnetControlPlane.Tests.LearningCaseRequestSyntaxTests.RequestConstituentsComposeWithoutChangingOriginalInput(text: "Could you kindly write character 'ñ' in caps!", operation: "upper", key: 241) [< 1 ms]
  Passed CnetControlPlane.Tests.LearningTableEvaluationTests.UnknownOrNoncanonicalFieldsAndWrongAnswersRefuse(before: "1\t0\t-\n", after: "1\t2\t-\n") [< 1 ms]
  Passed CnetControlPlane.Tests.LearningCaseRequestSyntaxTests.RequestConstituentsComposeWithoutChangingOriginalInput(text: "render the single quoted character 'À' in lowercas"···, operation: "lower", key: 192) [< 1 ms]
  Passed CnetControlPlane.Tests.LearningCaseRequestSyntaxTests.RequestConstituentsComposeWithoutChangingOriginalInput(text: "lowercase  'É'.", operation: "lower", key: 201) [< 1 ms]
  Passed CnetControlPlane.Tests.LearningTaskBoundRequestTests.IndependentInputsAndRequestsCompose(text: "The selected input has decimal code point 81; I wo"···, operation: "lower", key: 81) [1 ms]
  Passed CnetControlPlane.Tests.LearningCaseRequestSyntaxTests.RequestConstituentsComposeWithoutChangingOriginalInput(text: "convert character 'ö' to uppercase!", operation: "upper", key: 246) [< 1 ms]
  Passed CnetControlPlane.Tests.LearningTableEvaluationTests.UnknownOrNoncanonicalFieldsAndWrongAnswersRefuse(before: "1\t0\t-\n", after: "1\t0\t0\n") [< 1 ms]
  Passed CnetControlPlane.Tests.LearningCaseRequestSyntaxTests.RequestConstituentsComposeWithoutChangingOriginalInput(text: "Would you please convert character 'ö' to uppercas"···, operation: "upper", key: 246) [< 1 ms]
  Passed CnetControlPlane.Tests.LearningCaseRequestSyntaxTests.RequestConstituentsComposeWithoutChangingOriginalInput(text: "convert the single quoted character 'ö' to upperca"···, operation: "upper", key: 246) [< 1 ms]
  Passed CnetControlPlane.Tests.LearningCaseRequestSyntaxTests.RequestConstituentsComposeWithoutChangingOriginalInput(text: "write letter 'ñ' in caps.", operation: "upper", key: 241) [< 1 ms]
  Passed CnetControlPlane.Tests.LearningTableEvaluationTests.UnknownOrNoncanonicalFieldsAndWrongAnswersRefuse(before: "7\t1\t65535\n", after: "7\t1\t-1\n") [< 1 ms]
  Passed CnetControlPlane.Tests.LearningTaskGrammarCompositionTests.ComposedFramesUseTheSameTypedOperandBoundary(text: "I'd like 'È' in lowercase, please.", status: "ready", operation: "lower", key: 200) [3 ms]
  Passed CnetControlPlane.Tests.LearningTaskBoundRequestTests.IndependentInputsAndRequestsCompose(text: "Given the single quoted character 'É' as input, co"···, operation: "lower", key: 201) [< 1 ms]
  Passed CnetControlPlane.Tests.LearningCaseRequestSyntaxTests.RequestConstituentsComposeWithoutChangingOriginalInput(text: "Could you kindly lowercase character  'É'.", operation: "lower", key: 201) [< 1 ms]
  Passed CnetControlPlane.Tests.LearningCaseRequestSyntaxTests.RequestConstituentsComposeWithoutChangingOriginalInput(text: "Please, lowercase the character  'É'.", operation: "lower", key: 201) [< 1 ms]
  Passed CnetControlPlane.Tests.LearningTableEvaluationTests.UnknownOrNoncanonicalFieldsAndWrongAnswersRefuse(before: "7\t1\t65535\n", after: "7\t1\t+65535\n") [< 1 ms]
  Passed CnetControlPlane.Tests.LearningCaseRequestSyntaxTests.RequestConstituentsComposeWithoutChangingOriginalInput(text: "lowercase the single quoted character  'É'.", operation: "lower", key: 201) [< 1 ms]
  Passed CnetControlPlane.Tests.LearningTaskRoleCompositionTests.CompleteRoleBindingsPreserveTheOriginalOperand(text: "The requested case for the quoted space ' ' is upp"···, status: "ready", operation: "upper", key: 32) [1 ms]
  Passed CnetControlPlane.Tests.LearningCaseRequestSyntaxTests.RequestConstituentsComposeWithoutChangingOriginalInput(text: "Could you kindly render the single quoted characte"···, operation: "lower", key: 192) [< 1 ms]
  Passed CnetControlPlane.Tests.LearningTableEvaluationTests.UnknownOrNoncanonicalFieldsAndWrongAnswersRefuse(before: "7\t1\t65535\n", after: "7\t1\t065535\n") [< 1 ms]
  Passed CnetControlPlane.Tests.LearningCaseRequestSyntaxTests.RequestConstituentsComposeWithoutChangingOriginalInput(text: "Could you kindly convert the single quoted charact"···, operation: "upper", key: 246) [< 1 ms]
  Passed CnetControlPlane.Tests.LearningCaseRequestSyntaxTests.RequestConstituentsComposeWithoutChangingOriginalInput(text: "Would you please write character 'ñ' in caps!", operation: "upper", key: 241) [< 1 ms]
  Passed CnetControlPlane.Tests.LearningCaseRequestSyntaxTests.RequestConstituentsComposeWithoutChangingOriginalInput(text: "Please, render letter 'À' in lowercase.", operation: "lower", key: 192) [< 1 ms]
  Passed CnetControlPlane.Tests.LearningCaseRequestSyntaxTests.RequestConstituentsComposeWithoutChangingOriginalInput(text: "Please, convert 'ö' to uppercase.", operation: "upper", key: 246) [< 1 ms]
  Passed CnetControlPlane.Tests.LearningTableEvaluationTests.UnknownOrNoncanonicalFieldsAndWrongAnswersRefuse(before: "7\t1\t65535\n", after: "7\t1\t65535 \n") [< 1 ms]
  Passed CnetControlPlane.Tests.LearningCaseRequestSyntaxTests.RequestConstituentsComposeWithoutChangingOriginalInput(text: "Would you please write letter 'ñ' in caps!", operation: "upper", key: 241) [< 1 ms]
  Passed CnetControlPlane.Tests.LearningTaskFrameTests.WholeFramesPreserveTypedInputAndRefuseAdditionalActions(text: "For decimal code point 245, return the uppercase c"···, status: "ready", operation: "upper", key: 245) [3 ms]
  Passed CnetControlPlane.Tests.LearningCaseRequestSyntaxTests.RequestConstituentsComposeWithoutChangingOriginalInput(text: "Could you kindly convert letter 'ö' to uppercase?", operation: "upper", key: 246) [< 1 ms]
  Passed CnetControlPlane.Tests.LearningCaseRequestSyntaxTests.RequestConstituentsComposeWithoutChangingOriginalInput(text: "Please, lowercase character  'É'.", operation: "lower", key: 201) [< 1 ms]
  Passed CnetControlPlane.Tests.LearningCaseRequestSyntaxTests.RequestConstituentsComposeWithoutChangingOriginalInput(text: "Please, write character 'ñ' in caps.", operation: "upper", key: 241) [< 1 ms]
  Passed CnetControlPlane.Tests.LearningTableEvaluationTests.UnknownOrNoncanonicalFieldsAndWrongAnswersRefuse(before: "dataset calibration", after: "dataset other") [< 1 ms]
  Passed CnetControlPlane.Tests.LearningTaskRequestRoleTests.RequestedOperationsAndInputRolesRemainDistinct(text: "I'd like 'Ü' expressed as a small letter.", status: "ready", operation: "lower", key: 220) [4 ms]
  Passed CnetControlPlane.Tests.LearningCaseRequestSyntaxTests.RequestConstituentsComposeWithoutChangingOriginalInput(text: "convert the character 'ö' to uppercase!", operation: "upper", key: 246) [< 1 ms]
  Passed CnetControlPlane.Tests.LearningCaseRequestSyntaxTests.RequestConstituentsComposeWithoutChangingOriginalInput(text: "Could you kindly lowercase the single quoted chara"···, operation: "lower", key: 201) [< 1 ms]
  Passed CnetControlPlane.Tests.LearningTaskClauseCompositionTests.ClausesAndDescriptionsPreserveTypedBoundaries(text: "Make the single quoted digit '4' lowercase.", status: "ready", operation: "lower", key: 52) [3 ms]
  Passed CnetControlPlane.Tests.LearningCaseRequestSyntaxTests.RequestConstituentsComposeWithoutChangingOriginalInput(text: "Would you please render the single quoted characte"···, operation: "lower", key: 192) [< 1 ms]
  Passed CnetControlPlane.Tests.LearningTaskRoleCompositionTests.CompleteRoleBindingsPreserveTheOriginalOperand(text: "Please take Unicode scalar U+00DC for this task.", status: "clarify", operation: null, key: null) [< 1 ms]
  Passed CnetControlPlane.Tests.LearningTableEvaluationTests.UnknownOrNoncanonicalFieldsAndWrongAnswersRefuse(before: "7\t1\t65535\n", after: "7\t1\t65536\n") [< 1 ms]
  Passed CnetControlPlane.Tests.LearningCaseRequestSyntaxTests.RequestConstituentsComposeWithoutChangingOriginalInput(text: "Could you kindly uppercase letter  'µ'.", operation: "upper", key: 181) [< 1 ms]
  Passed CnetControlPlane.Tests.LearningCaseRequestSyntaxTests.RequestConstituentsComposeWithoutChangingOriginalInput(text: "Would you please lowercase  'É'?", operation: "lower", key: 201) [< 1 ms]
  Passed CnetControlPlane.Tests.LearningCaseRequestSyntaxTests.RequestConstituentsComposeWithoutChangingOriginalInput(text: "Would you please lowercase  'É'.", operation: "lower", key: 201) [< 1 ms]
  Passed CnetControlPlane.Tests.LearningTableEvaluationTests.UnknownOrNoncanonicalFieldsAndWrongAnswersRefuse(before: "7\t1\t65535\n", after: "7\t1\t65534\n") [< 1 ms]
  Passed CnetControlPlane.Tests.LearningTaskClauseCompositionTests.ClausesAndDescriptionsPreserveTypedBoundaries(text: "The letter to put into capitals is ñ.", status: "ready", operation: "upper", key: 241) [< 1 ms]
  Passed CnetControlPlane.Tests.LearningTaskFrameTests.WholeFramesPreserveTypedInputAndRefuseAdditionalActions(text: "Lowercase the character with decimal code point 74"···, status: "ready", operation: "lower", key: 74) [< 1 ms]
  Passed CnetControlPlane.Tests.LearningCaseRequestSyntaxTests.RequestConstituentsComposeWithoutChangingOriginalInput(text: "uppercase the single quoted character  'µ'.", operation: "upper", key: 181) [< 1 ms]
  Passed CnetControlPlane.Tests.LearningTaskRoleCompositionTests.CompleteRoleBindingsPreserveTheOriginalOperand(text: "Show what 'o' becomes under uppercase conversion.", status: "ready", operation: "upper", key: 111) [< 1 ms]
  Passed CnetControlPlane.Tests.LearningCaseRequestSyntaxTests.RequestConstituentsComposeWithoutChangingOriginalInput(text: "Could you kindly convert letter 'ö' to uppercase.", operation: "upper", key: 246) [< 1 ms]
  Passed CnetControlPlane.Tests.LearningCaseRequestSyntaxTests.RequestConstituentsComposeWithoutChangingOriginalInput(text: "Please, render 'À' in lowercase!", operation: "lower", key: 192) [< 1 ms]
  Passed CnetControlPlane.Tests.LearningTaskFrameTests.WholeFramesPreserveTypedInputAndRefuseAdditionalActions(text: "Kindly put U+0000 in upper case.", status: "abstain", operation: null, key: null) [< 1 ms]
  Passed CnetControlPlane.Tests.LearningTableEvaluationTests.UnknownOrNoncanonicalFieldsAndWrongAnswersRefuse(before: "results 256", after: "results 0256") [< 1 ms]
  Passed CnetControlPlane.Tests.LearningTaskGrammarCompositionTests.ComposedFramesUseTheSameTypedOperandBoundary(text: "Which capital letter corresponds to 'ê'?", status: "ready", operation: "upper", key: 234) [1 ms]
  Passed CnetControlPlane.Tests.LearningCaseRequestSyntaxTests.RequestConstituentsComposeWithoutChangingOriginalInput(text: "Please, lowercase the single quoted character  'É'"···, operation: "lower", key: 201) [< 1 ms]
  Passed CnetControlPlane.Tests.LearningCaseRequestSyntaxTests.RequestConstituentsComposeWithoutChangingOriginalInput(text: "Could you kindly render character 'À' in lowercase"···, operation: "lower", key: 192) [< 1 ms]
  Passed CnetControlPlane.Tests.LearningCaseRequestSyntaxTests.RequestConstituentsComposeWithoutChangingOriginalInput(text: "convert 'ö' to uppercase!", operation: "upper", key: 246) [< 1 ms]
  Passed CnetControlPlane.Tests.LearningCaseRequestSyntaxTests.RequestConstituentsComposeWithoutChangingOriginalInput(text: "Would you please lowercase letter  'É'.", operation: "lower", key: 201) [< 1 ms]
  Passed CnetControlPlane.Tests.LearningTableEvaluationTests.UnknownOrNoncanonicalFieldsAndWrongAnswersRefuse(before: "1\t0\t-\n", after: "1\t1\t-\n") [< 1 ms]
  Passed CnetControlPlane.Tests.LearningCaseRequestSyntaxTests.RequestConstituentsComposeWithoutChangingOriginalInput(text: "Please, convert the single quoted character 'ö' to"···, operation: "upper", key: 246) [< 1 ms]
  Passed CnetControlPlane.Tests.LearningTaskRequestRoleTests.RequestedOperationsAndInputRolesRemainDistinct(text: "The decimal code point of my input is 0x61, and I "···, status: "abstain", operation: null, key: null) [< 1 ms]
  Passed CnetControlPlane.Tests.LearningTaskRelationshipTests.RelationshipsAndDescriptionsKeepTypedRoles(text: "How is the letter 'î' written in uppercase?", status: "ready", operation: "upper", key: 238) [2 ms]
  Passed CnetControlPlane.Tests.LearningCaseRequestSyntaxTests.RequestConstituentsComposeWithoutChangingOriginalInput(text: "Would you please lowercase character  'É'!", operation: "lower", key: 201) [< 1 ms]
  Passed CnetControlPlane.Tests.LearningTableEvaluationTests.UnknownOrNoncanonicalFieldsAndWrongAnswersRefuse(before: "results 256", after: "results +256") [< 1 ms]
  Passed CnetControlPlane.Tests.LearningTaskGrammarCompositionTests.ComposedFramesUseTheSameTypedOperandBoundary(text: "Lowercase 12.5.", status: "clarify", operation: null, key: null) [< 1 ms]
  Passed CnetControlPlane.Tests.LearningCaseRequestSyntaxTests.RequestConstituentsComposeWithoutChangingOriginalInput(text: "Would you please uppercase character  'µ'.", operation: "upper", key: 181) [< 1 ms]
  Passed CnetControlPlane.Tests.LearningCaseRequestSyntaxTests.RequestConstituentsComposeWithoutChangingOriginalInput(text: "write letter 'ñ' in caps!", operation: "upper", key: 241) [< 1 ms]
  Passed CnetControlPlane.Tests.LearningTaskBoundRequestTests.IndependentInputsAndRequestsCompose(text: "Input: 'T'; could you lowercase that character?", operation: "lower", key: 84) [1 ms]
  Passed CnetControlPlane.Tests.LearningCaseRequestSyntaxTests.RequestConstituentsComposeWithoutChangingOriginalInput(text: "Could you kindly write letter 'ñ' in caps!", operation: "upper", key: 241) [< 1 ms]
  Passed CnetControlPlane.Tests.LearningCaseRequestSyntaxTests.RequestConstituentsComposeWithoutChangingOriginalInput(text: "Would you please render 'À' in lowercase.", operation: "lower", key: 192) [< 1 ms]
  Passed CnetControlPlane.Tests.LearningTableEvaluationTests.UnknownOrNoncanonicalFieldsAndWrongAnswersRefuse(before: "7\t1\t65535\n", after: "7\t1\t6.5535e4\n") [< 1 ms]
  Passed CnetControlPlane.Tests.LearningTaskGrammarCompositionTests.ComposedFramesUseTheSameTypedOperandBoundary(text: "Uppercase code point 0x0000 or 0x0061.", status: "abstain", operation: null, key: null) [< 1 ms]
  Passed CnetControlPlane.Tests.LearningCaseRequestSyntaxTests.RequestConstituentsComposeWithoutChangingOriginalInput(text: "Would you please convert 'ö' to uppercase.", operation: "upper", key: 246) [< 1 ms]
  Passed CnetControlPlane.Tests.LearningTaskBoundRequestTests.IndependentInputsAndRequestsCompose(text: "I have supplied Unicode code point U+0051; I would"···, operation: "lower", key: 81) [< 1 ms]
  Passed CnetControlPlane.Tests.LearningCaseRequestSyntaxTests.RequestConstituentsComposeWithoutChangingOriginalInput(text: "Could you kindly lowercase character  'É'!", operation: "lower", key: 201) [< 1 ms]
  Passed CnetControlPlane.Tests.LearningTaskClauseCompositionTests.ClausesAndDescriptionsPreserveTypedBoundaries(text: "Turn 'q' into the corresponding capital letter.", status: "ready", operation: "upper", key: 113) [< 1 ms]
  Passed CnetControlPlane.Tests.LearningTaskGrammarCompositionTests.ComposedFramesUseTheSameTypedOperandBoundary(text: "Uppercase uppercase 'a' and delete a file.", status: "abstain", operation: null, key: null) [< 1 ms]
  Passed CnetControlPlane.Tests.LearningTaskRoleCompositionTests.CompleteRoleBindingsPreserveTheOriginalOperand(text: "For the letter 'r', capitalisation is the operatio"···, status: "ready", operation: "upper", key: 114) [< 1 ms]
  Passed CnetControlPlane.Tests.LearningCaseRequestSyntaxTests.RequestConstituentsComposeWithoutChangingOriginalInput(text: "Please, uppercase  'µ'?", operation: "upper", key: 181) [< 1 ms]
  Passed CnetControlPlane.Tests.LearningTaskParserTests.UnsupportedInputsNeverBecomeActions(text: "Make i uppercase using Turkish casing rules.") [2 ms]
  Passed CnetControlPlane.Tests.LearningCaseRequestSyntaxTests.RequestConstituentsComposeWithoutChangingOriginalInput(text: "Would you please uppercase character  'µ'?", operation: "upper", key: 181) [< 1 ms]
  Passed CnetControlPlane.Tests.LearningTaskRequestRoleTests.RequestedOperationsAndInputRolesRemainDistinct(text: "Can the letter \"I\" be shown in lower case?", status: "ready", operation: "lower", key: 73) [< 1 ms]
  Passed CnetControlPlane.Tests.LearningTaskClauseCompositionTests.ClausesAndDescriptionsPreserveTypedBoundaries(text: "My uppercase input is 'a'.", status: "clarify", operation: null, key: null) [< 1 ms]
  Passed CnetControlPlane.Tests.LearningCaseRequestSyntaxTests.RequestConstituentsComposeWithoutChangingOriginalInput(text: "Could you kindly uppercase  'µ'?", operation: "upper", key: 181) [12 ms]
  Passed CnetControlPlane.Tests.LearningTaskParserTests.UnsupportedInputsNeverBecomeActions(text: "uppercase U+NOPE") [12 ms]
  Passed CnetControlPlane.Tests.LearningTaskRoleCompositionTests.CompleteRoleBindingsPreserveTheOriginalOperand(text: "My lowercase conversion should use the letter É.", status: "ready", operation: "lower", key: 201) [12 ms]
  Passed CnetControlPlane.Tests.LearningTaskFrameTests.WholeFramesPreserveTypedInputAndRefuseAdditionalActions(text: "How does 's' look in upper case?", status: "ready", operation: "upper", key: 115) [13 ms]
  Passed CnetControlPlane.Tests.LearningTableEvaluationTests.ACorrectZeroAnswerAndAbstentionAreNotInterchangeable(correct: "0\t1\t0\n", wrong: "0\t0\t-\n") [12 ms]
  Passed CnetControlPlane.Tests.LearningTaskBoundRequestTests.IndependentInputsAndRequestsCompose(text: "With the supplied Unicode scalar U+0051 as input, "···, operation: "upper", key: 81) [12 ms]
  Passed CnetControlPlane.Tests.LearningTaskParserTests.UnsupportedInputsNeverBecomeActions(text: "Do not uppercase µ") [< 1 ms]
  Passed CnetControlPlane.Tests.LearningCaseRequestSyntaxTests.RequestConstituentsComposeWithoutChangingOriginalInput(text: "Would you please lowercase the character  'É'?", operation: "lower", key: 201) [< 1 ms]
  Passed CnetControlPlane.Tests.LearningCaseRequestSyntaxTests.RequestConstituentsComposeWithoutChangingOriginalInput(text: "Please, convert letter 'ö' to uppercase!", operation: "upper", key: 246) [< 1 ms]
  Passed CnetControlPlane.Tests.LearningCaseRequestSyntaxTests.RequestConstituentsComposeWithoutChangingOriginalInput(text: "Could you kindly render letter 'À' in lowercase?", operation: "lower", key: 192) [< 1 ms]
  Passed CnetControlPlane.Tests.LearningCaseRequestSyntaxTests.RequestConstituentsComposeWithoutChangingOriginalInput(text: "Please, render the character 'À' in lowercase?", operation: "lower", key: 192) [< 1 ms]
  Passed CnetControlPlane.Tests.LearningCaseRequestSyntaxTests.RequestConstituentsComposeWithoutChangingOriginalInput(text: "render letter 'À' in lowercase!", operation: "lower", key: 192) [< 1 ms]
  Passed CnetControlPlane.Tests.LearningCaseRequestSyntaxTests.RequestConstituentsComposeWithoutChangingOriginalInput(text: "Would you please lowercase the single quoted chara"···, operation: "lower", key: 201) [< 1 ms]
  Passed CnetControlPlane.Tests.LearningCaseRequestSyntaxTests.RequestConstituentsComposeWithoutChangingOriginalInput(text: "Please, uppercase the single quoted character  'µ'"···, operation: "upper", key: 181) [< 1 ms]
  Passed CnetControlPlane.Tests.LearningCaseRequestSyntaxTests.RequestConstituentsComposeWithoutChangingOriginalInput(text: "write the single quoted character 'ñ' in caps!", operation: "upper", key: 241) [< 1 ms]
  Passed CnetControlPlane.Tests.LearningCaseRequestSyntaxTests.RequestConstituentsComposeWithoutChangingOriginalInput(text: "Could you kindly write character 'ñ' in caps.", operation: "upper", key: 241) [< 1 ms]
  Passed CnetControlPlane.Tests.LearningCaseRequestSyntaxTests.RequestConstituentsComposeWithoutChangingOriginalInput(text: "Could you kindly uppercase the single quoted chara"···, operation: "upper", key: 181) [< 1 ms]
  Passed CnetControlPlane.Tests.LearningTaskParserTests.UnsupportedInputsNeverBecomeActions(text: "Lowercase 'G' and add twelve to four.") [< 1 ms]
  Passed CnetControlPlane.Tests.LearningCaseRequestSyntaxTests.RequestConstituentsComposeWithoutChangingOriginalInput(text: "render the character 'À' in lowercase.", operation: "lower", key: 192) [< 1 ms]
  Passed CnetControlPlane.Tests.LearningTaskRequestRoleTests.RequestedOperationsAndInputRolesRemainDistinct(text: "The operation is uppercase. Use 'ß' as the input s"···, status: "ready", operation: "upper", key: 223) [13 ms]
  Passed CnetControlPlane.Tests.LearningCaseRequestSyntaxTests.RequestConstituentsComposeWithoutChangingOriginalInput(text: "Could you kindly convert character 'ö' to uppercas"···, operation: "upper", key: 246) [< 1 ms]
  Passed CnetControlPlane.Tests.LearningTaskParserTests.UnsupportedInputsNeverBecomeActions(text: "unicode upper 097") [< 1 ms]
  Passed CnetControlPlane.Tests.LearningTaskParserTests.UnsupportedInputsNeverBecomeActions(text: "Please uppercase not A.") [< 1 ms]
  Passed CnetControlPlane.Tests.LearningCaseRequestSyntaxTests.RequestConstituentsComposeWithoutChangingOriginalInput(text: "Please, convert the character 'ö' to uppercase?", operation: "upper", key: 246) [< 1 ms]
  Passed CnetControlPlane.Tests.LearningTaskClauseCompositionTests.ClausesAndDescriptionsPreserveTypedBoundaries(text: "Show me the character 'Õ' after lowercasing.", status: "ready", operation: "lower", key: 213) [< 1 ms]
  Passed CnetControlPlane.Tests.LearningCaseRequestSyntaxTests.RequestConstituentsComposeWithoutChangingOriginalInput(text: "uppercase  'µ'.", operation: "upper", key: 181) [< 1 ms]
  Passed CnetControlPlane.Tests.LearningTaskFrameTests.WholeFramesPreserveTypedInputAndRefuseAdditionalActions(text: "Make the character represented by decimal code poi"···, status: "ready", operation: "lower", key: 208) [< 1 ms]
  Passed CnetControlPlane.Tests.LearningTaskBoundRequestTests.IndependentInputsAndRequestsCompose(text: "The chosen character is 'µ'; please show its lower"···, operation: "lower", key: 181) [< 1 ms]
  Passed CnetControlPlane.Tests.LearningTaskRequestRoleTests.RequestedOperationsAndInputRolesRemainDistinct(text: "The transformation I am requesting is lowercasing.", status: "clarify", operation: null, key: null) [< 1 ms]
  Passed CnetControlPlane.Tests.LearningCaseRequestSyntaxTests.RequestConstituentsComposeWithoutChangingOriginalInput(text: "Could you kindly uppercase character  'µ'!", operation: "upper", key: 181) [< 1 ms]
  Passed CnetControlPlane.Tests.LearningTaskFrameTests.WholeFramesPreserveTypedInputAndRefuseAdditionalActions(text: "Please put decimal code point 202 in lower case.", status: "ready", operation: "lower", key: 202) [< 1 ms]
  Passed CnetControlPlane.Tests.LearningCaseRequestSyntaxTests.RequestConstituentsComposeWithoutChangingOriginalInput(text: "lowercase letter  'É'?", operation: "lower", key: 201) [< 1 ms]
  Passed CnetControlPlane.Tests.LearningTaskRequestRoleTests.RequestedOperationsAndInputRolesRemainDistinct(text: "Show the lowercase form of U+0052 in hexadecimal f"···, status: "abstain", operation: null, key: null) [< 1 ms]
  Passed CnetControlPlane.Tests.LearningRunLedgerTests.CreateTimeDoesNotCountAndRepeatedStartsNeverRefreshTheOriginalBudgetOrHeartbeat [74 ms]
  Passed CnetControlPlane.Tests.LearningCaseRequestSyntaxTests.RequestConstituentsComposeWithoutChangingOriginalInput(text: "uppercase the character  'µ'?", operation: "upper", key: 181) [< 1 ms]
  Passed CnetControlPlane.Tests.LearningTaskGrammarCompositionTests.ComposedFramesUseTheSameTypedOperandBoundary(text: "Please use the single character 'Û' as input for l"···, status: "ready", operation: "lower", key: 219) [13 ms]
  Passed CnetControlPlane.Tests.LearningTableEvaluationTests.ACorrectZeroAnswerAndAbstentionAreNotInterchangeable(correct: "1\t0\t-\n", wrong: "1\t1\t0\n") [< 1 ms]
  Passed CnetControlPlane.Tests.LearningCaseRequestSyntaxTests.RequestConstituentsComposeWithoutChangingOriginalInput(text: "Could you kindly lowercase  'É'!", operation: "lower", key: 201) [< 1 ms]
  Passed CnetControlPlane.Tests.LearningCaseRequestSyntaxTests.RequestConstituentsComposeWithoutChangingOriginalInput(text: "Please, lowercase character  'É'?", operation: "lower", key: 201) [< 1 ms]
  Passed CnetControlPlane.Tests.LearningTaskClauseCompositionTests.ClausesAndDescriptionsPreserveTypedBoundaries(text: "Make the supplied quoted character 'a' uppercase.", status: "ready", operation: "upper", key: 97) [< 1 ms]
  Passed CnetControlPlane.Tests.LearningTaskRelationshipTests.RelationshipsAndDescriptionsKeepTypedRoles(text: "Apply an uppercase conversion to the symbol '±'.", status: "ready", operation: "upper", key: 177) [14 ms]
  Passed CnetControlPlane.Tests.LearningCaseRequestSyntaxTests.RequestConstituentsComposeWithoutChangingOriginalInput(text: "render 'À' in lowercase.", operation: "lower", key: 192) [< 1 ms]
  Passed CnetControlPlane.Tests.LearningTaskBoundRequestTests.IndependentInputsAndRequestsCompose(text: "The selected input has decimal code point 81; I wo"···, operation: "upper", key: 81) [< 1 ms]
  Passed CnetControlPlane.Tests.LearningCaseRequestSyntaxTests.RequestConstituentsComposeWithoutChangingOriginalInput(text: "Please, render character 'À' in lowercase.", operation: "lower", key: 192) [< 1 ms]
  Passed CnetControlPlane.Tests.LearningCaseRequestSyntaxTests.RequestConstituentsComposeWithoutChangingOriginalInput(text: "Could you kindly lowercase the single quoted chara"···, operation: "lower", key: 201) [< 1 ms]
  Passed CnetControlPlane.Tests.LearningCaseRequestSyntaxTests.RequestConstituentsComposeWithoutChangingOriginalInput(text: "Would you please render letter 'À' in lowercase?", operation: "lower", key: 192) [< 1 ms]
  Passed CnetControlPlane.Tests.LearningTaskClauseCompositionTests.ClausesAndDescriptionsPreserveTypedBoundaries(text: "Please turn 'D' into the corresponding small lette"···, status: "ready", operation: "lower", key: 68) [< 1 ms]
  Passed CnetControlPlane.Tests.LearningCaseRequestSyntaxTests.RequestConstituentsComposeWithoutChangingOriginalInput(text: "Please, write the character 'ñ' in caps?", operation: "upper", key: 241) [< 1 ms]
  Passed CnetControlPlane.Tests.LearningCaseRequestSyntaxTests.RequestConstituentsComposeWithoutChangingOriginalInput(text: "Please, uppercase letter  'µ'!", operation: "upper", key: 181) [< 1 ms]
  Passed CnetControlPlane.Tests.LearningCaseRequestSyntaxTests.RequestConstituentsComposeWithoutChangingOriginalInput(text: "Could you kindly write the single quoted character"···, operation: "upper", key: 241) [< 1 ms]
  Passed CnetControlPlane.Tests.LearningTaskRoleCompositionTests.CompleteRoleBindingsPreserveTheOriginalOperand(text: "The lowercase input is \"Ö'.", status: "clarify", operation: null, key: null) [1 ms]
  Passed CnetControlPlane.Tests.LearningCaseRequestSyntaxTests.RequestConstituentsComposeWithoutChangingOriginalInput(text: "Please, write the character 'ñ' in caps.", operation: "upper", key: 241) [< 1 ms]
  Passed CnetControlPlane.Tests.LearningCaseRequestSyntaxTests.RequestConstituentsComposeWithoutChangingOriginalInput(text: "uppercase the character  'µ'.", operation: "upper", key: 181) [< 1 ms]
  Passed CnetControlPlane.Tests.LearningCaseRequestSyntaxTests.RequestConstituentsComposeWithoutChangingOriginalInput(text: "convert the character 'ö' to uppercase?", operation: "upper", key: 246) [< 1 ms]
  Passed CnetControlPlane.Tests.LearningTaskClauseCompositionTests.ClausesAndDescriptionsPreserveTypedBoundaries(text: "The literal digit '6' should receive the uppercase"···, status: "ready", operation: "upper", key: 54) [< 1 ms]
  Passed CnetControlPlane.Tests.LearningCaseRequestSyntaxTests.RequestConstituentsComposeWithoutChangingOriginalInput(text: "Could you kindly convert 'ö' to uppercase.", operation: "upper", key: 246) [< 1 ms]
  Passed CnetControlPlane.Tests.LearningTaskGrammarCompositionTests.ComposedFramesUseTheSameTypedOperandBoundary(text: "Set U+00C9 to upper or lower case.", status: "clarify", operation: null, key: null) [< 1 ms]
  Passed CnetControlPlane.Tests.LearningCaseRequestSyntaxTests.RequestConstituentsComposeWithoutChangingOriginalInput(text: "Please, uppercase  'µ'!", operation: "upper", key: 181) [< 1 ms]
  Passed CnetControlPlane.Tests.LearningCaseRequestSyntaxTests.RequestConstituentsComposeWithoutChangingOriginalInput(text: "Could you kindly write 'ñ' in caps!", operation: "upper", key: 241) [< 1 ms]
  Passed CnetControlPlane.Tests.LearningCaseRequestSyntaxTests.RequestConstituentsComposeWithoutChangingOriginalInput(text: "Would you please lowercase the character  'É'!", operation: "lower", key: 201) [< 1 ms]
  Passed CnetControlPlane.Tests.LearningTaskFrameTests.WholeFramesPreserveTypedInputAndRefuseAdditionalActions(text: "Change case of a; run a shell.", status: "abstain", operation: null, key: null) [< 1 ms]
  Passed CnetControlPlane.Tests.LearningTaskRoleCompositionTests.CompleteRoleBindingsPreserveTheOriginalOperand(text: "Convert code point U+00C1 to upper or lower case.", status: "clarify", operation: null, key: null) [< 1 ms]
  Passed CnetControlPlane.Tests.LearningCaseRequestSyntaxTests.RequestConstituentsComposeWithoutChangingOriginalInput(text: "Would you please render the character 'À' in lower"···, operation: "lower", key: 192) [< 1 ms]
  Passed CnetControlPlane.Tests.LearningTaskFrameTests.WholeFramesPreserveTypedInputAndRefuseAdditionalActions(text: "Kindly put 'Å' in lower case.", status: "ready", operation: "lower", key: 197) [< 1 ms]
  Passed CnetControlPlane.Tests.LearningTaskRequestRoleTests.RequestedOperationsAndInputRolesRemainDistinct(text: "Which capital letter is the lowercase form of 'A'?", status: "clarify", operation: null, key: null) [< 1 ms]
  Passed CnetControlPlane.Tests.LearningTaskParserTests.UnsupportedInputsNeverBecomeActions(text: "Change case of a and count to three.") [1 ms]
  Passed CnetControlPlane.Tests.LearningCaseRequestSyntaxTests.RequestConstituentsComposeWithoutChangingOriginalInput(text: "Could you kindly lowercase letter  'É'!", operation: "lower", key: 201) [< 1 ms]
  Passed CnetControlPlane.Tests.LearningTaskRoleCompositionTests.CompleteRoleBindingsPreserveTheOriginalOperand(text: "Please present a capital-letter version of 'a'.", status: "ready", operation: "upper", key: 97) [< 1 ms]
  Passed CnetControlPlane.Tests.LearningTaskClauseCompositionTests.ClausesAndDescriptionsPreserveTypedBoundaries(text: "Could 'R' receive a lowercase result?", status: "clarify", operation: null, key: null) [< 1 ms]
  Passed CnetControlPlane.Tests.LearningTaskGrammarCompositionTests.ComposedFramesUseTheSameTypedOperandBoundary(text: "Please apply lowercase to 'Ý'.", status: "ready", operation: "lower", key: 221) [< 1 ms]
  Passed CnetControlPlane.Tests.LearningCaseRequestSyntaxTests.RequestConstituentsComposeWithoutChangingOriginalInput(text: "uppercase the single quoted character  'µ'?", operation: "upper", key: 181) [< 1 ms]
  Passed CnetControlPlane.Tests.LearningTaskClauseCompositionTests.ClausesAndDescriptionsPreserveTypedBoundaries(text: "The lowercase form I need is the one for 'Ò'.", status: "ready", operation: "lower", key: 210) [< 1 ms]
  Passed CnetControlPlane.Tests.LearningTaskFrameTests.WholeFramesPreserveTypedInputAndRefuseAdditionalActions(text: "What is the uppercase form of the character at dec"···, status: "ready", operation: "upper", key: 230) [< 1 ms]
  Passed CnetControlPlane.Tests.LearningCaseRequestSyntaxTests.RequestConstituentsComposeWithoutChangingOriginalInput(text: "Please, uppercase the character  'µ'?", operation: "upper", key: 181) [< 1 ms]
  Passed CnetControlPlane.Tests.LearningCaseRequestSyntaxTests.RequestConstituentsComposeWithoutChangingOriginalInput(text: "convert letter 'ö' to uppercase.", operation: "upper", key: 246) [< 1 ms]
  Passed CnetControlPlane.Tests.LearningTaskRelationshipTests.RelationshipsAndDescriptionsKeepTypedRoles(text: "The single letter I am asking you to uppercase is "···, status: "ready", operation: "upper", key: 109) [< 1 ms]
  Passed CnetControlPlane.Tests.LearningCaseRequestSyntaxTests.RequestConstituentsComposeWithoutChangingOriginalInput(text: "Could you kindly convert character 'ö' to uppercas"···, operation: "upper", key: 246) [< 1 ms]
  Passed CnetControlPlane.Tests.LearningTaskFrameTests.WholeFramesPreserveTypedInputAndRefuseAdditionalActions(text: "Uppercase U+03BC or 'a'.", status: "abstain", operation: null, key: null) [< 1 ms]
  Passed CnetControlPlane.Tests.LearningCaseRequestSyntaxTests.RequestConstituentsComposeWithoutChangingOriginalInput(text: "Could you kindly render 'À' in lowercase.", operation: "lower", key: 192) [< 1 ms]
  Passed CnetControlPlane.Tests.LearningTaskFrameTests.WholeFramesPreserveTypedInputAndRefuseAdditionalActions(text: "Please uppercase the paragraph 'hello'.", status: "abstain", operation: null, key: null) [< 1 ms]
  Passed CnetControlPlane.Tests.LearningCaseRequestSyntaxTests.RequestConstituentsComposeWithoutChangingOriginalInput(text: "render the single quoted character 'À' in lowercas"···, operation: "lower", key: 192) [< 1 ms]
  Passed CnetControlPlane.Tests.LearningCaseRequestSyntaxTests.RequestConstituentsComposeWithoutChangingOriginalInput(text: "convert character 'ö' to uppercase?", operation: "upper", key: 246) [< 1 ms]
  Passed CnetControlPlane.Tests.LearningCaseRequestSyntaxTests.RequestConstituentsComposeWithoutChangingOriginalInput(text: "Would you please write 'ñ' in caps?", operation: "upper", key: 241) [< 1 ms]
  Passed CnetControlPlane.Tests.LearningCaseRequestSyntaxTests.RequestConstituentsComposeWithoutChangingOriginalInput(text: "Could you kindly convert 'ö' to uppercase?", operation: "upper", key: 246) [< 1 ms]
  Passed CnetControlPlane.Tests.LearningCaseRequestSyntaxTests.RequestConstituentsComposeWithoutChangingOriginalInput(text: "write the character 'ñ' in caps!", operation: "upper", key: 241) [< 1 ms]
  Passed CnetControlPlane.Tests.LearningCaseRequestSyntaxTests.RequestConstituentsComposeWithoutChangingOriginalInput(text: "Would you please uppercase the single quoted chara"···, operation: "upper", key: 181) [< 1 ms]
  Passed CnetControlPlane.Tests.LearningTaskClauseCompositionTests.ClausesAndDescriptionsPreserveTypedBoundaries(text: "I'm specifying the input U+00D8.", status: "clarify", operation: null, key: null) [< 1 ms]
  Passed CnetControlPlane.Tests.LearningCaseRequestSyntaxTests.RequestConstituentsComposeWithoutChangingOriginalInput(text: "Could you kindly uppercase  'µ'!", operation: "upper", key: 181) [< 1 ms]
  Passed CnetControlPlane.Tests.LearningTaskParserTests.ParaphrasesProposeOnlyTypedInputs(text: "Return U+00FF in uppercase.", kind: "upper", key: 255) [< 1 ms]
  Passed CnetControlPlane.Tests.LearningCaseRequestSyntaxTests.RequestConstituentsComposeWithoutChangingOriginalInput(text: "Would you please convert the single quoted charact"···, operation: "upper", key: 246) [< 1 ms]
  Passed CnetControlPlane.Tests.LearningTaskRequestRoleTests.RequestedOperationsAndInputRolesRemainDistinct(text: "I've chosen 'ñ' as the input; please show its uppe"···, status: "ready", operation: "upper", key: 241) [< 1 ms]
  Passed CnetControlPlane.Tests.LearningTaskRoleCompositionTests.CompleteRoleBindingsPreserveTheOriginalOperand(text: "I have chosen 'í' as the input; return its capital"···, status: "ready", operation: "upper", key: 237) [< 1 ms]
  Passed CnetControlPlane.Tests.LearningCaseRequestSyntaxTests.RequestConstituentsComposeWithoutChangingOriginalInput(text: "Could you kindly write the single quoted character"···, operation: "upper", key: 241) [< 1 ms]
  Passed CnetControlPlane.Tests.LearningTaskFrameTests.WholeFramesPreserveTypedInputAndRefuseAdditionalActions(text: "'Ø' is my input. Convert it to lower case.", status: "ready", operation: "lower", key: 216) [< 1 ms]
  Passed CnetControlPlane.Tests.LearningCaseRequestSyntaxTests.RequestConstituentsComposeWithoutChangingOriginalInput(text: "Would you please convert the character 'ö' to uppe"···, operation: "upper", key: 246) [< 1 ms]
  Passed CnetControlPlane.Tests.LearningTableEvaluationTests.SourceAndSnapshotIdentityMustMatchInFull [1 ms]
  Passed CnetControlPlane.Tests.LearningCaseRequestSyntaxTests.RequestConstituentsComposeWithoutChangingOriginalInput(text: "lowercase  'É'?", operation: "lower", key: 201) [< 1 ms]
  Passed CnetControlPlane.Tests.LearningCaseRequestSyntaxTests.RequestConstituentsComposeWithoutChangingOriginalInput(text: "Would you please convert letter 'ö' to uppercase?", operation: "upper", key: 246) [< 1 ms]
  Passed CnetControlPlane.Tests.LearningTaskFrameTests.WholeFramesPreserveTypedInputAndRefuseAdditionalActions(text: "What is the lowercase form of the character at dec"···, status: "ready", operation: "lower", key: 220) [< 1 ms]
  Passed CnetControlPlane.Tests.LearningCaseRequestSyntaxTests.RequestConstituentsComposeWithoutChangingOriginalInput(text: "Would you please render the character 'À' in lower"···, operation: "lower", key: 192) [< 1 ms]
  Passed CnetControlPlane.Tests.LearningTaskBoundRequestTests.IndependentInputsAndRequestsCompose(text: "Given the single quoted character 'É' as input, I "···, operation: "upper", key: 201) [1 ms]
  Passed CnetControlPlane.Tests.LearningTaskFrameTests.WholeFramesPreserveTypedInputAndRefuseAdditionalActions(text: "Please put decimal code point 231 in upper case.", status: "ready", operation: "upper", key: 231) [< 1 ms]
  Passed CnetControlPlane.Tests.LearningTaskRelationshipTests.RelationshipsAndDescriptionsKeepTypedRoles(text: "I'd like 0008 made lowercase.", status: "clarify", operation: null, key: null) [< 1 ms]
  Passed CnetControlPlane.Tests.LearningTaskParserTests.ParaphrasesProposeOnlyTypedInputs(text: "Please convert 'µ' to uppercase.", kind: "upper", key: 181) [< 1 ms]
  Passed CnetControlPlane.Tests.LearningTaskFrameTests.WholeFramesPreserveTypedInputAndRefuseAdditionalActions(text: "With 'å' as the input, return its uppercase form.", status: "ready", operation: "upper", key: 229) [< 1 ms]
  Passed CnetControlPlane.Tests.LearningTaskRoleCompositionTests.CompleteRoleBindingsPreserveTheOriginalOperand(text: "My one-character input is '$'.", status: "clarify", operation: null, key: null) [< 1 ms]
  Passed CnetControlPlane.Tests.LearningTaskRequestRoleTests.RequestedOperationsAndInputRolesRemainDistinct(text: "Could you produce a capital-letter version?", status: "clarify", operation: null, key: null) [< 1 ms]
  Passed CnetControlPlane.Tests.LearningTaskParserTests.ParaphrasesProposeOnlyTypedInputs(text: "What’s the uppercase of µ?", kind: "upper", key: 181) [< 1 ms]
  Passed CnetControlPlane.Tests.LearningTableEvaluationTests.ReceiptBindsEveryAnswerAndExactSourceSnapshotAndOutputBytes [< 1 ms]
  Passed CnetControlPlane.Tests.LearningTaskBoundRequestTests.IndependentInputsAndRequestsCompose(text: "With the supplied Unicode scalar U+0051 as input, "···, operation: "upper", key: 81) [< 1 ms]
  Passed CnetControlPlane.Tests.LearningTaskFrameTests.WholeFramesPreserveTypedInputAndRefuseAdditionalActions(text: "Uppercase code point 0 or code point 65.", status: "abstain", operation: null, key: null) [< 1 ms]
  Passed CnetControlPlane.Tests.LearningTaskRelationshipTests.RelationshipsAndDescriptionsKeepTypedRoles(text: "Please apply lowercase to the quoted digit '7'.", status: "ready", operation: "lower", key: 55) [< 1 ms]
  Passed CnetControlPlane.Tests.LearningTaskFrameTests.WholeFramesPreserveTypedInputAndRefuseAdditionalActions(text: "'a' is my input. Convert it to upper case and dele"···, status: "abstain", operation: null, key: null) [< 1 ms]
  Passed CnetControlPlane.Tests.LearningCaseRequestSyntaxTests.NominalCompatibilityRequestsAreNotClaimedAsUnaryOperands(noun: "character") [< 1 ms]
  Passed CnetControlPlane.Tests.LearningTaskFrameTests.WholeFramesPreserveTypedInputAndRefuseAdditionalActions(text: "Uppercase U+0000 or 'a'.", status: "abstain", operation: null, key: null) [< 1 ms]
  Passed CnetControlPlane.Tests.LearningTaskClauseCompositionTests.ClausesAndDescriptionsPreserveTypedBoundaries(text: "Show 'Q' the corresponding uppercase result.", status: "abstain", operation: null, key: null) [1 ms]
  Passed CnetControlPlane.Tests.LearningTableEvaluationTests.ExpectedSnapshotMustBeAFullLowercaseHash(digest: null) [< 1 ms]
  Passed CnetControlPlane.Tests.LearningTaskRelationshipTests.RelationshipsAndDescriptionsKeepTypedRoles(text: "Give me the capital for the character encoded by d"···, status: "ready", operation: "upper", key: 231) [< 1 ms]
  Passed CnetControlPlane.Tests.LearningCaseRequestSyntaxTests.NominalCompatibilityRequestsAreNotClaimedAsUnaryOperands(noun: "case conversion") [< 1 ms]
  Passed CnetControlPlane.Tests.LearningTaskParserTests.ParaphrasesProposeOnlyTypedInputs(text: "Set the case of 'ü' to uppercase.", kind: "upper", key: 252) [< 1 ms]
  Passed CnetControlPlane.Tests.LearningTaskFrameTests.WholeFramesPreserveTypedInputAndRefuseAdditionalActions(text: "Change case of 'i' using Turkish rules.", status: "abstain", operation: null, key: null) [< 1 ms]
  Passed CnetControlPlane.Tests.LearningTableEvaluationTests.ExpectedSnapshotMustBeAFullLowercaseHash(digest: "") [< 1 ms]
  Passed CnetControlPlane.Tests.LearningTaskParserTests.ParaphrasesProposeOnlyTypedInputs(text: "lowercase \"A\"", kind: "lower", key: 65) [< 1 ms]
  Passed CnetControlPlane.Tests.LearningTaskRoleCompositionTests.CompleteRoleBindingsPreserveTheOriginalOperand(text: "What is the capital-letter counterpart to 'ç'?", status: "ready", operation: "upper", key: 231) [< 1 ms]
  Passed CnetControlPlane.Tests.LearningTaskRelationshipTests.RelationshipsAndDescriptionsKeepTypedRoles(text: "My lowercase-conversion input is the character 'Æ'"···, status: "ready", operation: "lower", key: 198) [< 1 ms]
  Passed CnetControlPlane.Tests.LearningTaskRequestRoleTests.RequestedOperationsAndInputRolesRemainDistinct(text: "My input character for this task is \"Ö'.", status: "clarify", operation: null, key: null) [< 1 ms]
  Passed CnetControlPlane.Tests.LearningTaskParserTests.ParaphrasesProposeOnlyTypedInputs(text: "Show the lowercase form of ';'.", kind: "lower", key: 59) [< 1 ms]
  Passed CnetControlPlane.Tests.LearningChildTests.CancellationKillsAndReapsBeforeThrowing [20 ms]
  Passed CnetControlPlane.Tests.LearningTableEvaluationTests.ExpectedSnapshotMustBeAFullLowercaseHash(digest: "aaa") [< 1 ms]
  Passed CnetControlPlane.Tests.LearningTaskClauseCompositionTests.ClausesAndDescriptionsPreserveTypedBoundaries(text: "Use decimal code point 0x61, in hexadecimal, for a"···, status: "abstain", operation: null, key: null) [< 1 ms]
  Passed CnetControlPlane.Tests.LearningTaskBoundRequestTests.IndependentInputsAndRequestsCompose(text: "The input code point is 0x0051 in hexadecimal; I w"···, operation: "upper", key: 81) [< 1 ms]
  Passed CnetControlPlane.Tests.LearningCaseRequestSyntaxTests.NominalCompatibilityRequestsAreNotClaimedAsUnaryOperands(noun: "equivalent") [< 1 ms]
  Passed CnetControlPlane.Tests.LearningTaskFrameTests.WholeFramesPreserveTypedInputAndRefuseAdditionalActions(text: "I'd like you to convert 'þ' to uppercase.", status: "ready", operation: "upper", key: 254) [< 1 ms]
  Passed CnetControlPlane.Tests.LearningTaskBoundRequestTests.IndependentInputsAndRequestsCompose(text: "For the quoted symbol '?', could you produce its l"···, operation: "lower", key: 63) [< 1 ms]
  Passed CnetControlPlane.Tests.LearningTaskFrameTests.WholeFramesPreserveTypedInputAndRefuseAdditionalActions(text: "Make the sentence 'I Like Maps' lowercase.", status: "abstain", operation: null, key: null) [< 1 ms]
  Passed CnetControlPlane.Tests.LearningCaseRequestSyntaxTests.NominalCompatibilityRequestsAreNotClaimedAsUnaryOperands(noun: "rendition") [< 1 ms]
  Passed CnetControlPlane.Tests.LearningTaskRelationshipTests.RelationshipsAndDescriptionsKeepTypedRoles(text: "What uppercase letter would I get from 'à'?", status: "ready", operation: "upper", key: 224) [< 1 ms]
  Passed CnetControlPlane.Tests.LearningTaskBoundRequestTests.IndependentInputsAndRequestsCompose(text: "With the supplied Unicode scalar U+0051 as input, "···, operation: "upper", key: 81) [< 1 ms]
  Passed CnetControlPlane.Tests.LearningTaskRequestRoleTests.RequestedOperationsAndInputRolesRemainDistinct(text: "Which small letter is the lowercase form of 'Ó'?", status: "ready", operation: "lower", key: 211) [< 1 ms]
  Passed CnetControlPlane.Tests.LearningTaskFrameTests.WholeFramesPreserveTypedInputAndRefuseAdditionalActions(text: "'A' is my input. Convert it to lower case.", status: "ready", operation: "lower", key: 65) [< 1 ms]
  Passed CnetControlPlane.Tests.LearningCaseRequestSyntaxTests.NominalCompatibilityRequestsAreNotClaimedAsUnaryOperands(noun: "casing") [< 1 ms]
  Passed CnetControlPlane.Tests.LearningTaskParserTests.ParaphrasesProposeOnlyTypedInputs(text: "May I have the lowercase equivalent of 'Ã'?", kind: "lower", key: 195) [< 1 ms]
  Passed CnetControlPlane.Tests.LearningTaskParserTests.ParaphrasesProposeOnlyTypedInputs(text: "Turn U+00F1 into its capital equivalent.", kind: "upper", key: 241) [< 1 ms]
  Passed CnetControlPlane.Tests.LearningTaskBoundRequestTests.IndependentInputsAndRequestsCompose(text: "The literal character I'm giving you is 'Q'; pleas"···, operation: "upper", key: 81) [< 1 ms]
  Passed CnetControlPlane.Tests.LearningTaskParserTests.ParaphrasesProposeOnlyTypedInputs(text: "Return U+00D6 in lowercase.", kind: "lower", key: 214) [< 1 ms]
  Passed CnetControlPlane.Tests.LearningTaskRelationshipTests.RelationshipsAndDescriptionsKeepTypedRoles(text: "Capitalize the input letter ø.", status: "ready", operation: "upper", key: 248) [< 1 ms]
  Passed CnetControlPlane.Tests.LearningTaskRequestRoleTests.RequestedOperationsAndInputRolesRemainDistinct(text: "Uppercase and uppercase 'R'.", status: "abstain", operation: null, key: null) [< 1 ms]
  Passed CnetControlPlane.Tests.LearningCaseRequestSyntaxTests.NominalCompatibilityRequestsAreNotClaimedAsUnaryOperands(noun: "lettering") [< 1 ms]
  Passed CnetControlPlane.Tests.LearningTaskBoundRequestTests.IndependentInputsAndRequestsCompose(text: "I have supplied Unicode code point U+0051; would y"···, operation: "upper", key: 81) [< 1 ms]
  Passed CnetControlPlane.Tests.LearningTaskRelationshipTests.RelationshipsAndDescriptionsKeepTypedRoles(text: "Please lowercase \"\"\" .", status: "ready", operation: "lower", key: 34) [< 1 ms]
  Passed CnetControlPlane.Tests.LearningTaskRoleCompositionTests.CompleteRoleBindingsPreserveTheOriginalOperand(text: "For the input 'x', the case is uppercase and the o"···, status: "abstain", operation: null, key: null) [< 1 ms]
  Passed CnetControlPlane.Tests.LearningTaskGrammarCompositionTests.ComposedFramesUseTheSameTypedOperandBoundary(text: "Character supplied: 'a'. Desired case: uppercase. "···, status: "abstain", operation: null, key: null) [2 ms]
  Passed CnetControlPlane.Tests.LearningCaseRequestSyntaxTests.NominalCompatibilityRequestsAreNotClaimedAsUnaryOperands(noun: "counterpart") [< 1 ms]
  Passed CnetControlPlane.Tests.LearningTaskClauseCompositionTests.ClausesAndDescriptionsPreserveTypedBoundaries(text: "The case I need for decimal code point 217 is uppe"···, status: "clarify", operation: null, key: null) [< 1 ms]
  Passed CnetControlPlane.Tests.LearningTaskBoundRequestTests.IndependentInputsAndRequestsCompose(text: "I have supplied Unicode code point U+0051; could y"···, operation: "lower", key: 81) [< 1 ms]
  Passed CnetControlPlane.Tests.LearningCaseRequestSyntaxTests.NominalCompatibilityRequestsAreNotClaimedAsUnaryOperands(noun: "result") [< 1 ms]
  Passed CnetControlPlane.Tests.LearningTaskBoundRequestTests.IndependentInputsAndRequestsCompose(text: "Input character: 'Q'; may I have its lowercase cou"···, operation: "lower", key: 81) [< 1 ms]
  Passed CnetControlPlane.Tests.LearningTaskParserTests.ParaphrasesProposeOnlyTypedInputs(text: "MAKE a UPPERCASE", kind: "upper", key: 97) [< 1 ms]
  Passed CnetControlPlane.Tests.LearningCaseRequestSyntaxTests.NominalCompatibilityRequestsAreNotClaimedAsUnaryOperands(noun: "letter") [< 1 ms]
  Passed CnetControlPlane.Tests.LearningTaskBoundRequestTests.IndependentInputsAndRequestsCompose(text: "Given the single quoted character 'É' as input, co"···, operation: "lower", key: 201) [< 1 ms]
  Passed CnetControlPlane.Tests.LearningTaskGrammarCompositionTests.ComposedFramesUseTheSameTypedOperandBoundary(text: "Please lowercase the character whose code point is"···, status: "ready", operation: "lower", key: 65) [< 1 ms]
  Passed CnetControlPlane.Tests.LearningTaskGrammarCompositionTests.ComposedFramesUseTheSameTypedOperandBoundary(text: "Lowercase the two-character string 'AZ'.", status: "abstain", operation: null, key: null) [< 1 ms]
  Passed CnetControlPlane.Tests.LearningTableEvaluationTests.ExactRowsInOrderAndNoTrailingOutputAreRequired [1 ms]
  Passed CnetControlPlane.Tests.LearningTaskClauseCompositionTests.ClausesAndDescriptionsPreserveTypedBoundaries(text: "Operation requested: lower; input character: 'À'.", status: "ready", operation: "lower", key: 192) [< 1 ms]
  Passed CnetControlPlane.Tests.LearningCaseRequestSyntaxTests.GrammarSpacingAndPunctuationDoNotNormalizeLiteralData(text: "Could you kindly write '!' in caps!", key: 33) [< 1 ms]
  Passed CnetControlPlane.Tests.LearningTaskRoleCompositionTests.CompleteRoleBindingsPreserveTheOriginalOperand(text: "The case requested for the letter 'B' is lower.", status: "ready", operation: "lower", key: 66) [< 1 ms]
  Passed CnetControlPlane.Tests.LearningTaskRelationshipTests.RelationshipsAndDescriptionsKeepTypedRoles(text: "Please use upper case when converting the input 'ï"···, status: "ready", operation: "upper", key: 239) [< 1 ms]
  Passed CnetControlPlane.Tests.LearningTaskBoundRequestTests.IndependentInputsAndRequestsCompose(text: "I have supplied Unicode code point U+0051; I would"···, operation: "upper", key: 81) [< 1 ms]
  Passed CnetControlPlane.Tests.LearningTaskParserTests.ParaphrasesProposeOnlyTypedInputs(text: "Can you make 'È' lowercase for me?", kind: "lower", key: 200) [< 1 ms]
  Passed CnetControlPlane.Tests.LearningTaskParserTests.ParaphrasesProposeOnlyTypedInputs(text: "What is the lowercase of A?", kind: "lower", key: 65) [< 1 ms]
  Passed CnetControlPlane.Tests.LearningTaskGrammarCompositionTests.ComposedFramesUseTheSameTypedOperandBoundary(text: "Please use the single character 'û' as input for u"···, status: "ready", operation: "upper", key: 251) [< 1 ms]
  Passed CnetControlPlane.Tests.LearningTaskBoundRequestTests.IndependentInputsAndRequestsCompose(text: "My input character for this task is 'Q'; could you"···, operation: "lower", key: 81) [< 1 ms]
  Passed CnetControlPlane.Tests.LearningTaskParserTests.ParaphrasesProposeOnlyTypedInputs(text: "Please capitalize ñ.", kind: "upper", key: 241) [< 1 ms]
  Passed CnetControlPlane.Tests.LearningTaskFrameTests.WholeFramesPreserveTypedInputAndRefuseAdditionalActions(text: "I'd like you to put 'Ð' in lower case.", status: "ready", operation: "lower", key: 208) [1 ms]
  Passed CnetControlPlane.Tests.LearningTaskParserTests.ParaphrasesProposeOnlyTypedInputs(text: "uppercase codepoint 181", kind: "upper", key: 181) [< 1 ms]
  Passed CnetControlPlane.Tests.LearningTaskBoundRequestTests.IndependentInputsAndRequestsCompose(text: "The chosen character is 'µ'; may I have its upperc"···, operation: "upper", key: 181) [< 1 ms]
  Passed CnetControlPlane.Tests.LearningCaseRequestSyntaxTests.GrammarSpacingAndPunctuationDoNotNormalizeLiteralData(text: "Could you kindly write '.' in caps!", key: 46) [< 1 ms]
  Passed CnetControlPlane.Tests.LearningTaskRequestRoleTests.RequestedOperationsAndInputRolesRemainDistinct(text: "Use an uppercase conversion for my quoted input ch"···, status: "ready", operation: "upper", key: 124) [1 ms]
  Passed CnetControlPlane.Tests.LearningTaskBoundRequestTests.IndependentInputsAndRequestsCompose(text: "The literal character I'm giving you is 'Q'; could"···, operation: "lower", key: 81) [< 1 ms]
  Passed CnetControlPlane.Tests.LearningCaseRequestSyntaxTests.GrammarSpacingAndPunctuationDoNotNormalizeLiteralData(text: "uppercase character: 'a'", key: 97) [< 1 ms]
  Passed CnetControlPlane.Tests.LearningCaseRequestSyntaxTests.GrammarSpacingAndPunctuationDoNotNormalizeLiteralData(text: "Could you kindly write ''' in caps!", key: 39) [< 1 ms]
  Passed CnetControlPlane.Tests.LearningTaskGrammarCompositionTests.ComposedFramesUseTheSameTypedOperandBoundary(text: "The input code point is decimal 193. Convert it to"···, status: "ready", operation: "lower", key: 193) [< 1 ms]
  Passed CnetControlPlane.Tests.LearningTaskClauseCompositionTests.ClausesAndDescriptionsPreserveTypedBoundaries(text: "Make B the corresponding lowercase letter.", status: "ready", operation: "lower", key: 66) [< 1 ms]
  Passed CnetControlPlane.Tests.LearningTaskFrameTests.WholeFramesPreserveTypedInputAndRefuseAdditionalActions(text: "The character is 'µ'; please capitalize it.", status: "ready", operation: "upper", key: 181) [< 1 ms]
  Passed CnetControlPlane.Tests.LearningCaseRequestSyntaxTests.GrammarSpacingAndPunctuationDoNotNormalizeLiteralData(text: "Please, uppercase 0x00B5!", key: 181) [< 1 ms]
  Passed CnetControlPlane.Tests.LearningTaskBoundRequestTests.IndependentInputsAndRequestsCompose(text: "Given the single quoted character 'É' as input, ma"···, operation: "upper", key: 201) [< 1 ms]
  Passed CnetControlPlane.Tests.LearningCaseRequestSyntaxTests.GrammarSpacingAndPunctuationDoNotNormalizeLiteralData(text: "Please, uppercase code  point   181!", key: 181) [< 1 ms]
  Passed CnetControlPlane.Tests.LearningTaskRoleCompositionTests.CompleteRoleBindingsPreserveTheOriginalOperand(text: "The input for my request is 'è'. I need uppercase.", status: "ready", operation: "upper", key: 232) [< 1 ms]
  Passed CnetControlPlane.Tests.LearningCaseRequestSyntaxTests.GrammarSpacingAndPunctuationDoNotNormalizeLiteralData(text: "Could you kindly write ' ' in caps!", key: 32) [< 1 ms]
  Passed CnetControlPlane.Tests.LearningTaskParserTests.ParaphrasesProposeOnlyTypedInputs(text: "The uppercase version of z, please.", kind: "upper", key: 122) [< 1 ms]
  Passed CnetControlPlane.Tests.LearningTaskBoundRequestTests.IndependentInputsAndRequestsCompose(text: "For the quoted symbol '?', could you produce its u"···, operation: "upper", key: 63) [< 1 ms]
  Passed CnetControlPlane.Tests.LearningTaskFrameTests.WholeFramesPreserveTypedInputAndRefuseAdditionalActions(text: "Lowercase decimal code point 133.", status: "abstain", operation: null, key: null) [< 1 ms]
  Passed CnetControlPlane.Tests.LearningTaskRelationshipTests.RelationshipsAndDescriptionsKeepTypedRoles(text: "Given the one-character input 'Ê', I want its smal"···, status: "ready", operation: "lower", key: 202) [< 1 ms]
  Passed CnetControlPlane.Tests.LearningTaskBoundRequestTests.IndependentInputsAndRequestsCompose(text: "With the supplied Unicode scalar U+0051 as input, "···, operation: "upper", key: 81) [< 1 ms]
  Passed CnetControlPlane.Tests.LearningChildTests.MissingExecutableHasFixedFailureWithoutExternalText [2 ms]
  Passed CnetControlPlane.Tests.LearningTaskParserTests.ParaphrasesProposeOnlyTypedInputs(text: "Set the case of 'Ý' to lowercase.", kind: "lower", key: 221) [< 1 ms]
  Passed CnetControlPlane.Tests.LearningTaskBoundRequestTests.IndependentInputsAndRequestsCompose(text: "Input character: 'Q'; could you produce its upperc"···, operation: "upper", key: 81) [< 1 ms]
  Passed CnetControlPlane.Tests.LearningTaskGrammarCompositionTests.ComposedFramesUseTheSameTypedOperandBoundary(text: "For code point 255 in decimal, perform lowercase.", status: "ready", operation: "lower", key: 255) [< 1 ms]
  Passed CnetControlPlane.Tests.LearningTaskRoleCompositionTests.CompleteRoleBindingsPreserveTheOriginalOperand(text: "This lowercase task uses Unicode scalar U+00D0.", status: "ready", operation: "lower", key: 208) [< 1 ms]
  Passed CnetControlPlane.Tests.LearningTaskGrammarCompositionTests.ComposedFramesUseTheSameTypedOperandBoundary(text: "Uppercase ?", status: "clarify", operation: null, key: null) [< 1 ms]
  Passed CnetControlPlane.Tests.LearningTaskBoundRequestTests.IndependentInputsAndRequestsCompose(text: "The chosen character is 'µ'; show its lowercase co"···, operation: "lower", key: 181) [< 1 ms]
  Passed CnetControlPlane.Tests.LearningCaseRequestSyntaxTests.NominalDeclarationsKeepTheirExistingOwner(text: "uppercase letter is the desired case for 'a'") [< 1 ms]
  Passed CnetControlPlane.Tests.LearningTaskClauseCompositionTests.ClausesAndDescriptionsPreserveTypedBoundaries(text: "What capital would result from the letter 'ô'?", status: "ready", operation: "upper", key: 244) [< 1 ms]
  Passed CnetControlPlane.Tests.LearningTaskParserTests.ParaphrasesProposeOnlyTypedInputs(text: "Can you make 'à' uppercase for me?", kind: "upper", key: 224) [< 1 ms]
  Passed CnetControlPlane.Tests.LearningTaskRoleCompositionTests.CompleteRoleBindingsPreserveTheOriginalOperand(text: "My uppercase conversion should use the letter é.", status: "ready", operation: "upper", key: 233) [< 1 ms]
  Passed CnetControlPlane.Tests.LearningTaskBoundRequestTests.IndependentInputsAndRequestsCompose(text: "The chosen character is 'µ'; could you put it in l"···, operation: "lower", key: 181) [< 1 ms]
  Passed CnetControlPlane.Tests.LearningTaskParserTests.ParaphrasesProposeOnlyTypedInputs(text: "What's the uppercase of µ?", kind: "upper", key: 181) [< 1 ms]
  Passed CnetControlPlane.Tests.LearningTaskFrameTests.WholeFramesPreserveTypedInputAndRefuseAdditionalActions(text: "Convert 'a' and count to three.", status: "abstain", operation: null, key: null) [< 1 ms]
  Passed CnetControlPlane.Tests.LearningTaskParserTests.ParaphrasesProposeOnlyTypedInputs(text: "lowercase '?'", kind: "lower", key: 63) [< 1 ms]
  Passed CnetControlPlane.Tests.LearningTaskClauseCompositionTests.ClausesAndDescriptionsPreserveTypedBoundaries(text: "Uppercase is the desired case for hexadecimal code"···, status: "ready", operation: "upper", key: 227) [< 1 ms]
  Passed CnetControlPlane.Tests.LearningTaskBoundRequestTests.IndependentInputsAndRequestsCompose(text: "The selected input has decimal code point 81; coul"···, operation: "lower", key: 81) [< 1 ms]
  Passed CnetControlPlane.Tests.LearningTaskGrammarCompositionTests.ComposedFramesUseTheSameTypedOperandBoundary(text: "Input: U+00EF. Convert this one character to upper"···, status: "ready", operation: "upper", key: 239) [< 1 ms]
  Passed CnetControlPlane.Tests.LearningTaskBoundRequestTests.IndependentInputsAndRequestsCompose(text: "Input character: 'Q'; could you show its uppercase"···, operation: "upper", key: 81) [< 1 ms]
  Passed CnetControlPlane.Tests.LearningTaskFrameTests.WholeFramesPreserveTypedInputAndRefuseAdditionalActions(text: "How does 'Ç' look in lower case?", status: "ready", operation: "lower", key: 199) [< 1 ms]
  Passed CnetControlPlane.Tests.LearningTaskRelationshipTests.RelationshipsAndDescriptionsKeepTypedRoles(text: "I require 'È' in lower case.", status: "ready", operation: "lower", key: 200) [< 1 ms]
  Passed CnetControlPlane.Tests.LearningTaskRoleCompositionTests.CompleteRoleBindingsPreserveTheOriginalOperand(text: "The requested case for the quoted space 'a' is upp"···, status: "clarify", operation: null, key: null) [< 1 ms]
  Passed CnetControlPlane.Tests.LearningTaskBoundRequestTests.IndependentInputsAndRequestsCompose(text: "I have supplied Unicode code point U+0051; please "···, operation: "upper", key: 81) [< 1 ms]
  Passed CnetControlPlane.Tests.LearningTaskFrameTests.WholeFramesPreserveTypedInputAndRefuseAdditionalActions(text: "Show the uppercase character corresponding to 'ú'.", status: "ready", operation: "upper", key: 250) [< 1 ms]
  Passed CnetControlPlane.Tests.LearningTaskRelationshipTests.RelationshipsAndDescriptionsKeepTypedRoles(text: "My lowercase input is 'P'.", status: "clarify", operation: null, key: null) [< 1 ms]
  Passed CnetControlPlane.Tests.LearningTaskGrammarCompositionTests.ComposedFramesUseTheSameTypedOperandBoundary(text: "Apply uppercase to decimal code point 109.", status: "ready", operation: "upper", key: 109) [< 1 ms]
  Passed CnetControlPlane.Tests.LearningTaskBoundRequestTests.IndependentInputsAndRequestsCompose(text: "The literal character I'm giving you is 'Q'; could"···, operation: "upper", key: 81) [< 1 ms]
  Passed CnetControlPlane.Tests.LearningTaskFrameTests.WholeFramesPreserveTypedInputAndRefuseAdditionalActions(text: "Kindly put 'à' in upper case.", status: "ready", operation: "upper", key: 224) [< 1 ms]
  Passed CnetControlPlane.Tests.LearningTaskParserTests.ParaphrasesProposeOnlyTypedInputs(text: "Could I have the capitalized form of the single ch"···, kind: "upper", key: 181) [< 1 ms]
  Passed CnetControlPlane.Tests.LearningTaskRoleCompositionTests.CompleteRoleBindingsPreserveTheOriginalOperand(text: "Could you give me the upper-case counterpart to 'i"···, status: "ready", operation: "upper", key: 105) [< 1 ms]
  Passed CnetControlPlane.Tests.LearningCaseRequestSyntaxTests.NominalDeclarationsKeepTheirExistingOwner(text: "uppercase character should take 'a' as its input") [< 1 ms]
  Passed CnetControlPlane.Tests.LearningTaskGrammarCompositionTests.ComposedFramesUseTheSameTypedOperandBoundary(text: "Make a capital.", status: "clarify", operation: null, key: null) [< 1 ms]
  Passed CnetControlPlane.Tests.LearningTaskParserTests.ParaphrasesProposeOnlyTypedInputs(text: "Return the small-letter version of 'B'.", kind: "lower", key: 66) [< 1 ms]
  Passed CnetControlPlane.Tests.LearningTaskClauseCompositionTests.ClausesAndDescriptionsPreserveTypedBoundaries(text: "A capital-letter form is what I'm requesting.", status: "clarify", operation: null, key: null) [< 1 ms]
  Passed CnetControlPlane.Tests.LearningTaskParserTests.ParaphrasesProposeOnlyTypedInputs(text: "Could you give me the capital form of 'é', please?", kind: "upper", key: 233) [< 1 ms]
  Passed CnetControlPlane.Tests.LearningTaskBoundRequestTests.IndependentInputsAndRequestsCompose(text: "My input character for this task is 'Q'; I need it"···, operation: "upper", key: 81) [< 1 ms]
  Passed CnetControlPlane.Tests.LearningTaskParserTests.ParaphrasesProposeOnlyTypedInputs(text: "unicode upper 181", kind: "upper", key: 181) [< 1 ms]
  Passed CnetControlPlane.Tests.LearningTaskParserTests.ParaphrasesProposeOnlyTypedInputs(text: "uppercase '7'", kind: "upper", key: 55) [< 1 ms]
  Passed CnetControlPlane.Tests.LearningTaskRelationshipTests.RelationshipsAndDescriptionsKeepTypedRoles(text: "The letter 'w' should appear in upper case.", status: "ready", operation: "upper", key: 119) [< 1 ms]
  Passed CnetControlPlane.Tests.LearningTaskParserTests.ParaphrasesProposeOnlyTypedInputs(text: "Write a as a capital letter.", kind: "upper", key: 97) [< 1 ms]
  Passed CnetControlPlane.Tests.LearningTaskBoundRequestTests.IndependentInputsAndRequestsCompose(text: "For the quoted symbol '?', could you show its uppe"···, operation: "upper", key: 63) [< 1 ms]
  Passed CnetControlPlane.Tests.LearningTaskGrammarCompositionTests.ComposedFramesUseTheSameTypedOperandBoundary(text: "The input is 'T'; the requested operation is lower"···, status: "ready", operation: "lower", key: 84) [< 1 ms]
  Passed CnetControlPlane.Tests.LearningTaskParserTests.ParaphrasesProposeOnlyTypedInputs(text: "Write K as a small letter.", kind: "lower", key: 75) [< 1 ms]
  Passed CnetControlPlane.Tests.LearningTableEvaluationTests.ReceiptRetainsNoCallerMutableInputAndCannotBeConstructedOrChanged [2 ms]
  Passed CnetControlPlane.Tests.LearningTaskFrameTests.WholeFramesPreserveTypedInputAndRefuseAdditionalActions(text: "The character is the letter with a; please capital"···, status: "clarify", operation: null, key: null) [< 1 ms]
  Passed CnetControlPlane.Tests.LearningTaskRequestRoleTests.RequestedOperationsAndInputRolesRemainDistinct(text: "Could 'R' be shown in lowercase?", status: "ready", operation: "lower", key: 82) [1 ms]
  Passed CnetControlPlane.Tests.LearningTaskParserTests.ParaphrasesProposeOnlyTypedInputs(text: "uppercase U+00B5", kind: "upper", key: 181) [< 1 ms]
  Passed CnetControlPlane.Tests.LearningTaskBoundRequestTests.IndependentInputsAndRequestsCompose(text: "With the supplied Unicode scalar U+0051 as input, "···, operation: "lower", key: 81) [< 1 ms]
  Passed CnetControlPlane.Tests.LearningTaskGrammarCompositionTests.ComposedFramesUseTheSameTypedOperandBoundary(text: "A lowercase conversion is what I need.", status: "clarify", operation: null, key: null) [< 1 ms]
  Passed CnetControlPlane.Tests.LearningTaskGrammarCompositionTests.ComposedFramesUseTheSameTypedOperandBoundary(text: "The input is 't'; the requested operation is upper"···, status: "ready", operation: "upper", key: 116) [< 1 ms]
  Passed CnetControlPlane.Tests.LearningTaskBoundRequestTests.IndependentInputsAndRequestsCompose(text: "The input code point is 0x0051 in hexadecimal; I w"···, operation: "lower", key: 81) [< 1 ms]
  Passed CnetControlPlane.Tests.LearningTaskParserTests.ParaphrasesProposeOnlyTypedInputs(text: "Please put Q in lower case.", kind: "lower", key: 81) [< 1 ms]
  Passed CnetControlPlane.Tests.LearningTaskBoundRequestTests.IndependentInputsAndRequestsCompose(text: "Input character: 'Q'; I need it converted to upper"···, operation: "upper", key: 81) [< 1 ms]
  Passed CnetControlPlane.Tests.LearningTaskParserTests.ParaphrasesProposeOnlyTypedInputs(text: " unicode lower 65 ", kind: "lower", key: 65) [< 1 ms]
  Passed CnetControlPlane.Tests.LearningTaskRoleCompositionTests.CompleteRoleBindingsPreserveTheOriginalOperand(text: "The input character has decimal code point 250; co"···, status: "ready", operation: "upper", key: 250) [< 1 ms]
  Passed CnetControlPlane.Tests.LearningTaskParserTests.ParaphrasesProposeOnlyTypedInputs(text: "Capitalize the single letter 'f'.", kind: "upper", key: 102) [< 1 ms]
  Passed CnetControlPlane.Tests.LearningTaskFrameTests.WholeFramesPreserveTypedInputAndRefuseAdditionalActions(text: "With 'a' or 'b' as the input, return its uppercase"···, status: "clarify", operation: null, key: null) [< 1 ms]
  Passed CnetControlPlane.Tests.LearningTaskClauseCompositionTests.ClausesAndDescriptionsPreserveTypedBoundaries(text: "I have supplied 'Æ' for a small-letter conversion.", status: "ready", operation: "lower", key: 198) [< 1 ms]
  Passed CnetControlPlane.Tests.LearningTaskRelationshipTests.RelationshipsAndDescriptionsKeepTypedRoles(text: "Upper case is wanted for the single character 'è'.", status: "ready", operation: "upper", key: 232) [< 1 ms]
  Passed CnetControlPlane.Tests.LearningTaskBoundRequestTests.IndependentInputsAndRequestsCompose(text: "My input character for this task is 'Q'; could you"···, operation: "upper", key: 81) [< 1 ms]
  Passed CnetControlPlane.Tests.LearningTaskParserTests.ParaphrasesProposeOnlyTypedInputs(text: "For the character 'µ', give its capital form.", kind: "upper", key: 181) [< 1 ms]
  Passed CnetControlPlane.Tests.LearningTaskRequestRoleTests.RequestedOperationsAndInputRolesRemainDistinct(text: "Use the small-letter equivalent of 'Î' for my resu"···, status: "ready", operation: "lower", key: 206) [< 1 ms]
  Passed CnetControlPlane.Tests.LearningCaseRequestSyntaxTests.NominalDeclarationsKeepTheirExistingOwner(text: "uppercase character is the requested operation for"···) [22 ms]
  Passed CnetControlPlane.Tests.LearningTaskFrameTests.WholeFramesPreserveTypedInputAndRefuseAdditionalActions(text: "I'd like you to return a capitalized character.", status: "clarify", operation: null, key: null) [21 ms]
  Passed CnetControlPlane.Tests.LearningTaskBoundRequestTests.IndependentInputsAndRequestsCompose(text: "The chosen character is 'µ'; I would like to see i"···, operation: "upper", key: 181) [21 ms]
  Passed CnetControlPlane.Tests.LearningTaskRoleCompositionTests.CompleteRoleBindingsPreserveTheOriginalOperand(text: "My requested form for 'ä' is uppercase or lowercas"···, status: "clarify", operation: null, key: null) [21 ms]
  Passed CnetControlPlane.Tests.LearningTaskGrammarCompositionTests.ComposedFramesUseTheSameTypedOperandBoundary(text: "Here is the single character '?': please change it"···, status: "clarify", operation: null, key: null) [21 ms]
  Passed CnetControlPlane.Tests.LearningTaskClauseCompositionTests.ClausesAndDescriptionsPreserveTypedBoundaries(text: "Make the single quoted digit '4' uppercase.", status: "ready", operation: "upper", key: 52) [21 ms]
  Passed CnetControlPlane.Tests.LearningTaskRelationshipTests.RelationshipsAndDescriptionsKeepTypedRoles(text: "Lower-case lettering is what I want for the charac"···, status: "ready", operation: "lower", key: 87) [21 ms]
  Passed CnetControlPlane.Tests.LearningTaskParserTests.ParaphrasesProposeOnlyTypedInputs(text: "Return the capital-letter version of 'â'.", kind: "upper", key: 226) [< 1 ms]
  Passed CnetControlPlane.Tests.LearningTaskParserTests.ParaphrasesProposeOnlyTypedInputs(text: "Write 'Ä' using lower case.", kind: "lower", key: 196) [< 1 ms]
  Passed CnetControlPlane.Tests.LearningTableEvaluationTests.BoundsAreCheckedBeforeCloneOrAsciiDecode [22 ms]
  Passed CnetControlPlane.Tests.LearningTaskParserTests.ParaphrasesProposeOnlyTypedInputs(text: "Return 'a' in lowercase.", kind: "lower", key: 97) [< 1 ms]
  Passed CnetControlPlane.Tests.LearningTaskRequestRoleTests.RequestedOperationsAndInputRolesRemainDistinct(text: "The decimal code point of my input is 242, and I w"···, status: "ready", operation: "upper", key: 242) [< 1 ms]
  Passed CnetControlPlane.Tests.LearningTaskFrameTests.WholeFramesPreserveTypedInputAndRefuseAdditionalActions(text: "For decimal code point 193, return the lowercase c"···, status: "ready", operation: "lower", key: 193) [< 1 ms]
  Passed CnetControlPlane.Tests.LearningTaskRelationshipTests.RelationshipsAndDescriptionsKeepTypedRoles(text: "The letter 'n' is the input for this lowercase ope"···, status: "ready", operation: "lower", key: 110) [< 1 ms]
  Passed CnetControlPlane.Tests.LearningTaskParserTests.ParaphrasesProposeOnlyTypedInputs(text: "May I have the uppercase equivalent of 'ö'?", kind: "upper", key: 246) [< 1 ms]
  Passed CnetControlPlane.Tests.LearningTaskRelationshipTests.RelationshipsAndDescriptionsKeepTypedRoles(text: "My uppercase operation input is 'p'.", status: "ready", operation: "upper", key: 112) [< 1 ms]
  Passed CnetControlPlane.Tests.LearningCaseRequestSyntaxTests.NominalDeclarationsKeepTheirExistingOwner(text: "uppercase character is wanted for 'a'") [< 1 ms]
  Passed CnetControlPlane.Tests.LearningTaskClauseCompositionTests.ClausesAndDescriptionsPreserveTypedBoundaries(text: "Please turn 'd' into the corresponding capital let"···, status: "ready", operation: "upper", key: 100) [< 1 ms]
  Passed CnetControlPlane.Tests.LearningLedgerTests.MissingCurrentEpochCannotReleaseRebootQuarantine [98 ms]
  Passed CnetControlPlane.Tests.LearningTaskParserTests.ParaphrasesProposeOnlyTypedInputs(text: "Would you make the character 'j' upper case, pleas"···, kind: "upper", key: 106) [< 1 ms]
  Passed CnetControlPlane.Tests.LearningTaskParserTests.ParaphrasesProposeOnlyTypedInputs(text: "Can you render 'À' as a lowercase letter?", kind: "lower", key: 192) [< 1 ms]
  Passed CnetControlPlane.Tests.LearningTaskBoundRequestTests.IndependentInputsAndRequestsCompose(text: "The selected input has decimal code point 81; I ne"···, operation: "lower", key: 81) [< 1 ms]
  Passed CnetControlPlane.Tests.LearningTaskRequestRoleTests.RequestedOperationsAndInputRolesRemainDistinct(text: "The case transformation for 'Å' should be lower.", status: "ready", operation: "lower", key: 197) [< 1 ms]
  Passed CnetControlPlane.Tests.LearningTaskRelationshipTests.RelationshipsAndDescriptionsKeepTypedRoles(text: "With 'ß' as the input character, perform an upperc"···, status: "ready", operation: "upper", key: 223) [< 1 ms]
  Passed CnetControlPlane.Tests.LearningTaskFrameTests.WholeFramesPreserveTypedInputAndRefuseAdditionalActions(text: "The character is 'a'; delete it.", status: "abstain", operation: null, key: null) [< 1 ms]
  Passed CnetControlPlane.Tests.LearningTaskParserTests.ParaphrasesProposeOnlyTypedInputs(text: "uppercase ß", kind: "upper", key: 223) [< 1 ms]
  Passed CnetControlPlane.Tests.LearningTaskRequestRoleTests.RequestedOperationsAndInputRolesRemainDistinct(text: "My input character for this task is \"ö\".", status: "clarify", operation: null, key: null) [< 1 ms]
  Passed CnetControlPlane.Tests.LearningTaskParserTests.ParaphrasesProposeOnlyTypedInputs(text: "change À to lowercase", kind: "lower", key: 192) [< 1 ms]
  Passed CnetControlPlane.Tests.LearningTaskRelationshipTests.RelationshipsAndDescriptionsKeepTypedRoles(text: "Capital-letter conversion for 'd', please.", status: "ready", operation: "upper", key: 100) [< 1 ms]
  Passed CnetControlPlane.Tests.LearningCaseRequestSyntaxTests.NominalDeclarationsKeepTheirExistingOwner(text: "uppercase character when converting 'a'") [< 1 ms]
  Passed CnetControlPlane.Tests.LearningTaskRoleCompositionTests.CompleteRoleBindingsPreserveTheOriginalOperand(text: "The operation I want for 'R' is a lowercase conver"···, status: "ready", operation: "lower", key: 82) [< 1 ms]
  Passed CnetControlPlane.Tests.LearningTaskBoundRequestTests.IndependentInputsAndRequestsCompose(text: "The selected input has decimal code point 81; show"···, operation: "upper", key: 81) [< 1 ms]
  Passed CnetControlPlane.Tests.LearningTaskFrameTests.WholeFramesPreserveTypedInputAndRefuseAdditionalActions(text: "For 'm', use upper case.", status: "ready", operation: "upper", key: 109) [< 1 ms]
  Passed CnetControlPlane.Tests.LearningTaskRequestRoleTests.RequestedOperationsAndInputRolesRemainDistinct(text: "For the single character 'à', an uppercase convers"···, status: "ready", operation: "upper", key: 224) [< 1 ms]
  Passed CnetControlPlane.Tests.LearningTaskFrameTests.WholeFramesPreserveTypedInputAndRefuseAdditionalActions(text: "Convert 'h'.", status: "clarify", operation: null, key: null) [< 1 ms]
  Passed CnetControlPlane.Tests.LearningTaskRelationshipTests.RelationshipsAndDescriptionsKeepTypedRoles(text: "For uppercase conversion, the input code point is "···, status: "ready", operation: "upper", key: 115) [< 1 ms]
  Passed CnetControlPlane.Tests.LearningTaskBoundRequestTests.IndependentInputsAndRequestsCompose(text: "The literal character I'm giving you is 'Q'; show "···, operation: "lower", key: 81) [< 1 ms]
  Passed CnetControlPlane.Tests.LearningTaskClauseCompositionTests.ClausesAndDescriptionsPreserveTypedBoundaries(text: "Please carry out lowercase conversion.", status: "clarify", operation: null, key: null) [< 1 ms]
  Passed CnetControlPlane.Tests.LearningTaskFrameTests.WholeFramesPreserveTypedInputAndRefuseAdditionalActions(text: "The character is 'M'; please lowercase it.", status: "ready", operation: "lower", key: 77) [< 1 ms]
  Passed CnetControlPlane.Tests.LearningChildTests.ArgumentsAreLiteralAndOnlyAllowlistedEnvironmentIsPassed [24 ms]
  Passed CnetControlPlane.Tests.LearningTaskGrammarCompositionTests.ComposedFramesUseTheSameTypedOperandBoundary(text: "Please perform uppercase conversion on my input ch"···, status: "clarify", operation: null, key: null) [1 ms]
  Passed CnetControlPlane.Tests.LearningTaskBoundRequestTests.IndependentInputsAndRequestsCompose(text: "The selected input has decimal code point 81; may "···, operation: "upper", key: 81) [< 1 ms]
  Passed CnetControlPlane.Tests.LearningTaskRequestRoleTests.RequestedOperationsAndInputRolesRemainDistinct(text: "The lowercase conversion I am requesting uses \"C\"···, status: "ready", operation: "lower", key: 67) [< 1 ms]
  Passed CnetControlPlane.Tests.LearningTaskFrameTests.WholeFramesPreserveTypedInputAndRefuseAdditionalActions(text: "Uppercase the character with decimal code point 99"···, status: "ready", operation: "upper", key: 99) [< 1 ms]
  Passed CnetControlPlane.Tests.LearningCaseRequestSyntaxTests.NominalDeclarationsKeepTheirExistingOwner(text: "uppercase letter is to be applied to 'a'") [< 1 ms]
  Passed CnetControlPlane.Tests.LearningTaskGrammarCompositionTests.ComposedFramesUseTheSameTypedOperandBoundary(text: "Convert the scalar U+004B to lowercase.", status: "ready", operation: "lower", key: 75) [< 1 ms]
  Passed CnetControlPlane.Tests.LearningTaskRequestRoleTests.RequestedOperationsAndInputRolesRemainDistinct(text: "Produce a lowercase version of 'Q'.", status: "ready", operation: "lower", key: 81) [< 1 ms]
  Passed CnetControlPlane.Tests.LearningTaskParserTests.ParaphrasesProposeOnlyTypedInputs(text: "I would like the lower-case version of decimal cod"···, kind: "lower", key: 192) [< 1 ms]
  Passed CnetControlPlane.Tests.LearningTaskGrammarCompositionTests.ComposedFramesUseTheSameTypedOperandBoundary(text: "Use 'lowercase' as input for uppercase.", status: "abstain", operation: null, key: null) [< 1 ms]
  Passed CnetControlPlane.Tests.LearningTaskRoleCompositionTests.CompleteRoleBindingsPreserveTheOriginalOperand(text: "For the conversion, use 'Ø' as the character and l"···, status: "ready", operation: "lower", key: 216) [< 1 ms]
  Passed CnetControlPlane.Tests.LearningTaskBoundRequestTests.IndependentInputsAndRequestsCompose(text: "The chosen character is 'µ'; could you show its lo"···, operation: "lower", key: 181) [< 1 ms]
  Passed CnetControlPlane.Tests.LearningTableEvaluationTests.EveryCoveredKeyIncludingBothNumericBoundariesCanPass [1 ms]
  Passed CnetControlPlane.Tests.LearningTaskParserTests.ParaphrasesProposeOnlyTypedInputs(text: "Display the capital-letter form of codepoint 233, "···, kind: "upper", key: 233) [< 1 ms]
  Passed CnetControlPlane.Tests.LearningTaskFrameTests.WholeFramesPreserveTypedInputAndRefuseAdditionalActions(text: "Uppercase the character at U+0000.", status: "abstain", operation: null, key: null) [< 1 ms]
  Passed CnetControlPlane.Tests.LearningTaskRelationshipTests.RelationshipsAndDescriptionsKeepTypedRoles(text: "Character for this task: 'ù'. Requested transforma"···, status: "ready", operation: "upper", key: 249) [< 1 ms]
  Passed CnetControlPlane.Tests.LearningTaskGrammarCompositionTests.ComposedFramesUseTheSameTypedOperandBoundary(text: "Input scalar: 'Ä'. Case operation: lower.", status: "ready", operation: "lower", key: 196) [< 1 ms]
  Passed CnetControlPlane.Tests.LearningTaskBoundRequestTests.IndependentInputsAndRequestsCompose(text: "Input: 'T'; display its lowercase form.", operation: "lower", key: 84) [< 1 ms]
  Passed CnetControlPlane.Tests.LearningTaskRoleCompositionTests.CompleteRoleBindingsPreserveTheOriginalOperand(text: "For this conversion, use the character 'ø' and the"···, status: "ready", operation: "upper", key: 248) [< 1 ms]
  Passed CnetControlPlane.Tests.LearningTaskRequestRoleTests.RequestedOperationsAndInputRolesRemainDistinct(text: "Which small letter is the uppercase form of U+0000"···, status: "abstain", operation: null, key: null) [< 1 ms]
  Passed CnetControlPlane.Tests.LearningTaskGrammarCompositionTests.ComposedFramesUseTheSameTypedOperandBoundary(text: "Convert the scalar U+006B to uppercase.", status: "ready", operation: "upper", key: 107) [< 1 ms]
  Passed CnetControlPlane.Tests.LearningTaskFrameTests.WholeFramesPreserveTypedInputAndRefuseAdditionalActions(text: "'ð' is my input. Convert it to upper case.", status: "ready", operation: "upper", key: 240) [< 1 ms]
  Passed CnetControlPlane.Tests.LearningCaseRequestSyntaxTests.ClaimedRequestsCannotDiscardUnknownActionsOrAcquireAuthority(text: "Please, uppercase my name!", status: "abstain") [< 1 ms]
  Passed CnetControlPlane.Tests.LearningTaskBoundRequestTests.IndependentInputsAndRequestsCompose(text: "My input character for this task is 'Q'; I would l"···, operation: "upper", key: 81) [< 1 ms]
  Passed CnetControlPlane.Tests.LearningTaskParserTests.AmbiguityRequiresClarificationWithoutAnExecutableProposal(text: "Put a capital letter.") [< 1 ms]
  Passed CnetControlPlane.Tests.LearningTaskFrameTests.WholeFramesPreserveTypedInputAndRefuseAdditionalActions(text: "Uppercase code point 65 or code point 66.", status: "clarify", operation: null, key: null) [< 1 ms]
  Passed CnetControlPlane.Tests.LearningTaskRoleCompositionTests.CompleteRoleBindingsPreserveTheOriginalOperand(text: "Show uppercase applied to 'Q'.", status: "ready", operation: "upper", key: 81) [< 1 ms]
  Passed CnetControlPlane.Tests.LearningTaskRelationshipTests.RelationshipsAndDescriptionsKeepTypedRoles(text: "Use upper case for the control code point U+001B.", status: "abstain", operation: null, key: null) [< 1 ms]
  Passed CnetControlPlane.Tests.LearningTaskBoundRequestTests.IndependentInputsAndRequestsCompose(text: "The literal character I'm giving you is 'Q'; I wou"···, operation: "lower", key: 81) [< 1 ms]
  Passed CnetControlPlane.Tests.LearningTaskGrammarCompositionTests.ComposedFramesUseTheSameTypedOperandBoundary(text: "For me, use the capital version of 'ð'.", status: "ready", operation: "upper", key: 240) [< 1 ms]
  Passed CnetControlPlane.Tests.LearningTaskFrameTests.WholeFramesPreserveTypedInputAndRefuseAdditionalActions(text: "Capitalize the character represented by decimal co"···, status: "ready", operation: "upper", key: 240) [< 1 ms]
  Passed CnetControlPlane.Tests.LearningTaskRoleCompositionTests.CompleteRoleBindingsPreserveTheOriginalOperand(text: "My uppercase input is 'p'.", status: "clarify", operation: null, key: null) [< 1 ms]
  Passed CnetControlPlane.Tests.LearningTaskParserTests.AmbiguityRequiresClarificationWithoutAnExecutableProposal(text: "Change case of ';'.") [< 1 ms]
  Passed CnetControlPlane.Tests.LearningTaskBoundRequestTests.IndependentInputsAndRequestsCompose(text: "My input character for this task is 'Q'; show its "···, operation: "upper", key: 81) [< 1 ms]
  Passed CnetControlPlane.Tests.LearningTaskRequestRoleTests.RequestedOperationsAndInputRolesRemainDistinct(text: "Uppercase conversion is my request for the scalar "···, status: "ready", operation: "upper", key: 181) [< 1 ms]
  Passed CnetControlPlane.Tests.LearningTaskFrameTests.WholeFramesPreserveTypedInputAndRefuseAdditionalActions(text: "The character is 'c'; please capitalize it.", status: "ready", operation: "upper", key: 99) [< 1 ms]
  Passed CnetControlPlane.Tests.LearningTaskClauseCompositionTests.ClausesAndDescriptionsPreserveTypedBoundaries(text: "I am asking for 'L' to be written in lowercase.", status: "ready", operation: "lower", key: 76) [1 ms]
  Passed CnetControlPlane.Tests.LearningTaskParserTests.AmbiguityRequiresClarificationWithoutAnExecutableProposal(text: "Return a capitalized form.") [< 1 ms]
  Passed CnetControlPlane.Tests.LearningTaskRequestRoleTests.RequestedOperationsAndInputRolesRemainDistinct(text: "The uppercase conversion I am requesting uses \"c\"···, status: "ready", operation: "upper", key: 99) [< 1 ms]
  Passed CnetControlPlane.Tests.LearningCaseRequestSyntaxTests.ClaimedRequestsCannotDiscardUnknownActionsOrAcquireAuthority(text: "display 'A' as small", status: "abstain") [< 1 ms]
  Passed CnetControlPlane.Tests.LearningTaskBoundRequestTests.IndependentInputsAndRequestsCompose(text: "With the supplied Unicode scalar U+0051 as input, "···, operation: "lower", key: 81) [< 1 ms]
  Passed CnetControlPlane.Tests.LearningCaseRequestSyntaxTests.ClaimedRequestsCannotDiscardUnknownActionsOrAcquireAuthority(text: "What is the capital letter of mu?", status: "clarify") [< 1 ms]
  Passed CnetControlPlane.Tests.LearningTaskRequestRoleTests.RequestedOperationsAndInputRolesRemainDistinct(text: "I've chosen 'Ñ' as the input; please show its lowe"···, status: "ready", operation: "lower", key: 209) [< 1 ms]
  Passed CnetControlPlane.Tests.LearningTaskRelationshipTests.RelationshipsAndDescriptionsKeepTypedRoles(text: "What would 'À' become in lower case?", status: "ready", operation: "lower", key: 192) [< 1 ms]
  Passed CnetControlPlane.Tests.LearningCaseRequestSyntaxTests.ClaimedRequestsCannotDiscardUnknownActionsOrAcquireAuthority(text: "Could you kindly render the single quoted characte"···, status: "clarify") [< 1 ms]
  Passed CnetControlPlane.Tests.LearningTaskClauseCompositionTests.ClausesAndDescriptionsPreserveTypedBoundaries(text: "I am asking for 'l' to be written in uppercase.", status: "ready", operation: "upper", key: 108) [< 1 ms]
  Passed CnetControlPlane.Tests.LearningTaskRoleCompositionTests.CompleteRoleBindingsPreserveTheOriginalOperand(text: "Please let 'á' appear in uppercase.", status: "ready", operation: "upper", key: 225) [< 1 ms]
  Passed CnetControlPlane.Tests.LearningTaskRequestRoleTests.RequestedOperationsAndInputRolesRemainDistinct(text: "The literal character I'm giving you is \"@\".", status: "clarify", operation: null, key: null) [< 1 ms]
  Passed CnetControlPlane.Tests.LearningTaskBoundRequestTests.IndependentInputsAndRequestsCompose(text: "Given the single quoted character 'É' as input, ma"···, operation: "lower", key: 201) [< 1 ms]
  Passed CnetControlPlane.Tests.LearningTaskParserTests.AmbiguityRequiresClarificationWithoutAnExecutableProposal(text: "Convert one of codepoint 70 or codepoint 71 to low"···) [< 1 ms]
  Passed CnetControlPlane.Tests.LearningTaskClauseCompositionTests.ClausesAndDescriptionsPreserveTypedBoundaries(text: "The character identified as U+00D8 should be lower"···, status: "ready", operation: "lower", key: 216) [< 1 ms]
  Passed CnetControlPlane.Tests.LearningTaskBoundRequestTests.IndependentInputsAndRequestsCompose(text: "My input character for this task is 'Q'; please sh"···, operation: "upper", key: 81) [< 1 ms]
  Passed CnetControlPlane.Tests.LearningTaskRequestRoleTests.RequestedOperationsAndInputRolesRemainDistinct(text: "Can the letter \"i\" be shown in uppercase?", status: "ready", operation: "upper", key: 105) [< 1 ms]
  Passed CnetControlPlane.Tests.LearningTaskRoleCompositionTests.CompleteRoleBindingsPreserveTheOriginalOperand(text: "The input character has decimal code point 218; co"···, status: "ready", operation: "lower", key: 218) [< 1 ms]
  Passed CnetControlPlane.Tests.LearningCaseRequestSyntaxTests.ClaimedRequestsCannotDiscardUnknownActionsOrAcquireAuthority(text: "Please show 'a' to be uppercase.", status: "abstain") [< 1 ms]
  Passed CnetControlPlane.Tests.LearningCaseRequestSyntaxTests.ClaimedRequestsCannotDiscardUnknownActionsOrAcquireAuthority(text: "Please write 81 in caps.", status: "clarify") [< 1 ms]
  Passed CnetControlPlane.Tests.LearningTaskRequestRoleTests.RequestedOperationsAndInputRolesRemainDistinct(text: "My requested operation for code point U+00D5 is lo"···, status: "ready", operation: "lower", key: 213) [< 1 ms]
  Passed CnetControlPlane.Tests.LearningTaskRelationshipTests.RelationshipsAndDescriptionsKeepTypedRoles(text: "The input is the quoted nonbreaking space ' '; app"···, status: "ready", operation: "lower", key: 160) [< 1 ms]
  Passed CnetControlPlane.Tests.LearningCaseRequestSyntaxTests.ClaimedRequestsCannotDiscardUnknownActionsOrAcquireAuthority(text: "What is the capital of France?", status: "abstain") [< 1 ms]
  Passed CnetControlPlane.Tests.LearningTaskBoundRequestTests.IndependentInputsAndRequestsCompose(text: "The chosen character is 'µ'; please show its upper"···, operation: "upper", key: 181) [< 1 ms]
  Passed CnetControlPlane.Tests.LearningCaseRequestSyntaxTests.ClaimedRequestsCannotDiscardUnknownActionsOrAcquireAuthority(text: "Please write the uppercase of France.", status: "clarify") [< 1 ms]
  Passed CnetControlPlane.Tests.LearningCaseRequestSyntaxTests.ClaimedRequestsCannotDiscardUnknownActionsOrAcquireAuthority(text: "Could you kindly not render 'É' in lowercase?", status: "abstain") [< 1 ms]
  Passed CnetControlPlane.Tests.LearningTaskRoleCompositionTests.CompleteRoleBindingsPreserveTheOriginalOperand(text: "What is the lower-case counterpart to the characte"···, status: "ready", operation: "lower", key: 199) [< 1 ms]
  Passed CnetControlPlane.Tests.LearningTaskRequestRoleTests.RequestedOperationsAndInputRolesRemainDistinct(text: "Which small letter is the uppercase form of 'a'?", status: "clarify", operation: null, key: null) [< 1 ms]
  Passed CnetControlPlane.Tests.LearningTaskBoundRequestTests.IndependentInputsAndRequestsCompose(text: "Input character: 'Q'; show its lowercase counterpa"···, operation: "lower", key: 81) [< 1 ms]
  Passed CnetControlPlane.Tests.LearningTaskRelationshipTests.RelationshipsAndDescriptionsKeepTypedRoles(text: "My case choice is lowercase and the input code poi"···, status: "ready", operation: "lower", key: 197) [< 1 ms]
  Passed CnetControlPlane.Tests.LearningTaskParserTests.AmbiguityRequiresClarificationWithoutAnExecutableProposal(text: "Adjust the letter case of codepoint 213.") [< 1 ms]
  Passed CnetControlPlane.Tests.LearningCaseRequestSyntaxTests.ClaimedRequestsCannotDiscardUnknownActionsOrAcquireAuthority(text: "Please write 'ñ' in caps and email it.", status: "abstain") [< 1 ms]
  Passed CnetControlPlane.Tests.LearningCaseRequestSyntaxTests.ClaimedRequestsCannotDiscardUnknownActionsOrAcquireAuthority(text: "What is the capital of the character mu?", status: "clarify") [< 1 ms]
  Passed CnetControlPlane.Tests.LearningTaskRoleCompositionTests.CompleteRoleBindingsPreserveTheOriginalOperand(text: "I want to see the small-letter result.", status: "clarify", operation: null, key: null) [< 1 ms]
  Passed CnetControlPlane.Tests.LearningTaskGrammarCompositionTests.ComposedFramesUseTheSameTypedOperandBoundary(text: "Input scalar: 'a'. Case operation: uppercase and l"···, status: "abstain", operation: null, key: null) [1 ms]
  Passed CnetControlPlane.Tests.LearningPolicyTests.ParsedDatasetAuthorityCannotBeMutated [< 1 ms]
  Passed CnetControlPlane.Tests.LearningTaskBoundRequestTests.IndependentInputsAndRequestsCompose(text: "The input code point is 0x0051 in hexadecimal; cou"···, operation: "upper", key: 81) [< 1 ms]
  Passed CnetControlPlane.Tests.LearningCaseRequestSyntaxTests.ClaimedRequestsCannotDiscardUnknownActionsOrAcquireAuthority(text: "What is the capital of the letter sigma?", status: "clarify") [< 1 ms]
  Passed CnetControlPlane.Tests.LearningTaskRequestRoleTests.RequestedOperationsAndInputRolesRemainDistinct(text: "Use the character U+00F0 for this capital-letter c"···, status: "ready", operation: "upper", key: 240) [< 1 ms]
  Passed CnetControlPlane.Tests.LearningTaskBoundRequestTests.IndependentInputsAndRequestsCompose(text: "The literal character I'm giving you is 'Q'; could"···, operation: "lower", key: 81) [< 1 ms]
  Passed CnetControlPlane.Tests.LearningTaskRelationshipTests.RelationshipsAndDescriptionsKeepTypedRoles(text: "The quoted input ':' is to be converted to upper c"···, status: "ready", operation: "upper", key: 58) [< 1 ms]
  Passed CnetControlPlane.Tests.LearningCaseRequestSyntaxTests.ClaimedRequestsCannotDiscardUnknownActionsOrAcquireAuthority(text: "Could you kindly uppercase 'a' or 'b'!", status: "clarify") [< 1 ms]
  Passed CnetControlPlane.Tests.LearningCaseRequestSyntaxTests.ClaimedRequestsCannotDiscardUnknownActionsOrAcquireAuthority(text: "What is the uppercase of mu?", status: "clarify") [< 1 ms]
  Passed CnetControlPlane.Tests.LearningTaskClauseCompositionTests.ClausesAndDescriptionsPreserveTypedBoundaries(text: "Return the lowercase result of code point 0x0052 i"···, status: "abstain", operation: null, key: null) [< 1 ms]
  Passed CnetControlPlane.Tests.LearningTaskRequestRoleTests.RequestedOperationsAndInputRolesRemainDistinct(text: "My input character for this task is U+0000.", status: "abstain", operation: null, key: null) [< 1 ms]
  Passed CnetControlPlane.Tests.LearningCaseRequestSyntaxTests.ClaimedRequestsCannotDiscardUnknownActionsOrAcquireAuthority(text: "Could you kindly render 'É' in lowercase, then ema"···, status: "abstain") [< 1 ms]
  Passed CnetControlPlane.Tests.LearningTaskRelationshipTests.RelationshipsAndDescriptionsKeepTypedRoles(text: "Please uppercase the quoted nonbreaking space ' '.", status: "ready", operation: "upper", key: 160) [< 1 ms]
  Passed CnetControlPlane.Tests.LearningPolicyTests.MalformedOrExpandedAuthorityRefuses(from: "\"id\":\"calibration\"", to: "\"id\":\"Calibration\"") [< 1 ms]
  Passed CnetControlPlane.Tests.LearningCaseRequestSyntaxTests.ClaimedRequestsCannotDiscardUnknownActionsOrAcquireAuthority(text: "change 'A' to small", status: "abstain") [< 1 ms]
  Passed CnetControlPlane.Tests.LearningTaskRoleCompositionTests.CompleteRoleBindingsPreserveTheOriginalOperand(text: "The character I'd like uppercased is 'ß'.", status: "ready", operation: "upper", key: 223) [< 1 ms]
  Passed CnetControlPlane.Tests.LearningTaskClauseCompositionTests.ClausesAndDescriptionsPreserveTypedBoundaries(text: "My character is 'ß'. The conversion I want is uppe"···, status: "ready", operation: "upper", key: 223) [< 1 ms]
  Passed CnetControlPlane.Tests.LearningTaskRequestRoleTests.RequestedOperationsAndInputRolesRemainDistinct(text: "Which capital letter is the uppercase form of 'ó'?", status: "ready", operation: "upper", key: 243) [< 1 ms]
  Passed CnetControlPlane.Tests.LearningTaskParserTests.AmbiguityRequiresClarificationWithoutAnExecutableProposal(text: "Give me the uppercase form.") [< 1 ms]
  Passed CnetControlPlane.Tests.LearningTaskBoundRequestTests.IndependentInputsAndRequestsCompose(text: "Given the single quoted character 'É' as input, I "···, operation: "lower", key: 201) [< 1 ms]
  Passed CnetControlPlane.Tests.LearningPolicyTests.MalformedOrExpandedAuthorityRefuses(from: "\"authority\":\"verified_tool\"", to: "\"authority\":\"tier_a\"") [< 1 ms]
  Passed CnetControlPlane.Tests.LearningPolicyTests.MalformedOrExpandedAuthorityRefuses(from: "\"policy_id\":\"private_tables_v1\"", to: "\"policy_id\":\"../escape\"") [< 1 ms]
  Passed CnetControlPlane.Tests.LearningTaskClauseCompositionTests.ClausesAndDescriptionsPreserveTypedBoundaries(text: "The literal digit '6' should receive the lowercase"···, status: "ready", operation: "lower", key: 54) [< 1 ms]
  Passed CnetControlPlane.Tests.LearningTaskGrammarCompositionTests.ComposedFramesUseTheSameTypedOperandBoundary(text: "My request is the lowercase conversion of 'Ì'.", status: "ready", operation: "lower", key: 204) [< 1 ms]
  Passed CnetControlPlane.Tests.LearningPolicyTests.MalformedOrExpandedAuthorityRefuses(from: "\"max_run_seconds\":259200", to: "\"max_run_seconds\":259200.0") [< 1 ms]
  Passed CnetControlPlane.Tests.LearningTaskParserTests.AmbiguityRequiresClarificationWithoutAnExecutableProposal(text: "Could you return a capitalized equivalent, please?") [< 1 ms]
  Passed CnetControlPlane.Tests.LearningTaskRequestRoleTests.RequestedOperationsAndInputRolesRemainDistinct(text: "Lowercase conversion is my request for the scalar "···, status: "ready", operation: "lower", key: 255) [< 1 ms]
  Passed CnetControlPlane.Tests.LearningPolicyTests.MalformedOrExpandedAuthorityRefuses(from: "\"worker_seconds\":30", to: "\"worker_seconds\":121") [< 1 ms]
  Passed CnetControlPlane.Tests.LearningTaskParserTests.AmbiguityRequiresClarificationWithoutAnExecutableProposal(text: "uppercase \"?") [< 1 ms]
  Passed CnetControlPlane.Tests.LearningTaskRelationshipTests.RelationshipsAndDescriptionsKeepTypedRoles(text: "The transformation requested for 'Ö' is lowercasin"···, status: "ready", operation: "lower", key: 214) [< 1 ms]
  Passed CnetControlPlane.Tests.LearningTaskBoundRequestTests.IndependentInputsAndRequestsCompose(text: "With the supplied Unicode scalar U+0051 as input, "···, operation: "upper", key: 81) [< 1 ms]
  Passed CnetControlPlane.Tests.LearningTaskGrammarCompositionTests.ComposedFramesUseTheSameTypedOperandBoundary(text: "What is the lowercase version of code point 0x00DF"···, status: "ready", operation: "lower", key: 223) [< 1 ms]
  Passed CnetControlPlane.Tests.LearningPolicyTests.MalformedOrExpandedAuthorityRefuses(from: "\"attempts_per_hour\":4", to: "\"attempts_per_hour\":0") [< 1 ms]
  Passed CnetControlPlane.Tests.LearningTaskParserTests.AmbiguityRequiresClarificationWithoutAnExecutableProposal(text: "uppercase 65") [< 1 ms]
  Passed CnetControlPlane.Tests.LearningPolicyTests.MalformedOrExpandedAuthorityRefuses(from: "\"enabled\":true", to: "\"enabled\":1") [< 1 ms]
  Passed CnetControlPlane.Tests.LearningPolicyTests.MalformedOrExpandedAuthorityRefuses(from: "\"schema_version\":1", to: "\"schema_version\":2") [< 1 ms]
  Passed CnetControlPlane.Tests.LearningCaseRequestSyntaxTests.ClaimedRequestsCannotDiscardUnknownActionsOrAcquireAuthority(text: "render 'A' as small", status: "abstain") [< 1 ms]
  Passed CnetControlPlane.Tests.LearningTaskParserTests.AmbiguityRequiresClarificationWithoutAnExecutableProposal(text: "Uppercase ';' or ':'.") [< 1 ms]
  Passed CnetControlPlane.Tests.LearningPolicyTests.MalformedOrExpandedAuthorityRefuses(from: "\"max_probe_gap_seconds\":120", to: "\"max_probe_gap_seconds\":29") [< 1 ms]
  Passed CnetControlPlane.Tests.LearningTaskBoundRequestTests.IndependentInputsAndRequestsCompose(text: "The literal character I'm giving you is 'Q'; pleas"···, operation: "lower", key: 81) [< 1 ms]
  Passed CnetControlPlane.Tests.LearningTaskClauseCompositionTests.ClausesAndDescriptionsPreserveTypedBoundaries(text: "Show me 'R' to be a lowercase character.", status: "abstain", operation: null, key: null) [< 1 ms]
  Passed CnetControlPlane.Tests.LearningTaskGrammarCompositionTests.ComposedFramesUseTheSameTypedOperandBoundary(text: "The input code point is decimal 133. Convert it to"···, status: "abstain", operation: null, key: null) [< 1 ms]
  Passed CnetControlPlane.Tests.LearningTaskRelationshipTests.RelationshipsAndDescriptionsKeepTypedRoles(text: "I'd like 'a' converted to uppercase.", status: "ready", operation: "upper", key: 97) [< 1 ms]
  Passed CnetControlPlane.Tests.LearningPolicyTests.MalformedOrExpandedAuthorityRefuses(from: "\"allocator_enabled\":false", to: "\"allocator_enabled\":false,\"allow_shell\":true") [< 1 ms]
  Passed CnetControlPlane.Tests.LearningTaskParserTests.AmbiguityRequiresClarificationWithoutAnExecutableProposal(text: "Return a lower-case version.") [< 1 ms]
  Passed CnetControlPlane.Tests.LearningFilesTests.ChildCreationRetainsPinnedParentAfterPathReplacement [2 ms]
  Passed CnetControlPlane.Tests.LearningPolicyTests.MalformedOrExpandedAuthorityRefuses(from: "\"worker_memory_mib\":512", to: "\"worker_memory_mib\":2049") [< 1 ms]
  Passed CnetControlPlane.Tests.LearningPolicyTests.MalformedOrExpandedAuthorityRefuses(from: "\"promotions_per_day\":8", to: "\"promotions_per_day\":31") [< 1 ms]
  Passed CnetControlPlane.Tests.LearningTaskParserTests.AmbiguityRequiresClarificationWithoutAnExecutableProposal(text: "uppercase abc") [< 1 ms]
  Passed CnetControlPlane.Tests.LearningCaseRequestSyntaxTests.ClaimedRequestsCannotDiscardUnknownActionsOrAcquireAuthority(text: "Please give 'a' the uppercase.", status: "abstain") [< 1 ms]
  Passed CnetControlPlane.Tests.LearningTaskBoundRequestTests.IndependentInputsAndRequestsCompose(text: "The chosen character is 'µ'; could you show its up"···, operation: "upper", key: 181) [< 1 ms]
  Passed CnetControlPlane.Tests.LearningPolicyTests.MalformedOrExpandedAuthorityRefuses(from: "\"enabled\":true", to: "\"enabled\":true,\"enabled\":false") [< 1 ms]
  Passed CnetControlPlane.Tests.LearningTaskGrammarCompositionTests.ComposedFramesUseTheSameTypedOperandBoundary(text: "Input scalar: 'ä'. Case operation: upper.", status: "ready", operation: "upper", key: 228) [< 1 ms]
  Passed CnetControlPlane.Tests.LearningCaseRequestSyntaxTests.ClaimedRequestsCannotDiscardUnknownActionsOrAcquireAuthority(text: "Please write 'ab' in caps.", status: "abstain") [< 1 ms]
  Passed CnetControlPlane.Tests.LearningPolicyTests.MalformedOrExpandedAuthorityRefuses(from: "\"enabled\":true,", to: "") [< 1 ms]
  Passed CnetControlPlane.Tests.LearningTaskClauseCompositionTests.ClausesAndDescriptionsPreserveTypedBoundaries(text: "Could the quoted space ' ' receive an uppercase co"···, status: "ready", operation: "upper", key: 32) [< 1 ms]
  Passed CnetControlPlane.Tests.LearningTaskRequestRoleTests.RequestedOperationsAndInputRolesRemainDistinct(text: "This request has the input 'Æ' and the operation l"···, status: "ready", operation: "lower", key: 198) [< 1 ms]
  Passed CnetControlPlane.Tests.LearningPolicyTests.MalformedOrExpandedAuthorityRefuses(from: "\"attempts_per_hour\":4", to: "\"attempts_per_hour\":33") [< 1 ms]
  Passed CnetControlPlane.Tests.LearningCaseRequestSyntaxTests.ClaimedRequestsCannotDiscardUnknownActionsOrAcquireAuthority(text: "What is the lowercase of sigma?", status: "clarify") [< 1 ms]
  Passed CnetControlPlane.Tests.LearningTaskGrammarCompositionTests.ComposedFramesUseTheSameTypedOperandBoundary(text: "Return a capital.", status: "clarify", operation: null, key: null) [< 1 ms]
  Passed CnetControlPlane.Tests.LearningCaseRequestSyntaxTests.ClaimedRequestsCannotDiscardUnknownActionsOrAcquireAuthority(text: "Please write 'μ' in caps.", status: "abstain") [< 1 ms]
  Passed CnetControlPlane.Tests.LearningTaskClauseCompositionTests.ClausesAndDescriptionsPreserveTypedBoundaries(text: "Give the lowercase form for the currency character"···, status: "ready", operation: "lower", key: 165) [< 1 ms]
  Passed CnetControlPlane.Tests.LearningTaskParserTests.AmbiguityRequiresClarificationWithoutAnExecutableProposal(text: "change case") [< 1 ms]
  Passed CnetControlPlane.Tests.LearningTaskBoundRequestTests.IndependentInputsAndRequestsCompose(text: "The literal character I'm giving you is 'Q'; I nee"···, operation: "upper", key: 81) [< 1 ms]
  Passed CnetControlPlane.Tests.LearningTaskClauseCompositionTests.ClausesAndDescriptionsPreserveTypedBoundaries(text: "Give the uppercase form for the currency character"···, status: "ready", operation: "upper", key: 163) [< 1 ms]
  Passed CnetControlPlane.Tests.LearningCaseRequestSyntaxTests.ClaimedRequestsCannotDiscardUnknownActionsOrAcquireAuthority(text: "Please write 'a' in caps and caps.", status: "abstain") [< 1 ms]
  Passed CnetControlPlane.Tests.LearningTaskParserTests.AmbiguityRequiresClarificationWithoutAnExecutableProposal(text: "change case of µ") [< 1 ms]
  Passed CnetControlPlane.Tests.LearningTaskGrammarCompositionTests.ComposedFramesUseTheSameTypedOperandBoundary(text: "The input is 'Z'. Apply uppercase.", status: "ready", operation: "upper", key: 90) [< 1 ms]
  Passed CnetControlPlane.Tests.LearningTaskParserTests.AmbiguityRequiresClarificationWithoutAnExecutableProposal(text: "Return a capital letter.") [< 1 ms]
  Passed CnetControlPlane.Tests.LearningTaskParserTests.AmbiguityRequiresClarificationWithoutAnExecutableProposal(text: "Please convert to upper case.") [< 1 ms]
  Passed CnetControlPlane.Tests.LearningTaskRequestRoleTests.RequestedOperationsAndInputRolesRemainDistinct(text: "Use a lowercase conversion for my quoted input cha"···, status: "ready", operation: "lower", key: 126) [< 1 ms]
  Passed CnetControlPlane.Tests.LearningTaskRelationshipTests.RelationshipsAndDescriptionsKeepTypedRoles(text: "My target case for code point U+00DC could be uppe"···, status: "clarify", operation: null, key: null) [< 1 ms]
  Passed CnetControlPlane.Tests.LearningTaskParserTests.AmbiguityRequiresClarificationWithoutAnExecutableProposal(text: "Return a lowercase letter.") [< 1 ms]
  Passed CnetControlPlane.Tests.LearningTaskClauseCompositionTests.ClausesAndDescriptionsPreserveTypedBoundaries(text: "The input scalar is 'Ý'; I want lowercase applied "···, status: "ready", operation: "lower", key: 221) [< 1 ms]
  Passed CnetControlPlane.Tests.LearningTaskBoundRequestTests.IndependentInputsAndRequestsCompose(text: "The selected input has decimal code point 81; plea"···, operation: "lower", key: 81) [< 1 ms]
  Passed CnetControlPlane.Tests.LearningTaskParserTests.AmbiguityRequiresClarificationWithoutAnExecutableProposal(text: "Return a capitalised version.") [< 1 ms]
  Passed CnetControlPlane.Tests.LearningTaskParserTests.AmbiguityRequiresClarificationWithoutAnExecutableProposal(text: "uppercase ??") [< 1 ms]
  Passed CnetControlPlane.Tests.LearningTaskRelationshipTests.RelationshipsAndDescriptionsKeepTypedRoles(text: "Can you apply uppercase to the literal digit '1'?", status: "ready", operation: "upper", key: 49) [< 1 ms]
  Passed CnetControlPlane.Tests.LearningTaskRequestRoleTests.RequestedOperationsAndInputRolesRemainDistinct(text: "I have supplied Unicode code point U+00C4.", status: "clarify", operation: null, key: null) [< 1 ms]
  Passed CnetControlPlane.Tests.LearningTaskGrammarCompositionTests.ComposedFramesUseTheSameTypedOperandBoundary(text: "My input is U+00D6.", status: "clarify", operation: null, key: null) [< 1 ms]
  Passed CnetControlPlane.Tests.LearningTaskBoundRequestTests.IndependentInputsAndRequestsCompose(text: "The literal character I'm giving you is 'Q'; I nee"···, operation: "lower", key: 81) [< 1 ms]
  Passed CnetControlPlane.Tests.LearningTaskClauseCompositionTests.ClausesAndDescriptionsPreserveTypedBoundaries(text: "Supply 'Q' the corresponding lowercase letter.", status: "abstain", operation: null, key: null) [< 1 ms]
  Passed CnetControlPlane.Tests.LearningTaskRequestRoleTests.RequestedOperationsAndInputRolesRemainDistinct(text: "Use the capital-letter equivalent of 'î' for my re"···, status: "ready", operation: "upper", key: 238) [< 1 ms]
  Passed CnetControlPlane.Tests.LearningTaskBoundRequestTests.IndependentInputsAndRequestsCompose(text: "With the supplied Unicode scalar U+0051 as input, "···, operation: "lower", key: 81) [< 1 ms]
  Passed CnetControlPlane.Tests.LearningCaseRequestSyntaxTests.ClaimedRequestsCannotDiscardUnknownActionsOrAcquireAuthority(text: "Could you kindly render 'É' in lowercase in Turkis"···, status: "abstain") [< 1 ms]
  Passed CnetControlPlane.Tests.LearningTaskParserTests.AmbiguityRequiresClarificationWithoutAnExecutableProposal(text: "Please apply a case operation to 'É'.") [< 1 ms]
  Passed CnetControlPlane.Tests.LearningTaskRoleCompositionTests.CompleteRoleBindingsPreserveTheOriginalOperand(text: "Show what 'a' becomes under uppercase conversion i"···, status: "abstain", operation: null, key: null) [1 ms]
  Passed CnetControlPlane.Tests.LearningTaskBoundRequestTests.IndependentInputsAndRequestsCompose(text: "The chosen character is 'µ'; would you please give"···, operation: "upper", key: 181) [< 1 ms]
  Passed CnetControlPlane.Tests.LearningTaskParserTests.AmbiguityRequiresClarificationWithoutAnExecutableProposal(text: "uppercase 7") [< 1 ms]
  Passed CnetControlPlane.Tests.LearningCaseRequestSyntaxTests.ClaimedRequestsCannotDiscardUnknownActionsOrAcquireAuthority(text: "Please, uppercase U+000A!", status: "abstain") [< 1 ms]
  Passed CnetControlPlane.Tests.LearningTaskRelationshipTests.RelationshipsAndDescriptionsKeepTypedRoles(text: "Given 'ê' as my one-character input, I request its"···, status: "ready", operation: "upper", key: 234) [< 1 ms]
  Passed CnetControlPlane.Tests.LearningTaskGrammarCompositionTests.ComposedFramesUseTheSameTypedOperandBoundary(text: "How would 's' look in upper case?", status: "ready", operation: "upper", key: 115) [< 1 ms]
  Passed CnetControlPlane.Tests.LearningTaskParserTests.AmbiguityRequiresClarificationWithoutAnExecutableProposal(text: "Please convert to lower case.") [< 1 ms]
  Passed CnetControlPlane.Tests.LearningTaskRoleCompositionTests.CompleteRoleBindingsPreserveTheOriginalOperand(text: "Uppercase the character I have in mind and run cod"···, status: "abstain", operation: null, key: null) [< 1 ms]
  Passed CnetControlPlane.Tests.LearningTaskClauseCompositionTests.ClausesAndDescriptionsPreserveTypedBoundaries(text: "Make g the corresponding uppercase letter.", status: "ready", operation: "upper", key: 103) [< 1 ms]
  Passed CnetControlPlane.Tests.LearningTaskBoundRequestTests.IndependentInputsAndRequestsCompose(text: "I have supplied Unicode code point U+0051; may I h"···, operation: "upper", key: 81) [< 1 ms]
  Passed CnetControlPlane.Tests.LearningTaskClauseCompositionTests.ClausesAndDescriptionsPreserveTypedBoundaries(text: "Make the single quoted digit '42' uppercase.", status: "abstain", operation: null, key: null) [< 1 ms]
  Passed CnetControlPlane.Tests.LearningFilesTests.MetadataValidationNeverFollowsLinksOrAcceptsNonregularFiles [1 ms]
  Passed CnetControlPlane.Tests.LearningTaskParserTests.AmbiguityRequiresClarificationWithoutAnExecutableProposal(text: "Uppercase a b.") [< 1 ms]
  Passed CnetControlPlane.Tests.LearningTaskGrammarCompositionTests.ComposedFramesUseTheSameTypedOperandBoundary(text: "Lowercase capital E with a grave accent.", status: "clarify", operation: null, key: null) [< 1 ms]
  Passed CnetControlPlane.Tests.LearningTaskBoundRequestTests.IndependentInputsAndRequestsCompose(text: "The chosen character is 'µ'; I would like to see i"···, operation: "lower", key: 181) [< 1 ms]
  Passed CnetControlPlane.Tests.LearningTaskRoleCompositionTests.CompleteRoleBindingsPreserveTheOriginalOperand(text: "The requested case for the letter 'b' is upper.", status: "ready", operation: "upper", key: 98) [< 1 ms]
  Passed CnetControlPlane.Tests.LearningTaskParserTests.AmbiguityRequiresClarificationWithoutAnExecutableProposal(text: "uppercase ..") [< 1 ms]
  Passed CnetControlPlane.Tests.LearningTaskClauseCompositionTests.ClausesAndDescriptionsPreserveTypedBoundaries(text: "Make 'Q' the corresponding lowercase letter.", status: "ready", operation: "lower", key: 81) [< 1 ms]
  Passed CnetControlPlane.Tests.LearningTaskRequestRoleTests.RequestedOperationsAndInputRolesRemainDistinct(text: "I would like \"å\" in uppercase or in lowercase.", status: "clarify", operation: null, key: null) [< 1 ms]
  Passed CnetControlPlane.Tests.LearningTaskRoleCompositionTests.CompleteRoleBindingsPreserveTheOriginalOperand(text: "Present the uppercase version of 'a' and open a fi"···, status: "abstain", operation: null, key: null) [< 1 ms]
  Passed CnetControlPlane.Tests.LearningTaskBoundRequestTests.IndependentInputsAndRequestsCompose(text: "Input character: 'Q'; please show its lowercase co"···, operation: "lower", key: 81) [< 1 ms]
  Passed CnetControlPlane.Tests.LearningTaskParserTests.AmbiguityRequiresClarificationWithoutAnExecutableProposal(text: "Uppercase a,b and c.") [< 1 ms]
  Passed CnetControlPlane.Tests.LearningTaskRelationshipTests.RelationshipsAndDescriptionsKeepTypedRoles(text: "Please lowercase 'D' or 'E'; either is a possible "···, status: "clarify", operation: null, key: null) [< 1 ms]
  Passed CnetControlPlane.Tests.LearningTaskClauseCompositionTests.ClausesAndDescriptionsPreserveTypedBoundaries(text: "I have supplied 'æ' for a capital-letter conversio"···, status: "ready", operation: "upper", key: 230) [< 1 ms]
  Passed CnetControlPlane.Tests.LearningTaskRequestRoleTests.RequestedOperationsAndInputRolesRemainDistinct(text: "The decimal code point of my input is 210, and I w"···, status: "ready", operation: "lower", key: 210) [< 1 ms]
  Passed CnetControlPlane.Tests.LearningTaskClauseCompositionTests.ClausesAndDescriptionsPreserveTypedBoundaries(text: "What small letter would result from the input 'Ô'?", status: "ready", operation: "lower", key: 212) [< 1 ms]
  Passed CnetControlPlane.Tests.LearningTaskBoundRequestTests.IndependentInputsAndRequestsCompose(text: "I have supplied Unicode code point U+0051; I need "···, operation: "lower", key: 81) [< 1 ms]
  Passed CnetControlPlane.Tests.LearningTaskClauseCompositionTests.ClausesAndDescriptionsPreserveTypedBoundaries(text: "Could 'R' receive a lowercase conversion?", status: "ready", operation: "lower", key: 82) [< 1 ms]
  Passed CnetControlPlane.Tests.LearningTaskRequestRoleTests.RequestedOperationsAndInputRolesRemainDistinct(text: "For hexadecimal code point 0x0076, could you give "···, status: "ready", operation: "upper", key: 118) [< 1 ms]
  Passed CnetControlPlane.Tests.LearningTaskBoundRequestTests.IndependentInputsAndRequestsCompose(text: "For the quoted symbol '?', please show its lowerca"···, operation: "lower", key: 63) [< 1 ms]
  Passed CnetControlPlane.Tests.LearningTaskRequestRoleTests.RequestedOperationsAndInputRolesRemainDistinct(text: "The operation is lowercase. Use 'ß' as the input s"···, status: "ready", operation: "lower", key: 223) [< 1 ms]
  Passed CnetControlPlane.Tests.LearningTaskRoleCompositionTests.CompleteRoleBindingsPreserveTheOriginalOperand(text: "I'd like 'Á' to appear in lowercase.", status: "ready", operation: "lower", key: 193) [< 1 ms]
  Passed CnetControlPlane.Tests.LearningCaseRequestSyntaxTests.BoundsApplyBeforeTrimmingAndEveryAdditionalActionRemainsUntrusted [1 ms]
  Passed CnetControlPlane.Tests.LearningTaskBoundRequestTests.IndependentInputsAndRequestsCompose(text: "My input character for this task is 'Q'; could you"···, operation: "upper", key: 81) [< 1 ms]
  Passed CnetControlPlane.Tests.LearningTaskParserTests.AmbiguityRequiresClarificationWithoutAnExecutableProposal(text: "Convert U+0042 to the requested case.") [< 1 ms]
  Passed CnetControlPlane.Tests.LearningFilesTests.MetadataValidationAcceptsPrivateFilesAndOnlyExplicitMissingNames [< 1 ms]
  Passed CnetControlPlane.Tests.LearningTaskRelationshipTests.RelationshipsAndDescriptionsKeepTypedRoles(text: "I might want 'ç' in upper case or lower case.", status: "clarify", operation: null, key: null) [< 1 ms]
  Passed CnetControlPlane.Tests.LearningTaskRequestRoleTests.RequestedOperationsAndInputRolesRemainDistinct(text: "Which capital letter is the uppercase form of U+01"···, status: "abstain", operation: null, key: null) [< 1 ms]
  Passed CnetControlPlane.Tests.LearningTaskParserTests.AmbiguityRequiresClarificationWithoutAnExecutableProposal(text: "Uppercase ',' or '.'.") [< 1 ms]
  Passed CnetControlPlane.Tests.LearningTaskBoundRequestTests.IndependentInputsAndRequestsCompose(text: "Given the single quoted character 'É' as input, I "···, operation: "lower", key: 201) [< 1 ms]
  Passed CnetControlPlane.Tests.LearningTaskGrammarCompositionTests.ComposedFramesUseTheSameTypedOperandBoundary(text: "Character supplied: 'ò'. Desired case: uppercase.", status: "ready", operation: "upper", key: 242) [1 ms]
  Passed CnetControlPlane.Tests.LearningTaskParserTests.AmbiguityRequiresClarificationWithoutAnExecutableProposal(text: "uppercase") [< 1 ms]
  Passed CnetControlPlane.Tests.LearningTaskClauseCompositionTests.ClausesAndDescriptionsPreserveTypedBoundaries(text: "This task has the input character U+0100.", status: "abstain", operation: null, key: null) [< 1 ms]
  Passed CnetControlPlane.Tests.LearningTaskRoleCompositionTests.CompleteRoleBindingsPreserveTheOriginalOperand(text: "The input for this conversion is 'Ò'. I need lower"···, status: "ready", operation: "lower", key: 210) [< 1 ms]
  Passed CnetControlPlane.Tests.LearningNativeLedgerTests.FailedProbeSchedulesOneDurableRollbackThatNeverTogglesOnReplay [109 ms]
  Passed CnetControlPlane.Tests.LearningTaskRequestRoleTests.RequestedOperationsAndInputRolesRemainDistinct(text: "I'd like 'ü' expressed as a capital letter.", status: "ready", operation: "upper", key: 252) [< 1 ms]
  Passed CnetControlPlane.Tests.LearningTaskBoundRequestTests.IndependentInputsAndRequestsCompose(text: "For the quoted symbol '?', would you please give i"···, operation: "lower", key: 63) [< 1 ms]
  Passed CnetControlPlane.Tests.LearningTaskGrammarCompositionTests.ComposedFramesUseTheSameTypedOperandBoundary(text: "My input is U+0000.", status: "abstain", operation: null, key: null) [< 1 ms]
  Passed CnetControlPlane.Tests.LearningTaskRoleCompositionTests.CompleteRoleBindingsPreserveTheOriginalOperand(text: "Please uppercase the character I have in mind.", status: "clarify", operation: null, key: null) [< 1 ms]
  Passed CnetControlPlane.Tests.LearningTaskClauseCompositionTests.ClausesAndDescriptionsPreserveTypedBoundaries(text: "Give 'Q' the corresponding lowercase result.", status: "abstain", operation: null, key: null) [< 1 ms]
  Passed CnetControlPlane.Tests.LearningTaskRelationshipTests.RelationshipsAndDescriptionsKeepTypedRoles(text: "The requested transformation of 'ö' is uppercasing"···, status: "ready", operation: "upper", key: 246) [< 1 ms]
  Passed CnetControlPlane.Tests.LearningTaskParserTests.AmbiguityRequiresClarificationWithoutAnExecutableProposal(text: "Apply a case conversion to codepoint 75.") [< 1 ms]
  Passed CnetControlPlane.Tests.LearningTaskBoundRequestTests.IndependentInputsAndRequestsCompose(text: "My input character for this task is 'Q'; may I hav"···, operation: "lower", key: 81) [< 1 ms]
  Passed CnetControlPlane.Tests.LearningTaskBoundRequestTests.IndependentInputsAndRequestsCompose(text: "Input character: 'Q'; may I have its uppercase cou"···, operation: "upper", key: 81) [< 1 ms]
  Passed CnetControlPlane.Tests.LearningFilesTests.PathIdentityRefusesRenamedReplacedOrNonprivateRoot [< 1 ms]
  Passed CnetControlPlane.Tests.LearningTaskGrammarCompositionTests.ComposedFramesUseTheSameTypedOperandBoundary(text: "Apply the uppercase conversion to U+0000.", status: "abstain", operation: null, key: null) [< 1 ms]
  Passed CnetControlPlane.Tests.LearningTaskRequestRoleTests.RequestedOperationsAndInputRolesRemainDistinct(text: "Use the uppercase equivalent of 'q' for my result "···, status: "abstain", operation: null, key: null) [< 1 ms]
  Passed CnetControlPlane.Tests.LearningTaskParserTests.AmbiguityRequiresClarificationWithoutAnExecutableProposal(text: "Make U+0061 or U+0062 uppercase.") [< 1 ms]
  Passed CnetControlPlane.Tests.LearningTaskRoleCompositionTests.CompleteRoleBindingsPreserveTheOriginalOperand(text: "The input I want to use is 'é'.", status: "clarify", operation: null, key: null) [< 1 ms]
  Passed CnetControlPlane.Tests.LearningTaskBoundRequestTests.IndependentInputsAndRequestsCompose(text: "With the supplied Unicode scalar U+0051 as input, "···, operation: "upper", key: 81) [< 1 ms]
  Passed CnetControlPlane.Tests.LearningTaskRelationshipTests.RelationshipsAndDescriptionsKeepTypedRoles(text: "Use upper case on the Unicode code point U+00B5.", status: "ready", operation: "upper", key: 181) [< 1 ms]
  Passed CnetControlPlane.Tests.LearningFilesTests.ChildPathCannotEscapePinnedDirectory(name: "/source") [< 1 ms]
  Passed CnetControlPlane.Tests.LearningTaskParserTests.AmbiguityRequiresClarificationWithoutAnExecutableProposal(text: "Return a capital-letter version.") [< 1 ms]
  Passed CnetControlPlane.Tests.LearningTaskRoleCompositionTests.CompleteRoleBindingsPreserveTheOriginalOperand(text: "The input character has decimal code point 0x61; c"···, status: "abstain", operation: null, key: null) [< 1 ms]
  Passed CnetControlPlane.Tests.LearningTaskRequestRoleTests.RequestedOperationsAndInputRolesRemainDistinct(text: "The case transformation for 'å' should be upper.", status: "ready", operation: "upper", key: 229) [< 1 ms]
  Passed CnetControlPlane.Tests.LearningTaskBoundRequestTests.IndependentInputsAndRequestsCompose(text: "The literal character I'm giving you is 'Q'; may I"···, operation: "upper", key: 81) [< 1 ms]
  Passed CnetControlPlane.Tests.LearningTaskClauseCompositionTests.ClausesAndDescriptionsPreserveTypedBoundaries(text: "I'd like the uppercase character that goes with 'q"···, status: "ready", operation: "upper", key: 113) [< 1 ms]
  Passed CnetControlPlane.Tests.LearningTaskParserTests.AmbiguityRequiresClarificationWithoutAnExecutableProposal(text: "Make a capital form.") [< 1 ms]
  Passed CnetControlPlane.Tests.LearningTaskGrammarCompositionTests.ComposedFramesUseTheSameTypedOperandBoundary(text: "Uppercase the lowercase a with a ring above it.", status: "clarify", operation: null, key: null) [< 1 ms]
  Passed CnetControlPlane.Tests.LearningTaskRelationshipTests.RelationshipsAndDescriptionsKeepTypedRoles(text: "For the symbol '¢', please do a lowercase conversi"···, status: "ready", operation: "lower", key: 162) [< 1 ms]
  Passed CnetControlPlane.Tests.LearningTaskParserTests.AmbiguityRequiresClarificationWithoutAnExecutableProposal(text: "Give me a small letter.") [< 1 ms]
  Passed CnetControlPlane.Tests.LearningTaskRoleCompositionTests.CompleteRoleBindingsPreserveTheOriginalOperand(text: "The requested case for U+0100 is upper.", status: "abstain", operation: null, key: null) [< 1 ms]
  Passed CnetControlPlane.Tests.LearningFilesTests.ChildPathCannotEscapePinnedDirectory(name: ".") [< 1 ms]
  Passed CnetControlPlane.Tests.LearningTaskParserTests.AmbiguityRequiresClarificationWithoutAnExecutableProposal(text: "Uppercase 65 or a.") [< 1 ms]
  Passed CnetControlPlane.Tests.LearningTaskBoundRequestTests.IndependentInputsAndRequestsCompose(text: "With the supplied Unicode scalar U+0051 as input, "···, operation: "lower", key: 81) [< 1 ms]
  Passed CnetControlPlane.Tests.LearningTaskRequestRoleTests.RequestedOperationsAndInputRolesRemainDistinct(text: "The uppercase conversion I am requesting uses 'q' "···, status: "abstain", operation: null, key: null) [< 1 ms]
  Passed CnetControlPlane.Tests.LearningTaskRoleCompositionTests.CompleteRoleBindingsPreserveTheOriginalOperand(text: "The character I'd like lowercased is 'Ý'.", status: "ready", operation: "lower", key: 221) [< 1 ms]
  Passed CnetControlPlane.Tests.LearningFilesTests.ChildPathCannotEscapePinnedDirectory(name: "a\0b") [< 1 ms]
  Passed CnetControlPlane.Tests.LearningTaskBoundRequestTests.IndependentInputsAndRequestsCompose(text: "I have supplied Unicode code point U+0051; show it"···, operation: "lower", key: 81) [< 1 ms]
  Passed CnetControlPlane.Tests.LearningFilesTests.ChildPathCannotEscapePinnedDirectory(name: "nested/source") [< 1 ms]
  Passed CnetControlPlane.Tests.LearningTaskRoleCompositionTests.CompleteRoleBindingsPreserveTheOriginalOperand(text: "For this conversion, use 'a'; run a shell.", status: "abstain", operation: null, key: null) [< 1 ms]
  Passed CnetControlPlane.Tests.LearningTaskRelationshipTests.RelationshipsAndDescriptionsKeepTypedRoles(text: "Give the uppercase code point produced from 'a' in"···, status: "abstain", operation: null, key: null) [< 1 ms]
  Passed CnetControlPlane.Tests.LearningFilesTests.ChildPathCannotEscapePinnedDirectory(name: "../source") [< 1 ms]
  Passed CnetControlPlane.Tests.LearningTaskParserTests.AmbiguityRequiresClarificationWithoutAnExecutableProposal(text: "Please case-convert E.") [< 1 ms]
  Passed CnetControlPlane.Tests.LearningTaskClauseCompositionTests.ClausesAndDescriptionsPreserveTypedBoundaries(text: "Use code point 0x0057, in hexadecimal, for a lower"···, status: "ready", operation: "lower", key: 87) [< 1 ms]
  Passed CnetControlPlane.Tests.LearningTaskBoundRequestTests.IndependentInputsAndRequestsCompose(text: "I have supplied Unicode code point U+0051; could y"···, operation: "upper", key: 81) [< 1 ms]
  Passed CnetControlPlane.Tests.LearningTaskRequestRoleTests.RequestedOperationsAndInputRolesRemainDistinct(text: "Which small letter is the lowercase form of 'A' in"···, status: "abstain", operation: null, key: null) [< 1 ms]
  Passed CnetControlPlane.Tests.LearningTaskRelationshipTests.RelationshipsAndDescriptionsKeepTypedRoles(text: "My lowercase-conversion input is 'P'.", status: "ready", operation: "lower", key: 80) [< 1 ms]
  Passed CnetControlPlane.Tests.LearningTaskGrammarCompositionTests.ComposedFramesUseTheSameTypedOperandBoundary(text: "What do I get when I lowercase 'Ô'?", status: "ready", operation: "lower", key: 212) [< 1 ms]
  Passed CnetControlPlane.Tests.LearningTaskParserTests.AmbiguityRequiresClarificationWithoutAnExecutableProposal(text: "Uppercase a, b and c.") [< 1 ms]
  Passed CnetControlPlane.Tests.LearningTaskRelationshipTests.RelationshipsAndDescriptionsKeepTypedRoles(text: "Render all of 'CAFÉ NOIR' in lowercase.", status: "abstain", operation: null, key: null) [< 1 ms]
  Passed CnetControlPlane.Tests.LearningTaskParserTests.AmbiguityRequiresClarificationWithoutAnExecutableProposal(text: "uppercase a and b") [< 1 ms]
  Passed CnetControlPlane.Tests.LearningTaskBoundRequestTests.IndependentInputsAndRequestsCompose(text: "The selected input has decimal code point 81; coul"···, operation: "lower", key: 81) [< 1 ms]
  Passed CnetControlPlane.Tests.LearningTaskClauseCompositionTests.ClausesAndDescriptionsPreserveTypedBoundaries(text: "Use code point 0x0085, in hexadecimal, for an uppe"···, status: "abstain", operation: null, key: null) [< 1 ms]
  Passed CnetControlPlane.Tests.LearningTaskRelationshipTests.RelationshipsAndDescriptionsKeepTypedRoles(text: "Requested transformation: lowercase. Character for"···, status: "ready", operation: "lower", key: 217) [13 ms]
  Passed CnetControlPlane.Tests.LearningTaskRequestRoleTests.RequestedOperationsAndInputRolesRemainDistinct(text: "The selected input has decimal code point 245.", status: "clarify", operation: null, key: null) [13 ms]
  Passed CnetControlPlane.Tests.LearningTaskParserTests.AmbiguityRequiresClarificationWithoutAnExecutableProposal(text: "uppercase '?") [< 1 ms]
  Passed CnetControlPlane.Tests.LearningTaskGrammarCompositionTests.ComposedFramesUseTheSameTypedOperandBoundary(text: "Use lowercase for Ç.", status: "ready", operation: "lower", key: 199) [13 ms]
  Passed CnetControlPlane.Tests.LearningTaskRoleCompositionTests.CompleteRoleBindingsPreserveTheOriginalOperand(text: "The code point I am giving you is 233 in decimal.", status: "clarify", operation: null, key: null) [13 ms]
  Passed CnetControlPlane.Tests.LearningTaskRequestRoleTests.RequestedOperationsAndInputRolesRemainDistinct(text: "This request has the input 'æ' and the operation u"···, status: "ready", operation: "upper", key: 230) [< 1 ms]
  Passed CnetControlPlane.Tests.LearningTaskBoundRequestTests.IndependentInputsAndRequestsCompose(text: "For the quoted symbol '?', could you put it in low"···, operation: "lower", key: 63) [< 1 ms]
  Passed CnetControlPlane.Tests.LearningTaskRelationshipTests.RelationshipsAndDescriptionsKeepTypedRoles(text: "My preferred operation is to make a small letter.", status: "clarify", operation: null, key: null) [< 1 ms]
  Passed CnetControlPlane.Tests.LearningTaskClauseCompositionTests.ClausesAndDescriptionsPreserveTypedBoundaries(text: "Could the quoted space ' ' receive a lowercase con"···, status: "ready", operation: "lower", key: 32) [< 1 ms]
  Passed CnetControlPlane.Tests.LearningTaskRequestRoleTests.RequestedOperationsAndInputRolesRemainDistinct(text: "Use the character U+00D0 for this small-letter con"···, status: "ready", operation: "lower", key: 208) [< 1 ms]
  Passed CnetControlPlane.Tests.LearningTaskBoundRequestTests.IndependentInputsAndRequestsCompose(text: "The input code point is 0x0051 in hexadecimal; ple"···, operation: "upper", key: 81) [< 1 ms]
  Passed CnetControlPlane.Tests.LearningTaskGrammarCompositionTests.ComposedFramesUseTheSameTypedOperandBoundary(text: "Character supplied: 'Ò'. Desired case: lowercase.", status: "ready", operation: "lower", key: 210) [< 1 ms]
  Passed CnetControlPlane.Tests.LearningTaskRelationshipTests.RelationshipsAndDescriptionsKeepTypedRoles(text: "The single letter to lowercase is M.", status: "ready", operation: "lower", key: 77) [< 1 ms]
  Passed CnetControlPlane.Tests.LearningTaskGrammarCompositionTests.ComposedFramesUseTheSameTypedOperandBoundary(text: "Could you apply lower case?", status: "clarify", operation: null, key: null) [< 1 ms]
  Passed CnetControlPlane.Tests.LearningTaskRoleCompositionTests.CompleteRoleBindingsPreserveTheOriginalOperand(text: "Present the lowercase version to 'a'.", status: "abstain", operation: null, key: null) [< 1 ms]
  Passed CnetControlPlane.Tests.LearningTaskBoundRequestTests.IndependentInputsAndRequestsCompose(text: "My input character for this task is 'Q'; show its "···, operation: "lower", key: 81) [< 1 ms]
  Passed CnetControlPlane.Tests.LearningTaskClauseCompositionTests.ClausesAndDescriptionsPreserveTypedBoundaries(text: "I'd like the lowercase character that corresponds "···, status: "ready", operation: "lower", key: 81) [< 1 ms]
  Passed CnetControlPlane.Tests.LearningTaskBoundRequestTests.IndependentInputsAndRequestsCompose(text: "My input character for this task is 'Q'; could you"···, operation: "lower", key: 81) [< 1 ms]
  Passed CnetControlPlane.Tests.LearningTaskGrammarCompositionTests.ComposedFramesUseTheSameTypedOperandBoundary(text: "What do I get when I uppercase 'ô'?", status: "ready", operation: "upper", key: 244) [< 1 ms]
  Passed CnetControlPlane.Tests.LearningTaskRoleCompositionTests.CompleteRoleBindingsPreserveTheOriginalOperand(text: "For the quoted space ' ', I need a lowercase conve"···, status: "ready", operation: "lower", key: 32) [< 1 ms]
  Passed CnetControlPlane.Tests.LearningTaskBoundRequestTests.IndependentInputsAndRequestsCompose(text: "Given the single quoted character 'É' as input, sh"···, operation: "upper", key: 201) [< 1 ms]
  Passed CnetControlPlane.Tests.LearningFilesTests.ParentSymlinkAndSharedRootRefuse [14 ms]
  Passed CnetControlPlane.Tests.LearningTaskBoundRequestTests.IndependentInputsAndRequestsCompose(text: "For the quoted symbol '?', I would like to see its"···, operation: "lower", key: 63) [< 1 ms]
  Passed CnetControlPlane.Tests.LearningTaskGrammarCompositionTests.ComposedFramesUseTheSameTypedOperandBoundary(text: "Character: 'á'.", status: "clarify", operation: null, key: null) [< 1 ms]
  Passed CnetControlPlane.Tests.LearningTaskRelationshipTests.RelationshipsAndDescriptionsKeepTypedRoles(text: "I would like the capital corresponding to 'é'.", status: "ready", operation: "upper", key: 233) [< 1 ms]
  Passed CnetControlPlane.Tests.LearningTaskGrammarCompositionTests.ComposedFramesUseTheSameTypedOperandBoundary(text: "For code point 223 in decimal, perform uppercase.", status: "ready", operation: "upper", key: 223) [< 1 ms]
  Passed CnetControlPlane.Tests.LearningTaskBoundRequestTests.IndependentInputsAndRequestsCompose(text: "The selected input has decimal code point 81; woul"···, operation: "lower", key: 81) [< 1 ms]
  Passed CnetControlPlane.Tests.LearningTaskRelationshipTests.RelationshipsAndDescriptionsKeepTypedRoles(text: "My capital-letter input is 'P'.", status: "clarify", operation: null, key: null) [< 1 ms]
  Passed CnetControlPlane.Tests.LearningTaskClauseCompositionTests.ClausesAndDescriptionsPreserveTypedBoundaries(text: "For 'Î', I am requesting a lower-case conversion.", status: "ready", operation: "lower", key: 206) [< 1 ms]
  Passed CnetControlPlane.Tests.LearningTaskGrammarCompositionTests.ComposedFramesUseTheSameTypedOperandBoundary(text: "How would 'S' look in lower case?", status: "ready", operation: "lower", key: 83) [< 1 ms]
  Passed CnetControlPlane.Tests.LearningTaskBoundRequestTests.IndependentInputsAndRequestsCompose(text: "For the quoted symbol '?', I need it converted to "···, operation: "upper", key: 63) [< 1 ms]
  Passed CnetControlPlane.Tests.LearningTaskClauseCompositionTests.ClausesAndDescriptionsPreserveTypedBoundaries(text: "Input character: 'à'; operation requested: upper.", status: "ready", operation: "upper", key: 224) [< 1 ms]
  Passed CnetControlPlane.Tests.LearningTaskRelationshipTests.RelationshipsAndDescriptionsKeepTypedRoles(text: "Please show the capital produced from 'ó'.", status: "ready", operation: "upper", key: 243) [< 1 ms]
  Passed CnetControlPlane.Tests.LearningFilesTests.OptionalMissingMetadataDoesNotHideSearchPermissionFailure [< 1 ms]
  Passed CnetControlPlane.Tests.LearningTaskGrammarCompositionTests.ComposedFramesUseTheSameTypedOperandBoundary(text: "Convert the code point U+D800 to upper case.", status: "abstain", operation: null, key: null) [< 1 ms]
  Passed CnetControlPlane.Tests.LearningTaskBoundRequestTests.IndependentInputsAndRequestsCompose(text: "With the supplied Unicode scalar U+0051 as input, "···, operation: "upper", key: 81) [< 1 ms]
  Passed CnetControlPlane.Tests.LearningTaskGrammarCompositionTests.ComposedFramesUseTheSameTypedOperandBoundary(text: "I'd like 'è' in uppercase, please.", status: "ready", operation: "upper", key: 232) [< 1 ms]
  Passed CnetControlPlane.Tests.LearningTaskBoundRequestTests.IndependentInputsAndRequestsCompose(text: "Given the single quoted character 'É' as input, co"···, operation: "upper", key: 201) [< 1 ms]
  Passed CnetControlPlane.Tests.LearningTaskGrammarCompositionTests.ComposedFramesUseTheSameTypedOperandBoundary(text: "The input is 'z'. Apply lowercase.", status: "ready", operation: "lower", key: 122) [< 1 ms]
  Passed CnetControlPlane.Tests.LearningTaskBoundRequestTests.IndependentInputsAndRequestsCompose(text: "My input character for this task is 'Q'; could you"···, operation: "upper", key: 81) [< 1 ms]
  Passed CnetControlPlane.Tests.LearningTaskClauseCompositionTests.ClausesAndDescriptionsPreserveTypedBoundaries(text: "I have a quoted input character: '!'.", status: "clarify", operation: null, key: null) [< 1 ms]
  Passed CnetControlPlane.Tests.LearningTaskBoundRequestTests.IndependentInputsAndRequestsCompose(text: "Given the single quoted character 'É' as input, pl"···, operation: "upper", key: 201) [< 1 ms]
  Passed CnetControlPlane.Tests.LearningTaskClauseCompositionTests.ClausesAndDescriptionsPreserveTypedBoundaries(text: "This task has the input character 'î'.", status: "clarify", operation: null, key: null) [< 1 ms]
  Passed CnetControlPlane.Tests.LearningTaskBoundRequestTests.IndependentInputsAndRequestsCompose(text: "The input code point is 0x0051 in hexadecimal; may"···, operation: "lower", key: 81) [< 1 ms]
  Passed CnetControlPlane.Tests.LearningTaskRequestCompositionTests.RequestComponentsBindOnlyExplicitInputAndOperation(text: "Here is the input 'Ê'; please provide its lowercas"···, status: "ready", operation: "lower", key: 202) [1 ms]
  Passed CnetControlPlane.Tests.LearningTaskBoundRequestTests.IndependentInputsAndRequestsCompose(text: "My input character for this task is 'Q'; would you"···, operation: "upper", key: 81) [< 1 ms]
  Passed CnetControlPlane.Tests.LearningTaskClauseCompositionTests.ClausesAndDescriptionsPreserveTypedBoundaries(text: "Show me the character 'õ' after uppercasing.", status: "ready", operation: "upper", key: 245) [< 1 ms]
  Passed CnetControlPlane.Tests.LearningTaskBoundRequestTests.IndependentInputsAndRequestsCompose(text: "With the supplied Unicode scalar U+0051 as input, "···, operation: "lower", key: 81) [< 1 ms]
  Passed CnetControlPlane.Tests.LearningFilesTests.ReadBindsPrivateRegularFileAndEnforcesByteLimit [< 1 ms]
  Passed CnetControlPlane.Tests.LearningTaskGrammarCompositionTests.ComposedFramesUseTheSameTypedOperandBoundary(text: "Should 'ñ' be made uppercase or lowercase?", status: "clarify", operation: null, key: null) [< 1 ms]
  Passed CnetControlPlane.Tests.LearningTaskRelationshipTests.RelationshipsAndDescriptionsKeepTypedRoles(text: "Please return 'a' after applying the lowercase ope"···, status: "ready", operation: "lower", key: 97) [< 1 ms]
  Passed CnetControlPlane.Tests.LearningTaskBoundRequestTests.IndependentInputsAndRequestsCompose(text: "Input character: 'Q'; could you produce its lowerc"···, operation: "lower", key: 81) [< 1 ms]
  Passed CnetControlPlane.Tests.LearningTaskGrammarCompositionTests.ComposedFramesUseTheSameTypedOperandBoundary(text: "Uppercase code point 0x00B5 or 0x00E9.", status: "clarify", operation: null, key: null) [< 1 ms]
  Passed CnetControlPlane.Tests.LearningTaskBoundRequestTests.IndependentInputsAndRequestsCompose(text: "With the supplied Unicode scalar U+0051 as input, "···, operation: "upper", key: 81) [< 1 ms]
  Passed CnetControlPlane.Tests.LearningTaskRequestCompositionTests.RequestComponentsBindOnlyExplicitInputAndOperation(text: "My input is the literal 'U+0041'; make it lowercas"···, status: "abstain", operation: null, key: null) [< 1 ms]
  Passed CnetControlPlane.Tests.LearningTaskBoundRequestTests.IndependentInputsAndRequestsCompose(text: "The chosen character is 'µ'; could you produce its"···, operation: "lower", key: 181) [< 1 ms]
  Passed CnetControlPlane.Tests.LearningTaskGrammarCompositionTests.ComposedFramesUseTheSameTypedOperandBoundary(text: "Please apply uppercase to 'ÿ'.", status: "ready", operation: "upper", key: 255) [< 1 ms]
  Passed CnetControlPlane.Tests.LearningTaskBoundRequestTests.IndependentInputsAndRequestsCompose(text: "The selected input has decimal code point 81; coul"···, operation: "lower", key: 81) [< 1 ms]
  Passed CnetControlPlane.Tests.LearningTaskBoundRequestTests.IndependentInputsAndRequestsCompose(text: "Given the single quoted character 'É' as input, co"···, operation: "lower", key: 201) [< 1 ms]
  Passed CnetControlPlane.Tests.LearningTaskGrammarCompositionTests.ComposedFramesUseTheSameTypedOperandBoundary(text: "Apply lowercase to decimal code point 77.", status: "ready", operation: "lower", key: 77) [< 1 ms]
  Passed CnetControlPlane.Tests.LearningTaskClauseCompositionTests.ClausesAndDescriptionsPreserveTypedBoundaries(text: "The letter 'F' is the one I want lowercased.", status: "ready", operation: "lower", key: 70) [< 1 ms]
  Passed CnetControlPlane.Tests.LearningTaskBoundRequestTests.IndependentInputsAndRequestsCompose(text: "The literal character I'm giving you is 'Q'; could"···, operation: "upper", key: 81) [< 1 ms]
  Passed CnetControlPlane.Tests.LearningTaskRequestCompositionTests.RequestComponentsBindOnlyExplicitInputAndOperation(text: "The character '5' is my input for an uppercase con"···, status: "ready", operation: "upper", key: 53) [< 1 ms]
  Passed CnetControlPlane.Tests.LearningTaskBoundRequestTests.IndependentInputsAndRequestsCompose(text: "The selected input has decimal code point 81; show"···, operation: "lower", key: 81) [< 1 ms]
  Passed CnetControlPlane.Tests.LearningTaskRelationshipTests.RelationshipsAndDescriptionsKeepTypedRoles(text: "Could I see a lowercase version of 'J'?", status: "ready", operation: "lower", key: 74) [< 1 ms]
  Passed CnetControlPlane.Tests.LearningTaskGrammarCompositionTests.ComposedFramesUseTheSameTypedOperandBoundary(text: "Use uppercase for 'a' and print a file.", status: "abstain", operation: null, key: null) [< 1 ms]
  Passed CnetControlPlane.Tests.LearningTaskClauseCompositionTests.ClausesAndDescriptionsPreserveTypedBoundaries(text: "The letter to put into small-letter form is Ñ.", status: "ready", operation: "lower", key: 209) [< 1 ms]
  Passed CnetControlPlane.Tests.LearningTaskBoundRequestTests.IndependentInputsAndRequestsCompose(text: "I have supplied Unicode code point U+0051; could y"···, operation: "upper", key: 81) [< 1 ms]
  Passed CnetControlPlane.Tests.LearningTaskGrammarCompositionTests.ComposedFramesUseTheSameTypedOperandBoundary(text: "Please uppercase the character whose code point is"···, status: "ready", operation: "upper", key: 226) [< 1 ms]
  Passed CnetControlPlane.Tests.LearningTaskBoundRequestTests.IndependentInputsAndRequestsCompose(text: "The literal character I'm giving you is 'Q'; show "···, operation: "upper", key: 81) [< 1 ms]
  Passed CnetControlPlane.Tests.LearningTaskRequestCompositionTests.RequestComponentsBindOnlyExplicitInputAndOperation(text: "The decimal code point I am supplying is 254. I'd "···, status: "ready", operation: "upper", key: 254) [< 1 ms]
  Passed CnetControlPlane.Tests.LearningTaskClauseCompositionTests.ClausesAndDescriptionsPreserveTypedBoundaries(text: "The character 'f' is the one I want capitalized.", status: "ready", operation: "upper", key: 102) [< 1 ms]
  Passed CnetControlPlane.Tests.LearningTaskGrammarCompositionTests.ComposedFramesUseTheSameTypedOperandBoundary(text: "Use uppercase for ç.", status: "ready", operation: "upper", key: 231) [< 1 ms]
  Passed CnetControlPlane.Tests.LearningTaskRelationshipTests.RelationshipsAndDescriptionsKeepTypedRoles(text: "I'd like ~ made lowercase.", status: "clarify", operation: null, key: null) [< 1 ms]
  Passed CnetControlPlane.Tests.LearningTaskRequestCompositionTests.RequestComponentsBindOnlyExplicitInputAndOperation(text: "For the character 'Û', lowercasing is what I need.", status: "ready", operation: "lower", key: 219) [< 1 ms]
  Passed CnetControlPlane.Tests.LearningTaskBoundRequestTests.IndependentInputsAndRequestsCompose(text: "Input character: 'Q'; could you put it in uppercas"···, operation: "upper", key: 81) [< 1 ms]
  Passed CnetControlPlane.Tests.LearningTaskGrammarCompositionTests.ComposedFramesUseTheSameTypedOperandBoundary(text: "My request is the uppercase conversion of 'ì'.", status: "ready", operation: "upper", key: 236) [< 1 ms]
  Passed CnetControlPlane.Tests.LearningTaskRequestCompositionTests.RequestComponentsBindOnlyExplicitInputAndOperation(text: "Show the lowercase result of U+0052 in hexadecimal"···, status: "abstain", operation: null, key: null) [< 1 ms]
  Passed CnetControlPlane.Tests.LearningTaskBoundRequestTests.IndependentInputsAndRequestsCompose(text: "My input character for this task is 'Q'; I would l"···, operation: "lower", key: 81) [< 1 ms]
  Passed CnetControlPlane.Tests.LearningRunLedgerTests.TickCounterCannotWrapAndADeletedSingletonCannotResetTheRunBudget [55 ms]
  Passed CnetControlPlane.Tests.LearningTaskGrammarCompositionTests.ComposedFramesUseTheSameTypedOperandBoundary(text: "Input scalar: 'a' or 'b'. Case operation: upper.", status: "clarify", operation: null, key: null) [< 1 ms]
  Passed CnetControlPlane.Tests.LearningTaskBoundRequestTests.IndependentInputsAndRequestsCompose(text: "Input character: 'Q'; please show its uppercase co"···, operation: "upper", key: 81) [< 1 ms]
  Passed CnetControlPlane.Tests.LearningTaskGrammarCompositionTests.ComposedFramesUseTheSameTypedOperandBoundary(text: "The input code point is decimal 225. Convert it to"···, status: "ready", operation: "upper", key: 225) [< 1 ms]
  Passed CnetControlPlane.Tests.LearningTaskClauseCompositionTests.ClausesAndDescriptionsPreserveTypedBoundaries(text: "Use code point 0x0077, in hexadecimal, for an uppe"···, status: "ready", operation: "upper", key: 119) [< 1 ms]
  Passed CnetControlPlane.Tests.LearningTaskBoundRequestTests.IndependentInputsAndRequestsCompose(text: "The input code point is 0x0051 in hexadecimal; cou"···, operation: "upper", key: 81) [< 1 ms]
  Passed CnetControlPlane.Tests.LearningTaskRequestCompositionTests.RequestComponentsBindOnlyExplicitInputAndOperation(text: "I need you to turn 'a' into uppercase and delete a"···, status: "abstain", operation: null, key: null) [< 1 ms]
  Passed CnetControlPlane.Tests.LearningTaskGrammarCompositionTests.ComposedFramesUseTheSameTypedOperandBoundary(text: "Convert every letter in this sentence to upper cas"···, status: "abstain", operation: null, key: null) [< 1 ms]
  Passed CnetControlPlane.Tests.LearningTaskRelationshipTests.RelationshipsAndDescriptionsKeepTypedRoles(text: "My character for uppercase conversion is 'æ'.", status: "ready", operation: "upper", key: 230) [< 1 ms]
  Passed CnetControlPlane.Tests.LearningTaskGrammarCompositionTests.ComposedFramesUseTheSameTypedOperandBoundary(text: "For me, use the small-letter version of 'Ð'.", status: "ready", operation: "lower", key: 208) [< 1 ms]
  Passed CnetControlPlane.Tests.LearningTaskBoundRequestTests.IndependentInputsAndRequestsCompose(text: "My input character for this task is 'Q'; I need it"···, operation: "lower", key: 81) [< 1 ms]
  Passed CnetControlPlane.Tests.LearningTaskRequestCompositionTests.RequestComponentsBindOnlyExplicitInputAndOperation(text: "The result I need is the uppercase version of 'û'.", status: "ready", operation: "upper", key: 251) [< 1 ms]
  Passed CnetControlPlane.Tests.LearningTaskGrammarCompositionTests.ComposedFramesUseTheSameTypedOperandBoundary(text: "Which small letter corresponds to 'Ê'?", status: "ready", operation: "lower", key: 202) [< 1 ms]
  Passed CnetControlPlane.Tests.LearningTaskBoundRequestTests.IndependentInputsAndRequestsCompose(text: "The input code point is 0x0051 in hexadecimal; cou"···, operation: "lower", key: 81) [< 1 ms]
  Passed CnetControlPlane.Tests.LearningTaskGrammarCompositionTests.ComposedFramesUseTheSameTypedOperandBoundary(text: "Use the small-letter form of É.", status: "ready", operation: "lower", key: 201) [< 1 ms]
  Passed CnetControlPlane.Tests.LearningTaskBoundRequestTests.IndependentInputsAndRequestsCompose(text: "The literal character I'm giving you is 'Q'; would"···, operation: "lower", key: 81) [< 1 ms]
  Passed CnetControlPlane.Tests.LearningTaskGrammarCompositionTests.ComposedFramesUseTheSameTypedOperandBoundary(text: "Please lowercase the character whose code point is"···, status: "ready", operation: "lower", key: 194) [< 1 ms]
  Passed CnetControlPlane.Tests.LearningTaskBoundRequestTests.IndependentInputsAndRequestsCompose(text: "The selected input has decimal code point 81; coul"···, operation: "upper", key: 81) [< 1 ms]
  Passed CnetControlPlane.Tests.LearningTaskRequestCompositionTests.RequestComponentsBindOnlyExplicitInputAndOperation(text: "The character to work on is 'Ü', with lowercase as"···, status: "ready", operation: "lower", key: 220) [< 1 ms]
  Passed CnetControlPlane.Tests.LearningTaskRequestCompositionTests.RequestComponentsBindOnlyExplicitInputAndOperation(text: "Return the uppercase form of U+0071 in hexadecimal"···, status: "abstain", operation: null, key: null) [< 1 ms]
  Passed CnetControlPlane.Tests.LearningTaskBoundRequestTests.IndependentInputsAndRequestsCompose(text: "With the supplied Unicode scalar U+0051 as input, "···, operation: "upper", key: 81) [< 1 ms]
  Passed CnetControlPlane.Tests.LearningTaskClauseCompositionTests.ClausesAndDescriptionsPreserveTypedBoundaries(text: "I want 'ë' changed to either uppercase or lowercas"···, status: "clarify", operation: null, key: null) [< 1 ms]
  Passed CnetControlPlane.Tests.LearningTaskGrammarCompositionTests.QuotedCaseWordsAreRefusedAsTextNotDecodedAsTheInternalMarker [< 1 ms]
  Passed CnetControlPlane.Tests.LearningTaskBoundRequestTests.IndependentInputsAndRequestsCompose(text: "Input character: 'Q'; would you please give its lo"···, operation: "lower", key: 81) [< 1 ms]
  Passed CnetControlPlane.Tests.LearningTaskBoundRequestTests.IndependentInputsAndRequestsCompose(text: "My input character for this task is 'Q'; please sh"···, operation: "lower", key: 81) [< 1 ms]
  Passed CnetControlPlane.Tests.LearningFilesTests.DisposedOwnershipDoesNotStayLockedThroughAnInheritedOpenDescription [2 ms]
  Passed CnetControlPlane.Tests.LearningTaskClauseCompositionTests.ClausesAndDescriptionsPreserveTypedBoundaries(text: "Show me the lowercase result to 'Q'.", status: "abstain", operation: null, key: null) [< 1 ms]
  Passed CnetControlPlane.Tests.LearningTaskBoundRequestTests.IndependentInputsAndRequestsCompose(text: "For the quoted symbol '?', may I have its uppercas"···, operation: "upper", key: 63) [< 1 ms]
  Passed CnetControlPlane.Tests.LearningTaskRelationshipTests.RelationshipsAndDescriptionsKeepTypedRoles(text: "My selected scalar has decimal code point 253 and "···, status: "ready", operation: "upper", key: 253) [1 ms]
  Passed CnetControlPlane.Tests.LearningTaskBoundRequestTests.IndependentInputsAndRequestsCompose(text: "For the quoted symbol '?', please show its upperca"···, operation: "upper", key: 63) [< 1 ms]
  Passed CnetControlPlane.Tests.LearningTaskRequestCompositionTests.RequestComponentsBindOnlyExplicitInputAndOperation(text: "I would like a character put into all caps.", status: "clarify", operation: null, key: null) [< 1 ms]
  Passed CnetControlPlane.Tests.LearningTaskClauseCompositionTests.ClausesAndDescriptionsPreserveTypedBoundaries(text: "Use 'u' or 'v' for my uppercase conversion.", status: "clarify", operation: null, key: null) [< 1 ms]
  Passed CnetControlPlane.Tests.LearningTaskBoundRequestTests.IndependentInputsAndRequestsCompose(text: "The selected input has decimal code point 81; I ne"···, operation: "upper", key: 81) [< 1 ms]
  Passed CnetControlPlane.Tests.LearningTaskRelationshipTests.RelationshipsAndDescriptionsKeepTypedRoles(text: "For the input U+00FF, please select uppercase.", status: "ready", operation: "upper", key: 255) [< 1 ms]
  Passed CnetControlPlane.Tests.LearningTaskBoundRequestTests.IndependentInputsAndRequestsCompose(text: "The chosen character is 'µ'; show its uppercase co"···, operation: "upper", key: 181) [< 1 ms]
  Passed CnetControlPlane.Tests.LearningTaskRequestCompositionTests.RequestComponentsBindOnlyExplicitInputAndOperation(text: "The quoted input is ' '. Please return its lowerca"···, status: "ready", operation: "lower", key: 32) [< 1 ms]
  Passed CnetControlPlane.Tests.LearningTaskClauseCompositionTests.ClausesAndDescriptionsPreserveTypedBoundaries(text: "My character is 'Ð'. The conversion I want is lowe"···, status: "ready", operation: "lower", key: 208) [< 1 ms]
  Passed CnetControlPlane.Tests.LearningTaskBoundRequestTests.IndependentInputsAndRequestsCompose(text: "Input character: 'Q'; could you show its lowercase"···, operation: "lower", key: 81) [< 1 ms]
  Passed CnetControlPlane.Tests.LearningTaskClauseCompositionTests.ClausesAndDescriptionsPreserveTypedBoundaries(text: "The input scalar is 'ÿ'; I want uppercase applied "···, status: "ready", operation: "upper", key: 255) [< 1 ms]
  Passed CnetControlPlane.Tests.LearningTaskParserTests.EncodedControlCharactersNeverBecomeTypedProposals [6 ms]
  Passed CnetControlPlane.Tests.LearningTaskBoundRequestTests.IndependentInputsAndRequestsCompose(text: "The input code point is 0x0051 in hexadecimal; may"···, operation: "upper", key: 81) [< 1 ms]
  Passed CnetControlPlane.Tests.LearningTaskParserTests.RequestLengthIsBounded [< 1 ms]
  Passed CnetControlPlane.Tests.LearningTaskBoundRequestTests.IndependentInputsAndRequestsCompose(text: "The input code point is 0x0051 in hexadecimal; I n"···, operation: "lower", key: 81) [< 1 ms]
  Passed CnetControlPlane.Tests.LearningTaskRelationshipTests.RelationshipsAndDescriptionsKeepTypedRoles(text: "Here is my input code point: decimal 248.", status: "clarify", operation: null, key: null) [< 1 ms]
  Passed CnetControlPlane.Tests.LearningTaskRequestCompositionTests.RequestComponentsBindOnlyExplicitInputAndOperation(text: "The desired case for 'Ú' is lowercase.", status: "ready", operation: "lower", key: 218) [< 1 ms]
  Passed CnetControlPlane.Tests.LearningTaskPhraseTests.PhraseComponentsRetainExplicitOperationAndInputRoles(text: "Show 'R' to be converted to lowercase.", status: "ready", operation: "lower", key: 82) [1 ms]
  Passed CnetControlPlane.Tests.LearningTaskBoundRequestTests.IndependentInputsAndRequestsCompose(text: "Input character: 'Q'; would you please give its up"···, operation: "upper", key: 81) [< 1 ms]
  Passed CnetControlPlane.Tests.LearningFilesTests.SymlinkHardlinkFifoDirectoryAndNonprivateFileRefuse [1 ms]
  Passed CnetControlPlane.Tests.LearningTaskBoundRequestTests.IndependentInputsAndRequestsCompose(text: "With the supplied Unicode scalar U+0051 as input, "···, operation: "lower", key: 81) [< 1 ms]
  Passed CnetControlPlane.Tests.LearningTaskRequestCompositionTests.RequestComponentsBindOnlyExplicitInputAndOperation(text: "Apply capitalisation to the one-character input 'ý"···, status: "ready", operation: "upper", key: 253) [< 1 ms]
  Passed CnetControlPlane.Tests.LearningTaskRelationshipTests.RelationshipsAndDescriptionsKeepTypedRoles(text: "What lowercase letter matches the input 'Î'?", status: "ready", operation: "lower", key: 206) [< 1 ms]
  Passed CnetControlPlane.Tests.LearningTaskBoundRequestTests.IndependentInputsAndRequestsCompose(text: "The selected input has decimal code point 81; coul"···, operation: "upper", key: 81) [< 1 ms]
  Passed CnetControlPlane.Tests.LearningTaskRequestCompositionTests.RequestComponentsBindOnlyExplicitInputAndOperation(text: "The decimal code point I am supplying is 0x52. Low"···, status: "abstain", operation: null, key: null) [< 1 ms]
  Passed CnetControlPlane.Tests.LearningTaskRelationshipTests.RelationshipsAndDescriptionsKeepTypedRoles(text: "Please uppercase '''.", status: "ready", operation: "upper", key: 39) [< 1 ms]
  Passed CnetControlPlane.Tests.LearningTaskBoundRequestTests.IndependentInputsAndRequestsCompose(text: "The input code point is 0x0051 in hexadecimal; I n"···, operation: "upper", key: 81) [< 1 ms]
  Passed CnetControlPlane.Tests.LearningTaskBoundRequestTests.IndependentInputsAndRequestsCompose(text: "For the quoted symbol '?', could you show its lowe"···, operation: "lower", key: 63) [< 1 ms]
  Passed CnetControlPlane.Tests.LearningTaskRequestCompositionTests.RequestComponentsBindOnlyExplicitInputAndOperation(text: "The scalar at decimal code point 204 is to receive"···, status: "ready", operation: "lower", key: 204) [< 1 ms]
  Passed CnetControlPlane.Tests.LearningTaskBoundRequestTests.IndependentInputsAndRequestsCompose(text: "I have supplied Unicode code point U+0051; may I h"···, operation: "lower", key: 81) [< 1 ms]
  Passed CnetControlPlane.Tests.LearningTaskPhraseTests.PhraseComponentsRetainExplicitOperationAndInputRoles(text: "Please make either 'v' or 'w' uppercase; I haven't"···, status: "clarify", operation: null, key: null) [< 1 ms]
  Passed CnetControlPlane.Tests.LearningTaskPhraseTests.PhraseComponentsRetainExplicitOperationAndInputRoles(text: "42", status: "clarify", operation: null, key: null) [< 1 ms]
  Passed CnetControlPlane.Tests.LearningTaskBoundRequestTests.IndependentInputsAndRequestsCompose(text: "Given the single quoted character 'É' as input, pl"···, operation: "lower", key: 201) [< 1 ms]
  Passed CnetControlPlane.Tests.LearningTaskFieldCompositionTests.ComposedFieldsRetainOriginalInputAndOperation(text: "How does the scalar '¿' look after uppercasing?", status: "ready", operation: "upper", key: 191) [< 1 ms]
  Passed CnetControlPlane.Tests.LearningInventoryTests.NativeNamesCannotEscapeOrCreateHiddenCandidates(setName: "candidate", unitName: ".hidden") [< 1 ms]
  Passed CnetControlPlane.Tests.LearningTaskRequestCompositionTests.RequestComponentsBindOnlyExplicitInputAndOperation(text: "How would 'Ä' appear in lower case?", status: "ready", operation: "lower", key: 196) [< 1 ms]
  Passed CnetControlPlane.Tests.LearningTaskRelationshipTests.RelationshipsAndDescriptionsKeepTypedRoles(text: "My supplied input for conversion is 'ò'.", status: "clarify", operation: null, key: null) [< 1 ms]
  Passed CnetControlPlane.Tests.LearningTaskBoundRequestTests.IndependentInputsAndRequestsCompose(text: "Given the single quoted character 'É' as input, co"···, operation: "upper", key: 201) [< 1 ms]
  Passed CnetControlPlane.Tests.LearningTaskRequestCompositionTests.RequestComponentsBindOnlyExplicitInputAndOperation(text: "With U+00D6 as input, what is its lowercase form?", status: "ready", operation: "lower", key: 214) [< 1 ms]
  Passed CnetControlPlane.Tests.LearningTaskRelationshipTests.RelationshipsAndDescriptionsKeepTypedRoles(text: "Make everything in 'several words' lowercase.", status: "abstain", operation: null, key: null) [< 1 ms]
  Passed CnetControlPlane.Tests.LearningTaskRequestCompositionTests.RequestComponentsBindOnlyExplicitInputAndOperation(text: "For the character '®', the chosen case conversion "···, status: "ready", operation: "lower", key: 174) [< 1 ms]
  Passed CnetControlPlane.Tests.LearningTaskBoundRequestTests.IndependentInputsAndRequestsCompose(text: "The selected input has decimal code point 81; woul"···, operation: "upper", key: 81) [< 1 ms]
  Passed CnetControlPlane.Tests.LearningTaskPhraseTests.PhraseComponentsRetainExplicitOperationAndInputRoles(text: "I'd prefer the lowercase form of 'ß'.", status: "ready", operation: "lower", key: 223) [< 1 ms]
  Passed CnetControlPlane.Tests.LearningTaskBoundRequestTests.IndependentInputsAndRequestsCompose(text: "Given the single quoted character 'É' as input, sh"···, operation: "lower", key: 201) [< 1 ms]
  Passed CnetControlPlane.Tests.LearningInventoryTests.NativeNamesCannotEscapeOrCreateHiddenCandidates(setName: "bad.name", unitName: "unit") [< 1 ms]
  Passed CnetControlPlane.Tests.LearningTaskBoundRequestTests.IndependentInputsAndRequestsCompose(text: "The chosen character is 'µ'; could you produce its"···, operation: "upper", key: 181) [< 1 ms]
  Passed CnetControlPlane.Tests.LearningTaskBoundRequestTests.IndependentInputsAndRequestsCompose(text: "My input character for this task is 'Q'; could you"···, operation: "lower", key: 81) [< 1 ms]
  Passed CnetControlPlane.Tests.LearningTaskRequestCompositionTests.RequestComponentsBindOnlyExplicitInputAndOperation(text: "I am supplying decimal code point 208 for a lowerc"···, status: "ready", operation: "lower", key: 208) [< 1 ms]
  Passed CnetControlPlane.Tests.LearningInventoryTests.NativeNamesCannotEscapeOrCreateHiddenCandidates(setName: "candidate", unitName: "nested/unit") [< 1 ms]
  Passed CnetControlPlane.Tests.LearningTaskFieldCompositionTests.ComposedFieldsRetainOriginalInputAndOperation(text: "Select lowercase for the scalar at code point 196 "···, status: "ready", operation: "lower", key: 196) [< 1 ms]
  Passed CnetControlPlane.Tests.LearningTaskPhraseTests.PhraseComponentsRetainExplicitOperationAndInputRoles(text: "I'd like code point 0xF0 put in uppercase.", status: "ready", operation: "upper", key: 240) [< 1 ms]
  Passed CnetControlPlane.Tests.LearningTaskRelationshipTests.RelationshipsAndDescriptionsKeepTypedRoles(text: "Small-letter conversion for 'C', please.", status: "ready", operation: "lower", key: 67) [< 1 ms]
  Passed CnetControlPlane.Tests.LearningTaskBoundRequestTests.IndependentInputsAndRequestsCompose(text: "The input code point is 0x0051 in hexadecimal; wou"···, operation: "lower", key: 81) [< 1 ms]
  Passed CnetControlPlane.Tests.LearningTaskPhraseTests.PhraseComponentsRetainExplicitOperationAndInputRoles(text: "Give 'Î' as a small letter, please.", status: "ready", operation: "lower", key: 206) [< 1 ms]
  Passed CnetControlPlane.Tests.LearningTaskFieldCompositionTests.ComposedFieldsRetainOriginalInputAndOperation(text: "I want to lowercase Ç.", status: "ready", operation: "lower", key: 199) [< 1 ms]
  Passed CnetControlPlane.Tests.LearningInventoryTests.NativeNamesCannotEscapeOrCreateHiddenCandidates(setName: "candidate", unitName: "../escape") [< 1 ms]
  Passed CnetControlPlane.Tests.LearningTaskFieldCompositionTests.ComposedFieldsRetainOriginalInputAndOperation(text: "I am requesting uppercase for the Unicode scalar 0"···, status: "ready", operation: "upper", key: 253) [17 ms]
  Passed CnetControlPlane.Tests.LearningTaskBoundRequestTests.IndependentInputsAndRequestsCompose(text: "Use code point 0x54, in hexadecimal, lowercase it.", operation: "lower", key: 84) [17 ms]
  Passed CnetControlPlane.Tests.LearningTaskRequestCompositionTests.RequestComponentsBindOnlyExplicitInputAndOperation(text: "The scalar I'm providing is U+00E7.", status: "clarify", operation: null, key: null) [17 ms]
  Passed CnetControlPlane.Tests.LearningTaskPhraseTests.PhraseComponentsRetainExplicitOperationAndInputRoles(text: "I have selected decimal code point 241.", status: "clarify", operation: null, key: null) [17 ms]
  Passed CnetControlPlane.Tests.LearningInventoryTests.NativeNamesCannotEscapeOrCreateHiddenCandidates(setName: "../escape", unitName: "unit") [18 ms]
  Passed CnetControlPlane.Tests.LearningTaskRelationshipTests.RelationshipsAndDescriptionsKeepTypedRoles(text: "The input for lowercasing is Unicode code point U+"···, status: "ready", operation: "lower", key: 83) [18 ms]
  Passed CnetControlPlane.Tests.LearningTaskBoundRequestTests.IndependentInputsAndRequestsCompose(text: "I have supplied Unicode code point U+0051; could y"···, operation: "upper", key: 81) [< 1 ms]
  Passed CnetControlPlane.Tests.LearningTaskBoundRequestTests.IndependentInputsAndRequestsCompose(text: "I have supplied Unicode code point U+0051; show it"···, operation: "upper", key: 81) [< 1 ms]
  Passed CnetControlPlane.Tests.LearningCaseRequestSyntaxTests.EveryLatin1LiteralRetainsItsByteAndControlsRemainRefused [42 ms]
  Passed CnetControlPlane.Tests.LearningTaskFieldCompositionTests.ComposedFieldsRetainOriginalInputAndOperation(text: "Please select the capital form for hex code point "···, status: "ready", operation: "upper", key: 120) [< 1 ms]
  Passed CnetControlPlane.Tests.LearningTaskRelationshipTests.RelationshipsAndDescriptionsKeepTypedRoles(text: "Could you show me an uppercase 'j'?", status: "ready", operation: "upper", key: 106) [< 1 ms]
  Passed CnetControlPlane.Tests.LearningTaskBoundRequestTests.IndependentInputsAndRequestsCompose(text: "Given the single quoted character 'É' as input, co"···, operation: "upper", key: 201) [< 1 ms]
  Passed CnetControlPlane.Tests.LearningTaskBoundRequestTests.IndependentInputsAndRequestsCompose(text: "The chosen character is 'µ'; I need it converted t"···, operation: "lower", key: 181) [< 1 ms]
  Passed CnetControlPlane.Tests.LearningTaskFieldCompositionTests.ComposedFieldsRetainOriginalInputAndOperation(text: "Code point 0x0058 is my input; the target case is "···, status: "ready", operation: "lower", key: 88) [< 1 ms]
  Passed CnetControlPlane.Tests.LearningTaskBoundRequestTests.IndependentInputsAndRequestsCompose(text: "The selected input has decimal code point 81; plea"···, operation: "upper", key: 81) [< 1 ms]
  Passed CnetControlPlane.Tests.LearningTaskRelationshipTests.RelationshipsAndDescriptionsKeepTypedRoles(text: "The supplied character 'Ú' needs its case set to l"···, status: "ready", operation: "lower", key: 218) [< 1 ms]
  Passed CnetControlPlane.Tests.LearningTaskFieldCompositionTests.ComposedFieldsRetainOriginalInputAndOperation(text: "Please make the quoted character '¡' upper case.", status: "ready", operation: "upper", key: 161) [< 1 ms]
  Passed CnetControlPlane.Tests.LearningTaskBoundRequestTests.IndependentInputsAndRequestsCompose(text: "The selected input has decimal code point 81; may "···, operation: "lower", key: 81) [< 1 ms]
  Passed CnetControlPlane.Tests.LearningTaskBoundRequestTests.IndependentInputsAndRequestsCompose(text: "The input code point is 0x0051 in hexadecimal; cou"···, operation: "lower", key: 81) [< 1 ms]
  Passed CnetControlPlane.Tests.LearningTaskBoundRequestTests.IndependentInputsAndRequestsCompose(text: "The input code point is 0x0051 in hexadecimal; sho"···, operation: "upper", key: 81) [< 1 ms]
  Passed CnetControlPlane.Tests.LearningTaskPhraseTests.PhraseComponentsRetainExplicitOperationAndInputRoles(text: "The input character is 'K'.", status: "clarify", operation: null, key: null) [< 1 ms]
  Passed CnetControlPlane.Tests.LearningTaskFieldCompositionTests.ComposedFieldsRetainOriginalInputAndOperation(text: "Use 'ô' as the argument of the uppercase operation"···, status: "ready", operation: "upper", key: 244) [< 1 ms]
  Passed CnetControlPlane.Tests.LearningTaskBoundRequestTests.IndependentInputsAndRequestsCompose(text: "The input code point is 0x0051 in hexadecimal; cou"···, operation: "upper", key: 81) [< 1 ms]
  Passed CnetControlPlane.Tests.LearningTaskBoundRequestTests.IndependentInputsAndRequestsCompose(text: "The chosen character is 'µ'; could you put it in u"···, operation: "upper", key: 181) [< 1 ms]
  Passed CnetControlPlane.Tests.LearningTaskFieldCompositionTests.ComposedFieldsRetainOriginalInputAndOperation(text: "The character is 'Ü\"; request lowercase.", status: "clarify", operation: null, key: null) [< 1 ms]
  Passed CnetControlPlane.Tests.LearningTaskBoundRequestTests.IndependentInputsAndRequestsCompose(text: "My input character for this task is 'Q'; may I hav"···, operation: "upper", key: 81) [< 1 ms]
  Passed CnetControlPlane.Tests.LearningTaskFieldCompositionTests.ComposedFieldsRetainOriginalInputAndOperation(text: "I would like to capitalize ç.", status: "ready", operation: "upper", key: 231) [< 1 ms]
  Passed CnetControlPlane.Tests.LearningTaskBoundRequestTests.IndependentInputsAndRequestsCompose(text: "Input character: 'Q'; could you put it in lowercas"···, operation: "lower", key: 81) [< 1 ms]
  Passed CnetControlPlane.Tests.LearningTaskBoundRequestTests.IndependentInputsAndRequestsCompose(text: "For the quoted symbol '?', may I have its lowercas"···, operation: "lower", key: 63) [< 1 ms]
  Passed CnetControlPlane.Tests.LearningTaskFieldCompositionTests.ComposedFieldsRetainOriginalInputAndOperation(text: "Please apply upper case to the one-character input"···, status: "ready", operation: "upper", key: 58) [< 1 ms]
  Passed CnetControlPlane.Tests.LearningTaskBoundRequestTests.IndependentInputsAndRequestsCompose(text: "For the quoted symbol '?', I need it converted to "···, operation: "lower", key: 63) [< 1 ms]
  Passed CnetControlPlane.Tests.LearningTaskPhraseTests.PhraseComponentsRetainExplicitOperationAndInputRoles(text: "Can I have 'å' as an uppercase character?", status: "ready", operation: "upper", key: 229) [1 ms]
  Passed CnetControlPlane.Tests.LearningTaskBoundRequestTests.IndependentInputsAndRequestsCompose(text: "The chosen character is 'µ'; I need it converted t"···, operation: "upper", key: 181) [< 1 ms]
  Passed CnetControlPlane.Tests.LearningFilesTests.PublicationIsPrivateDurableAndNeverOverwrites [22 ms]
  Passed CnetControlPlane.Tests.LearningTaskBoundRequestTests.IndependentInputsAndRequestsCompose(text: "I have supplied Unicode code point U+0051; please "···, operation: "lower", key: 81) [< 1 ms]
  Passed CnetControlPlane.Tests.LearningTaskFieldCompositionTests.ComposedFieldsRetainOriginalInputAndOperation(text: "The code point for this task is U+00E0; use upperc"···, status: "ready", operation: "upper", key: 224) [< 1 ms]
  Passed CnetControlPlane.Tests.LearningTaskBoundRequestTests.IndependentInputsAndRequestsCompose(text: "The literal character I'm giving you is 'Q'; I wou"···, operation: "upper", key: 81) [< 1 ms]
  Passed CnetControlPlane.Tests.LearningTaskPhraseTests.PhraseComponentsRetainExplicitOperationAndInputRoles(text: "The lowercase version of 'Ø' is the one I want.", status: "ready", operation: "lower", key: 216) [< 1 ms]
  Passed CnetControlPlane.Tests.LearningTaskBoundRequestTests.IndependentInputsAndRequestsCompose(text: "For the quoted symbol '?', could you put it in upp"···, operation: "upper", key: 63) [< 1 ms]
  Passed CnetControlPlane.Tests.LearningTaskPhraseTests.PhraseComponentsRetainExplicitOperationAndInputRoles(text: "Transform 'õ' to uppercase for me.", status: "ready", operation: "upper", key: 245) [< 1 ms]
  Passed CnetControlPlane.Tests.LearningTaskPhraseTests.PhraseComponentsRetainExplicitOperationAndInputRoles(text: "Show '+' in uppercase.", status: "ready", operation: "upper", key: 43) [< 1 ms]
  Passed CnetControlPlane.Tests.LearningLedgerTests.SourceRetryCapAndPolicyIdentityAreDurable [52 ms]
  Passed CnetControlPlane.Tests.LearningTaskBoundRequestTests.IndependentInputsAndRequestsCompose(text: "I have supplied Unicode code point U+0051; I need "···, operation: "upper", key: 81) [< 1 ms]
  Passed CnetControlPlane.Tests.LearningTaskRequestCompositionTests.RequestComponentsBindOnlyExplicitInputAndOperation(text: "Use Turkish-specific uppercase conversion for 'i'.", status: "abstain", operation: null, key: null) [3 ms]
  Passed CnetControlPlane.Tests.LearningTaskBoundRequestTests.IndependentInputsAndRequestsCompose(text: "Given the single quoted character 'É' as input, wo"···, operation: "upper", key: 201) [< 1 ms]
  Passed CnetControlPlane.Tests.LearningTaskRequestCompositionTests.RequestComponentsBindOnlyExplicitInputAndOperation(text: "The case I need is lower.", status: "clarify", operation: null, key: null) [< 1 ms]
  Passed CnetControlPlane.Tests.LearningTaskBoundRequestTests.IndependentInputsAndRequestsCompose(text: "My input character for this task is 'Q'; would you"···, operation: "lower", key: 81) [< 1 ms]
  Passed CnetControlPlane.Tests.LearningTaskFieldCompositionTests.ComposedFieldsRetainOriginalInputAndOperation(text: "I need 0x00DD, interpreted as a Unicode scalar, in"···, status: "ready", operation: "lower", key: 221) [< 1 ms]
  Passed CnetControlPlane.Tests.LearningTaskRequestCompositionTests.RequestComponentsBindOnlyExplicitInputAndOperation(text: "The input code point is 0x00F8 in hexadecimal; app"···, status: "ready", operation: "upper", key: 248) [< 1 ms]
  Passed CnetControlPlane.Tests.LearningTaskBoundRequestTests.IndependentInputsAndRequestsCompose(text: "Input character: 'Q'; I need it converted to lower"···, operation: "lower", key: 81) [< 1 ms]
  Passed CnetControlPlane.Tests.LearningInventoryTests.UntrustedInvalidLeafIsAFixedOperationalRefusal(leaf: "é") [3 ms]
  Passed CnetControlPlane.Tests.LearningTaskFieldCompositionTests.ComposedFieldsRetainOriginalInputAndOperation(text: "I'd like to see the small-letter equivalent of 'Ñ'"···, status: "ready", operation: "lower", key: 209) [< 1 ms]
  Passed CnetControlPlane.Tests.LearningTaskBoundRequestTests.IndependentInputsAndRequestsCompose(text: "The input code point is 0x0051 in hexadecimal; sho"···, operation: "lower", key: 81) [< 1 ms]
  Passed CnetControlPlane.Tests.LearningTaskBoundRequestTests.IndependentInputsAndRequestsCompose(text: "With the supplied Unicode scalar U+0051 as input, "···, operation: "lower", key: 81) [< 1 ms]
  Passed CnetControlPlane.Tests.LearningTaskFieldCompositionTests.ComposedFieldsRetainOriginalInputAndOperation(text: "The character to capitalize is 'p'.", status: "ready", operation: "upper", key: 112) [< 1 ms]
  Passed CnetControlPlane.Tests.LearningTaskRequestCompositionTests.RequestComponentsBindOnlyExplicitInputAndOperation(text: "Give Unicode code point U+0044 its small-letter fo"···, status: "ready", operation: "lower", key: 68) [< 1 ms]
  Passed CnetControlPlane.Tests.LearningTaskBoundRequestTests.IndependentInputsAndRequestsCompose(text: "With the supplied Unicode scalar U+0051 as input, "···, operation: "lower", key: 81) [< 1 ms]
  Passed CnetControlPlane.Tests.LearningTaskFieldCompositionTests.ComposedFieldsRetainOriginalInputAndOperation(text: "Use the uppercase form for the literal character '"···, status: "ready", operation: "upper", key: 170) [< 1 ms]
  Passed CnetControlPlane.Tests.LearningTaskBoundRequestTests.IndependentInputsAndRequestsCompose(text: "For the quoted symbol '?', show its lowercase coun"···, operation: "lower", key: 63) [< 1 ms]
  Passed CnetControlPlane.Tests.LearningTaskBoundRequestTests.IndependentInputsAndRequestsCompose(text: "The literal character I'm giving you is 'Q'; would"···, operation: "upper", key: 81) [< 1 ms]
  Passed CnetControlPlane.Tests.LearningTaskRequestCompositionTests.RequestComponentsBindOnlyExplicitInputAndOperation(text: "Lower is the operation, and 'Ë' is the input chara"···, status: "ready", operation: "lower", key: 203) [< 1 ms]
  Passed CnetControlPlane.Tests.LearningTaskBoundRequestTests.IndependentInputsAndRequestsCompose(text: "Input character: 'Q'; show its uppercase counterpa"···, operation: "upper", key: 81) [< 1 ms]
  Passed CnetControlPlane.Tests.LearningTaskBoundRequestTests.IndependentInputsAndRequestsCompose(text: "The input code point is 0x0051 in hexadecimal; ple"···, operation: "lower", key: 81) [< 1 ms]
  Passed CnetControlPlane.Tests.LearningTaskBoundRequestTests.IndependentInputsAndRequestsCompose(text: "With the supplied Unicode scalar U+0051 as input, "···, operation: "lower", key: 81) [< 1 ms]
  Passed CnetControlPlane.Tests.LearningInventoryTests.UntrustedInvalidLeafIsAFixedOperationalRefusal(leaf: ".unknown") [< 1 ms]
  Passed CnetControlPlane.Tests.LearningTaskRequestCompositionTests.RequestComponentsBindOnlyExplicitInputAndOperation(text: "Lowercase is the requested operation on hexadecima"···, status: "ready", operation: "lower", key: 215) [< 1 ms]
  Passed CnetControlPlane.Tests.LearningTaskBoundRequestTests.IndependentInputsAndRequestsCompose(text: "For the quoted symbol '?', show its uppercase coun"···, operation: "upper", key: 63) [< 1 ms]
  Passed CnetControlPlane.Tests.LearningTaskBoundRequestTests.IndependentInputsAndRequestsCompose(text: "The literal character I'm giving you is 'Q'; could"···, operation: "upper", key: 81) [< 1 ms]
  Passed CnetControlPlane.Tests.LearningTaskBoundRequestTests.IndependentInputsAndRequestsCompose(text: "Input character: 'Q'; I would like to see its uppe"···, operation: "upper", key: 81) [< 1 ms]
  Passed CnetControlPlane.Tests.LearningTaskBoundRequestTests.IndependentInputsAndRequestsCompose(text: "Given the single quoted character 'É' as input, wo"···, operation: "lower", key: 201) [< 1 ms]
  Passed CnetControlPlane.Tests.LearningTaskRequestCompositionTests.RequestComponentsBindOnlyExplicitInputAndOperation(text: "My literal character is '6'.", status: "clarify", operation: null, key: null) [< 1 ms]
  Passed CnetControlPlane.Tests.LearningTaskBoundRequestTests.IndependentInputsAndRequestsCompose(text: "The input code point is 0x0051 in hexadecimal; cou"···, operation: "lower", key: 81) [< 1 ms]
  Passed CnetControlPlane.Tests.LearningInventoryTests.UntrustedInvalidLeafIsAFixedOperationalRefusal(leaf: "bad name") [< 1 ms]
  Passed CnetControlPlane.Tests.LearningTaskBoundRequestTests.IndependentInputsAndRequestsCompose(text: "For the quoted symbol '?', I would like to see its"···, operation: "upper", key: 63) [< 1 ms]
  Passed CnetControlPlane.Tests.LearningTaskBoundRequestTests.IndependentInputsAndRequestsCompose(text: "The literal character I'm giving you is 'Q'; could"···, operation: "lower", key: 81) [< 1 ms]
  Passed CnetControlPlane.Tests.LearningTaskBoundRequestTests.IndependentInputsAndRequestsCompose(text: "The selected input has decimal code point 81; coul"···, operation: "upper", key: 81) [< 1 ms]
  Passed CnetControlPlane.Tests.LearningTaskPhraseTests.PhraseComponentsRetainExplicitOperationAndInputRoles(text: "My request is to uppercase 'à'.", status: "ready", operation: "upper", key: 224) [< 1 ms]
  Passed CnetControlPlane.Tests.LearningTaskRequestCompositionTests.RequestComponentsBindOnlyExplicitInputAndOperation(text: "Tell me the lowercase character corresponding to '"···, status: "ready", operation: "lower", key: 200) [< 1 ms]
  Passed CnetControlPlane.Tests.LearningTaskBoundRequestTests.IndependentInputsAndRequestsCompose(text: "The input code point is 0x0051 in hexadecimal; wou"···, operation: "upper", key: 81) [< 1 ms]
  Passed CnetControlPlane.Tests.LearningTaskPhraseTests.PhraseComponentsRetainExplicitOperationAndInputRoles(text: "I need a capital letter version.", status: "clarify", operation: null, key: null) [< 1 ms]
  Passed CnetControlPlane.Tests.LearningFilesTests.ChildCreationAndExclusiveOwnershipArePinned [3 ms]
  Passed CnetControlPlane.Tests.LearningTaskBoundRequestTests.IndependentInputsAndRequestsCompose(text: "I have supplied Unicode code point U+0051; could y"···, operation: "lower", key: 81) [< 1 ms]
  Passed CnetControlPlane.Tests.LearningTaskRequestCompositionTests.RequestComponentsBindOnlyExplicitInputAndOperation(text: "Render the literal '0' using uppercase.", status: "ready", operation: "upper", key: 48) [< 1 ms]
  Passed CnetControlPlane.Tests.LearningTaskPhraseTests.PhraseComponentsRetainExplicitOperationAndInputRoles(text: "Could you process the character 'ú'?", status: "clarify", operation: null, key: null) [< 1 ms]
  Passed CnetControlPlane.Tests.LearningTaskBoundRequestTests.BindingCannotCreateAnInputOrDiscardAnotherRole(text: "Input: 'Q'; uppercase it; run a shell.", status: "abstain") [< 1 ms]
  Passed CnetControlPlane.Tests.LearningTaskRequestCompositionTests.RequestComponentsBindOnlyExplicitInputAndOperation(text: "I'd like an uppercase result for Unicode code poin"···, status: "ready", operation: "upper", key: 226) [< 1 ms]
  Passed CnetControlPlane.Tests.LearningTaskRequestCompositionTests.RequestComponentsBindOnlyExplicitInputAndOperation(text: "Make the pair 'pq' into capital letters.", status: "abstain", operation: null, key: null) [< 1 ms]
  Passed CnetControlPlane.Tests.LearningTaskFieldCompositionTests.ComposedFieldsRetainOriginalInputAndOperation(text: "The scalar at decimal code point 122 needs upperca"···, status: "ready", operation: "upper", key: 122) [2 ms]
  Passed CnetControlPlane.Tests.LearningTaskFieldCompositionTests.ComposedFieldsRetainOriginalInputAndOperation(text: "Use uppercase on the sequence 'ä' as if it were o"···, status: "abstain", operation: null, key: null) [< 1 ms]
  Passed CnetControlPlane.Tests.LearningTaskBoundRequestTests.BindingCannotCreateAnInputOrDiscardAnotherRole(text: "Input: 'Q'; make 'P' lowercase and show it.", status: "abstain") [< 1 ms]
  Passed CnetControlPlane.Tests.LearningInventoryTests.InvalidWorkerInventoryRefusesBeforeCreatingCandidate(fault: "unknown_artifact") [1 ms]
  Passed CnetControlPlane.Tests.LearningTaskRequestCompositionTests.RequestComponentsBindOnlyExplicitInputAndOperation(text: "What is the upper-case form corresponding to 'ú'?", status: "ready", operation: "upper", key: 250) [< 1 ms]
  Passed CnetControlPlane.Tests.LearningTaskPhraseTests.PhraseComponentsRetainExplicitOperationAndInputRoles(text: "For this task, please return 'A' converted to lowe"···, status: "ready", operation: "lower", key: 65) [< 1 ms]
  Passed CnetControlPlane.Tests.LearningTaskPhraseTests.PhraseComponentsRetainExplicitOperationAndInputRoles(text: "Could 'R' be lowercase?", status: "clarify", operation: null, key: null) [< 1 ms]
  Passed CnetControlPlane.Tests.LearningTaskRequestCompositionTests.RequestComponentsBindOnlyExplicitInputAndOperation(text: "The requested case for 'é' is either upper or lowe"···, status: "clarify", operation: null, key: null) [< 1 ms]
  Passed CnetControlPlane.Tests.LearningTaskRequestCompositionTests.RequestComponentsBindOnlyExplicitInputAndOperation(text: "I need you to turn 'v' into a capital.", status: "ready", operation: "upper", key: 118) [< 1 ms]
  Passed CnetControlPlane.Tests.LearningInventoryTests.InvalidWorkerInventoryRefusesBeforeCreatingCandidate(fault: "hardlink") [< 1 ms]
  Passed CnetControlPlane.Tests.LearningTaskFieldCompositionTests.ComposedFieldsRetainOriginalInputAndOperation(text: "Case choice: uppercase. Provided character: 'ì'.", status: "ready", operation: "upper", key: 236) [1 ms]
  Passed CnetControlPlane.Tests.LearningInventoryTests.InvalidWorkerInventoryRefusesBeforeCreatingCandidate(fault: "empty_payload") [< 1 ms]
  Passed CnetControlPlane.Tests.LearningTaskPhraseTests.PhraseComponentsRetainExplicitOperationAndInputRoles(text: "Please print the lowercase function input 'A'.", status: "abstain", operation: null, key: null) [< 1 ms]
  Passed CnetControlPlane.Tests.LearningTaskPhraseTests.PhraseComponentsRetainExplicitOperationAndInputRoles(text: "Would you be able to supply 'µ' in uppercase?", status: "ready", operation: "upper", key: 181) [< 1 ms]
  Passed CnetControlPlane.Tests.LearningTaskRequestCompositionTests.RequestComponentsBindOnlyExplicitInputAndOperation(text: "The hexadecimal input code point is 0x00D8. Lowerc"···, status: "ready", operation: "lower", key: 216) [< 1 ms]
  Passed CnetControlPlane.Tests.LearningTaskFieldCompositionTests.ComposedFieldsRetainOriginalInputAndOperation(text: "Lowercasing is the requested operation for code po"···, status: "ready", operation: "lower", key: 201) [< 1 ms]
  Passed CnetControlPlane.Tests.LearningTaskFieldCompositionTests.ComposedFieldsRetainOriginalInputAndOperation(text: "Use uppercase for ;", status: "clarify", operation: null, key: null) [< 1 ms]
  Passed CnetControlPlane.Tests.LearningTaskRequestCompositionTests.RequestComponentsBindOnlyExplicitInputAndOperation(text: "I have 'ð' as my input. Its target case is upper.", status: "ready", operation: "upper", key: 240) [< 1 ms]
  Passed CnetControlPlane.Tests.LearningInventoryTests.InvalidWorkerInventoryRefusesBeforeCreatingCandidate(fault: "symlink") [< 1 ms]
  Passed CnetControlPlane.Tests.LearningTaskFieldCompositionTests.ComposedFieldsRetainOriginalInputAndOperation(text: "The input is = and I request lowercase.", status: "clarify", operation: null, key: null) [< 1 ms]
  Passed CnetControlPlane.Tests.LearningSymbolTests.LiveSymbolBoundaryRejectsWrongOrConstantDecoderDespiteCorrectNumericIdentity(fault: "wrong", wrong: 2, missing: 0) [7 ms]
  Passed CnetControlPlane.Tests.LearningTaskRequestCompositionTests.RequestComponentsBindOnlyExplicitInputAndOperation(text: "Lowercase is to be applied to the character 'Á'.", status: "ready", operation: "lower", key: 193) [< 1 ms]
  Passed CnetControlPlane.Tests.LearningTaskPhraseTests.PhraseComponentsRetainExplicitOperationAndInputRoles(text: "Could 'R' be converted to lowercase?", status: "ready", operation: "lower", key: 82) [< 1 ms]
  Passed CnetControlPlane.Tests.LearningTaskRequestCompositionTests.RequestComponentsBindOnlyExplicitInputAndOperation(text: "Change the supplied 'Z' to lowercase.", status: "ready", operation: "lower", key: 90) [< 1 ms]
  Passed CnetControlPlane.Tests.LearningTaskFieldCompositionTests.ComposedFieldsRetainOriginalInputAndOperation(text: "Give the literal character 'º' its lowercase form.", status: "ready", operation: "lower", key: 186) [< 1 ms]
  Passed CnetControlPlane.Tests.LearningTaskRequestCompositionTests.RequestComponentsBindOnlyExplicitInputAndOperation(text: "For the input, I have decimal code point 219.", status: "clarify", operation: null, key: null) [< 1 ms]
  Passed CnetControlPlane.Tests.LearningInventoryTests.InvalidWorkerInventoryRefusesBeforeCreatingCandidate(fault: "public_root") [< 1 ms]
  Passed CnetControlPlane.Tests.LearningTaskRequestCompositionTests.RequestComponentsBindOnlyExplicitInputAndOperation(text: "The input code point is 0x0052 in hexadecimal; app"···, status: "ready", operation: "lower", key: 82) [< 1 ms]
  Passed CnetControlPlane.Tests.LearningTaskRequestCompositionTests.RequestComponentsBindOnlyExplicitInputAndOperation(text: "The character is 'á'; its uppercase form is reques"···, status: "ready", operation: "upper", key: 225) [< 1 ms]
  Passed CnetControlPlane.Tests.LearningTaskFieldCompositionTests.ComposedFieldsRetainOriginalInputAndOperation(text: "A lowercasing operation with 'Ð' as input, please.", status: "ready", operation: "lower", key: 208) [< 1 ms]
  Passed CnetControlPlane.Tests.LearningTaskRequestCompositionTests.RequestComponentsBindOnlyExplicitInputAndOperation(text: "Input code point is decimal 65 in hexadecimal; app"···, status: "abstain", operation: null, key: null) [< 1 ms]
  Passed CnetControlPlane.Tests.LearningTaskRequestCompositionTests.RequestComponentsBindOnlyExplicitInputAndOperation(text: "For the scalar with decimal code point 239, the re"···, status: "ready", operation: "upper", key: 239) [< 1 ms]
  Passed CnetControlPlane.Tests.LearningTaskPhraseTests.PhraseComponentsRetainExplicitOperationAndInputRoles(text: "Please return the hexadecimal code point for upper"···, status: "abstain", operation: null, key: null) [< 1 ms]
  Passed CnetControlPlane.Tests.LearningTaskFieldCompositionTests.ComposedFieldsRetainOriginalInputAndOperation(text: "Let the input be 'å'. The requested case is upperc"···, status: "ready", operation: "upper", key: 229) [< 1 ms]
  Passed CnetControlPlane.Tests.LearningTaskRequestCompositionTests.RequestComponentsBindOnlyExplicitInputAndOperation(text: "Can I see how 'ê' appears in uppercase?", status: "ready", operation: "upper", key: 234) [< 1 ms]
  Passed CnetControlPlane.Tests.LearningTaskRequestCompositionTests.RequestComponentsBindOnlyExplicitInputAndOperation(text: "The character is 'a'; give its uppercase form and "···, status: "abstain", operation: null, key: null) [< 1 ms]
  Passed CnetControlPlane.Tests.LearningInventoryTests.InvalidWorkerInventoryRefusesBeforeCreatingCandidate(fault: "fifo") [< 1 ms]
  Passed CnetControlPlane.Tests.LearningTaskRequestCompositionTests.RequestComponentsBindOnlyExplicitInputAndOperation(text: "For the quoted character ',', please use uppercase"···, status: "ready", operation: "upper", key: 44) [< 1 ms]
  Passed CnetControlPlane.Tests.LearningTaskBoundRequestTests.BindingCannotCreateAnInputOrDiscardAnotherRole(text: "Input: 'T'; display its lowercase form in hexadeci"···, status: "abstain") [3 ms]
  Passed CnetControlPlane.Tests.LearningTaskRequestCompositionTests.RequestComponentsBindOnlyExplicitInputAndOperation(text: "The input I chose is 'Ã'. Its requested case is lo"···, status: "ready", operation: "lower", key: 195) [< 1 ms]
  Passed CnetControlPlane.Tests.LearningTaskBoundRequestTests.BindingCannotCreateAnInputOrDiscardAnotherRole(text: "Input: \"Q'; could you show its lowercase counterp"···, status: "clarify") [< 1 ms]
  Passed CnetControlPlane.Tests.LearningTaskFieldCompositionTests.ComposedFieldsRetainOriginalInputAndOperation(text: "The input '9' is a single scalar; put it in lowerc"···, status: "ready", operation: "lower", key: 57) [< 1 ms]
  Passed CnetControlPlane.Tests.LearningTaskBoundRequestTests.BindingCannotCreateAnInputOrDiscardAnotherRole(text: "Input: 'Q'; show it to be a lowercase character.", status: "abstain") [< 1 ms]
  Passed CnetControlPlane.Tests.LearningTaskRequestCompositionTests.RequestComponentsBindOnlyExplicitInputAndOperation(text: "My lowercase request has the quoted input '2'.", status: "ready", operation: "lower", key: 50) [< 1 ms]
  Passed CnetControlPlane.Tests.LearningTaskRequestCompositionTests.RequestComponentsBindOnlyExplicitInputAndOperation(text: "Please let me see 'l' as a capital letter.", status: "ready", operation: "upper", key: 108) [< 1 ms]
  Passed CnetControlPlane.Tests.LearningTaskFieldCompositionTests.ComposedFieldsRetainOriginalInputAndOperation(text: "Which uppercase character goes with the input 'ë'?", status: "ready", operation: "upper", key: 235) [< 1 ms]
  Passed CnetControlPlane.Tests.LearningTaskRequestCompositionTests.RequestComponentsBindOnlyExplicitInputAndOperation(text: "What is the small-letter equivalent corresponding "···, status: "ready", operation: "lower", key: 199) [< 1 ms]
  Passed CnetControlPlane.Tests.LearningInventoryTests.InvalidWorkerInventoryRefusesBeforeCreatingCandidate(fault: "extra_worker_leaf") [< 1 ms]
  Passed CnetControlPlane.Tests.LearningTaskBoundRequestTests.BindingCannotCreateAnInputOrDiscardAnotherRole(text: "Input: 'A'; unicode lower 66.", status: "abstain") [< 1 ms]
  Passed CnetControlPlane.Tests.LearningTaskFieldCompositionTests.ComposedFieldsRetainOriginalInputAndOperation(text: "For input code point 181 (decimal), I request uppe"···, status: "ready", operation: "upper", key: 181) [< 1 ms]
  Passed CnetControlPlane.Tests.LearningTaskBoundRequestTests.BindingCannotCreateAnInputOrDiscardAnotherRole(text: "For uppercase conversion, the input is 'q'.", status: "ready") [< 1 ms]
  Passed CnetControlPlane.Tests.LearningTaskBoundRequestTests.BindingCannotCreateAnInputOrDiscardAnotherRole(text: "Input: 81; could you show its lowercase counterpar"···, status: "clarify") [< 1 ms]
  Passed CnetControlPlane.Tests.LearningTaskRequestCompositionTests.RequestComponentsBindOnlyExplicitInputAndOperation(text: "Please supply uppercase for the character numbered"···, status: "ready", operation: "upper", key: 121) [< 1 ms]
  Passed CnetControlPlane.Tests.LearningTaskBoundRequestTests.BindingCannotCreateAnInputOrDiscardAnotherRole(text: "Input: 'T'; could you lowercase the literal that c"···, status: "abstain") [< 1 ms]
  Passed CnetControlPlane.Tests.LearningTaskBoundRequestTests.BindingCannotCreateAnInputOrDiscardAnotherRole(text: "Input: 'A'; the input is 'B' and lowercase it.", status: "abstain") [< 1 ms]
  Passed CnetControlPlane.Tests.LearningTaskRequestCompositionTests.RequestComponentsBindOnlyExplicitInputAndOperation(text: "Use 'å' for the input and uppercase for the case.", status: "ready", operation: "upper", key: 229) [< 1 ms]
  Passed CnetControlPlane.Tests.LearningTaskBoundRequestTests.BindingCannotCreateAnInputOrDiscardAnotherRole(text: "Input: 'Q' or 'P'; could you show its lowercase co"···, status: "clarify") [< 1 ms]
  Passed CnetControlPlane.Tests.LearningTaskFieldCompositionTests.ComposedFieldsRetainOriginalInputAndOperation(text: "Use uppercase on either 'w' or 'x', whichever I me"···, status: "clarify", operation: null, key: null) [< 1 ms]
  Passed CnetControlPlane.Tests.LearningTaskBoundRequestTests.BindingCannotCreateAnInputOrDiscardAnotherRole(text: "Input: U+0100; could you show its lowercase counte"···, status: "abstain") [< 1 ms]
  Passed CnetControlPlane.Tests.LearningInventoryTests.InvalidWorkerInventoryRefusesBeforeCreatingCandidate(fault: "wrong_worker_leaf") [< 1 ms]
  Passed CnetControlPlane.Tests.LearningTaskBoundRequestTests.BindingCannotCreateAnInputOrDiscardAnotherRole(text: "Use decimal code point 0x54, in hexadecimal, lower"···, status: "abstain") [< 1 ms]
  Passed CnetControlPlane.Tests.LearningTaskFieldCompositionTests.ComposedFieldsRetainOriginalInputAndOperation(text: "The task is to uppercase 'ù'.", status: "ready", operation: "upper", key: 249) [< 1 ms]
  Passed CnetControlPlane.Tests.LearningTaskBoundRequestTests.BindingCannotCreateAnInputOrDiscardAnotherRole(text: "For uppercase conversion, lowercase it.", status: "abstain") [< 1 ms]
  Passed CnetControlPlane.Tests.LearningTaskRequestCompositionTests.RequestComponentsBindOnlyExplicitInputAndOperation(text: "The operation requested for 'Ò' is lower case.", status: "ready", operation: "lower", key: 210) [< 1 ms]
  Passed CnetControlPlane.Tests.LearningTaskPhraseTests.PhraseComponentsRetainExplicitOperationAndInputRoles(text: "Let 'P' be the input; show it to be a lowercase ch"···, status: "abstain", operation: null, key: null) [2 ms]
  Passed CnetControlPlane.Tests.LearningTaskBoundRequestTests.BindingCannotCreateAnInputOrDiscardAnotherRole(text: "Input: 'A'; uppercase the literal it.", status: "abstain") [< 1 ms]
  Passed CnetControlPlane.Tests.LearningTaskBoundRequestTests.BindingCannotCreateAnInputOrDiscardAnotherRole(text: "Use code point 0x54, in hexadecimal, lowercase it;"···, status: "abstain") [< 1 ms]
  Passed CnetControlPlane.Tests.LearningTaskBoundRequestTests.BindingCannotCreateAnInputOrDiscardAnotherRole(text: "I would like to see its uppercase form.", status: "clarify") [< 1 ms]
  Passed CnetControlPlane.Tests.LearningInventoryTests.InvalidWorkerInventoryRefusesBeforeCreatingCandidate(fault: "public_file") [< 1 ms]
  Passed CnetControlPlane.Tests.LearningTaskFieldCompositionTests.ComposedFieldsRetainOriginalInputAndOperation(text: "Case is to be upper for the character with decimal"···, status: "ready", operation: "upper", key: 225) [< 1 ms]
  Passed CnetControlPlane.Tests.LearningTaskPhraseTests.PhraseComponentsRetainExplicitOperationAndInputRoles(text: "The lowercase form of '%' is what I'm after.", status: "ready", operation: "lower", key: 37) [< 1 ms]
  Passed CnetControlPlane.Tests.LearningTaskBoundRequestTests.BindingCannotCreateAnInputOrDiscardAnotherRole(text: "Input: 82; show it to be a lowercase character.", status: "abstain") [< 1 ms]
  Passed CnetControlPlane.Tests.LearningTaskFieldCompositionTests.ComposedFieldsRetainOriginalInputAndOperation(text: "Please lowercase the provided scalar 'Ô'.", status: "ready", operation: "lower", key: 212) [< 1 ms]
  Passed CnetControlPlane.Tests.LearningTaskFieldCompositionTests.ComposedFieldsRetainOriginalInputAndOperation(text: "Operation: uppercase; input: the quoted literal 'U"···, status: "abstain", operation: null, key: null) [< 1 ms]
  Passed CnetControlPlane.Tests.LearningTaskBoundRequestTests.BindingCannotCreateAnInputOrDiscardAnotherRole(text: "Input: decimal code point 0x51; could you show its"···, status: "abstain") [< 1 ms]
  Passed CnetControlPlane.Tests.LearningTaskBoundRequestTests.BindingCannotCreateAnInputOrDiscardAnotherRole(text: "Use code point 0x85, in hexadecimal, lowercase it.", status: "abstain") [< 1 ms]
  Passed CnetControlPlane.Tests.LearningTaskBoundRequestTests.BindingCannotCreateAnInputOrDiscardAnotherRole(text: "Could you show its lowercase counterpart?", status: "clarify") [< 1 ms]
  Passed CnetControlPlane.Tests.LearningInventoryTests.InvalidWorkerInventoryRefusesBeforeCreatingCandidate(fault: "public_unit") [< 1 ms]
  Passed CnetControlPlane.Tests.LearningTaskPhraseTests.PhraseComponentsRetainExplicitOperationAndInputRoles(text: "Use uppercase or lowercase on 'k'.", status: "clarify", operation: null, key: null) [< 1 ms]
  Passed CnetControlPlane.Tests.LearningTaskFieldCompositionTests.ComposedFieldsRetainOriginalInputAndOperation(text: "Can the quoted character '¥' be put into lowercase"···, status: "ready", operation: "lower", key: 165) [< 1 ms]
  Passed CnetControlPlane.Tests.LearningTaskBoundRequestTests.BindingCannotCreateAnInputOrDiscardAnotherRole(text: "Input: 'Q'; show its lowercase result to 'P'.", status: "abstain") [< 1 ms]
  Passed CnetControlPlane.Tests.LearningTaskPhraseTests.PhraseComponentsRetainExplicitOperationAndInputRoles(text: "The chosen character is 'a'; lowercase it and dele"···, status: "abstain", operation: null, key: null) [< 1 ms]
  Passed CnetControlPlane.Tests.LearningTaskBoundRequestTests.BindingCannotCreateAnInputOrDiscardAnotherRole(text: "Input: 'Q'; give 'P' its lowercase result.", status: "abstain") [< 1 ms]
  Passed CnetControlPlane.Tests.LearningTaskFieldCompositionTests.ComposedFieldsRetainOriginalInputAndOperation(text: "Use 'h' as input to a lower-case conversion.", status: "ready", operation: "lower", key: 104) [< 1 ms]
  Passed CnetControlPlane.Tests.LearningTaskBoundRequestTests.BindingCannotCreateAnInputOrDiscardAnotherRole(text: "Input: 'Q'; show its lowercase result in hexadecim"···, status: "abstain") [< 1 ms]
  Passed CnetControlPlane.Tests.LearningTaskBoundRequestTests.BindingCannotCreateAnInputOrDiscardAnotherRole(text: "Input: 82; uppercase it and open a file.", status: "abstain") [< 1 ms]
  Passed CnetControlPlane.Tests.LearningInventoryTests.InvalidWorkerInventoryRefusesBeforeCreatingCandidate(fault: "nested_directory") [< 1 ms]
  Passed CnetControlPlane.Tests.LearningSymbolTests.LiveSymbolBoundaryRejectsWrongOrConstantDecoderDespiteCorrectNumericIdentity(fault: "unknown_answered", wrong: 1, missing: 0) [4 ms]
  Passed CnetControlPlane.Tests.LearningTaskBoundRequestTests.BindingCannotCreateAnInputOrDiscardAnotherRole(text: "Input: 'Q'; could it be lowercase?", status: "clarify") [< 1 ms]
  Passed CnetControlPlane.Tests.LearningTaskBoundRequestTests.BindingCannotCreateAnInputOrDiscardAnotherRole(text: "Input: 'Q'; input: 'P'; lowercase it.", status: "abstain") [< 1 ms]
  Passed CnetControlPlane.Tests.LearningTaskFieldCompositionTests.ComposedFieldsRetainOriginalInputAndOperation(text: "I have selected 'Ê' for conversion into small-lett"···, status: "ready", operation: "lower", key: 202) [< 1 ms]
  Passed CnetControlPlane.Tests.LearningInventoryTests.InvalidWorkerInventoryRefusesBeforeCreatingCandidate(fault: "missing_manifest") [< 1 ms]
  Passed CnetControlPlane.Tests.LearningTaskRequestCompositionTests.RequestComponentsBindOnlyExplicitInputAndOperation(text: "What would code point U+00F6 be in upper case?", status: "ready", operation: "upper", key: 246) [2 ms]
  Passed CnetControlPlane.Tests.LearningTaskFieldCompositionTests.ComposedFieldsRetainOriginalInputAndOperation(text: "Please find the small-letter form of Unicode chara"···, status: "ready", operation: "lower", key: 192) [< 1 ms]
  Passed CnetControlPlane.Tests.LearningTaskFieldCompositionTests.ComposedFieldsRetainOriginalInputAndOperation(text: "Switch the letter j to capitals.", status: "ready", operation: "upper", key: 106) [< 1 ms]
  Passed CnetControlPlane.Tests.LearningTaskFieldCompositionTests.ComposedFieldsRetainOriginalInputAndOperation(text: "Convert the one-character input '&' into lower cas"···, status: "ready", operation: "lower", key: 38) [< 1 ms]
  Passed CnetControlPlane.Tests.LearningTaskFieldCompositionTests.ComposedFieldsRetainOriginalInputAndOperation(text: "This request concerns the lowercase form of 'Ø'.", status: "ready", operation: "lower", key: 216) [< 1 ms]
  Passed CnetControlPlane.Tests.LearningTaskRequestCompositionTests.RequestComponentsBindOnlyExplicitInputAndOperation(text: "Uppercase the character specified by hexadecimal c"···, status: "ready", operation: "upper", key: 104) [< 1 ms]
  Passed CnetControlPlane.Tests.LearningTaskRequestCompositionTests.RequestComponentsBindOnlyExplicitInputAndOperation(text: "My input character is 'ñ'; give its capital-letter"···, status: "ready", operation: "upper", key: 241) [10 ms]
  Passed CnetControlPlane.Tests.LearningTaskFieldCompositionTests.ComposedFieldsRetainOriginalInputAndOperation(text: "For 'ð', choose uppercase or lowercase.", status: "clarify", operation: null, key: null) [10 ms]
  Passed CnetControlPlane.Tests.LearningTaskRequestCompositionTests.RequestComponentsBindOnlyExplicitInputAndOperation(text: "Show the literal '8' using lowercase.", status: "ready", operation: "lower", key: 56) [< 1 ms]
  Passed CnetControlPlane.Tests.LearningTaskFieldCompositionTests.ComposedFieldsRetainOriginalInputAndOperation(text: "For this request, the input scalar is 'ã' and the "···, status: "ready", operation: "upper", key: 227) [< 1 ms]
  Passed CnetControlPlane.Tests.LearningTaskPhraseTests.PhraseComponentsRetainExplicitOperationAndInputRoles(text: "Please output the input to uppercase: 'a'.", status: "abstain", operation: null, key: null) [13 ms]
  Passed CnetControlPlane.Tests.LearningTaskRequestCompositionTests.RequestComponentsBindOnlyExplicitInputAndOperation(text: "The chosen operation is uppercase, with 'ç' as the"···, status: "ready", operation: "upper", key: 231) [< 1 ms]
  Passed CnetControlPlane.Tests.LearningTaskFieldCompositionTests.ComposedFieldsRetainOriginalInputAndOperation(text: "The specified input is U+0056, and the operation i"···, status: "ready", operation: "lower", key: 86) [< 1 ms]
  Passed CnetControlPlane.Tests.LearningTaskFieldCompositionTests.ComposedFieldsRetainOriginalInputAndOperation(text: "Input: decimal code point 0x41; operation: lowerca"···, status: "abstain", operation: null, key: null) [< 1 ms]
  Passed CnetControlPlane.Tests.LearningTaskRequestCompositionTests.RequestComponentsBindOnlyExplicitInputAndOperation(text: "For 'a', the requested output format is hexadecima"···, status: "abstain", operation: null, key: null) [< 1 ms]
  Passed CnetControlPlane.Tests.LearningTaskPhraseTests.PhraseComponentsRetainExplicitOperationAndInputRoles(text: "I'd like '9' with uppercase casing.", status: "ready", operation: "upper", key: 57) [< 1 ms]
  Passed CnetControlPlane.Tests.LearningTaskPhraseTests.PhraseComponentsRetainExplicitOperationAndInputRoles(text: "Could '*' be converted to uppercase for me?", status: "ready", operation: "upper", key: 42) [< 1 ms]
  Passed CnetControlPlane.Tests.LearningTaskRequestCompositionTests.RequestComponentsBindOnlyExplicitInputAndOperation(text: "Tell me the capital form associated with 'ä'.", status: "ready", operation: "upper", key: 228) [< 1 ms]
  Passed CnetControlPlane.Tests.LearningTaskRequestCompositionTests.RequestComponentsBindOnlyExplicitInputAndOperation(text: "Please take 'y' as the input character.", status: "clarify", operation: null, key: null) [< 1 ms]
  Passed CnetControlPlane.Tests.LearningTaskRequestCompositionTests.RequestComponentsBindOnlyExplicitInputAndOperation(text: "My input is 232; make it uppercase.", status: "clarify", operation: null, key: null) [< 1 ms]
  Passed CnetControlPlane.Tests.LearningTaskPhraseTests.PhraseComponentsRetainExplicitOperationAndInputRoles(text: "Make the supplied character uppercase: 'm'.", status: "ready", operation: "upper", key: 109) [< 1 ms]
  Passed CnetControlPlane.Tests.LearningTaskPhraseTests.PhraseComponentsRetainExplicitOperationAndInputRoles(text: "Please show '8' to be an uppercase letter.", status: "abstain", operation: null, key: null) [< 1 ms]
  Passed CnetControlPlane.Tests.LearningInventoryTests.SourceReplacementAfterPreflightRefusesBeforeCreation [14 ms]
  Passed CnetControlPlane.Tests.LearningTaskPhraseTests.PhraseComponentsRetainExplicitOperationAndInputRoles(text: "Lowercase is requested for code point 0xC4.", status: "ready", operation: "lower", key: 196) [< 1 ms]
  Passed CnetControlPlane.Tests.LearningTaskPhraseTests.PhraseComponentsRetainExplicitOperationAndInputRoles(text: "Could I see 'Ì' in lowercase?", status: "ready", operation: "lower", key: 204) [< 1 ms]
  Passed CnetControlPlane.Tests.LearningTaskPhraseTests.PhraseComponentsRetainExplicitOperationAndInputRoles(text: "Return a lowercase version of this character: 'M'.", status: "ready", operation: "lower", key: 77) [< 1 ms]
  Passed CnetControlPlane.Tests.LearningTaskPhraseTests.PhraseComponentsRetainExplicitOperationAndInputRoles(text: "Can you provide an uppercase rendition of 'ì'?", status: "ready", operation: "upper", key: 236) [< 1 ms]
  Passed CnetControlPlane.Tests.LearningTaskFieldCompositionTests.ComposedFieldsRetainOriginalInputAndOperation(text: "Input: hexadecimal code point 80; operation: lower"···, status: "abstain", operation: null, key: null) [2 ms]
  Passed CnetControlPlane.Tests.LearningTaskPhraseTests.PhraseComponentsRetainExplicitOperationAndInputRoles(text: "The input is 'z'. Apply uppercase to it.", status: "ready", operation: "upper", key: 122) [< 1 ms]
  Passed CnetControlPlane.Tests.LearningTaskPhraseTests.PhraseComponentsRetainExplicitOperationAndInputRoles(text: "Please give me '÷' uppercased.", status: "ready", operation: "upper", key: 247) [< 1 ms]
  Passed CnetControlPlane.Tests.LearningTaskFieldCompositionTests.ComposedFieldsRetainOriginalInputAndOperation(text: "What lower-case character is associated with 'Ù'?", status: "ready", operation: "lower", key: 217) [< 1 ms]
  Passed CnetControlPlane.Tests.LearningTaskPhraseTests.PhraseComponentsRetainExplicitOperationAndInputRoles(text: "I want 'R' to be lowercase.", status: "ready", operation: "lower", key: 82) [< 1 ms]
  Passed CnetControlPlane.Tests.LearningTaskPhraseTests.PhraseComponentsRetainExplicitOperationAndInputRoles(text: "Please present 'Ü' in uppercase.", status: "ready", operation: "upper", key: 220) [< 1 ms]
  Passed CnetControlPlane.Tests.LearningTaskPhraseTests.PhraseComponentsRetainExplicitOperationAndInputRoles(text: "Show 'R' to be a lowercase character.", status: "abstain", operation: null, key: null) [< 1 ms]
  Passed CnetControlPlane.Tests.LearningTaskPhraseTests.PhraseComponentsRetainExplicitOperationAndInputRoles(text: "Could 'R' be lowercased?", status: "ready", operation: "lower", key: 82) [< 1 ms]
  Passed CnetControlPlane.Tests.LearningTaskFieldCompositionTests.ComposedFieldsRetainOriginalInputAndOperation(text: "Capital form requested for the single character 'þ"···, status: "ready", operation: "upper", key: 254) [< 1 ms]
  Passed CnetControlPlane.Tests.LearningTaskRequestCompositionTests.RequestComponentsBindOnlyExplicitInputAndOperation(text: "For 'í', use the uppercase case conversion.", status: "ready", operation: "upper", key: 237) [2 ms]
  Passed CnetControlPlane.Tests.LearningTaskFieldCompositionTests.ComposedFieldsRetainOriginalInputAndOperation(text: "My single-character input is '='. The operation sh"···, status: "ready", operation: "lower", key: 61) [< 1 ms]
  Passed CnetControlPlane.Tests.LearningTaskFieldCompositionTests.ComposedFieldsRetainOriginalInputAndOperation(text: "For the character 'í', what would uppercase be?", status: "ready", operation: "upper", key: 237) [< 1 ms]
  Passed CnetControlPlane.Tests.LearningSymbolTests.LiveSymbolBoundaryRejectsWrongOrConstantDecoderDespiteCorrectNumericIdentity(fault: "correct", wrong: 0, missing: 0) [17 ms]
  Passed CnetControlPlane.Tests.LearningNativeLedgerTests.DiscardOfRejectedCandidateIsPersistedAndCannotGrantActivation [73 ms]
  Passed CnetControlPlane.Tests.LearningTaskFieldCompositionTests.ComposedFieldsRetainOriginalInputAndOperation(text: "For the input 'Â', apply the lowercase transformat"···, status: "ready", operation: "lower", key: 194) [< 1 ms]
  Passed CnetControlPlane.Tests.LearningTaskFieldCompositionTests.ComposedFieldsRetainOriginalInputAndOperation(text: "Can you turn 'Æ' into its lowercase counterpart?", status: "ready", operation: "lower", key: 198) [< 1 ms]
  Passed CnetControlPlane.Tests.LearningTaskPhraseTests.PhraseComponentsRetainExplicitOperationAndInputRoles(text: "Here is my input: 'Y'. Please lowercase it.", status: "ready", operation: "lower", key: 89) [1 ms]
  Passed CnetControlPlane.Tests.LearningTaskFieldCompositionTests.ComposedFieldsRetainOriginalInputAndOperation(text: "The character whose code point is decimal 182 is t"···, status: "ready", operation: "lower", key: 182) [< 1 ms]
  Passed CnetControlPlane.Tests.LearningTaskPhraseTests.PhraseComponentsRetainExplicitOperationAndInputRoles(text: "Give 'P' in uppercase or lowercase.", status: "clarify", operation: null, key: null) [< 1 ms]
  Passed CnetControlPlane.Tests.LearningTaskFieldCompositionTests.ComposedFieldsRetainOriginalInputAndOperation(text: "Operation: lowercase and input: 'A' and delete a f"···, status: "abstain", operation: null, key: null) [< 1 ms]
  Passed CnetControlPlane.Tests.LearningTaskPhraseTests.PhraseComponentsRetainExplicitOperationAndInputRoles(text: "An uppercase version of 'ô' is what I need.", status: "ready", operation: "upper", key: 244) [< 1 ms]
  Passed CnetControlPlane.Tests.LearningTaskPhraseTests.PhraseComponentsRetainExplicitOperationAndInputRoles(text: "For this task, use the character at code point 0xB"···, status: "clarify", operation: null, key: null) [< 1 ms]
  Passed CnetControlPlane.Tests.LearningTaskFieldCompositionTests.ComposedFieldsRetainOriginalInputAndOperation(text: "Run uppercase on the scalar written U+0076.", status: "ready", operation: "upper", key: 118) [< 1 ms]
  Passed CnetControlPlane.Tests.LearningTaskRequestCompositionTests.RequestComponentsBindOnlyExplicitInputAndOperation(text: "Uppercase is the case I want for 'ë'.", status: "ready", operation: "upper", key: 235) [2 ms]
  Passed CnetControlPlane.Tests.LearningTaskRequestCompositionTests.RequestComponentsBindOnlyExplicitInputAndOperation(text: "Could 'r' be written in all caps?", status: "ready", operation: "upper", key: 114) [< 1 ms]
  Passed CnetControlPlane.Tests.LearningTaskFieldCompositionTests.ComposedFieldsRetainOriginalInputAndOperation(text: "Input: 'a'; operation: uppercase; run a shell.", status: "abstain", operation: null, key: null) [< 1 ms]
  Passed CnetControlPlane.Tests.LearningTaskPhraseTests.PhraseComponentsRetainExplicitOperationAndInputRoles(text: "How would you write 'Ñ' using lowercase?", status: "ready", operation: "lower", key: 209) [< 1 ms]
  Passed CnetControlPlane.Tests.LearningTaskPhraseTests.PhraseComponentsRetainExplicitOperationAndInputRoles(text: "The operation should be uppercase.", status: "clarify", operation: null, key: null) [< 1 ms]
  Passed CnetControlPlane.Tests.LearningTaskFieldCompositionTests.ComposedFieldsRetainOriginalInputAndOperation(text: "The lower-case version of 'Ö' is requested.", status: "ready", operation: "lower", key: 214) [< 1 ms]
  Passed CnetControlPlane.Tests.LearningTaskRequestCompositionTests.RequestComponentsBindOnlyExplicitInputAndOperation(text: "The decimal code point I am supplying is U+0071. U"···, status: "abstain", operation: null, key: null) [< 1 ms]
  Passed CnetControlPlane.Tests.LearningTaskRequestCompositionTests.RequestComponentsBindOnlyExplicitInputAndOperation(text: "The hexadecimal input code point is 80. Lowercase "···, status: "abstain", operation: null, key: null) [< 1 ms]
  Passed CnetControlPlane.Tests.LearningTaskFieldCompositionTests.ComposedFieldsRetainOriginalInputAndOperation(text: "Take 'Å' as the input for lowercase conversion.", status: "ready", operation: "lower", key: 197) [< 1 ms]
  Passed CnetControlPlane.Tests.LearningTaskRequestCompositionTests.RequestComponentsBindOnlyExplicitInputAndOperation(text: "The decimal code point I am supplying is 113. Uppe"···, status: "ready", operation: "upper", key: 113) [< 1 ms]
  Passed CnetControlPlane.Tests.LearningTaskPhraseTests.PhraseComponentsRetainExplicitOperationAndInputRoles(text: "Let 'u' be the input; make that uppercase.", status: "ready", operation: "upper", key: 117) [< 1 ms]
  Passed CnetControlPlane.Tests.LearningTaskFieldCompositionTests.ComposedFieldsRetainOriginalInputAndOperation(text: "Use hexadecimal code point 0x00DC for a lowercase "···, status: "ready", operation: "lower", key: 220) [< 1 ms]
  Passed CnetControlPlane.Tests.LearningTaskFieldCompositionTests.ComposedFieldsRetainOriginalInputAndOperation(text: "My chosen character is 'ê'; I want its capital for"···, status: "ready", operation: "upper", key: 234) [< 1 ms]
  Passed CnetControlPlane.Tests.LearningTaskFieldCompositionTests.ComposedFieldsRetainOriginalInputAndOperation(text: "Uppercase both letters in 'az'.", status: "abstain", operation: null, key: null) [< 1 ms]
  Passed CnetControlPlane.Tests.LearningTaskPhraseTests.PhraseComponentsRetainExplicitOperationAndInputRoles(text: "What would the lowercase version of 'Å' be?", status: "ready", operation: "lower", key: 197) [< 1 ms]
  Passed CnetControlPlane.Tests.LearningTaskFieldCompositionTests.ComposedFieldsRetainOriginalInputAndOperation(text: "My desired operation is lower and my input is deci"···, status: "ready", operation: "lower", key: 215) [< 1 ms]
  Passed CnetControlPlane.Tests.LearningTaskPhraseTests.PhraseComponentsRetainExplicitOperationAndInputRoles(text: "The character I'd like you to work on is '8'.", status: "clarify", operation: null, key: null) [< 1 ms]
  Passed CnetControlPlane.Tests.LearningTaskFieldCompositionTests.ComposedFieldsRetainOriginalInputAndOperation(text: "In lowercase, what is the character 'Í'?", status: "ready", operation: "lower", key: 205) [< 1 ms]
  Passed CnetControlPlane.Tests.LearningTaskFieldCompositionTests.ComposedFieldsRetainOriginalInputAndOperation(text: "The thing to lowercase is 88.", status: "clarify", operation: null, key: null) [< 1 ms]
  Passed CnetControlPlane.Tests.LearningTaskFieldCompositionTests.ComposedFieldsRetainOriginalInputAndOperation(text: "Convert only the quoted scalar '0' into uppercase.", status: "ready", operation: "upper", key: 48) [< 1 ms]
  Passed CnetControlPlane.Tests.LearningTaskPhraseTests.PhraseComponentsRetainExplicitOperationAndInputRoles(text: "I want code point 0xE0 or code point 0xE1 uppercas"···, status: "clarify", operation: null, key: null) [< 1 ms]
  Passed CnetControlPlane.Tests.LearningSymbolTests.LiveSymbolBoundaryRejectsWrongOrConstantDecoderDespiteCorrectNumericIdentity(fault: "constant", wrong: 1, missing: 0) [4 ms]
  Passed CnetControlPlane.Tests.LearningTaskFieldCompositionTests.ComposedFieldsRetainOriginalInputAndOperation(text: "My case operation for U+00D1 is upper/lower.", status: "clarify", operation: null, key: null) [< 1 ms]
  Passed CnetControlPlane.Tests.LearningTaskPhraseTests.PhraseComponentsRetainExplicitOperationAndInputRoles(text: "Please express 'ÿ' in lowercase.", status: "ready", operation: "lower", key: 255) [< 1 ms]
  Passed CnetControlPlane.Tests.LearningTaskFieldCompositionTests.ComposedFieldsRetainOriginalInputAndOperation(text: "For a lower-case conversion, use decimal code poin"···, status: "ready", operation: "lower", key: 222) [< 1 ms]
  Passed CnetControlPlane.Tests.LearningTaskFieldCompositionTests.ComposedFieldsRetainOriginalInputAndOperation(text: "Can you do an uppercase conversion for me?", status: "clarify", operation: null, key: null) [< 1 ms]
  Passed CnetControlPlane.Tests.LearningTaskPhraseTests.PhraseComponentsRetainExplicitOperationAndInputRoles(text: "Could I have the lowercase result?", status: "clarify", operation: null, key: null) [< 1 ms]
  Passed CnetControlPlane.Tests.LearningTaskPhraseTests.PhraseComponentsRetainExplicitOperationAndInputRoles(text: "Could you give 'Ç' in small-letter form?", status: "ready", operation: "lower", key: 199) [< 1 ms]
  Passed CnetControlPlane.Tests.LearningTaskPhraseTests.PhraseComponentsRetainExplicitOperationAndInputRoles(text: "For 'ß', I want uppercase.", status: "ready", operation: "upper", key: 223) [< 1 ms]
  Passed CnetControlPlane.Tests.LearningTaskFieldCompositionTests.ComposedFieldsRetainOriginalInputAndOperation(text: "I am supplying decimal code point 74 as the charac"···, status: "clarify", operation: null, key: null) [< 1 ms]
  Passed CnetControlPlane.Tests.LearningTaskPhraseTests.PhraseComponentsRetainExplicitOperationAndInputRoles(text: "Provide 'w' with lowercase casing.", status: "ready", operation: "lower", key: 119) [< 1 ms]
  Passed CnetControlPlane.Tests.LearningTaskFieldCompositionTests.ComposedFieldsRetainOriginalInputAndOperation(text: "My character is the quoted full stop '.'. Please u"···, status: "ready", operation: "upper", key: 46) [< 1 ms]
  Passed CnetControlPlane.Tests.LearningTaskPhraseTests.PhraseComponentsRetainExplicitOperationAndInputRoles(text: "I need 'Ô' written in lowercase.", status: "ready", operation: "lower", key: 212) [< 1 ms]
  Passed CnetControlPlane.Tests.LearningTaskFieldCompositionTests.ComposedFieldsRetainOriginalInputAndOperation(text: "Operation selected: lower.", status: "clarify", operation: null, key: null) [< 1 ms]
  Passed CnetControlPlane.Tests.LearningTaskPhraseTests.PhraseComponentsRetainExplicitOperationAndInputRoles(text: "I'd like something lowercased.", status: "clarify", operation: null, key: null) [< 1 ms]
  Passed CnetControlPlane.Tests.LearningTaskPhraseTests.PhraseComponentsRetainExplicitOperationAndInputRoles(text: "?", status: "clarify", operation: null, key: null) [< 1 ms]
  Passed CnetControlPlane.Tests.LearningTaskPhraseTests.PhraseComponentsRetainExplicitOperationAndInputRoles(text: "I need the uppercase form of ' '.", status: "ready", operation: "upper", key: 32) [< 1 ms]
  Passed CnetControlPlane.Tests.LearningTaskPhraseTests.PhraseComponentsRetainExplicitOperationAndInputRoles(text: "Give this character in lowercase: U+0000.", status: "abstain", operation: null, key: null) [1 ms]
  Passed CnetControlPlane.Tests.LearningTaskPhraseTests.PhraseComponentsRetainExplicitOperationAndInputRoles(text: "Can '8' be an uppercase letter?", status: "clarify", operation: null, key: null) [< 1 ms]
  Passed CnetControlPlane.Tests.LearningTaskPhraseTests.PhraseComponentsRetainExplicitOperationAndInputRoles(text: "I need the uppercase form of 'a'; run a shell.", status: "abstain", operation: null, key: null) [< 1 ms]
  Passed CnetControlPlane.Tests.LearningSymbolTests.LiveSymbolBoundaryRejectsWrongOrConstantDecoderDespiteCorrectNumericIdentity(fault: "missing", wrong: 0, missing: 2) [5 ms]
  Passed CnetControlPlane.Tests.LearningTaskPhraseTests.PhraseComponentsRetainExplicitOperationAndInputRoles(text: "I'm asking for 'À' to be lowercased.", status: "ready", operation: "lower", key: 192) [< 1 ms]
  Passed CnetControlPlane.Tests.LearningTaskFieldCompositionTests.ComposedFieldsRetainOriginalInputAndOperation(text: "I want uppercase for the Latin1 scalar whose decim"···, status: "ready", operation: "upper", key: 223) [3 ms]
  Passed CnetControlPlane.Tests.LearningTaskPhraseTests.PhraseComponentsRetainExplicitOperationAndInputRoles(text: "Take 'æ' to uppercase.", status: "ready", operation: "upper", key: 230) [< 1 ms]
  Passed CnetControlPlane.Tests.LearningTaskPhraseTests.PhraseComponentsRetainExplicitOperationAndInputRoles(text: "Give the uppercase form for code point 0xA3.", status: "ready", operation: "upper", key: 163) [< 1 ms]
  Passed CnetControlPlane.Tests.LearningTaskPhraseTests.PhraseComponentsRetainExplicitOperationAndInputRoles(text: "Please uppercase 'a' as a decimal code point.", status: "abstain", operation: null, key: null) [< 1 ms]
  Passed CnetControlPlane.Tests.LearningTaskPhraseTests.PhraseComponentsRetainExplicitOperationAndInputRoles(text: "Change the case of 'è' to upper.", status: "ready", operation: "upper", key: 232) [< 1 ms]
  Passed CnetControlPlane.Tests.LearningTaskFieldCompositionTests.ComposedFieldsRetainOriginalInputAndOperation(text: "Choose the small-letter form for 'Ã'.", status: "ready", operation: "lower", key: 195) [< 1 ms]
  Passed CnetControlPlane.Tests.LearningSymbolTests.InvalidVocabularyPolicyCannotAuthorizeSymbolicInput(hash: "\"\"") [1 ms]
  Passed CnetControlPlane.Tests.LearningTaskPhraseTests.PhraseComponentsRetainExplicitOperationAndInputRoles(text: "The letter H should be lowercased.", status: "ready", operation: "lower", key: 72) [< 1 ms]
  Passed CnetControlPlane.Tests.LearningSymbolTests.InvalidVocabularyPolicyCannotAuthorizeSymbolicInput(hash: "42") [< 1 ms]
  Passed CnetControlPlane.Tests.LearningSymbolTests.InvalidVocabularyPolicyCannotAuthorizeSymbolicInput(hash: "\"AAAAAAAAAAAAAAAAAAAAAAAAAAAAAAAAAAAAAAAAAAAAAAAA"···) [< 1 ms]
  Passed CnetControlPlane.Tests.LearningSymbolTests.InvalidVocabularyPolicyCannotAuthorizeSymbolicInput(hash: "null") [< 1 ms]
  Passed CnetControlPlane.Tests.LearningTaskPhraseTests.PhraseComponentsRetainExplicitOperationAndInputRoles(text: "Can the character at decimal code point 165 be low"···, status: "ready", operation: "lower", key: 165) [< 1 ms]
  Passed CnetControlPlane.Tests.LearningTaskFieldCompositionTests.ComposedFieldsRetainOriginalInputAndOperation(text: "The selected input is '$'; uppercase is the reques"···, status: "ready", operation: "upper", key: 36) [1 ms]
  Passed CnetControlPlane.Tests.LearningTaskPhraseTests.PhraseComponentsRetainExplicitOperationAndInputRoles(text: "The letter h needs to be uppercase.", status: "ready", operation: "upper", key: 104) [< 1 ms]
  Passed CnetControlPlane.Tests.LearningTaskFieldCompositionTests.ComposedFieldsRetainOriginalInputAndOperation(text: "Here is '3' for a case operation.", status: "clarify", operation: null, key: null) [< 1 ms]
  Passed CnetControlPlane.Tests.LearningTaskPhraseTests.PhraseComponentsRetainExplicitOperationAndInputRoles(text: "Give this character in lowercase: 'µ'.", status: "ready", operation: "lower", key: 181) [< 1 ms]
  Passed CnetControlPlane.Tests.LearningTaskPhraseTests.PhraseComponentsRetainExplicitOperationAndInputRoles(text: "I want '4' converted to lowercase.", status: "ready", operation: "lower", key: 52) [< 1 ms]
  Passed CnetControlPlane.Tests.LearningTaskFieldCompositionTests.ComposedFieldsRetainOriginalInputAndOperation(text: "My chosen scalar has code point 0x00C5.", status: "clarify", operation: null, key: null) [22 ms]
  Passed CnetControlPlane.Tests.LearningPolicyTests.ConcurrentCallerMutationNeverSeparatesAuthorityFromItsHash [111 ms]
  Passed CnetControlPlane.Tests.LearningTaskFieldCompositionTests.ComposedFieldsRetainOriginalInputAndOperation(text: "The uppercase operation should take 'G' as its inp"···, status: "ready", operation: "upper", key: 71) [< 1 ms]
  Passed CnetControlPlane.Tests.LearningSymbolTests.NumericOnlyReceiptCannotPassAndSourceAndCandidatePinsRemainMandatory [24 ms]
  Passed CnetControlPlane.Tests.LearningTaskFieldCompositionTests.ComposedFieldsRetainOriginalInputAndOperation(text: "My input character is 'Õ' and I need it lowercase.", status: "ready", operation: "lower", key: 213) [< 1 ms]
  Passed CnetControlPlane.Tests.LearningPolicyTests.DisabledPolicyParsesButCannotRun [< 1 ms]
  Passed CnetControlPlane.Tests.LearningTaskPhraseTests.PhraseComponentsRetainExplicitOperationAndInputRoles(text: "Can the character at code point 0xD800 be lowercas"···, status: "abstain", operation: null, key: null) [24 ms]
  Passed CnetControlPlane.Tests.LearningTaskPhraseTests.PhraseComponentsRetainExplicitOperationAndInputRoles(text: "Would you be able to put 'É' into lowercase?", status: "ready", operation: "lower", key: 201) [< 1 ms]
  Passed CnetControlPlane.Tests.LearningRunLedgerTests.MissingPromotionChargeRefusesBeforeClockFailureCanBeCommitted [91 ms]
  Passed CnetControlPlane.Tests.LearningPolicyTests.ValidPolicyPinsExactBytesAndBounds [< 1 ms]
  Passed CnetControlPlane.Tests.LearningSymbolTests.ExplicitVocabularyPolicyAndSourceRetainIndependentEncodedCoverage [< 1 ms]
  Passed CnetControlPlane.Tests.LearningTaskFieldCompositionTests.ComposedFieldsRetainOriginalInputAndOperation(text: "The lowercase input could be 'M' or 'N'.", status: "clarify", operation: null, key: null) [< 1 ms]
  Passed CnetControlPlane.Tests.LearningSymbolTests.MalformedAndVocabularyChangingSourcesRefuse(before: "ALPHA\tfirst label\nBETA\tsecond label\n", after: "BETA\tsecond label\nALPHA\tfirst label\n") [< 1 ms]
  Passed CnetControlPlane.Tests.LearningTaskPhraseTests.PhraseComponentsRetainExplicitOperationAndInputRoles(text: "Let 'P' be the input; show it to be converted to l"···, status: "ready", operation: "lower", key: 80) [< 1 ms]
  Passed CnetControlPlane.Tests.LearningSymbolTests.MalformedAndVocabularyChangingSourcesRefuse(before: "first label", after: "") [< 1 ms]
  Passed CnetControlPlane.Tests.LearningTaskFieldCompositionTests.ComposedFieldsRetainOriginalInputAndOperation(text: "Case conversion: uppercase; code point, hexadecima"···, status: "ready", operation: "upper", key: 252) [< 1 ms]
  Passed CnetControlPlane.Tests.LearningSymbolTests.MalformedAndVocabularyChangingSourcesRefuse(before: "first label", after: "first\tlabel") [< 1 ms]
  Passed CnetControlPlane.Tests.LearningTaskPhraseTests.PhraseComponentsRetainExplicitOperationAndInputRoles(text: "Please lowercase 'M' or 'N', whichever.", status: "clarify", operation: null, key: null) [< 1 ms]
  Passed CnetControlPlane.Tests.LearningPolicyTests.CallerBufferMutationAfterReturnCannotChangeAuthorityOrHash [< 1 ms]
  Passed CnetControlPlane.Tests.LearningSymbolTests.MalformedAndVocabularyChangingSourcesRefuse(before: "rows 2", after: "rows 02") [< 1 ms]
  Passed CnetControlPlane.Tests.LearningSymbolTests.MalformedAndVocabularyChangingSourcesRefuse(before: "BETA\t", after: "ALPHA\t") [< 1 ms]
  Passed CnetControlPlane.Tests.LearningTaskFieldCompositionTests.ComposedFieldsRetainOriginalInputAndOperation(text: "Input: hexadecimal code point 61; operation: upper"···, status: "ready", operation: "upper", key: 97) [< 1 ms]
  Passed CnetControlPlane.Tests.LearningSymbolTests.MalformedAndVocabularyChangingSourcesRefuse(before: "ALPHA", after: "AALPHA") [< 1 ms]
  Passed CnetControlPlane.Tests.LearningSymbolTests.MalformedAndVocabularyChangingSourcesRefuse(before: "CNET_LOCAL_SYMBOLS_V1", after: "CNET_LOCAL_TABLE_V1") [< 1 ms]
  Passed CnetControlPlane.Tests.LearningTaskPhraseTests.PhraseComponentsRetainExplicitOperationAndInputRoles(text: "For this request, the character is 'n'. I want it "···, status: "ready", operation: "upper", key: 110) [< 1 ms]
  Passed CnetControlPlane.Tests.LearningSymbolTests.MalformedAndVocabularyChangingSourcesRefuse(before: "ALPHA\t", after: "ALPH@\t") [< 1 ms]
  Passed CnetControlPlane.Tests.LearningSymbolTests.MalformedAndVocabularyChangingSourcesRefuse(before: "first label", after: "first\rlabel") [< 1 ms]
  Passed CnetControlPlane.Tests.LearningSymbolTests.MalformedAndVocabularyChangingSourcesRefuse(before: "ALPHA\t", after: "ALPHA X\t") [< 1 ms]
  Passed CnetControlPlane.Tests.LearningTaskPhraseTests.PhraseComponentsRetainExplicitOperationAndInputRoles(text: "Please supply 'µ' in uppercase.", status: "ready", operation: "upper", key: 181) [< 1 ms]
  Passed CnetControlPlane.Tests.LearningTaskFieldCompositionTests.ComposedFieldsRetainOriginalInputAndOperation(text: "Please run the lowercase operation on decimal code"···, status: "ready", operation: "lower", key: 90) [< 1 ms]
  Passed CnetControlPlane.Tests.LearningTaskFieldCompositionTests.ComposedFieldsRetainOriginalInputAndOperation(text: "Put W into small letters.", status: "ready", operation: "lower", key: 87) [< 1 ms]
  Passed CnetControlPlane.Tests.LearningTaskPhraseTests.PhraseComponentsRetainExplicitOperationAndInputRoles(text: "What is 'ñ' in uppercase?", status: "ready", operation: "upper", key: 241) [< 1 ms]
  Passed CnetControlPlane.Tests.LearningPolicyTests.DuplicateDatasetsAndUnknownNestedFieldsRefuse [< 1 ms]
  Passed CnetControlPlane.Tests.LearningTaskPhraseTests.PhraseComponentsRetainExplicitOperationAndInputRoles(text: "The chosen character is 'U'; lowercase it.", status: "ready", operation: "lower", key: 85) [< 1 ms]
  Passed CnetControlPlane.Tests.LearningSymbolTests.LabelsCanChangeButVocabularyAndSnapshotCannotDrift [< 1 ms]
  Passed CnetControlPlane.Tests.LearningTaskFieldCompositionTests.ComposedFieldsRetainOriginalInputAndOperation(text: "Apply the uppercase operation to 'õ', please.", status: "ready", operation: "upper", key: 245) [< 1 ms]
  Passed CnetControlPlane.Tests.LearningPolicyTests.MissingOversizedAndInvalidUtf8Refuse [< 1 ms]
  Passed CnetControlPlane.Tests.LearningTaskFieldCompositionTests.ComposedFieldsRetainOriginalInputAndOperation(text: "Here the character is 'Ó', with lower as the chose"···, status: "ready", operation: "lower", key: 211) [< 1 ms]
  Passed CnetControlPlane.Tests.LearningSymbolTests.SymbolicReceiptCannotHideWrongLabelsTokenSelectionOrExtraCoverage(before: "unknown cnet_unknown_0", after: "unknown cnet_unknown_1") [< 1 ms]
  Passed CnetControlPlane.Tests.LearningTaskPhraseTests.PhraseComponentsRetainExplicitOperationAndInputRoles(text: "Let '6' be my input; show that to be an uppercase "···, status: "abstain", operation: null, key: null) [< 1 ms]
  Passed CnetControlPlane.Tests.LearningPolicyTests.PolicyAuthorityCanOnlyBeCreatedByValidatedFactory [< 1 ms]
  Passed CnetControlPlane.Tests.LearningSymbolTests.SymbolicReceiptCannotHideWrongLabelsTokenSelectionOrExtraCoverage(before: "1\t1\t1\n", after: "1\t1\t0\n") [< 1 ms]
  Passed CnetControlPlane.Tests.LearningTaskFieldCompositionTests.ComposedFieldsRetainOriginalInputAndOperation(text: "What uppercase character results from the input sc"···, status: "ready", operation: "upper", key: 233) [< 1 ms]
  Passed CnetControlPlane.Tests.LearningSymbolTests.SymbolicReceiptCannotHideWrongLabelsTokenSelectionOrExtraCoverage(before: "ALPHA\t1", after: "ALPHA\t0") [< 1 ms]
  Passed CnetControlPlane.Tests.LearningTaskFieldCompositionTests.ComposedFieldsRetainOriginalInputAndOperation(text: "Could you apply the lowercase operation to ';'?", status: "ready", operation: "lower", key: 59) [< 1 ms]
  Passed CnetControlPlane.Tests.LearningSymbolTests.SymbolicReceiptCannotHideWrongLabelsTokenSelectionOrExtraCoverage(before: "symbols 2", after: "symbols 02") [< 1 ms]
  Passed CnetControlPlane.Tests.LearningTaskFieldCompositionTests.ComposedFieldsRetainOriginalInputAndOperation(text: "I want the whole phrase 'BONJOUR À TOUS' in lowerc"···, status: "abstain", operation: null, key: null) [< 1 ms]
  Passed CnetControlPlane.Tests.LearningSymbolTests.SymbolicReceiptCannotHideWrongLabelsTokenSelectionOrExtraCoverage(before: "unknown cnet_unknown_0\t0\t-", after: "unknown cnet_unknown_0\t1\tfirst label") [< 1 ms]
  Passed CnetControlPlane.Tests.LearningSymbolTests.SymbolicReceiptCannotHideWrongLabelsTokenSelectionOrExtraCoverage(before: "CNET_SYMBOL_SNAPSHOT_EVAL_V1", after: "CNET_TABLE_SNAPSHOT_EVAL_V1") [< 1 ms]
  Passed CnetControlPlane.Tests.LearningTaskFieldCompositionTests.ComposedFieldsRetainOriginalInputAndOperation(text: "The input for this task is 'ä'.", status: "clarify", operation: null, key: null) [< 1 ms]
  Passed CnetControlPlane.Tests.LearningSymbolTests.SymbolicReceiptCannotHideWrongLabelsTokenSelectionOrExtraCoverage(before: "BETA\t1\tsecond label", after: "BETA\t1\tfirst label") [< 1 ms]
  Passed CnetControlPlane.Tests.LearningSymbolTests.SymbolicReceiptCannotHideWrongLabelsTokenSelectionOrExtraCoverage(before: "first label", after: "second label") [< 1 ms]
  Passed CnetControlPlane.Tests.LearningTaskFieldCompositionTests.ComposedFieldsRetainOriginalInputAndOperation(text: "The conversion I need is lowercasing 'Á'.", status: "ready", operation: "lower", key: 193) [2 ms]
  Passed CnetControlPlane.Tests.LearningTaskFieldCompositionTests.ComposedFieldsRetainOriginalInputAndOperation(text: "The letter I want in capitals is 'ñ'.", status: "ready", operation: "upper", key: 241) [< 1 ms]
  Passed CnetControlPlane.Tests.LearningSymbolTests.All256SymbolsMaximumTokenAndLabelSizesAndUnknownCollisionAreBounded [4 ms]
  Passed CnetControlPlane.Tests.LearningSymbolTests.LiveSymbolVerificationMustNotCertifyNumericOnlyObservations [2 ms]
  Passed CnetControlPlane.Tests.LearningRunLedgerTests.MissingKnownEpochRefusesBeforeAClockFailureCanCommitOverCorruptAccounting [21 ms]
  Passed CnetControlPlane.Tests.LearningControlClientTests.DeadlineRequiresEofWithoutRetryOrOutcomeInference [1 s]
  Passed CnetControlPlane.Tests.LearningControlClientTests.IncrementingOperationsRefuseUInt64MaximumBeforeLaunch(kind: "rollback") [9 ms]
  Passed CnetControlPlane.Tests.LearningExperienceTests.ConcurrentDuplicateAdmissionCreatesOnlyOneNativeAttemptAuthorization [1 s]
  Passed CnetControlPlane.Tests.LearningControlClientTests.IncrementingOperationsRefuseUInt64MaximumBeforeLaunch(kind: "activate") [8 ms]
  Passed CnetControlPlane.Tests.LearningControlClientTests.NonincrementingOperationsAllowUInt64MaximumRevision(kind: "stage") [12 ms]
  Passed CnetControlPlane.Tests.LearningNativeLedgerTests.RefusedPromotionsRemainChargedAcrossRestartAndFullRebootWindow [126 ms]
  Passed CnetControlPlane.Tests.LearningExperienceTests.OutcomesKeepIndependentEvidenceSeparate(source: False, excludes: False, value: null, state: "awaiting_evidence") [20 ms]
  Passed CnetControlPlane.Tests.LearningControlClientTests.NonincrementingOperationsAllowUInt64MaximumRevision(kind: "discard") [20 ms]
  Passed CnetControlPlane.Tests.LearningControlClientTests.UnixSocketBoundCountsUtf8BytesAndNullRuntimeRefuses [3 ms]
  Passed CnetControlPlane.Tests.LearningControlClientTests.MalformedIntentsRefuseBeforeRuntimeAccessOrProcessLaunch [5 ms]
  Passed CnetControlPlane.Tests.LearningQuiescenceTests.PendingActivationWithdrawsBeforeOrReconcilesPublishedThenRollsBack(published: False, missingSource: False) [356 ms]
  Passed CnetControlPlane.Tests.LearningNativeLedgerTests.UnexpectedObservationPersistsPauseEvenWhenBeginThrows [34 ms]
  Passed CnetControlPlane.Tests.LearningExperienceTests.OutcomesKeepIndependentEvidenceSeparate(source: False, excludes: False, value: 42, state: "conflict") [37 ms]
  Passed CnetControlPlane.Tests.LearningControlClientTests.CancellationAfterSendDoesNotBecomeAnOutcomeOrTriggerRetry [15 ms]
  Passed CnetControlPlane.Tests.LearningExperienceTests.OutcomesKeepIndependentEvidenceSeparate(source: True, excludes: False, value: null, state: "miss") [17 ms]
  Passed CnetControlPlane.Tests.LearningControlClientTests.MissingSocketAndModifiedRuntimeAreUnknown [12 ms]
  Passed CnetControlPlane.Tests.LearningExperienceTests.OutcomesKeepIndependentEvidenceSeparate(source: True, excludes: True, value: null, state: "abstain") [20 ms]
  Passed CnetControlPlane.Tests.LearningLedgerTests.CompetingConnectionsShareOneBudgetAndDemandCounter [239 ms]
  Passed CnetControlPlane.Tests.LearningLedgerTests.MissingAndCorruptStateNeverCreateFreshBudget [12 ms]
  Passed CnetControlPlane.Tests.LearningExperienceTests.OutcomesKeepIndependentEvidenceSeparate(source: True, excludes: False, value: 42, state: "verified") [24 ms]
  Passed CnetControlPlane.Tests.LearningExperienceTests.OutcomesKeepIndependentEvidenceSeparate(source: True, excludes: False, value: 43, state: "conflict") [21 ms]
  Passed CnetControlPlane.Tests.LearningAskClientTests.DeadlineRequiresEofEvenAfterACompleteJsonLine(complete: True, symbolic: True) [1 s]
  Passed CnetControlPlane.Tests.LearningExperienceTests.InboxIsReadOnlyAndCursorBounded [22 ms]
  Passed CnetControlPlane.Tests.LearningInventoryTests.AggregateAndUnitCountPreflightHappensBeforeAnyOutput [278 ms]
  Passed CnetControlPlane.Tests.LearningInventoryTests.InjectedInterruptionAtNamedBoundaryIsNotReportedAsCommitted(interrupted: 2) [6 ms]
  Passed CnetControlPlane.Tests.LearningInventoryTests.InjectedInterruptionAtNamedBoundaryIsNotReportedAsCommitted(interrupted: 1) [3 ms]
  Passed CnetControlPlane.Tests.LearningInventoryTests.CopyLimitMustBeBoundedPositiveOwnerInput(limit: -1) [1 ms]
  Passed CnetControlPlane.Tests.LearningInventoryTests.CopyLimitMustBeBoundedPositiveOwnerInput(limit: 0) [< 1 ms]
  Passed CnetControlPlane.Tests.LearningInventoryTests.CopyLimitMustBeBoundedPositiveOwnerInput(limit: 4294967297) [< 1 ms]
  Passed CnetControlPlane.Tests.LearningExperienceTests.PauseBlocksNewObservationAndApprovalButCanRetainACompletedReply [18 ms]
  Passed CnetControlPlane.Tests.LearningInventoryTests.UnusableCombinedCandidatePathRefusesBeforeCreation(multibyte: True) [7 ms]
  Passed CnetControlPlane.Tests.LearningInventoryTests.UnusableCombinedCandidatePathRefusesBeforeCreation(multibyte: False) [3 ms]
  Passed CnetControlPlane.Tests.LearningExperienceTests.DetectableSourceDriftStillPausesWhenNativeOutcomeIsUnknown [20 ms]
  Passed CnetControlPlane.Tests.LearningInventoryTests.EmptyExistingActiveAndExactLimitsAreAccepted [14 ms]
  Passed CnetControlPlane.Tests.LearningInventoryTests.ExistingSetUnitCollisionAndRootOverlapNeverOverwriteInputs [4 ms]
  Passed CnetControlPlane.Tests.LearningInventoryTests.CopyPreservesEveryIncumbentAndAppendsOpaqueWorkerBytes [10 ms]
  Passed CnetControlPlane.Tests.LearningInventoryTests.MissingActiveUnknownActiveAndReadonlyOutputRefuse [1 ms]
  Passed CnetControlPlane.Tests.LearningInventoryTests.NativePerArtifactLimitsArePreservedWithoutReadingOversizeBytes(name: "manifest.cknow", length: 16777217) [< 1 ms]
  Passed CnetControlPlane.Tests.LearningInventoryTests.NativePerArtifactLimitsArePreservedWithoutReadingOversizeBytes(name: "frontend.cvfa", length: 16777217) [< 1 ms]
  Passed CnetControlPlane.Tests.LearningInventoryTests.NativePerArtifactLimitsArePreservedWithoutReadingOversizeBytes(name: "unit.cnb", length: 67108865) [< 1 ms]
  Passed CnetControlPlane.Tests.LearningInventoryTests.CopyStreamsAcrossMultiple64KiBChunks [3 ms]
  Passed CnetControlPlane.Tests.LearningInventoryTests.EarlierSourceMutationAfterFirstCopyRetainsPartialCandidateAndRefuses [5 ms]
  Passed CnetControlPlane.Tests.LearningInventoryTests.OutputRootReplacementAtFinalSyncBoundaryMustRefuseWithoutRedirectingWrites [8 ms]
  Passed CnetControlPlane.Tests.LearningInventoryTests.OutputFileMutationAtFinalBoundaryMustRefuse [5 ms]
  Passed CnetControlPlane.Tests.LearningExperienceTests.GapReportKeepsSourceVersionsApprovalsAndUncertaintySeparate [69 ms]
  Passed CnetControlPlane.Tests.LearningQuiescenceTests.PendingStageAndRollbackRecoverExactRequestsWithoutStartingNewWork(state: "rollback_pending", published: False) [231 ms]
  Passed CnetControlPlane.Tests.LearningExperienceTests.ApprovalSourceDriftPausesButWrongOperatorHashDoesNot [16 ms]
  Passed CnetControlPlane.Tests.LearningExperienceTests.OriginalRunAdmissionCannotBeRenewedByObservationOrApproval(condition: "heartbeat") [19 ms]
  Passed CnetControlPlane.Tests.LearningExperienceTests.OriginalRunAdmissionCannotBeRenewedByObservationOrApproval(condition: "reboot") [16 ms]
  Passed CnetControlPlane.Tests.LearningExperienceTests.OriginalRunAdmissionCannotBeRenewedByObservationOrApproval(condition: "expiry") [20 ms]
  Passed CnetControlPlane.Tests.LearningExperienceTests.OriginalRunAdmissionCannotBeRenewedByObservationOrApproval(condition: "stop") [18 ms]
  Passed CnetControlPlane.Tests.LearningExperienceTests.NumericObservationOfSymbolicDatasetRefusesWithoutPausing [14 ms]
  Passed CnetControlPlane.Tests.LearningExperienceTests.ApprovalCannotAuthorizeAReplacementSourceAndNeverUsesTheObservedValue [32 ms]
  Passed CnetControlPlane.Tests.LearningExperienceTests.ChangedApprovedSourceIsAValidRunTickOutcome [13 ms]
  Passed CnetControlPlane.Tests.LearningQuiescenceTests.PendingStageAndRollbackRecoverExactRequestsWithoutStartingNewWork(state: "stage_pending", published: False) [164 ms]
  Passed CnetControlPlane.Tests.LearningExperienceTests.ExactTraceValidatesBatchAndKeepsPendingAndMissingIdsInRequestedOrder [18 ms]
  Passed CnetControlPlane.Tests.LearningExperienceTests.CrossBootReplyIsUnknownDespiteMatchingExpectedValue [12 ms]
  Passed CnetControlPlane.Tests.LearningAcquisitionTests.ManagedDemandPromotesProbatesRefreshesAndRollsBackActualResidentCapsules [1 s]
  Passed CnetControlPlane.Tests.LearningExperienceTests.CapacityRefusesNewIdentityWithoutEvictingPendingTombstones [66 ms]
  Passed CnetControlPlane.Tests.LearningExperienceTests.AdmissionRetainsInstallationWideCompletionAndApprovalHeadroom [7 ms]
  Passed CnetControlPlane.Tests.LearningAcquisitionTests.PrecancelledAcquisitionHasNoOutputSideEffect [16 ms]
  Passed CnetControlPlane.Tests.LearningExperienceTests.ApprovalRequiresPresentCoveringEvidenceAndCanonicalIdentities [12 ms]
  Passed CnetControlPlane.Tests.LearningExperienceTests.PendingAndUnknownAreNeverReplayableOrApprovable [10 ms]
  Passed CnetControlPlane.Tests.LearningAcquisitionTests.ChangedSourceAfterPreparationCannotProduceAnEvaluationReceipt [74 ms]
  Passed CnetControlPlane.Tests.LearningQuiescenceTests.PendingStageAndRollbackRecoverExactRequestsWithoutStartingNewWork(state: "discard_pending", published: True) [201 ms]
  Passed CnetControlPlane.Tests.LearningChildTests.TimeoutAndOverflowKillAndReapTheDirectChild(overflow: False) [1 s]
  Passed CnetControlPlane.Tests.LearningAcquisitionTests.StalePendingActivationNeverPublishesIfStillBeforeButReconcilesIfAlreadyPublished(alreadyPublished: False) [218 ms]
  Passed CnetControlPlane.Tests.LearningChildTests.TimeoutAndOverflowKillAndReapTheDirectChild(overflow: True) [11 ms]
  Passed CnetControlPlane.Tests.LearningChildTests.StderrOverflowAlsoRefuses [6 ms]
  Passed CnetControlPlane.Tests.LearningQuiescenceTests.PendingStageAndRollbackRecoverExactRequestsWithoutStartingNewWork(state: "rollback_pending", published: True) [209 ms]
  Passed CnetControlPlane.Tests.LearningSymbolTests.SymbolicProbeSharesTheOverallDeadlineAndSourceFence [1 s]
  Passed CnetControlPlane.Tests.LearningSymbolTests.StagedEvaluationRequiresActualSymbolObservations [< 1 ms]
  Passed CnetControlPlane.Tests.LearningSymbolTests.NumericPolicyDoesNotImplicitlyAuthorizeSymbolicSources [< 1 ms]
  Passed CnetControlPlane.Tests.LearningQuiescenceTests.PendingStageAndRollbackRecoverExactRequestsWithoutStartingNewWork(state: "stage_pending", published: True) [180 ms]
  Passed CnetControlPlane.Tests.LearningAcquisitionTests.StalePendingActivationNeverPublishesIfStillBeforeButReconcilesIfAlreadyPublished(alreadyPublished: True) [268 ms]
  Passed CnetControlPlane.Tests.LearningAcquisitionTests.ConservativeWorkerHeadroomRefusesBeforeLaunchingOrWriting [14 ms]
  Passed CnetControlPlane.Tests.LearningAskClientTests.DeadlineRequiresEofEvenAfterACompleteJsonLine(complete: False, symbolic: False) [1 s]
  Passed CnetControlPlane.Tests.LearningAcquisitionTests.ReusingAChargedJobNeverOverwritesItsArtifacts [121 ms]
  Passed CnetControlPlane.Tests.LearningAcquisitionTests.StaleReservedSourceRefusesBeforeCreatingAJobDirectory [27 ms]
  Passed CnetControlPlane.Tests.LearningQuiescenceTests.PendingStageAndRollbackRecoverExactRequestsWithoutStartingNewWork(state: "discard_pending", published: False) [263 ms]
  Passed CnetControlPlane.Tests.LearningQuiescenceTests.SettledQuiescenceDoesNotReserveDemandOrChangePause(paused: False) [138 ms]
  Passed CnetControlPlane.Tests.LearningQuiescenceTests.SettledQuiescenceDoesNotReserveDemandOrChangePause(paused: True) [91 ms]
  Passed CnetControlPlane.Tests.LearningQuiescenceTests.WithdrawalReasonRefusesUnknownValuesWithoutChangingIntentOrCharge(reason: "OWNER_STOPPED") [199 ms]
  Passed CnetControlPlane.Tests.LearningAcquisitionTests.KnownFailedProbeSurvivesSubsequentControlFailureOrCancellation(cancelled: False, symbolic: True) [617 ms]
  Passed CnetControlPlane.Tests.LearningQuiescenceTests.WithdrawalReasonRefusesUnknownValuesWithoutChangingIntentOrCharge(reason: "") [199 ms]
  Passed CnetControlPlane.Tests.LearningQuiescenceTests.WithdrawalReasonRefusesUnknownValuesWithoutChangingIntentOrCharge(reason: "owner_stopped\n") [221 ms]
  Passed CnetControlPlane.Tests.LearningAskClientTests.DeadlineRequiresEofEvenAfterACompleteJsonLine(complete: True, symbolic: False) [1 s]
  Passed CnetControlPlane.Tests.LearningRunCancellationTests.ClockConstructorFailureCancelsWorkAndReturnsAClassifiedOutcome(kind: "access") [2 ms]
  Passed CnetControlPlane.Tests.LearningRunCancellationTests.ClockConstructorFailureCancelsWorkAndReturnsAClassifiedOutcome(kind: "invalid") [< 1 ms]
  Passed CnetControlPlane.Tests.LearningRunCancellationTests.ClockConstructorFailureCancelsWorkAndReturnsAClassifiedOutcome(kind: "io") [< 1 ms]
  Passed CnetControlPlane.Tests.LearningQuiescenceTests.WithdrawalReasonRefusesUnknownValuesWithoutChangingIntentOrCharge(reason: "injected") [144 ms]
  Passed CnetControlPlane.Tests.LearningAcquisitionTests.KnownFailedProbeSurvivesSubsequentControlFailureOrCancellation(cancelled: False, symbolic: False) [444 ms]
{"event":"learning_task","correlation_id":"00000000000000000000000000000000","proposal":{"Status":"abstain","Code":"dataset_not_authorized","Dataset":null,"Key":null,"Prompt":null},"replayed":false,"experience":null}
{"event":"learning_task","correlation_id":"00000000000000000000000000000000","proposal":{"Status":"ready","Code":"typed_case_change","Dataset":"unicode17_upper_latin1","Key":181,"Prompt":null},"replayed":false,"experience":{"Sequence":1,"RequestId":"bbbbbbbbbbbbbbbbbbbbbbbbbbbbbbbb","Dataset":"unicode17_upper_latin1","Key":181,"Origin":"synthetic","Boot":"31c61efa-181f-4239-9b95-67a7e268ee83","StartedNanoseconds":971494891626270,"FinishedBoot":"31c61efa-181f-4239-9b95-67a7e268ee83","FinishedNanoseconds":971494895960955,"State":"awaiting_evidence","SourceSha256":null,"Expected":null,"Value":null,"ApprovedSourceSha256":null,"ApprovedExpected":null,"ApprovedBoot":null,"ApprovedNanoseconds":null,"ReviewConflict":false}}
{"event":"learning_task","correlation_id":"00000000000000000000000000000000","proposal":{"Status":"abstain","Code":"dataset_not_authorized","Dataset":null,"Key":null,"Prompt":null},"replayed":false,"experience":null}
{"event":"learning_task","correlation_id":"00000000000000000000000000000000","proposal":{"Status":"clarify","Code":"specify_case_input","Dataset":null,"Key":null,"Prompt":"Specify uppercase or lowercase and one quoted Latin-1 character, or an explicit codepoint (for example U\u002B00B5)."},"replayed":false,"experience":null}
{"event":"learning_task","correlation_id":"00000000000000000000000000000000","proposal":{"Status":"ready","Code":"typed_case_change","Dataset":"unicode17_upper_latin1","Key":181,"Prompt":null},"replayed":false,"experience":{"Sequence":1,"RequestId":"cccccccccccccccccccccccccccccccc","Dataset":"unicode17_upper_latin1","Key":181,"Origin":"synthetic","Boot":"31c61efa-181f-4239-9b95-67a7e268ee83","StartedNanoseconds":971495068636628,"FinishedBoot":"31c61efa-181f-4239-9b95-67a7e268ee83","FinishedNanoseconds":971495072573927,"State":"unknown","SourceSha256":null,"Expected":null,"Value":null,"ApprovedSourceSha256":null,"ApprovedExpected":null,"ApprovedBoot":null,"ApprovedNanoseconds":null,"ReviewConflict":false}}
{"event":"learning_task","correlation_id":"00000000000000000000000000000000","proposal":{"Status":"ready","Code":"typed_case_change","Dataset":"unicode17_upper_latin1","Key":181,"Prompt":null},"replayed":true,"experience":{"Sequence":1,"RequestId":"cccccccccccccccccccccccccccccccc","Dataset":"unicode17_upper_latin1","Key":181,"Origin":"synthetic","Boot":"31c61efa-181f-4239-9b95-67a7e268ee83","StartedNanoseconds":971495068636628,"FinishedBoot":"31c61efa-181f-4239-9b95-67a7e268ee83","FinishedNanoseconds":971495072573927,"State":"unknown","SourceSha256":null,"Expected":null,"Value":null,"ApprovedSourceSha256":null,"ApprovedExpected":null,"ApprovedBoot":null,"ApprovedNanoseconds":null,"ReviewConflict":false}}
{"event":"learning_task","correlation_id":"00000000000000000000000000000000","proposal":{"Status":"ready","Code":"typed_case_change","Dataset":"unicode17_upper_latin1","Key":181,"Prompt":null},"replayed":false,"experience":{"Sequence":2,"RequestId":"dddddddddddddddddddddddddddddddd","Dataset":"unicode17_upper_latin1","Key":181,"Origin":"synthetic","Boot":"31c61efa-181f-4239-9b95-67a7e268ee83","StartedNanoseconds":971495102154758,"FinishedBoot":"31c61efa-181f-4239-9b95-67a7e268ee83","FinishedNanoseconds":971495107748826,"State":"awaiting_evidence","SourceSha256":null,"Expected":null,"Value":null,"ApprovedSourceSha256":null,"ApprovedExpected":null,"ApprovedBoot":null,"ApprovedNanoseconds":null,"ReviewConflict":false}}
  Passed CnetControlPlane.Tests.LearningTaskExecutionTests.ConstituentProposalStillRequiresPolicyAndExternalEvidence [221 ms]
  Passed CnetControlPlane.Tests.LearningQuiescenceTests.CancellationAfterStopDecisionKeepsRollbackDutyAcrossRestart(pendingPublished: True) [217 ms]
  Passed CnetControlPlane.Tests.LearningCommandTests.MissingInitializedPinCannotBeRecreatedByStatus(table: "runtime_binding") [258 ms]
  Passed CnetControlPlane.Tests.LearningTaskExecutionTests.InProcessExecutorPreservesPolicyDeduplicationAndUnknownTransportBoundaries [209 ms]
  Passed CnetControlPlane.Tests.LearningAcquisitionTests.KnownFailedProbeSurvivesSubsequentControlFailureOrCancellation(cancelled: True, symbolic: True) [328 ms]
  Passed CnetControlPlane.Tests.LearningImportTests.UnapprovedOrUnsafeEvidenceRefusesBeforePublication(fault: "hardlink") [424 ms]
  Passed CnetControlPlane.Tests.LearningQuiescenceTests.CancellationAfterStopDecisionKeepsRollbackDutyAcrossRestart(pendingPublished: False) [175 ms]
  Passed CnetControlPlane.Tests.LearningQuiescenceTests.UnpublishedOutstandingWorkTerminatesWithoutActivation(state: "reserved") [62 ms]
  Passed CnetControlPlane.Tests.LearningCommandTests.MissingInitializedPinCannotBeRecreatedByStatus(table: "managed_binding") [267 ms]
  Passed CnetControlPlane.Tests.LearningImportDurabilityTests.FailedDirectorySyncAfterRenameRefusesRetainsExactEvidenceAndReleasesLocks [776 ms]
  Passed CnetControlPlane.Tests.LearningQuiescenceTests.UnpublishedOutstandingWorkTerminatesWithoutActivation(state: "evaluated") [125 ms]
  Passed CnetControlPlane.Tests.LearningAcquisitionTests.KnownFailedProbeSurvivesSubsequentControlFailureOrCancellation(cancelled: True, symbolic: False) [308 ms]
  Passed CnetControlPlane.Tests.LearningQuiescenceTests.UnpublishedOutstandingWorkTerminatesWithoutActivation(state: "staged") [116 ms]
  Passed CnetControlPlane.Tests.LearningImportTests.UnapprovedOrUnsafeEvidenceRefusesBeforePublication(fault: "relative") [388 ms]
  Passed CnetControlPlane.Tests.LearningQuiescenceTests.MissingControlRetainsPendingIntentUntilExplicitSuccessfulRetry [128 ms]
  Passed CnetControlPlane.Tests.LearningGapCommandTests.GroupsRecurringMissesWithoutMixingOriginsOrWritingTheLedger [1 s]
  Passed CnetControlPlane.Tests.LearningAskClientTests.DeadlineRequiresEofEvenAfterACompleteJsonLine(complete: False, symbolic: True) [1 s]
  Passed CnetControlPlane.Tests.LearningAskClientTests.ExactByteCapAndIgnoredStrictDiagnosticsAreAccepted(symbolic: True) [2 ms]
  Passed CnetControlPlane.Tests.LearningAskClientTests.ExactByteCapAndIgnoredStrictDiagnosticsAreAccepted(symbolic: False) [1 ms]
  Passed CnetControlPlane.Tests.LearningAskClientTests.MissingSocketDisposedClientAndUnsafeParentFailClosed(symbolic: True) [1 ms]
  Passed CnetControlPlane.Tests.LearningAskClientTests.MissingSocketDisposedClientAndUnsafeParentFailClosed(symbolic: False) [< 1 ms]
  Passed CnetControlPlane.Tests.LearningCommandTests.QuiesceCannotPauseOrStopAnotherActiveOwnerBeforeAcquiringItsLock [387 ms]
  Passed CnetControlPlane.Tests.LearningAcquisitionTests.RestartDuringProbationDoesNotResetMissedProbeGap [258 ms]
  Passed CnetControlPlane.Tests.LearningAskClientTests.ActualPrivateDaemonReportsZeroCoveredValueAndUncoveredAbstention [30 ms]
  Passed CnetControlPlane.Tests.LearningAskClientTests.InvalidDatasetNeverReachesSocket(id: "Stock_levels", authority: "verified_tool") [1 ms]
  Passed CnetControlPlane.Tests.LearningAskClientTests.InvalidDatasetNeverReachesSocket(id: "stock_levels", authority: "self_answer") [1 ms]
  Passed CnetControlPlane.Tests.LearningAskClientTests.InvalidDatasetNeverReachesSocket(id: "../stock_levels", authority: "verified_tool") [< 1 ms]
  Passed CnetControlPlane.Tests.LearningAskClientTests.InvalidDatasetNeverReachesSocket(id: "stock_levels\nQUIT", authority: "verified_tool") [< 1 ms]
  Passed CnetControlPlane.Tests.LearningAskClientTests.OwnerPeerReturnsOnlyNumericValueOrAbstention(verified: True, answer: "0") [1 ms]
  Passed CnetControlPlane.Tests.LearningAskClientTests.OwnerPeerReturnsOnlyNumericValueOrAbstention(verified: True, answer: "65535") [< 1 ms]
  Passed CnetControlPlane.Tests.LearningAskClientTests.OwnerPeerReturnsOnlyNumericValueOrAbstention(verified: False, answer: "ABSTAIN: no_covered_certified_plan") [< 1 ms]
  Passed CnetControlPlane.Tests.LearningAskClientTests.SymbolParserAcceptsExactLabelBoundAndRetainsAnImmutableCopy [< 1 ms]
  Passed CnetControlPlane.Tests.LearningAskClientTests.RetainedParentRejectsRenameReplacement(symbolic: False) [1 ms]
  Passed CnetControlPlane.Tests.LearningAskClientTests.RetainedParentRejectsRenameReplacement(symbolic: True) [< 1 ms]
  Passed CnetControlPlane.Tests.LearningAskClientTests.InvalidSymbolInputsRefuseBeforeConnecting(dataset: LearningDataset { Id = stock_labels, Authority = verified_tool, SymbolVocabularySha256 = aaaaaaaaaaaaaaaaaaaaaaaaaaaaaaaaaaaaaaaaaaaaaaaaaaaaaaaaaaaaaaaa }, token: null, message: "learning_ask_symbol") [< 1 ms]
  Passed CnetControlPlane.Tests.LearningAskClientTests.InvalidSymbolInputsRefuseBeforeConnecting(dataset: LearningDataset { Id = stock_labels, Authority = verified_tool, SymbolVocabularySha256 = aaaaaaaaaaaaaaaaaaaaaaaaaaaaaaaaaaaaaaaaaaaaaaaaaaaaaaaaaaaaaaaa }, token: "", message: "learning_ask_symbol") [< 1 ms]
  Passed CnetControlPlane.Tests.LearningAskClientTests.InvalidSymbolInputsRefuseBeforeConnecting(dataset: LearningDataset { Id = stock_labels, Authority = verified_tool, SymbolVocabularySha256 = aaaaaaaaaaaaaaaaaaaaaaaaaaaaaaaaaaaaaaaaaaaaaaaaaaaaaaaaaaaaaaaa }, token: "AAAAAAAAAAAAAAAAAAAAAAAAAAAAAAAAAAAAAAAAAAAAAAAAA", message: "learning_ask_symbol") [< 1 ms]
  Passed CnetControlPlane.Tests.LearningAskClientTests.InvalidSymbolInputsRefuseBeforeConnecting(dataset: LearningDataset { Id = stock_labels, Authority = verified_tool, SymbolVocabularySha256 = aaaaaaaaaaaaaaaaaaaaaaaaaaaaaaaaaaaaaaaaaaaaaaaaaaaaaaaaaaaaaaaa }, token: "A B", message: "learning_ask_symbol") [< 1 ms]
  Passed CnetControlPlane.Tests.LearningAskClientTests.InvalidSymbolInputsRefuseBeforeConnecting(dataset: LearningDataset { Id = stock_labels, Authority = verified_tool, SymbolVocabularySha256 = aaaaaaaaaaaaaaaaaaaaaaaaaaaaaaaaaaaaaaaaaaaaaaaaaaaaaaaaaaaaaaaa }, token: "A\nQUIT", message: "learning_ask_symbol") [< 1 ms]
  Passed CnetControlPlane.Tests.LearningAskClientTests.InvalidSymbolInputsRefuseBeforeConnecting(dataset: LearningDataset { Id = stock_labels, Authority = verified_tool, SymbolVocabularySha256 = aaaaaaaaaaaaaaaaaaaaaaaaaaaaaaaaaaaaaaaaaaaaaaaaaaaaaaaaaaaaaaaa }, token: "A\r", message: "learning_ask_symbol") [< 1 ms]
  Passed CnetControlPlane.Tests.LearningQuiescenceTests.DifferentNativeActivationTokenFreezesWithoutClaimingSettled [129 ms]
  Passed CnetControlPlane.Tests.LearningAskClientTests.InvalidSymbolInputsRefuseBeforeConnecting(dataset: LearningDataset { Id = stock_labels, Authority = verified_tool, SymbolVocabularySha256 = aaaaaaaaaaaaaaaaaaaaaaaaaaaaaaaaaaaaaaaaaaaaaaaaaaaaaaaaaaaaaaaa }, token: "A\t", message: "learning_ask_symbol") [< 1 ms]
  Passed CnetControlPlane.Tests.LearningAskClientTests.InvalidSymbolInputsRefuseBeforeConnecting(dataset: LearningDataset { Id = stock_labels, Authority = verified_tool, SymbolVocabularySha256 = aaaaaaaaaaaaaaaaaaaaaaaaaaaaaaaaaaaaaaaaaaaaaaaaaaaaaaaaaaaaaaaa }, token: "A\0", message: "learning_ask_symbol") [< 1 ms]
  Passed CnetControlPlane.Tests.LearningAskClientTests.InvalidSymbolInputsRefuseBeforeConnecting(dataset: LearningDataset { Id = stock_labels, Authority = verified_tool, SymbolVocabularySha256 = aaaaaaaaaaaaaaaaaaaaaaaaaaaaaaaaaaaaaaaaaaaaaaaaaaaaaaaaaaaaaaaa }, token: "\"", message: "learning_ask_symbol") [< 1 ms]
  Passed CnetControlPlane.Tests.LearningAskClientTests.InvalidSymbolInputsRefuseBeforeConnecting(dataset: LearningDataset { Id = stock_labels, Authority = verified_tool, SymbolVocabularySha256 = aaaaaaaaaaaaaaaaaaaaaaaaaaaaaaaaaaaaaaaaaaaaaaaaaaaaaaaaaaaaaaaa }, token: "\\", message: "learning_ask_symbol") [< 1 ms]
  Passed CnetControlPlane.Tests.LearningAskClientTests.InvalidSymbolInputsRefuseBeforeConnecting(dataset: LearningDataset { Id = stock_labels, Authority = verified_tool, SymbolVocabularySha256 = aaaaaaaaaaaaaaaaaaaaaaaaaaaaaaaaaaaaaaaaaaaaaaaaaaaaaaaaaaaaaaaa }, token: "é", message: "learning_ask_symbol") [< 1 ms]
  Passed CnetControlPlane.Tests.LearningAskClientTests.InvalidSymbolInputsRefuseBeforeConnecting(dataset: LearningDataset { Id = stock_labels, Authority = verified_tool, SymbolVocabularySha256 = aaaaaaaaaaaaaaaaaaaaaaaaaaaaaaaaaaaaaaaaaaaaaaaaaaaaaaaaaaaaaaaa }, token: "$(id)", message: "learning_ask_symbol") [< 1 ms]
  Passed CnetControlPlane.Tests.LearningAskClientTests.InvalidSymbolInputsRefuseBeforeConnecting(dataset: LearningDataset { Id = stock_labels, Authority = verified_tool, SymbolVocabularySha256 = aaaaaaaaaaaaaaaaaaaaaaaaaaaaaaaaaaaaaaaaaaaaaaaaaaaaaaaaaaaaaaaa }, token: "a/b", message: "learning_ask_symbol") [< 1 ms]
  Passed CnetControlPlane.Tests.LearningAskClientTests.InvalidSymbolInputsRefuseBeforeConnecting(dataset: LearningDataset { Id = stock_labels, Authority = verified_tool, SymbolVocabularySha256 =  }, token: "ALPHA", message: "learning_ask_dataset") [< 1 ms]
  Passed CnetControlPlane.Tests.LearningAskClientTests.InvalidSymbolInputsRefuseBeforeConnecting(dataset: LearningDataset { Id = stock_labels, Authority = verified_tool, SymbolVocabularySha256 =  }, token: "ALPHA", message: "learning_ask_dataset") [< 1 ms]
  Passed CnetControlPlane.Tests.LearningAskClientTests.InvalidSymbolInputsRefuseBeforeConnecting(dataset: LearningDataset { Id = stock_labels, Authority = verified_tool, SymbolVocabularySha256 = aaaaaaaaaaaaaaaaaaaaaaaaaaaaaaaaaaaaaaaaaaaaaaaaaaaaaaaaaaaaaaa }, token: "ALPHA", message: "learning_ask_dataset") [< 1 ms]
  Passed CnetControlPlane.Tests.LearningAskClientTests.InvalidSymbolInputsRefuseBeforeConnecting(dataset: LearningDataset { Id = stock_labels, Authority = verified_tool, SymbolVocabularySha256 = aaaaaaaaaaaaaaaaaaaaaaaaaaaaaaaaaaaaaaaaaaaaaaaaaaaaaaaaaaaaaaaaa }, token: "ALPHA", message: "learning_ask_dataset") [< 1 ms]
  Passed CnetControlPlane.Tests.LearningAskClientTests.InvalidSymbolInputsRefuseBeforeConnecting(dataset: LearningDataset { Id = stock_labels, Authority = verified_tool, SymbolVocabularySha256 = AAAAAAAAAAAAAAAAAAAAAAAAAAAAAAAAAAAAAAAAAAAAAAAAAAAAAAAAAAAAAAAA }, token: "ALPHA", message: "learning_ask_dataset") [< 1 ms]
  Passed CnetControlPlane.Tests.LearningAskClientTests.InvalidSymbolInputsRefuseBeforeConnecting(dataset: LearningDataset { Id = stock_labels, Authority = verified_tool, SymbolVocabularySha256 = gggggggggggggggggggggggggggggggggggggggggggggggggggggggggggggggg }, token: "ALPHA", message: "learning_ask_dataset") [< 1 ms]
  Passed CnetControlPlane.Tests.LearningAskClientTests.InvalidSymbolInputsRefuseBeforeConnecting(dataset: null, token: "ALPHA", message: "learning_ask_dataset") [< 1 ms]
  Passed CnetControlPlane.Tests.LearningAskClientTests.InvalidSymbolInputsRefuseBeforeConnecting(dataset: LearningDataset { Id = ../stock_labels, Authority = verified_tool, SymbolVocabularySha256 = aaaaaaaaaaaaaaaaaaaaaaaaaaaaaaaaaaaaaaaaaaaaaaaaaaaaaaaaaaaaaaaa }, token: "ALPHA", message: "learning_ask_dataset") [< 1 ms]
  Passed CnetControlPlane.Tests.LearningAskClientTests.InvalidSymbolInputsRefuseBeforeConnecting(dataset: LearningDataset { Id = Stock_labels, Authority = verified_tool, SymbolVocabularySha256 = aaaaaaaaaaaaaaaaaaaaaaaaaaaaaaaaaaaaaaaaaaaaaaaaaaaaaaaaaaaaaaaa }, token: "ALPHA", message: "learning_ask_dataset") [< 1 ms]
  Passed CnetControlPlane.Tests.LearningAskClientTests.InvalidSymbolInputsRefuseBeforeConnecting(dataset: LearningDataset { Id = stock_labels
QUIT, Authority = verified_tool, SymbolVocabularySha256 = aaaaaaaaaaaaaaaaaaaaaaaaaaaaaaaaaaaaaaaaaaaaaaaaaaaaaaaaaaaaaaaa }, token: "ALPHA", message: "learning_ask_dataset") [< 1 ms]
  Passed CnetControlPlane.Tests.LearningAskClientTests.InvalidSymbolInputsRefuseBeforeConnecting(dataset: LearningDataset { Id = aaaaaaaaaaaaaaaaaaaaaaaaaaaaaaaa, Authority = verified_tool, SymbolVocabularySha256 = aaaaaaaaaaaaaaaaaaaaaaaaaaaaaaaaaaaaaaaaaaaaaaaaaaaaaaaaaaaaaaaa }, token: "ALPHA", message: "learning_ask_dataset") [< 1 ms]
  Passed CnetControlPlane.Tests.LearningAskClientTests.InvalidSymbolInputsRefuseBeforeConnecting(dataset: LearningDataset { Id = stock_labels, Authority = self_answer, SymbolVocabularySha256 = aaaaaaaaaaaaaaaaaaaaaaaaaaaaaaaaaaaaaaaaaaaaaaaaaaaaaaaaaaaaaaaa }, token: "ALPHA", message: "learning_ask_dataset") [< 1 ms]
  Passed CnetControlPlane.Tests.LearningAskClientTests.AlreadyCancelledRequestNeverConnects(symbolic: False) [< 1 ms]
  Passed CnetControlPlane.Tests.LearningAskClientTests.AlreadyCancelledRequestNeverConnects(symbolic: True) [< 1 ms]
  Passed CnetControlPlane.Tests.LearningAskClientTests.SocketReplacementAfterReplyRefusesTheObservation(symbolic: True) [2 ms]
  Passed CnetControlPlane.Tests.LearningAskClientTests.SocketReplacementAfterReplyRefusesTheObservation(symbolic: False) [1 ms]
  Passed CnetControlPlane.Tests.LearningAskClientTests.CancellationAfterRequestDisposesPendingConnectionWithoutRetry(symbolic: True) [1 ms]
  Passed CnetControlPlane.Tests.LearningAskClientTests.CancellationAfterRequestDisposesPendingConnectionWithoutRetry(symbolic: False) [< 1 ms]
  Passed CnetControlPlane.Tests.LearningAcquisitionTests.InvalidAuthorizedEvidenceIsReportedWithoutReservingWork [51 ms]
  Passed CnetControlPlane.Tests.LearningQuiescenceTests.PrecancelledStopLeavesPendingActivationAndChargeUntouched [107 ms]
  Passed CnetControlPlane.Tests.LearningImportTests.UnapprovedOrUnsafeEvidenceRefusesBeforePublication(fault: "large") [395 ms]
  Passed CnetControlPlane.Tests.LearningQuiescenceTests.ProbationIsRolledBackWithoutProbeOrPauseMutation(paused: False) [151 ms]
  Passed CnetControlPlane.Tests.LearningQuiescenceTests.ProbationIsRolledBackWithoutProbeOrPauseMutation(paused: True) [148 ms]
  Passed CnetControlPlane.Tests.LearningLiveVerificationTests.LiveVerificationChecksFullDomainWithoutCreatingDemandOrLearningWork [1 s]
  Passed CnetControlPlane.Tests.LearningRunCancellationTests.OwnerCancellationDuringNaturalQuiesceWinsBeforeCompletionWithoutCancellingCleanup [1 s]
  Passed CnetControlPlane.Tests.LearningImportTests.UnapprovedOrUnsafeEvidenceRefusesBeforePublication(fault: "owner") [369 ms]
  Passed CnetControlPlane.Tests.LearningTraceCommandTests.ExactBatchTraceRetainsMissingIdsAndReadsWithoutChangingEitherSchemaOrBytes [2 s]
  Passed CnetControlPlane.Tests.LearningImportTests.UnapprovedOrUnsafeEvidenceRefusesBeforePublication(fault: "quota") [368 ms]
  Passed CnetControlPlane.Tests.LearningCommandTests.ActualPrivateDaemonAnswersDemandAndPerformsATypedLearningTick [1 s]
  Passed CnetControlPlane.Tests.LearningTaskCommandTests.ObserveDoesNotLearnAndApprovedExternalCorrectionCreatesDemandExactlyOnce [2 s]
  Passed CnetControlPlane.Tests.LearningImportTests.UnapprovedOrUnsafeEvidenceRefusesBeforePublication(fault: "format") [370 ms]
  Passed CnetControlPlane.Tests.LearningCommandTests.InitializePinsBothInstallationsAndNeverResetsAnExistingLedger [456 ms]
  Passed CnetControlPlane.Tests.LearningImportTests.UnapprovedOrUnsafeEvidenceRefusesBeforePublication(fault: "symlink") [367 ms]
  Passed CnetControlPlane.Tests.LearningRunCommandTests.BudgetExpiryRollsBackUnacceptedCandidateBeforeCompletion [2 s]
  Passed CnetControlPlane.Tests.LearningLedgerTests.FailedOpenCannotReleaseAnotherConnectionsOperatingSystemLock [5 s]
  Passed CnetControlPlane.Tests.LearningLedgerTests.DisabledPolicyCanInspectButCannotReserve [6 ms]
  Passed CnetControlPlane.Tests.LearningLedgerTests.RenamingRootRefusesWithoutRedirectingAnOpenLedger [10 ms]
  Passed CnetControlPlane.Tests.LearningImportTests.UnapprovedOrUnsafeEvidenceRefusesBeforePublication(fault: "mode") [384 ms]
  Passed CnetControlPlane.Tests.LearningCommandTests.ExplicitQuiesceRollsBackAndCanRepeatWithoutDemandAdmission(missingAsk: True) [855 ms]
  Passed CnetControlPlane.Tests.LearningImportTests.UnapprovedOrUnsafeEvidenceRefusesBeforePublication(fault: "noncanonical") [368 ms]
  Passed CnetControlPlane.Tests.LearningImportTests.UnapprovedOrUnsafeEvidenceRefusesBeforePublication(fault: "authority") [368 ms]
  Passed CnetControlPlane.Tests.LearningImportTests.UnapprovedOrUnsafeEvidenceRefusesBeforePublication(fault: "hash") [380 ms]
  Passed CnetControlPlane.Tests.LearningCommandTests.ExplicitQuiesceRollsBackAndCanRepeatWithoutDemandAdmission(missingAsk: False) [871 ms]
  Passed CnetControlPlane.Tests.LearningRunCommandTests.ConcurrentOperatorPauseEndsRunAsFailureAndCannotBeConvertedToCompletion [1 s]
  Passed CnetControlPlane.Tests.LearningCommandTests.RealPrivateEntryAssemblyBindsPackagedSqliteBeforeUse [110 ms]
  Passed CnetControlPlane.Tests.LearningCommandTests.ChangedPinnedCodeRefusesBeforeCreatingAnyWork(relative: "managed/runtimes/linux-x64/native/libe_sqlite3.so") [82 ms]
  Passed CnetControlPlane.Tests.LearningCommandTests.ChangedPinnedCodeRefusesBeforeCreatingAnyWork(relative: "native/cnet_table_verify") [90 ms]
  Passed CnetControlPlane.Tests.LearningImportTests.UnapprovedOrUnsafeEvidenceRefusesBeforePublication(fault: "hash_format") [385 ms]
  Passed CnetControlPlane.Tests.LearningCommandTests.ChangedPinnedCodeRefusesBeforeCreatingAnyWork(relative: "managed/Microsoft.Data.Sqlite.dll") [70 ms]
  Passed CnetControlPlane.Tests.LearningCommandTests.ChangedManagedManifestCannotRebindAnInitializedLedger [260 ms]
  Passed CnetControlPlane.Tests.LearningImportTests.UnapprovedOrUnsafeEvidenceRefusesBeforePublication(fault: "dataset") [350 ms]
  Passed CnetControlPlane.Tests.LearningCommandTests.OperatorPauseIsDurableWithoutRequiringAHealthyDaemon [501 ms]
  Passed CnetControlPlane.Tests.LearningImportTests.ExplicitPinnedImportFeedsActualAcquisitionWithoutOverwritingOrCreatingDemand [1 s]
  Passed CnetControlPlane.Tests.LearningImportTests.ImportCountsItsOwnBytesAtTheExactPolicyBoundary(overflow: 1) [253 ms]
  Passed CnetControlPlane.Tests.LearningImportTests.ImportCountsItsOwnBytesAtTheExactPolicyBoundary(overflow: 0) [257 ms]
  Passed CnetControlPlane.Tests.LearningRunCommandTests.ActualRunKeepsDurableHeartbeatAndCompletesOnlyAfterOriginalBudget [2 s]
  Passed CnetControlPlane.Tests.LearningSymbolCommandTests.LiteralLookupLearnsProbesAndRefreshesLabelsWithoutReassigningDemand [10 s]
  Passed CnetControlPlane.Tests.LearningSymbolCommandTests.UnknownSymbolDoesNotCreateOrdinalDemandAndVocabularyDriftDuringProbationRollsBack [957 ms]
  Passed CnetControlPlane.Tests.LearningCapturedTaskTests.SyntheticCaptureLinksRealOfflineLearningAndRetainsMissingObservationsWithoutEligibility [31 s]
  Passed CnetControlPlane.Tests.LearningSymbolWorkloadTests.PinnedUnicodeNamesLearnTwoLiteralLabelCapabilitiesAndCoexistAfterBoundedRun [32 s]
  Passed CnetControlPlane.Tests.LearningUnicodeWorkloadTests.ThreeTruthfulSourceStagesReplaceTwoTablesWhileSymbolicCapsulesRemainVerified [45 s]
  Passed CnetControlPlane.Tests.LearningNaturalTaskCommandTests.ApprovedMicroSignCorrectionEnablesDifferentPhrasingWithoutLosingLowercase [1 m 3 s]
  Passed CnetControlPlane.Tests.LearningUnicodeWorkloadTests.OfficialExplicitCaseChangesAreAcquiredAcceptedAndCoexistWithExactAbstention [32 s]
  Passed CnetControlPlane.Tests.LearningManagedRuntimeTests.ExactPrivateEightFileInstallationCanBeVerifiedRepeatedly [4 ms]
  Passed CnetControlPlane.Tests.LearningManagedRuntimeTests.MissingRequiredFileIsRefused(name: "cnet-control.dll") [< 1 ms]
  Passed CnetControlPlane.Tests.LearningManagedRuntimeTests.MissingRequiredFileIsRefused(name: "runtimes/linux-x64/native/libe_sqlite3.so") [< 1 ms]
  Passed CnetControlPlane.Tests.LearningManagedRuntimeTests.ManifestRejectsNoncontractFieldsBeforeFilesystemAccess(mutation: "files_duplicate") [< 1 ms]
  Passed CnetControlPlane.Tests.LearningManagedRuntimeTests.ManifestRejectsNoncontractFieldsBeforeFilesystemAccess(mutation: "file_missing") [< 1 ms]
  Passed CnetControlPlane.Tests.LearningManagedRuntimeTests.ManifestRejectsNoncontractFieldsBeforeFilesystemAccess(mutation: "trailing_value") [< 1 ms]
  Passed CnetControlPlane.Tests.LearningManagedRuntimeTests.ManifestRejectsNoncontractFieldsBeforeFilesystemAccess(mutation: "invalid_utf8") [< 1 ms]
  Passed CnetControlPlane.Tests.LearningManagedRuntimeTests.ManifestRejectsNoncontractFieldsBeforeFilesystemAccess(mutation: "depth") [< 1 ms]
  Passed CnetControlPlane.Tests.LearningManagedRuntimeTests.ManifestRejectsNoncontractFieldsBeforeFilesystemAccess(mutation: "top_unknown") [< 1 ms]
  Passed CnetControlPlane.Tests.LearningManagedRuntimeTests.ManifestRejectsNoncontractFieldsBeforeFilesystemAccess(mutation: "target_missing") [< 1 ms]
  Passed CnetControlPlane.Tests.LearningManagedRuntimeTests.ManifestRejectsNoncontractFieldsBeforeFilesystemAccess(mutation: "file_duplicate") [< 1 ms]
  Passed CnetControlPlane.Tests.LearningManagedRuntimeTests.ManifestRejectsNoncontractFieldsBeforeFilesystemAccess(mutation: "version_exponent") [< 1 ms]
  Passed CnetControlPlane.Tests.LearningManagedRuntimeTests.ManifestRejectsNoncontractFieldsBeforeFilesystemAccess(mutation: "nul") [< 1 ms]
  Passed CnetControlPlane.Tests.LearningManagedRuntimeTests.ManifestRejectsNoncontractFieldsBeforeFilesystemAccess(mutation: "target_duplicate") [< 1 ms]
  Passed CnetControlPlane.Tests.LearningManagedRuntimeTests.ManifestRejectsNoncontractFieldsBeforeFilesystemAccess(mutation: "version_fraction") [< 1 ms]
  Passed CnetControlPlane.Tests.LearningManagedRuntimeTests.ManifestRejectsNoncontractFieldsBeforeFilesystemAccess(mutation: "file_unknown") [< 1 ms]
  Passed CnetControlPlane.Tests.LearningManagedRuntimeTests.ManifestRejectsNoncontractFieldsBeforeFilesystemAccess(mutation: "trailing_comma") [< 1 ms]
  Passed CnetControlPlane.Tests.LearningManagedRuntimeTests.ManifestRejectsNoncontractFieldsBeforeFilesystemAccess(mutation: "hash_uppercase") [< 1 ms]
  Passed CnetControlPlane.Tests.LearningManagedRuntimeTests.ManifestRejectsNoncontractFieldsBeforeFilesystemAccess(mutation: "version_unknown") [< 1 ms]
  Passed CnetControlPlane.Tests.LearningManagedRuntimeTests.ManifestRejectsNoncontractFieldsBeforeFilesystemAccess(mutation: "comment") [< 1 ms]
  Passed CnetControlPlane.Tests.LearningManagedRuntimeTests.ManifestRejectsNoncontractFieldsBeforeFilesystemAccess(mutation: "target_wrong") [< 1 ms]
  Passed CnetControlPlane.Tests.LearningManagedRuntimeTests.ManifestRejectsNoncontractFieldsBeforeFilesystemAccess(mutation: "target_escaped_duplicate") [< 1 ms]
  Passed CnetControlPlane.Tests.LearningManagedRuntimeTests.ManifestRejectsNoncontractFieldsBeforeFilesystemAccess(mutation: "version_string") [< 1 ms]
  Passed CnetControlPlane.Tests.LearningManagedRuntimeTests.ManifestRejectsNoncontractFieldsBeforeFilesystemAccess(mutation: "hash_nonhex") [< 1 ms]
  Passed CnetControlPlane.Tests.LearningManagedRuntimeTests.ManifestRejectsNoncontractFieldsBeforeFilesystemAccess(mutation: "hash_not_string") [< 1 ms]
  Passed CnetControlPlane.Tests.LearningManagedRuntimeTests.ManifestRejectsNoncontractFieldsBeforeFilesystemAccess(mutation: "hash_short") [< 1 ms]
  Passed CnetControlPlane.Tests.LearningManagedRuntimeTests.IndividualFileSizeMustBeOneThrough64MiB(length: 67108865) [< 1 ms]
  Passed CnetControlPlane.Tests.LearningManagedRuntimeTests.IndividualFileSizeMustBeOneThrough64MiB(length: 0) [< 1 ms]
  Passed CnetControlPlane.Tests.LearningManagedRuntimeTests.ManifestInputMutationCannotChangeRetainedIdentity [< 1 ms]
  Passed CnetControlPlane.Tests.LearningManagedRuntimeTests.MaximumTotalStreamsWithBoundedManagedAllocation [173 ms]
  Passed CnetControlPlane.Tests.LearningManagedRuntimeTests.EveryFileRequiresExact0400(name: "cnet-control.dll", mode: 384) [1 ms]
  Passed CnetControlPlane.Tests.LearningManagedRuntimeTests.EveryFileRequiresExact0400(name: "runtimes/linux-x64/native/libe_sqlite3.so", mode: 384) [< 1 ms]
  Passed CnetControlPlane.Tests.LearningManagedRuntimeTests.EveryFileRequiresExact0400(name: "cnet-control.dll", mode: 320) [< 1 ms]
  Passed CnetControlPlane.Tests.LearningManagedRuntimeTests.EveryFileRequiresExact0400(name: "cnet-control.dll", mode: 2304) [< 1 ms]
  Passed CnetControlPlane.Tests.LearningManagedRuntimeTests.EveryFileRequiresExact0400(name: "cnet-control.dll", mode: 288) [< 1 ms]
  Passed CnetControlPlane.Tests.LearningManagedRuntimeTests.ChangedNestedPackagedSqliteInvalidatesWholeInstallation [< 1 ms]
  Passed CnetControlPlane.Tests.LearningManagedRuntimeTests.FixtureDescriptorAccountingDetectsEachHeldDirectoryAndFile [4 ms]
  Passed CnetControlPlane.Tests.LearningManagedRuntimeTests.NonregularOrAliasedFileIsRefusedWithoutBlocking(kind: "symlink") [< 1 ms]
  Passed CnetControlPlane.Tests.LearningManagedRuntimeTests.NonregularOrAliasedFileIsRefusedWithoutBlocking(kind: "directory") [< 1 ms]
  Passed CnetControlPlane.Tests.LearningManagedRuntimeTests.NonregularOrAliasedFileIsRefusedWithoutBlocking(kind: "hardlink") [< 1 ms]
  Passed CnetControlPlane.Tests.LearningManagedRuntimeTests.NonregularOrAliasedFileIsRefusedWithoutBlocking(kind: "fifo") [< 1 ms]
  Passed CnetControlPlane.Tests.LearningManagedRuntimeTests.EveryDirectoryRequiresExact0700(name: "") [< 1 ms]
  Passed CnetControlPlane.Tests.LearningManagedRuntimeTests.EveryDirectoryRequiresExact0700(name: "runtimes/linux-x64/native") [< 1 ms]
  Passed CnetControlPlane.Tests.LearningManagedRuntimeTests.EveryDirectoryRequiresExact0700(name: "runtimes") [< 1 ms]
  Passed CnetControlPlane.Tests.LearningManagedRuntimeTests.EveryDirectoryRequiresExact0700(name: "runtimes/linux-x64") [< 1 ms]
  Passed CnetControlPlane.Tests.LearningManagedRuntimeTests.ExtraEntryAtAnyLevelIsRefused(name: "owner-manifest.json") [< 1 ms]
  Passed CnetControlPlane.Tests.LearningManagedRuntimeTests.ExtraEntryAtAnyLevelIsRefused(name: "cnet-control.pdb") [< 1 ms]
  Passed CnetControlPlane.Tests.LearningManagedRuntimeTests.ExtraEntryAtAnyLevelIsRefused(name: "runtimes/linux-arm64") [< 1 ms]
  Passed CnetControlPlane.Tests.LearningManagedRuntimeTests.ExtraEntryAtAnyLevelIsRefused(name: "runtimes/linux-x64/extra") [< 1 ms]
  Passed CnetControlPlane.Tests.LearningManagedRuntimeTests.ExtraEntryAtAnyLevelIsRefused(name: "runtimes/linux-x64/native/extra") [< 1 ms]
  Passed CnetControlPlane.Tests.LearningManagedRuntimeTests.ExtraEntryAtAnyLevelIsRefused(name: "cnet-control") [< 1 ms]
  Passed CnetControlPlane.Tests.LearningManagedRuntimeTests.ExactManifestByteLimitIsAccepted [< 1 ms]
  Passed CnetControlPlane.Tests.LearningManagedRuntimeTests.SymlinkedNestedDirectoryCannotSubstituteForPrivateDirectory(name: "runtimes") [< 1 ms]
  Passed CnetControlPlane.Tests.LearningManagedRuntimeTests.SymlinkedNestedDirectoryCannotSubstituteForPrivateDirectory(name: "runtimes/linux-x64/native") [< 1 ms]
  Passed CnetControlPlane.Tests.LearningManagedRuntimeTests.SymlinkedNestedDirectoryCannotSubstituteForPrivateDirectory(name: "runtimes/linux-x64") [< 1 ms]
  Passed CnetControlPlane.Tests.LearningManagedRuntimeTests.TotalAbove128MiBRefusesBeforeHashingOrAllocatingFileContents [< 1 ms]
  Passed CnetControlPlane.Tests.LearningManagedRuntimeTests.ManifestIsBoundedBeforeParsing(count: 4097) [< 1 ms]
  Passed CnetControlPlane.Tests.LearningManagedRuntimeTests.ManifestIsBoundedBeforeParsing(count: 0) [< 1 ms]
  Passed CnetControlPlane.Tests.LearningManagedRuntimeTests.RetainedDirectoryCannotBeReplacedEvenWithAnIdenticalTree(name: "runtimes/linux-x64") [< 1 ms]
  Passed CnetControlPlane.Tests.LearningManagedRuntimeTests.RetainedDirectoryCannotBeReplacedEvenWithAnIdenticalTree(name: "runtimes") [< 1 ms]
  Passed CnetControlPlane.Tests.LearningManagedRuntimeTests.RetainedDirectoryCannotBeReplacedEvenWithAnIdenticalTree(name: "") [< 1 ms]
  Passed CnetControlPlane.Tests.LearningManagedRuntimeTests.RetainedDirectoryCannotBeReplacedEvenWithAnIdenticalTree(name: "runtimes/linux-x64/native") [< 1 ms]
  Passed CnetControlPlane.Tests.LearningManagedRuntimeTests.FixtureDescriptorAccountingIgnoresClosingAnUnrelatedPrefixSibling [1 ms]
  Passed CnetControlPlane.Tests.LearningManagedRuntimeTests.FailedLoadsDoNotLeakRootOrNestedDescriptors [95 ms]
  Passed CnetControlPlane.Tests.LearningManagedRuntimeTests.RunningProofHasOnlyPrivateConstructorsAndNoWritableIdentity [< 1 ms]
  Passed CnetControlPlane.Tests.LearningManagedRuntimeTests.DisposeRefusesVerificationAndBinding [1 ms]
  Passed CnetControlPlane.Tests.LearningManagedRuntimeTests.RunningBindingCannotAttestAnUnrelatedCopyFromTheTestHost [1 ms]
  Passed CnetControlPlane.Tests.LearningRuntimeTests.ManifestBytesArePrivatelyCloned [< 1 ms]
  Passed CnetControlPlane.Tests.LearningRuntimeTests.RootIdentityAndOwnerPrivateModeAreRechecked [< 1 ms]
  Passed CnetControlPlane.Tests.LearningRuntimeTests.MissingFilesUnknownCommandsAndDisposedInstancesRefuse [< 1 ms]
  Passed CnetControlPlane.Tests.LearningRuntimeTests.AllAndOnlySixFileHashesAreRequired [< 1 ms]
  Passed CnetControlPlane.Tests.LearningRuntimeTests.ConcurrentWritesOfIdenticalBytesStillRefuseMetadataMutation [57 ms]
  Passed CnetControlPlane.Tests.LearningRuntimeTests.UnknownMissingDuplicateAndNoncanonicalManifestFieldsRefuse(before: "\"schema_version\":1", after: "\"schema_version\":\"1\"") [< 1 ms]
  Passed CnetControlPlane.Tests.LearningRuntimeTests.UnknownMissingDuplicateAndNoncanonicalManifestFieldsRefuse(before: "cnetd", after: "arbitrary") [< 1 ms]
  Passed CnetControlPlane.Tests.LearningRuntimeTests.UnknownMissingDuplicateAndNoncanonicalManifestFieldsRefuse(before: "cnetd", after: "../cnetd") [< 1 ms]
  Passed CnetControlPlane.Tests.LearningRuntimeTests.UnknownMissingDuplicateAndNoncanonicalManifestFieldsRefuse(before: "\"schema_version\":1", after: "\"schema_version\":1,\"schema_version\":1") [< 1 ms]
  Passed CnetControlPlane.Tests.LearningRuntimeTests.UnknownMissingDuplicateAndNoncanonicalManifestFieldsRefuse(before: "\"schema_version\":1,", after: "") [< 1 ms]
  Passed CnetControlPlane.Tests.LearningRuntimeTests.UnknownMissingDuplicateAndNoncanonicalManifestFieldsRefuse(before: "\"schema_version\":1", after: "\"schema_version\":2") [< 1 ms]
  Passed CnetControlPlane.Tests.LearningRuntimeTests.UnknownMissingDuplicateAndNoncanonicalManifestFieldsRefuse(before: "\"schema_version\":1", after: "\"schema_version\":1,\"unknown\":0") [< 1 ms]
  Passed CnetControlPlane.Tests.LearningRuntimeTests.UnknownMissingDuplicateAndNoncanonicalManifestFieldsRefuse(before: "\"schema_version\":1", after: "\"schema_version\":1.0") [< 1 ms]
  Passed CnetControlPlane.Tests.LearningRuntimeTests.UnknownMissingDuplicateAndNoncanonicalManifestFieldsRefuse(before: "\"schema_version\":1", after: "\"schema_version\":1e0") [< 1 ms]
  Passed CnetControlPlane.Tests.LearningRuntimeTests.FixedNamesCannotBeLinksOrNonregularFiles(kind: "hardlink") [< 1 ms]
  Passed CnetControlPlane.Tests.LearningRuntimeTests.FixedNamesCannotBeLinksOrNonregularFiles(kind: "directory") [< 1 ms]
  Passed CnetControlPlane.Tests.LearningRuntimeTests.FixedNamesCannotBeLinksOrNonregularFiles(kind: "fifo") [< 1 ms]
  Passed CnetControlPlane.Tests.LearningRuntimeTests.FixedNamesCannotBeLinksOrNonregularFiles(kind: "symlink") [< 1 ms]
  Passed CnetControlPlane.Tests.LearningRuntimeTests.PerFileSizeBoundsPrecedeHashing(size: 67108865) [< 1 ms]
  Passed CnetControlPlane.Tests.LearningRuntimeTests.PerFileSizeBoundsPrecedeHashing(size: 0) [< 1 ms]
  Passed CnetControlPlane.Tests.LearningRuntimeTests.ExactInstalledModesAreRequired(name: "cnetd", mode: 2368) [< 1 ms]
  Passed CnetControlPlane.Tests.LearningRuntimeTests.ExactInstalledModesAreRequired(name: "cnetd", mode: 384) [< 1 ms]
  Passed CnetControlPlane.Tests.LearningRuntimeTests.ExactInstalledModesAreRequired(name: "libcnet_capsule_core.so", mode: 384) [< 1 ms]
  Passed CnetControlPlane.Tests.LearningRuntimeTests.ExactInstalledModesAreRequired(name: "cnetd", mode: 448) [< 1 ms]
  Passed CnetControlPlane.Tests.LearningRuntimeTests.ExactInstalledModesAreRequired(name: "cnetd", mode: 365) [< 1 ms]
  Passed CnetControlPlane.Tests.LearningRuntimeTests.ExactInstalledModesAreRequired(name: "libcnet_capsule_core.so", mode: 320) [< 1 ms]
  Passed CnetControlPlane.Tests.LearningRuntimeTests.ManifestBoundsRefuseBeforeDecoding [< 1 ms]
  Passed CnetControlPlane.Tests.LearningRuntimeTests.ExtraInstalledEntryRefuses [< 1 ms]
  Passed CnetControlPlane.Tests.LearningRuntimeTests.FixedCommandsAndLibraryRequireAnIntactWholeRuntime [< 1 ms]
  Passed CnetControlPlane.Tests.LearningRuntimeTests.ChangedLibraryRefusesBeforeReturningAnyExecutablePath [< 1 ms]
  Passed CnetControlPlane.Tests.LearningRuntimeTests.Exact128MiBTotalUsesBoundedStreamingHashBuffers [110 ms]
  Passed CnetControlPlane.Tests.LearningRuntimeTests.TotalSizeBoundPrecedesHashing [< 1 ms]
  Passed CnetControlPlane.Tests.LearningRuntimeTests.FailedLoadsAndDisposeDoNotLeakDescriptors [2 ms]
  Passed CnetControlPlane.Tests.LearningStorageTests.EveryEnumeratedComponentUsesTheExistingFixedNameValidator(name: "bad\nname") [< 1 ms]
  Passed CnetControlPlane.Tests.LearningStorageTests.EveryEnumeratedComponentUsesTheExistingFixedNameValidator(name: "space in_name") [< 1 ms]
  Passed CnetControlPlane.Tests.LearningStorageTests.EveryEnumeratedComponentUsesTheExistingFixedNameValidator(name: "nonascii_é") [< 1 ms]
  Passed CnetControlPlane.Tests.LearningStorageTests.InvalidByteLimitRefusesBeforeOpeningAnyPath(maximum: 0) [< 1 ms]
  Passed CnetControlPlane.Tests.LearningStorageTests.InvalidByteLimitRefusesBeforeOpeningAnyPath(maximum: 9223372036854775807) [< 1 ms]
  Passed CnetControlPlane.Tests.LearningStorageTests.InvalidByteLimitRefusesBeforeOpeningAnyPath(maximum: 4294967297) [< 1 ms]
  Passed CnetControlPlane.Tests.LearningStorageTests.InvalidByteLimitRefusesBeforeOpeningAnyPath(maximum: -1) [< 1 ms]
  Passed CnetControlPlane.Tests.LearningStorageTests.SocketMustRemainOutsideMeasuredRoot [< 1 ms]
  Passed CnetControlPlane.Tests.LearningStorageTests.UnsafeEntryModesRefuse(directory: False, mode: 2304) [< 1 ms]
  Passed CnetControlPlane.Tests.LearningStorageTests.UnsafeEntryModesRefuse(directory: False, mode: 448) [< 1 ms]
  Passed CnetControlPlane.Tests.LearningStorageTests.UnsafeEntryModesRefuse(directory: True, mode: 384) [< 1 ms]
  Passed CnetControlPlane.Tests.LearningStorageTests.UnsafeEntryModesRefuse(directory: False, mode: 128) [< 1 ms]
  Passed CnetControlPlane.Tests.LearningStorageTests.UnsafeEntryModesRefuse(directory: False, mode: 420) [< 1 ms]
  Passed CnetControlPlane.Tests.LearningStorageTests.UnsafeEntryModesRefuse(directory: True, mode: 1472) [< 1 ms]
  Passed CnetControlPlane.Tests.LearningStorageTests.UnsafeEntryModesRefuse(directory: True, mode: 493) [< 1 ms]
  Passed CnetControlPlane.Tests.LearningStorageTests.LinksAndNonregularFilesRefuse(kind: "fifo") [< 1 ms]
  Passed CnetControlPlane.Tests.LearningStorageTests.LinksAndNonregularFilesRefuse(kind: "symlink") [< 1 ms]
  Passed CnetControlPlane.Tests.LearningStorageTests.LinksAndNonregularFilesRefuse(kind: "dangling") [< 1 ms]
  Passed CnetControlPlane.Tests.LearningStorageTests.LinksAndNonregularFilesRefuse(kind: "hardlink") [< 1 ms]
  Passed CnetControlPlane.Tests.LearningStorageTests.SharedRootOrRootSymlinkRefuses [< 1 ms]
  Passed CnetControlPlane.Tests.LearningStorageTests.FailureInNestedTreeReleasesEveryDirectoryDescriptor [2 ms]
  Passed CnetControlPlane.Tests.LearningStorageTests.EmptyRootCountsItselfAndUsagePropertiesCannotBeChanged [< 1 ms]
  Passed CnetControlPlane.Tests.LearningStorageTests.ActualEntryCapIncludesDirectoriesAndRefusesTheNextEntry [4 s]
[xUnit.net 00:01:26.24]   Finished:    CnetControlPlane.Tests
  Passed CnetControlPlane.Tests.LearningStorageTests.SparseFourGiBBoundaryCountsLogicalRatherThanAllocatedBlocks [< 1 ms]
  Passed CnetControlPlane.Tests.LearningStorageTests.CountsLogicalBytesExactlyIncludingEmptyFilesAndReadOnlyDirectories [< 1 ms]
  Passed CnetControlPlane.Tests.LearningStorageTests.MetadataMeasurementDoesNotDropAnExistingSqlitePosixLock [21 ms]
  Passed CnetControlPlane.Tests.LearningStorageTests.DepthEightIsAllowedButDepthNineRefuses [< 1 ms]
  Passed CnetControlPlane.Tests.LearningStorageTests.ComponentLengthNinetySixIsAllowedButNinetySevenRefuses [< 1 ms]
  Passed CnetControlPlane.Tests.LearningStorageTests.ObservedConcurrentMetadataMutationRefuses [66 ms]

Test Run Successful.
Total tests: 2210
     Passed: 2210
 Total time: 1.4634 Minutes

Attachments:
  /tmp/cnet-herdr-managed-qualified-20260909/39c0bc5d-9545-4f08-bd0f-aef8200c3357/marble_marble-system_2026-09-09.15_29_19.cobertura.xml
