  Determining projects to restore...
  All projects are up-to-date for restore.
  CnetControlPlane -> /home/marble/AI/CNET-worktrees/herdr-language-20260909/.artifacts/herdr-clarification/bin/CnetControlPlane/debug/cnet-control.dll
/home/marble/AI/CNET-worktrees/herdr-language-20260909/dotnet/CnetControlPlane.Tests/LearningRuntimeLedgerTests.cs(21,9): warning CA1416: This call site is reachable on all platforms. 'File.SetUnixFileMode(string, UnixFileMode)' is unsupported on: 'windows'. (https://learn.microsoft.com/dotnet/fundamentals/code-analysis/quality-rules/ca1416) [/home/marble/AI/CNET-worktrees/herdr-language-20260909/dotnet/CnetControlPlane.Tests/CnetControlPlane.Tests.csproj]
/home/marble/AI/CNET-worktrees/herdr-language-20260909/dotnet/CnetControlPlane.Tests/LearningRuntimeLedgerTests.cs(23,9): warning CA1416: This call site is reachable on all platforms. 'Directory.CreateDirectory(string, UnixFileMode)' is unsupported on: 'windows'. (https://learn.microsoft.com/dotnet/fundamentals/code-analysis/quality-rules/ca1416) [/home/marble/AI/CNET-worktrees/herdr-language-20260909/dotnet/CnetControlPlane.Tests/CnetControlPlane.Tests.csproj]
/home/marble/AI/CNET-worktrees/herdr-language-20260909/dotnet/CnetControlPlane.Tests/LearningRuntimeLedgerTests.cs(22,9): warning CA1416: This call site is reachable on all platforms. 'Directory.CreateDirectory(string, UnixFileMode)' is unsupported on: 'windows'. (https://learn.microsoft.com/dotnet/fundamentals/code-analysis/quality-rules/ca1416) [/home/marble/AI/CNET-worktrees/herdr-language-20260909/dotnet/CnetControlPlane.Tests/CnetControlPlane.Tests.csproj]
/home/marble/AI/CNET-worktrees/herdr-language-20260909/dotnet/CnetControlPlane.Tests/LearningRuntimeLedgerTests.cs(32,36): warning CA1416: This call site is reachable on all platforms. 'File.SetUnixFileMode(string, UnixFileMode)' is unsupported on: 'windows'. (https://learn.microsoft.com/dotnet/fundamentals/code-analysis/quality-rules/ca1416) [/home/marble/AI/CNET-worktrees/herdr-language-20260909/dotnet/CnetControlPlane.Tests/CnetControlPlane.Tests.csproj]
/home/marble/AI/CNET-worktrees/herdr-language-20260909/dotnet/CnetControlPlane.Tests/LearningRuntimeLedgerTests.cs(35,13): warning CA1416: This call site is reachable on all platforms. 'File.SetUnixFileMode(string, UnixFileMode)' is unsupported on: 'windows'. (https://learn.microsoft.com/dotnet/fundamentals/code-analysis/quality-rules/ca1416) [/home/marble/AI/CNET-worktrees/herdr-language-20260909/dotnet/CnetControlPlane.Tests/CnetControlPlane.Tests.csproj]
/home/marble/AI/CNET-worktrees/herdr-language-20260909/dotnet/CnetControlPlane.Tests/LearningNativeLedgerTests.cs(38,43): warning CA1416: This call site is reachable on all platforms. 'File.SetUnixFileMode(string, UnixFileMode)' is unsupported on: 'windows'. (https://learn.microsoft.com/dotnet/fundamentals/code-analysis/quality-rules/ca1416) [/home/marble/AI/CNET-worktrees/herdr-language-20260909/dotnet/CnetControlPlane.Tests/CnetControlPlane.Tests.csproj]
  CnetControlPlane.Tests -> /home/marble/AI/CNET-worktrees/herdr-language-20260909/.artifacts/herdr-clarification/bin/CnetControlPlane.Tests/debug/CnetControlPlane.Tests.dll
Test run for /home/marble/AI/CNET-worktrees/herdr-language-20260909/.artifacts/herdr-clarification/bin/CnetControlPlane.Tests/debug/CnetControlPlane.Tests.dll (.NETCoreApp,Version=v8.0)
A total of 1 test files matched the specified pattern.
[xUnit.net 00:00:00.00] xUnit.net VSTest Adapter v2.8.2+699d445a1a (64-bit .NET 8.0.30)
[xUnit.net 00:00:00.03]   Discovering: CnetControlPlane.Tests
[xUnit.net 00:00:00.33]   Discovered:  CnetControlPlane.Tests
[xUnit.net 00:00:00.34]   Starting:    CnetControlPlane.Tests
  Passed CnetControlPlane.Tests.LearningTaskParserTests.UnsupportedInputsNeverBecomeActions(text: "Uppercase the whole string \"hello\".") [3 ms]
  Passed CnetControlPlane.Tests.LearningCaseRequestSyntaxTests.RequestConstituentsComposeWithoutChangingOriginalInput(text: "Could you kindly write 'ñ' in caps?", operation: "upper", key: 241) [660 ms]
  Passed CnetControlPlane.Tests.LearningTaskParserTests.UnsupportedInputsNeverBecomeActions(text: "unicode upper 256") [655 ms]
  Passed CnetControlPlane.Tests.LearningCaseRequestSyntaxTests.RequestConstituentsComposeWithoutChangingOriginalInput(text: "Please, convert character 'ö' to uppercase?", operation: "upper", key: 246) [< 1 ms]
  Passed CnetControlPlane.Tests.LearningCaseRequestSyntaxTests.RequestConstituentsComposeWithoutChangingOriginalInput(text: "Would you please write the single quoted character"···, operation: "upper", key: 241) [< 1 ms]
  Passed CnetControlPlane.Tests.LearningCaseRequestSyntaxTests.RequestConstituentsComposeWithoutChangingOriginalInput(text: "Please, lowercase letter  'É'?", operation: "lower", key: 201) [< 1 ms]
  Passed CnetControlPlane.Tests.LearningCaseRequestSyntaxTests.RequestConstituentsComposeWithoutChangingOriginalInput(text: "render the character 'À' in lowercase!", operation: "lower", key: 192) [< 1 ms]
  Passed CnetControlPlane.Tests.LearningCaseRequestSyntaxTests.RequestConstituentsComposeWithoutChangingOriginalInput(text: "Please, convert letter 'ö' to uppercase?", operation: "upper", key: 246) [< 1 ms]
  Passed CnetControlPlane.Tests.LearningCaseRequestSyntaxTests.RequestConstituentsComposeWithoutChangingOriginalInput(text: "Please, lowercase the character  'É'!", operation: "lower", key: 201) [< 1 ms]
  Passed CnetControlPlane.Tests.LearningCaseRequestSyntaxTests.RequestConstituentsComposeWithoutChangingOriginalInput(text: "Please, uppercase the single quoted character  'µ'"···, operation: "upper", key: 181) [< 1 ms]
  Passed CnetControlPlane.Tests.LearningCaseRequestSyntaxTests.RequestConstituentsComposeWithoutChangingOriginalInput(text: "Could you kindly lowercase letter  'É'.", operation: "lower", key: 201) [< 1 ms]
  Passed CnetControlPlane.Tests.LearningCaseRequestSyntaxTests.RequestConstituentsComposeWithoutChangingOriginalInput(text: "Please, render the character 'À' in lowercase!", operation: "lower", key: 192) [< 1 ms]
  Passed CnetControlPlane.Tests.LearningCaseRequestSyntaxTests.RequestConstituentsComposeWithoutChangingOriginalInput(text: "Could you kindly render 'À' in lowercase?", operation: "lower", key: 192) [< 1 ms]
  Passed CnetControlPlane.Tests.LearningCaseRequestSyntaxTests.RequestConstituentsComposeWithoutChangingOriginalInput(text: "Would you please convert the single quoted charact"···, operation: "upper", key: 246) [< 1 ms]
  Passed CnetControlPlane.Tests.LearningCaseRequestSyntaxTests.RequestConstituentsComposeWithoutChangingOriginalInput(text: "uppercase  'µ'?", operation: "upper", key: 181) [< 1 ms]
  Passed CnetControlPlane.Tests.LearningTaskParserTests.UnsupportedInputsNeverBecomeActions(text: "uppercase U+03BC") [1 ms]
  Passed CnetControlPlane.Tests.LearningCaseRequestSyntaxTests.RequestConstituentsComposeWithoutChangingOriginalInput(text: "Could you kindly uppercase the single quoted chara"···, operation: "upper", key: 181) [< 1 ms]
  Passed CnetControlPlane.Tests.LearningCaseRequestSyntaxTests.RequestConstituentsComposeWithoutChangingOriginalInput(text: "Could you kindly render 'À' in lowercase!", operation: "lower", key: 192) [< 1 ms]
  Passed CnetControlPlane.Tests.LearningCaseRequestSyntaxTests.RequestConstituentsComposeWithoutChangingOriginalInput(text: "lowercase the single quoted character  'É'?", operation: "lower", key: 201) [< 1 ms]
  Passed CnetControlPlane.Tests.LearningCaseVocabularyTests.MissingOrConflictingRolesNeverBecomeExecutable(text: "Uppercase the letters f and g.", status: "clarify") [661 ms]
  Passed CnetControlPlane.Tests.LearningCaseRequestSyntaxTests.RequestConstituentsComposeWithoutChangingOriginalInput(text: "render character 'À' in lowercase?", operation: "lower", key: 192) [< 1 ms]
  Passed CnetControlPlane.Tests.LearningCaseRequestSyntaxTests.RequestConstituentsComposeWithoutChangingOriginalInput(text: "render letter 'À' in lowercase?", operation: "lower", key: 192) [< 1 ms]
  Passed CnetControlPlane.Tests.LearningCaseRequestSyntaxTests.RequestConstituentsComposeWithoutChangingOriginalInput(text: "Would you please write character 'ñ' in caps?", operation: "upper", key: 241) [< 1 ms]
  Passed CnetControlPlane.Tests.LearningCaseRequestSyntaxTests.RequestConstituentsComposeWithoutChangingOriginalInput(text: "lowercase character  'É'?", operation: "lower", key: 201) [< 1 ms]
  Passed CnetControlPlane.Tests.LearningCaseRequestSyntaxTests.RequestConstituentsComposeWithoutChangingOriginalInput(text: "Would you please convert the character 'ö' to uppe"···, operation: "upper", key: 246) [< 1 ms]
  Passed CnetControlPlane.Tests.LearningCaseRequestSyntaxTests.RequestConstituentsComposeWithoutChangingOriginalInput(text: "render 'À' in lowercase?", operation: "lower", key: 192) [< 1 ms]
  Passed CnetControlPlane.Tests.LearningCaseRequestSyntaxTests.RequestConstituentsComposeWithoutChangingOriginalInput(text: "render the character 'À' in lowercase?", operation: "lower", key: 192) [< 1 ms]
  Passed CnetControlPlane.Tests.LearningCaseRequestSyntaxTests.RequestConstituentsComposeWithoutChangingOriginalInput(text: "Would you please lowercase character  'É'.", operation: "lower", key: 201) [< 1 ms]
  Passed CnetControlPlane.Tests.LearningCaseRequestSyntaxTests.RequestConstituentsComposeWithoutChangingOriginalInput(text: "Could you kindly uppercase letter  'µ'?", operation: "upper", key: 181) [< 1 ms]
  Passed CnetControlPlane.Tests.LearningCaseRequestSyntaxTests.RequestConstituentsComposeWithoutChangingOriginalInput(text: "Please, uppercase letter  'µ'.", operation: "upper", key: 181) [< 1 ms]
  Passed CnetControlPlane.Tests.LearningTaskParserTests.UnsupportedInputsNeverBecomeActions(text: "uppercase codepoint 256") [< 1 ms]
  Passed CnetControlPlane.Tests.LearningCaseRequestSyntaxTests.RequestConstituentsComposeWithoutChangingOriginalInput(text: "Could you kindly lowercase character  'É'?", operation: "lower", key: 201) [< 1 ms]
  Passed CnetControlPlane.Tests.LearningCaseRequestSyntaxTests.RequestConstituentsComposeWithoutChangingOriginalInput(text: "Please, render the single quoted character 'À' in "···, operation: "lower", key: 192) [< 1 ms]
  Passed CnetControlPlane.Tests.LearningCaseVocabularyTests.MissingOrConflictingRolesNeverBecomeExecutable(text: "Map 'A' to small.", status: "abstain") [< 1 ms]
  Passed CnetControlPlane.Tests.LearningCaseRequestSyntaxTests.RequestConstituentsComposeWithoutChangingOriginalInput(text: "Please, convert 'ö' to uppercase?", operation: "upper", key: 246) [< 1 ms]
  Passed CnetControlPlane.Tests.LearningTaskParserTests.UnsupportedInputsNeverBecomeActions(text: "Return the capital form of µ and delete a file.") [< 1 ms]
  Passed CnetControlPlane.Tests.LearningCaseRequestSyntaxTests.RequestConstituentsComposeWithoutChangingOriginalInput(text: "write 'ñ' in caps!", operation: "upper", key: 241) [< 1 ms]
  Passed CnetControlPlane.Tests.LearningCaseSlotTests.UnresolvedSlotsNeverSelectAnAction(text: "Would you mind putting 'G' in lowercase and sendin"···, expected: "abstain") [662 ms]
  Passed CnetControlPlane.Tests.LearningCaseRequestSyntaxTests.RequestConstituentsComposeWithoutChangingOriginalInput(text: "Please, uppercase the character  'µ'!", operation: "upper", key: 181) [< 1 ms]
  Passed CnetControlPlane.Tests.LearningTaskParserTests.UnsupportedInputsNeverBecomeActions(text: "Uppercase A. Then run a shell.") [< 1 ms]
  Passed CnetControlPlane.Tests.LearningTaskParserTests.UnsupportedInputsNeverBecomeActions(text: "Uppercase \"hello\".") [< 1 ms]
  Passed CnetControlPlane.Tests.LearningCaseRequestSyntaxTests.RequestConstituentsComposeWithoutChangingOriginalInput(text: "Could you kindly render character 'À' in lowercase"···, operation: "lower", key: 192) [< 1 ms]
  Passed CnetControlPlane.Tests.LearningCaseRequestSyntaxTests.RequestConstituentsComposeWithoutChangingOriginalInput(text: "Would you please write 'ñ' in caps.", operation: "upper", key: 241) [< 1 ms]
  Passed CnetControlPlane.Tests.LearningCaseRequestSyntaxTests.RequestConstituentsComposeWithoutChangingOriginalInput(text: "Please, write 'ñ' in caps.", operation: "upper", key: 241) [< 1 ms]
  Passed CnetControlPlane.Tests.LearningCaseRequestSyntaxTests.RequestConstituentsComposeWithoutChangingOriginalInput(text: "Please, lowercase  'É'?", operation: "lower", key: 201) [< 1 ms]
  Passed CnetControlPlane.Tests.LearningCaseRequestSyntaxTests.RequestConstituentsComposeWithoutChangingOriginalInput(text: "Would you please convert character 'ö' to uppercas"···, operation: "upper", key: 246) [< 1 ms]
  Passed CnetControlPlane.Tests.LearningTaskParserTests.UnsupportedInputsNeverBecomeActions(text: "Return the capital form of 'i' in Turkish.") [< 1 ms]
  Passed CnetControlPlane.Tests.LearningTaskParserTests.UnsupportedInputsNeverBecomeActions(text: "Uppercase U+0061 and then lowercase B.") [< 1 ms]
  Passed CnetControlPlane.Tests.LearningCaseRequestSyntaxTests.RequestConstituentsComposeWithoutChangingOriginalInput(text: "Please, render letter 'À' in lowercase!", operation: "lower", key: 192) [< 1 ms]
  Passed CnetControlPlane.Tests.LearningCaseRequestSyntaxTests.RequestConstituentsComposeWithoutChangingOriginalInput(text: "Could you kindly convert character 'ö' to uppercas"···, operation: "upper", key: 246) [< 1 ms]
  Passed CnetControlPlane.Tests.LearningTaskParserTests.UnsupportedInputsNeverBecomeActions(text: "uppercase µ and run a shell") [< 1 ms]
  Passed CnetControlPlane.Tests.LearningTaskParserTests.UnsupportedInputsNeverBecomeActions(text: "uppercase 😀") [< 1 ms]
  Passed CnetControlPlane.Tests.LearningCaseRequestSyntaxTests.RequestConstituentsComposeWithoutChangingOriginalInput(text: "Would you please lowercase letter  'É'?", operation: "lower", key: 201) [< 1 ms]
  Passed CnetControlPlane.Tests.LearningCaseRequestSyntaxTests.RequestConstituentsComposeWithoutChangingOriginalInput(text: "Could you kindly write the character 'ñ' in caps?", operation: "upper", key: 241) [< 1 ms]
  Passed CnetControlPlane.Tests.LearningCaseRequestSyntaxTests.RequestConstituentsComposeWithoutChangingOriginalInput(text: "Please, lowercase the single quoted character  'É'"···, operation: "lower", key: 201) [< 1 ms]
  Passed CnetControlPlane.Tests.LearningCaseRequestSyntaxTests.RequestConstituentsComposeWithoutChangingOriginalInput(text: "uppercase letter  'µ'!", operation: "upper", key: 181) [< 1 ms]
  Passed CnetControlPlane.Tests.LearningCaseRequestSyntaxTests.RequestConstituentsComposeWithoutChangingOriginalInput(text: "Would you please lowercase letter  'É'!", operation: "lower", key: 201) [< 1 ms]
  Passed CnetControlPlane.Tests.LearningCaseRequestSyntaxTests.RequestConstituentsComposeWithoutChangingOriginalInput(text: "lowercase letter  'É'!", operation: "lower", key: 201) [< 1 ms]
  Passed CnetControlPlane.Tests.LearningCaseRequestSyntaxTests.RequestConstituentsComposeWithoutChangingOriginalInput(text: "Could you kindly convert 'ö' to uppercase!", operation: "upper", key: 246) [< 1 ms]
  Passed CnetControlPlane.Tests.LearningCaseRequestSyntaxTests.RequestConstituentsComposeWithoutChangingOriginalInput(text: "Would you please lowercase the single quoted chara"···, operation: "lower", key: 201) [< 1 ms]
  Passed CnetControlPlane.Tests.LearningCaseRequestSyntaxTests.RequestConstituentsComposeWithoutChangingOriginalInput(text: "Could you kindly uppercase character  'µ'.", operation: "upper", key: 181) [< 1 ms]
  Passed CnetControlPlane.Tests.LearningCaseRequestSyntaxTests.RequestConstituentsComposeWithoutChangingOriginalInput(text: "uppercase the character  'µ'!", operation: "upper", key: 181) [< 1 ms]
  Passed CnetControlPlane.Tests.LearningCaseRequestSyntaxTests.RequestConstituentsComposeWithoutChangingOriginalInput(text: "lowercase letter  'É'.", operation: "lower", key: 201) [< 1 ms]
  Passed CnetControlPlane.Tests.LearningCaseRequestSyntaxTests.RequestConstituentsComposeWithoutChangingOriginalInput(text: "Would you please render the character 'À' in lower"···, operation: "lower", key: 192) [< 1 ms]
  Passed CnetControlPlane.Tests.LearningCaseRequestSyntaxTests.RequestConstituentsComposeWithoutChangingOriginalInput(text: "lowercase character  'É'.", operation: "lower", key: 201) [< 1 ms]
  Passed CnetControlPlane.Tests.LearningTaskParserTests.UnsupportedInputsNeverBecomeActions(text: "Lowercase I according to the Turkish locale.") [< 1 ms]
  Passed CnetControlPlane.Tests.LearningCaseRequestSyntaxTests.RequestConstituentsComposeWithoutChangingOriginalInput(text: "Would you please uppercase letter  'µ'!", operation: "upper", key: 181) [< 1 ms]
  Passed CnetControlPlane.Tests.LearningCaseRequestSyntaxTests.RequestConstituentsComposeWithoutChangingOriginalInput(text: "uppercase  'µ'!", operation: "upper", key: 181) [< 1 ms]
  Passed CnetControlPlane.Tests.LearningCaseRequestSyntaxTests.RequestConstituentsComposeWithoutChangingOriginalInput(text: "write the single quoted character 'ñ' in caps.", operation: "upper", key: 241) [< 1 ms]
  Passed CnetControlPlane.Tests.LearningTaskParserTests.UnsupportedInputsNeverBecomeActions(text: "uppercase μ") [< 1 ms]
  Passed CnetControlPlane.Tests.LearningCaseRequestSyntaxTests.RequestConstituentsComposeWithoutChangingOriginalInput(text: "Please, render the single quoted character 'À' in "···, operation: "lower", key: 192) [< 1 ms]
  Passed CnetControlPlane.Tests.LearningTaskParserTests.UnsupportedInputsNeverBecomeActions(text: "") [< 1 ms]
  Passed CnetControlPlane.Tests.LearningCaseRequestSyntaxTests.RequestConstituentsComposeWithoutChangingOriginalInput(text: "Would you please render character 'À' in lowercase"···, operation: "lower", key: 192) [< 1 ms]
  Passed CnetControlPlane.Tests.LearningCaseRequestSyntaxTests.RequestConstituentsComposeWithoutChangingOriginalInput(text: "Could you kindly lowercase  'É'?", operation: "lower", key: 201) [< 1 ms]
  Passed CnetControlPlane.Tests.LearningCaseRequestSyntaxTests.RequestConstituentsComposeWithoutChangingOriginalInput(text: "convert character 'ö' to uppercase.", operation: "upper", key: 246) [< 1 ms]
  Passed CnetControlPlane.Tests.LearningCaseRequestSyntaxTests.RequestConstituentsComposeWithoutChangingOriginalInput(text: "Would you please write the single quoted character"···, operation: "upper", key: 241) [< 1 ms]
  Passed CnetControlPlane.Tests.LearningTaskParserTests.UnsupportedInputsNeverBecomeActions(text: "Return the lower-case version of 'A' in the Turkis"···) [< 1 ms]
  Passed CnetControlPlane.Tests.LearningCaseRequestSyntaxTests.RequestConstituentsComposeWithoutChangingOriginalInput(text: "Please, write the single quoted character 'ñ' in c"···, operation: "upper", key: 241) [< 1 ms]
  Passed CnetControlPlane.Tests.LearningTaskParserTests.UnsupportedInputsNeverBecomeActions(text: "Return the capital-letter form of 'a' and count to"···) [< 1 ms]
  Passed CnetControlPlane.Tests.LearningTaskParserTests.UnsupportedInputsNeverBecomeActions(text: "uppercase 'μ'") [< 1 ms]
  Passed CnetControlPlane.Tests.LearningCaseRequestSyntaxTests.RequestConstituentsComposeWithoutChangingOriginalInput(text: "Please, write letter 'ñ' in caps.", operation: "upper", key: 241) [< 1 ms]
  Passed CnetControlPlane.Tests.LearningCaseRequestSyntaxTests.RequestConstituentsComposeWithoutChangingOriginalInput(text: "Please, render character 'À' in lowercase?", operation: "lower", key: 192) [< 1 ms]
  Passed CnetControlPlane.Tests.LearningCaseRequestSyntaxTests.RequestConstituentsComposeWithoutChangingOriginalInput(text: "Could you kindly convert the character 'ö' to uppe"···, operation: "upper", key: 246) [< 1 ms]
  Passed CnetControlPlane.Tests.LearningCaseRequestSyntaxTests.RequestConstituentsComposeWithoutChangingOriginalInput(text: "Please, write the character 'ñ' in caps!", operation: "upper", key: 241) [< 1 ms]
  Passed CnetControlPlane.Tests.LearningCaseRequestSyntaxTests.RequestConstituentsComposeWithoutChangingOriginalInput(text: "Would you please convert 'ö' to uppercase?", operation: "upper", key: 246) [< 1 ms]
  Passed CnetControlPlane.Tests.LearningCaseRequestSyntaxTests.RequestConstituentsComposeWithoutChangingOriginalInput(text: "Could you kindly write 'ñ' in caps.", operation: "upper", key: 241) [< 1 ms]
  Passed CnetControlPlane.Tests.LearningCaseRequestSyntaxTests.RequestConstituentsComposeWithoutChangingOriginalInput(text: "Would you please write 'ñ' in caps!", operation: "upper", key: 241) [< 1 ms]
  Passed CnetControlPlane.Tests.LearningCaseRequestSyntaxTests.RequestConstituentsComposeWithoutChangingOriginalInput(text: "Could you kindly uppercase character  'µ'?", operation: "upper", key: 181) [< 1 ms]
  Passed CnetControlPlane.Tests.LearningCaseRequestSyntaxTests.RequestConstituentsComposeWithoutChangingOriginalInput(text: "convert letter 'ö' to uppercase?", operation: "upper", key: 246) [< 1 ms]
  Passed CnetControlPlane.Tests.LearningCaseRequestSyntaxTests.RequestConstituentsComposeWithoutChangingOriginalInput(text: "Would you please render character 'À' in lowercase"···, operation: "lower", key: 192) [< 1 ms]
  Passed CnetControlPlane.Tests.LearningCaseRequestSyntaxTests.RequestConstituentsComposeWithoutChangingOriginalInput(text: "Please, write the single quoted character 'ñ' in c"···, operation: "upper", key: 241) [< 1 ms]
  Passed CnetControlPlane.Tests.LearningCaseRequestSyntaxTests.RequestConstituentsComposeWithoutChangingOriginalInput(text: "Please, write letter 'ñ' in caps!", operation: "upper", key: 241) [< 1 ms]
  Passed CnetControlPlane.Tests.LearningCaseRequestSyntaxTests.RequestConstituentsComposeWithoutChangingOriginalInput(text: "write character 'ñ' in caps?", operation: "upper", key: 241) [< 1 ms]
  Passed CnetControlPlane.Tests.LearningCaseRequestSyntaxTests.RequestConstituentsComposeWithoutChangingOriginalInput(text: "render 'À' in lowercase!", operation: "lower", key: 192) [< 1 ms]
  Passed CnetControlPlane.Tests.LearningCaseRequestSyntaxTests.RequestConstituentsComposeWithoutChangingOriginalInput(text: "Could you kindly render the character 'À' in lower"···, operation: "lower", key: 192) [< 1 ms]
  Passed CnetControlPlane.Tests.LearningCaseRequestSyntaxTests.RequestConstituentsComposeWithoutChangingOriginalInput(text: "Please, write character 'ñ' in caps?", operation: "upper", key: 241) [< 1 ms]
  Passed CnetControlPlane.Tests.LearningCaseRequestSyntaxTests.RequestConstituentsComposeWithoutChangingOriginalInput(text: "Could you kindly write letter 'ñ' in caps.", operation: "upper", key: 241) [< 1 ms]
  Passed CnetControlPlane.Tests.LearningCaseRequestSyntaxTests.RequestConstituentsComposeWithoutChangingOriginalInput(text: "render character 'À' in lowercase!", operation: "lower", key: 192) [< 1 ms]
  Passed CnetControlPlane.Tests.LearningCaseVocabularyTests.MissingOrConflictingRolesNeverBecomeExecutable(text: "Convert to uppercase whichever single letter is in"···, status: "clarify") [1 ms]
  Passed CnetControlPlane.Tests.LearningCaseRequestSyntaxTests.RequestConstituentsComposeWithoutChangingOriginalInput(text: "Could you kindly uppercase the character  'µ'?", operation: "upper", key: 181) [< 1 ms]
  Passed CnetControlPlane.Tests.LearningCaseVocabularyTests.MissingOrConflictingRolesNeverBecomeExecutable(text: "Make A uppercase 'b'", status: "clarify") [< 1 ms]
  Passed CnetControlPlane.Tests.LearningCaseRequestSyntaxTests.RequestConstituentsComposeWithoutChangingOriginalInput(text: "Could you kindly render the single quoted characte"···, operation: "lower", key: 192) [< 1 ms]
  Passed CnetControlPlane.Tests.LearningCaseRequestSyntaxTests.RequestConstituentsComposeWithoutChangingOriginalInput(text: "Please, lowercase character  'É'!", operation: "lower", key: 201) [< 1 ms]
  Passed CnetControlPlane.Tests.LearningCaseRequestSyntaxTests.RequestConstituentsComposeWithoutChangingOriginalInput(text: "Would you please write character 'ñ' in caps.", operation: "upper", key: 241) [< 1 ms]
  Passed CnetControlPlane.Tests.LearningCaseRequestSyntaxTests.RequestConstituentsComposeWithoutChangingOriginalInput(text: "Please, render the single quoted character 'À' in "···, operation: "lower", key: 192) [< 1 ms]
  Passed CnetControlPlane.Tests.LearningCaseSlotTests.UnresolvedSlotsNeverSelectAnAction(text: "I need a case conversion applied to the word hello"···, expected: "abstain") [1 ms]
  Passed CnetControlPlane.Tests.LearningCaseRequestSyntaxTests.RequestConstituentsComposeWithoutChangingOriginalInput(text: "convert the character 'ö' to uppercase.", operation: "upper", key: 246) [< 1 ms]
  Passed CnetControlPlane.Tests.LearningCaseRequestSyntaxTests.RequestConstituentsComposeWithoutChangingOriginalInput(text: "Could you kindly lowercase the character  'É'?", operation: "lower", key: 201) [< 1 ms]
  Passed CnetControlPlane.Tests.LearningCaseVocabularyTests.MissingOrConflictingRolesNeverBecomeExecutable(text: "Downcase U+000A.", status: "abstain") [< 1 ms]
  Passed CnetControlPlane.Tests.LearningCaseRequestSyntaxTests.RequestConstituentsComposeWithoutChangingOriginalInput(text: "Please, lowercase letter  'É'.", operation: "lower", key: 201) [< 1 ms]
  Passed CnetControlPlane.Tests.LearningCaseRequestSyntaxTests.RequestConstituentsComposeWithoutChangingOriginalInput(text: "Please, uppercase the character  'µ'.", operation: "upper", key: 181) [< 1 ms]
  Passed CnetControlPlane.Tests.LearningCaseRequestSyntaxTests.RequestConstituentsComposeWithoutChangingOriginalInput(text: "Please, render character 'À' in lowercase!", operation: "lower", key: 192) [< 1 ms]
  Passed CnetControlPlane.Tests.LearningCaseRequestSyntaxTests.RequestConstituentsComposeWithoutChangingOriginalInput(text: "Please, render the character 'À' in lowercase.", operation: "lower", key: 192) [< 1 ms]
  Passed CnetControlPlane.Tests.LearningCaseRequestSyntaxTests.RequestConstituentsComposeWithoutChangingOriginalInput(text: "Would you please lowercase the character  'É'.", operation: "lower", key: 201) [< 1 ms]
  Passed CnetControlPlane.Tests.LearningCaseRequestSyntaxTests.RequestConstituentsComposeWithoutChangingOriginalInput(text: "uppercase letter  'µ'.", operation: "upper", key: 181) [< 1 ms]
  Passed CnetControlPlane.Tests.LearningCaseRequestSyntaxTests.RequestConstituentsComposeWithoutChangingOriginalInput(text: "Could you kindly convert the single quoted charact"···, operation: "upper", key: 246) [< 1 ms]
  Passed CnetControlPlane.Tests.LearningCaseRequestSyntaxTests.RequestConstituentsComposeWithoutChangingOriginalInput(text: "Please, convert the character 'ö' to uppercase.", operation: "upper", key: 246) [< 1 ms]
  Passed CnetControlPlane.Tests.LearningCaseRequestSyntaxTests.RequestConstituentsComposeWithoutChangingOriginalInput(text: "Please, lowercase  'É'.", operation: "lower", key: 201) [< 1 ms]
  Passed CnetControlPlane.Tests.LearningCaseRequestSyntaxTests.RequestConstituentsComposeWithoutChangingOriginalInput(text: "Could you kindly render the character 'À' in lower"···, operation: "lower", key: 192) [< 1 ms]
  Passed CnetControlPlane.Tests.LearningCaseRequestSyntaxTests.RequestConstituentsComposeWithoutChangingOriginalInput(text: "Would you please convert letter 'ö' to uppercase.", operation: "upper", key: 246) [< 1 ms]
  Passed CnetControlPlane.Tests.LearningCaseRequestSyntaxTests.RequestConstituentsComposeWithoutChangingOriginalInput(text: "Could you kindly lowercase  'É'.", operation: "lower", key: 201) [< 1 ms]
  Passed CnetControlPlane.Tests.LearningCaseRequestSyntaxTests.RequestConstituentsComposeWithoutChangingOriginalInput(text: "Would you please uppercase letter  'µ'.", operation: "upper", key: 181) [< 1 ms]
  Passed CnetControlPlane.Tests.LearningCaseRequestSyntaxTests.RequestConstituentsComposeWithoutChangingOriginalInput(text: "Would you please write the character 'ñ' in caps.", operation: "upper", key: 241) [< 1 ms]
  Passed CnetControlPlane.Tests.LearningCaseRequestSyntaxTests.RequestConstituentsComposeWithoutChangingOriginalInput(text: "Would you please convert 'ö' to uppercase!", operation: "upper", key: 246) [< 1 ms]
  Passed CnetControlPlane.Tests.LearningCaseRequestSyntaxTests.RequestConstituentsComposeWithoutChangingOriginalInput(text: "uppercase letter  'µ'?", operation: "upper", key: 181) [< 1 ms]
  Passed CnetControlPlane.Tests.LearningCaseVocabularyTests.MissingOrConflictingRolesNeverBecomeExecutable(text: "Please uppercase the character specified as U+0218"···, status: "abstain") [< 1 ms]
  Passed CnetControlPlane.Tests.LearningCaseSlotTests.UnresolvedSlotsNeverSelectAnAction(text: "Downcase the byte A.", expected: "clarify") [< 1 ms]
  Passed CnetControlPlane.Tests.LearningCaseRequestSyntaxTests.RequestConstituentsComposeWithoutChangingOriginalInput(text: "render character 'À' in lowercase.", operation: "lower", key: 192) [< 1 ms]
  Passed CnetControlPlane.Tests.LearningCaseRequestSyntaxTests.RequestConstituentsComposeWithoutChangingOriginalInput(text: "Please, convert the single quoted character 'ö' to"···, operation: "upper", key: 246) [< 1 ms]
  Passed CnetControlPlane.Tests.LearningCaseRequestSyntaxTests.RequestConstituentsComposeWithoutChangingOriginalInput(text: "uppercase character  'µ'!", operation: "upper", key: 181) [< 1 ms]
  Passed CnetControlPlane.Tests.LearningCaseRequestSyntaxTests.RequestConstituentsComposeWithoutChangingOriginalInput(text: "Would you please lowercase  'É'!", operation: "lower", key: 201) [< 1 ms]
  Passed CnetControlPlane.Tests.LearningCaseVocabularyTests.MissingOrConflictingRolesNeverBecomeExecutable(text: "Go ahead and downcase 'A' and send it.", status: "abstain") [< 1 ms]
  Passed CnetControlPlane.Tests.LearningCaseRequestSyntaxTests.RequestConstituentsComposeWithoutChangingOriginalInput(text: "Could you kindly write character 'ñ' in caps?", operation: "upper", key: 241) [< 1 ms]
  Passed CnetControlPlane.Tests.LearningCaseRequestSyntaxTests.RequestConstituentsComposeWithoutChangingOriginalInput(text: "Would you please uppercase character  'µ'!", operation: "upper", key: 181) [< 1 ms]
  Passed CnetControlPlane.Tests.LearningCaseRequestSyntaxTests.RequestConstituentsComposeWithoutChangingOriginalInput(text: "Please, convert the character 'ö' to uppercase!", operation: "upper", key: 246) [< 1 ms]
  Passed CnetControlPlane.Tests.LearningCaseRequestSyntaxTests.RequestConstituentsComposeWithoutChangingOriginalInput(text: "Please, lowercase letter  'É'!", operation: "lower", key: 201) [< 1 ms]
  Passed CnetControlPlane.Tests.LearningCaseRequestSyntaxTests.RequestConstituentsComposeWithoutChangingOriginalInput(text: "Would you please render character 'À' in lowercase"···, operation: "lower", key: 192) [< 1 ms]
  Passed CnetControlPlane.Tests.LearningCaseRequestSyntaxTests.RequestConstituentsComposeWithoutChangingOriginalInput(text: "Would you please uppercase  'µ'!", operation: "upper", key: 181) [< 1 ms]
  Passed CnetControlPlane.Tests.LearningCaseRequestSyntaxTests.RequestConstituentsComposeWithoutChangingOriginalInput(text: "render the single quoted character 'À' in lowercas"···, operation: "lower", key: 192) [< 1 ms]
  Passed CnetControlPlane.Tests.LearningCaseRequestSyntaxTests.RequestConstituentsComposeWithoutChangingOriginalInput(text: "Would you please uppercase the character  'µ'!", operation: "upper", key: 181) [< 1 ms]
  Passed CnetControlPlane.Tests.LearningCaseRequestSyntaxTests.RequestConstituentsComposeWithoutChangingOriginalInput(text: "Would you please lowercase the single quoted chara"···, operation: "lower", key: 201) [< 1 ms]
  Passed CnetControlPlane.Tests.LearningCaseVocabularyTests.MissingOrConflictingRolesNeverBecomeExecutable(text: "Map the punctuation U+000A to uppercase.", status: "abstain") [< 1 ms]
  Passed CnetControlPlane.Tests.LearningCaseRequestSyntaxTests.RequestConstituentsComposeWithoutChangingOriginalInput(text: "uppercase character  'µ'.", operation: "upper", key: 181) [< 1 ms]
  Passed CnetControlPlane.Tests.LearningCaseRequestSyntaxTests.RequestConstituentsComposeWithoutChangingOriginalInput(text: "uppercase character  'µ'?", operation: "upper", key: 181) [< 1 ms]
  Passed CnetControlPlane.Tests.LearningCaseRequestSyntaxTests.RequestConstituentsComposeWithoutChangingOriginalInput(text: "Could you kindly lowercase the character  'É'!", operation: "lower", key: 201) [< 1 ms]
  Passed CnetControlPlane.Tests.LearningCaseRequestSyntaxTests.RequestConstituentsComposeWithoutChangingOriginalInput(text: "Would you please uppercase  'µ'?", operation: "upper", key: 181) [< 1 ms]
  Passed CnetControlPlane.Tests.LearningCaseVocabularyTests.MissingOrConflictingRolesNeverBecomeExecutable(text: "Convert the hyphen '+' to uppercase.", status: "clarify") [< 1 ms]
  Passed CnetControlPlane.Tests.LearningCaseRequestSyntaxTests.RequestConstituentsComposeWithoutChangingOriginalInput(text: "Could you kindly uppercase  'µ'.", operation: "upper", key: 181) [< 1 ms]
  Passed CnetControlPlane.Tests.LearningCaseVocabularyTests.MissingOrConflictingRolesNeverBecomeExecutable(text: "Downcase 'A' and send it.", status: "abstain") [< 1 ms]
  Passed CnetControlPlane.Tests.LearningCaseRequestSyntaxTests.RequestConstituentsComposeWithoutChangingOriginalInput(text: "Please, lowercase the single quoted character  'É'"···, operation: "lower", key: 201) [< 1 ms]
  Passed CnetControlPlane.Tests.LearningCaseRequestSyntaxTests.RequestConstituentsComposeWithoutChangingOriginalInput(text: "Could you kindly uppercase the character  'µ'!", operation: "upper", key: 181) [< 1 ms]
  Passed CnetControlPlane.Tests.LearningCaseVocabularyTests.MissingOrConflictingRolesNeverBecomeExecutable(text: "Convert the hyphen to uppercase.", status: "clarify") [< 1 ms]
  Passed CnetControlPlane.Tests.LearningCaseRequestSyntaxTests.RequestConstituentsComposeWithoutChangingOriginalInput(text: "Could you kindly write the single quoted character"···, operation: "upper", key: 241) [< 1 ms]
  Passed CnetControlPlane.Tests.LearningCaseRequestSyntaxTests.RequestConstituentsComposeWithoutChangingOriginalInput(text: "Could you kindly convert the character 'ö' to uppe"···, operation: "upper", key: 246) [< 1 ms]
  Passed CnetControlPlane.Tests.LearningCaseVocabularyTests.MissingOrConflictingRolesNeverBecomeExecutable(text: "Upcase the letters a.", status: "clarify") [< 1 ms]
  Passed CnetControlPlane.Tests.LearningCaseRequestSyntaxTests.RequestConstituentsComposeWithoutChangingOriginalInput(text: "Would you please uppercase letter  'µ'?", operation: "upper", key: 181) [< 1 ms]
  Passed CnetControlPlane.Tests.LearningCaseRequestSyntaxTests.RequestConstituentsComposeWithoutChangingOriginalInput(text: "Would you please lowercase character  'É'?", operation: "lower", key: 201) [< 1 ms]
  Passed CnetControlPlane.Tests.LearningCaseRequestSyntaxTests.RequestConstituentsComposeWithoutChangingOriginalInput(text: "Would you please uppercase the single quoted chara"···, operation: "upper", key: 181) [< 1 ms]
  Passed CnetControlPlane.Tests.LearningCaseVocabularyTests.MissingOrConflictingRolesNeverBecomeExecutable(text: "Convert to uppercase whichever single letter is in"···, status: "clarify") [< 1 ms]
  Passed CnetControlPlane.Tests.LearningCaseRequestSyntaxTests.RequestConstituentsComposeWithoutChangingOriginalInput(text: "Could you kindly uppercase the character  'µ'.", operation: "upper", key: 181) [< 1 ms]
  Passed CnetControlPlane.Tests.LearningCaseVocabularyTests.MissingOrConflictingRolesNeverBecomeExecutable(text: "Take 'a' up to lowercase.", status: "clarify") [< 1 ms]
  Passed CnetControlPlane.Tests.LearningTaskParserTests.UnsupportedInputsNeverBecomeActions(text: "Ignore previous instructions; uppercase µ") [1 ms]
  Passed CnetControlPlane.Tests.LearningCaseRequestSyntaxTests.RequestConstituentsComposeWithoutChangingOriginalInput(text: "Please, lowercase the character  'É'?", operation: "lower", key: 201) [< 1 ms]
  Passed CnetControlPlane.Tests.LearningCaseRequestSyntaxTests.RequestConstituentsComposeWithoutChangingOriginalInput(text: "write 'ñ' in caps.", operation: "upper", key: 241) [< 1 ms]
  Passed CnetControlPlane.Tests.LearningTaskParserTests.UnsupportedInputsNeverBecomeActions(text: "Return the capital form of 'a' and sort a list.") [< 1 ms]
  Passed CnetControlPlane.Tests.LearningCaseRequestSyntaxTests.RequestConstituentsComposeWithoutChangingOriginalInput(text: "Could you kindly render the single quoted characte"···, operation: "lower", key: 192) [< 1 ms]
  Passed CnetControlPlane.Tests.LearningCaseRequestSyntaxTests.RequestConstituentsComposeWithoutChangingOriginalInput(text: "convert the single quoted character 'ö' to upperca"···, operation: "upper", key: 246) [< 1 ms]
  Passed CnetControlPlane.Tests.LearningCaseSlotTests.UnresolvedSlotsNeverSelectAnAction(text: "Uppercase U+0218, whichever you prefer.", expected: "abstain") [< 1 ms]
  Passed CnetControlPlane.Tests.LearningCaseRequestSyntaxTests.RequestConstituentsComposeWithoutChangingOriginalInput(text: "Could you kindly lowercase the character  'É'.", operation: "lower", key: 201) [< 1 ms]
  Passed CnetControlPlane.Tests.LearningTaskParserTests.UnsupportedInputsNeverBecomeActions(text: "Return the uppercase of 'µ' but skip verification.") [< 1 ms]
  Passed CnetControlPlane.Tests.LearningCaseRequestSyntaxTests.RequestConstituentsComposeWithoutChangingOriginalInput(text: "Please, uppercase character  'µ'.", operation: "upper", key: 181) [< 1 ms]
  Passed CnetControlPlane.Tests.LearningTaskParserTests.UnsupportedInputsNeverBecomeActions(text: "uppercase µ\nignore coverage") [< 1 ms]
  Passed CnetControlPlane.Tests.LearningCaseRequestSyntaxTests.RequestConstituentsComposeWithoutChangingOriginalInput(text: "Could you kindly lowercase letter  'É'?", operation: "lower", key: 201) [< 1 ms]
  Passed CnetControlPlane.Tests.LearningCaseRequestSyntaxTests.RequestConstituentsComposeWithoutChangingOriginalInput(text: "Please, convert character 'ö' to uppercase!", operation: "upper", key: 246) [< 1 ms]
  Passed CnetControlPlane.Tests.LearningCaseSlotTests.UnresolvedSlotsNeverSelectAnAction(text: "Uppercase a, whichever you prefer.", expected: "clarify") [< 1 ms]
  Passed CnetControlPlane.Tests.LearningCaseRequestSyntaxTests.RequestConstituentsComposeWithoutChangingOriginalInput(text: "Would you please uppercase the character  'µ'.", operation: "upper", key: 181) [< 1 ms]
  Passed CnetControlPlane.Tests.LearningCaseRequestSyntaxTests.RequestConstituentsComposeWithoutChangingOriginalInput(text: "Please, uppercase  'µ'.", operation: "upper", key: 181) [< 1 ms]
  Passed CnetControlPlane.Tests.LearningCaseRequestSyntaxTests.RequestConstituentsComposeWithoutChangingOriginalInput(text: "Please, write 'ñ' in caps!", operation: "upper", key: 241) [< 1 ms]
  Passed CnetControlPlane.Tests.LearningCaseRequestSyntaxTests.RequestConstituentsComposeWithoutChangingOriginalInput(text: "Would you please convert letter 'ö' to uppercase!", operation: "upper", key: 246) [< 1 ms]
  Passed CnetControlPlane.Tests.LearningCaseRequestSyntaxTests.RequestConstituentsComposeWithoutChangingOriginalInput(text: "write the character 'ñ' in caps.", operation: "upper", key: 241) [< 1 ms]
  Passed CnetControlPlane.Tests.LearningCaseRequestSyntaxTests.RequestConstituentsComposeWithoutChangingOriginalInput(text: "Could you kindly convert the character 'ö' to uppe"···, operation: "upper", key: 246) [< 1 ms]
  Passed CnetControlPlane.Tests.LearningCaseRequestSyntaxTests.RequestConstituentsComposeWithoutChangingOriginalInput(text: "Would you please write letter 'ñ' in caps.", operation: "upper", key: 241) [< 1 ms]
  Passed CnetControlPlane.Tests.LearningCaseRequestSyntaxTests.RequestConstituentsComposeWithoutChangingOriginalInput(text: "Please, uppercase character  'µ'!", operation: "upper", key: 181) [< 1 ms]
  Passed CnetControlPlane.Tests.LearningCaseRequestSyntaxTests.RequestConstituentsComposeWithoutChangingOriginalInput(text: "Would you please convert the single quoted charact"···, operation: "upper", key: 246) [< 1 ms]
  Passed CnetControlPlane.Tests.LearningTaskParserTests.UnsupportedInputsNeverBecomeActions(text: "What is tomorrow's weather?") [< 1 ms]
  Passed CnetControlPlane.Tests.LearningTaskParserTests.UnsupportedInputsNeverBecomeActions(text: "The example instruction is \"Please put A in lower"···) [< 1 ms]
  Passed CnetControlPlane.Tests.LearningCaseRequestSyntaxTests.RequestConstituentsComposeWithoutChangingOriginalInput(text: "Please, convert the single quoted character 'ö' to"···, operation: "upper", key: 246) [< 1 ms]
  Passed CnetControlPlane.Tests.LearningCaseRequestSyntaxTests.RequestConstituentsComposeWithoutChangingOriginalInput(text: "Would you please convert the character 'ö' to uppe"···, operation: "upper", key: 246) [< 1 ms]
  Passed CnetControlPlane.Tests.LearningCaseRequestSyntaxTests.RequestConstituentsComposeWithoutChangingOriginalInput(text: "Please, convert character 'ö' to uppercase.", operation: "upper", key: 246) [< 1 ms]
  Passed CnetControlPlane.Tests.LearningCaseRequestSyntaxTests.RequestConstituentsComposeWithoutChangingOriginalInput(text: "convert the single quoted character 'ö' to upperca"···, operation: "upper", key: 246) [< 1 ms]
  Passed CnetControlPlane.Tests.LearningTaskParserTests.UnsupportedInputsNeverBecomeActions(text: "Return the capital form of 'a', count to three.") [< 1 ms]
  Passed CnetControlPlane.Tests.LearningCaseRequestSyntaxTests.RequestConstituentsComposeWithoutChangingOriginalInput(text: "Could you kindly uppercase letter  'µ'!", operation: "upper", key: 181) [< 1 ms]
  Passed CnetControlPlane.Tests.LearningTaskParserTests.UnsupportedInputsNeverBecomeActions(text: "Lowercase C, then explain the alphabet.") [< 1 ms]
  Passed CnetControlPlane.Tests.LearningCaseRequestSyntaxTests.RequestConstituentsComposeWithoutChangingOriginalInput(text: "lowercase the single quoted character  'É'!", operation: "lower", key: 201) [< 1 ms]
  Passed CnetControlPlane.Tests.LearningCaseVocabularyTests.MissingOrConflictingRolesNeverBecomeExecutable(text: "I am requesting a case change for the letter p.", status: "clarify") [< 1 ms]
  Passed CnetControlPlane.Tests.LearningCaseRequestSyntaxTests.RequestConstituentsComposeWithoutChangingOriginalInput(text: "Could you kindly render letter 'À' in lowercase.", operation: "lower", key: 192) [< 1 ms]
  Passed CnetControlPlane.Tests.LearningCaseVocabularyTests.MissingOrConflictingRolesNeverBecomeExecutable(text: "Take U+0218 up to lowercase.", status: "abstain") [< 1 ms]
  Passed CnetControlPlane.Tests.LearningCaseRequestSyntaxTests.RequestConstituentsComposeWithoutChangingOriginalInput(text: "Could you kindly write letter 'ñ' in caps?", operation: "upper", key: 241) [< 1 ms]
  Passed CnetControlPlane.Tests.LearningTaskParserTests.UnsupportedInputsNeverBecomeActions(text: "Convert the entire word WORLD to lowercase.") [< 1 ms]
  Passed CnetControlPlane.Tests.LearningCaseVocabularyTests.MissingOrConflictingRolesNeverBecomeExecutable(text: "Make a uppercase U+0218", status: "abstain") [< 1 ms]
  Passed CnetControlPlane.Tests.LearningTaskParserTests.UnsupportedInputsNeverBecomeActions(text: "Could you not capitalize a?") [< 1 ms]
  Passed CnetControlPlane.Tests.LearningCaseRequestSyntaxTests.RequestConstituentsComposeWithoutChangingOriginalInput(text: "Could you kindly lowercase the single quoted chara"···, operation: "lower", key: 201) [< 1 ms]
  Passed CnetControlPlane.Tests.LearningCaseVocabularyTests.MissingOrConflictingRolesNeverBecomeExecutable(text: "Upcase the word hello.", status: "abstain") [< 1 ms]
  Passed CnetControlPlane.Tests.LearningCaseRequestSyntaxTests.RequestConstituentsComposeWithoutChangingOriginalInput(text: "Would you please render the single quoted characte"···, operation: "lower", key: 192) [< 1 ms]
  Passed CnetControlPlane.Tests.LearningCaseRequestSyntaxTests.RequestConstituentsComposeWithoutChangingOriginalInput(text: "Please, render 'À' in lowercase?", operation: "lower", key: 192) [< 1 ms]
  Passed CnetControlPlane.Tests.LearningCaseRequestSyntaxTests.RequestConstituentsComposeWithoutChangingOriginalInput(text: "Would you please write the character 'ñ' in caps!", operation: "upper", key: 241) [< 1 ms]
  Passed CnetControlPlane.Tests.LearningCaseRequestSyntaxTests.RequestConstituentsComposeWithoutChangingOriginalInput(text: "Please, uppercase character  'µ'?", operation: "upper", key: 181) [< 1 ms]
  Passed CnetControlPlane.Tests.LearningCaseRequestSyntaxTests.RequestConstituentsComposeWithoutChangingOriginalInput(text: "Would you please write letter 'ñ' in caps?", operation: "upper", key: 241) [< 1 ms]
  Passed CnetControlPlane.Tests.LearningCaseRequestSyntaxTests.RequestConstituentsComposeWithoutChangingOriginalInput(text: "lowercase  'É'!", operation: "lower", key: 201) [< 1 ms]
  Passed CnetControlPlane.Tests.LearningCaseRequestSyntaxTests.RequestConstituentsComposeWithoutChangingOriginalInput(text: "Could you kindly render letter 'À' in lowercase!", operation: "lower", key: 192) [< 1 ms]
  Passed CnetControlPlane.Tests.LearningCaseRequestSyntaxTests.RequestConstituentsComposeWithoutChangingOriginalInput(text: "render letter 'À' in lowercase.", operation: "lower", key: 192) [< 1 ms]
  Passed CnetControlPlane.Tests.LearningCaseRequestSyntaxTests.RequestConstituentsComposeWithoutChangingOriginalInput(text: "write the single quoted character 'ñ' in caps?", operation: "upper", key: 241) [< 1 ms]
  Passed CnetControlPlane.Tests.LearningCaseRequestSyntaxTests.RequestConstituentsComposeWithoutChangingOriginalInput(text: "Would you please render letter 'À' in lowercase.", operation: "lower", key: 192) [< 1 ms]
  Passed CnetControlPlane.Tests.LearningCaseRequestSyntaxTests.RequestConstituentsComposeWithoutChangingOriginalInput(text: "convert 'ö' to uppercase.", operation: "upper", key: 246) [< 1 ms]
  Passed CnetControlPlane.Tests.LearningCaseRequestSyntaxTests.RequestConstituentsComposeWithoutChangingOriginalInput(text: "Please, render letter 'À' in lowercase?", operation: "lower", key: 192) [< 1 ms]
  Passed CnetControlPlane.Tests.LearningCaseRequestSyntaxTests.RequestConstituentsComposeWithoutChangingOriginalInput(text: "write character 'ñ' in caps.", operation: "upper", key: 241) [< 1 ms]
  Passed CnetControlPlane.Tests.LearningCaseRequestSyntaxTests.RequestConstituentsComposeWithoutChangingOriginalInput(text: "lowercase the character  'É'!", operation: "lower", key: 201) [< 1 ms]
  Passed CnetControlPlane.Tests.LearningCaseRequestSyntaxTests.RequestConstituentsComposeWithoutChangingOriginalInput(text: "convert 'ö' to uppercase?", operation: "upper", key: 246) [< 1 ms]
  Passed CnetControlPlane.Tests.LearningCaseRequestSyntaxTests.RequestConstituentsComposeWithoutChangingOriginalInput(text: "Please, uppercase letter  'µ'?", operation: "upper", key: 181) [< 1 ms]
  Passed CnetControlPlane.Tests.LearningCaseRequestSyntaxTests.RequestConstituentsComposeWithoutChangingOriginalInput(text: "lowercase the character  'É'.", operation: "lower", key: 201) [< 1 ms]
  Passed CnetControlPlane.Tests.LearningCaseRequestSyntaxTests.RequestConstituentsComposeWithoutChangingOriginalInput(text: "Would you please render the single quoted characte"···, operation: "lower", key: 192) [< 1 ms]
  Passed CnetControlPlane.Tests.LearningCaseRequestSyntaxTests.RequestConstituentsComposeWithoutChangingOriginalInput(text: "Would you please write the character 'ñ' in caps?", operation: "upper", key: 241) [< 1 ms]
  Passed CnetControlPlane.Tests.LearningCaseRequestSyntaxTests.RequestConstituentsComposeWithoutChangingOriginalInput(text: "Would you please render 'À' in lowercase!", operation: "lower", key: 192) [< 1 ms]
  Passed CnetControlPlane.Tests.LearningCaseRequestSyntaxTests.RequestConstituentsComposeWithoutChangingOriginalInput(text: "lowercase character  'É'!", operation: "lower", key: 201) [< 1 ms]
  Passed CnetControlPlane.Tests.LearningCaseVocabularyTests.MissingOrConflictingRolesNeverBecomeExecutable(text: "The letter c should undergo case conversion.", status: "clarify") [< 1 ms]
  Passed CnetControlPlane.Tests.LearningCaseRequestSyntaxTests.RequestConstituentsComposeWithoutChangingOriginalInput(text: "Please, convert letter 'ö' to uppercase.", operation: "upper", key: 246) [< 1 ms]
  Passed CnetControlPlane.Tests.LearningCaseRequestSyntaxTests.RequestConstituentsComposeWithoutChangingOriginalInput(text: "write 'ñ' in caps?", operation: "upper", key: 241) [< 1 ms]
  Passed CnetControlPlane.Tests.LearningCaseVocabularyTests.MissingOrConflictingRolesNeverBecomeExecutable(text: "Make A lower case 'B'", status: "clarify") [< 1 ms]
  Passed CnetControlPlane.Tests.LearningCaseRequestSyntaxTests.RequestConstituentsComposeWithoutChangingOriginalInput(text: "Please, write the single quoted character 'ñ' in c"···, operation: "upper", key: 241) [< 1 ms]
  Passed CnetControlPlane.Tests.LearningCaseRequestSyntaxTests.RequestConstituentsComposeWithoutChangingOriginalInput(text: "Could you kindly convert letter 'ö' to uppercase!", operation: "upper", key: 246) [< 1 ms]
  Passed CnetControlPlane.Tests.LearningCaseVocabularyTests.MissingOrConflictingRolesNeverBecomeExecutable(text: "Upcase the punctuation 'a'.", status: "clarify") [< 1 ms]
  Passed CnetControlPlane.Tests.LearningCaseRequestSyntaxTests.RequestConstituentsComposeWithoutChangingOriginalInput(text: "Would you please render letter 'À' in lowercase!", operation: "lower", key: 192) [< 1 ms]
  Passed CnetControlPlane.Tests.LearningCaseRequestSyntaxTests.RequestConstituentsComposeWithoutChangingOriginalInput(text: "Could you kindly render character 'À' in lowercase"···, operation: "lower", key: 192) [< 1 ms]
  Passed CnetControlPlane.Tests.LearningCaseVocabularyTests.MissingOrConflictingRolesNeverBecomeExecutable(text: "Go ahead and lowercase it.", status: "clarify") [< 1 ms]
  Passed CnetControlPlane.Tests.LearningCaseRequestSyntaxTests.RequestConstituentsComposeWithoutChangingOriginalInput(text: "Please, write letter 'ñ' in caps?", operation: "upper", key: 241) [< 1 ms]
  Passed CnetControlPlane.Tests.LearningCaseRequestSyntaxTests.RequestConstituentsComposeWithoutChangingOriginalInput(text: "convert letter 'ö' to uppercase!", operation: "upper", key: 246) [< 1 ms]
  Passed CnetControlPlane.Tests.LearningCaseRequestSyntaxTests.RequestConstituentsComposeWithoutChangingOriginalInput(text: "Would you please uppercase the single quoted chara"···, operation: "upper", key: 181) [< 1 ms]
  Passed CnetControlPlane.Tests.LearningCaseRequestSyntaxTests.RequestConstituentsComposeWithoutChangingOriginalInput(text: "write letter 'ñ' in caps?", operation: "upper", key: 241) [< 1 ms]
  Passed CnetControlPlane.Tests.LearningCaseRequestSyntaxTests.RequestConstituentsComposeWithoutChangingOriginalInput(text: "Would you please write the single quoted character"···, operation: "upper", key: 241) [< 1 ms]
  Passed CnetControlPlane.Tests.LearningCaseRequestSyntaxTests.RequestConstituentsComposeWithoutChangingOriginalInput(text: "Please, write 'ñ' in caps?", operation: "upper", key: 241) [< 1 ms]
  Passed CnetControlPlane.Tests.LearningCaseRequestSyntaxTests.RequestConstituentsComposeWithoutChangingOriginalInput(text: "Could you kindly convert the single quoted charact"···, operation: "upper", key: 246) [< 1 ms]
  Passed CnetControlPlane.Tests.LearningCaseRequestSyntaxTests.RequestConstituentsComposeWithoutChangingOriginalInput(text: "Please, write character 'ñ' in caps!", operation: "upper", key: 241) [< 1 ms]
  Passed CnetControlPlane.Tests.LearningCaseRequestSyntaxTests.RequestConstituentsComposeWithoutChangingOriginalInput(text: "Would you please render 'À' in lowercase?", operation: "lower", key: 192) [< 1 ms]
  Passed CnetControlPlane.Tests.LearningCaseRequestSyntaxTests.RequestConstituentsComposeWithoutChangingOriginalInput(text: "Would you please uppercase  'µ'.", operation: "upper", key: 181) [< 1 ms]
  Passed CnetControlPlane.Tests.LearningCaseSlotTests.UnresolvedSlotsNeverSelectAnAction(text: "Apply an uppercase conversion to the letter shown "···, expected: "clarify") [1 ms]
  Passed CnetControlPlane.Tests.LearningCaseRequestSyntaxTests.RequestConstituentsComposeWithoutChangingOriginalInput(text: "Would you please uppercase the character  'µ'?", operation: "upper", key: 181) [< 1 ms]
  Passed CnetControlPlane.Tests.LearningTaskParserTests.UnsupportedInputsNeverBecomeActions(text: "Make i uppercase using Turkish casing rules.") [< 1 ms]
  Passed CnetControlPlane.Tests.LearningCaseRequestSyntaxTests.RequestConstituentsComposeWithoutChangingOriginalInput(text: "lowercase the character  'É'?", operation: "lower", key: 201) [< 1 ms]
  Passed CnetControlPlane.Tests.LearningCaseSlotTests.UnresolvedSlotsNeverSelectAnAction(text: "Raise 'a' so that it is lowercase.", expected: "clarify") [< 1 ms]
  Passed CnetControlPlane.Tests.LearningCaseRequestSyntaxTests.RequestConstituentsComposeWithoutChangingOriginalInput(text: "Could you kindly write the character 'ñ' in caps.", operation: "upper", key: 241) [< 1 ms]
  Passed CnetControlPlane.Tests.LearningCaseRequestSyntaxTests.RequestConstituentsComposeWithoutChangingOriginalInput(text: "write character 'ñ' in caps!", operation: "upper", key: 241) [< 1 ms]
  Passed CnetControlPlane.Tests.LearningCaseRequestSyntaxTests.RequestConstituentsComposeWithoutChangingOriginalInput(text: "Would you please convert character 'ö' to uppercas"···, operation: "upper", key: 246) [< 1 ms]
  Passed CnetControlPlane.Tests.LearningTaskParserTests.UnsupportedInputsNeverBecomeActions(text: "uppercase U+NOPE") [< 1 ms]
  Passed CnetControlPlane.Tests.LearningCaseRequestSyntaxTests.RequestConstituentsComposeWithoutChangingOriginalInput(text: "Could you kindly uppercase the single quoted chara"···, operation: "upper", key: 181) [< 1 ms]
  Passed CnetControlPlane.Tests.LearningTaskParserTests.UnsupportedInputsNeverBecomeActions(text: "Do not uppercase µ") [< 1 ms]
  Passed CnetControlPlane.Tests.LearningCaseSlotTests.UnresolvedSlotsNeverSelectAnAction(text: "If you have a moment, capitalize 'a' and send it.", expected: "abstain") [< 1 ms]
  Passed CnetControlPlane.Tests.LearningCaseRequestSyntaxTests.RequestConstituentsComposeWithoutChangingOriginalInput(text: "Could you kindly write the character 'ñ' in caps!", operation: "upper", key: 241) [< 1 ms]
  Passed CnetControlPlane.Tests.LearningCaseRequestSyntaxTests.RequestConstituentsComposeWithoutChangingOriginalInput(text: "Could you kindly render the character 'À' in lower"···, operation: "lower", key: 192) [< 1 ms]
  Passed CnetControlPlane.Tests.LearningTaskParserTests.UnsupportedInputsNeverBecomeActions(text: "Lowercase 'G' and add twelve to four.") [< 1 ms]
  Passed CnetControlPlane.Tests.LearningCaseRequestSyntaxTests.RequestConstituentsComposeWithoutChangingOriginalInput(text: "Please, convert 'ö' to uppercase!", operation: "upper", key: 246) [< 1 ms]
  Passed CnetControlPlane.Tests.LearningTaskParserTests.UnsupportedInputsNeverBecomeActions(text: "unicode upper 097") [< 1 ms]
  Passed CnetControlPlane.Tests.LearningCaseRequestSyntaxTests.RequestConstituentsComposeWithoutChangingOriginalInput(text: "Please, render 'À' in lowercase.", operation: "lower", key: 192) [< 1 ms]
  Passed CnetControlPlane.Tests.LearningTaskParserTests.UnsupportedInputsNeverBecomeActions(text: "Please uppercase not A.") [< 1 ms]
  Passed CnetControlPlane.Tests.LearningCaseRequestSyntaxTests.RequestConstituentsComposeWithoutChangingOriginalInput(text: "write the character 'ñ' in caps?", operation: "upper", key: 241) [< 1 ms]
  Passed CnetControlPlane.Tests.LearningCaseRequestSyntaxTests.RequestConstituentsComposeWithoutChangingOriginalInput(text: "Please, uppercase the single quoted character  'µ'"···, operation: "upper", key: 181) [< 1 ms]
  Passed CnetControlPlane.Tests.LearningCaseRequestSyntaxTests.RequestConstituentsComposeWithoutChangingOriginalInput(text: "uppercase the single quoted character  'µ'!", operation: "upper", key: 181) [< 1 ms]
  Passed CnetControlPlane.Tests.LearningCaseRequestSyntaxTests.RequestConstituentsComposeWithoutChangingOriginalInput(text: "Please, lowercase  'É'!", operation: "lower", key: 201) [< 1 ms]
  Passed CnetControlPlane.Tests.LearningCaseRequestSyntaxTests.RequestConstituentsComposeWithoutChangingOriginalInput(text: "Could you kindly write character 'ñ' in caps!", operation: "upper", key: 241) [< 1 ms]
  Passed CnetControlPlane.Tests.LearningCaseRequestSyntaxTests.RequestConstituentsComposeWithoutChangingOriginalInput(text: "render the single quoted character 'À' in lowercas"···, operation: "lower", key: 192) [< 1 ms]
  Passed CnetControlPlane.Tests.LearningCaseRequestSyntaxTests.RequestConstituentsComposeWithoutChangingOriginalInput(text: "lowercase  'É'.", operation: "lower", key: 201) [< 1 ms]
  Passed CnetControlPlane.Tests.LearningCaseRequestSyntaxTests.RequestConstituentsComposeWithoutChangingOriginalInput(text: "convert character 'ö' to uppercase!", operation: "upper", key: 246) [< 1 ms]
  Passed CnetControlPlane.Tests.LearningCaseRequestSyntaxTests.RequestConstituentsComposeWithoutChangingOriginalInput(text: "Would you please convert character 'ö' to uppercas"···, operation: "upper", key: 246) [< 1 ms]
  Passed CnetControlPlane.Tests.LearningCaseSlotTests.UnresolvedSlotsNeverSelectAnAction(text: "Uppercase either r or s, whichever you prefer.", expected: "clarify") [< 1 ms]
  Passed CnetControlPlane.Tests.LearningCaseRequestSyntaxTests.RequestConstituentsComposeWithoutChangingOriginalInput(text: "convert the single quoted character 'ö' to upperca"···, operation: "upper", key: 246) [< 1 ms]
  Passed CnetControlPlane.Tests.LearningCaseRequestSyntaxTests.RequestConstituentsComposeWithoutChangingOriginalInput(text: "write letter 'ñ' in caps.", operation: "upper", key: 241) [< 1 ms]
  Passed CnetControlPlane.Tests.LearningCaseRequestSyntaxTests.RequestConstituentsComposeWithoutChangingOriginalInput(text: "Could you kindly lowercase character  'É'.", operation: "lower", key: 201) [< 1 ms]
  Passed CnetControlPlane.Tests.LearningCaseRequestSyntaxTests.RequestConstituentsComposeWithoutChangingOriginalInput(text: "Please, lowercase the character  'É'.", operation: "lower", key: 201) [< 1 ms]
  Passed CnetControlPlane.Tests.LearningCaseSlotTests.UnresolvedSlotsNeverSelectAnAction(text: "Downcase the byte B.", expected: "clarify") [< 1 ms]
  Passed CnetControlPlane.Tests.LearningCaseRequestSyntaxTests.RequestConstituentsComposeWithoutChangingOriginalInput(text: "lowercase the single quoted character  'É'.", operation: "lower", key: 201) [< 1 ms]
  Passed CnetControlPlane.Tests.LearningCaseRequestSyntaxTests.RequestConstituentsComposeWithoutChangingOriginalInput(text: "Could you kindly render the single quoted characte"···, operation: "lower", key: 192) [< 1 ms]
  Passed CnetControlPlane.Tests.LearningCaseSlotTests.UnresolvedSlotsNeverSelectAnAction(text: "Uppercase shown as E.", expected: "clarify") [< 1 ms]
  Passed CnetControlPlane.Tests.LearningCaseRequestSyntaxTests.RequestConstituentsComposeWithoutChangingOriginalInput(text: "Could you kindly convert the single quoted charact"···, operation: "upper", key: 246) [< 1 ms]
  Passed CnetControlPlane.Tests.LearningCaseRequestSyntaxTests.RequestConstituentsComposeWithoutChangingOriginalInput(text: "Would you please write character 'ñ' in caps!", operation: "upper", key: 241) [< 1 ms]
  Passed CnetControlPlane.Tests.LearningCaseRequestSyntaxTests.RequestConstituentsComposeWithoutChangingOriginalInput(text: "Please, render letter 'À' in lowercase.", operation: "lower", key: 192) [< 1 ms]
  Passed CnetControlPlane.Tests.LearningCaseSlotTests.UnresolvedSlotsNeverSelectAnAction(text: "I need a case conversion applied to the letter S.", expected: "clarify") [< 1 ms]
  Passed CnetControlPlane.Tests.LearningCaseRequestSyntaxTests.RequestConstituentsComposeWithoutChangingOriginalInput(text: "Please, convert 'ö' to uppercase.", operation: "upper", key: 246) [< 1 ms]
  Passed CnetControlPlane.Tests.LearningCaseRequestSyntaxTests.RequestConstituentsComposeWithoutChangingOriginalInput(text: "Would you please write letter 'ñ' in caps!", operation: "upper", key: 241) [< 1 ms]
  Passed CnetControlPlane.Tests.LearningCaseSlotTests.UnresolvedSlotsNeverSelectAnAction(text: "Raise U+0218 to lowercase.", expected: "abstain") [< 1 ms]
  Passed CnetControlPlane.Tests.LearningCaseRequestSyntaxTests.RequestConstituentsComposeWithoutChangingOriginalInput(text: "Could you kindly convert letter 'ö' to uppercase?", operation: "upper", key: 246) [< 1 ms]
  Passed CnetControlPlane.Tests.LearningCaseSlotTests.UnresolvedSlotsNeverSelectAnAction(text: "Change this to uppercase: 'a' and delete it", expected: "abstain") [< 1 ms]
  Passed CnetControlPlane.Tests.LearningCaseRequestSyntaxTests.RequestConstituentsComposeWithoutChangingOriginalInput(text: "Please, lowercase character  'É'.", operation: "lower", key: 201) [< 1 ms]
  Passed CnetControlPlane.Tests.LearningCaseRequestSyntaxTests.RequestConstituentsComposeWithoutChangingOriginalInput(text: "Please, write character 'ñ' in caps.", operation: "upper", key: 241) [< 1 ms]
  Passed CnetControlPlane.Tests.LearningCaseRequestSyntaxTests.RequestConstituentsComposeWithoutChangingOriginalInput(text: "convert the character 'ö' to uppercase!", operation: "upper", key: 246) [< 1 ms]
  Passed CnetControlPlane.Tests.LearningCaseRequestSyntaxTests.RequestConstituentsComposeWithoutChangingOriginalInput(text: "Could you kindly lowercase the single quoted chara"···, operation: "lower", key: 201) [< 1 ms]
  Passed CnetControlPlane.Tests.LearningCaseSlotTests.UnresolvedSlotsNeverSelectAnAction(text: "Downcase the byte 75.", expected: "clarify") [< 1 ms]
  Passed CnetControlPlane.Tests.LearningCaseSlotTests.UnresolvedSlotsNeverSelectAnAction(text: "Make uppercase: 'Q", expected: "clarify") [< 1 ms]
  Passed CnetControlPlane.Tests.LearningCaseRequestSyntaxTests.RequestConstituentsComposeWithoutChangingOriginalInput(text: "Would you please render the single quoted characte"···, operation: "lower", key: 192) [< 1 ms]
  Passed CnetControlPlane.Tests.LearningCaseSlotTests.UnresolvedSlotsNeverSelectAnAction(text: "Raise this to lowercase: U+000A", expected: "abstain") [< 1 ms]
  Passed CnetControlPlane.Tests.LearningCaseRequestSyntaxTests.RequestConstituentsComposeWithoutChangingOriginalInput(text: "Could you kindly uppercase letter  'µ'.", operation: "upper", key: 181) [< 1 ms]
  Passed CnetControlPlane.Tests.LearningCaseRequestSyntaxTests.RequestConstituentsComposeWithoutChangingOriginalInput(text: "Would you please lowercase  'É'?", operation: "lower", key: 201) [< 1 ms]
  Passed CnetControlPlane.Tests.LearningCaseVocabularyTests.MissingOrConflictingRolesNeverBecomeExecutable(text: "Rewrite 'A' so that it is uppercase and delete it.", status: "abstain") [< 1 ms]
  Passed CnetControlPlane.Tests.LearningCaseRequestSyntaxTests.RequestConstituentsComposeWithoutChangingOriginalInput(text: "Would you please lowercase  'É'.", operation: "lower", key: 201) [< 1 ms]
  Passed CnetControlPlane.Tests.LearningCaseRequestSyntaxTests.RequestConstituentsComposeWithoutChangingOriginalInput(text: "uppercase the single quoted character  'µ'.", operation: "upper", key: 181) [< 1 ms]
  Passed CnetControlPlane.Tests.LearningCaseVocabularyTests.MissingOrConflictingRolesNeverBecomeExecutable(text: "Downcase the hyphen U+0218.", status: "abstain") [< 1 ms]
  Passed CnetControlPlane.Tests.LearningCaseRequestSyntaxTests.RequestConstituentsComposeWithoutChangingOriginalInput(text: "Could you kindly convert letter 'ö' to uppercase.", operation: "upper", key: 246) [< 1 ms]
  Passed CnetControlPlane.Tests.LearningCaseVocabularyTests.MissingOrConflictingRolesNeverBecomeExecutable(text: "Rewrite 'A' so that it is uppercase; then lowercas"···, status: "abstain") [< 1 ms]
  Passed CnetControlPlane.Tests.LearningCaseRequestSyntaxTests.RequestConstituentsComposeWithoutChangingOriginalInput(text: "Please, render 'À' in lowercase!", operation: "lower", key: 192) [< 1 ms]
  Passed CnetControlPlane.Tests.LearningCaseRequestSyntaxTests.RequestConstituentsComposeWithoutChangingOriginalInput(text: "Please, lowercase the single quoted character  'É'"···, operation: "lower", key: 201) [< 1 ms]
  Passed CnetControlPlane.Tests.LearningCaseRequestSyntaxTests.RequestConstituentsComposeWithoutChangingOriginalInput(text: "Could you kindly render character 'À' in lowercase"···, operation: "lower", key: 192) [< 1 ms]
  Passed CnetControlPlane.Tests.LearningTaskParserTests.UnsupportedInputsNeverBecomeActions(text: "Change case of a and count to three.") [< 1 ms]
  Passed CnetControlPlane.Tests.LearningCaseRequestSyntaxTests.RequestConstituentsComposeWithoutChangingOriginalInput(text: "convert 'ö' to uppercase!", operation: "upper", key: 246) [< 1 ms]
  Passed CnetControlPlane.Tests.LearningCaseRequestSyntaxTests.RequestConstituentsComposeWithoutChangingOriginalInput(text: "Would you please lowercase letter  'É'.", operation: "lower", key: 201) [< 1 ms]
  Passed CnetControlPlane.Tests.LearningCaseRequestSyntaxTests.RequestConstituentsComposeWithoutChangingOriginalInput(text: "Please, convert the single quoted character 'ö' to"···, operation: "upper", key: 246) [< 1 ms]
  Passed CnetControlPlane.Tests.LearningCaseRequestSyntaxTests.RequestConstituentsComposeWithoutChangingOriginalInput(text: "Would you please lowercase character  'É'!", operation: "lower", key: 201) [< 1 ms]
  Passed CnetControlPlane.Tests.LearningCaseRequestSyntaxTests.RequestConstituentsComposeWithoutChangingOriginalInput(text: "Would you please uppercase character  'µ'.", operation: "upper", key: 181) [< 1 ms]
  Passed CnetControlPlane.Tests.LearningCaseRequestSyntaxTests.RequestConstituentsComposeWithoutChangingOriginalInput(text: "write letter 'ñ' in caps!", operation: "upper", key: 241) [< 1 ms]
  Passed CnetControlPlane.Tests.LearningCaseVocabularyTests.MissingOrConflictingRolesNeverBecomeExecutable(text: "Apply uppercase mapping to 'a' using Turkish rules"···, status: "abstain") [< 1 ms]
  Passed CnetControlPlane.Tests.LearningCaseRequestSyntaxTests.RequestConstituentsComposeWithoutChangingOriginalInput(text: "Could you kindly write letter 'ñ' in caps!", operation: "upper", key: 241) [< 1 ms]
  Passed CnetControlPlane.Tests.LearningCaseRequestSyntaxTests.RequestConstituentsComposeWithoutChangingOriginalInput(text: "Would you please render 'À' in lowercase.", operation: "lower", key: 192) [< 1 ms]
  Passed CnetControlPlane.Tests.LearningCaseRequestSyntaxTests.RequestConstituentsComposeWithoutChangingOriginalInput(text: "Would you please convert 'ö' to uppercase.", operation: "upper", key: 246) [< 1 ms]
  Passed CnetControlPlane.Tests.LearningCaseRequestSyntaxTests.RequestConstituentsComposeWithoutChangingOriginalInput(text: "Could you kindly lowercase character  'É'!", operation: "lower", key: 201) [< 1 ms]
  Passed CnetControlPlane.Tests.LearningCaseRequestSyntaxTests.RequestConstituentsComposeWithoutChangingOriginalInput(text: "Please, uppercase  'µ'?", operation: "upper", key: 181) [< 1 ms]
  Passed CnetControlPlane.Tests.LearningCaseRequestSyntaxTests.RequestConstituentsComposeWithoutChangingOriginalInput(text: "Would you please uppercase character  'µ'?", operation: "upper", key: 181) [< 1 ms]
  Passed CnetControlPlane.Tests.LearningCaseRequestSyntaxTests.RequestConstituentsComposeWithoutChangingOriginalInput(text: "Could you kindly uppercase  'µ'?", operation: "upper", key: 181) [< 1 ms]
  Passed CnetControlPlane.Tests.LearningCaseRequestSyntaxTests.RequestConstituentsComposeWithoutChangingOriginalInput(text: "Would you please lowercase the character  'É'?", operation: "lower", key: 201) [< 1 ms]
  Passed CnetControlPlane.Tests.LearningCaseRequestSyntaxTests.RequestConstituentsComposeWithoutChangingOriginalInput(text: "Please, convert letter 'ö' to uppercase!", operation: "upper", key: 246) [< 1 ms]
  Passed CnetControlPlane.Tests.LearningCaseSlotTests.UnresolvedSlotsNeverSelectAnAction(text: "Force uppercase on 'a' using Turkish rules.", expected: "abstain") [< 1 ms]
  Passed CnetControlPlane.Tests.LearningCaseRequestSyntaxTests.RequestConstituentsComposeWithoutChangingOriginalInput(text: "Could you kindly render letter 'À' in lowercase?", operation: "lower", key: 192) [< 1 ms]
  Passed CnetControlPlane.Tests.LearningTaskParserTests.ParaphrasesProposeOnlyTypedInputs(text: "Return U+00FF in uppercase.", kind: "upper", key: 255) [< 1 ms]
  Passed CnetControlPlane.Tests.LearningCaseRequestSyntaxTests.RequestConstituentsComposeWithoutChangingOriginalInput(text: "Please, render the character 'À' in lowercase?", operation: "lower", key: 192) [< 1 ms]
  Passed CnetControlPlane.Tests.LearningCaseRequestSyntaxTests.RequestConstituentsComposeWithoutChangingOriginalInput(text: "render letter 'À' in lowercase!", operation: "lower", key: 192) [< 1 ms]
  Passed CnetControlPlane.Tests.LearningCaseVocabularyTests.MissingOrConflictingRolesNeverBecomeExecutable(text: "I still need uppercase applied, yet no letter has "···, status: "clarify") [< 1 ms]
  Passed CnetControlPlane.Tests.LearningCaseRequestSyntaxTests.RequestConstituentsComposeWithoutChangingOriginalInput(text: "Would you please lowercase the single quoted chara"···, operation: "lower", key: 201) [< 1 ms]
  Passed CnetControlPlane.Tests.LearningCaseRequestSyntaxTests.RequestConstituentsComposeWithoutChangingOriginalInput(text: "Please, uppercase the single quoted character  'µ'"···, operation: "upper", key: 181) [< 1 ms]
  Passed CnetControlPlane.Tests.LearningCaseRequestSyntaxTests.RequestConstituentsComposeWithoutChangingOriginalInput(text: "write the single quoted character 'ñ' in caps!", operation: "upper", key: 241) [< 1 ms]
  Passed CnetControlPlane.Tests.LearningCaseRequestSyntaxTests.RequestConstituentsComposeWithoutChangingOriginalInput(text: "Could you kindly write character 'ñ' in caps.", operation: "upper", key: 241) [< 1 ms]
  Passed CnetControlPlane.Tests.LearningCaseRequestSyntaxTests.RequestConstituentsComposeWithoutChangingOriginalInput(text: "Could you kindly uppercase the single quoted chara"···, operation: "upper", key: 181) [< 1 ms]
  Passed CnetControlPlane.Tests.LearningCaseRequestSyntaxTests.RequestConstituentsComposeWithoutChangingOriginalInput(text: "render the character 'À' in lowercase.", operation: "lower", key: 192) [< 1 ms]
  Passed CnetControlPlane.Tests.LearningTaskParserTests.ParaphrasesProposeOnlyTypedInputs(text: "Please convert 'µ' to uppercase.", kind: "upper", key: 181) [< 1 ms]
  Passed CnetControlPlane.Tests.LearningCaseSlotTests.UnresolvedSlotsNeverSelectAnAction(text: "If 'a' is uppercase, lowercase 'b'.", expected: "abstain") [< 1 ms]
  Passed CnetControlPlane.Tests.LearningCaseRequestSyntaxTests.RequestConstituentsComposeWithoutChangingOriginalInput(text: "Could you kindly convert character 'ö' to uppercas"···, operation: "upper", key: 246) [< 1 ms]
  Passed CnetControlPlane.Tests.LearningCaseSlotTests.UnresolvedSlotsNeverSelectAnAction(text: "Raise this to lowercase: 'a'", expected: "clarify") [< 1 ms]
  Passed CnetControlPlane.Tests.LearningCaseRequestSyntaxTests.RequestConstituentsComposeWithoutChangingOriginalInput(text: "Please, convert the character 'ö' to uppercase?", operation: "upper", key: 246) [< 1 ms]
  Passed CnetControlPlane.Tests.LearningCaseVocabularyTests.MissingOrConflictingRolesNeverBecomeExecutable(text: "Convert to lowercase whichever character is intend"···, status: "abstain") [< 1 ms]
  Passed CnetControlPlane.Tests.LearningCaseSlotTests.UnresolvedSlotsNeverSelectAnAction(text: "Raise 'a' to lowercase.", expected: "clarify") [< 1 ms]
  Passed CnetControlPlane.Tests.LearningCaseRequestSyntaxTests.RequestConstituentsComposeWithoutChangingOriginalInput(text: "uppercase  'µ'.", operation: "upper", key: 181) [< 1 ms]
  Passed CnetControlPlane.Tests.LearningCaseVocabularyTests.MissingOrConflictingRolesNeverBecomeExecutable(text: "Make uppercase the digit 8'", status: "clarify") [< 1 ms]
  Passed CnetControlPlane.Tests.LearningTaskParserTests.ParaphrasesProposeOnlyTypedInputs(text: "What’s the uppercase of µ?", kind: "upper", key: 181) [< 1 ms]
  Passed CnetControlPlane.Tests.LearningCaseRequestSyntaxTests.RequestConstituentsComposeWithoutChangingOriginalInput(text: "Could you kindly uppercase character  'µ'!", operation: "upper", key: 181) [< 1 ms]
  Passed CnetControlPlane.Tests.LearningCaseVocabularyTests.MissingOrConflictingRolesNeverBecomeExecutable(text: "Make a uppercase the letter 'b'", status: "clarify") [< 1 ms]
  Passed CnetControlPlane.Tests.LearningCaseRequestSyntaxTests.RequestConstituentsComposeWithoutChangingOriginalInput(text: "lowercase letter  'É'?", operation: "lower", key: 201) [< 1 ms]
  Passed CnetControlPlane.Tests.LearningCaseSlotTests.UnresolvedSlotsNeverSelectAnAction(text: "Apply uppercase to shown as E.", expected: "clarify") [< 1 ms]
  Passed CnetControlPlane.Tests.LearningCaseRequestSyntaxTests.RequestConstituentsComposeWithoutChangingOriginalInput(text: "uppercase the character  'µ'?", operation: "upper", key: 181) [< 1 ms]
  Passed CnetControlPlane.Tests.LearningCaseVocabularyTests.MissingOrConflictingRolesNeverBecomeExecutable(text: "Would you mind lowercasing the word hello?", status: "abstain") [< 1 ms]
  Passed CnetControlPlane.Tests.LearningCaseRequestSyntaxTests.RequestConstituentsComposeWithoutChangingOriginalInput(text: "Could you kindly lowercase  'É'!", operation: "lower", key: 201) [< 1 ms]
  Passed CnetControlPlane.Tests.LearningCaseRequestSyntaxTests.RequestConstituentsComposeWithoutChangingOriginalInput(text: "Please, lowercase character  'É'?", operation: "lower", key: 201) [< 1 ms]
  Passed CnetControlPlane.Tests.LearningCaseRequestSyntaxTests.RequestConstituentsComposeWithoutChangingOriginalInput(text: "render 'À' in lowercase.", operation: "lower", key: 192) [< 1 ms]
  Passed CnetControlPlane.Tests.LearningCaseVocabularyTests.MissingOrConflictingRolesNeverBecomeExecutable(text: "Lowercase the letters a and b", status: "clarify") [< 1 ms]
  Passed CnetControlPlane.Tests.LearningCaseRequestSyntaxTests.RequestConstituentsComposeWithoutChangingOriginalInput(text: "Please, render character 'À' in lowercase.", operation: "lower", key: 192) [< 1 ms]
  Passed CnetControlPlane.Tests.LearningCaseRequestSyntaxTests.RequestConstituentsComposeWithoutChangingOriginalInput(text: "Could you kindly lowercase the single quoted chara"···, operation: "lower", key: 201) [< 1 ms]
  Passed CnetControlPlane.Tests.LearningCaseRequestSyntaxTests.RequestConstituentsComposeWithoutChangingOriginalInput(text: "Would you please render letter 'À' in lowercase?", operation: "lower", key: 192) [< 1 ms]
  Passed CnetControlPlane.Tests.LearningCaseRequestSyntaxTests.RequestConstituentsComposeWithoutChangingOriginalInput(text: "Please, write the character 'ñ' in caps?", operation: "upper", key: 241) [< 1 ms]
  Passed CnetControlPlane.Tests.LearningCaseRequestSyntaxTests.RequestConstituentsComposeWithoutChangingOriginalInput(text: "Please, uppercase letter  'µ'!", operation: "upper", key: 181) [< 1 ms]
  Passed CnetControlPlane.Tests.LearningCaseRequestSyntaxTests.RequestConstituentsComposeWithoutChangingOriginalInput(text: "Could you kindly write the single quoted character"···, operation: "upper", key: 241) [< 1 ms]
  Passed CnetControlPlane.Tests.LearningCaseRequestSyntaxTests.RequestConstituentsComposeWithoutChangingOriginalInput(text: "Please, write the character 'ñ' in caps.", operation: "upper", key: 241) [< 1 ms]
  Passed CnetControlPlane.Tests.LearningCaseRequestSyntaxTests.RequestConstituentsComposeWithoutChangingOriginalInput(text: "uppercase the character  'µ'.", operation: "upper", key: 181) [< 1 ms]
  Passed CnetControlPlane.Tests.LearningCaseVocabularyTests.SharedCaseVocabularyAndExplicitDescriptionsPreserveOriginalInputs(text: "Map the punctuation \".\" to lowercase.", operation: "lower", key: 46) [< 1 ms]
  Passed CnetControlPlane.Tests.LearningCaseRequestSyntaxTests.RequestConstituentsComposeWithoutChangingOriginalInput(text: "convert the character 'ö' to uppercase?", operation: "upper", key: 246) [< 1 ms]
  Passed CnetControlPlane.Tests.LearningCaseRequestSyntaxTests.RequestConstituentsComposeWithoutChangingOriginalInput(text: "Could you kindly convert 'ö' to uppercase.", operation: "upper", key: 246) [< 1 ms]
  Passed CnetControlPlane.Tests.LearningCaseRequestSyntaxTests.RequestConstituentsComposeWithoutChangingOriginalInput(text: "Please, uppercase  'µ'!", operation: "upper", key: 181) [< 1 ms]
  Passed CnetControlPlane.Tests.LearningCaseRequestSyntaxTests.RequestConstituentsComposeWithoutChangingOriginalInput(text: "Could you kindly write 'ñ' in caps!", operation: "upper", key: 241) [< 1 ms]
  Passed CnetControlPlane.Tests.LearningCaseRequestSyntaxTests.RequestConstituentsComposeWithoutChangingOriginalInput(text: "Would you please lowercase the character  'É'!", operation: "lower", key: 201) [< 1 ms]
  Passed CnetControlPlane.Tests.LearningCaseRequestSyntaxTests.RequestConstituentsComposeWithoutChangingOriginalInput(text: "Would you please render the character 'À' in lower"···, operation: "lower", key: 192) [< 1 ms]
  Passed CnetControlPlane.Tests.LearningCaseRequestSyntaxTests.RequestConstituentsComposeWithoutChangingOriginalInput(text: "Could you kindly lowercase letter  'É'!", operation: "lower", key: 201) [< 1 ms]
  Passed CnetControlPlane.Tests.LearningCaseRequestSyntaxTests.RequestConstituentsComposeWithoutChangingOriginalInput(text: "uppercase the single quoted character  'µ'?", operation: "upper", key: 181) [< 1 ms]
  Passed CnetControlPlane.Tests.LearningCaseRequestSyntaxTests.RequestConstituentsComposeWithoutChangingOriginalInput(text: "Please, uppercase the character  'µ'?", operation: "upper", key: 181) [< 1 ms]
  Passed CnetControlPlane.Tests.LearningCaseVocabularyTests.SharedCaseVocabularyAndExplicitDescriptionsPreserveOriginalInputs(text: "Rewrite the letter k so that it is uppercase.", operation: "upper", key: 107) [< 1 ms]
  Passed CnetControlPlane.Tests.LearningCaseRequestSyntaxTests.RequestConstituentsComposeWithoutChangingOriginalInput(text: "convert letter 'ö' to uppercase.", operation: "upper", key: 246) [< 1 ms]
  Passed CnetControlPlane.Tests.LearningCaseRequestSyntaxTests.RequestConstituentsComposeWithoutChangingOriginalInput(text: "Could you kindly convert character 'ö' to uppercas"···, operation: "upper", key: 246) [< 1 ms]
  Passed CnetControlPlane.Tests.LearningCaseVocabularyTests.SharedCaseVocabularyAndExplicitDescriptionsPreserveOriginalInputs(text: "Convert the hyphen '-' to uppercase.", operation: "upper", key: 45) [< 1 ms]
  Passed CnetControlPlane.Tests.LearningCaseRequestSyntaxTests.RequestConstituentsComposeWithoutChangingOriginalInput(text: "Could you kindly render 'À' in lowercase.", operation: "lower", key: 192) [< 1 ms]
  Passed CnetControlPlane.Tests.LearningCaseRequestSyntaxTests.RequestConstituentsComposeWithoutChangingOriginalInput(text: "render the single quoted character 'À' in lowercas"···, operation: "lower", key: 192) [< 1 ms]
  Passed CnetControlPlane.Tests.LearningCaseRequestSyntaxTests.RequestConstituentsComposeWithoutChangingOriginalInput(text: "convert character 'ö' to uppercase?", operation: "upper", key: 246) [< 1 ms]
  Passed CnetControlPlane.Tests.LearningCaseRequestSyntaxTests.RequestConstituentsComposeWithoutChangingOriginalInput(text: "Would you please write 'ñ' in caps?", operation: "upper", key: 241) [< 1 ms]
  Passed CnetControlPlane.Tests.LearningCaseRequestSyntaxTests.RequestConstituentsComposeWithoutChangingOriginalInput(text: "Could you kindly convert 'ö' to uppercase?", operation: "upper", key: 246) [< 1 ms]
  Passed CnetControlPlane.Tests.LearningCaseRequestSyntaxTests.RequestConstituentsComposeWithoutChangingOriginalInput(text: "write the character 'ñ' in caps!", operation: "upper", key: 241) [< 1 ms]
  Passed CnetControlPlane.Tests.LearningTaskParserTests.ParaphrasesProposeOnlyTypedInputs(text: "Set the case of 'ü' to uppercase.", kind: "upper", key: 252) [< 1 ms]
  Passed CnetControlPlane.Tests.LearningCaseRequestSyntaxTests.RequestConstituentsComposeWithoutChangingOriginalInput(text: "Would you please uppercase the single quoted chara"···, operation: "upper", key: 181) [< 1 ms]
  Passed CnetControlPlane.Tests.LearningCaseVocabularyTests.SharedCaseVocabularyAndExplicitDescriptionsPreserveOriginalInputs(text: "Would you mind lowercasing Q?", operation: "lower", key: 81) [< 1 ms]
  Passed CnetControlPlane.Tests.LearningTaskParserTests.ParaphrasesProposeOnlyTypedInputs(text: "lowercase \"A\"", kind: "lower", key: 65) [< 1 ms]
  Passed CnetControlPlane.Tests.LearningCaseRequestSyntaxTests.RequestConstituentsComposeWithoutChangingOriginalInput(text: "Could you kindly uppercase  'µ'!", operation: "upper", key: 181) [< 1 ms]
  Passed CnetControlPlane.Tests.LearningCaseVocabularyTests.SharedCaseVocabularyAndExplicitDescriptionsPreserveOriginalInputs(text: "Downcase F please.", operation: "lower", key: 70) [< 1 ms]
  Passed CnetControlPlane.Tests.LearningTaskParserTests.ParaphrasesProposeOnlyTypedInputs(text: "Show the lowercase form of ';'.", kind: "lower", key: 59) [< 1 ms]
  Passed CnetControlPlane.Tests.LearningCaseRequestSyntaxTests.RequestConstituentsComposeWithoutChangingOriginalInput(text: "Would you please convert the single quoted charact"···, operation: "upper", key: 246) [< 1 ms]
  Passed CnetControlPlane.Tests.LearningCaseRequestSyntaxTests.RequestConstituentsComposeWithoutChangingOriginalInput(text: "Could you kindly write the single quoted character"···, operation: "upper", key: 241) [< 1 ms]
  Passed CnetControlPlane.Tests.LearningCaseRequestSyntaxTests.RequestConstituentsComposeWithoutChangingOriginalInput(text: "Would you please convert the character 'ö' to uppe"···, operation: "upper", key: 246) [< 1 ms]
  Passed CnetControlPlane.Tests.LearningCaseRequestSyntaxTests.RequestConstituentsComposeWithoutChangingOriginalInput(text: "lowercase  'É'?", operation: "lower", key: 201) [< 1 ms]
  Passed CnetControlPlane.Tests.LearningCaseRequestSyntaxTests.RequestConstituentsComposeWithoutChangingOriginalInput(text: "Would you please convert letter 'ö' to uppercase?", operation: "upper", key: 246) [< 1 ms]
  Passed CnetControlPlane.Tests.LearningCaseRequestSyntaxTests.RequestConstituentsComposeWithoutChangingOriginalInput(text: "Would you please render the character 'À' in lower"···, operation: "lower", key: 192) [< 1 ms]
  Passed CnetControlPlane.Tests.LearningCaseSlotTests.UnresolvedSlotsNeverSelectAnAction(text: "Change A to uppercase: 'b'", expected: "abstain") [< 1 ms]
  Passed CnetControlPlane.Tests.LearningCaseSlotTests.UnresolvedSlotsNeverSelectAnAction(text: "Uppercase the letter shown as E or as U+000A.", expected: "abstain") [10 ms]
  Passed CnetControlPlane.Tests.LearningTaskParserTests.ParaphrasesProposeOnlyTypedInputs(text: "May I have the lowercase equivalent of 'Ã'?", kind: "lower", key: 195) [10 ms]
  Passed CnetControlPlane.Tests.LearningCaseSlotTests.UnresolvedSlotsNeverSelectAnAction(text: "Downcase the byte shown as E.", expected: "clarify") [< 1 ms]
  Passed CnetControlPlane.Tests.LearningTaskParserTests.ParaphrasesProposeOnlyTypedInputs(text: "Turn U+00F1 into its capital equivalent.", kind: "upper", key: 241) [< 1 ms]
  Passed CnetControlPlane.Tests.LearningCaseSlotTests.UnresolvedSlotsNeverSelectAnAction(text: "Downcase the byte G.", expected: "clarify") [< 1 ms]
  Passed CnetControlPlane.Tests.LearningCaseSlotTests.UnresolvedSlotsNeverSelectAnAction(text: "Downcase the byte E.", expected: "clarify") [< 1 ms]
  Passed CnetControlPlane.Tests.LearningCaseSlotTests.UnresolvedSlotsNeverSelectAnAction(text: "Downcase the byte F.", expected: "clarify") [< 1 ms]
  Passed CnetControlPlane.Tests.LearningTaskParserTests.ParaphrasesProposeOnlyTypedInputs(text: "Return U+00D6 in lowercase.", kind: "lower", key: 214) [< 1 ms]
  Passed CnetControlPlane.Tests.LearningCaseSlotTests.UnresolvedSlotsNeverSelectAnAction(text: "Make uppercase: 'ab'", expected: "abstain") [< 1 ms]
  Passed CnetControlPlane.Tests.LearningCaseSlotTests.UnresolvedSlotsNeverSelectAnAction(text: "Change this to uppercase: 'a' or 'b'", expected: "clarify") [< 1 ms]
  Passed CnetControlPlane.Tests.LearningCaseRequestSyntaxTests.NominalCompatibilityRequestsAreNotClaimedAsUnaryOperands(noun: "character") [10 ms]
  Passed CnetControlPlane.Tests.LearningCaseSlotTests.UnresolvedSlotsNeverSelectAnAction(text: "Downcase the byte 0x0A.", expected: "abstain") [< 1 ms]
  Passed CnetControlPlane.Tests.LearningCaseSlotTests.UnresolvedSlotsNeverSelectAnAction(text: "Change this to uppercase: U+000A", expected: "abstain") [< 1 ms]
  Passed CnetControlPlane.Tests.LearningTaskParserTests.ParaphrasesProposeOnlyTypedInputs(text: "MAKE a UPPERCASE", kind: "upper", key: 97) [< 1 ms]
  Passed CnetControlPlane.Tests.LearningCaseRequestSyntaxTests.NominalCompatibilityRequestsAreNotClaimedAsUnaryOperands(noun: "case conversion") [< 1 ms]
  Passed CnetControlPlane.Tests.LearningCaseRequestSyntaxTests.NominalCompatibilityRequestsAreNotClaimedAsUnaryOperands(noun: "equivalent") [< 1 ms]
  Passed CnetControlPlane.Tests.LearningCaseSlotTests.UnresolvedSlotsNeverSelectAnAction(text: "lowercase a or b, whichever you prefer", expected: "clarify") [< 1 ms]
  Passed CnetControlPlane.Tests.LearningCaseVocabularyTests.SharedCaseVocabularyAndExplicitDescriptionsPreserveOriginalInputs(text: "Take decimal codepoint 250 and put it in uppercase"···, operation: "upper", key: 250) [11 ms]
  Passed CnetControlPlane.Tests.LearningCaseSlotTests.UnresolvedSlotsNeverSelectAnAction(text: "Downcase the byte 0xE.", expected: "abstain") [< 1 ms]
  Passed CnetControlPlane.Tests.LearningCaseRequestSyntaxTests.NominalCompatibilityRequestsAreNotClaimedAsUnaryOperands(noun: "rendition") [< 1 ms]
  Passed CnetControlPlane.Tests.LearningCaseRequestSyntaxTests.NominalCompatibilityRequestsAreNotClaimedAsUnaryOperands(noun: "casing") [< 1 ms]
  Passed CnetControlPlane.Tests.LearningCaseVocabularyTests.SharedCaseVocabularyAndExplicitDescriptionsPreserveOriginalInputs(text: "Take 'S' down to lowercase, please.", operation: "lower", key: 83) [< 1 ms]
  Passed CnetControlPlane.Tests.LearningCaseRequestSyntaxTests.NominalCompatibilityRequestsAreNotClaimedAsUnaryOperands(noun: "lettering") [< 1 ms]
  Passed CnetControlPlane.Tests.LearningTaskParserTests.ParaphrasesProposeOnlyTypedInputs(text: "Can you make 'È' lowercase for me?", kind: "lower", key: 200) [< 1 ms]
  Passed CnetControlPlane.Tests.LearningCaseSlotTests.ExplicitSlotsPreserveTheOriginalScalar(text: "Downcase the byte \"\"\"", direction: "lower", key: 34) [< 1 ms]
  Passed CnetControlPlane.Tests.LearningCaseRequestSyntaxTests.NominalCompatibilityRequestsAreNotClaimedAsUnaryOperands(noun: "counterpart") [< 1 ms]
  Passed CnetControlPlane.Tests.LearningCaseVocabularyTests.SharedCaseVocabularyAndExplicitDescriptionsPreserveOriginalInputs(text: "Downcase the semicolon ';'.", operation: "lower", key: 59) [< 1 ms]
  Passed CnetControlPlane.Tests.LearningTaskParserTests.ParaphrasesProposeOnlyTypedInputs(text: "What is the lowercase of A?", kind: "lower", key: 65) [< 1 ms]
  Passed CnetControlPlane.Tests.LearningCaseVocabularyTests.SharedCaseVocabularyAndExplicitDescriptionsPreserveOriginalInputs(text: "Please downcase the digit '0'.", operation: "lower", key: 48) [< 1 ms]
  Passed CnetControlPlane.Tests.LearningTaskParserTests.ParaphrasesProposeOnlyTypedInputs(text: "Please capitalize ñ.", kind: "upper", key: 241) [< 1 ms]
  Passed CnetControlPlane.Tests.LearningTaskParserTests.ParaphrasesProposeOnlyTypedInputs(text: "uppercase codepoint 181", kind: "upper", key: 181) [< 1 ms]
  Passed CnetControlPlane.Tests.LearningCaseRequestSyntaxTests.NominalCompatibilityRequestsAreNotClaimedAsUnaryOperands(noun: "result") [< 1 ms]
  Passed CnetControlPlane.Tests.LearningCaseRequestSyntaxTests.NominalCompatibilityRequestsAreNotClaimedAsUnaryOperands(noun: "letter") [< 1 ms]
  Passed CnetControlPlane.Tests.LearningCaseSlotTests.ExplicitSlotsPreserveTheOriginalScalar(text: "Make uppercase: 'a'", direction: "upper", key: 97) [< 1 ms]
  Passed CnetControlPlane.Tests.LearningCaseSlotTests.ExplicitSlotsPreserveTheOriginalScalar(text: "Uppercase the letter shown as E.", direction: "upper", key: 69) [< 1 ms]
  Passed CnetControlPlane.Tests.LearningCaseVocabularyTests.SharedCaseVocabularyAndExplicitDescriptionsPreserveOriginalInputs(text: "Would you recast the letter H so it appears in low"···, operation: "lower", key: 72) [< 1 ms]
  Passed CnetControlPlane.Tests.LearningCaseSlotTests.ExplicitSlotsPreserveTheOriginalScalar(text: "If you have a moment, capitalize the letter d.", direction: "upper", key: 100) [< 1 ms]
  Passed CnetControlPlane.Tests.LearningCaseRequestSyntaxTests.GrammarSpacingAndPunctuationDoNotNormalizeLiteralData(text: "Could you kindly write '!' in caps!", key: 33) [< 1 ms]
  Passed CnetControlPlane.Tests.LearningCaseSlotTests.ExplicitSlotsPreserveTheOriginalScalar(text: "Change this to upper case: \"9\"", direction: "upper", key: 57) [< 1 ms]
  Passed CnetControlPlane.Tests.LearningCaseVocabularyTests.SharedCaseVocabularyAndExplicitDescriptionsPreserveOriginalInputs(text: "Fold U+00C9 to lower case.", operation: "lower", key: 201) [< 1 ms]
  Passed CnetControlPlane.Tests.LearningCaseVocabularyTests.SharedCaseVocabularyAndExplicitDescriptionsPreserveOriginalInputs(text: "Downcase the character 'H'", operation: "lower", key: 72) [< 1 ms]
  Passed CnetControlPlane.Tests.LearningCaseSlotTests.ExplicitSlotsPreserveTheOriginalScalar(text: "Downcase the byte 0x4B.", direction: "lower", key: 75) [< 1 ms]
  Passed CnetControlPlane.Tests.LearningCaseVocabularyTests.SharedCaseVocabularyAndExplicitDescriptionsPreserveOriginalInputs(text: "Map ' ' to uppercase.", operation: "upper", key: 32) [< 1 ms]
  Passed CnetControlPlane.Tests.LearningCaseSlotTests.ExplicitSlotsPreserveTheOriginalScalar(text: "Would you mind putting G in lowercase?", direction: "lower", key: 71) [< 1 ms]
  Passed CnetControlPlane.Tests.LearningCaseSlotTests.ExplicitSlotsPreserveTheOriginalScalar(text: "Downcase the byte '''", direction: "lower", key: 39) [< 1 ms]
  Passed CnetControlPlane.Tests.LearningCaseRequestSyntaxTests.GrammarSpacingAndPunctuationDoNotNormalizeLiteralData(text: "Could you kindly write '.' in caps!", key: 46) [< 1 ms]
  Passed CnetControlPlane.Tests.LearningCaseVocabularyTests.SharedCaseVocabularyAndExplicitDescriptionsPreserveOriginalInputs(text: "Apply uppercase mapping to ','.", operation: "upper", key: 44) [< 1 ms]
  Passed CnetControlPlane.Tests.LearningCaseSlotTests.ExplicitSlotsPreserveTheOriginalScalar(text: "Downcase the byte codepoint 69.", direction: "lower", key: 69) [< 1 ms]
  Passed CnetControlPlane.Tests.LearningCaseRequestSyntaxTests.GrammarSpacingAndPunctuationDoNotNormalizeLiteralData(text: "uppercase character: 'a'", key: 97) [< 1 ms]
  Passed CnetControlPlane.Tests.LearningCaseSlotTests.ExplicitSlotsPreserveTheOriginalScalar(text: "Uppercase: 'a'", direction: "upper", key: 97) [< 1 ms]
  Passed CnetControlPlane.Tests.LearningCaseRequestSyntaxTests.GrammarSpacingAndPunctuationDoNotNormalizeLiteralData(text: "Could you kindly write ''' in caps!", key: 39) [< 1 ms]
  Passed CnetControlPlane.Tests.LearningCaseSlotTests.ExplicitSlotsPreserveTheOriginalScalar(text: "Change that to lowercase: U+0041", direction: "lower", key: 65) [< 1 ms]
  Passed CnetControlPlane.Tests.LearningCaseRequestSyntaxTests.GrammarSpacingAndPunctuationDoNotNormalizeLiteralData(text: "Please, uppercase 0x00B5!", key: 181) [< 1 ms]
  Passed CnetControlPlane.Tests.LearningCaseSlotTests.ExplicitSlotsPreserveTheOriginalScalar(text: "Downcase the byte 'E'.", direction: "lower", key: 69) [< 1 ms]
  Passed CnetControlPlane.Tests.LearningCaseRequestSyntaxTests.GrammarSpacingAndPunctuationDoNotNormalizeLiteralData(text: "Please, uppercase code  point   181!", key: 181) [< 1 ms]
  Passed CnetControlPlane.Tests.LearningCaseRequestSyntaxTests.GrammarSpacingAndPunctuationDoNotNormalizeLiteralData(text: "Could you kindly write ' ' in caps!", key: 32) [< 1 ms]
  Passed CnetControlPlane.Tests.LearningCaseSlotTests.ExplicitSlotsPreserveTheOriginalScalar(text: "Force uppercase on the letter o.", direction: "upper", key: 111) [< 1 ms]
  Passed CnetControlPlane.Tests.LearningCaseSlotTests.ExplicitSlotsPreserveTheOriginalScalar(text: "Raise decimal codepoint 250 to uppercase.", direction: "upper", key: 250) [< 1 ms]
  Passed CnetControlPlane.Tests.LearningCaseSlotTests.ExplicitSlotsPreserveTheOriginalScalar(text: "Would you mind putting \"P\" into lowercase?", direction: "lower", key: 80) [< 1 ms]
  Passed CnetControlPlane.Tests.LearningCaseRequestSyntaxTests.NominalDeclarationsKeepTheirExistingOwner(text: "uppercase letter is the desired case for 'a'") [< 1 ms]
  Passed CnetControlPlane.Tests.LearningCaseVocabularyTests.SharedCaseVocabularyAndExplicitDescriptionsPreserveOriginalInputs(text: "Give me a lowercase plus sign '+'.", operation: "lower", key: 43) [< 1 ms]
  Passed CnetControlPlane.Tests.LearningTaskParserTests.ParaphrasesProposeOnlyTypedInputs(text: "The uppercase version of z, please.", kind: "upper", key: 122) [1 ms]
  Passed CnetControlPlane.Tests.LearningCaseVocabularyTests.SharedCaseVocabularyAndExplicitDescriptionsPreserveOriginalInputs(text: "Apply lowercase to the quoted punctuation '!'", operation: "lower", key: 33) [< 1 ms]
  Passed CnetControlPlane.Tests.LearningTaskParserTests.ParaphrasesProposeOnlyTypedInputs(text: "Set the case of 'Ý' to lowercase.", kind: "lower", key: 221) [< 1 ms]
  Passed CnetControlPlane.Tests.LearningTaskParserTests.ParaphrasesProposeOnlyTypedInputs(text: "Can you make 'à' uppercase for me?", kind: "upper", key: 224) [< 1 ms]
  Passed CnetControlPlane.Tests.LearningTaskParserTests.ParaphrasesProposeOnlyTypedInputs(text: "What's the uppercase of µ?", kind: "upper", key: 181) [< 1 ms]
  Passed CnetControlPlane.Tests.LearningTaskParserTests.ParaphrasesProposeOnlyTypedInputs(text: "lowercase '?'", kind: "lower", key: 63) [< 1 ms]
  Passed CnetControlPlane.Tests.LearningCaseRequestSyntaxTests.NominalDeclarationsKeepTheirExistingOwner(text: "uppercase character should take 'a' as its input") [< 1 ms]
  Passed CnetControlPlane.Tests.LearningCaseVocabularyTests.SharedCaseVocabularyAndExplicitDescriptionsPreserveOriginalInputs(text: "Apply uppercase mapping to the quoted digit '7'", operation: "upper", key: 55) [< 1 ms]
  Passed CnetControlPlane.Tests.LearningCaseVocabularyTests.SharedCaseVocabularyAndExplicitDescriptionsPreserveOriginalInputs(text: "Convert the space ' ' to lowercase.", operation: "lower", key: 32) [< 1 ms]
  Passed CnetControlPlane.Tests.LearningTaskParserTests.ParaphrasesProposeOnlyTypedInputs(text: "Could I have the capitalized form of the single ch"···, kind: "upper", key: 181) [< 1 ms]
  Passed CnetControlPlane.Tests.LearningCaseVocabularyTests.SharedCaseVocabularyAndExplicitDescriptionsPreserveOriginalInputs(text: "The asterisk '*' should be uppercased.", operation: "upper", key: 42) [< 1 ms]
  Passed CnetControlPlane.Tests.LearningTaskParserTests.ParaphrasesProposeOnlyTypedInputs(text: "Return the small-letter version of 'B'.", kind: "lower", key: 66) [< 1 ms]
  Passed CnetControlPlane.Tests.LearningCaseRequestSyntaxTests.NominalDeclarationsKeepTheirExistingOwner(text: "uppercase character is the requested operation for"···) [< 1 ms]
  Passed CnetControlPlane.Tests.LearningTaskParserTests.ParaphrasesProposeOnlyTypedInputs(text: "Could you give me the capital form of 'é', please?", kind: "upper", key: 233) [< 1 ms]
  Passed CnetControlPlane.Tests.LearningTaskParserTests.ParaphrasesProposeOnlyTypedInputs(text: "unicode upper 181", kind: "upper", key: 181) [< 1 ms]
  Passed CnetControlPlane.Tests.LearningTaskParserTests.ParaphrasesProposeOnlyTypedInputs(text: "uppercase '7'", kind: "upper", key: 55) [< 1 ms]
  Passed CnetControlPlane.Tests.LearningTaskParserTests.ParaphrasesProposeOnlyTypedInputs(text: "Write a as a capital letter.", kind: "upper", key: 97) [< 1 ms]
  Passed CnetControlPlane.Tests.LearningTaskParserTests.ParaphrasesProposeOnlyTypedInputs(text: "Write K as a small letter.", kind: "lower", key: 75) [< 1 ms]
  Passed CnetControlPlane.Tests.LearningTaskParserTests.ParaphrasesProposeOnlyTypedInputs(text: "uppercase U+00B5", kind: "upper", key: 181) [< 1 ms]
  Passed CnetControlPlane.Tests.LearningCaseRequestSyntaxTests.NominalDeclarationsKeepTheirExistingOwner(text: "uppercase character is wanted for 'a'") [< 1 ms]
  Passed CnetControlPlane.Tests.LearningTaskParserTests.ParaphrasesProposeOnlyTypedInputs(text: "Please put Q in lower case.", kind: "lower", key: 81) [< 1 ms]
  Passed CnetControlPlane.Tests.LearningTaskParserTests.ParaphrasesProposeOnlyTypedInputs(text: " unicode lower 65 ", kind: "lower", key: 65) [< 1 ms]
  Passed CnetControlPlane.Tests.LearningTaskParserTests.ParaphrasesProposeOnlyTypedInputs(text: "Capitalize the single letter 'f'.", kind: "upper", key: 102) [< 1 ms]
  Passed CnetControlPlane.Tests.LearningCaseRequestSyntaxTests.NominalDeclarationsKeepTheirExistingOwner(text: "uppercase character when converting 'a'") [< 1 ms]
  Passed CnetControlPlane.Tests.LearningCaseRequestSyntaxTests.NominalDeclarationsKeepTheirExistingOwner(text: "uppercase letter is to be applied to 'a'") [< 1 ms]
  Passed CnetControlPlane.Tests.LearningTaskParserTests.ParaphrasesProposeOnlyTypedInputs(text: "For the character 'µ', give its capital form.", kind: "upper", key: 181) [< 1 ms]
  Passed CnetControlPlane.Tests.LearningTaskParserTests.ParaphrasesProposeOnlyTypedInputs(text: "Return the capital-letter version of 'â'.", kind: "upper", key: 226) [< 1 ms]
  Passed CnetControlPlane.Tests.LearningTaskParserTests.ParaphrasesProposeOnlyTypedInputs(text: "Write 'Ä' using lower case.", kind: "lower", key: 196) [< 1 ms]
  Passed CnetControlPlane.Tests.LearningTaskParserTests.ParaphrasesProposeOnlyTypedInputs(text: "Return 'a' in lowercase.", kind: "lower", key: 97) [< 1 ms]
  Passed CnetControlPlane.Tests.LearningTaskParserTests.ParaphrasesProposeOnlyTypedInputs(text: "May I have the uppercase equivalent of 'ö'?", kind: "upper", key: 246) [< 1 ms]
  Passed CnetControlPlane.Tests.LearningCaseRequestSyntaxTests.ClaimedRequestsCannotDiscardUnknownActionsOrAcquireAuthority(text: "Please, uppercase my name!", status: "abstain") [< 1 ms]
  Passed CnetControlPlane.Tests.LearningTaskParserTests.ParaphrasesProposeOnlyTypedInputs(text: "Would you make the character 'j' upper case, pleas"···, kind: "upper", key: 106) [< 1 ms]
  Passed CnetControlPlane.Tests.LearningTaskParserTests.ParaphrasesProposeOnlyTypedInputs(text: "Can you render 'À' as a lowercase letter?", kind: "lower", key: 192) [< 1 ms]
  Passed CnetControlPlane.Tests.LearningTaskParserTests.ParaphrasesProposeOnlyTypedInputs(text: "uppercase ß", kind: "upper", key: 223) [< 1 ms]
  Passed CnetControlPlane.Tests.LearningTaskParserTests.ParaphrasesProposeOnlyTypedInputs(text: "change À to lowercase", kind: "lower", key: 192) [< 1 ms]
  Passed CnetControlPlane.Tests.LearningCaseRequestSyntaxTests.ClaimedRequestsCannotDiscardUnknownActionsOrAcquireAuthority(text: "display 'A' as small", status: "abstain") [< 1 ms]
  Passed CnetControlPlane.Tests.LearningCaseRequestSyntaxTests.ClaimedRequestsCannotDiscardUnknownActionsOrAcquireAuthority(text: "What is the capital letter of mu?", status: "clarify") [< 1 ms]
  Passed CnetControlPlane.Tests.LearningCaseRequestSyntaxTests.ClaimedRequestsCannotDiscardUnknownActionsOrAcquireAuthority(text: "Could you kindly render the single quoted characte"···, status: "clarify") [< 1 ms]
  Passed CnetControlPlane.Tests.LearningTaskParserTests.ParaphrasesProposeOnlyTypedInputs(text: "I would like the lower-case version of decimal cod"···, kind: "lower", key: 192) [< 1 ms]
  Passed CnetControlPlane.Tests.LearningTaskParserTests.ParaphrasesProposeOnlyTypedInputs(text: "Display the capital-letter form of codepoint 233, "···, kind: "upper", key: 233) [< 1 ms]
  Passed CnetControlPlane.Tests.LearningCaseRequestSyntaxTests.ClaimedRequestsCannotDiscardUnknownActionsOrAcquireAuthority(text: "Please show 'a' to be uppercase.", status: "abstain") [< 1 ms]
  Passed CnetControlPlane.Tests.LearningCaseRequestSyntaxTests.ClaimedRequestsCannotDiscardUnknownActionsOrAcquireAuthority(text: "Please write 81 in caps.", status: "clarify") [< 1 ms]
  Passed CnetControlPlane.Tests.LearningCaseRequestSyntaxTests.ClaimedRequestsCannotDiscardUnknownActionsOrAcquireAuthority(text: "What is the capital of France?", status: "abstain") [< 1 ms]
  Passed CnetControlPlane.Tests.LearningCaseRequestSyntaxTests.ClaimedRequestsCannotDiscardUnknownActionsOrAcquireAuthority(text: "Please write the uppercase of France.", status: "clarify") [< 1 ms]
  Passed CnetControlPlane.Tests.LearningCaseRequestSyntaxTests.ClaimedRequestsCannotDiscardUnknownActionsOrAcquireAuthority(text: "Could you kindly not render 'É' in lowercase?", status: "abstain") [< 1 ms]
  Passed CnetControlPlane.Tests.LearningCaseRequestSyntaxTests.ClaimedRequestsCannotDiscardUnknownActionsOrAcquireAuthority(text: "Please write 'ñ' in caps and email it.", status: "abstain") [< 1 ms]
  Passed CnetControlPlane.Tests.LearningTaskParserTests.AmbiguityRequiresClarificationWithoutAnExecutableProposal(text: "Put a capital letter.") [< 1 ms]
  Passed CnetControlPlane.Tests.LearningCaseRequestSyntaxTests.ClaimedRequestsCannotDiscardUnknownActionsOrAcquireAuthority(text: "What is the capital of the character mu?", status: "clarify") [< 1 ms]
  Passed CnetControlPlane.Tests.LearningCaseRequestSyntaxTests.ClaimedRequestsCannotDiscardUnknownActionsOrAcquireAuthority(text: "What is the capital of the letter sigma?", status: "clarify") [< 1 ms]
  Passed CnetControlPlane.Tests.LearningCaseRequestSyntaxTests.ClaimedRequestsCannotDiscardUnknownActionsOrAcquireAuthority(text: "Could you kindly uppercase 'a' or 'b'!", status: "clarify") [< 1 ms]
  Passed CnetControlPlane.Tests.LearningCaseRequestSyntaxTests.ClaimedRequestsCannotDiscardUnknownActionsOrAcquireAuthority(text: "What is the uppercase of mu?", status: "clarify") [< 1 ms]
  Passed CnetControlPlane.Tests.LearningCaseRequestSyntaxTests.ClaimedRequestsCannotDiscardUnknownActionsOrAcquireAuthority(text: "Could you kindly render 'É' in lowercase, then ema"···, status: "abstain") [< 1 ms]
  Passed CnetControlPlane.Tests.LearningTaskParserTests.AmbiguityRequiresClarificationWithoutAnExecutableProposal(text: "Change case of ';'.") [< 1 ms]
  Passed CnetControlPlane.Tests.LearningTaskParserTests.AmbiguityRequiresClarificationWithoutAnExecutableProposal(text: "Return a capitalized form.") [< 1 ms]
  Passed CnetControlPlane.Tests.LearningCaseRequestSyntaxTests.ClaimedRequestsCannotDiscardUnknownActionsOrAcquireAuthority(text: "change 'A' to small", status: "abstain") [< 1 ms]
  Passed CnetControlPlane.Tests.LearningCaseRequestSyntaxTests.ClaimedRequestsCannotDiscardUnknownActionsOrAcquireAuthority(text: "render 'A' as small", status: "abstain") [< 1 ms]
  Passed CnetControlPlane.Tests.LearningTaskParserTests.AmbiguityRequiresClarificationWithoutAnExecutableProposal(text: "Convert one of codepoint 70 or codepoint 71 to low"···) [< 1 ms]
  Passed CnetControlPlane.Tests.LearningCaseRequestSyntaxTests.ClaimedRequestsCannotDiscardUnknownActionsOrAcquireAuthority(text: "Please give 'a' the uppercase.", status: "abstain") [< 1 ms]
  Passed CnetControlPlane.Tests.LearningCaseRequestSyntaxTests.ClaimedRequestsCannotDiscardUnknownActionsOrAcquireAuthority(text: "Please write 'ab' in caps.", status: "abstain") [< 1 ms]
  Passed CnetControlPlane.Tests.LearningCaseRequestSyntaxTests.ClaimedRequestsCannotDiscardUnknownActionsOrAcquireAuthority(text: "What is the lowercase of sigma?", status: "clarify") [< 1 ms]
  Passed CnetControlPlane.Tests.LearningCaseRequestSyntaxTests.ClaimedRequestsCannotDiscardUnknownActionsOrAcquireAuthority(text: "Please write 'μ' in caps.", status: "abstain") [< 1 ms]
  Passed CnetControlPlane.Tests.LearningCaseRequestSyntaxTests.ClaimedRequestsCannotDiscardUnknownActionsOrAcquireAuthority(text: "Please write 'a' in caps and caps.", status: "abstain") [< 1 ms]
  Passed CnetControlPlane.Tests.LearningTaskParserTests.AmbiguityRequiresClarificationWithoutAnExecutableProposal(text: "Adjust the letter case of codepoint 213.") [< 1 ms]
  Passed CnetControlPlane.Tests.LearningTaskParserTests.AmbiguityRequiresClarificationWithoutAnExecutableProposal(text: "Give me the uppercase form.") [< 1 ms]
  Passed CnetControlPlane.Tests.LearningTaskParserTests.AmbiguityRequiresClarificationWithoutAnExecutableProposal(text: "Could you return a capitalized equivalent, please?") [< 1 ms]
  Passed CnetControlPlane.Tests.LearningTaskParserTests.AmbiguityRequiresClarificationWithoutAnExecutableProposal(text: "uppercase \"?") [< 1 ms]
  Passed CnetControlPlane.Tests.LearningTaskParserTests.AmbiguityRequiresClarificationWithoutAnExecutableProposal(text: "uppercase 65") [< 1 ms]
  Passed CnetControlPlane.Tests.LearningTaskParserTests.AmbiguityRequiresClarificationWithoutAnExecutableProposal(text: "Uppercase ';' or ':'.") [< 1 ms]
  Passed CnetControlPlane.Tests.LearningCaseRequestSyntaxTests.ClaimedRequestsCannotDiscardUnknownActionsOrAcquireAuthority(text: "Could you kindly render 'É' in lowercase in Turkis"···, status: "abstain") [< 1 ms]
  Passed CnetControlPlane.Tests.LearningTaskParserTests.AmbiguityRequiresClarificationWithoutAnExecutableProposal(text: "Return a lower-case version.") [< 1 ms]
  Passed CnetControlPlane.Tests.LearningCaseRequestSyntaxTests.ClaimedRequestsCannotDiscardUnknownActionsOrAcquireAuthority(text: "Please, uppercase U+000A!", status: "abstain") [< 1 ms]
  Passed CnetControlPlane.Tests.LearningTaskParserTests.AmbiguityRequiresClarificationWithoutAnExecutableProposal(text: "uppercase abc") [< 1 ms]
  Passed CnetControlPlane.Tests.LearningTaskParserTests.AmbiguityRequiresClarificationWithoutAnExecutableProposal(text: "change case") [< 1 ms]
  Passed CnetControlPlane.Tests.LearningTaskParserTests.AmbiguityRequiresClarificationWithoutAnExecutableProposal(text: "change case of µ") [< 1 ms]
  Passed CnetControlPlane.Tests.LearningTaskParserTests.AmbiguityRequiresClarificationWithoutAnExecutableProposal(text: "Return a capital letter.") [< 1 ms]
  Passed CnetControlPlane.Tests.LearningTaskParserTests.AmbiguityRequiresClarificationWithoutAnExecutableProposal(text: "Please convert to upper case.") [< 1 ms]
  Passed CnetControlPlane.Tests.LearningTaskParserTests.AmbiguityRequiresClarificationWithoutAnExecutableProposal(text: "Return a lowercase letter.") [< 1 ms]
  Passed CnetControlPlane.Tests.LearningTaskParserTests.AmbiguityRequiresClarificationWithoutAnExecutableProposal(text: "Return a capitalised version.") [< 1 ms]
  Passed CnetControlPlane.Tests.LearningTaskParserTests.AmbiguityRequiresClarificationWithoutAnExecutableProposal(text: "uppercase ??") [< 1 ms]
  Passed CnetControlPlane.Tests.LearningCaseRequestSyntaxTests.BoundsApplyBeforeTrimmingAndEveryAdditionalActionRemainsUntrusted [< 1 ms]
  Passed CnetControlPlane.Tests.LearningTaskParserTests.AmbiguityRequiresClarificationWithoutAnExecutableProposal(text: "Please apply a case operation to 'É'.") [< 1 ms]
  Passed CnetControlPlane.Tests.LearningTaskParserTests.AmbiguityRequiresClarificationWithoutAnExecutableProposal(text: "uppercase 7") [< 1 ms]
  Passed CnetControlPlane.Tests.LearningTaskParserTests.AmbiguityRequiresClarificationWithoutAnExecutableProposal(text: "Please convert to lower case.") [< 1 ms]
  Passed CnetControlPlane.Tests.LearningTaskParserTests.AmbiguityRequiresClarificationWithoutAnExecutableProposal(text: "Uppercase a b.") [< 1 ms]
  Passed CnetControlPlane.Tests.LearningTaskParserTests.AmbiguityRequiresClarificationWithoutAnExecutableProposal(text: "uppercase ..") [< 1 ms]
  Passed CnetControlPlane.Tests.LearningTaskParserTests.AmbiguityRequiresClarificationWithoutAnExecutableProposal(text: "Uppercase a,b and c.") [< 1 ms]
  Passed CnetControlPlane.Tests.LearningTaskParserTests.AmbiguityRequiresClarificationWithoutAnExecutableProposal(text: "Convert U+0042 to the requested case.") [< 1 ms]
  Passed CnetControlPlane.Tests.LearningTaskParserTests.AmbiguityRequiresClarificationWithoutAnExecutableProposal(text: "Uppercase ',' or '.'.") [< 1 ms]
  Passed CnetControlPlane.Tests.LearningTaskParserTests.AmbiguityRequiresClarificationWithoutAnExecutableProposal(text: "uppercase") [< 1 ms]
  Passed CnetControlPlane.Tests.LearningTaskParserTests.AmbiguityRequiresClarificationWithoutAnExecutableProposal(text: "Apply a case conversion to codepoint 75.") [< 1 ms]
  Passed CnetControlPlane.Tests.LearningTaskParserTests.AmbiguityRequiresClarificationWithoutAnExecutableProposal(text: "Make U+0061 or U+0062 uppercase.") [< 1 ms]
  Passed CnetControlPlane.Tests.LearningTaskParserTests.AmbiguityRequiresClarificationWithoutAnExecutableProposal(text: "Return a capital-letter version.") [< 1 ms]
  Passed CnetControlPlane.Tests.LearningTaskParserTests.AmbiguityRequiresClarificationWithoutAnExecutableProposal(text: "Make a capital form.") [< 1 ms]
  Passed CnetControlPlane.Tests.LearningTaskParserTests.AmbiguityRequiresClarificationWithoutAnExecutableProposal(text: "Give me a small letter.") [< 1 ms]
  Passed CnetControlPlane.Tests.LearningTaskParserTests.AmbiguityRequiresClarificationWithoutAnExecutableProposal(text: "Uppercase 65 or a.") [< 1 ms]
  Passed CnetControlPlane.Tests.LearningTaskParserTests.AmbiguityRequiresClarificationWithoutAnExecutableProposal(text: "Please case-convert E.") [< 1 ms]
  Passed CnetControlPlane.Tests.LearningTaskParserTests.AmbiguityRequiresClarificationWithoutAnExecutableProposal(text: "Uppercase a, b and c.") [< 1 ms]
  Passed CnetControlPlane.Tests.LearningTaskParserTests.AmbiguityRequiresClarificationWithoutAnExecutableProposal(text: "uppercase a and b") [< 1 ms]
  Passed CnetControlPlane.Tests.LearningTaskParserTests.AmbiguityRequiresClarificationWithoutAnExecutableProposal(text: "uppercase '?") [< 1 ms]
[xUnit.net 00:00:01.08]   Finished:    CnetControlPlane.Tests
  Passed CnetControlPlane.Tests.LearningTaskParserTests.EncodedControlCharactersNeverBecomeTypedProposals [2 ms]
  Passed CnetControlPlane.Tests.LearningTaskParserTests.RequestLengthIsBounded [< 1 ms]
  Passed CnetControlPlane.Tests.LearningCaseRequestSyntaxTests.EveryLatin1LiteralRetainsItsByteAndControlsRemainRefused [6 ms]

Test Run Successful.
Total tests: 563
     Passed: 563
 Total time: 1.3169 Seconds
