  Determining projects to restore...
  Restored /home/marble/AI/CNET-worktrees/herdr-language-20260909/dotnet/CnetControlPlane.Tests/CnetControlPlane.Tests.csproj (in 403 ms).
  Restored /home/marble/AI/CNET-worktrees/herdr-language-20260909/dotnet/CnetControlPlane/CnetControlPlane.csproj (in 403 ms).
  CnetControlPlane -> /home/marble/AI/CNET-worktrees/herdr-language-20260909/.artifacts/herdr-verb-composition/bin/CnetControlPlane/debug/cnet-control.dll
/home/marble/AI/CNET-worktrees/herdr-language-20260909/dotnet/CnetControlPlane.Tests/LearningRuntimeLedgerTests.cs(22,9): warning CA1416: This call site is reachable on all platforms. 'Directory.CreateDirectory(string, UnixFileMode)' is unsupported on: 'windows'. (https://learn.microsoft.com/dotnet/fundamentals/code-analysis/quality-rules/ca1416) [/home/marble/AI/CNET-worktrees/herdr-language-20260909/dotnet/CnetControlPlane.Tests/CnetControlPlane.Tests.csproj]
/home/marble/AI/CNET-worktrees/herdr-language-20260909/dotnet/CnetControlPlane.Tests/LearningRuntimeLedgerTests.cs(21,9): warning CA1416: This call site is reachable on all platforms. 'File.SetUnixFileMode(string, UnixFileMode)' is unsupported on: 'windows'. (https://learn.microsoft.com/dotnet/fundamentals/code-analysis/quality-rules/ca1416) [/home/marble/AI/CNET-worktrees/herdr-language-20260909/dotnet/CnetControlPlane.Tests/CnetControlPlane.Tests.csproj]
/home/marble/AI/CNET-worktrees/herdr-language-20260909/dotnet/CnetControlPlane.Tests/LearningRuntimeLedgerTests.cs(23,9): warning CA1416: This call site is reachable on all platforms. 'Directory.CreateDirectory(string, UnixFileMode)' is unsupported on: 'windows'. (https://learn.microsoft.com/dotnet/fundamentals/code-analysis/quality-rules/ca1416) [/home/marble/AI/CNET-worktrees/herdr-language-20260909/dotnet/CnetControlPlane.Tests/CnetControlPlane.Tests.csproj]
/home/marble/AI/CNET-worktrees/herdr-language-20260909/dotnet/CnetControlPlane.Tests/LearningNativeLedgerTests.cs(38,43): warning CA1416: This call site is reachable on all platforms. 'File.SetUnixFileMode(string, UnixFileMode)' is unsupported on: 'windows'. (https://learn.microsoft.com/dotnet/fundamentals/code-analysis/quality-rules/ca1416) [/home/marble/AI/CNET-worktrees/herdr-language-20260909/dotnet/CnetControlPlane.Tests/CnetControlPlane.Tests.csproj]
/home/marble/AI/CNET-worktrees/herdr-language-20260909/dotnet/CnetControlPlane.Tests/LearningRuntimeLedgerTests.cs(35,13): warning CA1416: This call site is reachable on all platforms. 'File.SetUnixFileMode(string, UnixFileMode)' is unsupported on: 'windows'. (https://learn.microsoft.com/dotnet/fundamentals/code-analysis/quality-rules/ca1416) [/home/marble/AI/CNET-worktrees/herdr-language-20260909/dotnet/CnetControlPlane.Tests/CnetControlPlane.Tests.csproj]
/home/marble/AI/CNET-worktrees/herdr-language-20260909/dotnet/CnetControlPlane.Tests/LearningRuntimeLedgerTests.cs(32,36): warning CA1416: This call site is reachable on all platforms. 'File.SetUnixFileMode(string, UnixFileMode)' is unsupported on: 'windows'. (https://learn.microsoft.com/dotnet/fundamentals/code-analysis/quality-rules/ca1416) [/home/marble/AI/CNET-worktrees/herdr-language-20260909/dotnet/CnetControlPlane.Tests/CnetControlPlane.Tests.csproj]
  CnetControlPlane.Tests -> /home/marble/AI/CNET-worktrees/herdr-language-20260909/.artifacts/herdr-verb-composition/bin/CnetControlPlane.Tests/debug/CnetControlPlane.Tests.dll
Test run for /home/marble/AI/CNET-worktrees/herdr-language-20260909/.artifacts/herdr-verb-composition/bin/CnetControlPlane.Tests/debug/CnetControlPlane.Tests.dll (.NETCoreApp,Version=v8.0)
A total of 1 test files matched the specified pattern.
[xUnit.net 00:00:00.00] xUnit.net VSTest Adapter v2.8.2+699d445a1a (64-bit .NET 8.0.30)
[xUnit.net 00:00:00.03]   Discovering: CnetControlPlane.Tests
[xUnit.net 00:00:00.33]   Discovered:  CnetControlPlane.Tests
[xUnit.net 00:00:00.33]   Starting:    CnetControlPlane.Tests
[xUnit.net 00:00:01.12]     CnetControlPlane.Tests.LearningCaseVerbCompositionTests.VerbInflectionsComposeWithoutChangingOperandText(text: "Would you mind taking 'P' to lowercase?", operation: "lower", key: 80) [FAIL]
[xUnit.net 00:00:01.12]       TASK_VERB_RED Would you mind taking 'P' to lowercase?: abstain
[xUnit.net 00:00:01.12]       Stack Trace:
[xUnit.net 00:00:01.12]         /home/marble/AI/CNET-worktrees/herdr-language-20260909/dotnet/CnetControlPlane.Tests/LearningCaseVerbCompositionTests.cs(48,0): at CnetControlPlane.Tests.LearningCaseVerbCompositionTests.Ready(String text, String operation, Byte key)
[xUnit.net 00:00:01.12]         /home/marble/AI/CNET-worktrees/herdr-language-20260909/dotnet/CnetControlPlane.Tests/LearningCaseVerbCompositionTests.cs(43,0): at CnetControlPlane.Tests.LearningCaseVerbCompositionTests.VerbInflectionsComposeWithoutChangingOperandText(String text, String operation, Byte key)
[xUnit.net 00:00:01.12]            at System.RuntimeMethodHandle.InvokeMethod(Object target, Void** arguments, Signature sig, Boolean isConstructor)
[xUnit.net 00:00:01.12]            at System.Reflection.MethodBaseInvoker.InvokeDirectByRefWithFewArgs(Object obj, Span`1 copyOfArgs, BindingFlags invokeAttr)
[xUnit.net 00:00:01.12]     CnetControlPlane.Tests.LearningCaseVerbCompositionTests.VerbInflectionsComposeWithoutChangingOperandText(text: "Show me 'P' after converting it to lowercase.", operation: "lower", key: 80) [FAIL]
[xUnit.net 00:00:01.12]       TASK_VERB_RED Show me 'P' after converting it to lowercase.: abstain
[xUnit.net 00:00:01.12]       Stack Trace:
[xUnit.net 00:00:01.12]         /home/marble/AI/CNET-worktrees/herdr-language-20260909/dotnet/CnetControlPlane.Tests/LearningCaseVerbCompositionTests.cs(48,0): at CnetControlPlane.Tests.LearningCaseVerbCompositionTests.Ready(String text, String operation, Byte key)
[xUnit.net 00:00:01.12]         /home/marble/AI/CNET-worktrees/herdr-language-20260909/dotnet/CnetControlPlane.Tests/LearningCaseVerbCompositionTests.cs(43,0): at CnetControlPlane.Tests.LearningCaseVerbCompositionTests.VerbInflectionsComposeWithoutChangingOperandText(String text, String operation, Byte key)
[xUnit.net 00:00:01.12]            at InvokeStub_LearningCaseVerbCompositionTests.VerbInflectionsComposeWithoutChangingOperandText(Object, Span`1)
[xUnit.net 00:00:01.12]            at System.Reflection.MethodBaseInvoker.InvokeWithFewArgs(Object obj, BindingFlags invokeAttr, Binder binder, Object[] parameters, CultureInfo culture)
[xUnit.net 00:00:01.12]     CnetControlPlane.Tests.LearningCaseVerbCompositionTests.VerbInflectionsComposeWithoutChangingOperandText(text: "Show me 'P' after rewriting it to lowercase.", operation: "lower", key: 80) [FAIL]
[xUnit.net 00:00:01.12]       TASK_VERB_RED Show me 'P' after rewriting it to lowercase.: abstain
[xUnit.net 00:00:01.12]       Stack Trace:
[xUnit.net 00:00:01.12]         /home/marble/AI/CNET-worktrees/herdr-language-20260909/dotnet/CnetControlPlane.Tests/LearningCaseVerbCompositionTests.cs(48,0): at CnetControlPlane.Tests.LearningCaseVerbCompositionTests.Ready(String text, String operation, Byte key)
[xUnit.net 00:00:01.12]         /home/marble/AI/CNET-worktrees/herdr-language-20260909/dotnet/CnetControlPlane.Tests/LearningCaseVerbCompositionTests.cs(43,0): at CnetControlPlane.Tests.LearningCaseVerbCompositionTests.VerbInflectionsComposeWithoutChangingOperandText(String text, String operation, Byte key)
[xUnit.net 00:00:01.12]            at InvokeStub_LearningCaseVerbCompositionTests.VerbInflectionsComposeWithoutChangingOperandText(Object, Span`1)
[xUnit.net 00:00:01.12]            at System.Reflection.MethodBaseInvoker.InvokeWithFewArgs(Object obj, BindingFlags invokeAttr, Binder binder, Object[] parameters, CultureInfo culture)
[xUnit.net 00:00:01.12]     CnetControlPlane.Tests.LearningCaseVerbCompositionTests.VerbInflectionsComposeWithoutChangingOperandText(text: "Would you mind recasting 'P' to lowercase?", operation: "lower", key: 80) [FAIL]
[xUnit.net 00:00:01.12]       TASK_VERB_RED Would you mind recasting 'P' to lowercase?: abstain
[xUnit.net 00:00:01.12]       Stack Trace:
[xUnit.net 00:00:01.12]         /home/marble/AI/CNET-worktrees/herdr-language-20260909/dotnet/CnetControlPlane.Tests/LearningCaseVerbCompositionTests.cs(48,0): at CnetControlPlane.Tests.LearningCaseVerbCompositionTests.Ready(String text, String operation, Byte key)
[xUnit.net 00:00:01.12]         /home/marble/AI/CNET-worktrees/herdr-language-20260909/dotnet/CnetControlPlane.Tests/LearningCaseVerbCompositionTests.cs(43,0): at CnetControlPlane.Tests.LearningCaseVerbCompositionTests.VerbInflectionsComposeWithoutChangingOperandText(String text, String operation, Byte key)
[xUnit.net 00:00:01.12]            at InvokeStub_LearningCaseVerbCompositionTests.VerbInflectionsComposeWithoutChangingOperandText(Object, Span`1)
[xUnit.net 00:00:01.12]            at System.Reflection.MethodBaseInvoker.InvokeWithFewArgs(Object obj, BindingFlags invokeAttr, Binder binder, Object[] parameters, CultureInfo culture)
[xUnit.net 00:00:01.12]     CnetControlPlane.Tests.LearningCaseVerbCompositionTests.VerbInflectionsComposeWithoutChangingOperandText(text: "Show me 'P' after taking it to lowercase.", operation: "lower", key: 80) [FAIL]
[xUnit.net 00:00:01.12]       TASK_VERB_RED Show me 'P' after taking it to lowercase.: abstain
[xUnit.net 00:00:01.12]       Stack Trace:
[xUnit.net 00:00:01.12]         /home/marble/AI/CNET-worktrees/herdr-language-20260909/dotnet/CnetControlPlane.Tests/LearningCaseVerbCompositionTests.cs(48,0): at CnetControlPlane.Tests.LearningCaseVerbCompositionTests.Ready(String text, String operation, Byte key)
[xUnit.net 00:00:01.12]         /home/marble/AI/CNET-worktrees/herdr-language-20260909/dotnet/CnetControlPlane.Tests/LearningCaseVerbCompositionTests.cs(43,0): at CnetControlPlane.Tests.LearningCaseVerbCompositionTests.VerbInflectionsComposeWithoutChangingOperandText(String text, String operation, Byte key)
[xUnit.net 00:00:01.12]            at InvokeStub_LearningCaseVerbCompositionTests.VerbInflectionsComposeWithoutChangingOperandText(Object, Span`1)
[xUnit.net 00:00:01.12]            at System.Reflection.MethodBaseInvoker.InvokeWithFewArgs(Object obj, BindingFlags invokeAttr, Binder binder, Object[] parameters, CultureInfo culture)
[xUnit.net 00:00:01.12]     CnetControlPlane.Tests.LearningCaseVerbCompositionTests.VerbInflectionsComposeWithoutChangingOperandText(text: "Show me 'P' after folding it to lowercase.", operation: "lower", key: 80) [FAIL]
[xUnit.net 00:00:01.12]       TASK_VERB_RED Show me 'P' after folding it to lowercase.: abstain
[xUnit.net 00:00:01.12]       Stack Trace:
[xUnit.net 00:00:01.12]         /home/marble/AI/CNET-worktrees/herdr-language-20260909/dotnet/CnetControlPlane.Tests/LearningCaseVerbCompositionTests.cs(48,0): at CnetControlPlane.Tests.LearningCaseVerbCompositionTests.Ready(String text, String operation, Byte key)
[xUnit.net 00:00:01.12]         /home/marble/AI/CNET-worktrees/herdr-language-20260909/dotnet/CnetControlPlane.Tests/LearningCaseVerbCompositionTests.cs(43,0): at CnetControlPlane.Tests.LearningCaseVerbCompositionTests.VerbInflectionsComposeWithoutChangingOperandText(String text, String operation, Byte key)
[xUnit.net 00:00:01.12]            at InvokeStub_LearningCaseVerbCompositionTests.VerbInflectionsComposeWithoutChangingOperandText(Object, Span`1)
[xUnit.net 00:00:01.12]            at System.Reflection.MethodBaseInvoker.InvokeWithFewArgs(Object obj, BindingFlags invokeAttr, Binder binder, Object[] parameters, CultureInfo culture)
[xUnit.net 00:00:01.12]     CnetControlPlane.Tests.LearningCaseVerbCompositionTests.VerbInflectionsComposeWithoutChangingOperandText(text: "Would you mind raising 'P' to uppercase?", operation: "upper", key: 80) [FAIL]
[xUnit.net 00:00:01.12]       TASK_VERB_RED Would you mind raising 'P' to uppercase?: abstain
[xUnit.net 00:00:01.12]       Stack Trace:
[xUnit.net 00:00:01.12]         /home/marble/AI/CNET-worktrees/herdr-language-20260909/dotnet/CnetControlPlane.Tests/LearningCaseVerbCompositionTests.cs(48,0): at CnetControlPlane.Tests.LearningCaseVerbCompositionTests.Ready(String text, String operation, Byte key)
[xUnit.net 00:00:01.12]         /home/marble/AI/CNET-worktrees/herdr-language-20260909/dotnet/CnetControlPlane.Tests/LearningCaseVerbCompositionTests.cs(43,0): at CnetControlPlane.Tests.LearningCaseVerbCompositionTests.VerbInflectionsComposeWithoutChangingOperandText(String text, String operation, Byte key)
[xUnit.net 00:00:01.12]            at InvokeStub_LearningCaseVerbCompositionTests.VerbInflectionsComposeWithoutChangingOperandText(Object, Span`1)
[xUnit.net 00:00:01.12]            at System.Reflection.MethodBaseInvoker.InvokeWithFewArgs(Object obj, BindingFlags invokeAttr, Binder binder, Object[] parameters, CultureInfo culture)
[xUnit.net 00:00:01.12]     CnetControlPlane.Tests.LearningCaseVerbCompositionTests.VerbInflectionsComposeWithoutChangingOperandText(text: "Would you mind mapping 'P' to lowercase?", operation: "lower", key: 80) [FAIL]
[xUnit.net 00:00:01.12]       TASK_VERB_RED Would you mind mapping 'P' to lowercase?: abstain
[xUnit.net 00:00:01.12]       Stack Trace:
[xUnit.net 00:00:01.12]         /home/marble/AI/CNET-worktrees/herdr-language-20260909/dotnet/CnetControlPlane.Tests/LearningCaseVerbCompositionTests.cs(48,0): at CnetControlPlane.Tests.LearningCaseVerbCompositionTests.Ready(String text, String operation, Byte key)
[xUnit.net 00:00:01.12]         /home/marble/AI/CNET-worktrees/herdr-language-20260909/dotnet/CnetControlPlane.Tests/LearningCaseVerbCompositionTests.cs(43,0): at CnetControlPlane.Tests.LearningCaseVerbCompositionTests.VerbInflectionsComposeWithoutChangingOperandText(String text, String operation, Byte key)
[xUnit.net 00:00:01.12]            at InvokeStub_LearningCaseVerbCompositionTests.VerbInflectionsComposeWithoutChangingOperandText(Object, Span`1)
[xUnit.net 00:00:01.12]            at System.Reflection.MethodBaseInvoker.InvokeWithFewArgs(Object obj, BindingFlags invokeAttr, Binder binder, Object[] parameters, CultureInfo culture)
[xUnit.net 00:00:01.12]     CnetControlPlane.Tests.LearningCaseVerbCompositionTests.VerbInflectionsComposeWithoutChangingOperandText(text: "Would you mind giving 'A' in lowercase?", operation: "lower", key: 65) [FAIL]
[xUnit.net 00:00:01.12]       TASK_VERB_RED Would you mind giving 'A' in lowercase?: abstain
[xUnit.net 00:00:01.12]       Stack Trace:
[xUnit.net 00:00:01.12]         /home/marble/AI/CNET-worktrees/herdr-language-20260909/dotnet/CnetControlPlane.Tests/LearningCaseVerbCompositionTests.cs(48,0): at CnetControlPlane.Tests.LearningCaseVerbCompositionTests.Ready(String text, String operation, Byte key)
[xUnit.net 00:00:01.12]         /home/marble/AI/CNET-worktrees/herdr-language-20260909/dotnet/CnetControlPlane.Tests/LearningCaseVerbCompositionTests.cs(43,0): at CnetControlPlane.Tests.LearningCaseVerbCompositionTests.VerbInflectionsComposeWithoutChangingOperandText(String text, String operation, Byte key)
[xUnit.net 00:00:01.12]            at InvokeStub_LearningCaseVerbCompositionTests.VerbInflectionsComposeWithoutChangingOperandText(Object, Span`1)
[xUnit.net 00:00:01.12]            at System.Reflection.MethodBaseInvoker.InvokeWithFewArgs(Object obj, BindingFlags invokeAttr, Binder binder, Object[] parameters, CultureInfo culture)
  Failed CnetControlPlane.Tests.LearningCaseVerbCompositionTests.VerbInflectionsComposeWithoutChangingOperandText(text: "Would you mind taking 'P' to lowercase?", operation: "lower", key: 80) [760 ms]
  Error Message:
   TASK_VERB_RED Would you mind taking 'P' to lowercase?: abstain
  Stack Trace:
     at CnetControlPlane.Tests.LearningCaseVerbCompositionTests.Ready(String text, String operation, Byte key) in /home/marble/AI/CNET-worktrees/herdr-language-20260909/dotnet/CnetControlPlane.Tests/LearningCaseVerbCompositionTests.cs:line 48
   at CnetControlPlane.Tests.LearningCaseVerbCompositionTests.VerbInflectionsComposeWithoutChangingOperandText(String text, String operation, Byte key) in /home/marble/AI/CNET-worktrees/herdr-language-20260909/dotnet/CnetControlPlane.Tests/LearningCaseVerbCompositionTests.cs:line 43
   at System.RuntimeMethodHandle.InvokeMethod(Object target, Void** arguments, Signature sig, Boolean isConstructor)
   at System.Reflection.MethodBaseInvoker.InvokeDirectByRefWithFewArgs(Object obj, Span`1 copyOfArgs, BindingFlags invokeAttr)
  Failed CnetControlPlane.Tests.LearningCaseVerbCompositionTests.VerbInflectionsComposeWithoutChangingOperandText(text: "Show me 'P' after converting it to lowercase.", operation: "lower", key: 80) [3 ms]
  Error Message:
   TASK_VERB_RED Show me 'P' after converting it to lowercase.: abstain
  Stack Trace:
     at CnetControlPlane.Tests.LearningCaseVerbCompositionTests.Ready(String text, String operation, Byte key) in /home/marble/AI/CNET-worktrees/herdr-language-20260909/dotnet/CnetControlPlane.Tests/LearningCaseVerbCompositionTests.cs:line 48
   at CnetControlPlane.Tests.LearningCaseVerbCompositionTests.VerbInflectionsComposeWithoutChangingOperandText(String text, String operation, Byte key) in /home/marble/AI/CNET-worktrees/herdr-language-20260909/dotnet/CnetControlPlane.Tests/LearningCaseVerbCompositionTests.cs:line 43
   at InvokeStub_LearningCaseVerbCompositionTests.VerbInflectionsComposeWithoutChangingOperandText(Object, Span`1)
   at System.Reflection.MethodBaseInvoker.InvokeWithFewArgs(Object obj, BindingFlags invokeAttr, Binder binder, Object[] parameters, CultureInfo culture)
  Failed CnetControlPlane.Tests.LearningCaseVerbCompositionTests.VerbInflectionsComposeWithoutChangingOperandText(text: "Show me 'P' after rewriting it to lowercase.", operation: "lower", key: 80) [< 1 ms]
  Error Message:
   TASK_VERB_RED Show me 'P' after rewriting it to lowercase.: abstain
  Stack Trace:
     at CnetControlPlane.Tests.LearningCaseVerbCompositionTests.Ready(String text, String operation, Byte key) in /home/marble/AI/CNET-worktrees/herdr-language-20260909/dotnet/CnetControlPlane.Tests/LearningCaseVerbCompositionTests.cs:line 48
   at CnetControlPlane.Tests.LearningCaseVerbCompositionTests.VerbInflectionsComposeWithoutChangingOperandText(String text, String operation, Byte key) in /home/marble/AI/CNET-worktrees/herdr-language-20260909/dotnet/CnetControlPlane.Tests/LearningCaseVerbCompositionTests.cs:line 43
   at InvokeStub_LearningCaseVerbCompositionTests.VerbInflectionsComposeWithoutChangingOperandText(Object, Span`1)
   at System.Reflection.MethodBaseInvoker.InvokeWithFewArgs(Object obj, BindingFlags invokeAttr, Binder binder, Object[] parameters, CultureInfo culture)
  Failed CnetControlPlane.Tests.LearningCaseVerbCompositionTests.VerbInflectionsComposeWithoutChangingOperandText(text: "Would you mind recasting 'P' to lowercase?", operation: "lower", key: 80) [< 1 ms]
  Error Message:
   TASK_VERB_RED Would you mind recasting 'P' to lowercase?: abstain
  Stack Trace:
     at CnetControlPlane.Tests.LearningCaseVerbCompositionTests.Ready(String text, String operation, Byte key) in /home/marble/AI/CNET-worktrees/herdr-language-20260909/dotnet/CnetControlPlane.Tests/LearningCaseVerbCompositionTests.cs:line 48
   at CnetControlPlane.Tests.LearningCaseVerbCompositionTests.VerbInflectionsComposeWithoutChangingOperandText(String text, String operation, Byte key) in /home/marble/AI/CNET-worktrees/herdr-language-20260909/dotnet/CnetControlPlane.Tests/LearningCaseVerbCompositionTests.cs:line 43
   at InvokeStub_LearningCaseVerbCompositionTests.VerbInflectionsComposeWithoutChangingOperandText(Object, Span`1)
   at System.Reflection.MethodBaseInvoker.InvokeWithFewArgs(Object obj, BindingFlags invokeAttr, Binder binder, Object[] parameters, CultureInfo culture)
  Failed CnetControlPlane.Tests.LearningCaseVerbCompositionTests.VerbInflectionsComposeWithoutChangingOperandText(text: "Show me 'P' after taking it to lowercase.", operation: "lower", key: 80) [< 1 ms]
  Error Message:
   TASK_VERB_RED Show me 'P' after taking it to lowercase.: abstain
  Stack Trace:
     at CnetControlPlane.Tests.LearningCaseVerbCompositionTests.Ready(String text, String operation, Byte key) in /home/marble/AI/CNET-worktrees/herdr-language-20260909/dotnet/CnetControlPlane.Tests/LearningCaseVerbCompositionTests.cs:line 48
   at CnetControlPlane.Tests.LearningCaseVerbCompositionTests.VerbInflectionsComposeWithoutChangingOperandText(String text, String operation, Byte key) in /home/marble/AI/CNET-worktrees/herdr-language-20260909/dotnet/CnetControlPlane.Tests/LearningCaseVerbCompositionTests.cs:line 43
   at InvokeStub_LearningCaseVerbCompositionTests.VerbInflectionsComposeWithoutChangingOperandText(Object, Span`1)
   at System.Reflection.MethodBaseInvoker.InvokeWithFewArgs(Object obj, BindingFlags invokeAttr, Binder binder, Object[] parameters, CultureInfo culture)
  Failed CnetControlPlane.Tests.LearningCaseVerbCompositionTests.VerbInflectionsComposeWithoutChangingOperandText(text: "Show me 'P' after folding it to lowercase.", operation: "lower", key: 80) [< 1 ms]
  Error Message:
   TASK_VERB_RED Show me 'P' after folding it to lowercase.: abstain
  Stack Trace:
     at CnetControlPlane.Tests.LearningCaseVerbCompositionTests.Ready(String text, String operation, Byte key) in /home/marble/AI/CNET-worktrees/herdr-language-20260909/dotnet/CnetControlPlane.Tests/LearningCaseVerbCompositionTests.cs:line 48
   at CnetControlPlane.Tests.LearningCaseVerbCompositionTests.VerbInflectionsComposeWithoutChangingOperandText(String text, String operation, Byte key) in /home/marble/AI/CNET-worktrees/herdr-language-20260909/dotnet/CnetControlPlane.Tests/LearningCaseVerbCompositionTests.cs:line 43
   at InvokeStub_LearningCaseVerbCompositionTests.VerbInflectionsComposeWithoutChangingOperandText(Object, Span`1)
   at System.Reflection.MethodBaseInvoker.InvokeWithFewArgs(Object obj, BindingFlags invokeAttr, Binder binder, Object[] parameters, CultureInfo culture)
  Failed CnetControlPlane.Tests.LearningCaseVerbCompositionTests.VerbInflectionsComposeWithoutChangingOperandText(text: "Would you mind raising 'P' to uppercase?", operation: "upper", key: 80) [< 1 ms]
  Error Message:
   TASK_VERB_RED Would you mind raising 'P' to uppercase?: abstain
  Stack Trace:
     at CnetControlPlane.Tests.LearningCaseVerbCompositionTests.Ready(String text, String operation, Byte key) in /home/marble/AI/CNET-worktrees/herdr-language-20260909/dotnet/CnetControlPlane.Tests/LearningCaseVerbCompositionTests.cs:line 48
   at CnetControlPlane.Tests.LearningCaseVerbCompositionTests.VerbInflectionsComposeWithoutChangingOperandText(String text, String operation, Byte key) in /home/marble/AI/CNET-worktrees/herdr-language-20260909/dotnet/CnetControlPlane.Tests/LearningCaseVerbCompositionTests.cs:line 43
   at InvokeStub_LearningCaseVerbCompositionTests.VerbInflectionsComposeWithoutChangingOperandText(Object, Span`1)
   at System.Reflection.MethodBaseInvoker.InvokeWithFewArgs(Object obj, BindingFlags invokeAttr, Binder binder, Object[] parameters, CultureInfo culture)
  Failed CnetControlPlane.Tests.LearningCaseVerbCompositionTests.VerbInflectionsComposeWithoutChangingOperandText(text: "Would you mind mapping 'P' to lowercase?", operation: "lower", key: 80) [< 1 ms]
  Error Message:
   TASK_VERB_RED Would you mind mapping 'P' to lowercase?: abstain
  Stack Trace:
     at CnetControlPlane.Tests.LearningCaseVerbCompositionTests.Ready(String text, String operation, Byte key) in /home/marble/AI/CNET-worktrees/herdr-language-20260909/dotnet/CnetControlPlane.Tests/LearningCaseVerbCompositionTests.cs:line 48
   at CnetControlPlane.Tests.LearningCaseVerbCompositionTests.VerbInflectionsComposeWithoutChangingOperandText(String text, String operation, Byte key) in /home/marble/AI/CNET-worktrees/herdr-language-20260909/dotnet/CnetControlPlane.Tests/LearningCaseVerbCompositionTests.cs:line 43
   at InvokeStub_LearningCaseVerbCompositionTests.VerbInflectionsComposeWithoutChangingOperandText(Object, Span`1)
   at System.Reflection.MethodBaseInvoker.InvokeWithFewArgs(Object obj, BindingFlags invokeAttr, Binder binder, Object[] parameters, CultureInfo culture)
  Failed CnetControlPlane.Tests.LearningCaseVerbCompositionTests.VerbInflectionsComposeWithoutChangingOperandText(text: "Would you mind giving 'A' in lowercase?", operation: "lower", key: 65) [< 1 ms]
  Error Message:
   TASK_VERB_RED Would you mind giving 'A' in lowercase?: abstain
  Stack Trace:
     at CnetControlPlane.Tests.LearningCaseVerbCompositionTests.Ready(String text, String operation, Byte key) in /home/marble/AI/CNET-worktrees/herdr-language-20260909/dotnet/CnetControlPlane.Tests/LearningCaseVerbCompositionTests.cs:line 48
   at CnetControlPlane.Tests.LearningCaseVerbCompositionTests.VerbInflectionsComposeWithoutChangingOperandText(String text, String operation, Byte key) in /home/marble/AI/CNET-worktrees/herdr-language-20260909/dotnet/CnetControlPlane.Tests/LearningCaseVerbCompositionTests.cs:line 43
   at InvokeStub_LearningCaseVerbCompositionTests.VerbInflectionsComposeWithoutChangingOperandText(Object, Span`1)
   at System.Reflection.MethodBaseInvoker.InvokeWithFewArgs(Object obj, BindingFlags invokeAttr, Binder binder, Object[] parameters, CultureInfo culture)
[xUnit.net 00:00:01.14]     CnetControlPlane.Tests.LearningCaseVerbCompositionTests.VerbInflectionsComposeWithoutChangingOperandText(text: "Would you mind supplying 'A' in lowercase?", operation: "lower", key: 65) [FAIL]
[xUnit.net 00:00:01.14]       TASK_VERB_RED Would you mind supplying 'A' in lowercase?: abstain
[xUnit.net 00:00:01.14]       Stack Trace:
[xUnit.net 00:00:01.14]         /home/marble/AI/CNET-worktrees/herdr-language-20260909/dotnet/CnetControlPlane.Tests/LearningCaseVerbCompositionTests.cs(48,0): at CnetControlPlane.Tests.LearningCaseVerbCompositionTests.Ready(String text, String operation, Byte key)
[xUnit.net 00:00:01.14]         /home/marble/AI/CNET-worktrees/herdr-language-20260909/dotnet/CnetControlPlane.Tests/LearningCaseVerbCompositionTests.cs(43,0): at CnetControlPlane.Tests.LearningCaseVerbCompositionTests.VerbInflectionsComposeWithoutChangingOperandText(String text, String operation, Byte key)
[xUnit.net 00:00:01.14]            at InvokeStub_LearningCaseVerbCompositionTests.VerbInflectionsComposeWithoutChangingOperandText(Object, Span`1)
[xUnit.net 00:00:01.14]            at System.Reflection.MethodBaseInvoker.InvokeWithFewArgs(Object obj, BindingFlags invokeAttr, Binder binder, Object[] parameters, CultureInfo culture)
[xUnit.net 00:00:01.14]     CnetControlPlane.Tests.LearningCaseVerbCompositionTests.VerbInflectionsComposeWithoutChangingOperandText(text: "Would you mind producing 'A' in lowercase?", operation: "lower", key: 65) [FAIL]
[xUnit.net 00:00:01.14]       TASK_VERB_RED Would you mind producing 'A' in lowercase?: abstain
[xUnit.net 00:00:01.14]       Stack Trace:
[xUnit.net 00:00:01.14]         /home/marble/AI/CNET-worktrees/herdr-language-20260909/dotnet/CnetControlPlane.Tests/LearningCaseVerbCompositionTests.cs(48,0): at CnetControlPlane.Tests.LearningCaseVerbCompositionTests.Ready(String text, String operation, Byte key)
[xUnit.net 00:00:01.14]         /home/marble/AI/CNET-worktrees/herdr-language-20260909/dotnet/CnetControlPlane.Tests/LearningCaseVerbCompositionTests.cs(43,0): at CnetControlPlane.Tests.LearningCaseVerbCompositionTests.VerbInflectionsComposeWithoutChangingOperandText(String text, String operation, Byte key)
[xUnit.net 00:00:01.14]            at InvokeStub_LearningCaseVerbCompositionTests.VerbInflectionsComposeWithoutChangingOperandText(Object, Span`1)
[xUnit.net 00:00:01.14]            at System.Reflection.MethodBaseInvoker.InvokeWithFewArgs(Object obj, BindingFlags invokeAttr, Binder binder, Object[] parameters, CultureInfo culture)
[xUnit.net 00:00:01.14]     CnetControlPlane.Tests.LearningCaseVerbCompositionTests.VerbInflectionsComposeWithoutChangingOperandText(text: "Show me 'P' after changing it to lowercase.", operation: "lower", key: 80) [FAIL]
[xUnit.net 00:00:01.14]       TASK_VERB_RED Show me 'P' after changing it to lowercase.: abstain
[xUnit.net 00:00:01.14]       Stack Trace:
[xUnit.net 00:00:01.14]         /home/marble/AI/CNET-worktrees/herdr-language-20260909/dotnet/CnetControlPlane.Tests/LearningCaseVerbCompositionTests.cs(48,0): at CnetControlPlane.Tests.LearningCaseVerbCompositionTests.Ready(String text, String operation, Byte key)
[xUnit.net 00:00:01.14]         /home/marble/AI/CNET-worktrees/herdr-language-20260909/dotnet/CnetControlPlane.Tests/LearningCaseVerbCompositionTests.cs(43,0): at CnetControlPlane.Tests.LearningCaseVerbCompositionTests.VerbInflectionsComposeWithoutChangingOperandText(String text, String operation, Byte key)
[xUnit.net 00:00:01.14]            at InvokeStub_LearningCaseVerbCompositionTests.VerbInflectionsComposeWithoutChangingOperandText(Object, Span`1)
[xUnit.net 00:00:01.14]            at System.Reflection.MethodBaseInvoker.InvokeWithFewArgs(Object obj, BindingFlags invokeAttr, Binder binder, Object[] parameters, CultureInfo culture)
[xUnit.net 00:00:01.14]     CnetControlPlane.Tests.LearningCaseVerbCompositionTests.VerbInflectionsComposeWithoutChangingOperandText(text: "Would you mind expressing 'A' in lowercase?", operation: "lower", key: 65) [FAIL]
[xUnit.net 00:00:01.14]       TASK_VERB_RED Would you mind expressing 'A' in lowercase?: abstain
[xUnit.net 00:00:01.14]       Stack Trace:
[xUnit.net 00:00:01.14]         /home/marble/AI/CNET-worktrees/herdr-language-20260909/dotnet/CnetControlPlane.Tests/LearningCaseVerbCompositionTests.cs(48,0): at CnetControlPlane.Tests.LearningCaseVerbCompositionTests.Ready(String text, String operation, Byte key)
[xUnit.net 00:00:01.14]         /home/marble/AI/CNET-worktrees/herdr-language-20260909/dotnet/CnetControlPlane.Tests/LearningCaseVerbCompositionTests.cs(43,0): at CnetControlPlane.Tests.LearningCaseVerbCompositionTests.VerbInflectionsComposeWithoutChangingOperandText(String text, String operation, Byte key)
[xUnit.net 00:00:01.14]            at InvokeStub_LearningCaseVerbCompositionTests.VerbInflectionsComposeWithoutChangingOperandText(Object, Span`1)
[xUnit.net 00:00:01.14]            at System.Reflection.MethodBaseInvoker.InvokeWithFewArgs(Object obj, BindingFlags invokeAttr, Binder binder, Object[] parameters, CultureInfo culture)
[xUnit.net 00:00:01.14]     CnetControlPlane.Tests.LearningCaseVerbCompositionTests.VerbInflectionsComposeWithoutChangingOperandText(text: "Show me 'P' after turning it to lowercase.", operation: "lower", key: 80) [FAIL]
[xUnit.net 00:00:01.14]       TASK_VERB_RED Show me 'P' after turning it to lowercase.: abstain
[xUnit.net 00:00:01.14]       Stack Trace:
[xUnit.net 00:00:01.14]         /home/marble/AI/CNET-worktrees/herdr-language-20260909/dotnet/CnetControlPlane.Tests/LearningCaseVerbCompositionTests.cs(48,0): at CnetControlPlane.Tests.LearningCaseVerbCompositionTests.Ready(String text, String operation, Byte key)
[xUnit.net 00:00:01.14]         /home/marble/AI/CNET-worktrees/herdr-language-20260909/dotnet/CnetControlPlane.Tests/LearningCaseVerbCompositionTests.cs(43,0): at CnetControlPlane.Tests.LearningCaseVerbCompositionTests.VerbInflectionsComposeWithoutChangingOperandText(String text, String operation, Byte key)
[xUnit.net 00:00:01.14]            at InvokeStub_LearningCaseVerbCompositionTests.VerbInflectionsComposeWithoutChangingOperandText(Object, Span`1)
[xUnit.net 00:00:01.14]            at System.Reflection.MethodBaseInvoker.InvokeWithFewArgs(Object obj, BindingFlags invokeAttr, Binder binder, Object[] parameters, CultureInfo culture)
[xUnit.net 00:00:01.14]     CnetControlPlane.Tests.LearningCaseVerbCompositionTests.VerbInflectionsComposeWithoutChangingOperandText(text: "Would you mind writing 'A' in lowercase?", operation: "lower", key: 65) [FAIL]
[xUnit.net 00:00:01.14]       TASK_VERB_RED Would you mind writing 'A' in lowercase?: abstain
[xUnit.net 00:00:01.14]       Stack Trace:
[xUnit.net 00:00:01.14]         /home/marble/AI/CNET-worktrees/herdr-language-20260909/dotnet/CnetControlPlane.Tests/LearningCaseVerbCompositionTests.cs(48,0): at CnetControlPlane.Tests.LearningCaseVerbCompositionTests.Ready(String text, String operation, Byte key)
[xUnit.net 00:00:01.14]         /home/marble/AI/CNET-worktrees/herdr-language-20260909/dotnet/CnetControlPlane.Tests/LearningCaseVerbCompositionTests.cs(43,0): at CnetControlPlane.Tests.LearningCaseVerbCompositionTests.VerbInflectionsComposeWithoutChangingOperandText(String text, String operation, Byte key)
[xUnit.net 00:00:01.14]            at InvokeStub_LearningCaseVerbCompositionTests.VerbInflectionsComposeWithoutChangingOperandText(Object, Span`1)
[xUnit.net 00:00:01.14]            at System.Reflection.MethodBaseInvoker.InvokeWithFewArgs(Object obj, BindingFlags invokeAttr, Binder binder, Object[] parameters, CultureInfo culture)
[xUnit.net 00:00:01.14]     CnetControlPlane.Tests.LearningCaseVerbCompositionTests.VerbInflectionsComposeWithoutChangingOperandText(text: "Would you mind rewriting 'P' to lowercase?", operation: "lower", key: 80) [FAIL]
[xUnit.net 00:00:01.14]       TASK_VERB_RED Would you mind rewriting 'P' to lowercase?: abstain
[xUnit.net 00:00:01.14]       Stack Trace:
[xUnit.net 00:00:01.14]         /home/marble/AI/CNET-worktrees/herdr-language-20260909/dotnet/CnetControlPlane.Tests/LearningCaseVerbCompositionTests.cs(48,0): at CnetControlPlane.Tests.LearningCaseVerbCompositionTests.Ready(String text, String operation, Byte key)
[xUnit.net 00:00:01.14]         /home/marble/AI/CNET-worktrees/herdr-language-20260909/dotnet/CnetControlPlane.Tests/LearningCaseVerbCompositionTests.cs(43,0): at CnetControlPlane.Tests.LearningCaseVerbCompositionTests.VerbInflectionsComposeWithoutChangingOperandText(String text, String operation, Byte key)
[xUnit.net 00:00:01.14]            at InvokeStub_LearningCaseVerbCompositionTests.VerbInflectionsComposeWithoutChangingOperandText(Object, Span`1)
[xUnit.net 00:00:01.14]            at System.Reflection.MethodBaseInvoker.InvokeWithFewArgs(Object obj, BindingFlags invokeAttr, Binder binder, Object[] parameters, CultureInfo culture)
[xUnit.net 00:00:01.14]     CnetControlPlane.Tests.LearningCaseVerbCompositionTests.VerbInflectionsComposeWithoutChangingOperandText(text: "Show me 'P' after raising it to uppercase.", operation: "upper", key: 80) [FAIL]
[xUnit.net 00:00:01.14]       TASK_VERB_RED Show me 'P' after raising it to uppercase.: abstain
[xUnit.net 00:00:01.14]       Stack Trace:
[xUnit.net 00:00:01.14]         /home/marble/AI/CNET-worktrees/herdr-language-20260909/dotnet/CnetControlPlane.Tests/LearningCaseVerbCompositionTests.cs(48,0): at CnetControlPlane.Tests.LearningCaseVerbCompositionTests.Ready(String text, String operation, Byte key)
[xUnit.net 00:00:01.14]         /home/marble/AI/CNET-worktrees/herdr-language-20260909/dotnet/CnetControlPlane.Tests/LearningCaseVerbCompositionTests.cs(43,0): at CnetControlPlane.Tests.LearningCaseVerbCompositionTests.VerbInflectionsComposeWithoutChangingOperandText(String text, String operation, Byte key)
[xUnit.net 00:00:01.14]            at InvokeStub_LearningCaseVerbCompositionTests.VerbInflectionsComposeWithoutChangingOperandText(Object, Span`1)
[xUnit.net 00:00:01.14]            at System.Reflection.MethodBaseInvoker.InvokeWithFewArgs(Object obj, BindingFlags invokeAttr, Binder binder, Object[] parameters, CultureInfo culture)
[xUnit.net 00:00:01.14]     CnetControlPlane.Tests.LearningCaseVerbCompositionTests.VerbInflectionsComposeWithoutChangingOperandText(text: "Would you mind folding 'P' to lowercase?", operation: "lower", key: 80) [FAIL]
[xUnit.net 00:00:01.14]       TASK_VERB_RED Would you mind folding 'P' to lowercase?: abstain
[xUnit.net 00:00:01.14]       Stack Trace:
[xUnit.net 00:00:01.14]         /home/marble/AI/CNET-worktrees/herdr-language-20260909/dotnet/CnetControlPlane.Tests/LearningCaseVerbCompositionTests.cs(48,0): at CnetControlPlane.Tests.LearningCaseVerbCompositionTests.Ready(String text, String operation, Byte key)
[xUnit.net 00:00:01.14]         /home/marble/AI/CNET-worktrees/herdr-language-20260909/dotnet/CnetControlPlane.Tests/LearningCaseVerbCompositionTests.cs(43,0): at CnetControlPlane.Tests.LearningCaseVerbCompositionTests.VerbInflectionsComposeWithoutChangingOperandText(String text, String operation, Byte key)
[xUnit.net 00:00:01.14]            at InvokeStub_LearningCaseVerbCompositionTests.VerbInflectionsComposeWithoutChangingOperandText(Object, Span`1)
[xUnit.net 00:00:01.14]            at System.Reflection.MethodBaseInvoker.InvokeWithFewArgs(Object obj, BindingFlags invokeAttr, Binder binder, Object[] parameters, CultureInfo culture)
  Failed CnetControlPlane.Tests.LearningCaseVerbCompositionTests.VerbInflectionsComposeWithoutChangingOperandText(text: "Would you mind supplying 'A' in lowercase?", operation: "lower", key: 65) [< 1 ms]
  Error Message:
   TASK_VERB_RED Would you mind supplying 'A' in lowercase?: abstain
  Stack Trace:
     at CnetControlPlane.Tests.LearningCaseVerbCompositionTests.Ready(String text, String operation, Byte key) in /home/marble/AI/CNET-worktrees/herdr-language-20260909/dotnet/CnetControlPlane.Tests/LearningCaseVerbCompositionTests.cs:line 48
   at CnetControlPlane.Tests.LearningCaseVerbCompositionTests.VerbInflectionsComposeWithoutChangingOperandText(String text, String operation, Byte key) in /home/marble/AI/CNET-worktrees/herdr-language-20260909/dotnet/CnetControlPlane.Tests/LearningCaseVerbCompositionTests.cs:line 43
   at InvokeStub_LearningCaseVerbCompositionTests.VerbInflectionsComposeWithoutChangingOperandText(Object, Span`1)
   at System.Reflection.MethodBaseInvoker.InvokeWithFewArgs(Object obj, BindingFlags invokeAttr, Binder binder, Object[] parameters, CultureInfo culture)
  Failed CnetControlPlane.Tests.LearningCaseVerbCompositionTests.VerbInflectionsComposeWithoutChangingOperandText(text: "Would you mind producing 'A' in lowercase?", operation: "lower", key: 65) [< 1 ms]
  Error Message:
   TASK_VERB_RED Would you mind producing 'A' in lowercase?: abstain
  Stack Trace:
     at CnetControlPlane.Tests.LearningCaseVerbCompositionTests.Ready(String text, String operation, Byte key) in /home/marble/AI/CNET-worktrees/herdr-language-20260909/dotnet/CnetControlPlane.Tests/LearningCaseVerbCompositionTests.cs:line 48
   at CnetControlPlane.Tests.LearningCaseVerbCompositionTests.VerbInflectionsComposeWithoutChangingOperandText(String text, String operation, Byte key) in /home/marble/AI/CNET-worktrees/herdr-language-20260909/dotnet/CnetControlPlane.Tests/LearningCaseVerbCompositionTests.cs:line 43
   at InvokeStub_LearningCaseVerbCompositionTests.VerbInflectionsComposeWithoutChangingOperandText(Object, Span`1)
   at System.Reflection.MethodBaseInvoker.InvokeWithFewArgs(Object obj, BindingFlags invokeAttr, Binder binder, Object[] parameters, CultureInfo culture)
  Failed CnetControlPlane.Tests.LearningCaseVerbCompositionTests.VerbInflectionsComposeWithoutChangingOperandText(text: "Show me 'P' after changing it to lowercase.", operation: "lower", key: 80) [< 1 ms]
  Error Message:
   TASK_VERB_RED Show me 'P' after changing it to lowercase.: abstain
  Stack Trace:
     at CnetControlPlane.Tests.LearningCaseVerbCompositionTests.Ready(String text, String operation, Byte key) in /home/marble/AI/CNET-worktrees/herdr-language-20260909/dotnet/CnetControlPlane.Tests/LearningCaseVerbCompositionTests.cs:line 48
   at CnetControlPlane.Tests.LearningCaseVerbCompositionTests.VerbInflectionsComposeWithoutChangingOperandText(String text, String operation, Byte key) in /home/marble/AI/CNET-worktrees/herdr-language-20260909/dotnet/CnetControlPlane.Tests/LearningCaseVerbCompositionTests.cs:line 43
   at InvokeStub_LearningCaseVerbCompositionTests.VerbInflectionsComposeWithoutChangingOperandText(Object, Span`1)
   at System.Reflection.MethodBaseInvoker.InvokeWithFewArgs(Object obj, BindingFlags invokeAttr, Binder binder, Object[] parameters, CultureInfo culture)
  Failed CnetControlPlane.Tests.LearningCaseVerbCompositionTests.VerbInflectionsComposeWithoutChangingOperandText(text: "Would you mind expressing 'A' in lowercase?", operation: "lower", key: 65) [< 1 ms]
  Error Message:
   TASK_VERB_RED Would you mind expressing 'A' in lowercase?: abstain
  Stack Trace:
     at CnetControlPlane.Tests.LearningCaseVerbCompositionTests.Ready(String text, String operation, Byte key) in /home/marble/AI/CNET-worktrees/herdr-language-20260909/dotnet/CnetControlPlane.Tests/LearningCaseVerbCompositionTests.cs:line 48
   at CnetControlPlane.Tests.LearningCaseVerbCompositionTests.VerbInflectionsComposeWithoutChangingOperandText(String text, String operation, Byte key) in /home/marble/AI/CNET-worktrees/herdr-language-20260909/dotnet/CnetControlPlane.Tests/LearningCaseVerbCompositionTests.cs:line 43
   at InvokeStub_LearningCaseVerbCompositionTests.VerbInflectionsComposeWithoutChangingOperandText(Object, Span`1)
   at System.Reflection.MethodBaseInvoker.InvokeWithFewArgs(Object obj, BindingFlags invokeAttr, Binder binder, Object[] parameters, CultureInfo culture)
  Failed CnetControlPlane.Tests.LearningCaseVerbCompositionTests.VerbInflectionsComposeWithoutChangingOperandText(text: "Show me 'P' after turning it to lowercase.", operation: "lower", key: 80) [< 1 ms]
  Error Message:
   TASK_VERB_RED Show me 'P' after turning it to lowercase.: abstain
  Stack Trace:
     at CnetControlPlane.Tests.LearningCaseVerbCompositionTests.Ready(String text, String operation, Byte key) in /home/marble/AI/CNET-worktrees/herdr-language-20260909/dotnet/CnetControlPlane.Tests/LearningCaseVerbCompositionTests.cs:line 48
   at CnetControlPlane.Tests.LearningCaseVerbCompositionTests.VerbInflectionsComposeWithoutChangingOperandText(String text, String operation, Byte key) in /home/marble/AI/CNET-worktrees/herdr-language-20260909/dotnet/CnetControlPlane.Tests/LearningCaseVerbCompositionTests.cs:line 43
   at InvokeStub_LearningCaseVerbCompositionTests.VerbInflectionsComposeWithoutChangingOperandText(Object, Span`1)
   at System.Reflection.MethodBaseInvoker.InvokeWithFewArgs(Object obj, BindingFlags invokeAttr, Binder binder, Object[] parameters, CultureInfo culture)
  Failed CnetControlPlane.Tests.LearningCaseVerbCompositionTests.VerbInflectionsComposeWithoutChangingOperandText(text: "Would you mind writing 'A' in lowercase?", operation: "lower", key: 65) [< 1 ms]
  Error Message:
   TASK_VERB_RED Would you mind writing 'A' in lowercase?: abstain
  Stack Trace:
     at CnetControlPlane.Tests.LearningCaseVerbCompositionTests.Ready(String text, String operation, Byte key) in /home/marble/AI/CNET-worktrees/herdr-language-20260909/dotnet/CnetControlPlane.Tests/LearningCaseVerbCompositionTests.cs:line 48
   at CnetControlPlane.Tests.LearningCaseVerbCompositionTests.VerbInflectionsComposeWithoutChangingOperandText(String text, String operation, Byte key) in /home/marble/AI/CNET-worktrees/herdr-language-20260909/dotnet/CnetControlPlane.Tests/LearningCaseVerbCompositionTests.cs:line 43
   at InvokeStub_LearningCaseVerbCompositionTests.VerbInflectionsComposeWithoutChangingOperandText(Object, Span`1)
   at System.Reflection.MethodBaseInvoker.InvokeWithFewArgs(Object obj, BindingFlags invokeAttr, Binder binder, Object[] parameters, CultureInfo culture)
  Failed CnetControlPlane.Tests.LearningCaseVerbCompositionTests.VerbInflectionsComposeWithoutChangingOperandText(text: "Would you mind rewriting 'P' to lowercase?", operation: "lower", key: 80) [< 1 ms]
  Error Message:
   TASK_VERB_RED Would you mind rewriting 'P' to lowercase?: abstain
  Stack Trace:
     at CnetControlPlane.Tests.LearningCaseVerbCompositionTests.Ready(String text, String operation, Byte key) in /home/marble/AI/CNET-worktrees/herdr-language-20260909/dotnet/CnetControlPlane.Tests/LearningCaseVerbCompositionTests.cs:line 48
   at CnetControlPlane.Tests.LearningCaseVerbCompositionTests.VerbInflectionsComposeWithoutChangingOperandText(String text, String operation, Byte key) in /home/marble/AI/CNET-worktrees/herdr-language-20260909/dotnet/CnetControlPlane.Tests/LearningCaseVerbCompositionTests.cs:line 43
   at InvokeStub_LearningCaseVerbCompositionTests.VerbInflectionsComposeWithoutChangingOperandText(Object, Span`1)
   at System.Reflection.MethodBaseInvoker.InvokeWithFewArgs(Object obj, BindingFlags invokeAttr, Binder binder, Object[] parameters, CultureInfo culture)
  Failed CnetControlPlane.Tests.LearningCaseVerbCompositionTests.VerbInflectionsComposeWithoutChangingOperandText(text: "Show me 'P' after raising it to uppercase.", operation: "upper", key: 80) [< 1 ms]
  Error Message:
   TASK_VERB_RED Show me 'P' after raising it to uppercase.: abstain
  Stack Trace:
     at CnetControlPlane.Tests.LearningCaseVerbCompositionTests.Ready(String text, String operation, Byte key) in /home/marble/AI/CNET-worktrees/herdr-language-20260909/dotnet/CnetControlPlane.Tests/LearningCaseVerbCompositionTests.cs:line 48
   at CnetControlPlane.Tests.LearningCaseVerbCompositionTests.VerbInflectionsComposeWithoutChangingOperandText(String text, String operation, Byte key) in /home/marble/AI/CNET-worktrees/herdr-language-20260909/dotnet/CnetControlPlane.Tests/LearningCaseVerbCompositionTests.cs:line 43
   at InvokeStub_LearningCaseVerbCompositionTests.VerbInflectionsComposeWithoutChangingOperandText(Object, Span`1)
   at System.Reflection.MethodBaseInvoker.InvokeWithFewArgs(Object obj, BindingFlags invokeAttr, Binder binder, Object[] parameters, CultureInfo culture)
  Failed CnetControlPlane.Tests.LearningCaseVerbCompositionTests.VerbInflectionsComposeWithoutChangingOperandText(text: "Would you mind folding 'P' to lowercase?", operation: "lower", key: 80) [< 1 ms]
  Error Message:
   TASK_VERB_RED Would you mind folding 'P' to lowercase?: abstain
  Stack Trace:
     at CnetControlPlane.Tests.LearningCaseVerbCompositionTests.Ready(String text, String operation, Byte key) in /home/marble/AI/CNET-worktrees/herdr-language-20260909/dotnet/CnetControlPlane.Tests/LearningCaseVerbCompositionTests.cs:line 48
   at CnetControlPlane.Tests.LearningCaseVerbCompositionTests.VerbInflectionsComposeWithoutChangingOperandText(String text, String operation, Byte key) in /home/marble/AI/CNET-worktrees/herdr-language-20260909/dotnet/CnetControlPlane.Tests/LearningCaseVerbCompositionTests.cs:line 43
   at InvokeStub_LearningCaseVerbCompositionTests.VerbInflectionsComposeWithoutChangingOperandText(Object, Span`1)
   at System.Reflection.MethodBaseInvoker.InvokeWithFewArgs(Object obj, BindingFlags invokeAttr, Binder binder, Object[] parameters, CultureInfo culture)
[xUnit.net 00:00:01.14]     CnetControlPlane.Tests.LearningCaseVerbCompositionTests.VerbInflectionsComposeWithoutChangingOperandText(text: "Would you mind transforming 'P' to lowercase?", operation: "lower", key: 80) [FAIL]
[xUnit.net 00:00:01.14]       TASK_VERB_RED Would you mind transforming 'P' to lowercase?: abstain
[xUnit.net 00:00:01.14]       Stack Trace:
[xUnit.net 00:00:01.14]         /home/marble/AI/CNET-worktrees/herdr-language-20260909/dotnet/CnetControlPlane.Tests/LearningCaseVerbCompositionTests.cs(48,0): at CnetControlPlane.Tests.LearningCaseVerbCompositionTests.Ready(String text, String operation, Byte key)
[xUnit.net 00:00:01.14]         /home/marble/AI/CNET-worktrees/herdr-language-20260909/dotnet/CnetControlPlane.Tests/LearningCaseVerbCompositionTests.cs(43,0): at CnetControlPlane.Tests.LearningCaseVerbCompositionTests.VerbInflectionsComposeWithoutChangingOperandText(String text, String operation, Byte key)
[xUnit.net 00:00:01.14]            at InvokeStub_LearningCaseVerbCompositionTests.VerbInflectionsComposeWithoutChangingOperandText(Object, Span`1)
[xUnit.net 00:00:01.14]            at System.Reflection.MethodBaseInvoker.InvokeWithFewArgs(Object obj, BindingFlags invokeAttr, Binder binder, Object[] parameters, CultureInfo culture)
[xUnit.net 00:00:01.14]     CnetControlPlane.Tests.LearningCaseVerbCompositionTests.VerbInflectionsComposeWithoutChangingOperandText(text: "Show me 'P' after mapping it to lowercase.", operation: "lower", key: 80) [FAIL]
[xUnit.net 00:00:01.14]       TASK_VERB_RED Show me 'P' after mapping it to lowercase.: abstain
[xUnit.net 00:00:01.14]       Stack Trace:
[xUnit.net 00:00:01.14]         /home/marble/AI/CNET-worktrees/herdr-language-20260909/dotnet/CnetControlPlane.Tests/LearningCaseVerbCompositionTests.cs(48,0): at CnetControlPlane.Tests.LearningCaseVerbCompositionTests.Ready(String text, String operation, Byte key)
[xUnit.net 00:00:01.14]         /home/marble/AI/CNET-worktrees/herdr-language-20260909/dotnet/CnetControlPlane.Tests/LearningCaseVerbCompositionTests.cs(43,0): at CnetControlPlane.Tests.LearningCaseVerbCompositionTests.VerbInflectionsComposeWithoutChangingOperandText(String text, String operation, Byte key)
[xUnit.net 00:00:01.14]            at InvokeStub_LearningCaseVerbCompositionTests.VerbInflectionsComposeWithoutChangingOperandText(Object, Span`1)
[xUnit.net 00:00:01.14]            at System.Reflection.MethodBaseInvoker.InvokeWithFewArgs(Object obj, BindingFlags invokeAttr, Binder binder, Object[] parameters, CultureInfo culture)
[xUnit.net 00:00:01.14]     CnetControlPlane.Tests.LearningCaseVerbCompositionTests.VerbInflectionsComposeWithoutChangingOperandText(text: "Would you mind changing 'P' to lowercase?", operation: "lower", key: 80) [FAIL]
[xUnit.net 00:00:01.14]       TASK_VERB_RED Would you mind changing 'P' to lowercase?: abstain
[xUnit.net 00:00:01.14]       Stack Trace:
[xUnit.net 00:00:01.14]         /home/marble/AI/CNET-worktrees/herdr-language-20260909/dotnet/CnetControlPlane.Tests/LearningCaseVerbCompositionTests.cs(48,0): at CnetControlPlane.Tests.LearningCaseVerbCompositionTests.Ready(String text, String operation, Byte key)
[xUnit.net 00:00:01.14]         /home/marble/AI/CNET-worktrees/herdr-language-20260909/dotnet/CnetControlPlane.Tests/LearningCaseVerbCompositionTests.cs(43,0): at CnetControlPlane.Tests.LearningCaseVerbCompositionTests.VerbInflectionsComposeWithoutChangingOperandText(String text, String operation, Byte key)
[xUnit.net 00:00:01.14]            at InvokeStub_LearningCaseVerbCompositionTests.VerbInflectionsComposeWithoutChangingOperandText(Object, Span`1)
[xUnit.net 00:00:01.14]            at System.Reflection.MethodBaseInvoker.InvokeWithFewArgs(Object obj, BindingFlags invokeAttr, Binder binder, Object[] parameters, CultureInfo culture)
[xUnit.net 00:00:01.14]     CnetControlPlane.Tests.LearningCaseVerbCompositionTests.VerbInflectionsComposeWithoutChangingOperandText(text: "Would you mind bringing 'P' to lowercase?", operation: "lower", key: 80) [FAIL]
[xUnit.net 00:00:01.14]       TASK_VERB_RED Would you mind bringing 'P' to lowercase?: abstain
[xUnit.net 00:00:01.14]       Stack Trace:
[xUnit.net 00:00:01.14]         /home/marble/AI/CNET-worktrees/herdr-language-20260909/dotnet/CnetControlPlane.Tests/LearningCaseVerbCompositionTests.cs(48,0): at CnetControlPlane.Tests.LearningCaseVerbCompositionTests.Ready(String text, String operation, Byte key)
[xUnit.net 00:00:01.14]         /home/marble/AI/CNET-worktrees/herdr-language-20260909/dotnet/CnetControlPlane.Tests/LearningCaseVerbCompositionTests.cs(43,0): at CnetControlPlane.Tests.LearningCaseVerbCompositionTests.VerbInflectionsComposeWithoutChangingOperandText(String text, String operation, Byte key)
[xUnit.net 00:00:01.14]            at InvokeStub_LearningCaseVerbCompositionTests.VerbInflectionsComposeWithoutChangingOperandText(Object, Span`1)
[xUnit.net 00:00:01.14]            at System.Reflection.MethodBaseInvoker.InvokeWithFewArgs(Object obj, BindingFlags invokeAttr, Binder binder, Object[] parameters, CultureInfo culture)
[xUnit.net 00:00:01.14]     CnetControlPlane.Tests.LearningCaseVerbCompositionTests.VerbInflectionsComposeWithoutChangingOperandText(text: "Show me 'P' after bringing it to lowercase.", operation: "lower", key: 80) [FAIL]
[xUnit.net 00:00:01.14]       TASK_VERB_RED Show me 'P' after bringing it to lowercase.: abstain
[xUnit.net 00:00:01.14]       Stack Trace:
[xUnit.net 00:00:01.14]         /home/marble/AI/CNET-worktrees/herdr-language-20260909/dotnet/CnetControlPlane.Tests/LearningCaseVerbCompositionTests.cs(48,0): at CnetControlPlane.Tests.LearningCaseVerbCompositionTests.Ready(String text, String operation, Byte key)
[xUnit.net 00:00:01.14]         /home/marble/AI/CNET-worktrees/herdr-language-20260909/dotnet/CnetControlPlane.Tests/LearningCaseVerbCompositionTests.cs(43,0): at CnetControlPlane.Tests.LearningCaseVerbCompositionTests.VerbInflectionsComposeWithoutChangingOperandText(String text, String operation, Byte key)
[xUnit.net 00:00:01.14]            at InvokeStub_LearningCaseVerbCompositionTests.VerbInflectionsComposeWithoutChangingOperandText(Object, Span`1)
[xUnit.net 00:00:01.14]            at System.Reflection.MethodBaseInvoker.InvokeWithFewArgs(Object obj, BindingFlags invokeAttr, Binder binder, Object[] parameters, CultureInfo culture)
[xUnit.net 00:00:01.14]     CnetControlPlane.Tests.LearningCaseVerbCompositionTests.VerbInflectionsComposeWithoutChangingOperandText(text: "Would you mind displaying 'A' in lowercase?", operation: "lower", key: 65) [FAIL]
[xUnit.net 00:00:01.14]       TASK_VERB_RED Would you mind displaying 'A' in lowercase?: abstain
[xUnit.net 00:00:01.14]       Stack Trace:
[xUnit.net 00:00:01.14]         /home/marble/AI/CNET-worktrees/herdr-language-20260909/dotnet/CnetControlPlane.Tests/LearningCaseVerbCompositionTests.cs(48,0): at CnetControlPlane.Tests.LearningCaseVerbCompositionTests.Ready(String text, String operation, Byte key)
[xUnit.net 00:00:01.14]         /home/marble/AI/CNET-worktrees/herdr-language-20260909/dotnet/CnetControlPlane.Tests/LearningCaseVerbCompositionTests.cs(43,0): at CnetControlPlane.Tests.LearningCaseVerbCompositionTests.VerbInflectionsComposeWithoutChangingOperandText(String text, String operation, Byte key)
[xUnit.net 00:00:01.14]            at InvokeStub_LearningCaseVerbCompositionTests.VerbInflectionsComposeWithoutChangingOperandText(Object, Span`1)
[xUnit.net 00:00:01.14]            at System.Reflection.MethodBaseInvoker.InvokeWithFewArgs(Object obj, BindingFlags invokeAttr, Binder binder, Object[] parameters, CultureInfo culture)
[xUnit.net 00:00:01.14]     CnetControlPlane.Tests.LearningCaseVerbCompositionTests.VerbInflectionsComposeWithoutChangingOperandText(text: "Would you mind showing 'A' in lowercase?", operation: "lower", key: 65) [FAIL]
[xUnit.net 00:00:01.14]       TASK_VERB_RED Would you mind showing 'A' in lowercase?: abstain
[xUnit.net 00:00:01.14]       Stack Trace:
[xUnit.net 00:00:01.14]         /home/marble/AI/CNET-worktrees/herdr-language-20260909/dotnet/CnetControlPlane.Tests/LearningCaseVerbCompositionTests.cs(48,0): at CnetControlPlane.Tests.LearningCaseVerbCompositionTests.Ready(String text, String operation, Byte key)
[xUnit.net 00:00:01.14]         /home/marble/AI/CNET-worktrees/herdr-language-20260909/dotnet/CnetControlPlane.Tests/LearningCaseVerbCompositionTests.cs(43,0): at CnetControlPlane.Tests.LearningCaseVerbCompositionTests.VerbInflectionsComposeWithoutChangingOperandText(String text, String operation, Byte key)
[xUnit.net 00:00:01.14]            at InvokeStub_LearningCaseVerbCompositionTests.VerbInflectionsComposeWithoutChangingOperandText(Object, Span`1)
[xUnit.net 00:00:01.14]            at System.Reflection.MethodBaseInvoker.InvokeWithFewArgs(Object obj, BindingFlags invokeAttr, Binder binder, Object[] parameters, CultureInfo culture)
[xUnit.net 00:00:01.14]     CnetControlPlane.Tests.LearningCaseVerbCompositionTests.VerbInflectionsComposeWithoutChangingOperandText(text: "Show me 'P' after switching it to lowercase.", operation: "lower", key: 80) [FAIL]
[xUnit.net 00:00:01.14]       TASK_VERB_RED Show me 'P' after switching it to lowercase.: abstain
[xUnit.net 00:00:01.14]       Stack Trace:
[xUnit.net 00:00:01.14]         /home/marble/AI/CNET-worktrees/herdr-language-20260909/dotnet/CnetControlPlane.Tests/LearningCaseVerbCompositionTests.cs(48,0): at CnetControlPlane.Tests.LearningCaseVerbCompositionTests.Ready(String text, String operation, Byte key)
[xUnit.net 00:00:01.14]         /home/marble/AI/CNET-worktrees/herdr-language-20260909/dotnet/CnetControlPlane.Tests/LearningCaseVerbCompositionTests.cs(43,0): at CnetControlPlane.Tests.LearningCaseVerbCompositionTests.VerbInflectionsComposeWithoutChangingOperandText(String text, String operation, Byte key)
[xUnit.net 00:00:01.14]            at InvokeStub_LearningCaseVerbCompositionTests.VerbInflectionsComposeWithoutChangingOperandText(Object, Span`1)
[xUnit.net 00:00:01.14]            at System.Reflection.MethodBaseInvoker.InvokeWithFewArgs(Object obj, BindingFlags invokeAttr, Binder binder, Object[] parameters, CultureInfo culture)
  Failed CnetControlPlane.Tests.LearningCaseVerbCompositionTests.VerbInflectionsComposeWithoutChangingOperandText(text: "Would you mind transforming 'P' to lowercase?", operation: "lower", key: 80) [< 1 ms]
  Error Message:
   TASK_VERB_RED Would you mind transforming 'P' to lowercase?: abstain
  Stack Trace:
     at CnetControlPlane.Tests.LearningCaseVerbCompositionTests.Ready(String text, String operation, Byte key) in /home/marble/AI/CNET-worktrees/herdr-language-20260909/dotnet/CnetControlPlane.Tests/LearningCaseVerbCompositionTests.cs:line 48
   at CnetControlPlane.Tests.LearningCaseVerbCompositionTests.VerbInflectionsComposeWithoutChangingOperandText(String text, String operation, Byte key) in /home/marble/AI/CNET-worktrees/herdr-language-20260909/dotnet/CnetControlPlane.Tests/LearningCaseVerbCompositionTests.cs:line 43
   at InvokeStub_LearningCaseVerbCompositionTests.VerbInflectionsComposeWithoutChangingOperandText(Object, Span`1)
   at System.Reflection.MethodBaseInvoker.InvokeWithFewArgs(Object obj, BindingFlags invokeAttr, Binder binder, Object[] parameters, CultureInfo culture)
  Failed CnetControlPlane.Tests.LearningCaseVerbCompositionTests.VerbInflectionsComposeWithoutChangingOperandText(text: "Show me 'P' after mapping it to lowercase.", operation: "lower", key: 80) [< 1 ms]
  Error Message:
   TASK_VERB_RED Show me 'P' after mapping it to lowercase.: abstain
  Stack Trace:
     at CnetControlPlane.Tests.LearningCaseVerbCompositionTests.Ready(String text, String operation, Byte key) in /home/marble/AI/CNET-worktrees/herdr-language-20260909/dotnet/CnetControlPlane.Tests/LearningCaseVerbCompositionTests.cs:line 48
   at CnetControlPlane.Tests.LearningCaseVerbCompositionTests.VerbInflectionsComposeWithoutChangingOperandText(String text, String operation, Byte key) in /home/marble/AI/CNET-worktrees/herdr-language-20260909/dotnet/CnetControlPlane.Tests/LearningCaseVerbCompositionTests.cs:line 43
   at InvokeStub_LearningCaseVerbCompositionTests.VerbInflectionsComposeWithoutChangingOperandText(Object, Span`1)
   at System.Reflection.MethodBaseInvoker.InvokeWithFewArgs(Object obj, BindingFlags invokeAttr, Binder binder, Object[] parameters, CultureInfo culture)
  Passed CnetControlPlane.Tests.LearningCaseVerbCompositionTests.VerbInflectionsComposeWithoutChangingOperandText(text: "Would you mind putting 'A' in lowercase?", operation: "lower", key: 65) [2 ms]
  Failed CnetControlPlane.Tests.LearningCaseVerbCompositionTests.VerbInflectionsComposeWithoutChangingOperandText(text: "Would you mind changing 'P' to lowercase?", operation: "lower", key: 80) [< 1 ms]
  Error Message:
   TASK_VERB_RED Would you mind changing 'P' to lowercase?: abstain
  Stack Trace:
     at CnetControlPlane.Tests.LearningCaseVerbCompositionTests.Ready(String text, String operation, Byte key) in /home/marble/AI/CNET-worktrees/herdr-language-20260909/dotnet/CnetControlPlane.Tests/LearningCaseVerbCompositionTests.cs:line 48
   at CnetControlPlane.Tests.LearningCaseVerbCompositionTests.VerbInflectionsComposeWithoutChangingOperandText(String text, String operation, Byte key) in /home/marble/AI/CNET-worktrees/herdr-language-20260909/dotnet/CnetControlPlane.Tests/LearningCaseVerbCompositionTests.cs:line 43
   at InvokeStub_LearningCaseVerbCompositionTests.VerbInflectionsComposeWithoutChangingOperandText(Object, Span`1)
   at System.Reflection.MethodBaseInvoker.InvokeWithFewArgs(Object obj, BindingFlags invokeAttr, Binder binder, Object[] parameters, CultureInfo culture)
  Failed CnetControlPlane.Tests.LearningCaseVerbCompositionTests.VerbInflectionsComposeWithoutChangingOperandText(text: "Would you mind bringing 'P' to lowercase?", operation: "lower", key: 80) [< 1 ms]
  Error Message:
   TASK_VERB_RED Would you mind bringing 'P' to lowercase?: abstain
  Stack Trace:
     at CnetControlPlane.Tests.LearningCaseVerbCompositionTests.Ready(String text, String operation, Byte key) in /home/marble/AI/CNET-worktrees/herdr-language-20260909/dotnet/CnetControlPlane.Tests/LearningCaseVerbCompositionTests.cs:line 48
   at CnetControlPlane.Tests.LearningCaseVerbCompositionTests.VerbInflectionsComposeWithoutChangingOperandText(String text, String operation, Byte key) in /home/marble/AI/CNET-worktrees/herdr-language-20260909/dotnet/CnetControlPlane.Tests/LearningCaseVerbCompositionTests.cs:line 43
   at InvokeStub_LearningCaseVerbCompositionTests.VerbInflectionsComposeWithoutChangingOperandText(Object, Span`1)
   at System.Reflection.MethodBaseInvoker.InvokeWithFewArgs(Object obj, BindingFlags invokeAttr, Binder binder, Object[] parameters, CultureInfo culture)
  Failed CnetControlPlane.Tests.LearningCaseVerbCompositionTests.VerbInflectionsComposeWithoutChangingOperandText(text: "Show me 'P' after bringing it to lowercase.", operation: "lower", key: 80) [< 1 ms]
  Error Message:
   TASK_VERB_RED Show me 'P' after bringing it to lowercase.: abstain
  Stack Trace:
     at CnetControlPlane.Tests.LearningCaseVerbCompositionTests.Ready(String text, String operation, Byte key) in /home/marble/AI/CNET-worktrees/herdr-language-20260909/dotnet/CnetControlPlane.Tests/LearningCaseVerbCompositionTests.cs:line 48
   at CnetControlPlane.Tests.LearningCaseVerbCompositionTests.VerbInflectionsComposeWithoutChangingOperandText(String text, String operation, Byte key) in /home/marble/AI/CNET-worktrees/herdr-language-20260909/dotnet/CnetControlPlane.Tests/LearningCaseVerbCompositionTests.cs:line 43
   at InvokeStub_LearningCaseVerbCompositionTests.VerbInflectionsComposeWithoutChangingOperandText(Object, Span`1)
   at System.Reflection.MethodBaseInvoker.InvokeWithFewArgs(Object obj, BindingFlags invokeAttr, Binder binder, Object[] parameters, CultureInfo culture)
  Failed CnetControlPlane.Tests.LearningCaseVerbCompositionTests.VerbInflectionsComposeWithoutChangingOperandText(text: "Would you mind displaying 'A' in lowercase?", operation: "lower", key: 65) [< 1 ms]
  Error Message:
   TASK_VERB_RED Would you mind displaying 'A' in lowercase?: abstain
  Stack Trace:
     at CnetControlPlane.Tests.LearningCaseVerbCompositionTests.Ready(String text, String operation, Byte key) in /home/marble/AI/CNET-worktrees/herdr-language-20260909/dotnet/CnetControlPlane.Tests/LearningCaseVerbCompositionTests.cs:line 48
   at CnetControlPlane.Tests.LearningCaseVerbCompositionTests.VerbInflectionsComposeWithoutChangingOperandText(String text, String operation, Byte key) in /home/marble/AI/CNET-worktrees/herdr-language-20260909/dotnet/CnetControlPlane.Tests/LearningCaseVerbCompositionTests.cs:line 43
   at InvokeStub_LearningCaseVerbCompositionTests.VerbInflectionsComposeWithoutChangingOperandText(Object, Span`1)
   at System.Reflection.MethodBaseInvoker.InvokeWithFewArgs(Object obj, BindingFlags invokeAttr, Binder binder, Object[] parameters, CultureInfo culture)
  Failed CnetControlPlane.Tests.LearningCaseVerbCompositionTests.VerbInflectionsComposeWithoutChangingOperandText(text: "Would you mind showing 'A' in lowercase?", operation: "lower", key: 65) [< 1 ms]
  Error Message:
   TASK_VERB_RED Would you mind showing 'A' in lowercase?: abstain
  Stack Trace:
     at CnetControlPlane.Tests.LearningCaseVerbCompositionTests.Ready(String text, String operation, Byte key) in /home/marble/AI/CNET-worktrees/herdr-language-20260909/dotnet/CnetControlPlane.Tests/LearningCaseVerbCompositionTests.cs:line 48
   at CnetControlPlane.Tests.LearningCaseVerbCompositionTests.VerbInflectionsComposeWithoutChangingOperandText(String text, String operation, Byte key) in /home/marble/AI/CNET-worktrees/herdr-language-20260909/dotnet/CnetControlPlane.Tests/LearningCaseVerbCompositionTests.cs:line 43
   at InvokeStub_LearningCaseVerbCompositionTests.VerbInflectionsComposeWithoutChangingOperandText(Object, Span`1)
   at System.Reflection.MethodBaseInvoker.InvokeWithFewArgs(Object obj, BindingFlags invokeAttr, Binder binder, Object[] parameters, CultureInfo culture)
  Failed CnetControlPlane.Tests.LearningCaseVerbCompositionTests.VerbInflectionsComposeWithoutChangingOperandText(text: "Show me 'P' after switching it to lowercase.", operation: "lower", key: 80) [< 1 ms]
  Error Message:
   TASK_VERB_RED Show me 'P' after switching it to lowercase.: abstain
  Stack Trace:
     at CnetControlPlane.Tests.LearningCaseVerbCompositionTests.Ready(String text, String operation, Byte key) in /home/marble/AI/CNET-worktrees/herdr-language-20260909/dotnet/CnetControlPlane.Tests/LearningCaseVerbCompositionTests.cs:line 48
   at CnetControlPlane.Tests.LearningCaseVerbCompositionTests.VerbInflectionsComposeWithoutChangingOperandText(String text, String operation, Byte key) in /home/marble/AI/CNET-worktrees/herdr-language-20260909/dotnet/CnetControlPlane.Tests/LearningCaseVerbCompositionTests.cs:line 43
   at InvokeStub_LearningCaseVerbCompositionTests.VerbInflectionsComposeWithoutChangingOperandText(Object, Span`1)
   at System.Reflection.MethodBaseInvoker.InvokeWithFewArgs(Object obj, BindingFlags invokeAttr, Binder binder, Object[] parameters, CultureInfo culture)
[xUnit.net 00:00:01.14]     CnetControlPlane.Tests.LearningCaseVerbCompositionTests.VerbInflectionsComposeWithoutChangingOperandText(text: "Would you mind converting 'P' to lowercase?", operation: "lower", key: 80) [FAIL]
[xUnit.net 00:00:01.14]       TASK_VERB_RED Would you mind converting 'P' to lowercase?: abstain
[xUnit.net 00:00:01.14]       Stack Trace:
[xUnit.net 00:00:01.14]         /home/marble/AI/CNET-worktrees/herdr-language-20260909/dotnet/CnetControlPlane.Tests/LearningCaseVerbCompositionTests.cs(48,0): at CnetControlPlane.Tests.LearningCaseVerbCompositionTests.Ready(String text, String operation, Byte key)
[xUnit.net 00:00:01.14]         /home/marble/AI/CNET-worktrees/herdr-language-20260909/dotnet/CnetControlPlane.Tests/LearningCaseVerbCompositionTests.cs(43,0): at CnetControlPlane.Tests.LearningCaseVerbCompositionTests.VerbInflectionsComposeWithoutChangingOperandText(String text, String operation, Byte key)
[xUnit.net 00:00:01.14]            at InvokeStub_LearningCaseVerbCompositionTests.VerbInflectionsComposeWithoutChangingOperandText(Object, Span`1)
[xUnit.net 00:00:01.14]            at System.Reflection.MethodBaseInvoker.InvokeWithFewArgs(Object obj, BindingFlags invokeAttr, Binder binder, Object[] parameters, CultureInfo culture)
[xUnit.net 00:00:01.14]     CnetControlPlane.Tests.LearningCaseVerbCompositionTests.VerbInflectionsComposeWithoutChangingOperandText(text: "Show me 'P' after recasting it to lowercase.", operation: "lower", key: 80) [FAIL]
[xUnit.net 00:00:01.14]       TASK_VERB_RED Show me 'P' after recasting it to lowercase.: abstain
[xUnit.net 00:00:01.14]       Stack Trace:
[xUnit.net 00:00:01.14]         /home/marble/AI/CNET-worktrees/herdr-language-20260909/dotnet/CnetControlPlane.Tests/LearningCaseVerbCompositionTests.cs(48,0): at CnetControlPlane.Tests.LearningCaseVerbCompositionTests.Ready(String text, String operation, Byte key)
[xUnit.net 00:00:01.14]         /home/marble/AI/CNET-worktrees/herdr-language-20260909/dotnet/CnetControlPlane.Tests/LearningCaseVerbCompositionTests.cs(43,0): at CnetControlPlane.Tests.LearningCaseVerbCompositionTests.VerbInflectionsComposeWithoutChangingOperandText(String text, String operation, Byte key)
[xUnit.net 00:00:01.14]            at InvokeStub_LearningCaseVerbCompositionTests.VerbInflectionsComposeWithoutChangingOperandText(Object, Span`1)
[xUnit.net 00:00:01.14]            at System.Reflection.MethodBaseInvoker.InvokeWithFewArgs(Object obj, BindingFlags invokeAttr, Binder binder, Object[] parameters, CultureInfo culture)
[xUnit.net 00:00:01.14]     CnetControlPlane.Tests.LearningCaseVerbCompositionTests.VerbInflectionsComposeWithoutChangingOperandText(text: "Would you mind presenting 'A' in lowercase?", operation: "lower", key: 65) [FAIL]
[xUnit.net 00:00:01.14]       TASK_VERB_RED Would you mind presenting 'A' in lowercase?: abstain
[xUnit.net 00:00:01.14]       Stack Trace:
[xUnit.net 00:00:01.14]         /home/marble/AI/CNET-worktrees/herdr-language-20260909/dotnet/CnetControlPlane.Tests/LearningCaseVerbCompositionTests.cs(48,0): at CnetControlPlane.Tests.LearningCaseVerbCompositionTests.Ready(String text, String operation, Byte key)
[xUnit.net 00:00:01.14]         /home/marble/AI/CNET-worktrees/herdr-language-20260909/dotnet/CnetControlPlane.Tests/LearningCaseVerbCompositionTests.cs(43,0): at CnetControlPlane.Tests.LearningCaseVerbCompositionTests.VerbInflectionsComposeWithoutChangingOperandText(String text, String operation, Byte key)
[xUnit.net 00:00:01.14]            at InvokeStub_LearningCaseVerbCompositionTests.VerbInflectionsComposeWithoutChangingOperandText(Object, Span`1)
[xUnit.net 00:00:01.14]            at System.Reflection.MethodBaseInvoker.InvokeWithFewArgs(Object obj, BindingFlags invokeAttr, Binder binder, Object[] parameters, CultureInfo culture)
[xUnit.net 00:00:01.14]     CnetControlPlane.Tests.LearningCaseVerbCompositionTests.VerbInflectionsComposeWithoutChangingOperandText(text: "Would you mind turning 'P' to lowercase?", operation: "lower", key: 80) [FAIL]
[xUnit.net 00:00:01.14]       TASK_VERB_RED Would you mind turning 'P' to lowercase?: abstain
[xUnit.net 00:00:01.14]       Stack Trace:
[xUnit.net 00:00:01.14]         /home/marble/AI/CNET-worktrees/herdr-language-20260909/dotnet/CnetControlPlane.Tests/LearningCaseVerbCompositionTests.cs(48,0): at CnetControlPlane.Tests.LearningCaseVerbCompositionTests.Ready(String text, String operation, Byte key)
[xUnit.net 00:00:01.14]         /home/marble/AI/CNET-worktrees/herdr-language-20260909/dotnet/CnetControlPlane.Tests/LearningCaseVerbCompositionTests.cs(43,0): at CnetControlPlane.Tests.LearningCaseVerbCompositionTests.VerbInflectionsComposeWithoutChangingOperandText(String text, String operation, Byte key)
[xUnit.net 00:00:01.14]            at InvokeStub_LearningCaseVerbCompositionTests.VerbInflectionsComposeWithoutChangingOperandText(Object, Span`1)
[xUnit.net 00:00:01.14]            at System.Reflection.MethodBaseInvoker.InvokeWithFewArgs(Object obj, BindingFlags invokeAttr, Binder binder, Object[] parameters, CultureInfo culture)
[xUnit.net 00:00:01.14]     CnetControlPlane.Tests.LearningCaseVerbCompositionTests.VerbInflectionsComposeWithoutChangingOperandText(text: "Would you mind making 'A' in lowercase?", operation: "lower", key: 65) [FAIL]
[xUnit.net 00:00:01.14]       TASK_VERB_RED Would you mind making 'A' in lowercase?: abstain
[xUnit.net 00:00:01.14]       Stack Trace:
[xUnit.net 00:00:01.14]         /home/marble/AI/CNET-worktrees/herdr-language-20260909/dotnet/CnetControlPlane.Tests/LearningCaseVerbCompositionTests.cs(48,0): at CnetControlPlane.Tests.LearningCaseVerbCompositionTests.Ready(String text, String operation, Byte key)
[xUnit.net 00:00:01.14]         /home/marble/AI/CNET-worktrees/herdr-language-20260909/dotnet/CnetControlPlane.Tests/LearningCaseVerbCompositionTests.cs(43,0): at CnetControlPlane.Tests.LearningCaseVerbCompositionTests.VerbInflectionsComposeWithoutChangingOperandText(String text, String operation, Byte key)
[xUnit.net 00:00:01.14]            at InvokeStub_LearningCaseVerbCompositionTests.VerbInflectionsComposeWithoutChangingOperandText(Object, Span`1)
[xUnit.net 00:00:01.14]            at System.Reflection.MethodBaseInvoker.InvokeWithFewArgs(Object obj, BindingFlags invokeAttr, Binder binder, Object[] parameters, CultureInfo culture)
[xUnit.net 00:00:01.14]     CnetControlPlane.Tests.LearningCaseVerbCompositionTests.VerbInflectionsComposeWithoutChangingOperandText(text: "Would you mind switching 'P' to lowercase?", operation: "lower", key: 80) [FAIL]
[xUnit.net 00:00:01.14]       TASK_VERB_RED Would you mind switching 'P' to lowercase?: abstain
[xUnit.net 00:00:01.14]       Stack Trace:
[xUnit.net 00:00:01.14]         /home/marble/AI/CNET-worktrees/herdr-language-20260909/dotnet/CnetControlPlane.Tests/LearningCaseVerbCompositionTests.cs(48,0): at CnetControlPlane.Tests.LearningCaseVerbCompositionTests.Ready(String text, String operation, Byte key)
[xUnit.net 00:00:01.14]         /home/marble/AI/CNET-worktrees/herdr-language-20260909/dotnet/CnetControlPlane.Tests/LearningCaseVerbCompositionTests.cs(43,0): at CnetControlPlane.Tests.LearningCaseVerbCompositionTests.VerbInflectionsComposeWithoutChangingOperandText(String text, String operation, Byte key)
[xUnit.net 00:00:01.14]            at InvokeStub_LearningCaseVerbCompositionTests.VerbInflectionsComposeWithoutChangingOperandText(Object, Span`1)
[xUnit.net 00:00:01.14]            at System.Reflection.MethodBaseInvoker.InvokeWithFewArgs(Object obj, BindingFlags invokeAttr, Binder binder, Object[] parameters, CultureInfo culture)
[xUnit.net 00:00:01.14]     CnetControlPlane.Tests.LearningCaseVerbCompositionTests.VerbInflectionsComposeWithoutChangingOperandText(text: "Would you mind returning 'A' in lowercase?", operation: "lower", key: 65) [FAIL]
[xUnit.net 00:00:01.14]       TASK_VERB_RED Would you mind returning 'A' in lowercase?: abstain
[xUnit.net 00:00:01.14]       Stack Trace:
[xUnit.net 00:00:01.14]         /home/marble/AI/CNET-worktrees/herdr-language-20260909/dotnet/CnetControlPlane.Tests/LearningCaseVerbCompositionTests.cs(48,0): at CnetControlPlane.Tests.LearningCaseVerbCompositionTests.Ready(String text, String operation, Byte key)
[xUnit.net 00:00:01.14]         /home/marble/AI/CNET-worktrees/herdr-language-20260909/dotnet/CnetControlPlane.Tests/LearningCaseVerbCompositionTests.cs(43,0): at CnetControlPlane.Tests.LearningCaseVerbCompositionTests.VerbInflectionsComposeWithoutChangingOperandText(String text, String operation, Byte key)
[xUnit.net 00:00:01.14]            at InvokeStub_LearningCaseVerbCompositionTests.VerbInflectionsComposeWithoutChangingOperandText(Object, Span`1)
[xUnit.net 00:00:01.14]            at System.Reflection.MethodBaseInvoker.InvokeWithFewArgs(Object obj, BindingFlags invokeAttr, Binder binder, Object[] parameters, CultureInfo culture)
[xUnit.net 00:00:01.14]     CnetControlPlane.Tests.LearningCaseVerbCompositionTests.VerbInflectionsComposeWithoutChangingOperandText(text: "Show me 'P' after transforming it to lowercase.", operation: "lower", key: 80) [FAIL]
[xUnit.net 00:00:01.14]       TASK_VERB_RED Show me 'P' after transforming it to lowercase.: abstain
[xUnit.net 00:00:01.14]       Stack Trace:
[xUnit.net 00:00:01.14]         /home/marble/AI/CNET-worktrees/herdr-language-20260909/dotnet/CnetControlPlane.Tests/LearningCaseVerbCompositionTests.cs(48,0): at CnetControlPlane.Tests.LearningCaseVerbCompositionTests.Ready(String text, String operation, Byte key)
[xUnit.net 00:00:01.14]         /home/marble/AI/CNET-worktrees/herdr-language-20260909/dotnet/CnetControlPlane.Tests/LearningCaseVerbCompositionTests.cs(43,0): at CnetControlPlane.Tests.LearningCaseVerbCompositionTests.VerbInflectionsComposeWithoutChangingOperandText(String text, String operation, Byte key)
[xUnit.net 00:00:01.14]            at InvokeStub_LearningCaseVerbCompositionTests.VerbInflectionsComposeWithoutChangingOperandText(Object, Span`1)
[xUnit.net 00:00:01.14]            at System.Reflection.MethodBaseInvoker.InvokeWithFewArgs(Object obj, BindingFlags invokeAttr, Binder binder, Object[] parameters, CultureInfo culture)
[xUnit.net 00:00:01.14]     CnetControlPlane.Tests.LearningCaseVerbCompositionTests.VerbInflectionsComposeWithoutChangingOperandText(text: "Would you mind rendering 'A' in lowercase?", operation: "lower", key: 65) [FAIL]
[xUnit.net 00:00:01.14]       TASK_VERB_RED Would you mind rendering 'A' in lowercase?: abstain
[xUnit.net 00:00:01.14]       Stack Trace:
[xUnit.net 00:00:01.14]         /home/marble/AI/CNET-worktrees/herdr-language-20260909/dotnet/CnetControlPlane.Tests/LearningCaseVerbCompositionTests.cs(48,0): at CnetControlPlane.Tests.LearningCaseVerbCompositionTests.Ready(String text, String operation, Byte key)
[xUnit.net 00:00:01.14]         /home/marble/AI/CNET-worktrees/herdr-language-20260909/dotnet/CnetControlPlane.Tests/LearningCaseVerbCompositionTests.cs(43,0): at CnetControlPlane.Tests.LearningCaseVerbCompositionTests.VerbInflectionsComposeWithoutChangingOperandText(String text, String operation, Byte key)
[xUnit.net 00:00:01.14]            at InvokeStub_LearningCaseVerbCompositionTests.VerbInflectionsComposeWithoutChangingOperandText(Object, Span`1)
[xUnit.net 00:00:01.14]            at System.Reflection.MethodBaseInvoker.InvokeWithFewArgs(Object obj, BindingFlags invokeAttr, Binder binder, Object[] parameters, CultureInfo culture)
  Failed CnetControlPlane.Tests.LearningCaseVerbCompositionTests.VerbInflectionsComposeWithoutChangingOperandText(text: "Would you mind converting 'P' to lowercase?", operation: "lower", key: 80) [< 1 ms]
  Error Message:
   TASK_VERB_RED Would you mind converting 'P' to lowercase?: abstain
  Stack Trace:
     at CnetControlPlane.Tests.LearningCaseVerbCompositionTests.Ready(String text, String operation, Byte key) in /home/marble/AI/CNET-worktrees/herdr-language-20260909/dotnet/CnetControlPlane.Tests/LearningCaseVerbCompositionTests.cs:line 48
   at CnetControlPlane.Tests.LearningCaseVerbCompositionTests.VerbInflectionsComposeWithoutChangingOperandText(String text, String operation, Byte key) in /home/marble/AI/CNET-worktrees/herdr-language-20260909/dotnet/CnetControlPlane.Tests/LearningCaseVerbCompositionTests.cs:line 43
   at InvokeStub_LearningCaseVerbCompositionTests.VerbInflectionsComposeWithoutChangingOperandText(Object, Span`1)
   at System.Reflection.MethodBaseInvoker.InvokeWithFewArgs(Object obj, BindingFlags invokeAttr, Binder binder, Object[] parameters, CultureInfo culture)
  Failed CnetControlPlane.Tests.LearningCaseVerbCompositionTests.VerbInflectionsComposeWithoutChangingOperandText(text: "Show me 'P' after recasting it to lowercase.", operation: "lower", key: 80) [< 1 ms]
  Error Message:
   TASK_VERB_RED Show me 'P' after recasting it to lowercase.: abstain
  Stack Trace:
     at CnetControlPlane.Tests.LearningCaseVerbCompositionTests.Ready(String text, String operation, Byte key) in /home/marble/AI/CNET-worktrees/herdr-language-20260909/dotnet/CnetControlPlane.Tests/LearningCaseVerbCompositionTests.cs:line 48
   at CnetControlPlane.Tests.LearningCaseVerbCompositionTests.VerbInflectionsComposeWithoutChangingOperandText(String text, String operation, Byte key) in /home/marble/AI/CNET-worktrees/herdr-language-20260909/dotnet/CnetControlPlane.Tests/LearningCaseVerbCompositionTests.cs:line 43
   at InvokeStub_LearningCaseVerbCompositionTests.VerbInflectionsComposeWithoutChangingOperandText(Object, Span`1)
   at System.Reflection.MethodBaseInvoker.InvokeWithFewArgs(Object obj, BindingFlags invokeAttr, Binder binder, Object[] parameters, CultureInfo culture)
  Failed CnetControlPlane.Tests.LearningCaseVerbCompositionTests.VerbInflectionsComposeWithoutChangingOperandText(text: "Would you mind presenting 'A' in lowercase?", operation: "lower", key: 65) [< 1 ms]
  Error Message:
   TASK_VERB_RED Would you mind presenting 'A' in lowercase?: abstain
  Stack Trace:
     at CnetControlPlane.Tests.LearningCaseVerbCompositionTests.Ready(String text, String operation, Byte key) in /home/marble/AI/CNET-worktrees/herdr-language-20260909/dotnet/CnetControlPlane.Tests/LearningCaseVerbCompositionTests.cs:line 48
   at CnetControlPlane.Tests.LearningCaseVerbCompositionTests.VerbInflectionsComposeWithoutChangingOperandText(String text, String operation, Byte key) in /home/marble/AI/CNET-worktrees/herdr-language-20260909/dotnet/CnetControlPlane.Tests/LearningCaseVerbCompositionTests.cs:line 43
   at InvokeStub_LearningCaseVerbCompositionTests.VerbInflectionsComposeWithoutChangingOperandText(Object, Span`1)
   at System.Reflection.MethodBaseInvoker.InvokeWithFewArgs(Object obj, BindingFlags invokeAttr, Binder binder, Object[] parameters, CultureInfo culture)
  Failed CnetControlPlane.Tests.LearningCaseVerbCompositionTests.VerbInflectionsComposeWithoutChangingOperandText(text: "Would you mind turning 'P' to lowercase?", operation: "lower", key: 80) [< 1 ms]
  Error Message:
   TASK_VERB_RED Would you mind turning 'P' to lowercase?: abstain
  Stack Trace:
     at CnetControlPlane.Tests.LearningCaseVerbCompositionTests.Ready(String text, String operation, Byte key) in /home/marble/AI/CNET-worktrees/herdr-language-20260909/dotnet/CnetControlPlane.Tests/LearningCaseVerbCompositionTests.cs:line 48
   at CnetControlPlane.Tests.LearningCaseVerbCompositionTests.VerbInflectionsComposeWithoutChangingOperandText(String text, String operation, Byte key) in /home/marble/AI/CNET-worktrees/herdr-language-20260909/dotnet/CnetControlPlane.Tests/LearningCaseVerbCompositionTests.cs:line 43
   at InvokeStub_LearningCaseVerbCompositionTests.VerbInflectionsComposeWithoutChangingOperandText(Object, Span`1)
   at System.Reflection.MethodBaseInvoker.InvokeWithFewArgs(Object obj, BindingFlags invokeAttr, Binder binder, Object[] parameters, CultureInfo culture)
  Failed CnetControlPlane.Tests.LearningCaseVerbCompositionTests.VerbInflectionsComposeWithoutChangingOperandText(text: "Would you mind making 'A' in lowercase?", operation: "lower", key: 65) [< 1 ms]
  Error Message:
   TASK_VERB_RED Would you mind making 'A' in lowercase?: abstain
  Stack Trace:
     at CnetControlPlane.Tests.LearningCaseVerbCompositionTests.Ready(String text, String operation, Byte key) in /home/marble/AI/CNET-worktrees/herdr-language-20260909/dotnet/CnetControlPlane.Tests/LearningCaseVerbCompositionTests.cs:line 48
   at CnetControlPlane.Tests.LearningCaseVerbCompositionTests.VerbInflectionsComposeWithoutChangingOperandText(String text, String operation, Byte key) in /home/marble/AI/CNET-worktrees/herdr-language-20260909/dotnet/CnetControlPlane.Tests/LearningCaseVerbCompositionTests.cs:line 43
   at InvokeStub_LearningCaseVerbCompositionTests.VerbInflectionsComposeWithoutChangingOperandText(Object, Span`1)
   at System.Reflection.MethodBaseInvoker.InvokeWithFewArgs(Object obj, BindingFlags invokeAttr, Binder binder, Object[] parameters, CultureInfo culture)
  Failed CnetControlPlane.Tests.LearningCaseVerbCompositionTests.VerbInflectionsComposeWithoutChangingOperandText(text: "Would you mind switching 'P' to lowercase?", operation: "lower", key: 80) [< 1 ms]
  Error Message:
   TASK_VERB_RED Would you mind switching 'P' to lowercase?: abstain
  Stack Trace:
     at CnetControlPlane.Tests.LearningCaseVerbCompositionTests.Ready(String text, String operation, Byte key) in /home/marble/AI/CNET-worktrees/herdr-language-20260909/dotnet/CnetControlPlane.Tests/LearningCaseVerbCompositionTests.cs:line 48
   at CnetControlPlane.Tests.LearningCaseVerbCompositionTests.VerbInflectionsComposeWithoutChangingOperandText(String text, String operation, Byte key) in /home/marble/AI/CNET-worktrees/herdr-language-20260909/dotnet/CnetControlPlane.Tests/LearningCaseVerbCompositionTests.cs:line 43
   at InvokeStub_LearningCaseVerbCompositionTests.VerbInflectionsComposeWithoutChangingOperandText(Object, Span`1)
   at System.Reflection.MethodBaseInvoker.InvokeWithFewArgs(Object obj, BindingFlags invokeAttr, Binder binder, Object[] parameters, CultureInfo culture)
  Failed CnetControlPlane.Tests.LearningCaseVerbCompositionTests.VerbInflectionsComposeWithoutChangingOperandText(text: "Would you mind returning 'A' in lowercase?", operation: "lower", key: 65) [< 1 ms]
  Error Message:
   TASK_VERB_RED Would you mind returning 'A' in lowercase?: abstain
  Stack Trace:
     at CnetControlPlane.Tests.LearningCaseVerbCompositionTests.Ready(String text, String operation, Byte key) in /home/marble/AI/CNET-worktrees/herdr-language-20260909/dotnet/CnetControlPlane.Tests/LearningCaseVerbCompositionTests.cs:line 48
   at CnetControlPlane.Tests.LearningCaseVerbCompositionTests.VerbInflectionsComposeWithoutChangingOperandText(String text, String operation, Byte key) in /home/marble/AI/CNET-worktrees/herdr-language-20260909/dotnet/CnetControlPlane.Tests/LearningCaseVerbCompositionTests.cs:line 43
   at InvokeStub_LearningCaseVerbCompositionTests.VerbInflectionsComposeWithoutChangingOperandText(Object, Span`1)
   at System.Reflection.MethodBaseInvoker.InvokeWithFewArgs(Object obj, BindingFlags invokeAttr, Binder binder, Object[] parameters, CultureInfo culture)
  Failed CnetControlPlane.Tests.LearningCaseVerbCompositionTests.VerbInflectionsComposeWithoutChangingOperandText(text: "Show me 'P' after transforming it to lowercase.", operation: "lower", key: 80) [< 1 ms]
  Error Message:
   TASK_VERB_RED Show me 'P' after transforming it to lowercase.: abstain
  Stack Trace:
     at CnetControlPlane.Tests.LearningCaseVerbCompositionTests.Ready(String text, String operation, Byte key) in /home/marble/AI/CNET-worktrees/herdr-language-20260909/dotnet/CnetControlPlane.Tests/LearningCaseVerbCompositionTests.cs:line 48
   at CnetControlPlane.Tests.LearningCaseVerbCompositionTests.VerbInflectionsComposeWithoutChangingOperandText(String text, String operation, Byte key) in /home/marble/AI/CNET-worktrees/herdr-language-20260909/dotnet/CnetControlPlane.Tests/LearningCaseVerbCompositionTests.cs:line 43
   at InvokeStub_LearningCaseVerbCompositionTests.VerbInflectionsComposeWithoutChangingOperandText(Object, Span`1)
   at System.Reflection.MethodBaseInvoker.InvokeWithFewArgs(Object obj, BindingFlags invokeAttr, Binder binder, Object[] parameters, CultureInfo culture)
  Failed CnetControlPlane.Tests.LearningCaseVerbCompositionTests.VerbInflectionsComposeWithoutChangingOperandText(text: "Would you mind rendering 'A' in lowercase?", operation: "lower", key: 65) [< 1 ms]
  Error Message:
   TASK_VERB_RED Would you mind rendering 'A' in lowercase?: abstain
  Stack Trace:
     at CnetControlPlane.Tests.LearningCaseVerbCompositionTests.Ready(String text, String operation, Byte key) in /home/marble/AI/CNET-worktrees/herdr-language-20260909/dotnet/CnetControlPlane.Tests/LearningCaseVerbCompositionTests.cs:line 48
   at CnetControlPlane.Tests.LearningCaseVerbCompositionTests.VerbInflectionsComposeWithoutChangingOperandText(String text, String operation, Byte key) in /home/marble/AI/CNET-worktrees/herdr-language-20260909/dotnet/CnetControlPlane.Tests/LearningCaseVerbCompositionTests.cs:line 43
   at InvokeStub_LearningCaseVerbCompositionTests.VerbInflectionsComposeWithoutChangingOperandText(Object, Span`1)
   at System.Reflection.MethodBaseInvoker.InvokeWithFewArgs(Object obj, BindingFlags invokeAttr, Binder binder, Object[] parameters, CultureInfo culture)
[xUnit.net 00:00:01.14]     CnetControlPlane.Tests.LearningCaseVerbCompositionTests.VerbInflectionsComposeWithoutChangingOperandText(text: "Would you mind providing 'A' in lowercase?", operation: "lower", key: 65) [FAIL]
[xUnit.net 00:00:01.17]       TASK_VERB_RED Would you mind providing 'A' in lowercase?: abstain
[xUnit.net 00:00:01.17]       Stack Trace:
[xUnit.net 00:00:01.17]         /home/marble/AI/CNET-worktrees/herdr-language-20260909/dotnet/CnetControlPlane.Tests/LearningCaseVerbCompositionTests.cs(48,0): at CnetControlPlane.Tests.LearningCaseVerbCompositionTests.Ready(String text, String operation, Byte key)
[xUnit.net 00:00:01.17]         /home/marble/AI/CNET-worktrees/herdr-language-20260909/dotnet/CnetControlPlane.Tests/LearningCaseVerbCompositionTests.cs(43,0): at CnetControlPlane.Tests.LearningCaseVerbCompositionTests.VerbInflectionsComposeWithoutChangingOperandText(String text, String operation, Byte key)
[xUnit.net 00:00:01.17]            at InvokeStub_LearningCaseVerbCompositionTests.VerbInflectionsComposeWithoutChangingOperandText(Object, Span`1)
[xUnit.net 00:00:01.17]            at System.Reflection.MethodBaseInvoker.InvokeWithFewArgs(Object obj, BindingFlags invokeAttr, Binder binder, Object[] parameters, CultureInfo culture)
[xUnit.net 00:00:01.17]     CnetControlPlane.Tests.LearningCaseVerbCompositionTests.SharedVerbRolesPreserveTheOriginalScalar(text: "Map U+00E4 onto its uppercase counterpart.", operation: "upper", key: 228) [FAIL]
[xUnit.net 00:00:01.17]       TASK_VERB_RED Map U+00E4 onto its uppercase counterpart.: abstain
[xUnit.net 00:00:01.17]       Stack Trace:
[xUnit.net 00:00:01.17]         /home/marble/AI/CNET-worktrees/herdr-language-20260909/dotnet/CnetControlPlane.Tests/LearningCaseVerbCompositionTests.cs(48,0): at CnetControlPlane.Tests.LearningCaseVerbCompositionTests.Ready(String text, String operation, Byte key)
[xUnit.net 00:00:01.17]         /home/marble/AI/CNET-worktrees/herdr-language-20260909/dotnet/CnetControlPlane.Tests/LearningCaseVerbCompositionTests.cs(24,0): at CnetControlPlane.Tests.LearningCaseVerbCompositionTests.SharedVerbRolesPreserveTheOriginalScalar(String text, String operation, Byte key)
[xUnit.net 00:00:01.17]            at System.RuntimeMethodHandle.InvokeMethod(Object target, Void** arguments, Signature sig, Boolean isConstructor)
[xUnit.net 00:00:01.17]            at System.Reflection.MethodBaseInvoker.InvokeDirectByRefWithFewArgs(Object obj, Span`1 copyOfArgs, BindingFlags invokeAttr)
[xUnit.net 00:00:01.17]     CnetControlPlane.Tests.LearningCaseVerbCompositionTests.SharedVerbRolesPreserveTheOriginalScalar(text: "Would you mind converting ' ' to upper case?", operation: "upper", key: 32) [FAIL]
[xUnit.net 00:00:01.17]       TASK_VERB_RED Would you mind converting ' ' to upper case?: abstain
[xUnit.net 00:00:01.17]       Stack Trace:
[xUnit.net 00:00:01.17]         /home/marble/AI/CNET-worktrees/herdr-language-20260909/dotnet/CnetControlPlane.Tests/LearningCaseVerbCompositionTests.cs(48,0): at CnetControlPlane.Tests.LearningCaseVerbCompositionTests.Ready(String text, String operation, Byte key)
[xUnit.net 00:00:01.17]         /home/marble/AI/CNET-worktrees/herdr-language-20260909/dotnet/CnetControlPlane.Tests/LearningCaseVerbCompositionTests.cs(24,0): at CnetControlPlane.Tests.LearningCaseVerbCompositionTests.SharedVerbRolesPreserveTheOriginalScalar(String text, String operation, Byte key)
[xUnit.net 00:00:01.17]            at InvokeStub_LearningCaseVerbCompositionTests.SharedVerbRolesPreserveTheOriginalScalar(Object, Span`1)
[xUnit.net 00:00:01.17]            at System.Reflection.MethodBaseInvoker.InvokeWithFewArgs(Object obj, BindingFlags invokeAttr, Binder binder, Object[] parameters, CultureInfo culture)
[xUnit.net 00:00:01.17]     CnetControlPlane.Tests.LearningCaseVerbCompositionTests.SharedVerbRolesPreserveTheOriginalScalar(text: "Take 0xC9 and switch it to lower case.", operation: "lower", key: 201) [FAIL]
[xUnit.net 00:00:01.17]       TASK_VERB_RED Take 0xC9 and switch it to lower case.: abstain
[xUnit.net 00:00:01.17]       Stack Trace:
[xUnit.net 00:00:01.17]         /home/marble/AI/CNET-worktrees/herdr-language-20260909/dotnet/CnetControlPlane.Tests/LearningCaseVerbCompositionTests.cs(48,0): at CnetControlPlane.Tests.LearningCaseVerbCompositionTests.Ready(String text, String operation, Byte key)
[xUnit.net 00:00:01.17]         /home/marble/AI/CNET-worktrees/herdr-language-20260909/dotnet/CnetControlPlane.Tests/LearningCaseVerbCompositionTests.cs(24,0): at CnetControlPlane.Tests.LearningCaseVerbCompositionTests.SharedVerbRolesPreserveTheOriginalScalar(String text, String operation, Byte key)
[xUnit.net 00:00:01.17]            at InvokeStub_LearningCaseVerbCompositionTests.SharedVerbRolesPreserveTheOriginalScalar(Object, Span`1)
[xUnit.net 00:00:01.17]            at System.Reflection.MethodBaseInvoker.InvokeWithFewArgs(Object obj, BindingFlags invokeAttr, Binder binder, Object[] parameters, CultureInfo culture)
[xUnit.net 00:00:01.17]     CnetControlPlane.Tests.LearningCaseVerbCompositionTests.SharedVerbRolesPreserveTheOriginalScalar(text: "Could you uncapitalize '~'?", operation: "lower", key: 126) [FAIL]
[xUnit.net 00:00:01.17]       TASK_VERB_RED Could you uncapitalize '~'?: abstain
[xUnit.net 00:00:01.17]       Stack Trace:
[xUnit.net 00:00:01.17]         /home/marble/AI/CNET-worktrees/herdr-language-20260909/dotnet/CnetControlPlane.Tests/LearningCaseVerbCompositionTests.cs(48,0): at CnetControlPlane.Tests.LearningCaseVerbCompositionTests.Ready(String text, String operation, Byte key)
[xUnit.net 00:00:01.17]         /home/marble/AI/CNET-worktrees/herdr-language-20260909/dotnet/CnetControlPlane.Tests/LearningCaseVerbCompositionTests.cs(24,0): at CnetControlPlane.Tests.LearningCaseVerbCompositionTests.SharedVerbRolesPreserveTheOriginalScalar(String text, String operation, Byte key)
[xUnit.net 00:00:01.17]            at InvokeStub_LearningCaseVerbCompositionTests.SharedVerbRolesPreserveTheOriginalScalar(Object, Span`1)
[xUnit.net 00:00:01.17]            at System.Reflection.MethodBaseInvoker.InvokeWithFewArgs(Object obj, BindingFlags invokeAttr, Binder binder, Object[] parameters, CultureInfo culture)
[xUnit.net 00:00:01.17]     CnetControlPlane.Tests.LearningCaseVerbCompositionTests.SharedVerbRolesPreserveTheOriginalScalar(text: "Rewrite 'Æ' using small letters.", operation: "lower", key: 198) [FAIL]
[xUnit.net 00:00:01.17]       TASK_VERB_RED Rewrite 'Æ' using small letters.: abstain
[xUnit.net 00:00:01.17]       Stack Trace:
[xUnit.net 00:00:01.17]         /home/marble/AI/CNET-worktrees/herdr-language-20260909/dotnet/CnetControlPlane.Tests/LearningCaseVerbCompositionTests.cs(48,0): at CnetControlPlane.Tests.LearningCaseVerbCompositionTests.Ready(String text, String operation, Byte key)
[xUnit.net 00:00:01.17]         /home/marble/AI/CNET-worktrees/herdr-language-20260909/dotnet/CnetControlPlane.Tests/LearningCaseVerbCompositionTests.cs(24,0): at CnetControlPlane.Tests.LearningCaseVerbCompositionTests.SharedVerbRolesPreserveTheOriginalScalar(String text, String operation, Byte key)
[xUnit.net 00:00:01.17]            at InvokeStub_LearningCaseVerbCompositionTests.SharedVerbRolesPreserveTheOriginalScalar(Object, Span`1)
[xUnit.net 00:00:01.17]            at System.Reflection.MethodBaseInvoker.InvokeWithFewArgs(Object obj, BindingFlags invokeAttr, Binder binder, Object[] parameters, CultureInfo culture)
[xUnit.net 00:00:01.17]     CnetControlPlane.Tests.LearningCaseVerbCompositionTests.SharedVerbRolesPreserveTheOriginalScalar(text: "Uncapitalize \"T\".", operation: "lower", key: 84) [FAIL]
[xUnit.net 00:00:01.17]       TASK_VERB_RED Uncapitalize "T".: abstain
[xUnit.net 00:00:01.17]       Stack Trace:
[xUnit.net 00:00:01.17]         /home/marble/AI/CNET-worktrees/herdr-language-20260909/dotnet/CnetControlPlane.Tests/LearningCaseVerbCompositionTests.cs(48,0): at CnetControlPlane.Tests.LearningCaseVerbCompositionTests.Ready(String text, String operation, Byte key)
[xUnit.net 00:00:01.17]         /home/marble/AI/CNET-worktrees/herdr-language-20260909/dotnet/CnetControlPlane.Tests/LearningCaseVerbCompositionTests.cs(24,0): at CnetControlPlane.Tests.LearningCaseVerbCompositionTests.SharedVerbRolesPreserveTheOriginalScalar(String text, String operation, Byte key)
[xUnit.net 00:00:01.17]            at InvokeStub_LearningCaseVerbCompositionTests.SharedVerbRolesPreserveTheOriginalScalar(Object, Span`1)
[xUnit.net 00:00:01.17]            at System.Reflection.MethodBaseInvoker.InvokeWithFewArgs(Object obj, BindingFlags invokeAttr, Binder binder, Object[] parameters, CultureInfo culture)
[xUnit.net 00:00:01.17]     CnetControlPlane.Tests.LearningCaseVerbCompositionTests.SharedVerbRolesPreserveTheOriginalScalar(text: "Show me letter V after converting it to lower case"···, operation: "lower", key: 86) [FAIL]
[xUnit.net 00:00:01.17]       TASK_VERB_RED Show me letter V after converting it to lower case.: abstain
[xUnit.net 00:00:01.17]       Stack Trace:
[xUnit.net 00:00:01.17]         /home/marble/AI/CNET-worktrees/herdr-language-20260909/dotnet/CnetControlPlane.Tests/LearningCaseVerbCompositionTests.cs(48,0): at CnetControlPlane.Tests.LearningCaseVerbCompositionTests.Ready(String text, String operation, Byte key)
[xUnit.net 00:00:01.17]         /home/marble/AI/CNET-worktrees/herdr-language-20260909/dotnet/CnetControlPlane.Tests/LearningCaseVerbCompositionTests.cs(24,0): at CnetControlPlane.Tests.LearningCaseVerbCompositionTests.SharedVerbRolesPreserveTheOriginalScalar(String text, String operation, Byte key)
[xUnit.net 00:00:01.17]            at InvokeStub_LearningCaseVerbCompositionTests.SharedVerbRolesPreserveTheOriginalScalar(Object, Span`1)
[xUnit.net 00:00:01.17]            at System.Reflection.MethodBaseInvoker.InvokeWithFewArgs(Object obj, BindingFlags invokeAttr, Binder binder, Object[] parameters, CultureInfo culture)
[xUnit.net 00:00:01.17]     CnetControlPlane.Tests.LearningCaseVerbCompositionTests.SharedVerbRolesPreserveTheOriginalScalar(text: "Would you mind changing P to lowercase?", operation: "lower", key: 80) [FAIL]
[xUnit.net 00:00:01.17]       TASK_VERB_RED Would you mind changing P to lowercase?: abstain
[xUnit.net 00:00:01.17]       Stack Trace:
[xUnit.net 00:00:01.17]         /home/marble/AI/CNET-worktrees/herdr-language-20260909/dotnet/CnetControlPlane.Tests/LearningCaseVerbCompositionTests.cs(48,0): at CnetControlPlane.Tests.LearningCaseVerbCompositionTests.Ready(String text, String operation, Byte key)
[xUnit.net 00:00:01.17]         /home/marble/AI/CNET-worktrees/herdr-language-20260909/dotnet/CnetControlPlane.Tests/LearningCaseVerbCompositionTests.cs(24,0): at CnetControlPlane.Tests.LearningCaseVerbCompositionTests.SharedVerbRolesPreserveTheOriginalScalar(String text, String operation, Byte key)
[xUnit.net 00:00:01.17]            at InvokeStub_LearningCaseVerbCompositionTests.SharedVerbRolesPreserveTheOriginalScalar(Object, Span`1)
[xUnit.net 00:00:01.17]            at System.Reflection.MethodBaseInvoker.InvokeWithFewArgs(Object obj, BindingFlags invokeAttr, Binder binder, Object[] parameters, CultureInfo culture)
  Failed CnetControlPlane.Tests.LearningCaseVerbCompositionTests.VerbInflectionsComposeWithoutChangingOperandText(text: "Would you mind providing 'A' in lowercase?", operation: "lower", key: 65) [< 1 ms]
  Error Message:
   TASK_VERB_RED Would you mind providing 'A' in lowercase?: abstain
  Stack Trace:
     at CnetControlPlane.Tests.LearningCaseVerbCompositionTests.Ready(String text, String operation, Byte key) in /home/marble/AI/CNET-worktrees/herdr-language-20260909/dotnet/CnetControlPlane.Tests/LearningCaseVerbCompositionTests.cs:line 48
   at CnetControlPlane.Tests.LearningCaseVerbCompositionTests.VerbInflectionsComposeWithoutChangingOperandText(String text, String operation, Byte key) in /home/marble/AI/CNET-worktrees/herdr-language-20260909/dotnet/CnetControlPlane.Tests/LearningCaseVerbCompositionTests.cs:line 43
   at InvokeStub_LearningCaseVerbCompositionTests.VerbInflectionsComposeWithoutChangingOperandText(Object, Span`1)
   at System.Reflection.MethodBaseInvoker.InvokeWithFewArgs(Object obj, BindingFlags invokeAttr, Binder binder, Object[] parameters, CultureInfo culture)
  Failed CnetControlPlane.Tests.LearningCaseVerbCompositionTests.SharedVerbRolesPreserveTheOriginalScalar(text: "Map U+00E4 onto its uppercase counterpart.", operation: "upper", key: 228) [< 1 ms]
  Error Message:
   TASK_VERB_RED Map U+00E4 onto its uppercase counterpart.: abstain
  Stack Trace:
     at CnetControlPlane.Tests.LearningCaseVerbCompositionTests.Ready(String text, String operation, Byte key) in /home/marble/AI/CNET-worktrees/herdr-language-20260909/dotnet/CnetControlPlane.Tests/LearningCaseVerbCompositionTests.cs:line 48
   at CnetControlPlane.Tests.LearningCaseVerbCompositionTests.SharedVerbRolesPreserveTheOriginalScalar(String text, String operation, Byte key) in /home/marble/AI/CNET-worktrees/herdr-language-20260909/dotnet/CnetControlPlane.Tests/LearningCaseVerbCompositionTests.cs:line 24
   at System.RuntimeMethodHandle.InvokeMethod(Object target, Void** arguments, Signature sig, Boolean isConstructor)
   at System.Reflection.MethodBaseInvoker.InvokeDirectByRefWithFewArgs(Object obj, Span`1 copyOfArgs, BindingFlags invokeAttr)
  Failed CnetControlPlane.Tests.LearningCaseVerbCompositionTests.SharedVerbRolesPreserveTheOriginalScalar(text: "Would you mind converting ' ' to upper case?", operation: "upper", key: 32) [< 1 ms]
  Error Message:
   TASK_VERB_RED Would you mind converting ' ' to upper case?: abstain
  Stack Trace:
     at CnetControlPlane.Tests.LearningCaseVerbCompositionTests.Ready(String text, String operation, Byte key) in /home/marble/AI/CNET-worktrees/herdr-language-20260909/dotnet/CnetControlPlane.Tests/LearningCaseVerbCompositionTests.cs:line 48
   at CnetControlPlane.Tests.LearningCaseVerbCompositionTests.SharedVerbRolesPreserveTheOriginalScalar(String text, String operation, Byte key) in /home/marble/AI/CNET-worktrees/herdr-language-20260909/dotnet/CnetControlPlane.Tests/LearningCaseVerbCompositionTests.cs:line 24
   at InvokeStub_LearningCaseVerbCompositionTests.SharedVerbRolesPreserveTheOriginalScalar(Object, Span`1)
   at System.Reflection.MethodBaseInvoker.InvokeWithFewArgs(Object obj, BindingFlags invokeAttr, Binder binder, Object[] parameters, CultureInfo culture)
  Failed CnetControlPlane.Tests.LearningCaseVerbCompositionTests.SharedVerbRolesPreserveTheOriginalScalar(text: "Take 0xC9 and switch it to lower case.", operation: "lower", key: 201) [< 1 ms]
  Error Message:
   TASK_VERB_RED Take 0xC9 and switch it to lower case.: abstain
  Stack Trace:
     at CnetControlPlane.Tests.LearningCaseVerbCompositionTests.Ready(String text, String operation, Byte key) in /home/marble/AI/CNET-worktrees/herdr-language-20260909/dotnet/CnetControlPlane.Tests/LearningCaseVerbCompositionTests.cs:line 48
   at CnetControlPlane.Tests.LearningCaseVerbCompositionTests.SharedVerbRolesPreserveTheOriginalScalar(String text, String operation, Byte key) in /home/marble/AI/CNET-worktrees/herdr-language-20260909/dotnet/CnetControlPlane.Tests/LearningCaseVerbCompositionTests.cs:line 24
   at InvokeStub_LearningCaseVerbCompositionTests.SharedVerbRolesPreserveTheOriginalScalar(Object, Span`1)
   at System.Reflection.MethodBaseInvoker.InvokeWithFewArgs(Object obj, BindingFlags invokeAttr, Binder binder, Object[] parameters, CultureInfo culture)
  Failed CnetControlPlane.Tests.LearningCaseVerbCompositionTests.SharedVerbRolesPreserveTheOriginalScalar(text: "Could you uncapitalize '~'?", operation: "lower", key: 126) [< 1 ms]
  Error Message:
   TASK_VERB_RED Could you uncapitalize '~'?: abstain
  Stack Trace:
     at CnetControlPlane.Tests.LearningCaseVerbCompositionTests.Ready(String text, String operation, Byte key) in /home/marble/AI/CNET-worktrees/herdr-language-20260909/dotnet/CnetControlPlane.Tests/LearningCaseVerbCompositionTests.cs:line 48
   at CnetControlPlane.Tests.LearningCaseVerbCompositionTests.SharedVerbRolesPreserveTheOriginalScalar(String text, String operation, Byte key) in /home/marble/AI/CNET-worktrees/herdr-language-20260909/dotnet/CnetControlPlane.Tests/LearningCaseVerbCompositionTests.cs:line 24
   at InvokeStub_LearningCaseVerbCompositionTests.SharedVerbRolesPreserveTheOriginalScalar(Object, Span`1)
   at System.Reflection.MethodBaseInvoker.InvokeWithFewArgs(Object obj, BindingFlags invokeAttr, Binder binder, Object[] parameters, CultureInfo culture)
  Failed CnetControlPlane.Tests.LearningCaseVerbCompositionTests.SharedVerbRolesPreserveTheOriginalScalar(text: "Rewrite 'Æ' using small letters.", operation: "lower", key: 198) [1 ms]
  Error Message:
   TASK_VERB_RED Rewrite 'Æ' using small letters.: abstain
  Stack Trace:
     at CnetControlPlane.Tests.LearningCaseVerbCompositionTests.Ready(String text, String operation, Byte key) in /home/marble/AI/CNET-worktrees/herdr-language-20260909/dotnet/CnetControlPlane.Tests/LearningCaseVerbCompositionTests.cs:line 48
   at CnetControlPlane.Tests.LearningCaseVerbCompositionTests.SharedVerbRolesPreserveTheOriginalScalar(String text, String operation, Byte key) in /home/marble/AI/CNET-worktrees/herdr-language-20260909/dotnet/CnetControlPlane.Tests/LearningCaseVerbCompositionTests.cs:line 24
   at InvokeStub_LearningCaseVerbCompositionTests.SharedVerbRolesPreserveTheOriginalScalar(Object, Span`1)
   at System.Reflection.MethodBaseInvoker.InvokeWithFewArgs(Object obj, BindingFlags invokeAttr, Binder binder, Object[] parameters, CultureInfo culture)
  Failed CnetControlPlane.Tests.LearningCaseVerbCompositionTests.SharedVerbRolesPreserveTheOriginalScalar(text: "Uncapitalize \"T\".", operation: "lower", key: 84) [< 1 ms]
  Error Message:
   TASK_VERB_RED Uncapitalize "T".: abstain
  Stack Trace:
     at CnetControlPlane.Tests.LearningCaseVerbCompositionTests.Ready(String text, String operation, Byte key) in /home/marble/AI/CNET-worktrees/herdr-language-20260909/dotnet/CnetControlPlane.Tests/LearningCaseVerbCompositionTests.cs:line 48
   at CnetControlPlane.Tests.LearningCaseVerbCompositionTests.SharedVerbRolesPreserveTheOriginalScalar(String text, String operation, Byte key) in /home/marble/AI/CNET-worktrees/herdr-language-20260909/dotnet/CnetControlPlane.Tests/LearningCaseVerbCompositionTests.cs:line 24
   at InvokeStub_LearningCaseVerbCompositionTests.SharedVerbRolesPreserveTheOriginalScalar(Object, Span`1)
   at System.Reflection.MethodBaseInvoker.InvokeWithFewArgs(Object obj, BindingFlags invokeAttr, Binder binder, Object[] parameters, CultureInfo culture)
  Failed CnetControlPlane.Tests.LearningCaseVerbCompositionTests.SharedVerbRolesPreserveTheOriginalScalar(text: "Show me letter V after converting it to lower case"···, operation: "lower", key: 86) [< 1 ms]
  Error Message:
   TASK_VERB_RED Show me letter V after converting it to lower case.: abstain
  Stack Trace:
     at CnetControlPlane.Tests.LearningCaseVerbCompositionTests.Ready(String text, String operation, Byte key) in /home/marble/AI/CNET-worktrees/herdr-language-20260909/dotnet/CnetControlPlane.Tests/LearningCaseVerbCompositionTests.cs:line 48
   at CnetControlPlane.Tests.LearningCaseVerbCompositionTests.SharedVerbRolesPreserveTheOriginalScalar(String text, String operation, Byte key) in /home/marble/AI/CNET-worktrees/herdr-language-20260909/dotnet/CnetControlPlane.Tests/LearningCaseVerbCompositionTests.cs:line 24
   at InvokeStub_LearningCaseVerbCompositionTests.SharedVerbRolesPreserveTheOriginalScalar(Object, Span`1)
   at System.Reflection.MethodBaseInvoker.InvokeWithFewArgs(Object obj, BindingFlags invokeAttr, Binder binder, Object[] parameters, CultureInfo culture)
  Failed CnetControlPlane.Tests.LearningCaseVerbCompositionTests.SharedVerbRolesPreserveTheOriginalScalar(text: "Would you mind changing P to lowercase?", operation: "lower", key: 80) [< 1 ms]
  Error Message:
   TASK_VERB_RED Would you mind changing P to lowercase?: abstain
  Stack Trace:
     at CnetControlPlane.Tests.LearningCaseVerbCompositionTests.Ready(String text, String operation, Byte key) in /home/marble/AI/CNET-worktrees/herdr-language-20260909/dotnet/CnetControlPlane.Tests/LearningCaseVerbCompositionTests.cs:line 48
   at CnetControlPlane.Tests.LearningCaseVerbCompositionTests.SharedVerbRolesPreserveTheOriginalScalar(String text, String operation, Byte key) in /home/marble/AI/CNET-worktrees/herdr-language-20260909/dotnet/CnetControlPlane.Tests/LearningCaseVerbCompositionTests.cs:line 24
   at InvokeStub_LearningCaseVerbCompositionTests.SharedVerbRolesPreserveTheOriginalScalar(Object, Span`1)
   at System.Reflection.MethodBaseInvoker.InvokeWithFewArgs(Object obj, BindingFlags invokeAttr, Binder binder, Object[] parameters, CultureInfo culture)
[xUnit.net 00:00:01.17]     CnetControlPlane.Tests.LearningCaseVerbCompositionTests.SharedVerbRolesPreserveTheOriginalScalar(text: "I need U+00E0 mapped to uppercase.", operation: "upper", key: 224) [FAIL]
[xUnit.net 00:00:01.17]       TASK_VERB_RED I need U+00E0 mapped to uppercase.: abstain
[xUnit.net 00:00:01.17]       Stack Trace:
[xUnit.net 00:00:01.17]         /home/marble/AI/CNET-worktrees/herdr-language-20260909/dotnet/CnetControlPlane.Tests/LearningCaseVerbCompositionTests.cs(48,0): at CnetControlPlane.Tests.LearningCaseVerbCompositionTests.Ready(String text, String operation, Byte key)
[xUnit.net 00:00:01.17]         /home/marble/AI/CNET-worktrees/herdr-language-20260909/dotnet/CnetControlPlane.Tests/LearningCaseVerbCompositionTests.cs(24,0): at CnetControlPlane.Tests.LearningCaseVerbCompositionTests.SharedVerbRolesPreserveTheOriginalScalar(String text, String operation, Byte key)
[xUnit.net 00:00:01.17]            at InvokeStub_LearningCaseVerbCompositionTests.SharedVerbRolesPreserveTheOriginalScalar(Object, Span`1)
[xUnit.net 00:00:01.17]            at System.Reflection.MethodBaseInvoker.InvokeWithFewArgs(Object obj, BindingFlags invokeAttr, Binder binder, Object[] parameters, CultureInfo culture)
[xUnit.net 00:00:01.17]     CnetControlPlane.Tests.LearningCaseVerbCompositionTests.SharedVerbRolesPreserveTheOriginalScalar(text: "Would you mind giving me the uppercase of f?", operation: "upper", key: 102) [FAIL]
[xUnit.net 00:00:01.17]       TASK_VERB_RED Would you mind giving me the uppercase of f?: abstain
[xUnit.net 00:00:01.17]       Stack Trace:
[xUnit.net 00:00:01.17]         /home/marble/AI/CNET-worktrees/herdr-language-20260909/dotnet/CnetControlPlane.Tests/LearningCaseVerbCompositionTests.cs(48,0): at CnetControlPlane.Tests.LearningCaseVerbCompositionTests.Ready(String text, String operation, Byte key)
[xUnit.net 00:00:01.17]         /home/marble/AI/CNET-worktrees/herdr-language-20260909/dotnet/CnetControlPlane.Tests/LearningCaseVerbCompositionTests.cs(24,0): at CnetControlPlane.Tests.LearningCaseVerbCompositionTests.SharedVerbRolesPreserveTheOriginalScalar(String text, String operation, Byte key)
[xUnit.net 00:00:01.17]            at InvokeStub_LearningCaseVerbCompositionTests.SharedVerbRolesPreserveTheOriginalScalar(Object, Span`1)
[xUnit.net 00:00:01.17]            at System.Reflection.MethodBaseInvoker.InvokeWithFewArgs(Object obj, BindingFlags invokeAttr, Binder binder, Object[] parameters, CultureInfo culture)
[xUnit.net 00:00:01.17]     CnetControlPlane.Tests.LearningCaseVerbCompositionTests.SharedVerbRolesPreserveTheOriginalScalar(text: "Bring R down to lower case.", operation: "lower", key: 82) [FAIL]
[xUnit.net 00:00:01.17]       TASK_VERB_RED Bring R down to lower case.: abstain
[xUnit.net 00:00:01.17]       Stack Trace:
[xUnit.net 00:00:01.17]         /home/marble/AI/CNET-worktrees/herdr-language-20260909/dotnet/CnetControlPlane.Tests/LearningCaseVerbCompositionTests.cs(48,0): at CnetControlPlane.Tests.LearningCaseVerbCompositionTests.Ready(String text, String operation, Byte key)
[xUnit.net 00:00:01.17]         /home/marble/AI/CNET-worktrees/herdr-language-20260909/dotnet/CnetControlPlane.Tests/LearningCaseVerbCompositionTests.cs(24,0): at CnetControlPlane.Tests.LearningCaseVerbCompositionTests.SharedVerbRolesPreserveTheOriginalScalar(String text, String operation, Byte key)
[xUnit.net 00:00:01.17]            at InvokeStub_LearningCaseVerbCompositionTests.SharedVerbRolesPreserveTheOriginalScalar(Object, Span`1)
[xUnit.net 00:00:01.17]            at System.Reflection.MethodBaseInvoker.InvokeWithFewArgs(Object obj, BindingFlags invokeAttr, Binder binder, Object[] parameters, CultureInfo culture)
[xUnit.net 00:00:01.17]     CnetControlPlane.Tests.LearningCaseVerbCompositionTests.SharedVerbRolesPreserveTheOriginalScalar(text: "Change \"ñ\" so it is written in capitals.", operation: "upper", key: 241) [FAIL]
[xUnit.net 00:00:01.17]       TASK_VERB_RED Change "ñ" so it is written in capitals.: abstain
[xUnit.net 00:00:01.17]       Stack Trace:
[xUnit.net 00:00:01.17]         /home/marble/AI/CNET-worktrees/herdr-language-20260909/dotnet/CnetControlPlane.Tests/LearningCaseVerbCompositionTests.cs(48,0): at CnetControlPlane.Tests.LearningCaseVerbCompositionTests.Ready(String text, String operation, Byte key)
[xUnit.net 00:00:01.17]         /home/marble/AI/CNET-worktrees/herdr-language-20260909/dotnet/CnetControlPlane.Tests/LearningCaseVerbCompositionTests.cs(24,0): at CnetControlPlane.Tests.LearningCaseVerbCompositionTests.SharedVerbRolesPreserveTheOriginalScalar(String text, String operation, Byte key)
[xUnit.net 00:00:01.17]            at InvokeStub_LearningCaseVerbCompositionTests.SharedVerbRolesPreserveTheOriginalScalar(Object, Span`1)
[xUnit.net 00:00:01.17]            at System.Reflection.MethodBaseInvoker.InvokeWithFewArgs(Object obj, BindingFlags invokeAttr, Binder binder, Object[] parameters, CultureInfo culture)
[xUnit.net 00:00:01.17]     CnetControlPlane.Tests.LearningCaseVerbCompositionTests.ExtraActionsAndUnresolvedRolesNeverBecomeReady(text: "Bring 'A' up to lowercase.", expected: "clarify") [FAIL]
[xUnit.net 00:00:01.17]       TASK_VERB_RED Bring 'A' up to lowercase.: abstain, expected clarify
[xUnit.net 00:00:01.17]       Stack Trace:
[xUnit.net 00:00:01.17]         /home/marble/AI/CNET-worktrees/herdr-language-20260909/dotnet/CnetControlPlane.Tests/LearningCaseVerbCompositionTests.cs(79,0): at CnetControlPlane.Tests.LearningCaseVerbCompositionTests.ExtraActionsAndUnresolvedRolesNeverBecomeReady(String text, String expected)
[xUnit.net 00:00:01.17]            at InvokeStub_LearningCaseVerbCompositionTests.ExtraActionsAndUnresolvedRolesNeverBecomeReady(Object, Span`1)
[xUnit.net 00:00:01.17]            at System.Reflection.MethodBaseInvoker.InvokeWithFewArgs(Object obj, BindingFlags invokeAttr, Binder binder, Object[] parameters, CultureInfo culture)
[xUnit.net 00:00:01.17]     CnetControlPlane.Tests.LearningCaseVerbCompositionTests.ExtraActionsAndUnresolvedRolesNeverBecomeReady(text: "Do a case change on w.", expected: "clarify") [FAIL]
[xUnit.net 00:00:01.17]       TASK_VERB_RED Do a case change on w.: abstain, expected clarify
[xUnit.net 00:00:01.17]       Stack Trace:
[xUnit.net 00:00:01.17]         /home/marble/AI/CNET-worktrees/herdr-language-20260909/dotnet/CnetControlPlane.Tests/LearningCaseVerbCompositionTests.cs(79,0): at CnetControlPlane.Tests.LearningCaseVerbCompositionTests.ExtraActionsAndUnresolvedRolesNeverBecomeReady(String text, String expected)
[xUnit.net 00:00:01.17]            at InvokeStub_LearningCaseVerbCompositionTests.ExtraActionsAndUnresolvedRolesNeverBecomeReady(Object, Span`1)
[xUnit.net 00:00:01.17]            at System.Reflection.MethodBaseInvoker.InvokeWithFewArgs(Object obj, BindingFlags invokeAttr, Binder binder, Object[] parameters, CultureInfo culture)
[xUnit.net 00:00:01.17]     CnetControlPlane.Tests.LearningCaseVerbCompositionTests.ExtraActionsAndUnresolvedRolesNeverBecomeReady(text: "Show 'A' after raising it to lowercase.", expected: "clarify") [FAIL]
[xUnit.net 00:00:01.17]       TASK_VERB_RED Show 'A' after raising it to lowercase.: abstain, expected clarify
[xUnit.net 00:00:01.17]       Stack Trace:
[xUnit.net 00:00:01.17]         /home/marble/AI/CNET-worktrees/herdr-language-20260909/dotnet/CnetControlPlane.Tests/LearningCaseVerbCompositionTests.cs(79,0): at CnetControlPlane.Tests.LearningCaseVerbCompositionTests.ExtraActionsAndUnresolvedRolesNeverBecomeReady(String text, String expected)
[xUnit.net 00:00:01.17]            at InvokeStub_LearningCaseVerbCompositionTests.ExtraActionsAndUnresolvedRolesNeverBecomeReady(Object, Span`1)
[xUnit.net 00:00:01.17]            at System.Reflection.MethodBaseInvoker.InvokeWithFewArgs(Object obj, BindingFlags invokeAttr, Binder binder, Object[] parameters, CultureInfo culture)
  Failed CnetControlPlane.Tests.LearningCaseVerbCompositionTests.SharedVerbRolesPreserveTheOriginalScalar(text: "I need U+00E0 mapped to uppercase.", operation: "upper", key: 224) [1 ms]
  Error Message:
   TASK_VERB_RED I need U+00E0 mapped to uppercase.: abstain
  Stack Trace:
     at CnetControlPlane.Tests.LearningCaseVerbCompositionTests.Ready(String text, String operation, Byte key) in /home/marble/AI/CNET-worktrees/herdr-language-20260909/dotnet/CnetControlPlane.Tests/LearningCaseVerbCompositionTests.cs:line 48
   at CnetControlPlane.Tests.LearningCaseVerbCompositionTests.SharedVerbRolesPreserveTheOriginalScalar(String text, String operation, Byte key) in /home/marble/AI/CNET-worktrees/herdr-language-20260909/dotnet/CnetControlPlane.Tests/LearningCaseVerbCompositionTests.cs:line 24
   at InvokeStub_LearningCaseVerbCompositionTests.SharedVerbRolesPreserveTheOriginalScalar(Object, Span`1)
   at System.Reflection.MethodBaseInvoker.InvokeWithFewArgs(Object obj, BindingFlags invokeAttr, Binder binder, Object[] parameters, CultureInfo culture)
  Failed CnetControlPlane.Tests.LearningCaseVerbCompositionTests.SharedVerbRolesPreserveTheOriginalScalar(text: "Would you mind giving me the uppercase of f?", operation: "upper", key: 102) [< 1 ms]
  Error Message:
   TASK_VERB_RED Would you mind giving me the uppercase of f?: abstain
  Stack Trace:
     at CnetControlPlane.Tests.LearningCaseVerbCompositionTests.Ready(String text, String operation, Byte key) in /home/marble/AI/CNET-worktrees/herdr-language-20260909/dotnet/CnetControlPlane.Tests/LearningCaseVerbCompositionTests.cs:line 48
   at CnetControlPlane.Tests.LearningCaseVerbCompositionTests.SharedVerbRolesPreserveTheOriginalScalar(String text, String operation, Byte key) in /home/marble/AI/CNET-worktrees/herdr-language-20260909/dotnet/CnetControlPlane.Tests/LearningCaseVerbCompositionTests.cs:line 24
   at InvokeStub_LearningCaseVerbCompositionTests.SharedVerbRolesPreserveTheOriginalScalar(Object, Span`1)
   at System.Reflection.MethodBaseInvoker.InvokeWithFewArgs(Object obj, BindingFlags invokeAttr, Binder binder, Object[] parameters, CultureInfo culture)
  Failed CnetControlPlane.Tests.LearningCaseVerbCompositionTests.SharedVerbRolesPreserveTheOriginalScalar(text: "Bring R down to lower case.", operation: "lower", key: 82) [< 1 ms]
  Error Message:
   TASK_VERB_RED Bring R down to lower case.: abstain
  Stack Trace:
     at CnetControlPlane.Tests.LearningCaseVerbCompositionTests.Ready(String text, String operation, Byte key) in /home/marble/AI/CNET-worktrees/herdr-language-20260909/dotnet/CnetControlPlane.Tests/LearningCaseVerbCompositionTests.cs:line 48
   at CnetControlPlane.Tests.LearningCaseVerbCompositionTests.SharedVerbRolesPreserveTheOriginalScalar(String text, String operation, Byte key) in /home/marble/AI/CNET-worktrees/herdr-language-20260909/dotnet/CnetControlPlane.Tests/LearningCaseVerbCompositionTests.cs:line 24
   at InvokeStub_LearningCaseVerbCompositionTests.SharedVerbRolesPreserveTheOriginalScalar(Object, Span`1)
   at System.Reflection.MethodBaseInvoker.InvokeWithFewArgs(Object obj, BindingFlags invokeAttr, Binder binder, Object[] parameters, CultureInfo culture)
  Failed CnetControlPlane.Tests.LearningCaseVerbCompositionTests.SharedVerbRolesPreserveTheOriginalScalar(text: "Change \"ñ\" so it is written in capitals.", operation: "upper", key: 241) [1 ms]
  Error Message:
   TASK_VERB_RED Change "ñ" so it is written in capitals.: abstain
  Stack Trace:
     at CnetControlPlane.Tests.LearningCaseVerbCompositionTests.Ready(String text, String operation, Byte key) in /home/marble/AI/CNET-worktrees/herdr-language-20260909/dotnet/CnetControlPlane.Tests/LearningCaseVerbCompositionTests.cs:line 48
   at CnetControlPlane.Tests.LearningCaseVerbCompositionTests.SharedVerbRolesPreserveTheOriginalScalar(String text, String operation, Byte key) in /home/marble/AI/CNET-worktrees/herdr-language-20260909/dotnet/CnetControlPlane.Tests/LearningCaseVerbCompositionTests.cs:line 24
   at InvokeStub_LearningCaseVerbCompositionTests.SharedVerbRolesPreserveTheOriginalScalar(Object, Span`1)
   at System.Reflection.MethodBaseInvoker.InvokeWithFewArgs(Object obj, BindingFlags invokeAttr, Binder binder, Object[] parameters, CultureInfo culture)
  Passed CnetControlPlane.Tests.LearningCaseVerbCompositionTests.ExtraActionsAndUnresolvedRolesNeverBecomeReady(text: "Which should I lowercase, F or U+000A?", expected: "abstain") [< 1 ms]
  Passed CnetControlPlane.Tests.LearningCaseVerbCompositionTests.ExtraActionsAndUnresolvedRolesNeverBecomeReady(text: "Would you mind raising U+0218 to lowercase?", expected: "abstain") [< 1 ms]
  Failed CnetControlPlane.Tests.LearningCaseVerbCompositionTests.ExtraActionsAndUnresolvedRolesNeverBecomeReady(text: "Bring 'A' up to lowercase.", expected: "clarify") [< 1 ms]
  Error Message:
   TASK_VERB_RED Bring 'A' up to lowercase.: abstain, expected clarify
  Stack Trace:
     at CnetControlPlane.Tests.LearningCaseVerbCompositionTests.ExtraActionsAndUnresolvedRolesNeverBecomeReady(String text, String expected) in /home/marble/AI/CNET-worktrees/herdr-language-20260909/dotnet/CnetControlPlane.Tests/LearningCaseVerbCompositionTests.cs:line 79
   at InvokeStub_LearningCaseVerbCompositionTests.ExtraActionsAndUnresolvedRolesNeverBecomeReady(Object, Span`1)
   at System.Reflection.MethodBaseInvoker.InvokeWithFewArgs(Object obj, BindingFlags invokeAttr, Binder binder, Object[] parameters, CultureInfo culture)
  Failed CnetControlPlane.Tests.LearningCaseVerbCompositionTests.ExtraActionsAndUnresolvedRolesNeverBecomeReady(text: "Do a case change on w.", expected: "clarify") [< 1 ms]
  Error Message:
   TASK_VERB_RED Do a case change on w.: abstain, expected clarify
  Stack Trace:
     at CnetControlPlane.Tests.LearningCaseVerbCompositionTests.ExtraActionsAndUnresolvedRolesNeverBecomeReady(String text, String expected) in /home/marble/AI/CNET-worktrees/herdr-language-20260909/dotnet/CnetControlPlane.Tests/LearningCaseVerbCompositionTests.cs:line 79
   at InvokeStub_LearningCaseVerbCompositionTests.ExtraActionsAndUnresolvedRolesNeverBecomeReady(Object, Span`1)
   at System.Reflection.MethodBaseInvoker.InvokeWithFewArgs(Object obj, BindingFlags invokeAttr, Binder binder, Object[] parameters, CultureInfo culture)
  Failed CnetControlPlane.Tests.LearningCaseVerbCompositionTests.ExtraActionsAndUnresolvedRolesNeverBecomeReady(text: "Show 'A' after raising it to lowercase.", expected: "clarify") [< 1 ms]
  Error Message:
   TASK_VERB_RED Show 'A' after raising it to lowercase.: abstain, expected clarify
  Stack Trace:
     at CnetControlPlane.Tests.LearningCaseVerbCompositionTests.ExtraActionsAndUnresolvedRolesNeverBecomeReady(String text, String expected) in /home/marble/AI/CNET-worktrees/herdr-language-20260909/dotnet/CnetControlPlane.Tests/LearningCaseVerbCompositionTests.cs:line 79
   at InvokeStub_LearningCaseVerbCompositionTests.ExtraActionsAndUnresolvedRolesNeverBecomeReady(Object, Span`1)
   at System.Reflection.MethodBaseInvoker.InvokeWithFewArgs(Object obj, BindingFlags invokeAttr, Binder binder, Object[] parameters, CultureInfo culture)
[xUnit.net 00:00:01.17]     CnetControlPlane.Tests.LearningCaseVerbCompositionTests.ExtraActionsAndUnresolvedRolesNeverBecomeReady(text: "Which should I lowercase, F or G?", expected: "clarify") [FAIL]
[xUnit.net 00:00:01.17]       TASK_VERB_RED Which should I lowercase, F or G?: abstain, expected clarify
[xUnit.net 00:00:01.17]       Stack Trace:
[xUnit.net 00:00:01.17]         /home/marble/AI/CNET-worktrees/herdr-language-20260909/dotnet/CnetControlPlane.Tests/LearningCaseVerbCompositionTests.cs(79,0): at CnetControlPlane.Tests.LearningCaseVerbCompositionTests.ExtraActionsAndUnresolvedRolesNeverBecomeReady(String text, String expected)
[xUnit.net 00:00:01.17]            at InvokeStub_LearningCaseVerbCompositionTests.ExtraActionsAndUnresolvedRolesNeverBecomeReady(Object, Span`1)
[xUnit.net 00:00:01.17]            at System.Reflection.MethodBaseInvoker.InvokeWithFewArgs(Object obj, BindingFlags invokeAttr, Binder binder, Object[] parameters, CultureInfo culture)
  Passed CnetControlPlane.Tests.LearningCaseVerbCompositionTests.ExtraActionsAndUnresolvedRolesNeverBecomeReady(text: "Do a case change on U+0218.", expected: "abstain") [< 1 ms]
  Passed CnetControlPlane.Tests.LearningCaseVerbCompositionTests.ExtraActionsAndUnresolvedRolesNeverBecomeReady(text: "Uncapitalize 'AB'.", expected: "abstain") [< 1 ms]
  Passed CnetControlPlane.Tests.LearningCaseVerbCompositionTests.ExtraActionsAndUnresolvedRolesNeverBecomeReady(text: "Show 'A' before converting it to lowercase.", expected: "abstain") [< 1 ms]
  Passed CnetControlPlane.Tests.LearningCaseVerbCompositionTests.ExtraActionsAndUnresolvedRolesNeverBecomeReady(text: "Uncapitalize U+000A.", expected: "abstain") [< 1 ms]
  Failed CnetControlPlane.Tests.LearningCaseVerbCompositionTests.ExtraActionsAndUnresolvedRolesNeverBecomeReady(text: "Which should I lowercase, F or G?", expected: "clarify") [< 1 ms]
  Error Message:
   TASK_VERB_RED Which should I lowercase, F or G?: abstain, expected clarify
  Stack Trace:
     at CnetControlPlane.Tests.LearningCaseVerbCompositionTests.ExtraActionsAndUnresolvedRolesNeverBecomeReady(String text, String expected) in /home/marble/AI/CNET-worktrees/herdr-language-20260909/dotnet/CnetControlPlane.Tests/LearningCaseVerbCompositionTests.cs:line 79
   at InvokeStub_LearningCaseVerbCompositionTests.ExtraActionsAndUnresolvedRolesNeverBecomeReady(Object, Span`1)
   at System.Reflection.MethodBaseInvoker.InvokeWithFewArgs(Object obj, BindingFlags invokeAttr, Binder binder, Object[] parameters, CultureInfo culture)
  Passed CnetControlPlane.Tests.LearningCaseVerbCompositionTests.ExtraActionsAndUnresolvedRolesNeverBecomeReady(text: "Change 'A' so it is written in capitals and sent a"···, expected: "abstain") [< 1 ms]
  Passed CnetControlPlane.Tests.LearningCaseVerbCompositionTests.ExtraActionsAndUnresolvedRolesNeverBecomeReady(text: "Would you mind converting the word hello to upperc"···, expected: "abstain") [< 1 ms]
  Passed CnetControlPlane.Tests.LearningCaseVerbCompositionTests.ExtraActionsAndUnresolvedRolesNeverBecomeReady(text: "Show 'A' after converting 'B' to lowercase.", expected: "abstain") [< 1 ms]
  Passed CnetControlPlane.Tests.LearningCaseVerbCompositionTests.ExtraActionsAndUnresolvedRolesNeverBecomeReady(text: "Take U+0218 and convert it to the other case.", expected: "abstain") [< 1 ms]
[xUnit.net 00:00:01.17]     CnetControlPlane.Tests.LearningCaseVerbCompositionTests.ExtraActionsAndUnresolvedRolesNeverBecomeReady(text: "Take the character k and convert it to the other c"···, expected: "clarify") [FAIL]
[xUnit.net 00:00:01.17]       TASK_VERB_RED Take the character k and convert it to the other case.: abstain, expected clarify
[xUnit.net 00:00:01.17]       Stack Trace:
[xUnit.net 00:00:01.17]         /home/marble/AI/CNET-worktrees/herdr-language-20260909/dotnet/CnetControlPlane.Tests/LearningCaseVerbCompositionTests.cs(79,0): at CnetControlPlane.Tests.LearningCaseVerbCompositionTests.ExtraActionsAndUnresolvedRolesNeverBecomeReady(String text, String expected)
[xUnit.net 00:00:01.17]            at InvokeStub_LearningCaseVerbCompositionTests.ExtraActionsAndUnresolvedRolesNeverBecomeReady(Object, Span`1)
[xUnit.net 00:00:01.17]            at System.Reflection.MethodBaseInvoker.InvokeWithFewArgs(Object obj, BindingFlags invokeAttr, Binder binder, Object[] parameters, CultureInfo culture)
[xUnit.net 00:00:01.17]     CnetControlPlane.Tests.LearningCaseVerbCompositionTests.ExtraActionsAndUnresolvedRolesNeverBecomeReady(text: "Take 204 and convert it to uppercase.", expected: "clarify") [FAIL]
[xUnit.net 00:00:01.17]       TASK_VERB_RED Take 204 and convert it to uppercase.: abstain, expected clarify
[xUnit.net 00:00:01.17]       Stack Trace:
[xUnit.net 00:00:01.17]         /home/marble/AI/CNET-worktrees/herdr-language-20260909/dotnet/CnetControlPlane.Tests/LearningCaseVerbCompositionTests.cs(79,0): at CnetControlPlane.Tests.LearningCaseVerbCompositionTests.ExtraActionsAndUnresolvedRolesNeverBecomeReady(String text, String expected)
[xUnit.net 00:00:01.17]            at InvokeStub_LearningCaseVerbCompositionTests.ExtraActionsAndUnresolvedRolesNeverBecomeReady(Object, Span`1)
[xUnit.net 00:00:01.17]            at System.Reflection.MethodBaseInvoker.InvokeWithFewArgs(Object obj, BindingFlags invokeAttr, Binder binder, Object[] parameters, CultureInfo culture)
[xUnit.net 00:00:01.17]     CnetControlPlane.Tests.LearningCaseVerbCompositionTests.ExtraActionsAndUnresolvedRolesNeverBecomeReady(text: "Which should I uppercase, F?", expected: "clarify") [FAIL]
[xUnit.net 00:00:01.17]       TASK_VERB_RED Which should I uppercase, F?: abstain, expected clarify
[xUnit.net 00:00:01.17]       Stack Trace:
[xUnit.net 00:00:01.17]         /home/marble/AI/CNET-worktrees/herdr-language-20260909/dotnet/CnetControlPlane.Tests/LearningCaseVerbCompositionTests.cs(79,0): at CnetControlPlane.Tests.LearningCaseVerbCompositionTests.ExtraActionsAndUnresolvedRolesNeverBecomeReady(String text, String expected)
[xUnit.net 00:00:01.17]            at InvokeStub_LearningCaseVerbCompositionTests.ExtraActionsAndUnresolvedRolesNeverBecomeReady(Object, Span`1)
[xUnit.net 00:00:01.17]            at System.Reflection.MethodBaseInvoker.InvokeWithFewArgs(Object obj, BindingFlags invokeAttr, Binder binder, Object[] parameters, CultureInfo culture)
[xUnit.net 00:00:01.18]   Finished:    CnetControlPlane.Tests
  Failed CnetControlPlane.Tests.LearningCaseVerbCompositionTests.ExtraActionsAndUnresolvedRolesNeverBecomeReady(text: "Take the character k and convert it to the other c"···, expected: "clarify") [< 1 ms]
  Error Message:
   TASK_VERB_RED Take the character k and convert it to the other case.: abstain, expected clarify
  Stack Trace:
     at CnetControlPlane.Tests.LearningCaseVerbCompositionTests.ExtraActionsAndUnresolvedRolesNeverBecomeReady(String text, String expected) in /home/marble/AI/CNET-worktrees/herdr-language-20260909/dotnet/CnetControlPlane.Tests/LearningCaseVerbCompositionTests.cs:line 79
   at InvokeStub_LearningCaseVerbCompositionTests.ExtraActionsAndUnresolvedRolesNeverBecomeReady(Object, Span`1)
   at System.Reflection.MethodBaseInvoker.InvokeWithFewArgs(Object obj, BindingFlags invokeAttr, Binder binder, Object[] parameters, CultureInfo culture)
  Passed CnetControlPlane.Tests.LearningCaseVerbCompositionTests.ExtraActionsAndUnresolvedRolesNeverBecomeReady(text: "Rewrite 'A' using small.", expected: "abstain") [< 1 ms]
  Passed CnetControlPlane.Tests.LearningCaseVerbCompositionTests.ExtraActionsAndUnresolvedRolesNeverBecomeReady(text: "Take 'A' and switch it to lowercase and send it.", expected: "abstain") [< 1 ms]
  Failed CnetControlPlane.Tests.LearningCaseVerbCompositionTests.ExtraActionsAndUnresolvedRolesNeverBecomeReady(text: "Take 204 and convert it to uppercase.", expected: "clarify") [< 1 ms]
  Error Message:
   TASK_VERB_RED Take 204 and convert it to uppercase.: abstain, expected clarify
  Stack Trace:
     at CnetControlPlane.Tests.LearningCaseVerbCompositionTests.ExtraActionsAndUnresolvedRolesNeverBecomeReady(String text, String expected) in /home/marble/AI/CNET-worktrees/herdr-language-20260909/dotnet/CnetControlPlane.Tests/LearningCaseVerbCompositionTests.cs:line 79
   at InvokeStub_LearningCaseVerbCompositionTests.ExtraActionsAndUnresolvedRolesNeverBecomeReady(Object, Span`1)
   at System.Reflection.MethodBaseInvoker.InvokeWithFewArgs(Object obj, BindingFlags invokeAttr, Binder binder, Object[] parameters, CultureInfo culture)
  Passed CnetControlPlane.Tests.LearningCaseVerbCompositionTests.ExtraActionsAndUnresolvedRolesNeverBecomeReady(text: "Map 'A' onto its uppercase counterpart using Turki"···, expected: "abstain") [< 1 ms]
  Passed CnetControlPlane.Tests.LearningCaseVerbCompositionTests.ExtraActionsAndUnresolvedRolesNeverBecomeReady(text: "Show 'A' after converting it to lowercase and dele"···, expected: "abstain") [< 1 ms]
  Failed CnetControlPlane.Tests.LearningCaseVerbCompositionTests.ExtraActionsAndUnresolvedRolesNeverBecomeReady(text: "Which should I uppercase, F?", expected: "clarify") [< 1 ms]
  Error Message:
   TASK_VERB_RED Which should I uppercase, F?: abstain, expected clarify
  Stack Trace:
     at CnetControlPlane.Tests.LearningCaseVerbCompositionTests.ExtraActionsAndUnresolvedRolesNeverBecomeReady(String text, String expected) in /home/marble/AI/CNET-worktrees/herdr-language-20260909/dotnet/CnetControlPlane.Tests/LearningCaseVerbCompositionTests.cs:line 79
   at InvokeStub_LearningCaseVerbCompositionTests.ExtraActionsAndUnresolvedRolesNeverBecomeReady(Object, Span`1)
   at System.Reflection.MethodBaseInvoker.InvokeWithFewArgs(Object obj, BindingFlags invokeAttr, Binder binder, Object[] parameters, CultureInfo culture)
  Passed CnetControlPlane.Tests.LearningCaseVerbCompositionTests.ExtraActionsAndUnresolvedRolesNeverBecomeReady(text: "Would you mind giving 'A' to 'B'?", expected: "abstain") [< 1 ms]

Test Run Failed.
Total tests: 71
     Passed: 16
     Failed: 55
 Total time: 1.4057 Seconds
