  CnetControlPlane -> /home/marble/AI/CNET-worktrees/herdr-language-20260909/.artifacts/herdr-task/bin/CnetControlPlane/debug/cnet-control.dll
/home/marble/AI/CNET-worktrees/herdr-language-20260909/dotnet/CnetControlPlane.Tests/LearningRuntimeLedgerTests.cs(23,9): warning CA1416: This call site is reachable on all platforms. 'Directory.CreateDirectory(string, UnixFileMode)' is unsupported on: 'windows'. (https://learn.microsoft.com/dotnet/fundamentals/code-analysis/quality-rules/ca1416) [/home/marble/AI/CNET-worktrees/herdr-language-20260909/dotnet/CnetControlPlane.Tests/CnetControlPlane.Tests.csproj]
/home/marble/AI/CNET-worktrees/herdr-language-20260909/dotnet/CnetControlPlane.Tests/LearningRuntimeLedgerTests.cs(21,9): warning CA1416: This call site is reachable on all platforms. 'File.SetUnixFileMode(string, UnixFileMode)' is unsupported on: 'windows'. (https://learn.microsoft.com/dotnet/fundamentals/code-analysis/quality-rules/ca1416) [/home/marble/AI/CNET-worktrees/herdr-language-20260909/dotnet/CnetControlPlane.Tests/CnetControlPlane.Tests.csproj]
/home/marble/AI/CNET-worktrees/herdr-language-20260909/dotnet/CnetControlPlane.Tests/LearningRuntimeLedgerTests.cs(22,9): warning CA1416: This call site is reachable on all platforms. 'Directory.CreateDirectory(string, UnixFileMode)' is unsupported on: 'windows'. (https://learn.microsoft.com/dotnet/fundamentals/code-analysis/quality-rules/ca1416) [/home/marble/AI/CNET-worktrees/herdr-language-20260909/dotnet/CnetControlPlane.Tests/CnetControlPlane.Tests.csproj]
/home/marble/AI/CNET-worktrees/herdr-language-20260909/dotnet/CnetControlPlane.Tests/LearningNativeLedgerTests.cs(38,43): warning CA1416: This call site is reachable on all platforms. 'File.SetUnixFileMode(string, UnixFileMode)' is unsupported on: 'windows'. (https://learn.microsoft.com/dotnet/fundamentals/code-analysis/quality-rules/ca1416) [/home/marble/AI/CNET-worktrees/herdr-language-20260909/dotnet/CnetControlPlane.Tests/CnetControlPlane.Tests.csproj]
/home/marble/AI/CNET-worktrees/herdr-language-20260909/dotnet/CnetControlPlane.Tests/LearningRuntimeLedgerTests.cs(35,13): warning CA1416: This call site is reachable on all platforms. 'File.SetUnixFileMode(string, UnixFileMode)' is unsupported on: 'windows'. (https://learn.microsoft.com/dotnet/fundamentals/code-analysis/quality-rules/ca1416) [/home/marble/AI/CNET-worktrees/herdr-language-20260909/dotnet/CnetControlPlane.Tests/CnetControlPlane.Tests.csproj]
/home/marble/AI/CNET-worktrees/herdr-language-20260909/dotnet/CnetControlPlane.Tests/LearningRuntimeLedgerTests.cs(32,36): warning CA1416: This call site is reachable on all platforms. 'File.SetUnixFileMode(string, UnixFileMode)' is unsupported on: 'windows'. (https://learn.microsoft.com/dotnet/fundamentals/code-analysis/quality-rules/ca1416) [/home/marble/AI/CNET-worktrees/herdr-language-20260909/dotnet/CnetControlPlane.Tests/CnetControlPlane.Tests.csproj]
  CnetControlPlane.Tests -> /home/marble/AI/CNET-worktrees/herdr-language-20260909/.artifacts/herdr-task/bin/CnetControlPlane.Tests/debug/CnetControlPlane.Tests.dll
Test run for /home/marble/AI/CNET-worktrees/herdr-language-20260909/.artifacts/herdr-task/bin/CnetControlPlane.Tests/debug/CnetControlPlane.Tests.dll (.NETCoreApp,Version=v8.0)
A total of 1 test files matched the specified pattern.
[xUnit.net 00:00:00.00] xUnit.net VSTest Adapter v2.8.2+699d445a1a (64-bit .NET 8.0.30)
[xUnit.net 00:00:00.03]   Discovering: CnetControlPlane.Tests
[xUnit.net 00:00:00.32]   Discovered:  CnetControlPlane.Tests
[xUnit.net 00:00:00.32]   Starting:    CnetControlPlane.Tests
[xUnit.net 00:00:00.99]     CnetControlPlane.Tests.LearningCaseRequestSyntaxTests.RequestConstituentsComposeWithoutChangingOriginalInput(text: "Please, lowercase letter  'É'?", operation: "lower", key: 201) [FAIL]
[xUnit.net 00:00:00.99]       TASK_CONSTITUENT_RED Please, lowercase letter  'É'?: abstain
[xUnit.net 00:00:00.99]       Stack Trace:
[xUnit.net 00:00:01.00]         /home/marble/AI/CNET-worktrees/herdr-language-20260909/dotnet/CnetControlPlane.Tests/LearningCaseRequestSyntaxTests.cs(58,0): at CnetControlPlane.Tests.LearningCaseRequestSyntaxTests.RequestConstituentsComposeWithoutChangingOriginalInput(String text, String operation, Byte key)
[xUnit.net 00:00:01.00]            at InvokeStub_LearningCaseRequestSyntaxTests.RequestConstituentsComposeWithoutChangingOriginalInput(Object, Span`1)
[xUnit.net 00:00:01.00]            at System.Reflection.MethodBaseInvoker.InvokeWithFewArgs(Object obj, BindingFlags invokeAttr, Binder binder, Object[] parameters, CultureInfo culture)
[xUnit.net 00:00:01.00]     CnetControlPlane.Tests.LearningCaseRequestSyntaxTests.RequestConstituentsComposeWithoutChangingOriginalInput(text: "Could you kindly lowercase letter  'É'.", operation: "lower", key: 201) [FAIL]
[xUnit.net 00:00:01.00]       TASK_CONSTITUENT_RED Could you kindly lowercase letter  'É'.: abstain
[xUnit.net 00:00:01.00]       Stack Trace:
[xUnit.net 00:00:01.00]         /home/marble/AI/CNET-worktrees/herdr-language-20260909/dotnet/CnetControlPlane.Tests/LearningCaseRequestSyntaxTests.cs(58,0): at CnetControlPlane.Tests.LearningCaseRequestSyntaxTests.RequestConstituentsComposeWithoutChangingOriginalInput(String text, String operation, Byte key)
[xUnit.net 00:00:01.00]            at InvokeStub_LearningCaseRequestSyntaxTests.RequestConstituentsComposeWithoutChangingOriginalInput(Object, Span`1)
[xUnit.net 00:00:01.00]            at System.Reflection.MethodBaseInvoker.InvokeWithFewArgs(Object obj, BindingFlags invokeAttr, Binder binder, Object[] parameters, CultureInfo culture)
  Passed CnetControlPlane.Tests.LearningCaseRequestSyntaxTests.RequestConstituentsComposeWithoutChangingOriginalInput(text: "Could you kindly write 'ñ' in caps?", operation: "upper", key: 241) [639 ms]
  Passed CnetControlPlane.Tests.LearningCaseRequestSyntaxTests.RequestConstituentsComposeWithoutChangingOriginalInput(text: "Please, convert character 'ö' to uppercase?", operation: "upper", key: 246) [< 1 ms]
  Passed CnetControlPlane.Tests.LearningCaseRequestSyntaxTests.RequestConstituentsComposeWithoutChangingOriginalInput(text: "Would you please write the single quoted character"···, operation: "upper", key: 241) [< 1 ms]
  Failed CnetControlPlane.Tests.LearningCaseRequestSyntaxTests.RequestConstituentsComposeWithoutChangingOriginalInput(text: "Please, lowercase letter  'É'?", operation: "lower", key: 201) [8 ms]
  Error Message:
   TASK_CONSTITUENT_RED Please, lowercase letter  'É'?: abstain
  Stack Trace:
     at CnetControlPlane.Tests.LearningCaseRequestSyntaxTests.RequestConstituentsComposeWithoutChangingOriginalInput(String text, String operation, Byte key) in /home/marble/AI/CNET-worktrees/herdr-language-20260909/dotnet/CnetControlPlane.Tests/LearningCaseRequestSyntaxTests.cs:line 58
   at InvokeStub_LearningCaseRequestSyntaxTests.RequestConstituentsComposeWithoutChangingOriginalInput(Object, Span`1)
   at System.Reflection.MethodBaseInvoker.InvokeWithFewArgs(Object obj, BindingFlags invokeAttr, Binder binder, Object[] parameters, CultureInfo culture)
  Passed CnetControlPlane.Tests.LearningCaseRequestSyntaxTests.RequestConstituentsComposeWithoutChangingOriginalInput(text: "render the character 'À' in lowercase!", operation: "lower", key: 192) [< 1 ms]
  Passed CnetControlPlane.Tests.LearningCaseRequestSyntaxTests.RequestConstituentsComposeWithoutChangingOriginalInput(text: "Please, convert letter 'ö' to uppercase?", operation: "upper", key: 246) [< 1 ms]
  Passed CnetControlPlane.Tests.LearningCaseRequestSyntaxTests.RequestConstituentsComposeWithoutChangingOriginalInput(text: "Please, lowercase the character  'É'!", operation: "lower", key: 201) [< 1 ms]
  Passed CnetControlPlane.Tests.LearningCaseRequestSyntaxTests.RequestConstituentsComposeWithoutChangingOriginalInput(text: "Please, uppercase the single quoted character  'µ'"···, operation: "upper", key: 181) [< 1 ms]
  Failed CnetControlPlane.Tests.LearningCaseRequestSyntaxTests.RequestConstituentsComposeWithoutChangingOriginalInput(text: "Could you kindly lowercase letter  'É'.", operation: "lower", key: 201) [< 1 ms]
  Error Message:
   TASK_CONSTITUENT_RED Could you kindly lowercase letter  'É'.: abstain
  Stack Trace:
     at CnetControlPlane.Tests.LearningCaseRequestSyntaxTests.RequestConstituentsComposeWithoutChangingOriginalInput(String text, String operation, Byte key) in /home/marble/AI/CNET-worktrees/herdr-language-20260909/dotnet/CnetControlPlane.Tests/LearningCaseRequestSyntaxTests.cs:line 58
   at InvokeStub_LearningCaseRequestSyntaxTests.RequestConstituentsComposeWithoutChangingOriginalInput(Object, Span`1)
   at System.Reflection.MethodBaseInvoker.InvokeWithFewArgs(Object obj, BindingFlags invokeAttr, Binder binder, Object[] parameters, CultureInfo culture)
  Passed CnetControlPlane.Tests.LearningCaseRequestSyntaxTests.RequestConstituentsComposeWithoutChangingOriginalInput(text: "Please, render the character 'À' in lowercase!", operation: "lower", key: 192) [< 1 ms]
  Passed CnetControlPlane.Tests.LearningCaseRequestSyntaxTests.RequestConstituentsComposeWithoutChangingOriginalInput(text: "Could you kindly render 'À' in lowercase?", operation: "lower", key: 192) [< 1 ms]
  Passed CnetControlPlane.Tests.LearningCaseRequestSyntaxTests.RequestConstituentsComposeWithoutChangingOriginalInput(text: "Would you please convert the single quoted charact"···, operation: "upper", key: 246) [< 1 ms]
  Passed CnetControlPlane.Tests.LearningCaseRequestSyntaxTests.RequestConstituentsComposeWithoutChangingOriginalInput(text: "uppercase  'µ'?", operation: "upper", key: 181) [< 1 ms]
  Passed CnetControlPlane.Tests.LearningCaseRequestSyntaxTests.RequestConstituentsComposeWithoutChangingOriginalInput(text: "Could you kindly uppercase the single quoted chara"···, operation: "upper", key: 181) [< 1 ms]
  Passed CnetControlPlane.Tests.LearningCaseRequestSyntaxTests.RequestConstituentsComposeWithoutChangingOriginalInput(text: "Could you kindly render 'À' in lowercase!", operation: "lower", key: 192) [< 1 ms]
  Passed CnetControlPlane.Tests.LearningCaseRequestSyntaxTests.RequestConstituentsComposeWithoutChangingOriginalInput(text: "lowercase the single quoted character  'É'?", operation: "lower", key: 201) [< 1 ms]
  Passed CnetControlPlane.Tests.LearningCaseRequestSyntaxTests.RequestConstituentsComposeWithoutChangingOriginalInput(text: "render character 'À' in lowercase?", operation: "lower", key: 192) [< 1 ms]
  Passed CnetControlPlane.Tests.LearningCaseRequestSyntaxTests.RequestConstituentsComposeWithoutChangingOriginalInput(text: "render letter 'À' in lowercase?", operation: "lower", key: 192) [< 1 ms]
[xUnit.net 00:00:01.01]     CnetControlPlane.Tests.LearningCaseRequestSyntaxTests.RequestConstituentsComposeWithoutChangingOriginalInput(text: "Could you kindly uppercase letter  'µ'?", operation: "upper", key: 181) [FAIL]
[xUnit.net 00:00:01.01]       TASK_CONSTITUENT_RED Could you kindly uppercase letter  'µ'?: abstain
[xUnit.net 00:00:01.01]       Stack Trace:
[xUnit.net 00:00:01.01]         /home/marble/AI/CNET-worktrees/herdr-language-20260909/dotnet/CnetControlPlane.Tests/LearningCaseRequestSyntaxTests.cs(58,0): at CnetControlPlane.Tests.LearningCaseRequestSyntaxTests.RequestConstituentsComposeWithoutChangingOriginalInput(String text, String operation, Byte key)
[xUnit.net 00:00:01.01]            at InvokeStub_LearningCaseRequestSyntaxTests.RequestConstituentsComposeWithoutChangingOriginalInput(Object, Span`1)
[xUnit.net 00:00:01.01]            at System.Reflection.MethodBaseInvoker.InvokeWithFewArgs(Object obj, BindingFlags invokeAttr, Binder binder, Object[] parameters, CultureInfo culture)
[xUnit.net 00:00:01.01]     CnetControlPlane.Tests.LearningCaseRequestSyntaxTests.RequestConstituentsComposeWithoutChangingOriginalInput(text: "Please, uppercase letter  'µ'.", operation: "upper", key: 181) [FAIL]
[xUnit.net 00:00:01.01]       TASK_CONSTITUENT_RED Please, uppercase letter  'µ'.: abstain
[xUnit.net 00:00:01.01]       Stack Trace:
[xUnit.net 00:00:01.01]         /home/marble/AI/CNET-worktrees/herdr-language-20260909/dotnet/CnetControlPlane.Tests/LearningCaseRequestSyntaxTests.cs(58,0): at CnetControlPlane.Tests.LearningCaseRequestSyntaxTests.RequestConstituentsComposeWithoutChangingOriginalInput(String text, String operation, Byte key)
[xUnit.net 00:00:01.01]            at InvokeStub_LearningCaseRequestSyntaxTests.RequestConstituentsComposeWithoutChangingOriginalInput(Object, Span`1)
[xUnit.net 00:00:01.01]            at System.Reflection.MethodBaseInvoker.InvokeWithFewArgs(Object obj, BindingFlags invokeAttr, Binder binder, Object[] parameters, CultureInfo culture)
[xUnit.net 00:00:01.01]     CnetControlPlane.Tests.LearningCaseRequestSyntaxTests.RequestConstituentsComposeWithoutChangingOriginalInput(text: "Could you kindly lowercase character  'É'?", operation: "lower", key: 201) [FAIL]
[xUnit.net 00:00:01.01]       TASK_CONSTITUENT_RED Could you kindly lowercase character  'É'?: abstain
[xUnit.net 00:00:01.01]       Stack Trace:
[xUnit.net 00:00:01.01]         /home/marble/AI/CNET-worktrees/herdr-language-20260909/dotnet/CnetControlPlane.Tests/LearningCaseRequestSyntaxTests.cs(58,0): at CnetControlPlane.Tests.LearningCaseRequestSyntaxTests.RequestConstituentsComposeWithoutChangingOriginalInput(String text, String operation, Byte key)
[xUnit.net 00:00:01.01]            at InvokeStub_LearningCaseRequestSyntaxTests.RequestConstituentsComposeWithoutChangingOriginalInput(Object, Span`1)
[xUnit.net 00:00:01.01]            at System.Reflection.MethodBaseInvoker.InvokeWithFewArgs(Object obj, BindingFlags invokeAttr, Binder binder, Object[] parameters, CultureInfo culture)
  Passed CnetControlPlane.Tests.LearningCaseRequestSyntaxTests.RequestConstituentsComposeWithoutChangingOriginalInput(text: "Would you please write character 'ñ' in caps?", operation: "upper", key: 241) [< 1 ms]
  Passed CnetControlPlane.Tests.LearningCaseRequestSyntaxTests.RequestConstituentsComposeWithoutChangingOriginalInput(text: "lowercase character  'É'?", operation: "lower", key: 201) [< 1 ms]
  Passed CnetControlPlane.Tests.LearningCaseRequestSyntaxTests.RequestConstituentsComposeWithoutChangingOriginalInput(text: "Would you please convert the character 'ö' to uppe"···, operation: "upper", key: 246) [< 1 ms]
  Passed CnetControlPlane.Tests.LearningCaseRequestSyntaxTests.RequestConstituentsComposeWithoutChangingOriginalInput(text: "render 'À' in lowercase?", operation: "lower", key: 192) [< 1 ms]
  Passed CnetControlPlane.Tests.LearningCaseRequestSyntaxTests.RequestConstituentsComposeWithoutChangingOriginalInput(text: "render the character 'À' in lowercase?", operation: "lower", key: 192) [< 1 ms]
  Passed CnetControlPlane.Tests.LearningCaseRequestSyntaxTests.RequestConstituentsComposeWithoutChangingOriginalInput(text: "Would you please lowercase character  'É'.", operation: "lower", key: 201) [< 1 ms]
  Failed CnetControlPlane.Tests.LearningCaseRequestSyntaxTests.RequestConstituentsComposeWithoutChangingOriginalInput(text: "Could you kindly uppercase letter  'µ'?", operation: "upper", key: 181) [< 1 ms]
  Error Message:
   TASK_CONSTITUENT_RED Could you kindly uppercase letter  'µ'?: abstain
  Stack Trace:
     at CnetControlPlane.Tests.LearningCaseRequestSyntaxTests.RequestConstituentsComposeWithoutChangingOriginalInput(String text, String operation, Byte key) in /home/marble/AI/CNET-worktrees/herdr-language-20260909/dotnet/CnetControlPlane.Tests/LearningCaseRequestSyntaxTests.cs:line 58
   at InvokeStub_LearningCaseRequestSyntaxTests.RequestConstituentsComposeWithoutChangingOriginalInput(Object, Span`1)
   at System.Reflection.MethodBaseInvoker.InvokeWithFewArgs(Object obj, BindingFlags invokeAttr, Binder binder, Object[] parameters, CultureInfo culture)
  Failed CnetControlPlane.Tests.LearningCaseRequestSyntaxTests.RequestConstituentsComposeWithoutChangingOriginalInput(text: "Please, uppercase letter  'µ'.", operation: "upper", key: 181) [< 1 ms]
  Error Message:
   TASK_CONSTITUENT_RED Please, uppercase letter  'µ'.: abstain
  Stack Trace:
     at CnetControlPlane.Tests.LearningCaseRequestSyntaxTests.RequestConstituentsComposeWithoutChangingOriginalInput(String text, String operation, Byte key) in /home/marble/AI/CNET-worktrees/herdr-language-20260909/dotnet/CnetControlPlane.Tests/LearningCaseRequestSyntaxTests.cs:line 58
   at InvokeStub_LearningCaseRequestSyntaxTests.RequestConstituentsComposeWithoutChangingOriginalInput(Object, Span`1)
   at System.Reflection.MethodBaseInvoker.InvokeWithFewArgs(Object obj, BindingFlags invokeAttr, Binder binder, Object[] parameters, CultureInfo culture)
  Failed CnetControlPlane.Tests.LearningCaseRequestSyntaxTests.RequestConstituentsComposeWithoutChangingOriginalInput(text: "Could you kindly lowercase character  'É'?", operation: "lower", key: 201) [< 1 ms]
  Error Message:
   TASK_CONSTITUENT_RED Could you kindly lowercase character  'É'?: abstain
  Stack Trace:
     at CnetControlPlane.Tests.LearningCaseRequestSyntaxTests.RequestConstituentsComposeWithoutChangingOriginalInput(String text, String operation, Byte key) in /home/marble/AI/CNET-worktrees/herdr-language-20260909/dotnet/CnetControlPlane.Tests/LearningCaseRequestSyntaxTests.cs:line 58
   at InvokeStub_LearningCaseRequestSyntaxTests.RequestConstituentsComposeWithoutChangingOriginalInput(Object, Span`1)
   at System.Reflection.MethodBaseInvoker.InvokeWithFewArgs(Object obj, BindingFlags invokeAttr, Binder binder, Object[] parameters, CultureInfo culture)
  Passed CnetControlPlane.Tests.LearningCaseRequestSyntaxTests.RequestConstituentsComposeWithoutChangingOriginalInput(text: "Please, render the single quoted character 'À' in "···, operation: "lower", key: 192) [< 1 ms]
  Passed CnetControlPlane.Tests.LearningCaseRequestSyntaxTests.RequestConstituentsComposeWithoutChangingOriginalInput(text: "Please, convert 'ö' to uppercase?", operation: "upper", key: 246) [< 1 ms]
  Passed CnetControlPlane.Tests.LearningCaseRequestSyntaxTests.RequestConstituentsComposeWithoutChangingOriginalInput(text: "write 'ñ' in caps!", operation: "upper", key: 241) [< 1 ms]
  Passed CnetControlPlane.Tests.LearningCaseRequestSyntaxTests.RequestConstituentsComposeWithoutChangingOriginalInput(text: "Please, uppercase the character  'µ'!", operation: "upper", key: 181) [< 1 ms]
  Passed CnetControlPlane.Tests.LearningCaseRequestSyntaxTests.RequestConstituentsComposeWithoutChangingOriginalInput(text: "Could you kindly render character 'À' in lowercase"···, operation: "lower", key: 192) [< 1 ms]
  Passed CnetControlPlane.Tests.LearningCaseRequestSyntaxTests.RequestConstituentsComposeWithoutChangingOriginalInput(text: "Would you please write 'ñ' in caps.", operation: "upper", key: 241) [< 1 ms]
  Passed CnetControlPlane.Tests.LearningCaseRequestSyntaxTests.RequestConstituentsComposeWithoutChangingOriginalInput(text: "Please, write 'ñ' in caps.", operation: "upper", key: 241) [< 1 ms]
  Passed CnetControlPlane.Tests.LearningCaseRequestSyntaxTests.RequestConstituentsComposeWithoutChangingOriginalInput(text: "Please, lowercase  'É'?", operation: "lower", key: 201) [< 1 ms]
  Passed CnetControlPlane.Tests.LearningCaseRequestSyntaxTests.RequestConstituentsComposeWithoutChangingOriginalInput(text: "Would you please convert character 'ö' to uppercas"···, operation: "upper", key: 246) [< 1 ms]
[xUnit.net 00:00:01.02]     CnetControlPlane.Tests.LearningCaseRequestSyntaxTests.RequestConstituentsComposeWithoutChangingOriginalInput(text: "uppercase letter  'µ'!", operation: "upper", key: 181) [FAIL]
[xUnit.net 00:00:01.02]       TASK_CONSTITUENT_RED uppercase letter  'µ'!: abstain
[xUnit.net 00:00:01.02]       Stack Trace:
[xUnit.net 00:00:01.02]         /home/marble/AI/CNET-worktrees/herdr-language-20260909/dotnet/CnetControlPlane.Tests/LearningCaseRequestSyntaxTests.cs(58,0): at CnetControlPlane.Tests.LearningCaseRequestSyntaxTests.RequestConstituentsComposeWithoutChangingOriginalInput(String text, String operation, Byte key)
[xUnit.net 00:00:01.02]            at InvokeStub_LearningCaseRequestSyntaxTests.RequestConstituentsComposeWithoutChangingOriginalInput(Object, Span`1)
[xUnit.net 00:00:01.02]            at System.Reflection.MethodBaseInvoker.InvokeWithFewArgs(Object obj, BindingFlags invokeAttr, Binder binder, Object[] parameters, CultureInfo culture)
[xUnit.net 00:00:01.02]     CnetControlPlane.Tests.LearningCaseRequestSyntaxTests.RequestConstituentsComposeWithoutChangingOriginalInput(text: "Would you please lowercase letter  'É'!", operation: "lower", key: 201) [FAIL]
[xUnit.net 00:00:01.02]       TASK_CONSTITUENT_RED Would you please lowercase letter  'É'!: abstain
[xUnit.net 00:00:01.02]       Stack Trace:
[xUnit.net 00:00:01.02]         /home/marble/AI/CNET-worktrees/herdr-language-20260909/dotnet/CnetControlPlane.Tests/LearningCaseRequestSyntaxTests.cs(58,0): at CnetControlPlane.Tests.LearningCaseRequestSyntaxTests.RequestConstituentsComposeWithoutChangingOriginalInput(String text, String operation, Byte key)
[xUnit.net 00:00:01.02]            at InvokeStub_LearningCaseRequestSyntaxTests.RequestConstituentsComposeWithoutChangingOriginalInput(Object, Span`1)
[xUnit.net 00:00:01.02]            at System.Reflection.MethodBaseInvoker.InvokeWithFewArgs(Object obj, BindingFlags invokeAttr, Binder binder, Object[] parameters, CultureInfo culture)
[xUnit.net 00:00:01.02]     CnetControlPlane.Tests.LearningCaseRequestSyntaxTests.RequestConstituentsComposeWithoutChangingOriginalInput(text: "lowercase letter  'É'!", operation: "lower", key: 201) [FAIL]
[xUnit.net 00:00:01.02]       TASK_CONSTITUENT_RED lowercase letter  'É'!: abstain
[xUnit.net 00:00:01.02]       Stack Trace:
[xUnit.net 00:00:01.02]         /home/marble/AI/CNET-worktrees/herdr-language-20260909/dotnet/CnetControlPlane.Tests/LearningCaseRequestSyntaxTests.cs(58,0): at CnetControlPlane.Tests.LearningCaseRequestSyntaxTests.RequestConstituentsComposeWithoutChangingOriginalInput(String text, String operation, Byte key)
[xUnit.net 00:00:01.02]            at InvokeStub_LearningCaseRequestSyntaxTests.RequestConstituentsComposeWithoutChangingOriginalInput(Object, Span`1)
[xUnit.net 00:00:01.02]            at System.Reflection.MethodBaseInvoker.InvokeWithFewArgs(Object obj, BindingFlags invokeAttr, Binder binder, Object[] parameters, CultureInfo culture)
  Passed CnetControlPlane.Tests.LearningCaseRequestSyntaxTests.RequestConstituentsComposeWithoutChangingOriginalInput(text: "Please, render letter 'À' in lowercase!", operation: "lower", key: 192) [< 1 ms]
  Passed CnetControlPlane.Tests.LearningCaseRequestSyntaxTests.RequestConstituentsComposeWithoutChangingOriginalInput(text: "Could you kindly convert character 'ö' to uppercas"···, operation: "upper", key: 246) [< 1 ms]
  Passed CnetControlPlane.Tests.LearningCaseRequestSyntaxTests.RequestConstituentsComposeWithoutChangingOriginalInput(text: "Would you please lowercase letter  'É'?", operation: "lower", key: 201) [< 1 ms]
  Passed CnetControlPlane.Tests.LearningCaseRequestSyntaxTests.RequestConstituentsComposeWithoutChangingOriginalInput(text: "Could you kindly write the character 'ñ' in caps?", operation: "upper", key: 241) [< 1 ms]
  Passed CnetControlPlane.Tests.LearningCaseRequestSyntaxTests.RequestConstituentsComposeWithoutChangingOriginalInput(text: "Please, lowercase the single quoted character  'É'"···, operation: "lower", key: 201) [< 1 ms]
  Failed CnetControlPlane.Tests.LearningCaseRequestSyntaxTests.RequestConstituentsComposeWithoutChangingOriginalInput(text: "uppercase letter  'µ'!", operation: "upper", key: 181) [< 1 ms]
  Error Message:
   TASK_CONSTITUENT_RED uppercase letter  'µ'!: abstain
  Stack Trace:
     at CnetControlPlane.Tests.LearningCaseRequestSyntaxTests.RequestConstituentsComposeWithoutChangingOriginalInput(String text, String operation, Byte key) in /home/marble/AI/CNET-worktrees/herdr-language-20260909/dotnet/CnetControlPlane.Tests/LearningCaseRequestSyntaxTests.cs:line 58
   at InvokeStub_LearningCaseRequestSyntaxTests.RequestConstituentsComposeWithoutChangingOriginalInput(Object, Span`1)
   at System.Reflection.MethodBaseInvoker.InvokeWithFewArgs(Object obj, BindingFlags invokeAttr, Binder binder, Object[] parameters, CultureInfo culture)
  Failed CnetControlPlane.Tests.LearningCaseRequestSyntaxTests.RequestConstituentsComposeWithoutChangingOriginalInput(text: "Would you please lowercase letter  'É'!", operation: "lower", key: 201) [< 1 ms]
  Error Message:
   TASK_CONSTITUENT_RED Would you please lowercase letter  'É'!: abstain
  Stack Trace:
     at CnetControlPlane.Tests.LearningCaseRequestSyntaxTests.RequestConstituentsComposeWithoutChangingOriginalInput(String text, String operation, Byte key) in /home/marble/AI/CNET-worktrees/herdr-language-20260909/dotnet/CnetControlPlane.Tests/LearningCaseRequestSyntaxTests.cs:line 58
   at InvokeStub_LearningCaseRequestSyntaxTests.RequestConstituentsComposeWithoutChangingOriginalInput(Object, Span`1)
   at System.Reflection.MethodBaseInvoker.InvokeWithFewArgs(Object obj, BindingFlags invokeAttr, Binder binder, Object[] parameters, CultureInfo culture)
  Failed CnetControlPlane.Tests.LearningCaseRequestSyntaxTests.RequestConstituentsComposeWithoutChangingOriginalInput(text: "lowercase letter  'É'!", operation: "lower", key: 201) [< 1 ms]
  Error Message:
   TASK_CONSTITUENT_RED lowercase letter  'É'!: abstain
  Stack Trace:
     at CnetControlPlane.Tests.LearningCaseRequestSyntaxTests.RequestConstituentsComposeWithoutChangingOriginalInput(String text, String operation, Byte key) in /home/marble/AI/CNET-worktrees/herdr-language-20260909/dotnet/CnetControlPlane.Tests/LearningCaseRequestSyntaxTests.cs:line 58
   at InvokeStub_LearningCaseRequestSyntaxTests.RequestConstituentsComposeWithoutChangingOriginalInput(Object, Span`1)
   at System.Reflection.MethodBaseInvoker.InvokeWithFewArgs(Object obj, BindingFlags invokeAttr, Binder binder, Object[] parameters, CultureInfo culture)
  Passed CnetControlPlane.Tests.LearningCaseRequestSyntaxTests.RequestConstituentsComposeWithoutChangingOriginalInput(text: "Could you kindly convert 'ö' to uppercase!", operation: "upper", key: 246) [< 1 ms]
[xUnit.net 00:00:01.02]     CnetControlPlane.Tests.LearningCaseRequestSyntaxTests.RequestConstituentsComposeWithoutChangingOriginalInput(text: "Could you kindly uppercase character  'µ'.", operation: "upper", key: 181) [FAIL]
[xUnit.net 00:00:01.02]       TASK_CONSTITUENT_RED Could you kindly uppercase character  'µ'.: abstain
[xUnit.net 00:00:01.02]       Stack Trace:
[xUnit.net 00:00:01.02]         /home/marble/AI/CNET-worktrees/herdr-language-20260909/dotnet/CnetControlPlane.Tests/LearningCaseRequestSyntaxTests.cs(58,0): at CnetControlPlane.Tests.LearningCaseRequestSyntaxTests.RequestConstituentsComposeWithoutChangingOriginalInput(String text, String operation, Byte key)
[xUnit.net 00:00:01.02]            at InvokeStub_LearningCaseRequestSyntaxTests.RequestConstituentsComposeWithoutChangingOriginalInput(Object, Span`1)
[xUnit.net 00:00:01.02]            at System.Reflection.MethodBaseInvoker.InvokeWithFewArgs(Object obj, BindingFlags invokeAttr, Binder binder, Object[] parameters, CultureInfo culture)
[xUnit.net 00:00:01.02]     CnetControlPlane.Tests.LearningCaseRequestSyntaxTests.RequestConstituentsComposeWithoutChangingOriginalInput(text: "Would you please uppercase letter  'µ'!", operation: "upper", key: 181) [FAIL]
[xUnit.net 00:00:01.02]       TASK_CONSTITUENT_RED Would you please uppercase letter  'µ'!: abstain
[xUnit.net 00:00:01.02]       Stack Trace:
[xUnit.net 00:00:01.02]         /home/marble/AI/CNET-worktrees/herdr-language-20260909/dotnet/CnetControlPlane.Tests/LearningCaseRequestSyntaxTests.cs(58,0): at CnetControlPlane.Tests.LearningCaseRequestSyntaxTests.RequestConstituentsComposeWithoutChangingOriginalInput(String text, String operation, Byte key)
[xUnit.net 00:00:01.02]            at InvokeStub_LearningCaseRequestSyntaxTests.RequestConstituentsComposeWithoutChangingOriginalInput(Object, Span`1)
[xUnit.net 00:00:01.02]            at System.Reflection.MethodBaseInvoker.InvokeWithFewArgs(Object obj, BindingFlags invokeAttr, Binder binder, Object[] parameters, CultureInfo culture)
  Passed CnetControlPlane.Tests.LearningCaseRequestSyntaxTests.RequestConstituentsComposeWithoutChangingOriginalInput(text: "Would you please lowercase the single quoted chara"···, operation: "lower", key: 201) [< 1 ms]
  Failed CnetControlPlane.Tests.LearningCaseRequestSyntaxTests.RequestConstituentsComposeWithoutChangingOriginalInput(text: "Could you kindly uppercase character  'µ'.", operation: "upper", key: 181) [< 1 ms]
  Error Message:
   TASK_CONSTITUENT_RED Could you kindly uppercase character  'µ'.: abstain
  Stack Trace:
     at CnetControlPlane.Tests.LearningCaseRequestSyntaxTests.RequestConstituentsComposeWithoutChangingOriginalInput(String text, String operation, Byte key) in /home/marble/AI/CNET-worktrees/herdr-language-20260909/dotnet/CnetControlPlane.Tests/LearningCaseRequestSyntaxTests.cs:line 58
   at InvokeStub_LearningCaseRequestSyntaxTests.RequestConstituentsComposeWithoutChangingOriginalInput(Object, Span`1)
   at System.Reflection.MethodBaseInvoker.InvokeWithFewArgs(Object obj, BindingFlags invokeAttr, Binder binder, Object[] parameters, CultureInfo culture)
  Passed CnetControlPlane.Tests.LearningCaseRequestSyntaxTests.RequestConstituentsComposeWithoutChangingOriginalInput(text: "uppercase the character  'µ'!", operation: "upper", key: 181) [< 1 ms]
  Passed CnetControlPlane.Tests.LearningCaseRequestSyntaxTests.RequestConstituentsComposeWithoutChangingOriginalInput(text: "lowercase letter  'É'.", operation: "lower", key: 201) [< 1 ms]
  Passed CnetControlPlane.Tests.LearningCaseRequestSyntaxTests.RequestConstituentsComposeWithoutChangingOriginalInput(text: "Would you please render the character 'À' in lower"···, operation: "lower", key: 192) [< 1 ms]
  Passed CnetControlPlane.Tests.LearningCaseRequestSyntaxTests.RequestConstituentsComposeWithoutChangingOriginalInput(text: "lowercase character  'É'.", operation: "lower", key: 201) [< 1 ms]
  Failed CnetControlPlane.Tests.LearningCaseRequestSyntaxTests.RequestConstituentsComposeWithoutChangingOriginalInput(text: "Would you please uppercase letter  'µ'!", operation: "upper", key: 181) [< 1 ms]
  Error Message:
   TASK_CONSTITUENT_RED Would you please uppercase letter  'µ'!: abstain
  Stack Trace:
     at CnetControlPlane.Tests.LearningCaseRequestSyntaxTests.RequestConstituentsComposeWithoutChangingOriginalInput(String text, String operation, Byte key) in /home/marble/AI/CNET-worktrees/herdr-language-20260909/dotnet/CnetControlPlane.Tests/LearningCaseRequestSyntaxTests.cs:line 58
   at InvokeStub_LearningCaseRequestSyntaxTests.RequestConstituentsComposeWithoutChangingOriginalInput(Object, Span`1)
   at System.Reflection.MethodBaseInvoker.InvokeWithFewArgs(Object obj, BindingFlags invokeAttr, Binder binder, Object[] parameters, CultureInfo culture)
  Passed CnetControlPlane.Tests.LearningCaseRequestSyntaxTests.RequestConstituentsComposeWithoutChangingOriginalInput(text: "uppercase  'µ'!", operation: "upper", key: 181) [< 1 ms]
  Passed CnetControlPlane.Tests.LearningCaseRequestSyntaxTests.RequestConstituentsComposeWithoutChangingOriginalInput(text: "write the single quoted character 'ñ' in caps.", operation: "upper", key: 241) [< 1 ms]
  Passed CnetControlPlane.Tests.LearningCaseRequestSyntaxTests.RequestConstituentsComposeWithoutChangingOriginalInput(text: "Please, render the single quoted character 'À' in "···, operation: "lower", key: 192) [< 1 ms]
  Passed CnetControlPlane.Tests.LearningCaseRequestSyntaxTests.RequestConstituentsComposeWithoutChangingOriginalInput(text: "Would you please render character 'À' in lowercase"···, operation: "lower", key: 192) [< 1 ms]
  Passed CnetControlPlane.Tests.LearningCaseRequestSyntaxTests.RequestConstituentsComposeWithoutChangingOriginalInput(text: "Could you kindly lowercase  'É'?", operation: "lower", key: 201) [< 1 ms]
  Passed CnetControlPlane.Tests.LearningCaseRequestSyntaxTests.RequestConstituentsComposeWithoutChangingOriginalInput(text: "convert character 'ö' to uppercase.", operation: "upper", key: 246) [< 1 ms]
  Passed CnetControlPlane.Tests.LearningCaseRequestSyntaxTests.RequestConstituentsComposeWithoutChangingOriginalInput(text: "Would you please write the single quoted character"···, operation: "upper", key: 241) [< 1 ms]
  Passed CnetControlPlane.Tests.LearningCaseRequestSyntaxTests.RequestConstituentsComposeWithoutChangingOriginalInput(text: "Please, write the single quoted character 'ñ' in c"···, operation: "upper", key: 241) [< 1 ms]
  Passed CnetControlPlane.Tests.LearningCaseRequestSyntaxTests.RequestConstituentsComposeWithoutChangingOriginalInput(text: "Please, write letter 'ñ' in caps.", operation: "upper", key: 241) [< 1 ms]
  Passed CnetControlPlane.Tests.LearningCaseRequestSyntaxTests.RequestConstituentsComposeWithoutChangingOriginalInput(text: "Please, render character 'À' in lowercase?", operation: "lower", key: 192) [< 1 ms]
  Passed CnetControlPlane.Tests.LearningCaseRequestSyntaxTests.RequestConstituentsComposeWithoutChangingOriginalInput(text: "Could you kindly convert the character 'ö' to uppe"···, operation: "upper", key: 246) [< 1 ms]
[xUnit.net 00:00:01.05]     CnetControlPlane.Tests.LearningCaseRequestSyntaxTests.RequestConstituentsComposeWithoutChangingOriginalInput(text: "Could you kindly uppercase character  'µ'?", operation: "upper", key: 181) [FAIL]
[xUnit.net 00:00:01.05]       TASK_CONSTITUENT_RED Could you kindly uppercase character  'µ'?: abstain
[xUnit.net 00:00:01.05]       Stack Trace:
[xUnit.net 00:00:01.05]         /home/marble/AI/CNET-worktrees/herdr-language-20260909/dotnet/CnetControlPlane.Tests/LearningCaseRequestSyntaxTests.cs(58,0): at CnetControlPlane.Tests.LearningCaseRequestSyntaxTests.RequestConstituentsComposeWithoutChangingOriginalInput(String text, String operation, Byte key)
[xUnit.net 00:00:01.05]            at InvokeStub_LearningCaseRequestSyntaxTests.RequestConstituentsComposeWithoutChangingOriginalInput(Object, Span`1)
[xUnit.net 00:00:01.05]            at System.Reflection.MethodBaseInvoker.InvokeWithFewArgs(Object obj, BindingFlags invokeAttr, Binder binder, Object[] parameters, CultureInfo culture)
  Passed CnetControlPlane.Tests.LearningCaseRequestSyntaxTests.RequestConstituentsComposeWithoutChangingOriginalInput(text: "Please, write the character 'ñ' in caps!", operation: "upper", key: 241) [< 1 ms]
  Passed CnetControlPlane.Tests.LearningCaseRequestSyntaxTests.RequestConstituentsComposeWithoutChangingOriginalInput(text: "Would you please convert 'ö' to uppercase?", operation: "upper", key: 246) [< 1 ms]
  Passed CnetControlPlane.Tests.LearningCaseRequestSyntaxTests.RequestConstituentsComposeWithoutChangingOriginalInput(text: "Could you kindly write 'ñ' in caps.", operation: "upper", key: 241) [< 1 ms]
  Passed CnetControlPlane.Tests.LearningCaseRequestSyntaxTests.RequestConstituentsComposeWithoutChangingOriginalInput(text: "Would you please write 'ñ' in caps!", operation: "upper", key: 241) [< 1 ms]
  Failed CnetControlPlane.Tests.LearningCaseRequestSyntaxTests.RequestConstituentsComposeWithoutChangingOriginalInput(text: "Could you kindly uppercase character  'µ'?", operation: "upper", key: 181) [< 1 ms]
  Error Message:
   TASK_CONSTITUENT_RED Could you kindly uppercase character  'µ'?: abstain
  Stack Trace:
     at CnetControlPlane.Tests.LearningCaseRequestSyntaxTests.RequestConstituentsComposeWithoutChangingOriginalInput(String text, String operation, Byte key) in /home/marble/AI/CNET-worktrees/herdr-language-20260909/dotnet/CnetControlPlane.Tests/LearningCaseRequestSyntaxTests.cs:line 58
   at InvokeStub_LearningCaseRequestSyntaxTests.RequestConstituentsComposeWithoutChangingOriginalInput(Object, Span`1)
   at System.Reflection.MethodBaseInvoker.InvokeWithFewArgs(Object obj, BindingFlags invokeAttr, Binder binder, Object[] parameters, CultureInfo culture)
  Passed CnetControlPlane.Tests.LearningCaseRequestSyntaxTests.RequestConstituentsComposeWithoutChangingOriginalInput(text: "convert letter 'ö' to uppercase?", operation: "upper", key: 246) [< 1 ms]
  Passed CnetControlPlane.Tests.LearningCaseRequestSyntaxTests.RequestConstituentsComposeWithoutChangingOriginalInput(text: "Would you please render character 'À' in lowercase"···, operation: "lower", key: 192) [< 1 ms]
  Passed CnetControlPlane.Tests.LearningCaseRequestSyntaxTests.RequestConstituentsComposeWithoutChangingOriginalInput(text: "Please, write the single quoted character 'ñ' in c"···, operation: "upper", key: 241) [< 1 ms]
  Passed CnetControlPlane.Tests.LearningCaseRequestSyntaxTests.RequestConstituentsComposeWithoutChangingOriginalInput(text: "Please, write letter 'ñ' in caps!", operation: "upper", key: 241) [< 1 ms]
[xUnit.net 00:00:01.05]     CnetControlPlane.Tests.LearningCaseRequestSyntaxTests.RequestConstituentsComposeWithoutChangingOriginalInput(text: "Please, lowercase character  'É'!", operation: "lower", key: 201) [FAIL]
[xUnit.net 00:00:01.05]       TASK_CONSTITUENT_RED Please, lowercase character  'É'!: abstain
[xUnit.net 00:00:01.05]       Stack Trace:
[xUnit.net 00:00:01.05]         /home/marble/AI/CNET-worktrees/herdr-language-20260909/dotnet/CnetControlPlane.Tests/LearningCaseRequestSyntaxTests.cs(58,0): at CnetControlPlane.Tests.LearningCaseRequestSyntaxTests.RequestConstituentsComposeWithoutChangingOriginalInput(String text, String operation, Byte key)
[xUnit.net 00:00:01.05]            at InvokeStub_LearningCaseRequestSyntaxTests.RequestConstituentsComposeWithoutChangingOriginalInput(Object, Span`1)
[xUnit.net 00:00:01.05]            at System.Reflection.MethodBaseInvoker.InvokeWithFewArgs(Object obj, BindingFlags invokeAttr, Binder binder, Object[] parameters, CultureInfo culture)
  Passed CnetControlPlane.Tests.LearningCaseRequestSyntaxTests.RequestConstituentsComposeWithoutChangingOriginalInput(text: "write character 'ñ' in caps?", operation: "upper", key: 241) [< 1 ms]
  Passed CnetControlPlane.Tests.LearningCaseRequestSyntaxTests.RequestConstituentsComposeWithoutChangingOriginalInput(text: "render 'À' in lowercase!", operation: "lower", key: 192) [< 1 ms]
  Passed CnetControlPlane.Tests.LearningCaseRequestSyntaxTests.RequestConstituentsComposeWithoutChangingOriginalInput(text: "Could you kindly render the character 'À' in lower"···, operation: "lower", key: 192) [< 1 ms]
  Passed CnetControlPlane.Tests.LearningCaseRequestSyntaxTests.RequestConstituentsComposeWithoutChangingOriginalInput(text: "Please, write character 'ñ' in caps?", operation: "upper", key: 241) [< 1 ms]
  Passed CnetControlPlane.Tests.LearningCaseRequestSyntaxTests.RequestConstituentsComposeWithoutChangingOriginalInput(text: "Could you kindly write letter 'ñ' in caps.", operation: "upper", key: 241) [< 1 ms]
  Passed CnetControlPlane.Tests.LearningCaseRequestSyntaxTests.RequestConstituentsComposeWithoutChangingOriginalInput(text: "render character 'À' in lowercase!", operation: "lower", key: 192) [< 1 ms]
  Passed CnetControlPlane.Tests.LearningCaseRequestSyntaxTests.RequestConstituentsComposeWithoutChangingOriginalInput(text: "Could you kindly uppercase the character  'µ'?", operation: "upper", key: 181) [< 1 ms]
  Passed CnetControlPlane.Tests.LearningCaseRequestSyntaxTests.RequestConstituentsComposeWithoutChangingOriginalInput(text: "Could you kindly render the single quoted characte"···, operation: "lower", key: 192) [< 1 ms]
  Failed CnetControlPlane.Tests.LearningCaseRequestSyntaxTests.RequestConstituentsComposeWithoutChangingOriginalInput(text: "Please, lowercase character  'É'!", operation: "lower", key: 201) [< 1 ms]
  Error Message:
   TASK_CONSTITUENT_RED Please, lowercase character  'É'!: abstain
  Stack Trace:
     at CnetControlPlane.Tests.LearningCaseRequestSyntaxTests.RequestConstituentsComposeWithoutChangingOriginalInput(String text, String operation, Byte key) in /home/marble/AI/CNET-worktrees/herdr-language-20260909/dotnet/CnetControlPlane.Tests/LearningCaseRequestSyntaxTests.cs:line 58
   at InvokeStub_LearningCaseRequestSyntaxTests.RequestConstituentsComposeWithoutChangingOriginalInput(Object, Span`1)
   at System.Reflection.MethodBaseInvoker.InvokeWithFewArgs(Object obj, BindingFlags invokeAttr, Binder binder, Object[] parameters, CultureInfo culture)
[xUnit.net 00:00:01.05]     CnetControlPlane.Tests.LearningCaseRequestSyntaxTests.RequestConstituentsComposeWithoutChangingOriginalInput(text: "Please, lowercase letter  'É'.", operation: "lower", key: 201) [FAIL]
[xUnit.net 00:00:01.05]       TASK_CONSTITUENT_RED Please, lowercase letter  'É'.: abstain
[xUnit.net 00:00:01.05]       Stack Trace:
[xUnit.net 00:00:01.05]         /home/marble/AI/CNET-worktrees/herdr-language-20260909/dotnet/CnetControlPlane.Tests/LearningCaseRequestSyntaxTests.cs(58,0): at CnetControlPlane.Tests.LearningCaseRequestSyntaxTests.RequestConstituentsComposeWithoutChangingOriginalInput(String text, String operation, Byte key)
[xUnit.net 00:00:01.05]            at InvokeStub_LearningCaseRequestSyntaxTests.RequestConstituentsComposeWithoutChangingOriginalInput(Object, Span`1)
[xUnit.net 00:00:01.05]            at System.Reflection.MethodBaseInvoker.InvokeWithFewArgs(Object obj, BindingFlags invokeAttr, Binder binder, Object[] parameters, CultureInfo culture)
  Passed CnetControlPlane.Tests.LearningCaseRequestSyntaxTests.RequestConstituentsComposeWithoutChangingOriginalInput(text: "Would you please write character 'ñ' in caps.", operation: "upper", key: 241) [< 1 ms]
  Passed CnetControlPlane.Tests.LearningCaseRequestSyntaxTests.RequestConstituentsComposeWithoutChangingOriginalInput(text: "Please, render the single quoted character 'À' in "···, operation: "lower", key: 192) [< 1 ms]
  Passed CnetControlPlane.Tests.LearningCaseRequestSyntaxTests.RequestConstituentsComposeWithoutChangingOriginalInput(text: "convert the character 'ö' to uppercase.", operation: "upper", key: 246) [< 1 ms]
  Passed CnetControlPlane.Tests.LearningCaseRequestSyntaxTests.RequestConstituentsComposeWithoutChangingOriginalInput(text: "Could you kindly lowercase the character  'É'?", operation: "lower", key: 201) [< 1 ms]
  Failed CnetControlPlane.Tests.LearningCaseRequestSyntaxTests.RequestConstituentsComposeWithoutChangingOriginalInput(text: "Please, lowercase letter  'É'.", operation: "lower", key: 201) [< 1 ms]
  Error Message:
   TASK_CONSTITUENT_RED Please, lowercase letter  'É'.: abstain
  Stack Trace:
     at CnetControlPlane.Tests.LearningCaseRequestSyntaxTests.RequestConstituentsComposeWithoutChangingOriginalInput(String text, String operation, Byte key) in /home/marble/AI/CNET-worktrees/herdr-language-20260909/dotnet/CnetControlPlane.Tests/LearningCaseRequestSyntaxTests.cs:line 58
   at InvokeStub_LearningCaseRequestSyntaxTests.RequestConstituentsComposeWithoutChangingOriginalInput(Object, Span`1)
   at System.Reflection.MethodBaseInvoker.InvokeWithFewArgs(Object obj, BindingFlags invokeAttr, Binder binder, Object[] parameters, CultureInfo culture)
  Passed CnetControlPlane.Tests.LearningCaseRequestSyntaxTests.RequestConstituentsComposeWithoutChangingOriginalInput(text: "Please, uppercase the character  'µ'.", operation: "upper", key: 181) [< 1 ms]
  Passed CnetControlPlane.Tests.LearningCaseRequestSyntaxTests.RequestConstituentsComposeWithoutChangingOriginalInput(text: "Please, render character 'À' in lowercase!", operation: "lower", key: 192) [< 1 ms]
  Passed CnetControlPlane.Tests.LearningCaseRequestSyntaxTests.RequestConstituentsComposeWithoutChangingOriginalInput(text: "Please, render the character 'À' in lowercase.", operation: "lower", key: 192) [< 1 ms]
  Passed CnetControlPlane.Tests.LearningCaseRequestSyntaxTests.RequestConstituentsComposeWithoutChangingOriginalInput(text: "Would you please lowercase the character  'É'.", operation: "lower", key: 201) [< 1 ms]
  Passed CnetControlPlane.Tests.LearningCaseRequestSyntaxTests.RequestConstituentsComposeWithoutChangingOriginalInput(text: "uppercase letter  'µ'.", operation: "upper", key: 181) [< 1 ms]
  Passed CnetControlPlane.Tests.LearningCaseRequestSyntaxTests.RequestConstituentsComposeWithoutChangingOriginalInput(text: "Could you kindly convert the single quoted charact"···, operation: "upper", key: 246) [< 1 ms]
  Passed CnetControlPlane.Tests.LearningCaseRequestSyntaxTests.RequestConstituentsComposeWithoutChangingOriginalInput(text: "Please, convert the character 'ö' to uppercase.", operation: "upper", key: 246) [< 1 ms]
  Passed CnetControlPlane.Tests.LearningCaseRequestSyntaxTests.RequestConstituentsComposeWithoutChangingOriginalInput(text: "Please, lowercase  'É'.", operation: "lower", key: 201) [< 1 ms]
  Passed CnetControlPlane.Tests.LearningCaseRequestSyntaxTests.RequestConstituentsComposeWithoutChangingOriginalInput(text: "Could you kindly render the character 'À' in lower"···, operation: "lower", key: 192) [< 1 ms]
  Passed CnetControlPlane.Tests.LearningCaseRequestSyntaxTests.RequestConstituentsComposeWithoutChangingOriginalInput(text: "Would you please convert letter 'ö' to uppercase.", operation: "upper", key: 246) [< 1 ms]
  Passed CnetControlPlane.Tests.LearningCaseRequestSyntaxTests.RequestConstituentsComposeWithoutChangingOriginalInput(text: "Could you kindly lowercase  'É'.", operation: "lower", key: 201) [< 1 ms]
  Passed CnetControlPlane.Tests.LearningCaseRequestSyntaxTests.RequestConstituentsComposeWithoutChangingOriginalInput(text: "Would you please uppercase letter  'µ'.", operation: "upper", key: 181) [< 1 ms]
  Passed CnetControlPlane.Tests.LearningCaseRequestSyntaxTests.RequestConstituentsComposeWithoutChangingOriginalInput(text: "Would you please write the character 'ñ' in caps.", operation: "upper", key: 241) [< 1 ms]
[xUnit.net 00:00:01.05]     CnetControlPlane.Tests.LearningCaseRequestSyntaxTests.RequestConstituentsComposeWithoutChangingOriginalInput(text: "uppercase character  'µ'!", operation: "upper", key: 181) [FAIL]
[xUnit.net 00:00:01.05]       TASK_CONSTITUENT_RED uppercase character  'µ'!: abstain
[xUnit.net 00:00:01.05]       Stack Trace:
[xUnit.net 00:00:01.05]         /home/marble/AI/CNET-worktrees/herdr-language-20260909/dotnet/CnetControlPlane.Tests/LearningCaseRequestSyntaxTests.cs(58,0): at CnetControlPlane.Tests.LearningCaseRequestSyntaxTests.RequestConstituentsComposeWithoutChangingOriginalInput(String text, String operation, Byte key)
[xUnit.net 00:00:01.05]            at InvokeStub_LearningCaseRequestSyntaxTests.RequestConstituentsComposeWithoutChangingOriginalInput(Object, Span`1)
[xUnit.net 00:00:01.05]            at System.Reflection.MethodBaseInvoker.InvokeWithFewArgs(Object obj, BindingFlags invokeAttr, Binder binder, Object[] parameters, CultureInfo culture)
[xUnit.net 00:00:01.05]     CnetControlPlane.Tests.LearningCaseRequestSyntaxTests.RequestConstituentsComposeWithoutChangingOriginalInput(text: "Would you please uppercase character  'µ'!", operation: "upper", key: 181) [FAIL]
[xUnit.net 00:00:01.05]       TASK_CONSTITUENT_RED Would you please uppercase character  'µ'!: abstain
[xUnit.net 00:00:01.05]       Stack Trace:
[xUnit.net 00:00:01.05]         /home/marble/AI/CNET-worktrees/herdr-language-20260909/dotnet/CnetControlPlane.Tests/LearningCaseRequestSyntaxTests.cs(58,0): at CnetControlPlane.Tests.LearningCaseRequestSyntaxTests.RequestConstituentsComposeWithoutChangingOriginalInput(String text, String operation, Byte key)
[xUnit.net 00:00:01.05]            at InvokeStub_LearningCaseRequestSyntaxTests.RequestConstituentsComposeWithoutChangingOriginalInput(Object, Span`1)
[xUnit.net 00:00:01.05]            at System.Reflection.MethodBaseInvoker.InvokeWithFewArgs(Object obj, BindingFlags invokeAttr, Binder binder, Object[] parameters, CultureInfo culture)
  Passed CnetControlPlane.Tests.LearningCaseRequestSyntaxTests.RequestConstituentsComposeWithoutChangingOriginalInput(text: "Would you please convert 'ö' to uppercase!", operation: "upper", key: 246) [< 1 ms]
  Passed CnetControlPlane.Tests.LearningCaseRequestSyntaxTests.RequestConstituentsComposeWithoutChangingOriginalInput(text: "uppercase letter  'µ'?", operation: "upper", key: 181) [< 1 ms]
  Passed CnetControlPlane.Tests.LearningCaseRequestSyntaxTests.RequestConstituentsComposeWithoutChangingOriginalInput(text: "render character 'À' in lowercase.", operation: "lower", key: 192) [< 1 ms]
  Passed CnetControlPlane.Tests.LearningCaseRequestSyntaxTests.RequestConstituentsComposeWithoutChangingOriginalInput(text: "Please, convert the single quoted character 'ö' to"···, operation: "upper", key: 246) [< 1 ms]
  Failed CnetControlPlane.Tests.LearningCaseRequestSyntaxTests.RequestConstituentsComposeWithoutChangingOriginalInput(text: "uppercase character  'µ'!", operation: "upper", key: 181) [< 1 ms]
  Error Message:
   TASK_CONSTITUENT_RED uppercase character  'µ'!: abstain
  Stack Trace:
     at CnetControlPlane.Tests.LearningCaseRequestSyntaxTests.RequestConstituentsComposeWithoutChangingOriginalInput(String text, String operation, Byte key) in /home/marble/AI/CNET-worktrees/herdr-language-20260909/dotnet/CnetControlPlane.Tests/LearningCaseRequestSyntaxTests.cs:line 58
   at InvokeStub_LearningCaseRequestSyntaxTests.RequestConstituentsComposeWithoutChangingOriginalInput(Object, Span`1)
   at System.Reflection.MethodBaseInvoker.InvokeWithFewArgs(Object obj, BindingFlags invokeAttr, Binder binder, Object[] parameters, CultureInfo culture)
  Passed CnetControlPlane.Tests.LearningCaseRequestSyntaxTests.RequestConstituentsComposeWithoutChangingOriginalInput(text: "Would you please lowercase  'É'!", operation: "lower", key: 201) [< 1 ms]
  Passed CnetControlPlane.Tests.LearningCaseRequestSyntaxTests.RequestConstituentsComposeWithoutChangingOriginalInput(text: "Could you kindly write character 'ñ' in caps?", operation: "upper", key: 241) [< 1 ms]
  Failed CnetControlPlane.Tests.LearningCaseRequestSyntaxTests.RequestConstituentsComposeWithoutChangingOriginalInput(text: "Would you please uppercase character  'µ'!", operation: "upper", key: 181) [< 1 ms]
  Error Message:
   TASK_CONSTITUENT_RED Would you please uppercase character  'µ'!: abstain
  Stack Trace:
     at CnetControlPlane.Tests.LearningCaseRequestSyntaxTests.RequestConstituentsComposeWithoutChangingOriginalInput(String text, String operation, Byte key) in /home/marble/AI/CNET-worktrees/herdr-language-20260909/dotnet/CnetControlPlane.Tests/LearningCaseRequestSyntaxTests.cs:line 58
   at InvokeStub_LearningCaseRequestSyntaxTests.RequestConstituentsComposeWithoutChangingOriginalInput(Object, Span`1)
   at System.Reflection.MethodBaseInvoker.InvokeWithFewArgs(Object obj, BindingFlags invokeAttr, Binder binder, Object[] parameters, CultureInfo culture)
  Passed CnetControlPlane.Tests.LearningCaseRequestSyntaxTests.RequestConstituentsComposeWithoutChangingOriginalInput(text: "Please, convert the character 'ö' to uppercase!", operation: "upper", key: 246) [< 1 ms]
[xUnit.net 00:00:01.05]     CnetControlPlane.Tests.LearningCaseRequestSyntaxTests.RequestConstituentsComposeWithoutChangingOriginalInput(text: "Please, lowercase letter  'É'!", operation: "lower", key: 201) [FAIL]
[xUnit.net 00:00:01.05]       TASK_CONSTITUENT_RED Please, lowercase letter  'É'!: abstain
[xUnit.net 00:00:01.05]       Stack Trace:
[xUnit.net 00:00:01.05]         /home/marble/AI/CNET-worktrees/herdr-language-20260909/dotnet/CnetControlPlane.Tests/LearningCaseRequestSyntaxTests.cs(58,0): at CnetControlPlane.Tests.LearningCaseRequestSyntaxTests.RequestConstituentsComposeWithoutChangingOriginalInput(String text, String operation, Byte key)
[xUnit.net 00:00:01.05]            at InvokeStub_LearningCaseRequestSyntaxTests.RequestConstituentsComposeWithoutChangingOriginalInput(Object, Span`1)
[xUnit.net 00:00:01.05]            at System.Reflection.MethodBaseInvoker.InvokeWithFewArgs(Object obj, BindingFlags invokeAttr, Binder binder, Object[] parameters, CultureInfo culture)
  Failed CnetControlPlane.Tests.LearningCaseRequestSyntaxTests.RequestConstituentsComposeWithoutChangingOriginalInput(text: "Please, lowercase letter  'É'!", operation: "lower", key: 201) [< 1 ms]
  Error Message:
   TASK_CONSTITUENT_RED Please, lowercase letter  'É'!: abstain
  Stack Trace:
     at CnetControlPlane.Tests.LearningCaseRequestSyntaxTests.RequestConstituentsComposeWithoutChangingOriginalInput(String text, String operation, Byte key) in /home/marble/AI/CNET-worktrees/herdr-language-20260909/dotnet/CnetControlPlane.Tests/LearningCaseRequestSyntaxTests.cs:line 58
   at InvokeStub_LearningCaseRequestSyntaxTests.RequestConstituentsComposeWithoutChangingOriginalInput(Object, Span`1)
   at System.Reflection.MethodBaseInvoker.InvokeWithFewArgs(Object obj, BindingFlags invokeAttr, Binder binder, Object[] parameters, CultureInfo culture)
  Passed CnetControlPlane.Tests.LearningCaseRequestSyntaxTests.RequestConstituentsComposeWithoutChangingOriginalInput(text: "Would you please render character 'À' in lowercase"···, operation: "lower", key: 192) [< 1 ms]
  Passed CnetControlPlane.Tests.LearningCaseRequestSyntaxTests.RequestConstituentsComposeWithoutChangingOriginalInput(text: "Would you please uppercase  'µ'!", operation: "upper", key: 181) [< 1 ms]
  Passed CnetControlPlane.Tests.LearningCaseRequestSyntaxTests.RequestConstituentsComposeWithoutChangingOriginalInput(text: "render the single quoted character 'À' in lowercas"···, operation: "lower", key: 192) [< 1 ms]
  Passed CnetControlPlane.Tests.LearningCaseRequestSyntaxTests.RequestConstituentsComposeWithoutChangingOriginalInput(text: "Would you please uppercase the character  'µ'!", operation: "upper", key: 181) [< 1 ms]
  Passed CnetControlPlane.Tests.LearningCaseRequestSyntaxTests.RequestConstituentsComposeWithoutChangingOriginalInput(text: "Would you please lowercase the single quoted chara"···, operation: "lower", key: 201) [< 1 ms]
  Passed CnetControlPlane.Tests.LearningCaseRequestSyntaxTests.RequestConstituentsComposeWithoutChangingOriginalInput(text: "uppercase character  'µ'.", operation: "upper", key: 181) [< 1 ms]
  Passed CnetControlPlane.Tests.LearningCaseRequestSyntaxTests.RequestConstituentsComposeWithoutChangingOriginalInput(text: "uppercase character  'µ'?", operation: "upper", key: 181) [< 1 ms]
  Passed CnetControlPlane.Tests.LearningCaseRequestSyntaxTests.RequestConstituentsComposeWithoutChangingOriginalInput(text: "Could you kindly lowercase the character  'É'!", operation: "lower", key: 201) [< 1 ms]
  Passed CnetControlPlane.Tests.LearningCaseRequestSyntaxTests.RequestConstituentsComposeWithoutChangingOriginalInput(text: "Would you please uppercase  'µ'?", operation: "upper", key: 181) [< 1 ms]
  Passed CnetControlPlane.Tests.LearningCaseRequestSyntaxTests.RequestConstituentsComposeWithoutChangingOriginalInput(text: "Could you kindly uppercase  'µ'.", operation: "upper", key: 181) [< 1 ms]
  Passed CnetControlPlane.Tests.LearningCaseRequestSyntaxTests.RequestConstituentsComposeWithoutChangingOriginalInput(text: "Please, lowercase the single quoted character  'É'"···, operation: "lower", key: 201) [< 1 ms]
  Passed CnetControlPlane.Tests.LearningCaseRequestSyntaxTests.RequestConstituentsComposeWithoutChangingOriginalInput(text: "Could you kindly uppercase the character  'µ'!", operation: "upper", key: 181) [< 1 ms]
  Passed CnetControlPlane.Tests.LearningCaseRequestSyntaxTests.RequestConstituentsComposeWithoutChangingOriginalInput(text: "Could you kindly write the single quoted character"···, operation: "upper", key: 241) [< 1 ms]
  Passed CnetControlPlane.Tests.LearningCaseRequestSyntaxTests.RequestConstituentsComposeWithoutChangingOriginalInput(text: "Could you kindly convert the character 'ö' to uppe"···, operation: "upper", key: 246) [< 1 ms]
  Passed CnetControlPlane.Tests.LearningCaseRequestSyntaxTests.RequestConstituentsComposeWithoutChangingOriginalInput(text: "Would you please uppercase letter  'µ'?", operation: "upper", key: 181) [< 1 ms]
  Passed CnetControlPlane.Tests.LearningCaseRequestSyntaxTests.RequestConstituentsComposeWithoutChangingOriginalInput(text: "Would you please lowercase character  'É'?", operation: "lower", key: 201) [< 1 ms]
  Passed CnetControlPlane.Tests.LearningCaseRequestSyntaxTests.RequestConstituentsComposeWithoutChangingOriginalInput(text: "Would you please uppercase the single quoted chara"···, operation: "upper", key: 181) [< 1 ms]
[xUnit.net 00:00:01.05]     CnetControlPlane.Tests.LearningCaseRequestSyntaxTests.RequestConstituentsComposeWithoutChangingOriginalInput(text: "Please, uppercase character  'µ'.", operation: "upper", key: 181) [FAIL]
[xUnit.net 00:00:01.05]       TASK_CONSTITUENT_RED Please, uppercase character  'µ'.: abstain
[xUnit.net 00:00:01.05]       Stack Trace:
[xUnit.net 00:00:01.05]         /home/marble/AI/CNET-worktrees/herdr-language-20260909/dotnet/CnetControlPlane.Tests/LearningCaseRequestSyntaxTests.cs(58,0): at CnetControlPlane.Tests.LearningCaseRequestSyntaxTests.RequestConstituentsComposeWithoutChangingOriginalInput(String text, String operation, Byte key)
[xUnit.net 00:00:01.05]            at InvokeStub_LearningCaseRequestSyntaxTests.RequestConstituentsComposeWithoutChangingOriginalInput(Object, Span`1)
[xUnit.net 00:00:01.05]            at System.Reflection.MethodBaseInvoker.InvokeWithFewArgs(Object obj, BindingFlags invokeAttr, Binder binder, Object[] parameters, CultureInfo culture)
[xUnit.net 00:00:01.05]     CnetControlPlane.Tests.LearningCaseRequestSyntaxTests.RequestConstituentsComposeWithoutChangingOriginalInput(text: "Could you kindly lowercase letter  'É'?", operation: "lower", key: 201) [FAIL]
[xUnit.net 00:00:01.05]       TASK_CONSTITUENT_RED Could you kindly lowercase letter  'É'?: abstain
[xUnit.net 00:00:01.05]       Stack Trace:
[xUnit.net 00:00:01.05]         /home/marble/AI/CNET-worktrees/herdr-language-20260909/dotnet/CnetControlPlane.Tests/LearningCaseRequestSyntaxTests.cs(58,0): at CnetControlPlane.Tests.LearningCaseRequestSyntaxTests.RequestConstituentsComposeWithoutChangingOriginalInput(String text, String operation, Byte key)
[xUnit.net 00:00:01.05]            at InvokeStub_LearningCaseRequestSyntaxTests.RequestConstituentsComposeWithoutChangingOriginalInput(Object, Span`1)
[xUnit.net 00:00:01.05]            at System.Reflection.MethodBaseInvoker.InvokeWithFewArgs(Object obj, BindingFlags invokeAttr, Binder binder, Object[] parameters, CultureInfo culture)
  Passed CnetControlPlane.Tests.LearningCaseRequestSyntaxTests.RequestConstituentsComposeWithoutChangingOriginalInput(text: "Could you kindly uppercase the character  'µ'.", operation: "upper", key: 181) [< 1 ms]
  Passed CnetControlPlane.Tests.LearningCaseRequestSyntaxTests.RequestConstituentsComposeWithoutChangingOriginalInput(text: "Please, lowercase the character  'É'?", operation: "lower", key: 201) [< 1 ms]
  Passed CnetControlPlane.Tests.LearningCaseRequestSyntaxTests.RequestConstituentsComposeWithoutChangingOriginalInput(text: "write 'ñ' in caps.", operation: "upper", key: 241) [< 1 ms]
  Passed CnetControlPlane.Tests.LearningCaseRequestSyntaxTests.RequestConstituentsComposeWithoutChangingOriginalInput(text: "Could you kindly render the single quoted characte"···, operation: "lower", key: 192) [< 1 ms]
  Passed CnetControlPlane.Tests.LearningCaseRequestSyntaxTests.RequestConstituentsComposeWithoutChangingOriginalInput(text: "convert the single quoted character 'ö' to upperca"···, operation: "upper", key: 246) [< 1 ms]
  Passed CnetControlPlane.Tests.LearningCaseRequestSyntaxTests.RequestConstituentsComposeWithoutChangingOriginalInput(text: "Could you kindly lowercase the character  'É'.", operation: "lower", key: 201) [< 1 ms]
  Failed CnetControlPlane.Tests.LearningCaseRequestSyntaxTests.RequestConstituentsComposeWithoutChangingOriginalInput(text: "Please, uppercase character  'µ'.", operation: "upper", key: 181) [< 1 ms]
  Error Message:
   TASK_CONSTITUENT_RED Please, uppercase character  'µ'.: abstain
  Stack Trace:
     at CnetControlPlane.Tests.LearningCaseRequestSyntaxTests.RequestConstituentsComposeWithoutChangingOriginalInput(String text, String operation, Byte key) in /home/marble/AI/CNET-worktrees/herdr-language-20260909/dotnet/CnetControlPlane.Tests/LearningCaseRequestSyntaxTests.cs:line 58
   at InvokeStub_LearningCaseRequestSyntaxTests.RequestConstituentsComposeWithoutChangingOriginalInput(Object, Span`1)
   at System.Reflection.MethodBaseInvoker.InvokeWithFewArgs(Object obj, BindingFlags invokeAttr, Binder binder, Object[] parameters, CultureInfo culture)
  Failed CnetControlPlane.Tests.LearningCaseRequestSyntaxTests.RequestConstituentsComposeWithoutChangingOriginalInput(text: "Could you kindly lowercase letter  'É'?", operation: "lower", key: 201) [< 1 ms]
  Error Message:
   TASK_CONSTITUENT_RED Could you kindly lowercase letter  'É'?: abstain
  Stack Trace:
     at CnetControlPlane.Tests.LearningCaseRequestSyntaxTests.RequestConstituentsComposeWithoutChangingOriginalInput(String text, String operation, Byte key) in /home/marble/AI/CNET-worktrees/herdr-language-20260909/dotnet/CnetControlPlane.Tests/LearningCaseRequestSyntaxTests.cs:line 58
   at InvokeStub_LearningCaseRequestSyntaxTests.RequestConstituentsComposeWithoutChangingOriginalInput(Object, Span`1)
   at System.Reflection.MethodBaseInvoker.InvokeWithFewArgs(Object obj, BindingFlags invokeAttr, Binder binder, Object[] parameters, CultureInfo culture)
  Passed CnetControlPlane.Tests.LearningCaseRequestSyntaxTests.RequestConstituentsComposeWithoutChangingOriginalInput(text: "Please, convert character 'ö' to uppercase!", operation: "upper", key: 246) [< 1 ms]
[xUnit.net 00:00:01.05]     CnetControlPlane.Tests.LearningCaseRequestSyntaxTests.RequestConstituentsComposeWithoutChangingOriginalInput(text: "Please, uppercase character  'µ'!", operation: "upper", key: 181) [FAIL]
[xUnit.net 00:00:01.05]       TASK_CONSTITUENT_RED Please, uppercase character  'µ'!: abstain
[xUnit.net 00:00:01.05]       Stack Trace:
[xUnit.net 00:00:01.05]         /home/marble/AI/CNET-worktrees/herdr-language-20260909/dotnet/CnetControlPlane.Tests/LearningCaseRequestSyntaxTests.cs(58,0): at CnetControlPlane.Tests.LearningCaseRequestSyntaxTests.RequestConstituentsComposeWithoutChangingOriginalInput(String text, String operation, Byte key)
[xUnit.net 00:00:01.05]            at InvokeStub_LearningCaseRequestSyntaxTests.RequestConstituentsComposeWithoutChangingOriginalInput(Object, Span`1)
[xUnit.net 00:00:01.05]            at System.Reflection.MethodBaseInvoker.InvokeWithFewArgs(Object obj, BindingFlags invokeAttr, Binder binder, Object[] parameters, CultureInfo culture)
  Passed CnetControlPlane.Tests.LearningCaseRequestSyntaxTests.RequestConstituentsComposeWithoutChangingOriginalInput(text: "Would you please uppercase the character  'µ'.", operation: "upper", key: 181) [< 1 ms]
  Passed CnetControlPlane.Tests.LearningCaseRequestSyntaxTests.RequestConstituentsComposeWithoutChangingOriginalInput(text: "Please, uppercase  'µ'.", operation: "upper", key: 181) [< 1 ms]
  Passed CnetControlPlane.Tests.LearningCaseRequestSyntaxTests.RequestConstituentsComposeWithoutChangingOriginalInput(text: "Please, write 'ñ' in caps!", operation: "upper", key: 241) [< 1 ms]
  Passed CnetControlPlane.Tests.LearningCaseRequestSyntaxTests.RequestConstituentsComposeWithoutChangingOriginalInput(text: "Would you please convert letter 'ö' to uppercase!", operation: "upper", key: 246) [< 1 ms]
  Passed CnetControlPlane.Tests.LearningCaseRequestSyntaxTests.RequestConstituentsComposeWithoutChangingOriginalInput(text: "write the character 'ñ' in caps.", operation: "upper", key: 241) [< 1 ms]
  Passed CnetControlPlane.Tests.LearningCaseRequestSyntaxTests.RequestConstituentsComposeWithoutChangingOriginalInput(text: "Could you kindly convert the character 'ö' to uppe"···, operation: "upper", key: 246) [< 1 ms]
  Passed CnetControlPlane.Tests.LearningCaseRequestSyntaxTests.RequestConstituentsComposeWithoutChangingOriginalInput(text: "Would you please write letter 'ñ' in caps.", operation: "upper", key: 241) [< 1 ms]
  Failed CnetControlPlane.Tests.LearningCaseRequestSyntaxTests.RequestConstituentsComposeWithoutChangingOriginalInput(text: "Please, uppercase character  'µ'!", operation: "upper", key: 181) [< 1 ms]
  Error Message:
   TASK_CONSTITUENT_RED Please, uppercase character  'µ'!: abstain
  Stack Trace:
     at CnetControlPlane.Tests.LearningCaseRequestSyntaxTests.RequestConstituentsComposeWithoutChangingOriginalInput(String text, String operation, Byte key) in /home/marble/AI/CNET-worktrees/herdr-language-20260909/dotnet/CnetControlPlane.Tests/LearningCaseRequestSyntaxTests.cs:line 58
   at InvokeStub_LearningCaseRequestSyntaxTests.RequestConstituentsComposeWithoutChangingOriginalInput(Object, Span`1)
   at System.Reflection.MethodBaseInvoker.InvokeWithFewArgs(Object obj, BindingFlags invokeAttr, Binder binder, Object[] parameters, CultureInfo culture)
  Passed CnetControlPlane.Tests.LearningCaseRequestSyntaxTests.RequestConstituentsComposeWithoutChangingOriginalInput(text: "Would you please convert the single quoted charact"···, operation: "upper", key: 246) [< 1 ms]
[xUnit.net 00:00:01.05]     CnetControlPlane.Tests.LearningCaseRequestSyntaxTests.RequestConstituentsComposeWithoutChangingOriginalInput(text: "Could you kindly uppercase letter  'µ'!", operation: "upper", key: 181) [FAIL]
[xUnit.net 00:00:01.05]       TASK_CONSTITUENT_RED Could you kindly uppercase letter  'µ'!: abstain
[xUnit.net 00:00:01.05]       Stack Trace:
[xUnit.net 00:00:01.05]         /home/marble/AI/CNET-worktrees/herdr-language-20260909/dotnet/CnetControlPlane.Tests/LearningCaseRequestSyntaxTests.cs(58,0): at CnetControlPlane.Tests.LearningCaseRequestSyntaxTests.RequestConstituentsComposeWithoutChangingOriginalInput(String text, String operation, Byte key)
[xUnit.net 00:00:01.05]            at InvokeStub_LearningCaseRequestSyntaxTests.RequestConstituentsComposeWithoutChangingOriginalInput(Object, Span`1)
[xUnit.net 00:00:01.05]            at System.Reflection.MethodBaseInvoker.InvokeWithFewArgs(Object obj, BindingFlags invokeAttr, Binder binder, Object[] parameters, CultureInfo culture)
  Passed CnetControlPlane.Tests.LearningCaseRequestSyntaxTests.RequestConstituentsComposeWithoutChangingOriginalInput(text: "Please, convert the single quoted character 'ö' to"···, operation: "upper", key: 246) [< 1 ms]
  Passed CnetControlPlane.Tests.LearningCaseRequestSyntaxTests.RequestConstituentsComposeWithoutChangingOriginalInput(text: "Would you please convert the character 'ö' to uppe"···, operation: "upper", key: 246) [< 1 ms]
  Passed CnetControlPlane.Tests.LearningCaseRequestSyntaxTests.RequestConstituentsComposeWithoutChangingOriginalInput(text: "Please, convert character 'ö' to uppercase.", operation: "upper", key: 246) [< 1 ms]
  Passed CnetControlPlane.Tests.LearningCaseRequestSyntaxTests.RequestConstituentsComposeWithoutChangingOriginalInput(text: "convert the single quoted character 'ö' to upperca"···, operation: "upper", key: 246) [< 1 ms]
  Failed CnetControlPlane.Tests.LearningCaseRequestSyntaxTests.RequestConstituentsComposeWithoutChangingOriginalInput(text: "Could you kindly uppercase letter  'µ'!", operation: "upper", key: 181) [< 1 ms]
  Error Message:
   TASK_CONSTITUENT_RED Could you kindly uppercase letter  'µ'!: abstain
  Stack Trace:
     at CnetControlPlane.Tests.LearningCaseRequestSyntaxTests.RequestConstituentsComposeWithoutChangingOriginalInput(String text, String operation, Byte key) in /home/marble/AI/CNET-worktrees/herdr-language-20260909/dotnet/CnetControlPlane.Tests/LearningCaseRequestSyntaxTests.cs:line 58
   at InvokeStub_LearningCaseRequestSyntaxTests.RequestConstituentsComposeWithoutChangingOriginalInput(Object, Span`1)
   at System.Reflection.MethodBaseInvoker.InvokeWithFewArgs(Object obj, BindingFlags invokeAttr, Binder binder, Object[] parameters, CultureInfo culture)
  Passed CnetControlPlane.Tests.LearningCaseRequestSyntaxTests.RequestConstituentsComposeWithoutChangingOriginalInput(text: "lowercase the single quoted character  'É'!", operation: "lower", key: 201) [< 1 ms]
  Passed CnetControlPlane.Tests.LearningCaseRequestSyntaxTests.RequestConstituentsComposeWithoutChangingOriginalInput(text: "Could you kindly render letter 'À' in lowercase.", operation: "lower", key: 192) [< 1 ms]
  Passed CnetControlPlane.Tests.LearningCaseRequestSyntaxTests.RequestConstituentsComposeWithoutChangingOriginalInput(text: "Could you kindly write letter 'ñ' in caps?", operation: "upper", key: 241) [< 1 ms]
  Passed CnetControlPlane.Tests.LearningCaseRequestSyntaxTests.RequestConstituentsComposeWithoutChangingOriginalInput(text: "Could you kindly lowercase the single quoted chara"···, operation: "lower", key: 201) [< 1 ms]
[xUnit.net 00:00:01.05]     CnetControlPlane.Tests.LearningCaseRequestSyntaxTests.RequestConstituentsComposeWithoutChangingOriginalInput(text: "Please, uppercase character  'µ'?", operation: "upper", key: 181) [FAIL]
[xUnit.net 00:00:01.05]       TASK_CONSTITUENT_RED Please, uppercase character  'µ'?: abstain
[xUnit.net 00:00:01.05]       Stack Trace:
[xUnit.net 00:00:01.05]         /home/marble/AI/CNET-worktrees/herdr-language-20260909/dotnet/CnetControlPlane.Tests/LearningCaseRequestSyntaxTests.cs(58,0): at CnetControlPlane.Tests.LearningCaseRequestSyntaxTests.RequestConstituentsComposeWithoutChangingOriginalInput(String text, String operation, Byte key)
[xUnit.net 00:00:01.05]            at InvokeStub_LearningCaseRequestSyntaxTests.RequestConstituentsComposeWithoutChangingOriginalInput(Object, Span`1)
[xUnit.net 00:00:01.05]            at System.Reflection.MethodBaseInvoker.InvokeWithFewArgs(Object obj, BindingFlags invokeAttr, Binder binder, Object[] parameters, CultureInfo culture)
  Passed CnetControlPlane.Tests.LearningCaseRequestSyntaxTests.RequestConstituentsComposeWithoutChangingOriginalInput(text: "Would you please render the single quoted characte"···, operation: "lower", key: 192) [< 1 ms]
  Passed CnetControlPlane.Tests.LearningCaseRequestSyntaxTests.RequestConstituentsComposeWithoutChangingOriginalInput(text: "Please, render 'À' in lowercase?", operation: "lower", key: 192) [< 1 ms]
  Passed CnetControlPlane.Tests.LearningCaseRequestSyntaxTests.RequestConstituentsComposeWithoutChangingOriginalInput(text: "Would you please write the character 'ñ' in caps!", operation: "upper", key: 241) [< 1 ms]
  Failed CnetControlPlane.Tests.LearningCaseRequestSyntaxTests.RequestConstituentsComposeWithoutChangingOriginalInput(text: "Please, uppercase character  'µ'?", operation: "upper", key: 181) [< 1 ms]
  Error Message:
   TASK_CONSTITUENT_RED Please, uppercase character  'µ'?: abstain
  Stack Trace:
     at CnetControlPlane.Tests.LearningCaseRequestSyntaxTests.RequestConstituentsComposeWithoutChangingOriginalInput(String text, String operation, Byte key) in /home/marble/AI/CNET-worktrees/herdr-language-20260909/dotnet/CnetControlPlane.Tests/LearningCaseRequestSyntaxTests.cs:line 58
   at InvokeStub_LearningCaseRequestSyntaxTests.RequestConstituentsComposeWithoutChangingOriginalInput(Object, Span`1)
   at System.Reflection.MethodBaseInvoker.InvokeWithFewArgs(Object obj, BindingFlags invokeAttr, Binder binder, Object[] parameters, CultureInfo culture)
  Passed CnetControlPlane.Tests.LearningCaseRequestSyntaxTests.RequestConstituentsComposeWithoutChangingOriginalInput(text: "Would you please write letter 'ñ' in caps?", operation: "upper", key: 241) [< 1 ms]
  Passed CnetControlPlane.Tests.LearningCaseRequestSyntaxTests.RequestConstituentsComposeWithoutChangingOriginalInput(text: "lowercase  'É'!", operation: "lower", key: 201) [< 1 ms]
  Passed CnetControlPlane.Tests.LearningCaseRequestSyntaxTests.RequestConstituentsComposeWithoutChangingOriginalInput(text: "Could you kindly render letter 'À' in lowercase!", operation: "lower", key: 192) [< 1 ms]
  Passed CnetControlPlane.Tests.LearningCaseRequestSyntaxTests.RequestConstituentsComposeWithoutChangingOriginalInput(text: "render letter 'À' in lowercase.", operation: "lower", key: 192) [< 1 ms]
  Passed CnetControlPlane.Tests.LearningCaseRequestSyntaxTests.RequestConstituentsComposeWithoutChangingOriginalInput(text: "write the single quoted character 'ñ' in caps?", operation: "upper", key: 241) [< 1 ms]
[xUnit.net 00:00:01.05]     CnetControlPlane.Tests.LearningCaseRequestSyntaxTests.RequestConstituentsComposeWithoutChangingOriginalInput(text: "Please, uppercase letter  'µ'?", operation: "upper", key: 181) [FAIL]
[xUnit.net 00:00:01.05]       TASK_CONSTITUENT_RED Please, uppercase letter  'µ'?: abstain
[xUnit.net 00:00:01.05]       Stack Trace:
[xUnit.net 00:00:01.05]         /home/marble/AI/CNET-worktrees/herdr-language-20260909/dotnet/CnetControlPlane.Tests/LearningCaseRequestSyntaxTests.cs(58,0): at CnetControlPlane.Tests.LearningCaseRequestSyntaxTests.RequestConstituentsComposeWithoutChangingOriginalInput(String text, String operation, Byte key)
[xUnit.net 00:00:01.05]            at InvokeStub_LearningCaseRequestSyntaxTests.RequestConstituentsComposeWithoutChangingOriginalInput(Object, Span`1)
[xUnit.net 00:00:01.05]            at System.Reflection.MethodBaseInvoker.InvokeWithFewArgs(Object obj, BindingFlags invokeAttr, Binder binder, Object[] parameters, CultureInfo culture)
  Passed CnetControlPlane.Tests.LearningCaseRequestSyntaxTests.RequestConstituentsComposeWithoutChangingOriginalInput(text: "Would you please render letter 'À' in lowercase.", operation: "lower", key: 192) [< 1 ms]
  Passed CnetControlPlane.Tests.LearningCaseRequestSyntaxTests.RequestConstituentsComposeWithoutChangingOriginalInput(text: "convert 'ö' to uppercase.", operation: "upper", key: 246) [< 1 ms]
  Passed CnetControlPlane.Tests.LearningCaseRequestSyntaxTests.RequestConstituentsComposeWithoutChangingOriginalInput(text: "Please, render letter 'À' in lowercase?", operation: "lower", key: 192) [< 1 ms]
  Passed CnetControlPlane.Tests.LearningCaseRequestSyntaxTests.RequestConstituentsComposeWithoutChangingOriginalInput(text: "write character 'ñ' in caps.", operation: "upper", key: 241) [< 1 ms]
  Passed CnetControlPlane.Tests.LearningCaseRequestSyntaxTests.RequestConstituentsComposeWithoutChangingOriginalInput(text: "lowercase the character  'É'!", operation: "lower", key: 201) [< 1 ms]
  Passed CnetControlPlane.Tests.LearningCaseRequestSyntaxTests.RequestConstituentsComposeWithoutChangingOriginalInput(text: "convert 'ö' to uppercase?", operation: "upper", key: 246) [< 1 ms]
  Failed CnetControlPlane.Tests.LearningCaseRequestSyntaxTests.RequestConstituentsComposeWithoutChangingOriginalInput(text: "Please, uppercase letter  'µ'?", operation: "upper", key: 181) [< 1 ms]
  Error Message:
   TASK_CONSTITUENT_RED Please, uppercase letter  'µ'?: abstain
  Stack Trace:
     at CnetControlPlane.Tests.LearningCaseRequestSyntaxTests.RequestConstituentsComposeWithoutChangingOriginalInput(String text, String operation, Byte key) in /home/marble/AI/CNET-worktrees/herdr-language-20260909/dotnet/CnetControlPlane.Tests/LearningCaseRequestSyntaxTests.cs:line 58
   at InvokeStub_LearningCaseRequestSyntaxTests.RequestConstituentsComposeWithoutChangingOriginalInput(Object, Span`1)
   at System.Reflection.MethodBaseInvoker.InvokeWithFewArgs(Object obj, BindingFlags invokeAttr, Binder binder, Object[] parameters, CultureInfo culture)
  Passed CnetControlPlane.Tests.LearningCaseRequestSyntaxTests.RequestConstituentsComposeWithoutChangingOriginalInput(text: "lowercase the character  'É'.", operation: "lower", key: 201) [< 1 ms]
  Passed CnetControlPlane.Tests.LearningCaseRequestSyntaxTests.RequestConstituentsComposeWithoutChangingOriginalInput(text: "Would you please render the single quoted characte"···, operation: "lower", key: 192) [< 1 ms]
[xUnit.net 00:00:01.05]     CnetControlPlane.Tests.LearningCaseRequestSyntaxTests.RequestConstituentsComposeWithoutChangingOriginalInput(text: "lowercase character  'É'!", operation: "lower", key: 201) [FAIL]
[xUnit.net 00:00:01.05]       TASK_CONSTITUENT_RED lowercase character  'É'!: abstain
[xUnit.net 00:00:01.05]       Stack Trace:
[xUnit.net 00:00:01.05]         /home/marble/AI/CNET-worktrees/herdr-language-20260909/dotnet/CnetControlPlane.Tests/LearningCaseRequestSyntaxTests.cs(58,0): at CnetControlPlane.Tests.LearningCaseRequestSyntaxTests.RequestConstituentsComposeWithoutChangingOriginalInput(String text, String operation, Byte key)
[xUnit.net 00:00:01.05]            at InvokeStub_LearningCaseRequestSyntaxTests.RequestConstituentsComposeWithoutChangingOriginalInput(Object, Span`1)
[xUnit.net 00:00:01.05]            at System.Reflection.MethodBaseInvoker.InvokeWithFewArgs(Object obj, BindingFlags invokeAttr, Binder binder, Object[] parameters, CultureInfo culture)
  Passed CnetControlPlane.Tests.LearningCaseRequestSyntaxTests.RequestConstituentsComposeWithoutChangingOriginalInput(text: "Would you please write the character 'ñ' in caps?", operation: "upper", key: 241) [< 1 ms]
  Passed CnetControlPlane.Tests.LearningCaseRequestSyntaxTests.RequestConstituentsComposeWithoutChangingOriginalInput(text: "Would you please render 'À' in lowercase!", operation: "lower", key: 192) [< 1 ms]
  Failed CnetControlPlane.Tests.LearningCaseRequestSyntaxTests.RequestConstituentsComposeWithoutChangingOriginalInput(text: "lowercase character  'É'!", operation: "lower", key: 201) [< 1 ms]
  Error Message:
   TASK_CONSTITUENT_RED lowercase character  'É'!: abstain
  Stack Trace:
     at CnetControlPlane.Tests.LearningCaseRequestSyntaxTests.RequestConstituentsComposeWithoutChangingOriginalInput(String text, String operation, Byte key) in /home/marble/AI/CNET-worktrees/herdr-language-20260909/dotnet/CnetControlPlane.Tests/LearningCaseRequestSyntaxTests.cs:line 58
   at InvokeStub_LearningCaseRequestSyntaxTests.RequestConstituentsComposeWithoutChangingOriginalInput(Object, Span`1)
   at System.Reflection.MethodBaseInvoker.InvokeWithFewArgs(Object obj, BindingFlags invokeAttr, Binder binder, Object[] parameters, CultureInfo culture)
  Passed CnetControlPlane.Tests.LearningCaseRequestSyntaxTests.RequestConstituentsComposeWithoutChangingOriginalInput(text: "Please, convert letter 'ö' to uppercase.", operation: "upper", key: 246) [< 1 ms]
  Passed CnetControlPlane.Tests.LearningCaseRequestSyntaxTests.RequestConstituentsComposeWithoutChangingOriginalInput(text: "write 'ñ' in caps?", operation: "upper", key: 241) [< 1 ms]
  Passed CnetControlPlane.Tests.LearningCaseRequestSyntaxTests.RequestConstituentsComposeWithoutChangingOriginalInput(text: "Please, write the single quoted character 'ñ' in c"···, operation: "upper", key: 241) [< 1 ms]
  Passed CnetControlPlane.Tests.LearningCaseRequestSyntaxTests.RequestConstituentsComposeWithoutChangingOriginalInput(text: "Could you kindly convert letter 'ö' to uppercase!", operation: "upper", key: 246) [< 1 ms]
  Passed CnetControlPlane.Tests.LearningCaseRequestSyntaxTests.RequestConstituentsComposeWithoutChangingOriginalInput(text: "Would you please render letter 'À' in lowercase!", operation: "lower", key: 192) [< 1 ms]
  Passed CnetControlPlane.Tests.LearningCaseRequestSyntaxTests.RequestConstituentsComposeWithoutChangingOriginalInput(text: "Could you kindly render character 'À' in lowercase"···, operation: "lower", key: 192) [< 1 ms]
  Passed CnetControlPlane.Tests.LearningCaseRequestSyntaxTests.RequestConstituentsComposeWithoutChangingOriginalInput(text: "Please, write letter 'ñ' in caps?", operation: "upper", key: 241) [< 1 ms]
  Passed CnetControlPlane.Tests.LearningCaseRequestSyntaxTests.RequestConstituentsComposeWithoutChangingOriginalInput(text: "convert letter 'ö' to uppercase!", operation: "upper", key: 246) [< 1 ms]
  Passed CnetControlPlane.Tests.LearningCaseRequestSyntaxTests.RequestConstituentsComposeWithoutChangingOriginalInput(text: "Would you please uppercase the single quoted chara"···, operation: "upper", key: 181) [< 1 ms]
  Passed CnetControlPlane.Tests.LearningCaseRequestSyntaxTests.RequestConstituentsComposeWithoutChangingOriginalInput(text: "write letter 'ñ' in caps?", operation: "upper", key: 241) [< 1 ms]
  Passed CnetControlPlane.Tests.LearningCaseRequestSyntaxTests.RequestConstituentsComposeWithoutChangingOriginalInput(text: "Would you please write the single quoted character"···, operation: "upper", key: 241) [< 1 ms]
  Passed CnetControlPlane.Tests.LearningCaseRequestSyntaxTests.RequestConstituentsComposeWithoutChangingOriginalInput(text: "Please, write 'ñ' in caps?", operation: "upper", key: 241) [< 1 ms]
  Passed CnetControlPlane.Tests.LearningCaseRequestSyntaxTests.RequestConstituentsComposeWithoutChangingOriginalInput(text: "Could you kindly convert the single quoted charact"···, operation: "upper", key: 246) [< 1 ms]
  Passed CnetControlPlane.Tests.LearningCaseRequestSyntaxTests.RequestConstituentsComposeWithoutChangingOriginalInput(text: "Please, write character 'ñ' in caps!", operation: "upper", key: 241) [< 1 ms]
  Passed CnetControlPlane.Tests.LearningCaseRequestSyntaxTests.RequestConstituentsComposeWithoutChangingOriginalInput(text: "Would you please render 'À' in lowercase?", operation: "lower", key: 192) [< 1 ms]
  Passed CnetControlPlane.Tests.LearningCaseRequestSyntaxTests.RequestConstituentsComposeWithoutChangingOriginalInput(text: "Would you please uppercase  'µ'.", operation: "upper", key: 181) [< 1 ms]
  Passed CnetControlPlane.Tests.LearningCaseRequestSyntaxTests.RequestConstituentsComposeWithoutChangingOriginalInput(text: "Would you please uppercase the character  'µ'?", operation: "upper", key: 181) [< 1 ms]
  Passed CnetControlPlane.Tests.LearningCaseRequestSyntaxTests.RequestConstituentsComposeWithoutChangingOriginalInput(text: "lowercase the character  'É'?", operation: "lower", key: 201) [< 1 ms]
  Passed CnetControlPlane.Tests.LearningCaseRequestSyntaxTests.RequestConstituentsComposeWithoutChangingOriginalInput(text: "Could you kindly write the character 'ñ' in caps.", operation: "upper", key: 241) [< 1 ms]
  Passed CnetControlPlane.Tests.LearningCaseRequestSyntaxTests.RequestConstituentsComposeWithoutChangingOriginalInput(text: "write character 'ñ' in caps!", operation: "upper", key: 241) [< 1 ms]
  Passed CnetControlPlane.Tests.LearningCaseRequestSyntaxTests.RequestConstituentsComposeWithoutChangingOriginalInput(text: "Would you please convert character 'ö' to uppercas"···, operation: "upper", key: 246) [< 1 ms]
  Passed CnetControlPlane.Tests.LearningCaseRequestSyntaxTests.RequestConstituentsComposeWithoutChangingOriginalInput(text: "Could you kindly uppercase the single quoted chara"···, operation: "upper", key: 181) [< 1 ms]
  Passed CnetControlPlane.Tests.LearningCaseRequestSyntaxTests.RequestConstituentsComposeWithoutChangingOriginalInput(text: "Could you kindly write the character 'ñ' in caps!", operation: "upper", key: 241) [< 1 ms]
  Passed CnetControlPlane.Tests.LearningCaseRequestSyntaxTests.RequestConstituentsComposeWithoutChangingOriginalInput(text: "Could you kindly render the character 'À' in lower"···, operation: "lower", key: 192) [< 1 ms]
  Passed CnetControlPlane.Tests.LearningCaseRequestSyntaxTests.RequestConstituentsComposeWithoutChangingOriginalInput(text: "Please, convert 'ö' to uppercase!", operation: "upper", key: 246) [< 1 ms]
  Passed CnetControlPlane.Tests.LearningCaseRequestSyntaxTests.RequestConstituentsComposeWithoutChangingOriginalInput(text: "Please, render 'À' in lowercase.", operation: "lower", key: 192) [< 1 ms]
  Passed CnetControlPlane.Tests.LearningCaseRequestSyntaxTests.RequestConstituentsComposeWithoutChangingOriginalInput(text: "write the character 'ñ' in caps?", operation: "upper", key: 241) [< 1 ms]
  Passed CnetControlPlane.Tests.LearningCaseRequestSyntaxTests.RequestConstituentsComposeWithoutChangingOriginalInput(text: "Please, uppercase the single quoted character  'µ'"···, operation: "upper", key: 181) [< 1 ms]
  Passed CnetControlPlane.Tests.LearningCaseRequestSyntaxTests.RequestConstituentsComposeWithoutChangingOriginalInput(text: "uppercase the single quoted character  'µ'!", operation: "upper", key: 181) [< 1 ms]
  Passed CnetControlPlane.Tests.LearningCaseRequestSyntaxTests.RequestConstituentsComposeWithoutChangingOriginalInput(text: "Please, lowercase  'É'!", operation: "lower", key: 201) [< 1 ms]
  Passed CnetControlPlane.Tests.LearningCaseRequestSyntaxTests.RequestConstituentsComposeWithoutChangingOriginalInput(text: "Could you kindly write character 'ñ' in caps!", operation: "upper", key: 241) [< 1 ms]
  Passed CnetControlPlane.Tests.LearningCaseRequestSyntaxTests.RequestConstituentsComposeWithoutChangingOriginalInput(text: "render the single quoted character 'À' in lowercas"···, operation: "lower", key: 192) [< 1 ms]
  Passed CnetControlPlane.Tests.LearningCaseRequestSyntaxTests.RequestConstituentsComposeWithoutChangingOriginalInput(text: "lowercase  'É'.", operation: "lower", key: 201) [< 1 ms]
[xUnit.net 00:00:01.05]     CnetControlPlane.Tests.LearningCaseRequestSyntaxTests.RequestConstituentsComposeWithoutChangingOriginalInput(text: "Could you kindly lowercase character  'É'.", operation: "lower", key: 201) [FAIL]
[xUnit.net 00:00:01.05]       TASK_CONSTITUENT_RED Could you kindly lowercase character  'É'.: abstain
[xUnit.net 00:00:01.05]       Stack Trace:
[xUnit.net 00:00:01.05]         /home/marble/AI/CNET-worktrees/herdr-language-20260909/dotnet/CnetControlPlane.Tests/LearningCaseRequestSyntaxTests.cs(58,0): at CnetControlPlane.Tests.LearningCaseRequestSyntaxTests.RequestConstituentsComposeWithoutChangingOriginalInput(String text, String operation, Byte key)
[xUnit.net 00:00:01.05]            at InvokeStub_LearningCaseRequestSyntaxTests.RequestConstituentsComposeWithoutChangingOriginalInput(Object, Span`1)
[xUnit.net 00:00:01.05]            at System.Reflection.MethodBaseInvoker.InvokeWithFewArgs(Object obj, BindingFlags invokeAttr, Binder binder, Object[] parameters, CultureInfo culture)
  Passed CnetControlPlane.Tests.LearningCaseRequestSyntaxTests.RequestConstituentsComposeWithoutChangingOriginalInput(text: "convert character 'ö' to uppercase!", operation: "upper", key: 246) [< 1 ms]
  Passed CnetControlPlane.Tests.LearningCaseRequestSyntaxTests.RequestConstituentsComposeWithoutChangingOriginalInput(text: "Would you please convert character 'ö' to uppercas"···, operation: "upper", key: 246) [< 1 ms]
  Passed CnetControlPlane.Tests.LearningCaseRequestSyntaxTests.RequestConstituentsComposeWithoutChangingOriginalInput(text: "convert the single quoted character 'ö' to upperca"···, operation: "upper", key: 246) [< 1 ms]
  Passed CnetControlPlane.Tests.LearningCaseRequestSyntaxTests.RequestConstituentsComposeWithoutChangingOriginalInput(text: "write letter 'ñ' in caps.", operation: "upper", key: 241) [< 1 ms]
  Failed CnetControlPlane.Tests.LearningCaseRequestSyntaxTests.RequestConstituentsComposeWithoutChangingOriginalInput(text: "Could you kindly lowercase character  'É'.", operation: "lower", key: 201) [< 1 ms]
  Error Message:
   TASK_CONSTITUENT_RED Could you kindly lowercase character  'É'.: abstain
  Stack Trace:
     at CnetControlPlane.Tests.LearningCaseRequestSyntaxTests.RequestConstituentsComposeWithoutChangingOriginalInput(String text, String operation, Byte key) in /home/marble/AI/CNET-worktrees/herdr-language-20260909/dotnet/CnetControlPlane.Tests/LearningCaseRequestSyntaxTests.cs:line 58
   at InvokeStub_LearningCaseRequestSyntaxTests.RequestConstituentsComposeWithoutChangingOriginalInput(Object, Span`1)
   at System.Reflection.MethodBaseInvoker.InvokeWithFewArgs(Object obj, BindingFlags invokeAttr, Binder binder, Object[] parameters, CultureInfo culture)
  Passed CnetControlPlane.Tests.LearningCaseRequestSyntaxTests.RequestConstituentsComposeWithoutChangingOriginalInput(text: "Please, lowercase the character  'É'.", operation: "lower", key: 201) [< 1 ms]
  Passed CnetControlPlane.Tests.LearningCaseRequestSyntaxTests.RequestConstituentsComposeWithoutChangingOriginalInput(text: "lowercase the single quoted character  'É'.", operation: "lower", key: 201) [< 1 ms]
  Passed CnetControlPlane.Tests.LearningCaseRequestSyntaxTests.RequestConstituentsComposeWithoutChangingOriginalInput(text: "Could you kindly render the single quoted characte"···, operation: "lower", key: 192) [< 1 ms]
  Passed CnetControlPlane.Tests.LearningCaseRequestSyntaxTests.RequestConstituentsComposeWithoutChangingOriginalInput(text: "Could you kindly convert the single quoted charact"···, operation: "upper", key: 246) [< 1 ms]
[xUnit.net 00:00:01.05]     CnetControlPlane.Tests.LearningCaseRequestSyntaxTests.RequestConstituentsComposeWithoutChangingOriginalInput(text: "Please, lowercase character  'É'.", operation: "lower", key: 201) [FAIL]
[xUnit.net 00:00:01.05]       TASK_CONSTITUENT_RED Please, lowercase character  'É'.: abstain
[xUnit.net 00:00:01.05]       Stack Trace:
[xUnit.net 00:00:01.05]         /home/marble/AI/CNET-worktrees/herdr-language-20260909/dotnet/CnetControlPlane.Tests/LearningCaseRequestSyntaxTests.cs(58,0): at CnetControlPlane.Tests.LearningCaseRequestSyntaxTests.RequestConstituentsComposeWithoutChangingOriginalInput(String text, String operation, Byte key)
[xUnit.net 00:00:01.05]            at InvokeStub_LearningCaseRequestSyntaxTests.RequestConstituentsComposeWithoutChangingOriginalInput(Object, Span`1)
[xUnit.net 00:00:01.05]            at System.Reflection.MethodBaseInvoker.InvokeWithFewArgs(Object obj, BindingFlags invokeAttr, Binder binder, Object[] parameters, CultureInfo culture)
  Passed CnetControlPlane.Tests.LearningCaseRequestSyntaxTests.RequestConstituentsComposeWithoutChangingOriginalInput(text: "Would you please write character 'ñ' in caps!", operation: "upper", key: 241) [< 1 ms]
  Passed CnetControlPlane.Tests.LearningCaseRequestSyntaxTests.RequestConstituentsComposeWithoutChangingOriginalInput(text: "Please, render letter 'À' in lowercase.", operation: "lower", key: 192) [< 1 ms]
  Passed CnetControlPlane.Tests.LearningCaseRequestSyntaxTests.RequestConstituentsComposeWithoutChangingOriginalInput(text: "Please, convert 'ö' to uppercase.", operation: "upper", key: 246) [< 1 ms]
  Passed CnetControlPlane.Tests.LearningCaseRequestSyntaxTests.RequestConstituentsComposeWithoutChangingOriginalInput(text: "Would you please write letter 'ñ' in caps!", operation: "upper", key: 241) [< 1 ms]
  Passed CnetControlPlane.Tests.LearningCaseRequestSyntaxTests.RequestConstituentsComposeWithoutChangingOriginalInput(text: "Could you kindly convert letter 'ö' to uppercase?", operation: "upper", key: 246) [< 1 ms]
  Failed CnetControlPlane.Tests.LearningCaseRequestSyntaxTests.RequestConstituentsComposeWithoutChangingOriginalInput(text: "Please, lowercase character  'É'.", operation: "lower", key: 201) [< 1 ms]
  Error Message:
   TASK_CONSTITUENT_RED Please, lowercase character  'É'.: abstain
  Stack Trace:
     at CnetControlPlane.Tests.LearningCaseRequestSyntaxTests.RequestConstituentsComposeWithoutChangingOriginalInput(String text, String operation, Byte key) in /home/marble/AI/CNET-worktrees/herdr-language-20260909/dotnet/CnetControlPlane.Tests/LearningCaseRequestSyntaxTests.cs:line 58
   at InvokeStub_LearningCaseRequestSyntaxTests.RequestConstituentsComposeWithoutChangingOriginalInput(Object, Span`1)
   at System.Reflection.MethodBaseInvoker.InvokeWithFewArgs(Object obj, BindingFlags invokeAttr, Binder binder, Object[] parameters, CultureInfo culture)
  Passed CnetControlPlane.Tests.LearningCaseRequestSyntaxTests.RequestConstituentsComposeWithoutChangingOriginalInput(text: "Please, write character 'ñ' in caps.", operation: "upper", key: 241) [< 1 ms]
  Passed CnetControlPlane.Tests.LearningCaseRequestSyntaxTests.RequestConstituentsComposeWithoutChangingOriginalInput(text: "convert the character 'ö' to uppercase!", operation: "upper", key: 246) [< 1 ms]
  Passed CnetControlPlane.Tests.LearningCaseRequestSyntaxTests.RequestConstituentsComposeWithoutChangingOriginalInput(text: "Could you kindly lowercase the single quoted chara"···, operation: "lower", key: 201) [< 1 ms]
[xUnit.net 00:00:01.05]     CnetControlPlane.Tests.LearningCaseRequestSyntaxTests.RequestConstituentsComposeWithoutChangingOriginalInput(text: "Could you kindly uppercase letter  'µ'.", operation: "upper", key: 181) [FAIL]
[xUnit.net 00:00:01.05]       TASK_CONSTITUENT_RED Could you kindly uppercase letter  'µ'.: abstain
[xUnit.net 00:00:01.05]       Stack Trace:
[xUnit.net 00:00:01.05]         /home/marble/AI/CNET-worktrees/herdr-language-20260909/dotnet/CnetControlPlane.Tests/LearningCaseRequestSyntaxTests.cs(58,0): at CnetControlPlane.Tests.LearningCaseRequestSyntaxTests.RequestConstituentsComposeWithoutChangingOriginalInput(String text, String operation, Byte key)
[xUnit.net 00:00:01.05]            at InvokeStub_LearningCaseRequestSyntaxTests.RequestConstituentsComposeWithoutChangingOriginalInput(Object, Span`1)
[xUnit.net 00:00:01.05]            at System.Reflection.MethodBaseInvoker.InvokeWithFewArgs(Object obj, BindingFlags invokeAttr, Binder binder, Object[] parameters, CultureInfo culture)
  Passed CnetControlPlane.Tests.LearningCaseRequestSyntaxTests.RequestConstituentsComposeWithoutChangingOriginalInput(text: "Would you please render the single quoted characte"···, operation: "lower", key: 192) [< 1 ms]
  Failed CnetControlPlane.Tests.LearningCaseRequestSyntaxTests.RequestConstituentsComposeWithoutChangingOriginalInput(text: "Could you kindly uppercase letter  'µ'.", operation: "upper", key: 181) [< 1 ms]
  Error Message:
   TASK_CONSTITUENT_RED Could you kindly uppercase letter  'µ'.: abstain
  Stack Trace:
     at CnetControlPlane.Tests.LearningCaseRequestSyntaxTests.RequestConstituentsComposeWithoutChangingOriginalInput(String text, String operation, Byte key) in /home/marble/AI/CNET-worktrees/herdr-language-20260909/dotnet/CnetControlPlane.Tests/LearningCaseRequestSyntaxTests.cs:line 58
   at InvokeStub_LearningCaseRequestSyntaxTests.RequestConstituentsComposeWithoutChangingOriginalInput(Object, Span`1)
   at System.Reflection.MethodBaseInvoker.InvokeWithFewArgs(Object obj, BindingFlags invokeAttr, Binder binder, Object[] parameters, CultureInfo culture)
  Passed CnetControlPlane.Tests.LearningCaseRequestSyntaxTests.RequestConstituentsComposeWithoutChangingOriginalInput(text: "Would you please lowercase  'É'?", operation: "lower", key: 201) [< 1 ms]
  Passed CnetControlPlane.Tests.LearningCaseRequestSyntaxTests.RequestConstituentsComposeWithoutChangingOriginalInput(text: "Would you please lowercase  'É'.", operation: "lower", key: 201) [< 1 ms]
  Passed CnetControlPlane.Tests.LearningCaseRequestSyntaxTests.RequestConstituentsComposeWithoutChangingOriginalInput(text: "uppercase the single quoted character  'µ'.", operation: "upper", key: 181) [< 1 ms]
  Passed CnetControlPlane.Tests.LearningCaseRequestSyntaxTests.RequestConstituentsComposeWithoutChangingOriginalInput(text: "Could you kindly convert letter 'ö' to uppercase.", operation: "upper", key: 246) [< 1 ms]
  Passed CnetControlPlane.Tests.LearningCaseRequestSyntaxTests.RequestConstituentsComposeWithoutChangingOriginalInput(text: "Please, render 'À' in lowercase!", operation: "lower", key: 192) [< 1 ms]
  Passed CnetControlPlane.Tests.LearningCaseRequestSyntaxTests.RequestConstituentsComposeWithoutChangingOriginalInput(text: "Please, lowercase the single quoted character  'É'"···, operation: "lower", key: 201) [< 1 ms]
  Passed CnetControlPlane.Tests.LearningCaseRequestSyntaxTests.RequestConstituentsComposeWithoutChangingOriginalInput(text: "Could you kindly render character 'À' in lowercase"···, operation: "lower", key: 192) [< 1 ms]
[xUnit.net 00:00:01.05]     CnetControlPlane.Tests.LearningCaseRequestSyntaxTests.RequestConstituentsComposeWithoutChangingOriginalInput(text: "Would you please lowercase character  'É'!", operation: "lower", key: 201) [FAIL]
[xUnit.net 00:00:01.05]       TASK_CONSTITUENT_RED Would you please lowercase character  'É'!: abstain
[xUnit.net 00:00:01.05]       Stack Trace:
[xUnit.net 00:00:01.05]         /home/marble/AI/CNET-worktrees/herdr-language-20260909/dotnet/CnetControlPlane.Tests/LearningCaseRequestSyntaxTests.cs(58,0): at CnetControlPlane.Tests.LearningCaseRequestSyntaxTests.RequestConstituentsComposeWithoutChangingOriginalInput(String text, String operation, Byte key)
[xUnit.net 00:00:01.05]            at InvokeStub_LearningCaseRequestSyntaxTests.RequestConstituentsComposeWithoutChangingOriginalInput(Object, Span`1)
[xUnit.net 00:00:01.05]            at System.Reflection.MethodBaseInvoker.InvokeWithFewArgs(Object obj, BindingFlags invokeAttr, Binder binder, Object[] parameters, CultureInfo culture)
  Passed CnetControlPlane.Tests.LearningCaseRequestSyntaxTests.RequestConstituentsComposeWithoutChangingOriginalInput(text: "convert 'ö' to uppercase!", operation: "upper", key: 246) [< 1 ms]
  Passed CnetControlPlane.Tests.LearningCaseRequestSyntaxTests.RequestConstituentsComposeWithoutChangingOriginalInput(text: "Would you please lowercase letter  'É'.", operation: "lower", key: 201) [< 1 ms]
  Passed CnetControlPlane.Tests.LearningCaseRequestSyntaxTests.RequestConstituentsComposeWithoutChangingOriginalInput(text: "Please, convert the single quoted character 'ö' to"···, operation: "upper", key: 246) [< 1 ms]
  Failed CnetControlPlane.Tests.LearningCaseRequestSyntaxTests.RequestConstituentsComposeWithoutChangingOriginalInput(text: "Would you please lowercase character  'É'!", operation: "lower", key: 201) [< 1 ms]
  Error Message:
   TASK_CONSTITUENT_RED Would you please lowercase character  'É'!: abstain
  Stack Trace:
     at CnetControlPlane.Tests.LearningCaseRequestSyntaxTests.RequestConstituentsComposeWithoutChangingOriginalInput(String text, String operation, Byte key) in /home/marble/AI/CNET-worktrees/herdr-language-20260909/dotnet/CnetControlPlane.Tests/LearningCaseRequestSyntaxTests.cs:line 58
   at InvokeStub_LearningCaseRequestSyntaxTests.RequestConstituentsComposeWithoutChangingOriginalInput(Object, Span`1)
   at System.Reflection.MethodBaseInvoker.InvokeWithFewArgs(Object obj, BindingFlags invokeAttr, Binder binder, Object[] parameters, CultureInfo culture)
  Passed CnetControlPlane.Tests.LearningCaseRequestSyntaxTests.RequestConstituentsComposeWithoutChangingOriginalInput(text: "Would you please uppercase character  'µ'.", operation: "upper", key: 181) [< 1 ms]
  Passed CnetControlPlane.Tests.LearningCaseRequestSyntaxTests.RequestConstituentsComposeWithoutChangingOriginalInput(text: "write letter 'ñ' in caps!", operation: "upper", key: 241) [< 1 ms]
  Passed CnetControlPlane.Tests.LearningCaseRequestSyntaxTests.RequestConstituentsComposeWithoutChangingOriginalInput(text: "Could you kindly write letter 'ñ' in caps!", operation: "upper", key: 241) [< 1 ms]
  Passed CnetControlPlane.Tests.LearningCaseRequestSyntaxTests.RequestConstituentsComposeWithoutChangingOriginalInput(text: "Would you please render 'À' in lowercase.", operation: "lower", key: 192) [< 1 ms]
  Passed CnetControlPlane.Tests.LearningCaseRequestSyntaxTests.RequestConstituentsComposeWithoutChangingOriginalInput(text: "Would you please convert 'ö' to uppercase.", operation: "upper", key: 246) [< 1 ms]
[xUnit.net 00:00:01.05]     CnetControlPlane.Tests.LearningCaseRequestSyntaxTests.RequestConstituentsComposeWithoutChangingOriginalInput(text: "Could you kindly lowercase character  'É'!", operation: "lower", key: 201) [FAIL]
[xUnit.net 00:00:01.05]       TASK_CONSTITUENT_RED Could you kindly lowercase character  'É'!: abstain
[xUnit.net 00:00:01.05]       Stack Trace:
[xUnit.net 00:00:01.05]         /home/marble/AI/CNET-worktrees/herdr-language-20260909/dotnet/CnetControlPlane.Tests/LearningCaseRequestSyntaxTests.cs(58,0): at CnetControlPlane.Tests.LearningCaseRequestSyntaxTests.RequestConstituentsComposeWithoutChangingOriginalInput(String text, String operation, Byte key)
[xUnit.net 00:00:01.05]            at InvokeStub_LearningCaseRequestSyntaxTests.RequestConstituentsComposeWithoutChangingOriginalInput(Object, Span`1)
[xUnit.net 00:00:01.05]            at System.Reflection.MethodBaseInvoker.InvokeWithFewArgs(Object obj, BindingFlags invokeAttr, Binder binder, Object[] parameters, CultureInfo culture)
  Failed CnetControlPlane.Tests.LearningCaseRequestSyntaxTests.RequestConstituentsComposeWithoutChangingOriginalInput(text: "Could you kindly lowercase character  'É'!", operation: "lower", key: 201) [< 1 ms]
  Error Message:
   TASK_CONSTITUENT_RED Could you kindly lowercase character  'É'!: abstain
  Stack Trace:
     at CnetControlPlane.Tests.LearningCaseRequestSyntaxTests.RequestConstituentsComposeWithoutChangingOriginalInput(String text, String operation, Byte key) in /home/marble/AI/CNET-worktrees/herdr-language-20260909/dotnet/CnetControlPlane.Tests/LearningCaseRequestSyntaxTests.cs:line 58
   at InvokeStub_LearningCaseRequestSyntaxTests.RequestConstituentsComposeWithoutChangingOriginalInput(Object, Span`1)
   at System.Reflection.MethodBaseInvoker.InvokeWithFewArgs(Object obj, BindingFlags invokeAttr, Binder binder, Object[] parameters, CultureInfo culture)
  Passed CnetControlPlane.Tests.LearningCaseRequestSyntaxTests.RequestConstituentsComposeWithoutChangingOriginalInput(text: "Please, uppercase  'µ'?", operation: "upper", key: 181) [< 1 ms]
  Passed CnetControlPlane.Tests.LearningCaseRequestSyntaxTests.RequestConstituentsComposeWithoutChangingOriginalInput(text: "Would you please uppercase character  'µ'?", operation: "upper", key: 181) [< 1 ms]
  Passed CnetControlPlane.Tests.LearningCaseRequestSyntaxTests.RequestConstituentsComposeWithoutChangingOriginalInput(text: "Could you kindly uppercase  'µ'?", operation: "upper", key: 181) [< 1 ms]
  Passed CnetControlPlane.Tests.LearningCaseRequestSyntaxTests.RequestConstituentsComposeWithoutChangingOriginalInput(text: "Would you please lowercase the character  'É'?", operation: "lower", key: 201) [< 1 ms]
  Passed CnetControlPlane.Tests.LearningCaseRequestSyntaxTests.RequestConstituentsComposeWithoutChangingOriginalInput(text: "Please, convert letter 'ö' to uppercase!", operation: "upper", key: 246) [< 1 ms]
  Passed CnetControlPlane.Tests.LearningCaseRequestSyntaxTests.RequestConstituentsComposeWithoutChangingOriginalInput(text: "Could you kindly render letter 'À' in lowercase?", operation: "lower", key: 192) [< 1 ms]
  Passed CnetControlPlane.Tests.LearningCaseRequestSyntaxTests.RequestConstituentsComposeWithoutChangingOriginalInput(text: "Please, render the character 'À' in lowercase?", operation: "lower", key: 192) [< 1 ms]
  Passed CnetControlPlane.Tests.LearningCaseRequestSyntaxTests.RequestConstituentsComposeWithoutChangingOriginalInput(text: "render letter 'À' in lowercase!", operation: "lower", key: 192) [< 1 ms]
  Passed CnetControlPlane.Tests.LearningCaseRequestSyntaxTests.RequestConstituentsComposeWithoutChangingOriginalInput(text: "Would you please lowercase the single quoted chara"···, operation: "lower", key: 201) [< 1 ms]
  Passed CnetControlPlane.Tests.LearningCaseRequestSyntaxTests.RequestConstituentsComposeWithoutChangingOriginalInput(text: "Please, uppercase the single quoted character  'µ'"···, operation: "upper", key: 181) [< 1 ms]
  Passed CnetControlPlane.Tests.LearningCaseRequestSyntaxTests.RequestConstituentsComposeWithoutChangingOriginalInput(text: "write the single quoted character 'ñ' in caps!", operation: "upper", key: 241) [< 1 ms]
  Passed CnetControlPlane.Tests.LearningCaseRequestSyntaxTests.RequestConstituentsComposeWithoutChangingOriginalInput(text: "Could you kindly write character 'ñ' in caps.", operation: "upper", key: 241) [< 1 ms]
  Passed CnetControlPlane.Tests.LearningCaseRequestSyntaxTests.RequestConstituentsComposeWithoutChangingOriginalInput(text: "Could you kindly uppercase the single quoted chara"···, operation: "upper", key: 181) [< 1 ms]
  Passed CnetControlPlane.Tests.LearningCaseRequestSyntaxTests.RequestConstituentsComposeWithoutChangingOriginalInput(text: "render the character 'À' in lowercase.", operation: "lower", key: 192) [< 1 ms]
  Passed CnetControlPlane.Tests.LearningCaseRequestSyntaxTests.RequestConstituentsComposeWithoutChangingOriginalInput(text: "Could you kindly convert character 'ö' to uppercas"···, operation: "upper", key: 246) [< 1 ms]
  Passed CnetControlPlane.Tests.LearningCaseRequestSyntaxTests.RequestConstituentsComposeWithoutChangingOriginalInput(text: "Please, convert the character 'ö' to uppercase?", operation: "upper", key: 246) [< 1 ms]
  Passed CnetControlPlane.Tests.LearningCaseRequestSyntaxTests.RequestConstituentsComposeWithoutChangingOriginalInput(text: "uppercase  'µ'.", operation: "upper", key: 181) [< 1 ms]
[xUnit.net 00:00:01.05]     CnetControlPlane.Tests.LearningCaseRequestSyntaxTests.RequestConstituentsComposeWithoutChangingOriginalInput(text: "Could you kindly uppercase character  'µ'!", operation: "upper", key: 181) [FAIL]
[xUnit.net 00:00:01.05]       TASK_CONSTITUENT_RED Could you kindly uppercase character  'µ'!: abstain
[xUnit.net 00:00:01.05]       Stack Trace:
[xUnit.net 00:00:01.05]         /home/marble/AI/CNET-worktrees/herdr-language-20260909/dotnet/CnetControlPlane.Tests/LearningCaseRequestSyntaxTests.cs(58,0): at CnetControlPlane.Tests.LearningCaseRequestSyntaxTests.RequestConstituentsComposeWithoutChangingOriginalInput(String text, String operation, Byte key)
[xUnit.net 00:00:01.05]            at InvokeStub_LearningCaseRequestSyntaxTests.RequestConstituentsComposeWithoutChangingOriginalInput(Object, Span`1)
[xUnit.net 00:00:01.05]            at System.Reflection.MethodBaseInvoker.InvokeWithFewArgs(Object obj, BindingFlags invokeAttr, Binder binder, Object[] parameters, CultureInfo culture)
[xUnit.net 00:00:01.05]     CnetControlPlane.Tests.LearningCaseRequestSyntaxTests.RequestConstituentsComposeWithoutChangingOriginalInput(text: "Please, lowercase character  'É'?", operation: "lower", key: 201) [FAIL]
[xUnit.net 00:00:01.05]       TASK_CONSTITUENT_RED Please, lowercase character  'É'?: abstain
[xUnit.net 00:00:01.05]       Stack Trace:
[xUnit.net 00:00:01.05]         /home/marble/AI/CNET-worktrees/herdr-language-20260909/dotnet/CnetControlPlane.Tests/LearningCaseRequestSyntaxTests.cs(58,0): at CnetControlPlane.Tests.LearningCaseRequestSyntaxTests.RequestConstituentsComposeWithoutChangingOriginalInput(String text, String operation, Byte key)
[xUnit.net 00:00:01.05]            at InvokeStub_LearningCaseRequestSyntaxTests.RequestConstituentsComposeWithoutChangingOriginalInput(Object, Span`1)
[xUnit.net 00:00:01.05]            at System.Reflection.MethodBaseInvoker.InvokeWithFewArgs(Object obj, BindingFlags invokeAttr, Binder binder, Object[] parameters, CultureInfo culture)
  Failed CnetControlPlane.Tests.LearningCaseRequestSyntaxTests.RequestConstituentsComposeWithoutChangingOriginalInput(text: "Could you kindly uppercase character  'µ'!", operation: "upper", key: 181) [< 1 ms]
  Error Message:
   TASK_CONSTITUENT_RED Could you kindly uppercase character  'µ'!: abstain
  Stack Trace:
     at CnetControlPlane.Tests.LearningCaseRequestSyntaxTests.RequestConstituentsComposeWithoutChangingOriginalInput(String text, String operation, Byte key) in /home/marble/AI/CNET-worktrees/herdr-language-20260909/dotnet/CnetControlPlane.Tests/LearningCaseRequestSyntaxTests.cs:line 58
   at InvokeStub_LearningCaseRequestSyntaxTests.RequestConstituentsComposeWithoutChangingOriginalInput(Object, Span`1)
   at System.Reflection.MethodBaseInvoker.InvokeWithFewArgs(Object obj, BindingFlags invokeAttr, Binder binder, Object[] parameters, CultureInfo culture)
  Passed CnetControlPlane.Tests.LearningCaseRequestSyntaxTests.RequestConstituentsComposeWithoutChangingOriginalInput(text: "lowercase letter  'É'?", operation: "lower", key: 201) [< 1 ms]
  Passed CnetControlPlane.Tests.LearningCaseRequestSyntaxTests.RequestConstituentsComposeWithoutChangingOriginalInput(text: "uppercase the character  'µ'?", operation: "upper", key: 181) [< 1 ms]
  Passed CnetControlPlane.Tests.LearningCaseRequestSyntaxTests.RequestConstituentsComposeWithoutChangingOriginalInput(text: "Could you kindly lowercase  'É'!", operation: "lower", key: 201) [< 1 ms]
  Failed CnetControlPlane.Tests.LearningCaseRequestSyntaxTests.RequestConstituentsComposeWithoutChangingOriginalInput(text: "Please, lowercase character  'É'?", operation: "lower", key: 201) [< 1 ms]
  Error Message:
   TASK_CONSTITUENT_RED Please, lowercase character  'É'?: abstain
  Stack Trace:
     at CnetControlPlane.Tests.LearningCaseRequestSyntaxTests.RequestConstituentsComposeWithoutChangingOriginalInput(String text, String operation, Byte key) in /home/marble/AI/CNET-worktrees/herdr-language-20260909/dotnet/CnetControlPlane.Tests/LearningCaseRequestSyntaxTests.cs:line 58
   at InvokeStub_LearningCaseRequestSyntaxTests.RequestConstituentsComposeWithoutChangingOriginalInput(Object, Span`1)
   at System.Reflection.MethodBaseInvoker.InvokeWithFewArgs(Object obj, BindingFlags invokeAttr, Binder binder, Object[] parameters, CultureInfo culture)
  Passed CnetControlPlane.Tests.LearningCaseRequestSyntaxTests.RequestConstituentsComposeWithoutChangingOriginalInput(text: "render 'À' in lowercase.", operation: "lower", key: 192) [< 1 ms]
  Passed CnetControlPlane.Tests.LearningCaseRequestSyntaxTests.RequestConstituentsComposeWithoutChangingOriginalInput(text: "Please, render character 'À' in lowercase.", operation: "lower", key: 192) [< 1 ms]
  Passed CnetControlPlane.Tests.LearningCaseRequestSyntaxTests.RequestConstituentsComposeWithoutChangingOriginalInput(text: "Could you kindly lowercase the single quoted chara"···, operation: "lower", key: 201) [< 1 ms]
  Passed CnetControlPlane.Tests.LearningCaseRequestSyntaxTests.RequestConstituentsComposeWithoutChangingOriginalInput(text: "Would you please render letter 'À' in lowercase?", operation: "lower", key: 192) [< 1 ms]
[xUnit.net 00:00:01.05]     CnetControlPlane.Tests.LearningCaseRequestSyntaxTests.RequestConstituentsComposeWithoutChangingOriginalInput(text: "Please, uppercase letter  'µ'!", operation: "upper", key: 181) [FAIL]
[xUnit.net 00:00:01.05]       TASK_CONSTITUENT_RED Please, uppercase letter  'µ'!: abstain
[xUnit.net 00:00:01.05]       Stack Trace:
[xUnit.net 00:00:01.05]         /home/marble/AI/CNET-worktrees/herdr-language-20260909/dotnet/CnetControlPlane.Tests/LearningCaseRequestSyntaxTests.cs(58,0): at CnetControlPlane.Tests.LearningCaseRequestSyntaxTests.RequestConstituentsComposeWithoutChangingOriginalInput(String text, String operation, Byte key)
[xUnit.net 00:00:01.05]            at InvokeStub_LearningCaseRequestSyntaxTests.RequestConstituentsComposeWithoutChangingOriginalInput(Object, Span`1)
[xUnit.net 00:00:01.05]            at System.Reflection.MethodBaseInvoker.InvokeWithFewArgs(Object obj, BindingFlags invokeAttr, Binder binder, Object[] parameters, CultureInfo culture)
  Passed CnetControlPlane.Tests.LearningCaseRequestSyntaxTests.RequestConstituentsComposeWithoutChangingOriginalInput(text: "Please, write the character 'ñ' in caps?", operation: "upper", key: 241) [< 1 ms]
  Failed CnetControlPlane.Tests.LearningCaseRequestSyntaxTests.RequestConstituentsComposeWithoutChangingOriginalInput(text: "Please, uppercase letter  'µ'!", operation: "upper", key: 181) [< 1 ms]
  Error Message:
   TASK_CONSTITUENT_RED Please, uppercase letter  'µ'!: abstain
  Stack Trace:
     at CnetControlPlane.Tests.LearningCaseRequestSyntaxTests.RequestConstituentsComposeWithoutChangingOriginalInput(String text, String operation, Byte key) in /home/marble/AI/CNET-worktrees/herdr-language-20260909/dotnet/CnetControlPlane.Tests/LearningCaseRequestSyntaxTests.cs:line 58
   at InvokeStub_LearningCaseRequestSyntaxTests.RequestConstituentsComposeWithoutChangingOriginalInput(Object, Span`1)
   at System.Reflection.MethodBaseInvoker.InvokeWithFewArgs(Object obj, BindingFlags invokeAttr, Binder binder, Object[] parameters, CultureInfo culture)
  Passed CnetControlPlane.Tests.LearningCaseRequestSyntaxTests.RequestConstituentsComposeWithoutChangingOriginalInput(text: "Could you kindly write the single quoted character"···, operation: "upper", key: 241) [< 1 ms]
  Passed CnetControlPlane.Tests.LearningCaseRequestSyntaxTests.RequestConstituentsComposeWithoutChangingOriginalInput(text: "Please, write the character 'ñ' in caps.", operation: "upper", key: 241) [< 1 ms]
  Passed CnetControlPlane.Tests.LearningCaseRequestSyntaxTests.RequestConstituentsComposeWithoutChangingOriginalInput(text: "uppercase the character  'µ'.", operation: "upper", key: 181) [< 1 ms]
  Passed CnetControlPlane.Tests.LearningCaseRequestSyntaxTests.RequestConstituentsComposeWithoutChangingOriginalInput(text: "convert the character 'ö' to uppercase?", operation: "upper", key: 246) [< 1 ms]
  Passed CnetControlPlane.Tests.LearningCaseRequestSyntaxTests.RequestConstituentsComposeWithoutChangingOriginalInput(text: "Could you kindly convert 'ö' to uppercase.", operation: "upper", key: 246) [< 1 ms]
  Passed CnetControlPlane.Tests.LearningCaseRequestSyntaxTests.RequestConstituentsComposeWithoutChangingOriginalInput(text: "Please, uppercase  'µ'!", operation: "upper", key: 181) [< 1 ms]
  Passed CnetControlPlane.Tests.LearningCaseRequestSyntaxTests.RequestConstituentsComposeWithoutChangingOriginalInput(text: "Could you kindly write 'ñ' in caps!", operation: "upper", key: 241) [< 1 ms]
[xUnit.net 00:00:01.06]     CnetControlPlane.Tests.LearningCaseRequestSyntaxTests.RequestConstituentsComposeWithoutChangingOriginalInput(text: "Could you kindly lowercase letter  'É'!", operation: "lower", key: 201) [FAIL]
[xUnit.net 00:00:01.06]       TASK_CONSTITUENT_RED Could you kindly lowercase letter  'É'!: abstain
[xUnit.net 00:00:01.06]       Stack Trace:
[xUnit.net 00:00:01.06]         /home/marble/AI/CNET-worktrees/herdr-language-20260909/dotnet/CnetControlPlane.Tests/LearningCaseRequestSyntaxTests.cs(58,0): at CnetControlPlane.Tests.LearningCaseRequestSyntaxTests.RequestConstituentsComposeWithoutChangingOriginalInput(String text, String operation, Byte key)
[xUnit.net 00:00:01.06]            at InvokeStub_LearningCaseRequestSyntaxTests.RequestConstituentsComposeWithoutChangingOriginalInput(Object, Span`1)
[xUnit.net 00:00:01.06]            at System.Reflection.MethodBaseInvoker.InvokeWithFewArgs(Object obj, BindingFlags invokeAttr, Binder binder, Object[] parameters, CultureInfo culture)
  Passed CnetControlPlane.Tests.LearningCaseRequestSyntaxTests.RequestConstituentsComposeWithoutChangingOriginalInput(text: "Would you please lowercase the character  'É'!", operation: "lower", key: 201) [< 1 ms]
  Passed CnetControlPlane.Tests.LearningCaseRequestSyntaxTests.RequestConstituentsComposeWithoutChangingOriginalInput(text: "Would you please render the character 'À' in lower"···, operation: "lower", key: 192) [< 1 ms]
  Failed CnetControlPlane.Tests.LearningCaseRequestSyntaxTests.RequestConstituentsComposeWithoutChangingOriginalInput(text: "Could you kindly lowercase letter  'É'!", operation: "lower", key: 201) [< 1 ms]
  Error Message:
   TASK_CONSTITUENT_RED Could you kindly lowercase letter  'É'!: abstain
  Stack Trace:
     at CnetControlPlane.Tests.LearningCaseRequestSyntaxTests.RequestConstituentsComposeWithoutChangingOriginalInput(String text, String operation, Byte key) in /home/marble/AI/CNET-worktrees/herdr-language-20260909/dotnet/CnetControlPlane.Tests/LearningCaseRequestSyntaxTests.cs:line 58
   at InvokeStub_LearningCaseRequestSyntaxTests.RequestConstituentsComposeWithoutChangingOriginalInput(Object, Span`1)
   at System.Reflection.MethodBaseInvoker.InvokeWithFewArgs(Object obj, BindingFlags invokeAttr, Binder binder, Object[] parameters, CultureInfo culture)
  Passed CnetControlPlane.Tests.LearningCaseRequestSyntaxTests.RequestConstituentsComposeWithoutChangingOriginalInput(text: "uppercase the single quoted character  'µ'?", operation: "upper", key: 181) [< 1 ms]
  Passed CnetControlPlane.Tests.LearningCaseRequestSyntaxTests.RequestConstituentsComposeWithoutChangingOriginalInput(text: "Please, uppercase the character  'µ'?", operation: "upper", key: 181) [< 1 ms]
  Passed CnetControlPlane.Tests.LearningCaseRequestSyntaxTests.RequestConstituentsComposeWithoutChangingOriginalInput(text: "convert letter 'ö' to uppercase.", operation: "upper", key: 246) [< 1 ms]
  Passed CnetControlPlane.Tests.LearningCaseRequestSyntaxTests.RequestConstituentsComposeWithoutChangingOriginalInput(text: "Could you kindly convert character 'ö' to uppercas"···, operation: "upper", key: 246) [< 1 ms]
  Passed CnetControlPlane.Tests.LearningCaseRequestSyntaxTests.RequestConstituentsComposeWithoutChangingOriginalInput(text: "Could you kindly render 'À' in lowercase.", operation: "lower", key: 192) [< 1 ms]
  Passed CnetControlPlane.Tests.LearningCaseRequestSyntaxTests.RequestConstituentsComposeWithoutChangingOriginalInput(text: "render the single quoted character 'À' in lowercas"···, operation: "lower", key: 192) [< 1 ms]
  Passed CnetControlPlane.Tests.LearningCaseRequestSyntaxTests.RequestConstituentsComposeWithoutChangingOriginalInput(text: "convert character 'ö' to uppercase?", operation: "upper", key: 246) [< 1 ms]
  Passed CnetControlPlane.Tests.LearningCaseRequestSyntaxTests.RequestConstituentsComposeWithoutChangingOriginalInput(text: "Would you please write 'ñ' in caps?", operation: "upper", key: 241) [< 1 ms]
  Passed CnetControlPlane.Tests.LearningCaseRequestSyntaxTests.RequestConstituentsComposeWithoutChangingOriginalInput(text: "Could you kindly convert 'ö' to uppercase?", operation: "upper", key: 246) [< 1 ms]
  Passed CnetControlPlane.Tests.LearningCaseRequestSyntaxTests.RequestConstituentsComposeWithoutChangingOriginalInput(text: "write the character 'ñ' in caps!", operation: "upper", key: 241) [< 1 ms]
  Passed CnetControlPlane.Tests.LearningCaseRequestSyntaxTests.RequestConstituentsComposeWithoutChangingOriginalInput(text: "Would you please uppercase the single quoted chara"···, operation: "upper", key: 181) [< 1 ms]
  Passed CnetControlPlane.Tests.LearningCaseRequestSyntaxTests.RequestConstituentsComposeWithoutChangingOriginalInput(text: "Could you kindly uppercase  'µ'!", operation: "upper", key: 181) [< 1 ms]
  Passed CnetControlPlane.Tests.LearningCaseRequestSyntaxTests.RequestConstituentsComposeWithoutChangingOriginalInput(text: "Would you please convert the single quoted charact"···, operation: "upper", key: 246) [< 1 ms]
  Passed CnetControlPlane.Tests.LearningCaseRequestSyntaxTests.RequestConstituentsComposeWithoutChangingOriginalInput(text: "Could you kindly write the single quoted character"···, operation: "upper", key: 241) [< 1 ms]
  Passed CnetControlPlane.Tests.LearningCaseRequestSyntaxTests.RequestConstituentsComposeWithoutChangingOriginalInput(text: "Would you please convert the character 'ö' to uppe"···, operation: "upper", key: 246) [< 1 ms]
  Passed CnetControlPlane.Tests.LearningCaseRequestSyntaxTests.RequestConstituentsComposeWithoutChangingOriginalInput(text: "lowercase  'É'?", operation: "lower", key: 201) [< 1 ms]
  Passed CnetControlPlane.Tests.LearningCaseRequestSyntaxTests.RequestConstituentsComposeWithoutChangingOriginalInput(text: "Would you please convert letter 'ö' to uppercase?", operation: "upper", key: 246) [< 1 ms]
  Passed CnetControlPlane.Tests.LearningCaseRequestSyntaxTests.RequestConstituentsComposeWithoutChangingOriginalInput(text: "Would you please render the character 'À' in lower"···, operation: "lower", key: 192) [< 1 ms]
  Passed CnetControlPlane.Tests.LearningCaseRequestSyntaxTests.NominalCompatibilityRequestsAreNotClaimedAsUnaryOperands(noun: "character") [< 1 ms]
  Passed CnetControlPlane.Tests.LearningCaseRequestSyntaxTests.NominalCompatibilityRequestsAreNotClaimedAsUnaryOperands(noun: "case conversion") [< 1 ms]
  Passed CnetControlPlane.Tests.LearningCaseRequestSyntaxTests.NominalCompatibilityRequestsAreNotClaimedAsUnaryOperands(noun: "equivalent") [< 1 ms]
  Passed CnetControlPlane.Tests.LearningCaseRequestSyntaxTests.NominalCompatibilityRequestsAreNotClaimedAsUnaryOperands(noun: "rendition") [< 1 ms]
  Passed CnetControlPlane.Tests.LearningCaseRequestSyntaxTests.NominalCompatibilityRequestsAreNotClaimedAsUnaryOperands(noun: "casing") [< 1 ms]
  Passed CnetControlPlane.Tests.LearningCaseRequestSyntaxTests.NominalCompatibilityRequestsAreNotClaimedAsUnaryOperands(noun: "lettering") [< 1 ms]
[xUnit.net 00:00:01.06]     CnetControlPlane.Tests.LearningCaseRequestSyntaxTests.GrammarSpacingAndPunctuationDoNotNormalizeLiteralData(text: "uppercase character: 'a'", key: 97) [FAIL]
[xUnit.net 00:00:01.06]       TASK_CONSTITUENT_RED uppercase character: 'a': abstain
[xUnit.net 00:00:01.06]       Stack Trace:
[xUnit.net 00:00:01.06]         /home/marble/AI/CNET-worktrees/herdr-language-20260909/dotnet/CnetControlPlane.Tests/LearningCaseRequestSyntaxTests.cs(126,0): at CnetControlPlane.Tests.LearningCaseRequestSyntaxTests.GrammarSpacingAndPunctuationDoNotNormalizeLiteralData(String text, Byte key)
[xUnit.net 00:00:01.06]            at InvokeStub_LearningCaseRequestSyntaxTests.GrammarSpacingAndPunctuationDoNotNormalizeLiteralData(Object, Span`1)
[xUnit.net 00:00:01.06]            at System.Reflection.MethodBaseInvoker.InvokeWithFewArgs(Object obj, BindingFlags invokeAttr, Binder binder, Object[] parameters, CultureInfo culture)
  Passed CnetControlPlane.Tests.LearningCaseRequestSyntaxTests.NominalCompatibilityRequestsAreNotClaimedAsUnaryOperands(noun: "counterpart") [< 1 ms]
  Passed CnetControlPlane.Tests.LearningCaseRequestSyntaxTests.NominalCompatibilityRequestsAreNotClaimedAsUnaryOperands(noun: "result") [< 1 ms]
  Passed CnetControlPlane.Tests.LearningCaseRequestSyntaxTests.NominalCompatibilityRequestsAreNotClaimedAsUnaryOperands(noun: "letter") [< 1 ms]
  Passed CnetControlPlane.Tests.LearningCaseRequestSyntaxTests.GrammarSpacingAndPunctuationDoNotNormalizeLiteralData(text: "Could you kindly write '!' in caps!", key: 33) [< 1 ms]
  Passed CnetControlPlane.Tests.LearningCaseRequestSyntaxTests.GrammarSpacingAndPunctuationDoNotNormalizeLiteralData(text: "Could you kindly write '.' in caps!", key: 46) [< 1 ms]
  Failed CnetControlPlane.Tests.LearningCaseRequestSyntaxTests.GrammarSpacingAndPunctuationDoNotNormalizeLiteralData(text: "uppercase character: 'a'", key: 97) [< 1 ms]
  Error Message:
   TASK_CONSTITUENT_RED uppercase character: 'a': abstain
  Stack Trace:
     at CnetControlPlane.Tests.LearningCaseRequestSyntaxTests.GrammarSpacingAndPunctuationDoNotNormalizeLiteralData(String text, Byte key) in /home/marble/AI/CNET-worktrees/herdr-language-20260909/dotnet/CnetControlPlane.Tests/LearningCaseRequestSyntaxTests.cs:line 126
   at InvokeStub_LearningCaseRequestSyntaxTests.GrammarSpacingAndPunctuationDoNotNormalizeLiteralData(Object, Span`1)
   at System.Reflection.MethodBaseInvoker.InvokeWithFewArgs(Object obj, BindingFlags invokeAttr, Binder binder, Object[] parameters, CultureInfo culture)
  Passed CnetControlPlane.Tests.LearningCaseRequestSyntaxTests.GrammarSpacingAndPunctuationDoNotNormalizeLiteralData(text: "Could you kindly write ''' in caps!", key: 39) [< 1 ms]
  Passed CnetControlPlane.Tests.LearningCaseRequestSyntaxTests.GrammarSpacingAndPunctuationDoNotNormalizeLiteralData(text: "Please, uppercase 0x00B5!", key: 181) [< 1 ms]
  Passed CnetControlPlane.Tests.LearningCaseRequestSyntaxTests.GrammarSpacingAndPunctuationDoNotNormalizeLiteralData(text: "Please, uppercase code  point   181!", key: 181) [< 1 ms]
  Passed CnetControlPlane.Tests.LearningCaseRequestSyntaxTests.GrammarSpacingAndPunctuationDoNotNormalizeLiteralData(text: "Could you kindly write ' ' in caps!", key: 32) [< 1 ms]
  Passed CnetControlPlane.Tests.LearningCaseRequestSyntaxTests.ClaimedRequestsCannotDiscardUnknownActionsOrAcquireAuthority(text: "Please, uppercase my name!", status: "abstain") [< 1 ms]
  Passed CnetControlPlane.Tests.LearningCaseRequestSyntaxTests.ClaimedRequestsCannotDiscardUnknownActionsOrAcquireAuthority(text: "display 'A' as small", status: "abstain") [< 1 ms]
  Passed CnetControlPlane.Tests.LearningCaseRequestSyntaxTests.ClaimedRequestsCannotDiscardUnknownActionsOrAcquireAuthority(text: "What is the capital letter of mu?", status: "clarify") [< 1 ms]
  Passed CnetControlPlane.Tests.LearningCaseRequestSyntaxTests.ClaimedRequestsCannotDiscardUnknownActionsOrAcquireAuthority(text: "Could you kindly render the single quoted characte"···, status: "clarify") [< 1 ms]
  Passed CnetControlPlane.Tests.LearningCaseRequestSyntaxTests.ClaimedRequestsCannotDiscardUnknownActionsOrAcquireAuthority(text: "Please show 'a' to be uppercase.", status: "abstain") [1 ms]
  Passed CnetControlPlane.Tests.LearningCaseRequestSyntaxTests.ClaimedRequestsCannotDiscardUnknownActionsOrAcquireAuthority(text: "Please write 81 in caps.", status: "clarify") [< 1 ms]
  Passed CnetControlPlane.Tests.LearningCaseRequestSyntaxTests.ClaimedRequestsCannotDiscardUnknownActionsOrAcquireAuthority(text: "What is the capital of France?", status: "abstain") [< 1 ms]
  Passed CnetControlPlane.Tests.LearningCaseRequestSyntaxTests.ClaimedRequestsCannotDiscardUnknownActionsOrAcquireAuthority(text: "Please write the uppercase of France.", status: "clarify") [< 1 ms]
[xUnit.net 00:00:01.06]     CnetControlPlane.Tests.LearningCaseRequestSyntaxTests.ClaimedRequestsCannotDiscardUnknownActionsOrAcquireAuthority(text: "What is the capital of the character mu?", status: "clarify") [FAIL]
[xUnit.net 00:00:01.06]       TASK_CONSTITUENT_RED What is the capital of the character mu?: abstain, expected clarify
[xUnit.net 00:00:01.06]       Stack Trace:
[xUnit.net 00:00:01.06]         /home/marble/AI/CNET-worktrees/herdr-language-20260909/dotnet/CnetControlPlane.Tests/LearningCaseRequestSyntaxTests.cs(92,0): at CnetControlPlane.Tests.LearningCaseRequestSyntaxTests.ClaimedRequestsCannotDiscardUnknownActionsOrAcquireAuthority(String text, String status)
[xUnit.net 00:00:01.06]            at InvokeStub_LearningCaseRequestSyntaxTests.ClaimedRequestsCannotDiscardUnknownActionsOrAcquireAuthority(Object, Span`1)
[xUnit.net 00:00:01.06]            at System.Reflection.MethodBaseInvoker.InvokeWithFewArgs(Object obj, BindingFlags invokeAttr, Binder binder, Object[] parameters, CultureInfo culture)
[xUnit.net 00:00:01.06]     CnetControlPlane.Tests.LearningCaseRequestSyntaxTests.ClaimedRequestsCannotDiscardUnknownActionsOrAcquireAuthority(text: "What is the capital of the letter sigma?", status: "clarify") [FAIL]
[xUnit.net 00:00:01.06]       TASK_CONSTITUENT_RED What is the capital of the letter sigma?: abstain, expected clarify
[xUnit.net 00:00:01.06]       Stack Trace:
[xUnit.net 00:00:01.06]         /home/marble/AI/CNET-worktrees/herdr-language-20260909/dotnet/CnetControlPlane.Tests/LearningCaseRequestSyntaxTests.cs(92,0): at CnetControlPlane.Tests.LearningCaseRequestSyntaxTests.ClaimedRequestsCannotDiscardUnknownActionsOrAcquireAuthority(String text, String status)
[xUnit.net 00:00:01.06]            at InvokeStub_LearningCaseRequestSyntaxTests.ClaimedRequestsCannotDiscardUnknownActionsOrAcquireAuthority(Object, Span`1)
[xUnit.net 00:00:01.06]            at System.Reflection.MethodBaseInvoker.InvokeWithFewArgs(Object obj, BindingFlags invokeAttr, Binder binder, Object[] parameters, CultureInfo culture)
  Passed CnetControlPlane.Tests.LearningCaseRequestSyntaxTests.ClaimedRequestsCannotDiscardUnknownActionsOrAcquireAuthority(text: "Could you kindly not render 'É' in lowercase?", status: "abstain") [< 1 ms]
  Passed CnetControlPlane.Tests.LearningCaseRequestSyntaxTests.ClaimedRequestsCannotDiscardUnknownActionsOrAcquireAuthority(text: "Please write 'ñ' in caps and email it.", status: "abstain") [< 1 ms]
  Failed CnetControlPlane.Tests.LearningCaseRequestSyntaxTests.ClaimedRequestsCannotDiscardUnknownActionsOrAcquireAuthority(text: "What is the capital of the character mu?", status: "clarify") [< 1 ms]
  Error Message:
   TASK_CONSTITUENT_RED What is the capital of the character mu?: abstain, expected clarify
  Stack Trace:
     at CnetControlPlane.Tests.LearningCaseRequestSyntaxTests.ClaimedRequestsCannotDiscardUnknownActionsOrAcquireAuthority(String text, String status) in /home/marble/AI/CNET-worktrees/herdr-language-20260909/dotnet/CnetControlPlane.Tests/LearningCaseRequestSyntaxTests.cs:line 92
   at InvokeStub_LearningCaseRequestSyntaxTests.ClaimedRequestsCannotDiscardUnknownActionsOrAcquireAuthority(Object, Span`1)
   at System.Reflection.MethodBaseInvoker.InvokeWithFewArgs(Object obj, BindingFlags invokeAttr, Binder binder, Object[] parameters, CultureInfo culture)
  Failed CnetControlPlane.Tests.LearningCaseRequestSyntaxTests.ClaimedRequestsCannotDiscardUnknownActionsOrAcquireAuthority(text: "What is the capital of the letter sigma?", status: "clarify") [< 1 ms]
  Error Message:
   TASK_CONSTITUENT_RED What is the capital of the letter sigma?: abstain, expected clarify
  Stack Trace:
     at CnetControlPlane.Tests.LearningCaseRequestSyntaxTests.ClaimedRequestsCannotDiscardUnknownActionsOrAcquireAuthority(String text, String status) in /home/marble/AI/CNET-worktrees/herdr-language-20260909/dotnet/CnetControlPlane.Tests/LearningCaseRequestSyntaxTests.cs:line 92
   at InvokeStub_LearningCaseRequestSyntaxTests.ClaimedRequestsCannotDiscardUnknownActionsOrAcquireAuthority(Object, Span`1)
   at System.Reflection.MethodBaseInvoker.InvokeWithFewArgs(Object obj, BindingFlags invokeAttr, Binder binder, Object[] parameters, CultureInfo culture)
  Passed CnetControlPlane.Tests.LearningCaseRequestSyntaxTests.ClaimedRequestsCannotDiscardUnknownActionsOrAcquireAuthority(text: "Could you kindly uppercase 'a' or 'b'!", status: "clarify") [< 1 ms]
  Passed CnetControlPlane.Tests.LearningCaseRequestSyntaxTests.ClaimedRequestsCannotDiscardUnknownActionsOrAcquireAuthority(text: "What is the uppercase of mu?", status: "clarify") [< 1 ms]
  Passed CnetControlPlane.Tests.LearningCaseRequestSyntaxTests.ClaimedRequestsCannotDiscardUnknownActionsOrAcquireAuthority(text: "Could you kindly render 'É' in lowercase, then ema"···, status: "abstain") [< 1 ms]
  Passed CnetControlPlane.Tests.LearningCaseRequestSyntaxTests.ClaimedRequestsCannotDiscardUnknownActionsOrAcquireAuthority(text: "change 'A' to small", status: "abstain") [< 1 ms]
  Passed CnetControlPlane.Tests.LearningCaseRequestSyntaxTests.ClaimedRequestsCannotDiscardUnknownActionsOrAcquireAuthority(text: "render 'A' as small", status: "abstain") [< 1 ms]
[xUnit.net 00:00:01.06]   Finished:    CnetControlPlane.Tests
  Passed CnetControlPlane.Tests.LearningCaseRequestSyntaxTests.ClaimedRequestsCannotDiscardUnknownActionsOrAcquireAuthority(text: "Please give 'a' the uppercase.", status: "abstain") [< 1 ms]
  Passed CnetControlPlane.Tests.LearningCaseRequestSyntaxTests.ClaimedRequestsCannotDiscardUnknownActionsOrAcquireAuthority(text: "Please write 'ab' in caps.", status: "abstain") [< 1 ms]
  Passed CnetControlPlane.Tests.LearningCaseRequestSyntaxTests.ClaimedRequestsCannotDiscardUnknownActionsOrAcquireAuthority(text: "What is the lowercase of sigma?", status: "clarify") [< 1 ms]
  Passed CnetControlPlane.Tests.LearningCaseRequestSyntaxTests.ClaimedRequestsCannotDiscardUnknownActionsOrAcquireAuthority(text: "Please write 'μ' in caps.", status: "abstain") [< 1 ms]
  Passed CnetControlPlane.Tests.LearningCaseRequestSyntaxTests.ClaimedRequestsCannotDiscardUnknownActionsOrAcquireAuthority(text: "Please write 'a' in caps and caps.", status: "abstain") [< 1 ms]
  Passed CnetControlPlane.Tests.LearningCaseRequestSyntaxTests.ClaimedRequestsCannotDiscardUnknownActionsOrAcquireAuthority(text: "Could you kindly render 'É' in lowercase in Turkis"···, status: "abstain") [< 1 ms]
  Passed CnetControlPlane.Tests.LearningCaseRequestSyntaxTests.ClaimedRequestsCannotDiscardUnknownActionsOrAcquireAuthority(text: "Please, uppercase U+000A!", status: "abstain") [< 1 ms]
  Passed CnetControlPlane.Tests.LearningCaseRequestSyntaxTests.BoundsApplyBeforeTrimmingAndEveryAdditionalActionRemainsUntrusted [< 1 ms]
  Passed CnetControlPlane.Tests.LearningCaseRequestSyntaxTests.EveryLatin1LiteralRetainsItsByteAndControlsRemainRefused [33 ms]

Test Run Failed.
Total tests: 342
     Passed: 307
     Failed: 35
 Total time: 1.2999 Seconds
