"Kind","Agent_Id","Queue_Id","Stream_Id","Thread_Id","Dispatch_Id","Kernel_Id","Kernel_Name","Correlation_Id","Start_Timestamp","End_Timestamp","LDS_Block_Size","Scratch_Size","VGPR_Count","Accum_VGPR_Count","SGPR_Count","Workgroup_Size_X","Workgroup_Size_Y","Workgroup_Size_Z","Grid_Size_X","Grid_Size_Y","Grid_Size_Z"
"KERNEL_DISPATCH","Agent 1",1,0,4160312,1,2,"__amd_rocclr_fillBufferAligned",38,698479916193512,698479916198392,0,0,16,0,128,256,1,1,256,1,1
"KERNEL_DISPATCH","Agent 1",1,0,4160312,2,5,"__amd_rocclr_copyBuffer",40,698479916254473,698479916257513,0,0,16,0,128,512,1,1,512,1,1
"KERNEL_DISPATCH","Agent 1",1,0,4160312,3,23,"join_input(float const*, Scratch*, int, int)",43,698479916864762,698479916867482,0,0,8,0,128,256,1,1,26880,1,1
"KERNEL_DISPATCH","Agent 1",1,0,4160312,4,33,"k_linear_f32(float const*, float const*, float*, int, int, int, int)",48,698479917409730,698479917424811,0,0,16,0,128,16,16,1,64,128,1
"KERNEL_DISPATCH","Agent 1",1,0,4160312,5,22,"activation(float*, int, int*)",52,698479917429811,698479917431771,0,0,8,0,128,256,1,1,8192,1,1
"KERNEL_DISPATCH","Agent 1",1,0,4160312,6,23,"join_input(float const*, Scratch*, int, int)",56,698479917435931,698479917437331,0,0,8,0,128,256,1,1,26880,1,1
"KERNEL_DISPATCH","Agent 1",1,0,4160312,7,33,"k_linear_f32(float const*, float const*, float*, int, int, int, int)",61,698479917440731,698479917454731,0,0,16,0,128,16,16,1,64,128,1
"KERNEL_DISPATCH","Agent 1",1,0,4160312,8,22,"activation(float*, int, int*)",65,698479917458011,698479917459131,0,0,8,0,128,256,1,1,8192,1,1
"KERNEL_DISPATCH","Agent 1",1,0,4160312,9,23,"join_input(float const*, Scratch*, int, int)",69,698479917462691,698479917463931,0,0,8,0,128,256,1,1,26880,1,1
"KERNEL_DISPATCH","Agent 1",1,0,4160312,10,33,"k_linear_f32(float const*, float const*, float*, int, int, int, int)",74,698479917467691,698479917481811,0,0,16,0,128,16,16,1,64,128,1
"KERNEL_DISPATCH","Agent 1",1,0,4160312,11,22,"activation(float*, int, int*)",78,698479917485171,698479917486492,0,0,8,0,128,256,1,1,8192,1,1
"KERNEL_DISPATCH","Agent 1",1,0,4160312,12,23,"join_input(float const*, Scratch*, int, int)",82,698479917490252,698479917491652,0,0,8,0,128,256,1,1,26880,1,1
"KERNEL_DISPATCH","Agent 1",1,0,4160312,13,33,"k_linear_f32(float const*, float const*, float*, int, int, int, int)",87,698479917495132,698479917509132,0,0,16,0,128,16,16,1,64,128,1
"KERNEL_DISPATCH","Agent 1",1,0,4160312,14,22,"activation(float*, int, int*)",91,698479917512452,698479917513612,0,0,8,0,128,256,1,1,8192,1,1
"KERNEL_DISPATCH","Agent 1",1,0,4160312,15,21,"final_input(Scratch*, int, int)",95,698479917517892,698479917518972,0,0,8,0,128,256,1,1,8448,1,1
"KERNEL_DISPATCH","Agent 1",1,0,4160312,16,33,"k_linear_f32(float const*, float const*, float*, int, int, int, int)",100,698479917522452,698479917527172,0,0,16,0,128,16,16,1,16,128,1
"KERNEL_DISPATCH","Agent 1",1,0,4160312,17,20,"softmax(Scratch*, float const*, float*, int, int*)",104,698479917531132,698479917543132,0,0,48,0,128,128,1,1,128,1,1
"KERNEL_DISPATCH","Agent 1",1,0,4160312,18,19,"transpose_weights(Net const*, Scratch*, int, int)",108,698479917547012,698479917548372,0,0,8,0,128,256,1,1,1024,1,1
"KERNEL_DISPATCH","Agent 1",1,0,4160312,19,33,"k_linear_f32(float const*, float const*, float*, int, int, int, int)",113,698479917551652,698479917553733,0,0,16,0,128,16,16,1,64,128,1
"KERNEL_DISPATCH","Agent 1",1,0,4160312,20,18,"derivative(Scratch*, int, int, int*)",117,698479917557973,698479917559173,0,0,8,0,128,256,1,1,8192,1,1
"KERNEL_DISPATCH","Agent 1",1,0,4160312,21,19,"transpose_weights(Net const*, Scratch*, int, int)",121,698479917562493,698479917564013,0,0,8,0,128,256,1,1,4096,1,1
"KERNEL_DISPATCH","Agent 1",1,0,4160312,22,33,"k_linear_f32(float const*, float const*, float*, int, int, int, int)",126,698479917567213,698479917570493,0,0,16,0,128,16,16,1,64,128,1
"KERNEL_DISPATCH","Agent 1",1,0,4160312,23,18,"derivative(Scratch*, int, int, int*)",130,698479917573853,698479917574973,0,0,8,0,128,256,1,1,8192,1,1
"KERNEL_DISPATCH","Agent 1",1,0,4160312,24,19,"transpose_weights(Net const*, Scratch*, int, int)",134,698479917578333,698479917579613,0,0,8,0,128,256,1,1,4096,1,1
"KERNEL_DISPATCH","Agent 1",1,0,4160312,25,33,"k_linear_f32(float const*, float const*, float*, int, int, int, int)",139,698479917582933,698479917586453,0,0,16,0,128,16,16,1,64,128,1
"KERNEL_DISPATCH","Agent 1",1,0,4160312,26,18,"derivative(Scratch*, int, int, int*)",143,698479917589693,698479917591293,0,0,8,0,128,256,1,1,8192,1,1
"KERNEL_DISPATCH","Agent 1",1,0,4160312,27,19,"transpose_weights(Net const*, Scratch*, int, int)",147,698479917594493,698479917595733,0,0,8,0,128,256,1,1,4096,1,1
"KERNEL_DISPATCH","Agent 1",1,0,4160312,28,33,"k_linear_f32(float const*, float const*, float*, int, int, int, int)",152,698479917599173,698479917602373,0,0,16,0,128,16,16,1,64,128,1
"KERNEL_DISPATCH","Agent 1",1,0,4160312,29,18,"derivative(Scratch*, int, int, int*)",156,698479917605653,698479917606853,0,0,8,0,128,256,1,1,8192,1,1
"KERNEL_DISPATCH","Agent 1",1,0,4160312,30,32,"k_sgd_f32(float*, float const*, float const*, int, int, int, int, float)",161,698479917610893,698479917630494,0,0,16,0,128,16,16,1,80,16,1
"KERNEL_DISPATCH","Agent 1",1,0,4160312,31,32,"k_sgd_f32(float*, float const*, float const*, int, int, int, int, float)",167,698479917660174,698479917734895,0,0,16,0,128,16,16,1,224,64,1
"KERNEL_DISPATCH","Agent 1",1,0,4160312,32,16,"check_weights(float const*, int, int*)",172,698479917767096,698479917769656,0,0,8,0,128,256,1,1,53504,1,1
"KERNEL_DISPATCH","Agent 1",1,0,4160312,33,16,"check_weights(float const*, int, int*)",176,698479917772936,698479917773976,0,0,8,0,128,256,1,1,1280,1,1
"KERNEL_DISPATCH","Agent 1",1,0,4160312,34,17,"reduce_loss(float*, int, int*)",180,698479917777976,698479917789936,0,0,16,0,128,1,1,1,1,1,1
"KERNEL_DISPATCH","Agent 1",1,0,4160312,35,5,"__amd_rocclr_copyBuffer",182,698479917793296,698479917796016,0,0,16,0,128,512,1,1,512,1,1
"KERNEL_DISPATCH","Agent 1",1,0,4160312,36,5,"__amd_rocclr_copyBuffer",183,698479917819496,698479917821497,0,0,16,0,128,512,1,1,512,1,1
"KERNEL_DISPATCH","Agent 1",1,0,4160312,37,2,"__amd_rocclr_fillBufferAligned",185,698479917852457,698479917854457,0,0,16,0,128,256,1,1,256,1,1
"KERNEL_DISPATCH","Agent 1",1,0,4160312,38,5,"__amd_rocclr_copyBuffer",187,698479917901058,698479917903498,0,0,16,0,128,512,1,1,512,1,1
"KERNEL_DISPATCH","Agent 1",1,0,4160312,39,23,"join_input(float const*, Scratch*, int, int)",190,698479917928138,698479917929458,0,0,8,0,128,256,1,1,26880,1,1
"KERNEL_DISPATCH","Agent 1",1,0,4160312,40,33,"k_linear_f32(float const*, float const*, float*, int, int, int, int)",195,698479917932778,698479917946658,0,0,16,0,128,16,16,1,64,128,1
"KERNEL_DISPATCH","Agent 1",1,0,4160312,41,22,"activation(float*, int, int*)",199,698479917950178,698479917951498,0,0,8,0,128,256,1,1,8192,1,1
"KERNEL_DISPATCH","Agent 1",1,0,4160312,42,23,"join_input(float const*, Scratch*, int, int)",203,698479917955299,698479917956539,0,0,8,0,128,256,1,1,26880,1,1
"KERNEL_DISPATCH","Agent 1",1,0,4160312,43,33,"k_linear_f32(float const*, float const*, float*, int, int, int, int)",208,698479917959979,698479917974259,0,0,16,0,128,16,16,1,64,128,1
"KERNEL_DISPATCH","Agent 1",1,0,4160312,44,22,"activation(float*, int, int*)",212,698479917978099,698479917979219,0,0,8,0,128,256,1,1,8192,1,1
"KERNEL_DISPATCH","Agent 1",1,0,4160312,45,23,"join_input(float const*, Scratch*, int, int)",216,698479917982739,698479917984099,0,0,8,0,128,256,1,1,26880,1,1
"KERNEL_DISPATCH","Agent 1",1,0,4160312,46,33,"k_linear_f32(float const*, float const*, float*, int, int, int, int)",221,698479917987459,698479918001459,0,0,16,0,128,16,16,1,64,128,1
"KERNEL_DISPATCH","Agent 1",1,0,4160312,47,22,"activation(float*, int, int*)",225,698479918005379,698479918006539,0,0,8,0,128,256,1,1,8192,1,1
"KERNEL_DISPATCH","Agent 1",1,0,4160312,48,23,"join_input(float const*, Scratch*, int, int)",229,698479918009939,698479918011139,0,0,8,0,128,256,1,1,26880,1,1
"KERNEL_DISPATCH","Agent 1",1,0,4160312,49,33,"k_linear_f32(float const*, float const*, float*, int, int, int, int)",234,698479918014499,698479918028420,0,0,16,0,128,16,16,1,64,128,1
"KERNEL_DISPATCH","Agent 1",1,0,4160312,50,22,"activation(float*, int, int*)",238,698479918032100,698479918033260,0,0,8,0,128,256,1,1,8192,1,1
"KERNEL_DISPATCH","Agent 1",1,0,4160312,51,21,"final_input(Scratch*, int, int)",242,698479918036700,698479918037900,0,0,8,0,128,256,1,1,8448,1,1
"KERNEL_DISPATCH","Agent 1",1,0,4160312,52,33,"k_linear_f32(float const*, float const*, float*, int, int, int, int)",247,698479918041220,698479918045300,0,0,16,0,128,16,16,1,16,128,1
"KERNEL_DISPATCH","Agent 1",1,0,4160312,53,20,"softmax(Scratch*, float const*, float*, int, int*)",251,698479918049220,698479918060460,0,0,48,0,128,128,1,1,128,1,1
"KERNEL_DISPATCH","Agent 1",1,0,4160312,54,19,"transpose_weights(Net const*, Scratch*, int, int)",255,698479918063940,698479918065100,0,0,8,0,128,256,1,1,1024,1,1
"KERNEL_DISPATCH","Agent 1",1,0,4160312,55,33,"k_linear_f32(float const*, float const*, float*, int, int, int, int)",260,698479918068380,698479918070140,0,0,16,0,128,16,16,1,64,128,1
"KERNEL_DISPATCH","Agent 1",1,0,4160312,56,18,"derivative(Scratch*, int, int, int*)",264,698479918073660,698479918074900,0,0,8,0,128,256,1,1,8192,1,1
"KERNEL_DISPATCH","Agent 1",1,0,4160312,57,19,"transpose_weights(Net const*, Scratch*, int, int)",268,698479918078340,698479918079860,0,0,8,0,128,256,1,1,4096,1,1
"KERNEL_DISPATCH","Agent 1",1,0,4160312,58,33,"k_linear_f32(float const*, float const*, float*, int, int, int, int)",273,698479918083340,698479918086540,0,0,16,0,128,16,16,1,64,128,1
"KERNEL_DISPATCH","Agent 1",1,0,4160312,59,18,"derivative(Scratch*, int, int, int*)",277,698479918089941,698479918091101,0,0,8,0,128,256,1,1,8192,1,1
"KERNEL_DISPATCH","Agent 1",1,0,4160312,60,19,"transpose_weights(Net const*, Scratch*, int, int)",281,698479918094741,698479918095981,0,0,8,0,128,256,1,1,4096,1,1
"KERNEL_DISPATCH","Agent 1",1,0,4160312,61,33,"k_linear_f32(float const*, float const*, float*, int, int, int, int)",286,698479918099581,698479918102781,0,0,16,0,128,16,16,1,64,128,1
"KERNEL_DISPATCH","Agent 1",1,0,4160312,62,18,"derivative(Scratch*, int, int, int*)",290,698479918106421,698479918107541,0,0,8,0,128,256,1,1,8192,1,1
"KERNEL_DISPATCH","Agent 1",1,0,4160312,63,19,"transpose_weights(Net const*, Scratch*, int, int)",294,698479918111101,698479918112381,0,0,8,0,128,256,1,1,4096,1,1
"KERNEL_DISPATCH","Agent 1",1,0,4160312,64,33,"k_linear_f32(float const*, float const*, float*, int, int, int, int)",299,698479918115621,698479918118821,0,0,16,0,128,16,16,1,64,128,1
"KERNEL_DISPATCH","Agent 1",1,0,4160312,65,18,"derivative(Scratch*, int, int, int*)",303,698479918122421,698479918123581,0,0,8,0,128,256,1,1,8192,1,1
"KERNEL_DISPATCH","Agent 1",1,0,4160312,66,32,"k_sgd_f32(float*, float const*, float const*, int, int, int, int, float)",308,698479918127061,698479918145821,0,0,16,0,128,16,16,1,80,16,1
"KERNEL_DISPATCH","Agent 1",1,0,4160312,67,32,"k_sgd_f32(float*, float const*, float const*, int, int, int, int, float)",314,698479918171062,698479918245863,0,0,16,0,128,16,16,1,224,64,1
"KERNEL_DISPATCH","Agent 1",1,0,4160312,68,16,"check_weights(float const*, int, int*)",319,698479918275783,698479918276983,0,0,8,0,128,256,1,1,53504,1,1
"KERNEL_DISPATCH","Agent 1",1,0,4160312,69,16,"check_weights(float const*, int, int*)",323,698479918280223,698479918281423,0,0,8,0,128,256,1,1,1280,1,1
"KERNEL_DISPATCH","Agent 1",1,0,4160312,70,17,"reduce_loss(float*, int, int*)",327,698479918284743,698479918289183,0,0,16,0,128,1,1,1,1,1,1
"KERNEL_DISPATCH","Agent 1",1,0,4160312,71,5,"__amd_rocclr_copyBuffer",329,698479918292464,698479918294544,0,0,16,0,128,512,1,1,512,1,1
"KERNEL_DISPATCH","Agent 1",1,0,4160312,72,5,"__amd_rocclr_copyBuffer",330,698479918317264,698479918319224,0,0,16,0,128,512,1,1,512,1,1
"KERNEL_DISPATCH","Agent 1",1,0,4160312,73,2,"__amd_rocclr_fillBufferAligned",332,698479918346224,698479918348624,0,0,16,0,128,256,1,1,256,1,1
"KERNEL_DISPATCH","Agent 1",1,0,4160312,74,5,"__amd_rocclr_copyBuffer",334,698479918387385,698479918389545,0,0,16,0,128,512,1,1,512,1,1
"KERNEL_DISPATCH","Agent 1",1,0,4160312,75,23,"join_input(float const*, Scratch*, int, int)",337,698479918411985,698479918413265,0,0,8,0,128,256,1,1,26880,1,1
"KERNEL_DISPATCH","Agent 1",1,0,4160312,76,33,"k_linear_f32(float const*, float const*, float*, int, int, int, int)",342,698479918416585,698479918430946,0,0,16,0,128,16,16,1,64,128,1
"KERNEL_DISPATCH","Agent 1",1,0,4160312,77,22,"activation(float*, int, int*)",346,698479918434666,698479918435906,0,0,8,0,128,256,1,1,8192,1,1
"KERNEL_DISPATCH","Agent 1",1,0,4160312,78,23,"join_input(float const*, Scratch*, int, int)",350,698479918439426,698479918440706,0,0,8,0,128,256,1,1,26880,1,1
"KERNEL_DISPATCH","Agent 1",1,0,4160312,79,33,"k_linear_f32(float const*, float const*, float*, int, int, int, int)",355,698479919273718,698479919287758,0,0,16,0,128,16,16,1,64,128,1
"KERNEL_DISPATCH","Agent 1",1,0,4160312,80,22,"activation(float*, int, int*)",359,698479919290998,698479919292198,0,0,8,0,128,256,1,1,8192,1,1
"KERNEL_DISPATCH","Agent 1",1,0,4160312,81,23,"join_input(float const*, Scratch*, int, int)",363,698479919295679,698479919297079,0,0,8,0,128,256,1,1,26880,1,1
"KERNEL_DISPATCH","Agent 1",1,0,4160312,82,33,"k_linear_f32(float const*, float const*, float*, int, int, int, int)",368,698479919300839,698479919314959,0,0,16,0,128,16,16,1,64,128,1
"KERNEL_DISPATCH","Agent 1",1,0,4160312,83,22,"activation(float*, int, int*)",372,698479919318319,698479919319519,0,0,8,0,128,256,1,1,8192,1,1
"KERNEL_DISPATCH","Agent 1",1,0,4160312,84,23,"join_input(float const*, Scratch*, int, int)",376,698479919322999,698479919324239,0,0,8,0,128,256,1,1,26880,1,1
"KERNEL_DISPATCH","Agent 1",1,0,4160312,85,33,"k_linear_f32(float const*, float const*, float*, int, int, int, int)",381,698479919328159,698479919342199,0,0,16,0,128,16,16,1,64,128,1
"KERNEL_DISPATCH","Agent 1",1,0,4160312,86,22,"activation(float*, int, int*)",385,698479919345559,698479919346719,0,0,8,0,128,256,1,1,8192,1,1
"KERNEL_DISPATCH","Agent 1",1,0,4160312,87,21,"final_input(Scratch*, int, int)",389,698479919350399,698479919351599,0,0,8,0,128,256,1,1,8448,1,1
"KERNEL_DISPATCH","Agent 1",1,0,4160312,88,33,"k_linear_f32(float const*, float const*, float*, int, int, int, int)",394,698479919355439,698479919359519,0,0,16,0,128,16,16,1,16,128,1
"KERNEL_DISPATCH","Agent 1",1,0,4160312,89,20,"softmax(Scratch*, float const*, float*, int, int*)",398,698479919362960,698479919374160,0,0,48,0,128,128,1,1,128,1,1
"KERNEL_DISPATCH","Agent 1",1,0,4160312,90,19,"transpose_weights(Net const*, Scratch*, int, int)",402,698479919377720,698479919379200,0,0,8,0,128,256,1,1,1024,1,1
"KERNEL_DISPATCH","Agent 1",1,0,4160312,91,33,"k_linear_f32(float const*, float const*, float*, int, int, int, int)",407,698479919382720,698479919384560,0,0,16,0,128,16,16,1,64,128,1
"KERNEL_DISPATCH","Agent 1",1,0,4160312,92,18,"derivative(Scratch*, int, int, int*)",411,698479919387960,698479919389400,0,0,8,0,128,256,1,1,8192,1,1
"KERNEL_DISPATCH","Agent 1",1,0,4160312,93,19,"transpose_weights(Net const*, Scratch*, int, int)",415,698479919392600,698479919394120,0,0,8,0,128,256,1,1,4096,1,1
"KERNEL_DISPATCH","Agent 1",1,0,4160312,94,33,"k_linear_f32(float const*, float const*, float*, int, int, int, int)",420,698479919397320,698479919400560,0,0,16,0,128,16,16,1,64,128,1
"KERNEL_DISPATCH","Agent 1",1,0,4160312,95,18,"derivative(Scratch*, int, int, int*)",424,698479919403920,698479919405240,0,0,8,0,128,256,1,1,8192,1,1
"KERNEL_DISPATCH","Agent 1",1,0,4160312,96,19,"transpose_weights(Net const*, Scratch*, int, int)",428,698479919408560,698479919409960,0,0,8,0,128,256,1,1,4096,1,1
"KERNEL_DISPATCH","Agent 1",1,0,4160312,97,33,"k_linear_f32(float const*, float const*, float*, int, int, int, int)",433,698479919413480,698479919416680,0,0,16,0,128,16,16,1,64,128,1
"KERNEL_DISPATCH","Agent 1",1,0,4160312,98,18,"derivative(Scratch*, int, int, int*)",437,698479919420480,698479919421640,0,0,8,0,128,256,1,1,8192,1,1
"KERNEL_DISPATCH","Agent 1",1,0,4160312,99,19,"transpose_weights(Net const*, Scratch*, int, int)",441,698479919425440,698479919426640,0,0,8,0,128,256,1,1,4096,1,1
"KERNEL_DISPATCH","Agent 1",1,0,4160312,100,33,"k_linear_f32(float const*, float const*, float*, int, int, int, int)",446,698479919429921,698479919433081,0,0,16,0,128,16,16,1,64,128,1
"KERNEL_DISPATCH","Agent 1",1,0,4160312,101,18,"derivative(Scratch*, int, int, int*)",450,698479919436681,698479919437841,0,0,8,0,128,256,1,1,8192,1,1
"KERNEL_DISPATCH","Agent 1",1,0,4160312,102,32,"k_sgd_f32(float*, float const*, float const*, int, int, int, int, float)",455,698479919441241,698479919459921,0,0,16,0,128,16,16,1,80,16,1
"KERNEL_DISPATCH","Agent 1",1,0,4160312,103,32,"k_sgd_f32(float*, float const*, float const*, int, int, int, int, float)",461,698479919485561,698479919560562,0,0,16,0,128,16,16,1,224,64,1
"KERNEL_DISPATCH","Agent 1",1,0,4160312,104,16,"check_weights(float const*, int, int*)",466,698479919590563,698479919592043,0,0,8,0,128,256,1,1,53504,1,1
"KERNEL_DISPATCH","Agent 1",1,0,4160312,105,16,"check_weights(float const*, int, int*)",470,698479919595243,698479919596243,0,0,8,0,128,256,1,1,1280,1,1
"KERNEL_DISPATCH","Agent 1",1,0,4160312,106,17,"reduce_loss(float*, int, int*)",474,698479919599803,698479919604363,0,0,16,0,128,1,1,1,1,1,1
"KERNEL_DISPATCH","Agent 1",1,0,4160312,107,5,"__amd_rocclr_copyBuffer",476,698479919608003,698479919609843,0,0,16,0,128,512,1,1,512,1,1
"KERNEL_DISPATCH","Agent 1",1,0,4160312,108,5,"__amd_rocclr_copyBuffer",477,698479919631724,698479919633604,0,0,16,0,128,512,1,1,512,1,1
"KERNEL_DISPATCH","Agent 1",1,0,4160312,109,2,"__amd_rocclr_fillBufferAligned",479,698479919660404,698479919662324,0,0,16,0,128,256,1,1,256,1,1
"KERNEL_DISPATCH","Agent 1",1,0,4160312,110,5,"__amd_rocclr_copyBuffer",481,698479919703045,698479919705245,0,0,16,0,128,512,1,1,512,1,1
"KERNEL_DISPATCH","Agent 1",1,0,4160312,111,23,"join_input(float const*, Scratch*, int, int)",484,698479919728805,698479919730085,0,0,8,0,128,256,1,1,26880,1,1
"KERNEL_DISPATCH","Agent 1",1,0,4160312,112,33,"k_linear_f32(float const*, float const*, float*, int, int, int, int)",489,698479919733645,698479919747565,0,0,16,0,128,16,16,1,64,128,1
"KERNEL_DISPATCH","Agent 1",1,0,4160312,113,22,"activation(float*, int, int*)",493,698479919750925,698479919752285,0,0,8,0,128,256,1,1,8192,1,1
"KERNEL_DISPATCH","Agent 1",1,0,4160312,114,23,"join_input(float const*, Scratch*, int, int)",497,698479919755925,698479919757125,0,0,8,0,128,256,1,1,26880,1,1
"KERNEL_DISPATCH","Agent 1",1,0,4160312,115,33,"k_linear_f32(float const*, float const*, float*, int, int, int, int)",502,698479919760885,698479919774846,0,0,16,0,128,16,16,1,64,128,1
"KERNEL_DISPATCH","Agent 1",1,0,4160312,116,22,"activation(float*, int, int*)",506,698479919778166,698479919779686,0,0,8,0,128,256,1,1,8192,1,1
"KERNEL_DISPATCH","Agent 1",1,0,4160312,117,23,"join_input(float const*, Scratch*, int, int)",510,698479919783526,698479919784846,0,0,8,0,128,256,1,1,26880,1,1
"KERNEL_DISPATCH","Agent 1",1,0,4160312,118,33,"k_linear_f32(float const*, float const*, float*, int, int, int, int)",515,698479919788366,698479919802406,0,0,16,0,128,16,16,1,64,128,1
"KERNEL_DISPATCH","Agent 1",1,0,4160312,119,22,"activation(float*, int, int*)",519,698479919805726,698479919806926,0,0,8,0,128,256,1,1,8192,1,1
"KERNEL_DISPATCH","Agent 1",1,0,4160312,120,23,"join_input(float const*, Scratch*, int, int)",523,698479919810286,698479919811606,0,0,8,0,128,256,1,1,26880,1,1
"KERNEL_DISPATCH","Agent 1",1,0,4160312,121,33,"k_linear_f32(float const*, float const*, float*, int, int, int, int)",528,698479919815086,698479919829206,0,0,16,0,128,16,16,1,64,128,1
"KERNEL_DISPATCH","Agent 1",1,0,4160312,122,22,"activation(float*, int, int*)",532,698479919832527,698479919834087,0,0,8,0,128,256,1,1,8192,1,1
"KERNEL_DISPATCH","Agent 1",1,0,4160312,123,21,"final_input(Scratch*, int, int)",536,698479919837847,698479919838927,0,0,8,0,128,256,1,1,8448,1,1
"KERNEL_DISPATCH","Agent 1",1,0,4160312,124,33,"k_linear_f32(float const*, float const*, float*, int, int, int, int)",541,698479919842447,698479919846567,0,0,16,0,128,16,16,1,16,128,1
"KERNEL_DISPATCH","Agent 1",1,0,4160312,125,20,"softmax(Scratch*, float const*, float*, int, int*)",545,698479919850167,698479919861367,0,0,48,0,128,128,1,1,128,1,1
"KERNEL_DISPATCH","Agent 1",1,0,4160312,126,19,"transpose_weights(Net const*, Scratch*, int, int)",549,698479919864767,698479919866087,0,0,8,0,128,256,1,1,1024,1,1
"KERNEL_DISPATCH","Agent 1",1,0,4160312,127,33,"k_linear_f32(float const*, float const*, float*, int, int, int, int)",554,698479919869607,698479919871287,0,0,16,0,128,16,16,1,64,128,1
"KERNEL_DISPATCH","Agent 1",1,0,4160312,128,18,"derivative(Scratch*, int, int, int*)",558,698479919874847,698479919875927,0,0,8,0,128,256,1,1,8192,1,1
"KERNEL_DISPATCH","Agent 1",1,0,4160312,129,19,"transpose_weights(Net const*, Scratch*, int, int)",562,698479919879247,698479919880727,0,0,8,0,128,256,1,1,4096,1,1
"KERNEL_DISPATCH","Agent 1",1,0,4160312,130,33,"k_linear_f32(float const*, float const*, float*, int, int, int, int)",567,698479919884087,698479919887327,0,0,16,0,128,16,16,1,64,128,1
"KERNEL_DISPATCH","Agent 1",1,0,4160312,131,18,"derivative(Scratch*, int, int, int*)",571,698479919890647,698479919891767,0,0,8,0,128,256,1,1,8192,1,1
"KERNEL_DISPATCH","Agent 1",1,0,4160312,132,19,"transpose_weights(Net const*, Scratch*, int, int)",575,698479919895087,698479919896487,0,0,8,0,128,256,1,1,4096,1,1
"KERNEL_DISPATCH","Agent 1",1,0,4160312,133,33,"k_linear_f32(float const*, float const*, float*, int, int, int, int)",580,698479919900168,698479919903328,0,0,16,0,128,16,16,1,64,128,1
"KERNEL_DISPATCH","Agent 1",1,0,4160312,134,18,"derivative(Scratch*, int, int, int*)",584,698479919906648,698479919907968,0,0,8,0,128,256,1,1,8192,1,1
"KERNEL_DISPATCH","Agent 1",1,0,4160312,135,19,"transpose_weights(Net const*, Scratch*, int, int)",588,698479919911368,698479919912608,0,0,8,0,128,256,1,1,4096,1,1
"KERNEL_DISPATCH","Agent 1",1,0,4160312,136,33,"k_linear_f32(float const*, float const*, float*, int, int, int, int)",593,698479919915888,698479919919168,0,0,16,0,128,16,16,1,64,128,1
"KERNEL_DISPATCH","Agent 1",1,0,4160312,137,18,"derivative(Scratch*, int, int, int*)",597,698479919922448,698479919923528,0,0,8,0,128,256,1,1,8192,1,1
"KERNEL_DISPATCH","Agent 1",1,0,4160312,138,32,"k_sgd_f32(float*, float const*, float const*, int, int, int, int, float)",602,698479919926888,698479919945848,0,0,16,0,128,16,16,1,80,16,1
"KERNEL_DISPATCH","Agent 1",1,0,4160312,139,32,"k_sgd_f32(float*, float const*, float const*, int, int, int, int, float)",608,698479919972474,698479920046155,0,0,16,0,128,16,16,1,224,64,1
"KERNEL_DISPATCH","Agent 1",1,0,4160312,140,16,"check_weights(float const*, int, int*)",613,698479920076955,698479920078155,0,0,8,0,128,256,1,1,53504,1,1
"KERNEL_DISPATCH","Agent 1",1,0,4160312,141,16,"check_weights(float const*, int, int*)",617,698479920081355,698479920082435,0,0,8,0,128,256,1,1,1280,1,1
"KERNEL_DISPATCH","Agent 1",1,0,4160312,142,17,"reduce_loss(float*, int, int*)",621,698479920085755,698479920090195,0,0,16,0,128,1,1,1,1,1,1
"KERNEL_DISPATCH","Agent 1",1,0,4160312,143,5,"__amd_rocclr_copyBuffer",623,698479920093475,698479920095316,0,0,16,0,128,512,1,1,512,1,1
"KERNEL_DISPATCH","Agent 1",1,0,4160312,144,5,"__amd_rocclr_copyBuffer",624,698479920117356,698479920119436,0,0,16,0,128,512,1,1,512,1,1
"KERNEL_DISPATCH","Agent 1",1,0,4160312,145,2,"__amd_rocclr_fillBufferAligned",626,698479920144037,698479920145957,0,0,16,0,128,256,1,1,256,1,1
"KERNEL_DISPATCH","Agent 1",1,0,4160312,146,5,"__amd_rocclr_copyBuffer",628,698479920183357,698479920185798,0,0,16,0,128,512,1,1,512,1,1
"KERNEL_DISPATCH","Agent 1",1,0,4160312,147,23,"join_input(float const*, Scratch*, int, int)",631,698479920210438,698479920211758,0,0,8,0,128,256,1,1,26880,1,1
"KERNEL_DISPATCH","Agent 1",1,0,4160312,148,33,"k_linear_f32(float const*, float const*, float*, int, int, int, int)",636,698479920215158,698479920229079,0,0,16,0,128,16,16,1,64,128,1
"KERNEL_DISPATCH","Agent 1",1,0,4160312,149,22,"activation(float*, int, int*)",640,698479920232679,698479920233919,0,0,8,0,128,256,1,1,8192,1,1
"KERNEL_DISPATCH","Agent 1",1,0,4160312,150,23,"join_input(float const*, Scratch*, int, int)",644,698479920237399,698479920238639,0,0,8,0,128,256,1,1,26880,1,1
"KERNEL_DISPATCH","Agent 1",1,0,4160312,151,33,"k_linear_f32(float const*, float const*, float*, int, int, int, int)",649,698479920241919,698479920256319,0,0,16,0,128,16,16,1,64,128,1
"KERNEL_DISPATCH","Agent 1",1,0,4160312,152,22,"activation(float*, int, int*)",653,698479920259919,698479920261159,0,0,8,0,128,256,1,1,8192,1,1
"KERNEL_DISPATCH","Agent 1",1,0,4160312,153,23,"join_input(float const*, Scratch*, int, int)",657,698479920264559,698479920265919,0,0,8,0,128,256,1,1,26880,1,1
"KERNEL_DISPATCH","Agent 1",1,0,4160312,154,33,"k_linear_f32(float const*, float const*, float*, int, int, int, int)",662,698479920269279,698479920283720,0,0,16,0,128,16,16,1,64,128,1
"KERNEL_DISPATCH","Agent 1",1,0,4160312,155,22,"activation(float*, int, int*)",666,698479920287000,698479920288200,0,0,8,0,128,256,1,1,8192,1,1
"KERNEL_DISPATCH","Agent 1",1,0,4160312,156,23,"join_input(float const*, Scratch*, int, int)",670,698479920291640,698479920293360,0,0,8,0,128,256,1,1,26880,1,1
"KERNEL_DISPATCH","Agent 1",1,0,4160312,157,33,"k_linear_f32(float const*, float const*, float*, int, int, int, int)",675,698479920296720,698479920310840,0,0,16,0,128,16,16,1,64,128,1
"KERNEL_DISPATCH","Agent 1",1,0,4160312,158,22,"activation(float*, int, int*)",679,698479920314400,698479920315600,0,0,8,0,128,256,1,1,8192,1,1
"KERNEL_DISPATCH","Agent 1",1,0,4160312,159,21,"final_input(Scratch*, int, int)",683,698479920319081,698479920320281,0,0,8,0,128,256,1,1,8448,1,1
"KERNEL_DISPATCH","Agent 1",1,0,4160312,160,33,"k_linear_f32(float const*, float const*, float*, int, int, int, int)",688,698479920323681,698479920327761,0,0,16,0,128,16,16,1,16,128,1
"KERNEL_DISPATCH","Agent 1",1,0,4160312,161,20,"softmax(Scratch*, float const*, float*, int, int*)",692,698479920331201,698479920342361,0,0,48,0,128,128,1,1,128,1,1
"KERNEL_DISPATCH","Agent 1",1,0,4160312,162,19,"transpose_weights(Net const*, Scratch*, int, int)",696,698479920347961,698479920349441,0,0,8,0,128,256,1,1,1024,1,1
"KERNEL_DISPATCH","Agent 1",1,0,4160312,163,33,"k_linear_f32(float const*, float const*, float*, int, int, int, int)",701,698479920353161,698479920354921,0,0,16,0,128,16,16,1,64,128,1
"KERNEL_DISPATCH","Agent 1",1,0,4160312,164,18,"derivative(Scratch*, int, int, int*)",705,698479920448443,698479920449563,0,0,8,0,128,256,1,1,8192,1,1
"KERNEL_DISPATCH","Agent 1",1,0,4160312,165,19,"transpose_weights(Net const*, Scratch*, int, int)",709,698479920453004,698479920454324,0,0,8,0,128,256,1,1,4096,1,1
"KERNEL_DISPATCH","Agent 1",1,0,4160312,166,33,"k_linear_f32(float const*, float const*, float*, int, int, int, int)",714,698479920458044,698479920461244,0,0,16,0,128,16,16,1,64,128,1
"KERNEL_DISPATCH","Agent 1",1,0,4160312,167,18,"derivative(Scratch*, int, int, int*)",718,698479920464764,698479920465884,0,0,8,0,128,256,1,1,8192,1,1
"KERNEL_DISPATCH","Agent 1",1,0,4160312,168,19,"transpose_weights(Net const*, Scratch*, int, int)",722,698479920469204,698479920470684,0,0,8,0,128,256,1,1,4096,1,1
"KERNEL_DISPATCH","Agent 1",1,0,4160312,169,33,"k_linear_f32(float const*, float const*, float*, int, int, int, int)",727,698479920474164,698479920487724,0,0,16,0,128,16,16,1,64,128,1
"KERNEL_DISPATCH","Agent 1",1,0,4160312,170,18,"derivative(Scratch*, int, int, int*)",731,698479920491204,698479920492364,0,0,8,0,128,256,1,1,8192,1,1
"KERNEL_DISPATCH","Agent 1",1,0,4160312,171,19,"transpose_weights(Net const*, Scratch*, int, int)",735,698479920495684,698479920497005,0,0,8,0,128,256,1,1,4096,1,1
"KERNEL_DISPATCH","Agent 1",1,0,4160312,172,33,"k_linear_f32(float const*, float const*, float*, int, int, int, int)",740,698479920500325,698479920504005,0,0,16,0,128,16,16,1,64,128,1
"KERNEL_DISPATCH","Agent 1",1,0,4160312,173,18,"derivative(Scratch*, int, int, int*)",744,698479920507325,698479920508765,0,0,8,0,128,256,1,1,8192,1,1
"KERNEL_DISPATCH","Agent 1",1,0,4160312,174,32,"k_sgd_f32(float*, float const*, float const*, int, int, int, int, float)",749,698479920512085,698479920530805,0,0,16,0,128,16,16,1,80,16,1
"KERNEL_DISPATCH","Agent 1",1,0,4160312,175,32,"k_sgd_f32(float*, float const*, float const*, int, int, int, int, float)",755,698479920569526,698479920643928,0,0,16,0,128,16,16,1,224,64,1
"KERNEL_DISPATCH","Agent 1",1,0,4160312,176,16,"check_weights(float const*, int, int*)",760,698479920672288,698479920673568,0,0,8,0,128,256,1,1,53504,1,1
"KERNEL_DISPATCH","Agent 1",1,0,4160312,177,16,"check_weights(float const*, int, int*)",764,698479920677209,698479920678329,0,0,8,0,128,256,1,1,1280,1,1
"KERNEL_DISPATCH","Agent 1",1,0,4160312,178,17,"reduce_loss(float*, int, int*)",768,698479920681769,698479920686249,0,0,16,0,128,1,1,1,1,1,1
"KERNEL_DISPATCH","Agent 1",1,0,4160312,179,5,"__amd_rocclr_copyBuffer",770,698479920689489,698479920691329,0,0,16,0,128,512,1,1,512,1,1
"KERNEL_DISPATCH","Agent 1",1,0,4160312,180,5,"__amd_rocclr_copyBuffer",771,698479920716329,698479920718289,0,0,16,0,128,512,1,1,512,1,1
"KERNEL_DISPATCH","Agent 1",1,0,4160312,181,2,"__amd_rocclr_fillBufferAligned",773,698479920743930,698479920745890,0,0,16,0,128,256,1,1,256,1,1
"KERNEL_DISPATCH","Agent 1",1,0,4160312,182,5,"__amd_rocclr_copyBuffer",775,698479920784131,698479920786611,0,0,16,0,128,512,1,1,512,1,1
"KERNEL_DISPATCH","Agent 1",1,0,4160312,183,23,"join_input(float const*, Scratch*, int, int)",778,698479920810652,698479920811972,0,0,8,0,128,256,1,1,26880,1,1
"KERNEL_DISPATCH","Agent 1",1,0,4160312,184,33,"k_linear_f32(float const*, float const*, float*, int, int, int, int)",783,698479920815372,698479920829332,0,0,16,0,128,16,16,1,64,128,1
"KERNEL_DISPATCH","Agent 1",1,0,4160312,185,22,"activation(float*, int, int*)",787,698479920833132,698479920834372,0,0,8,0,128,256,1,1,8192,1,1
"KERNEL_DISPATCH","Agent 1",1,0,4160312,186,23,"join_input(float const*, Scratch*, int, int)",791,698479920837772,698479920839372,0,0,8,0,128,256,1,1,26880,1,1
"KERNEL_DISPATCH","Agent 1",1,0,4160312,187,33,"k_linear_f32(float const*, float const*, float*, int, int, int, int)",796,698479920842732,698479920857053,0,0,16,0,128,16,16,1,64,128,1
"KERNEL_DISPATCH","Agent 1",1,0,4160312,188,22,"activation(float*, int, int*)",800,698479920860373,698479920861573,0,0,8,0,128,256,1,1,8192,1,1
"KERNEL_DISPATCH","Agent 1",1,0,4160312,189,23,"join_input(float const*, Scratch*, int, int)",804,698479920865133,698479920866413,0,0,8,0,128,256,1,1,26880,1,1
"KERNEL_DISPATCH","Agent 1",1,0,4160312,190,33,"k_linear_f32(float const*, float const*, float*, int, int, int, int)",809,698479920869773,698479920883853,0,0,16,0,128,16,16,1,64,128,1
"KERNEL_DISPATCH","Agent 1",1,0,4160312,191,22,"activation(float*, int, int*)",813,698479920887333,698479920888493,0,0,8,0,128,256,1,1,8192,1,1
"KERNEL_DISPATCH","Agent 1",1,0,4160312,192,23,"join_input(float const*, Scratch*, int, int)",817,698479920891973,698479920893253,0,0,8,0,128,256,1,1,26880,1,1
"KERNEL_DISPATCH","Agent 1",1,0,4160312,193,33,"k_linear_f32(float const*, float const*, float*, int, int, int, int)",822,698479920896613,698479920910574,0,0,16,0,128,16,16,1,64,128,1
"KERNEL_DISPATCH","Agent 1",1,0,4160312,194,22,"activation(float*, int, int*)",826,698479920913854,698479920915294,0,0,8,0,128,256,1,1,8192,1,1
"KERNEL_DISPATCH","Agent 1",1,0,4160312,195,21,"final_input(Scratch*, int, int)",830,698479920918934,698479920920214,0,0,8,0,128,256,1,1,8448,1,1
"KERNEL_DISPATCH","Agent 1",1,0,4160312,196,33,"k_linear_f32(float const*, float const*, float*, int, int, int, int)",835,698479920923654,698479920927734,0,0,16,0,128,16,16,1,16,128,1
"KERNEL_DISPATCH","Agent 1",1,0,4160312,197,20,"softmax(Scratch*, float const*, float*, int, int*)",839,698479920931494,698479920942614,0,0,48,0,128,128,1,1,128,1,1
"KERNEL_DISPATCH","Agent 1",1,0,4160312,198,19,"transpose_weights(Net const*, Scratch*, int, int)",843,698479920945975,698479920947295,0,0,8,0,128,256,1,1,1024,1,1
"KERNEL_DISPATCH","Agent 1",1,0,4160312,199,33,"k_linear_f32(float const*, float const*, float*, int, int, int, int)",848,698479920950455,698479920952135,0,0,16,0,128,16,16,1,64,128,1
"KERNEL_DISPATCH","Agent 1",1,0,4160312,200,18,"derivative(Scratch*, int, int, int*)",852,698479920955575,698479920956735,0,0,8,0,128,256,1,1,8192,1,1
"KERNEL_DISPATCH","Agent 1",1,0,4160312,201,19,"transpose_weights(Net const*, Scratch*, int, int)",856,698479920960095,698479920961335,0,0,8,0,128,256,1,1,4096,1,1
"KERNEL_DISPATCH","Agent 1",1,0,4160312,202,33,"k_linear_f32(float const*, float const*, float*, int, int, int, int)",861,698479920964575,698479920967815,0,0,16,0,128,16,16,1,64,128,1
"KERNEL_DISPATCH","Agent 1",1,0,4160312,203,18,"derivative(Scratch*, int, int, int*)",865,698479920971135,698479920972295,0,0,8,0,128,256,1,1,8192,1,1
"KERNEL_DISPATCH","Agent 1",1,0,4160312,204,19,"transpose_weights(Net const*, Scratch*, int, int)",869,698479920975575,698479920976935,0,0,8,0,128,256,1,1,4096,1,1
"KERNEL_DISPATCH","Agent 1",1,0,4160312,205,33,"k_linear_f32(float const*, float const*, float*, int, int, int, int)",874,698479920980135,698479920983615,0,0,16,0,128,16,16,1,64,128,1
"KERNEL_DISPATCH","Agent 1",1,0,4160312,206,18,"derivative(Scratch*, int, int, int*)",878,698479920987015,698479920988375,0,0,8,0,128,256,1,1,8192,1,1
"KERNEL_DISPATCH","Agent 1",1,0,4160312,207,19,"transpose_weights(Net const*, Scratch*, int, int)",882,698479920991816,698479920993336,0,0,8,0,128,256,1,1,4096,1,1
"KERNEL_DISPATCH","Agent 1",1,0,4160312,208,33,"k_linear_f32(float const*, float const*, float*, int, int, int, int)",887,698479920996816,698479921000016,0,0,16,0,128,16,16,1,64,128,1
"KERNEL_DISPATCH","Agent 1",1,0,4160312,209,18,"derivative(Scratch*, int, int, int*)",891,698479921003296,698479921004496,0,0,8,0,128,256,1,1,8192,1,1
"KERNEL_DISPATCH","Agent 1",1,0,4160312,210,32,"k_sgd_f32(float*, float const*, float const*, int, int, int, int, float)",896,698479921008016,698479921026856,0,0,16,0,128,16,16,1,80,16,1
"KERNEL_DISPATCH","Agent 1",1,0,4160312,211,32,"k_sgd_f32(float*, float const*, float const*, int, int, int, int, float)",902,698479921053337,698479921128299,0,0,16,0,128,16,16,1,224,64,1
"KERNEL_DISPATCH","Agent 1",1,0,4160312,212,16,"check_weights(float const*, int, int*)",907,698479921158139,698479921159379,0,0,8,0,128,256,1,1,53504,1,1
"KERNEL_DISPATCH","Agent 1",1,0,4160312,213,16,"check_weights(float const*, int, int*)",911,698479921162779,698479921163859,0,0,8,0,128,256,1,1,1280,1,1
"KERNEL_DISPATCH","Agent 1",1,0,4160312,214,17,"reduce_loss(float*, int, int*)",915,698479921167139,698479921171580,0,0,16,0,128,1,1,1,1,1,1
"KERNEL_DISPATCH","Agent 1",1,0,4160312,215,5,"__amd_rocclr_copyBuffer",917,698479921174900,698479921176740,0,0,16,0,128,512,1,1,512,1,1
"KERNEL_DISPATCH","Agent 1",1,0,4160312,216,5,"__amd_rocclr_copyBuffer",918,698479921200180,698479921201860,0,0,16,0,128,512,1,1,512,1,1
"KERNEL_DISPATCH","Agent 1",1,0,4160312,217,2,"__amd_rocclr_fillBufferAligned",920,698479921228021,698479921230181,0,0,16,0,128,256,1,1,256,1,1
"KERNEL_DISPATCH","Agent 1",1,0,4160312,218,5,"__amd_rocclr_copyBuffer",922,698479921267902,698479921270022,0,0,16,0,128,512,1,1,512,1,1
"KERNEL_DISPATCH","Agent 1",1,0,4160312,219,23,"join_input(float const*, Scratch*, int, int)",925,698479921294542,698479921295862,0,0,8,0,128,256,1,1,26880,1,1
"KERNEL_DISPATCH","Agent 1",1,0,4160312,220,33,"k_linear_f32(float const*, float const*, float*, int, int, int, int)",930,698479921299302,698479921313583,0,0,16,0,128,16,16,1,64,128,1
"KERNEL_DISPATCH","Agent 1",1,0,4160312,221,22,"activation(float*, int, int*)",934,698479921317303,698479921318583,0,0,8,0,128,256,1,1,8192,1,1
"KERNEL_DISPATCH","Agent 1",1,0,4160312,222,23,"join_input(float const*, Scratch*, int, int)",938,698479921321823,698479921323023,0,0,8,0,128,256,1,1,26880,1,1
"KERNEL_DISPATCH","Agent 1",1,0,4160312,223,33,"k_linear_f32(float const*, float const*, float*, int, int, int, int)",943,698479921326303,698479921340503,0,0,16,0,128,16,16,1,64,128,1
"KERNEL_DISPATCH","Agent 1",1,0,4160312,224,22,"activation(float*, int, int*)",947,698479921344023,698479921345223,0,0,8,0,128,256,1,1,8192,1,1
"KERNEL_DISPATCH","Agent 1",1,0,4160312,225,23,"join_input(float const*, Scratch*, int, int)",951,698479921348824,698479921350064,0,0,8,0,128,256,1,1,26880,1,1
"KERNEL_DISPATCH","Agent 1",1,0,4160312,226,33,"k_linear_f32(float const*, float const*, float*, int, int, int, int)",956,698479921353424,698479921367464,0,0,16,0,128,16,16,1,64,128,1
"KERNEL_DISPATCH","Agent 1",1,0,4160312,227,22,"activation(float*, int, int*)",960,698479921371064,698479921372224,0,0,8,0,128,256,1,1,8192,1,1
"KERNEL_DISPATCH","Agent 1",1,0,4160312,228,23,"join_input(float const*, Scratch*, int, int)",964,698479921375744,698479921377024,0,0,8,0,128,256,1,1,26880,1,1
"KERNEL_DISPATCH","Agent 1",1,0,4160312,229,33,"k_linear_f32(float const*, float const*, float*, int, int, int, int)",969,698479921380464,698479921394385,0,0,16,0,128,16,16,1,64,128,1
"KERNEL_DISPATCH","Agent 1",1,0,4160312,230,22,"activation(float*, int, int*)",973,698479921398145,698479921399345,0,0,8,0,128,256,1,1,8192,1,1
"KERNEL_DISPATCH","Agent 1",1,0,4160312,231,21,"final_input(Scratch*, int, int)",977,698479921402945,698479921404105,0,0,8,0,128,256,1,1,8448,1,1
"KERNEL_DISPATCH","Agent 1",1,0,4160312,232,33,"k_linear_f32(float const*, float const*, float*, int, int, int, int)",982,698479921407385,698479921411385,0,0,16,0,128,16,16,1,16,128,1
"KERNEL_DISPATCH","Agent 1",1,0,4160312,233,20,"softmax(Scratch*, float const*, float*, int, int*)",986,698479921414745,698479921426025,0,0,48,0,128,128,1,1,128,1,1
"KERNEL_DISPATCH","Agent 1",1,0,4160312,234,19,"transpose_weights(Net const*, Scratch*, int, int)",990,698479921429865,698479921431105,0,0,8,0,128,256,1,1,1024,1,1
"KERNEL_DISPATCH","Agent 1",1,0,4160312,235,33,"k_linear_f32(float const*, float const*, float*, int, int, int, int)",995,698479921434385,698479921436025,0,0,16,0,128,16,16,1,64,128,1
"KERNEL_DISPATCH","Agent 1",1,0,4160312,236,18,"derivative(Scratch*, int, int, int*)",999,698479921439386,698479921440786,0,0,8,0,128,256,1,1,8192,1,1
"KERNEL_DISPATCH","Agent 1",1,0,4160312,237,19,"transpose_weights(Net const*, Scratch*, int, int)",1003,698479921444146,698479921445786,0,0,8,0,128,256,1,1,4096,1,1
"KERNEL_DISPATCH","Agent 1",1,0,4160312,238,33,"k_linear_f32(float const*, float const*, float*, int, int, int, int)",1008,698479921449106,698479921452266,0,0,16,0,128,16,16,1,64,128,1
"KERNEL_DISPATCH","Agent 1",1,0,4160312,239,18,"derivative(Scratch*, int, int, int*)",1012,698479921455706,698479921456866,0,0,8,0,128,256,1,1,8192,1,1
"KERNEL_DISPATCH","Agent 1",1,0,4160312,240,19,"transpose_weights(Net const*, Scratch*, int, int)",1016,698479921460506,698479921461706,0,0,8,0,128,256,1,1,4096,1,1
"KERNEL_DISPATCH","Agent 1",1,0,4160312,241,33,"k_linear_f32(float const*, float const*, float*, int, int, int, int)",1021,698479921465346,698479921468586,0,0,16,0,128,16,16,1,64,128,1
"KERNEL_DISPATCH","Agent 1",1,0,4160312,242,18,"derivative(Scratch*, int, int, int*)",1025,698479921472106,698479921473346,0,0,8,0,128,256,1,1,8192,1,1
"KERNEL_DISPATCH","Agent 1",1,0,4160312,243,19,"transpose_weights(Net const*, Scratch*, int, int)",1029,698479921476866,698479921478106,0,0,8,0,128,256,1,1,4096,1,1
"KERNEL_DISPATCH","Agent 1",1,0,4160312,244,33,"k_linear_f32(float const*, float const*, float*, int, int, int, int)",1034,698479921481427,698479921484667,0,0,16,0,128,16,16,1,64,128,1
"KERNEL_DISPATCH","Agent 1",1,0,4160312,245,18,"derivative(Scratch*, int, int, int*)",1038,698479921488187,698479921489347,0,0,8,0,128,256,1,1,8192,1,1
"KERNEL_DISPATCH","Agent 1",1,0,4160312,246,32,"k_sgd_f32(float*, float const*, float const*, int, int, int, int, float)",1043,698479921492987,698479921511707,0,0,16,0,128,16,16,1,80,16,1
"KERNEL_DISPATCH","Agent 1",1,0,4160312,247,32,"k_sgd_f32(float*, float const*, float const*, int, int, int, int, float)",1049,698479921543788,698479921618310,0,0,16,0,128,16,16,1,224,64,1
"KERNEL_DISPATCH","Agent 1",1,0,4160312,248,16,"check_weights(float const*, int, int*)",1054,698479921648830,698479921650030,0,0,8,0,128,256,1,1,53504,1,1
"KERNEL_DISPATCH","Agent 1",1,0,4160312,249,16,"check_weights(float const*, int, int*)",1058,698479921653430,698479921654550,0,0,8,0,128,256,1,1,1280,1,1
"KERNEL_DISPATCH","Agent 1",1,0,4160312,250,17,"reduce_loss(float*, int, int*)",1062,698479921657710,698479921662511,0,0,16,0,128,1,1,1,1,1,1
"KERNEL_DISPATCH","Agent 1",1,0,4160312,251,5,"__amd_rocclr_copyBuffer",1064,698479921665831,698479921667631,0,0,16,0,128,512,1,1,512,1,1
"KERNEL_DISPATCH","Agent 1",1,0,4160312,252,5,"__amd_rocclr_copyBuffer",1065,698479921710672,698479921712392,0,0,16,0,128,512,1,1,512,1,1
"KERNEL_DISPATCH","Agent 1",1,0,4160312,253,2,"__amd_rocclr_fillBufferAligned",1067,698479921738432,698479921740352,0,0,16,0,128,256,1,1,256,1,1
"KERNEL_DISPATCH","Agent 1",1,0,4160312,254,5,"__amd_rocclr_copyBuffer",1069,698479922047799,698479922050079,0,0,16,0,128,512,1,1,512,1,1
"KERNEL_DISPATCH","Agent 1",1,0,4160312,255,23,"join_input(float const*, Scratch*, int, int)",1072,698479922073480,698479922074800,0,0,8,0,128,256,1,1,26880,1,1
"KERNEL_DISPATCH","Agent 1",1,0,4160312,256,33,"k_linear_f32(float const*, float const*, float*, int, int, int, int)",1077,698479922078240,698479922092200,0,0,16,0,128,16,16,1,64,128,1
"KERNEL_DISPATCH","Agent 1",1,0,4160312,257,22,"activation(float*, int, int*)",1081,698479922095520,698479922097160,0,0,8,0,128,256,1,1,8192,1,1
"KERNEL_DISPATCH","Agent 1",1,0,4160312,258,23,"join_input(float const*, Scratch*, int, int)",1085,698479922100680,698479922101920,0,0,8,0,128,256,1,1,26880,1,1
"KERNEL_DISPATCH","Agent 1",1,0,4160312,259,33,"k_linear_f32(float const*, float const*, float*, int, int, int, int)",1090,698479922105320,698479922119241,0,0,16,0,128,16,16,1,64,128,1
"KERNEL_DISPATCH","Agent 1",1,0,4160312,260,22,"activation(float*, int, int*)",1094,698479922122561,698479922123801,0,0,8,0,128,256,1,1,8192,1,1
"KERNEL_DISPATCH","Agent 1",1,0,4160312,261,23,"join_input(float const*, Scratch*, int, int)",1098,698479922127441,698479922128721,0,0,8,0,128,256,1,1,26880,1,1
"KERNEL_DISPATCH","Agent 1",1,0,4160312,262,33,"k_linear_f32(float const*, float const*, float*, int, int, int, int)",1103,698479922132441,698479922146441,0,0,16,0,128,16,16,1,64,128,1
"KERNEL_DISPATCH","Agent 1",1,0,4160312,263,22,"activation(float*, int, int*)",1107,698479922149721,698479922151001,0,0,8,0,128,256,1,1,8192,1,1
"KERNEL_DISPATCH","Agent 1",1,0,4160312,264,23,"join_input(float const*, Scratch*, int, int)",1111,698479922154722,698479922156122,0,0,8,0,128,256,1,1,26880,1,1
"KERNEL_DISPATCH","Agent 1",1,0,4160312,265,33,"k_linear_f32(float const*, float const*, float*, int, int, int, int)",1116,698479922159722,698479922173602,0,0,16,0,128,16,16,1,64,128,1
"KERNEL_DISPATCH","Agent 1",1,0,4160312,267,21,"final_input(Scratch*, int, int)",1124,698479922181642,698479922182802,0,0,8,0,128,256,1,1,8448,1,1
"KERNEL_DISPATCH","Agent 1",1,0,4160312,266,22,"activation(float*, int, int*)",1120,698479922176922,698479922178202,0,0,8,0,128,256,1,1,8192,1,1
"KERNEL_DISPATCH","Agent 1",1,0,4160312,268,33,"k_linear_f32(float const*, float const*, float*, int, int, int, int)",1129,698479922186242,698479922190242,0,0,16,0,128,16,16,1,16,128,1
"KERNEL_DISPATCH","Agent 1",1,0,4160312,269,20,"softmax(Scratch*, float const*, float*, int, int*)",1133,698479922193762,698479922205003,0,0,48,0,128,128,1,1,128,1,1
"KERNEL_DISPATCH","Agent 1",1,0,4160312,270,19,"transpose_weights(Net const*, Scratch*, int, int)",1137,698479922208363,698479922209563,0,0,8,0,128,256,1,1,1024,1,1
"KERNEL_DISPATCH","Agent 1",1,0,4160312,271,33,"k_linear_f32(float const*, float const*, float*, int, int, int, int)",1142,698479922213043,698479922214723,0,0,16,0,128,16,16,1,64,128,1
"KERNEL_DISPATCH","Agent 1",1,0,4160312,272,18,"derivative(Scratch*, int, int, int*)",1146,698479922218163,698479922219243,0,0,8,0,128,256,1,1,8192,1,1
"KERNEL_DISPATCH","Agent 1",1,0,4160312,273,19,"transpose_weights(Net const*, Scratch*, int, int)",1150,698479922222563,698479922223803,0,0,8,0,128,256,1,1,4096,1,1
"KERNEL_DISPATCH","Agent 1",1,0,4160312,274,33,"k_linear_f32(float const*, float const*, float*, int, int, int, int)",1155,698479922227123,698479922230283,0,0,16,0,128,16,16,1,64,128,1
"KERNEL_DISPATCH","Agent 1",1,0,4160312,275,18,"derivative(Scratch*, int, int, int*)",1159,698479922234003,698479922235163,0,0,8,0,128,256,1,1,8192,1,1
"KERNEL_DISPATCH","Agent 1",1,0,4160312,276,19,"transpose_weights(Net const*, Scratch*, int, int)",1163,698479922238483,698479922239683,0,0,8,0,128,256,1,1,4096,1,1
"KERNEL_DISPATCH","Agent 1",1,0,4160312,277,33,"k_linear_f32(float const*, float const*, float*, int, int, int, int)",1168,698479922242964,698479922246484,0,0,16,0,128,16,16,1,64,128,1
"KERNEL_DISPATCH","Agent 1",1,0,4160312,278,18,"derivative(Scratch*, int, int, int*)",1172,698479922249924,698479922251044,0,0,8,0,128,256,1,1,8192,1,1
"KERNEL_DISPATCH","Agent 1",1,0,4160312,279,19,"transpose_weights(Net const*, Scratch*, int, int)",1176,698479922254524,698479922256124,0,0,8,0,128,256,1,1,4096,1,1
"KERNEL_DISPATCH","Agent 1",1,0,4160312,280,33,"k_linear_f32(float const*, float const*, float*, int, int, int, int)",1181,698479922259444,698479922262964,0,0,16,0,128,16,16,1,64,128,1
"KERNEL_DISPATCH","Agent 1",1,0,4160312,281,18,"derivative(Scratch*, int, int, int*)",1185,698479922266484,698479922267604,0,0,8,0,128,256,1,1,8192,1,1
"KERNEL_DISPATCH","Agent 1",1,0,4160312,282,32,"k_sgd_f32(float*, float const*, float const*, int, int, int, int, float)",1190,698479922270884,698479922289765,0,0,16,0,128,16,16,1,80,16,1
"KERNEL_DISPATCH","Agent 1",1,0,4160312,283,32,"k_sgd_f32(float*, float const*, float const*, int, int, int, int, float)",1196,698479922318085,698479922393287,0,0,16,0,128,16,16,1,224,64,1
"KERNEL_DISPATCH","Agent 1",1,0,4160312,284,16,"check_weights(float const*, int, int*)",1201,698479922424168,698479922425368,0,0,8,0,128,256,1,1,53504,1,1
"KERNEL_DISPATCH","Agent 1",1,0,4160312,285,16,"check_weights(float const*, int, int*)",1205,698479922428768,698479922429768,0,0,8,0,128,256,1,1,1280,1,1
"KERNEL_DISPATCH","Agent 1",1,0,4160312,286,17,"reduce_loss(float*, int, int*)",1209,698479922433008,698479922437528,0,0,16,0,128,1,1,1,1,1,1
"KERNEL_DISPATCH","Agent 1",1,0,4160312,287,5,"__amd_rocclr_copyBuffer",1211,698479922441048,698479922442928,0,0,16,0,128,512,1,1,512,1,1
"KERNEL_DISPATCH","Agent 1",1,0,4160312,288,5,"__amd_rocclr_copyBuffer",1212,698479922465328,698479922467089,0,0,16,0,128,512,1,1,512,1,1
"KERNEL_DISPATCH","Agent 1",1,0,4160312,289,2,"__amd_rocclr_fillBufferAligned",1214,698479922492089,698479922494609,0,0,16,0,128,256,1,1,256,1,1
"KERNEL_DISPATCH","Agent 1",1,0,4160312,290,5,"__amd_rocclr_copyBuffer",1216,698479922530490,698479922532730,0,0,16,0,128,512,1,1,512,1,1
"KERNEL_DISPATCH","Agent 1",1,0,4160312,291,23,"join_input(float const*, Scratch*, int, int)",1219,698479922556091,698479922557451,0,0,8,0,128,256,1,1,26880,1,1
"KERNEL_DISPATCH","Agent 1",1,0,4160312,292,33,"k_linear_f32(float const*, float const*, float*, int, int, int, int)",1224,698479922560891,698479922574851,0,0,16,0,128,16,16,1,64,128,1
"KERNEL_DISPATCH","Agent 1",1,0,4160312,293,22,"activation(float*, int, int*)",1228,698479922578251,698479922579491,0,0,8,0,128,256,1,1,8192,1,1
"KERNEL_DISPATCH","Agent 1",1,0,4160312,294,23,"join_input(float const*, Scratch*, int, int)",1232,698479922583091,698479922584651,0,0,8,0,128,256,1,1,26880,1,1
"KERNEL_DISPATCH","Agent 1",1,0,4160312,295,33,"k_linear_f32(float const*, float const*, float*, int, int, int, int)",1237,698479922588291,698479922602172,0,0,16,0,128,16,16,1,64,128,1
"KERNEL_DISPATCH","Agent 1",1,0,4160312,296,22,"activation(float*, int, int*)",1241,698479922605612,698479922607052,0,0,8,0,128,256,1,1,8192,1,1
"KERNEL_DISPATCH","Agent 1",1,0,4160312,297,23,"join_input(float const*, Scratch*, int, int)",1245,698479922610532,698479922611972,0,0,8,0,128,256,1,1,26880,1,1
"KERNEL_DISPATCH","Agent 1",1,0,4160312,298,33,"k_linear_f32(float const*, float const*, float*, int, int, int, int)",1250,698479922615612,698479922629652,0,0,16,0,128,16,16,1,64,128,1
"KERNEL_DISPATCH","Agent 1",1,0,4160312,299,22,"activation(float*, int, int*)",1254,698479922633012,698479922634412,0,0,8,0,128,256,1,1,8192,1,1
"KERNEL_DISPATCH","Agent 1",1,0,4160312,300,23,"join_input(float const*, Scratch*, int, int)",1258,698479922637852,698479922639332,0,0,8,0,128,256,1,1,26880,1,1
"KERNEL_DISPATCH","Agent 1",1,0,4160312,301,33,"k_linear_f32(float const*, float const*, float*, int, int, int, int)",1263,698479922642732,698479922656853,0,0,16,0,128,16,16,1,64,128,1
"KERNEL_DISPATCH","Agent 1",1,0,4160312,303,21,"final_input(Scratch*, int, int)",1271,698479922664893,698479922666053,0,0,8,0,128,256,1,1,8448,1,1
"KERNEL_DISPATCH","Agent 1",1,0,4160312,302,22,"activation(float*, int, int*)",1267,698479922660173,698479922661613,0,0,8,0,128,256,1,1,8192,1,1
"KERNEL_DISPATCH","Agent 1",1,0,4160312,304,33,"k_linear_f32(float const*, float const*, float*, int, int, int, int)",1276,698479922669573,698479922673653,0,0,16,0,128,16,16,1,16,128,1
"KERNEL_DISPATCH","Agent 1",1,0,4160312,305,20,"softmax(Scratch*, float const*, float*, int, int*)",1280,698479922677053,698479922688493,0,0,48,0,128,128,1,1,128,1,1
"KERNEL_DISPATCH","Agent 1",1,0,4160312,306,19,"transpose_weights(Net const*, Scratch*, int, int)",1284,698479922692094,698479922693254,0,0,8,0,128,256,1,1,1024,1,1
"KERNEL_DISPATCH","Agent 1",1,0,4160312,307,33,"k_linear_f32(float const*, float const*, float*, int, int, int, int)",1289,698479922696414,698479922698134,0,0,16,0,128,16,16,1,64,128,1
"KERNEL_DISPATCH","Agent 1",1,0,4160312,308,18,"derivative(Scratch*, int, int, int*)",1293,698479922701774,698479922702934,0,0,8,0,128,256,1,1,8192,1,1
"KERNEL_DISPATCH","Agent 1",1,0,4160312,309,19,"transpose_weights(Net const*, Scratch*, int, int)",1297,698479922706334,698479922707614,0,0,8,0,128,256,1,1,4096,1,1
"KERNEL_DISPATCH","Agent 1",1,0,4160312,310,33,"k_linear_f32(float const*, float const*, float*, int, int, int, int)",1302,698479922710974,698479922714374,0,0,16,0,128,16,16,1,64,128,1
"KERNEL_DISPATCH","Agent 1",1,0,4160312,311,18,"derivative(Scratch*, int, int, int*)",1306,698479922717854,698479922719054,0,0,8,0,128,256,1,1,8192,1,1
"KERNEL_DISPATCH","Agent 1",1,0,4160312,312,19,"transpose_weights(Net const*, Scratch*, int, int)",1310,698479922722414,698479922723654,0,0,8,0,128,256,1,1,4096,1,1
"KERNEL_DISPATCH","Agent 1",1,0,4160312,313,33,"k_linear_f32(float const*, float const*, float*, int, int, int, int)",1315,698479922726934,698479922730094,0,0,16,0,128,16,16,1,64,128,1
"KERNEL_DISPATCH","Agent 1",1,0,4160312,314,18,"derivative(Scratch*, int, int, int*)",1319,698479922733414,698479922734615,0,0,8,0,128,256,1,1,8192,1,1
"KERNEL_DISPATCH","Agent 1",1,0,4160312,315,19,"transpose_weights(Net const*, Scratch*, int, int)",1323,698479922737895,698479922739095,0,0,8,0,128,256,1,1,4096,1,1
"KERNEL_DISPATCH","Agent 1",1,0,4160312,316,33,"k_linear_f32(float const*, float const*, float*, int, int, int, int)",1328,698479922742455,698479922745655,0,0,16,0,128,16,16,1,64,128,1
"KERNEL_DISPATCH","Agent 1",1,0,4160312,317,18,"derivative(Scratch*, int, int, int*)",1332,698479922749135,698479922750255,0,0,8,0,128,256,1,1,8192,1,1
"KERNEL_DISPATCH","Agent 1",1,0,4160312,318,32,"k_sgd_f32(float*, float const*, float const*, int, int, int, int, float)",1337,698479922753615,698479922772575,0,0,16,0,128,16,16,1,80,16,1
"KERNEL_DISPATCH","Agent 1",1,0,4160312,319,32,"k_sgd_f32(float*, float const*, float const*, int, int, int, int, float)",1343,698479922801416,698479922876138,0,0,16,0,128,16,16,1,224,64,1
"KERNEL_DISPATCH","Agent 1",1,0,4160312,320,16,"check_weights(float const*, int, int*)",1348,698479922904698,698479922905898,0,0,8,0,128,256,1,1,53504,1,1
"KERNEL_DISPATCH","Agent 1",1,0,4160312,321,16,"check_weights(float const*, int, int*)",1352,698479922909218,698479922910378,0,0,8,0,128,256,1,1,1280,1,1
"KERNEL_DISPATCH","Agent 1",1,0,4160312,322,17,"reduce_loss(float*, int, int*)",1356,698479922913579,698479922918379,0,0,16,0,128,1,1,1,1,1,1
"KERNEL_DISPATCH","Agent 1",1,0,4160312,323,5,"__amd_rocclr_copyBuffer",1358,698479922921699,698479922923619,0,0,16,0,128,512,1,1,512,1,1
"KERNEL_DISPATCH","Agent 1",1,0,4160312,324,5,"__amd_rocclr_copyBuffer",1359,698479922948219,698479922950099,0,0,16,0,128,512,1,1,512,1,1
"KERNEL_DISPATCH","Agent 1",1,0,4160312,325,2,"__amd_rocclr_fillBufferAligned",1361,698479922975300,698479922977220,0,0,16,0,128,256,1,1,256,1,1
"KERNEL_DISPATCH","Agent 1",1,0,4160312,326,5,"__amd_rocclr_copyBuffer",1363,698479923014381,698479923016821,0,0,16,0,128,512,1,1,512,1,1
"KERNEL_DISPATCH","Agent 1",1,0,4160312,327,23,"join_input(float const*, Scratch*, int, int)",1366,698479923040421,698479923041741,0,0,8,0,128,256,1,1,26880,1,1
"KERNEL_DISPATCH","Agent 1",1,0,4160312,328,33,"k_linear_f32(float const*, float const*, float*, int, int, int, int)",1371,698479923045141,698479923059062,0,0,16,0,128,16,16,1,64,128,1
"KERNEL_DISPATCH","Agent 1",1,0,4160312,329,22,"activation(float*, int, int*)",1375,698479923062422,698479923063702,0,0,8,0,128,256,1,1,8192,1,1
"KERNEL_DISPATCH","Agent 1",1,0,4160312,330,23,"join_input(float const*, Scratch*, int, int)",1379,698479923067382,698479923068582,0,0,8,0,128,256,1,1,26880,1,1
"KERNEL_DISPATCH","Agent 1",1,0,4160312,331,33,"k_linear_f32(float const*, float const*, float*, int, int, int, int)",1384,698479923071902,698479923085942,0,0,16,0,128,16,16,1,64,128,1
"KERNEL_DISPATCH","Agent 1",1,0,4160312,332,22,"activation(float*, int, int*)",1388,698479923089222,698479923090702,0,0,8,0,128,256,1,1,8192,1,1
"KERNEL_DISPATCH","Agent 1",1,0,4160312,333,23,"join_input(float const*, Scratch*, int, int)",1392,698479923094223,698479923095623,0,0,8,0,128,256,1,1,26880,1,1
"KERNEL_DISPATCH","Agent 1",1,0,4160312,334,33,"k_linear_f32(float const*, float const*, float*, int, int, int, int)",1397,698479923099263,698479923113303,0,0,16,0,128,16,16,1,64,128,1
"KERNEL_DISPATCH","Agent 1",1,0,4160312,335,22,"activation(float*, int, int*)",1401,698479923116663,698479923118303,0,0,8,0,128,256,1,1,8192,1,1
"KERNEL_DISPATCH","Agent 1",1,0,4160312,336,23,"join_input(float const*, Scratch*, int, int)",1405,698479923159384,698479923160624,0,0,8,0,128,256,1,1,26880,1,1
"KERNEL_DISPATCH","Agent 1",1,0,4160312,359,5,"__amd_rocclr_copyBuffer",1505,698479923821759,698479923823679,0,0,16,0,128,512,1,1,512,1,1
"KERNEL_DISPATCH","Agent 1",1,0,4160312,358,17,"reduce_loss(float*, int, int*)",1503,698479923762877,698479923767398,0,0,16,0,128,1,1,1,1,1,1
"KERNEL_DISPATCH","Agent 1",1,0,4160312,357,16,"check_weights(float const*, int, int*)",1499,698479923701636,698479923702796,0,0,8,0,128,256,1,1,1280,1,1
"KERNEL_DISPATCH","Agent 1",1,0,4160312,356,16,"check_weights(float const*, int, int*)",1495,698479923646275,698479923647555,0,0,8,0,128,256,1,1,53504,1,1
"KERNEL_DISPATCH","Agent 1",1,0,4160312,355,32,"k_sgd_f32(float*, float const*, float const*, int, int, int, int, float)",1490,698479923497552,698479923571153,0,0,16,0,128,16,16,1,224,64,1
"KERNEL_DISPATCH","Agent 1",1,0,4160312,354,32,"k_sgd_f32(float*, float const*, float const*, int, int, int, int, float)",1484,698479923403549,698479923422030,0,0,16,0,128,16,16,1,80,16,1
"KERNEL_DISPATCH","Agent 1",1,0,4160312,353,18,"derivative(Scratch*, int, int, int*)",1479,698479923346548,698479923347948,0,0,8,0,128,256,1,1,8192,1,1
"KERNEL_DISPATCH","Agent 1",1,0,4160312,352,33,"k_linear_f32(float const*, float const*, float*, int, int, int, int)",1475,698479923290307,698479923293627,0,0,16,0,128,16,16,1,64,128,1
"KERNEL_DISPATCH","Agent 1",1,0,4160312,351,19,"transpose_weights(Net const*, Scratch*, int, int)",1470,698479923259186,698479923260346,0,0,8,0,128,256,1,1,4096,1,1
"KERNEL_DISPATCH","Agent 1",1,0,4160312,350,18,"derivative(Scratch*, int, int, int*)",1466,698479923254546,698479923255666,0,0,8,0,128,256,1,1,8192,1,1
"KERNEL_DISPATCH","Agent 1",1,0,4160312,349,33,"k_linear_f32(float const*, float const*, float*, int, int, int, int)",1462,698479923247946,698479923251146,0,0,16,0,128,16,16,1,64,128,1
"KERNEL_DISPATCH","Agent 1",1,0,4160312,348,19,"transpose_weights(Net const*, Scratch*, int, int)",1457,698479923243186,698479923244346,0,0,8,0,128,256,1,1,4096,1,1
"KERNEL_DISPATCH","Agent 1",1,0,4160312,347,18,"derivative(Scratch*, int, int, int*)",1453,698479923238226,698479923239746,0,0,8,0,128,256,1,1,8192,1,1
"KERNEL_DISPATCH","Agent 1",1,0,4160312,346,33,"k_linear_f32(float const*, float const*, float*, int, int, int, int)",1449,698479923231706,698479923234946,0,0,16,0,128,16,16,1,64,128,1
"KERNEL_DISPATCH","Agent 1",1,0,4160312,345,19,"transpose_weights(Net const*, Scratch*, int, int)",1444,698479923226626,698479923227946,0,0,8,0,128,256,1,1,4096,1,1
"KERNEL_DISPATCH","Agent 1",1,0,4160312,344,18,"derivative(Scratch*, int, int, int*)",1440,698479923222105,698479923223265,0,0,8,0,128,256,1,1,8192,1,1
"KERNEL_DISPATCH","Agent 1",1,0,4160312,343,33,"k_linear_f32(float const*, float const*, float*, int, int, int, int)",1436,698479923217065,698479923218705,0,0,16,0,128,16,16,1,64,128,1
"KERNEL_DISPATCH","Agent 1",1,0,4160312,342,19,"transpose_weights(Net const*, Scratch*, int, int)",1431,698479923212545,698479923213745,0,0,8,0,128,256,1,1,1024,1,1
"KERNEL_DISPATCH","Agent 1",1,0,4160312,341,20,"softmax(Scratch*, float const*, float*, int, int*)",1427,698479923197585,698479923208865,0,0,48,0,128,128,1,1,128,1,1
"KERNEL_DISPATCH","Agent 1",1,0,4160312,340,33,"k_linear_f32(float const*, float const*, float*, int, int, int, int)",1423,698479923190225,698479923194265,0,0,16,0,128,16,16,1,16,128,1
"KERNEL_DISPATCH","Agent 1",1,0,4160312,339,21,"final_input(Scratch*, int, int)",1418,698479923185945,698479923187065,0,0,8,0,128,256,1,1,8448,1,1
"KERNEL_DISPATCH","Agent 1",1,0,4160312,338,22,"activation(float*, int, int*)",1414,698479923181464,698479923182625,0,0,8,0,128,256,1,1,8192,1,1
"KERNEL_DISPATCH","Agent 1",1,0,4160312,337,33,"k_linear_f32(float const*, float const*, float*, int, int, int, int)",1410,698479923163984,698479923177984,0,0,16,0,128,16,16,1,64,128,1
"KERNEL_DISPATCH","Agent 1",1,0,4160312,360,5,"__amd_rocclr_copyBuffer",1506,698479923907121,698479923908881,0,0,16,0,128,512,1,1,512,1,1
"KERNEL_DISPATCH","Agent 1",1,0,4160312,361,2,"__amd_rocclr_fillBufferAligned",1508,698479923938961,698479923940881,0,0,16,0,128,256,1,1,256,1,1
"KERNEL_DISPATCH","Agent 1",1,0,4160312,362,5,"__amd_rocclr_copyBuffer",1510,698479923973922,698479923976282,0,0,16,0,128,512,1,1,512,1,1
"KERNEL_DISPATCH","Agent 1",1,0,4160312,363,23,"join_input(float const*, Scratch*, int, int)",1513,698479924001243,698479924002563,0,0,8,0,128,256,1,1,26880,1,1
"KERNEL_DISPATCH","Agent 1",1,0,4160312,364,33,"k_linear_f32(float const*, float const*, float*, int, int, int, int)",1518,698479924005963,698479924020083,0,0,16,0,128,16,16,1,64,128,1
"KERNEL_DISPATCH","Agent 1",1,0,4160312,365,22,"activation(float*, int, int*)",1522,698479924023483,698479924024683,0,0,8,0,128,256,1,1,8192,1,1
"KERNEL_DISPATCH","Agent 1",1,0,4160312,366,23,"join_input(float const*, Scratch*, int, int)",1526,698479924028003,698479924029323,0,0,8,0,128,256,1,1,26880,1,1
"KERNEL_DISPATCH","Agent 1",1,0,4160312,367,33,"k_linear_f32(float const*, float const*, float*, int, int, int, int)",1531,698479924032644,698479924046724,0,0,16,0,128,16,16,1,64,128,1
"KERNEL_DISPATCH","Agent 1",1,0,4160312,368,22,"activation(float*, int, int*)",1535,698479924050164,698479924051444,0,0,8,0,128,256,1,1,8192,1,1
"KERNEL_DISPATCH","Agent 1",1,0,4160312,369,23,"join_input(float const*, Scratch*, int, int)",1539,698479924054924,698479924056324,0,0,8,0,128,256,1,1,26880,1,1
"KERNEL_DISPATCH","Agent 1",1,0,4160312,370,33,"k_linear_f32(float const*, float const*, float*, int, int, int, int)",1544,698479924059644,698479924073764,0,0,16,0,128,16,16,1,64,128,1
"KERNEL_DISPATCH","Agent 1",1,0,4160312,371,22,"activation(float*, int, int*)",1548,698479924077445,698479924078645,0,0,8,0,128,256,1,1,8192,1,1
"KERNEL_DISPATCH","Agent 1",1,0,4160312,372,23,"join_input(float const*, Scratch*, int, int)",1552,698479924082125,698479924083965,0,0,8,0,128,256,1,1,26880,1,1
"KERNEL_DISPATCH","Agent 1",1,0,4160312,373,33,"k_linear_f32(float const*, float const*, float*, int, int, int, int)",1557,698479924087365,698479924101325,0,0,16,0,128,16,16,1,64,128,1
"KERNEL_DISPATCH","Agent 1",1,0,4160312,374,22,"activation(float*, int, int*)",1561,698479924104885,698479924106045,0,0,8,0,128,256,1,1,8192,1,1
"KERNEL_DISPATCH","Agent 1",1,0,4160312,375,21,"final_input(Scratch*, int, int)",1565,698479924109885,698479924111205,0,0,8,0,128,256,1,1,8448,1,1
"KERNEL_DISPATCH","Agent 1",1,0,4160312,376,33,"k_linear_f32(float const*, float const*, float*, int, int, int, int)",1570,698479924114525,698479924118645,0,0,16,0,128,16,16,1,16,128,1
"KERNEL_DISPATCH","Agent 1",1,0,4160312,377,20,"softmax(Scratch*, float const*, float*, int, int*)",1574,698479924122006,698479924133166,0,0,48,0,128,128,1,1,128,1,1
"KERNEL_DISPATCH","Agent 1",1,0,4160312,378,19,"transpose_weights(Net const*, Scratch*, int, int)",1578,698479924136726,698479924137926,0,0,8,0,128,256,1,1,1024,1,1
"KERNEL_DISPATCH","Agent 1",1,0,4160312,379,33,"k_linear_f32(float const*, float const*, float*, int, int, int, int)",1583,698479924141086,698479924142766,0,0,16,0,128,16,16,1,64,128,1
"KERNEL_DISPATCH","Agent 1",1,0,4160312,380,18,"derivative(Scratch*, int, int, int*)",1587,698479924146126,698479924147286,0,0,8,0,128,256,1,1,8192,1,1
"KERNEL_DISPATCH","Agent 1",1,0,4160312,381,19,"transpose_weights(Net const*, Scratch*, int, int)",1591,698479924150606,698479924151806,0,0,8,0,128,256,1,1,4096,1,1
"KERNEL_DISPATCH","Agent 1",1,0,4160312,382,33,"k_linear_f32(float const*, float const*, float*, int, int, int, int)",1596,698479924155206,698479924158566,0,0,16,0,128,16,16,1,64,128,1
"KERNEL_DISPATCH","Agent 1",1,0,4160312,383,18,"derivative(Scratch*, int, int, int*)",1600,698479924161846,698479924163166,0,0,8,0,128,256,1,1,8192,1,1
"KERNEL_DISPATCH","Agent 1",1,0,4160312,384,19,"transpose_weights(Net const*, Scratch*, int, int)",1604,698479924166567,698479924168167,0,0,8,0,128,256,1,1,4096,1,1
"KERNEL_DISPATCH","Agent 1",1,0,4160312,385,33,"k_linear_f32(float const*, float const*, float*, int, int, int, int)",1609,698479924171447,698479924174687,0,0,16,0,128,16,16,1,64,128,1
"KERNEL_DISPATCH","Agent 1",1,0,4160312,386,18,"derivative(Scratch*, int, int, int*)",1613,698479924178007,698479924179127,0,0,8,0,128,256,1,1,8192,1,1
"KERNEL_DISPATCH","Agent 1",1,0,4160312,387,19,"transpose_weights(Net const*, Scratch*, int, int)",1617,698479924182727,698479924183927,0,0,8,0,128,256,1,1,4096,1,1
"KERNEL_DISPATCH","Agent 1",1,0,4160312,388,33,"k_linear_f32(float const*, float const*, float*, int, int, int, int)",1622,698479924187407,698479924190647,0,0,16,0,128,16,16,1,64,128,1
"KERNEL_DISPATCH","Agent 1",1,0,4160312,389,18,"derivative(Scratch*, int, int, int*)",1626,698479924193847,698479924195287,0,0,8,0,128,256,1,1,8192,1,1
"KERNEL_DISPATCH","Agent 1",1,0,4160312,390,32,"k_sgd_f32(float*, float const*, float const*, int, int, int, int, float)",1631,698479924198647,698479924217648,0,0,16,0,128,16,16,1,80,16,1
"KERNEL_DISPATCH","Agent 1",1,0,4160312,391,32,"k_sgd_f32(float*, float const*, float const*, int, int, int, int, float)",1637,698479924251488,698479924326690,0,0,16,0,128,16,16,1,224,64,1
"KERNEL_DISPATCH","Agent 1",1,0,4160312,392,16,"check_weights(float const*, int, int*)",1642,698479924355131,698479924356331,0,0,8,0,128,256,1,1,53504,1,1
"KERNEL_DISPATCH","Agent 1",1,0,4160312,393,16,"check_weights(float const*, int, int*)",1646,698479924359771,698479924360851,0,0,8,0,128,256,1,1,1280,1,1
"KERNEL_DISPATCH","Agent 1",1,0,4160312,394,17,"reduce_loss(float*, int, int*)",1650,698479924364051,698479924368531,0,0,16,0,128,1,1,1,1,1,1
"KERNEL_DISPATCH","Agent 1",1,0,4160312,395,5,"__amd_rocclr_copyBuffer",1652,698479924371811,698479924373691,0,0,16,0,128,512,1,1,512,1,1
"KERNEL_DISPATCH","Agent 1",1,0,4160312,396,5,"__amd_rocclr_copyBuffer",1653,698479924396052,698479924397852,0,0,16,0,128,512,1,1,512,1,1
"KERNEL_DISPATCH","Agent 1",1,0,4160312,397,2,"__amd_rocclr_fillBufferAligned",1655,698479924422692,698479924425172,0,0,16,0,128,256,1,1,256,1,1
"KERNEL_DISPATCH","Agent 1",1,0,4160312,398,5,"__amd_rocclr_copyBuffer",1657,698479924460373,698479924462533,0,0,16,0,128,512,1,1,512,1,1
"KERNEL_DISPATCH","Agent 1",1,0,4160312,399,23,"join_input(float const*, Scratch*, int, int)",1660,698479924486094,698479924487414,0,0,8,0,128,256,1,1,26880,1,1
"KERNEL_DISPATCH","Agent 1",1,0,4160312,400,33,"k_linear_f32(float const*, float const*, float*, int, int, int, int)",1665,698479924490774,698479924504694,0,0,16,0,128,16,16,1,64,128,1
"KERNEL_DISPATCH","Agent 1",1,0,4160312,401,22,"activation(float*, int, int*)",1669,698479924508014,698479924509254,0,0,8,0,128,256,1,1,8192,1,1
"KERNEL_DISPATCH","Agent 1",1,0,4160312,402,23,"join_input(float const*, Scratch*, int, int)",1673,698479924512774,698479924514254,0,0,8,0,128,256,1,1,26880,1,1
"KERNEL_DISPATCH","Agent 1",1,0,4160312,403,33,"k_linear_f32(float const*, float const*, float*, int, int, int, int)",1678,698479924517494,698479924531815,0,0,16,0,128,16,16,1,64,128,1
"KERNEL_DISPATCH","Agent 1",1,0,4160312,404,22,"activation(float*, int, int*)",1682,698479924535135,698479924536295,0,0,8,0,128,256,1,1,8192,1,1
"KERNEL_DISPATCH","Agent 1",1,0,4160312,405,23,"join_input(float const*, Scratch*, int, int)",1686,698479924539735,698479924541015,0,0,8,0,128,256,1,1,26880,1,1
"KERNEL_DISPATCH","Agent 1",1,0,4160312,406,33,"k_linear_f32(float const*, float const*, float*, int, int, int, int)",1691,698479924544335,698479924558455,0,0,16,0,128,16,16,1,64,128,1
"KERNEL_DISPATCH","Agent 1",1,0,4160312,407,22,"activation(float*, int, int*)",1695,698479924562215,698479924563535,0,0,8,0,128,256,1,1,8192,1,1
"KERNEL_DISPATCH","Agent 1",1,0,4160312,408,23,"join_input(float const*, Scratch*, int, int)",1699,698479924566815,698479924568095,0,0,8,0,128,256,1,1,26880,1,1
"KERNEL_DISPATCH","Agent 1",1,0,4160312,409,33,"k_linear_f32(float const*, float const*, float*, int, int, int, int)",1704,698479924571456,698479924585776,0,0,16,0,128,16,16,1,64,128,1
"KERNEL_DISPATCH","Agent 1",1,0,4160312,410,22,"activation(float*, int, int*)",1708,698479924589496,698479924590656,0,0,8,0,128,256,1,1,8192,1,1
"KERNEL_DISPATCH","Agent 1",1,0,4160312,411,21,"final_input(Scratch*, int, int)",1712,698479924594096,698479924595296,0,0,8,0,128,256,1,1,8448,1,1
"KERNEL_DISPATCH","Agent 1",1,0,4160312,412,33,"k_linear_f32(float const*, float const*, float*, int, int, int, int)",1717,698479924598736,698479924602976,0,0,16,0,128,16,16,1,16,128,1
"KERNEL_DISPATCH","Agent 1",1,0,4160312,413,20,"softmax(Scratch*, float const*, float*, int, int*)",1721,698479924606256,698479924617857,0,0,48,0,128,128,1,1,128,1,1
"KERNEL_DISPATCH","Agent 1",1,0,4160312,414,19,"transpose_weights(Net const*, Scratch*, int, int)",1725,698479924621377,698479924622577,0,0,8,0,128,256,1,1,1024,1,1
"KERNEL_DISPATCH","Agent 1",1,0,4160312,415,33,"k_linear_f32(float const*, float const*, float*, int, int, int, int)",1730,698479924625817,698479924627737,0,0,16,0,128,16,16,1,64,128,1
"KERNEL_DISPATCH","Agent 1",1,0,4160312,416,18,"derivative(Scratch*, int, int, int*)",1734,698479924631257,698479924632417,0,0,8,0,128,256,1,1,8192,1,1
"KERNEL_DISPATCH","Agent 1",1,0,4160312,417,19,"transpose_weights(Net const*, Scratch*, int, int)",1738,698479924635777,698479924637137,0,0,8,0,128,256,1,1,4096,1,1
"KERNEL_DISPATCH","Agent 1",1,0,4160312,418,33,"k_linear_f32(float const*, float const*, float*, int, int, int, int)",1743,698479924640497,698479924643697,0,0,16,0,128,16,16,1,64,128,1
"KERNEL_DISPATCH","Agent 1",1,0,4160312,419,18,"derivative(Scratch*, int, int, int*)",1747,698479924647297,698479924648417,0,0,8,0,128,256,1,1,8192,1,1
"KERNEL_DISPATCH","Agent 1",1,0,4160312,420,19,"transpose_weights(Net const*, Scratch*, int, int)",1751,698479924651977,698479924653097,0,0,8,0,128,256,1,1,4096,1,1
"KERNEL_DISPATCH","Agent 1",1,0,4160312,421,33,"k_linear_f32(float const*, float const*, float*, int, int, int, int)",1756,698479924684618,698479924688218,0,0,16,0,128,16,16,1,64,128,1
"KERNEL_DISPATCH","Agent 1",1,0,4160312,422,18,"derivative(Scratch*, int, int, int*)",1760,698479924692698,698479924694698,0,0,8,0,128,256,1,1,8192,1,1
"KERNEL_DISPATCH","Agent 1",1,0,4160312,423,19,"transpose_weights(Net const*, Scratch*, int, int)",1764,698479924698578,698479924699818,0,0,8,0,128,256,1,1,4096,1,1
"KERNEL_DISPATCH","Agent 1",1,0,4160312,424,33,"k_linear_f32(float const*, float const*, float*, int, int, int, int)",1769,698479924703139,698479924706459,0,0,16,0,128,16,16,1,64,128,1
"KERNEL_DISPATCH","Agent 1",1,0,4160312,425,18,"derivative(Scratch*, int, int, int*)",1773,698479924709899,698479924710979,0,0,8,0,128,256,1,1,8192,1,1
"KERNEL_DISPATCH","Agent 1",1,0,4160312,426,32,"k_sgd_f32(float*, float const*, float const*, int, int, int, int, float)",1778,698479924714379,698479924733299,0,0,16,0,128,16,16,1,80,16,1
"KERNEL_DISPATCH","Agent 1",1,0,4160312,427,32,"k_sgd_f32(float*, float const*, float const*, int, int, int, int, float)",1784,698479924769460,698479924843782,0,0,16,0,128,16,16,1,224,64,1
"KERNEL_DISPATCH","Agent 1",1,0,4160312,428,16,"check_weights(float const*, int, int*)",1789,698479924870902,698479924872102,0,0,8,0,128,256,1,1,53504,1,1
"KERNEL_DISPATCH","Agent 1",1,0,4160312,429,16,"check_weights(float const*, int, int*)",1793,698479924875342,698479924876702,0,0,8,0,128,256,1,1,1280,1,1
"KERNEL_DISPATCH","Agent 1",1,0,4160312,430,17,"reduce_loss(float*, int, int*)",1797,698479924880182,698479924885063,0,0,16,0,128,1,1,1,1,1,1
"KERNEL_DISPATCH","Agent 1",1,0,4160312,431,5,"__amd_rocclr_copyBuffer",1799,698479924888303,698479924890023,0,0,16,0,128,512,1,1,512,1,1
"KERNEL_DISPATCH","Agent 1",1,0,4160312,432,5,"__amd_rocclr_copyBuffer",1800,698479924913623,698479924915383,0,0,16,0,128,512,1,1,512,1,1
"KERNEL_DISPATCH","Agent 1",1,0,4160312,433,2,"__amd_rocclr_fillBufferAligned",1802,698479924941072,698479924943032,0,0,16,0,128,256,1,1,256,1,1
"KERNEL_DISPATCH","Agent 1",1,0,4160312,434,5,"__amd_rocclr_copyBuffer",1804,698479924976512,698479924979192,0,0,16,0,128,512,1,1,512,1,1
"KERNEL_DISPATCH","Agent 1",1,0,4160312,435,23,"join_input(float const*, Scratch*, int, int)",1807,698479925003272,698479925004872,0,0,8,0,128,256,1,1,26880,1,1
"KERNEL_DISPATCH","Agent 1",1,0,4160312,436,33,"k_linear_f32(float const*, float const*, float*, int, int, int, int)",1812,698479925008112,698479925022033,0,0,16,0,128,16,16,1,64,128,1
"KERNEL_DISPATCH","Agent 1",1,0,4160312,437,22,"activation(float*, int, int*)",1816,698479925025513,698479925026713,0,0,8,0,128,256,1,1,8192,1,1
"KERNEL_DISPATCH","Agent 1",1,0,4160312,438,23,"join_input(float const*, Scratch*, int, int)",1820,698479925030233,698479925031513,0,0,8,0,128,256,1,1,26880,1,1
"KERNEL_DISPATCH","Agent 1",1,0,4160312,439,33,"k_linear_f32(float const*, float const*, float*, int, int, int, int)",1825,698479925034873,698479925048793,0,0,16,0,128,16,16,1,64,128,1
"KERNEL_DISPATCH","Agent 1",1,0,4160312,440,22,"activation(float*, int, int*)",1829,698479925052313,698479925053473,0,0,8,0,128,256,1,1,8192,1,1
"KERNEL_DISPATCH","Agent 1",1,0,4160312,441,23,"join_input(float const*, Scratch*, int, int)",1833,698479925056833,698479925058193,0,0,8,0,128,256,1,1,26880,1,1
"KERNEL_DISPATCH","Agent 1",1,0,4160312,442,33,"k_linear_f32(float const*, float const*, float*, int, int, int, int)",1838,698479925061393,698479925075674,0,0,16,0,128,16,16,1,64,128,1
"KERNEL_DISPATCH","Agent 1",1,0,4160312,443,22,"activation(float*, int, int*)",1842,698479925079114,698479925080514,0,0,8,0,128,256,1,1,8192,1,1
"KERNEL_DISPATCH","Agent 1",1,0,4160312,444,23,"join_input(float const*, Scratch*, int, int)",1846,698479925084154,698479925085434,0,0,8,0,128,256,1,1,26880,1,1
"KERNEL_DISPATCH","Agent 1",1,0,4160312,445,33,"k_linear_f32(float const*, float const*, float*, int, int, int, int)",1851,698479925088914,698479925102874,0,0,16,0,128,16,16,1,64,128,1
"KERNEL_DISPATCH","Agent 1",1,0,4160312,446,22,"activation(float*, int, int*)",1855,698479925106234,698479925107794,0,0,8,0,128,256,1,1,8192,1,1
"KERNEL_DISPATCH","Agent 1",1,0,4160312,447,21,"final_input(Scratch*, int, int)",1859,698479925111114,698479925112274,0,0,8,0,128,256,1,1,8448,1,1
"KERNEL_DISPATCH","Agent 1",1,0,4160312,448,33,"k_linear_f32(float const*, float const*, float*, int, int, int, int)",1864,698479925115994,698479925120114,0,0,16,0,128,16,16,1,16,128,1
"KERNEL_DISPATCH","Agent 1",1,0,4160312,449,20,"softmax(Scratch*, float const*, float*, int, int*)",1868,698479925123674,698479925134915,0,0,48,0,128,128,1,1,128,1,1
"KERNEL_DISPATCH","Agent 1",1,0,4160312,450,19,"transpose_weights(Net const*, Scratch*, int, int)",1872,698479925138635,698479925139795,0,0,8,0,128,256,1,1,1024,1,1
"KERNEL_DISPATCH","Agent 1",1,0,4160312,451,33,"k_linear_f32(float const*, float const*, float*, int, int, int, int)",1877,698479925143075,698479925144755,0,0,16,0,128,16,16,1,64,128,1
"KERNEL_DISPATCH","Agent 1",1,0,4160312,452,18,"derivative(Scratch*, int, int, int*)",1881,698479925148195,698479925149395,0,0,8,0,128,256,1,1,8192,1,1
"KERNEL_DISPATCH","Agent 1",1,0,4160312,453,19,"transpose_weights(Net const*, Scratch*, int, int)",1885,698479925152715,698479925154035,0,0,8,0,128,256,1,1,4096,1,1
"KERNEL_DISPATCH","Agent 1",1,0,4160312,454,33,"k_linear_f32(float const*, float const*, float*, int, int, int, int)",1890,698479925157515,698479925160955,0,0,16,0,128,16,16,1,64,128,1
"KERNEL_DISPATCH","Agent 1",1,0,4160312,455,18,"derivative(Scratch*, int, int, int*)",1894,698479925164395,698479925165555,0,0,8,0,128,256,1,1,8192,1,1
"KERNEL_DISPATCH","Agent 1",1,0,4160312,456,19,"transpose_weights(Net const*, Scratch*, int, int)",1898,698479925168875,698479925170315,0,0,8,0,128,256,1,1,4096,1,1
"KERNEL_DISPATCH","Agent 1",1,0,4160312,457,33,"k_linear_f32(float const*, float const*, float*, int, int, int, int)",1903,698479925173755,698479925176955,0,0,16,0,128,16,16,1,64,128,1
"KERNEL_DISPATCH","Agent 1",1,0,4160312,458,18,"derivative(Scratch*, int, int, int*)",1907,698479925180115,698479925181275,0,0,8,0,128,256,1,1,8192,1,1
"KERNEL_DISPATCH","Agent 1",1,0,4160312,459,19,"transpose_weights(Net const*, Scratch*, int, int)",1911,698479925184635,698479925185915,0,0,8,0,128,256,1,1,4096,1,1
"KERNEL_DISPATCH","Agent 1",1,0,4160312,460,33,"k_linear_f32(float const*, float const*, float*, int, int, int, int)",1916,698479925189315,698479925192515,0,0,16,0,128,16,16,1,64,128,1
"KERNEL_DISPATCH","Agent 1",1,0,4160312,461,18,"derivative(Scratch*, int, int, int*)",1920,698479925195796,698479925196956,0,0,8,0,128,256,1,1,8192,1,1
"KERNEL_DISPATCH","Agent 1",1,0,4160312,462,32,"k_sgd_f32(float*, float const*, float const*, int, int, int, int, float)",1925,698479925200276,698479925219116,0,0,16,0,128,16,16,1,80,16,1
"KERNEL_DISPATCH","Agent 1",1,0,4160312,463,32,"k_sgd_f32(float*, float const*, float const*, int, int, int, int, float)",1931,698479925245396,698479925320078,0,0,16,0,128,16,16,1,224,64,1
"KERNEL_DISPATCH","Agent 1",1,0,4160312,464,16,"check_weights(float const*, int, int*)",1936,698479925349118,698479925350318,0,0,8,0,128,256,1,1,53504,1,1
"KERNEL_DISPATCH","Agent 1",1,0,4160312,465,16,"check_weights(float const*, int, int*)",1940,698479925353678,698479925354718,0,0,8,0,128,256,1,1,1280,1,1
"KERNEL_DISPATCH","Agent 1",1,0,4160312,466,17,"reduce_loss(float*, int, int*)",1944,698479925357998,698479925362518,0,0,16,0,128,1,1,1,1,1,1
"KERNEL_DISPATCH","Agent 1",1,0,4160312,467,5,"__amd_rocclr_copyBuffer",1946,698479925365918,698479925367758,0,0,16,0,128,512,1,1,512,1,1
"KERNEL_DISPATCH","Agent 1",1,0,4160312,468,5,"__amd_rocclr_copyBuffer",1947,698479925389279,698479925390999,0,0,16,0,128,512,1,1,512,1,1
"KERNEL_DISPATCH","Agent 1",1,0,4160312,469,2,"__amd_rocclr_fillBufferAligned",1949,698479925417079,698479925419559,0,0,16,0,128,256,1,1,256,1,1
"KERNEL_DISPATCH","Agent 1",1,0,4160312,470,5,"__amd_rocclr_copyBuffer",1951,698479925455000,698479925456960,0,0,16,0,128,512,1,1,512,1,1
"KERNEL_DISPATCH","Agent 1",1,0,4160312,471,23,"join_input(float const*, Scratch*, int, int)",1954,698479925481600,698479925483000,0,0,8,0,128,256,1,1,26880,1,1
"KERNEL_DISPATCH","Agent 1",1,0,4160312,472,33,"k_linear_f32(float const*, float const*, float*, int, int, int, int)",1959,698479925486480,698479925500440,0,0,16,0,128,16,16,1,64,128,1
"KERNEL_DISPATCH","Agent 1",1,0,4160312,473,22,"activation(float*, int, int*)",1963,698479925503760,698479925505040,0,0,8,0,128,256,1,1,8192,1,1
"KERNEL_DISPATCH","Agent 1",1,0,4160312,474,23,"join_input(float const*, Scratch*, int, int)",1967,698479925508681,698479925509961,0,0,8,0,128,256,1,1,26880,1,1
"KERNEL_DISPATCH","Agent 1",1,0,4160312,475,33,"k_linear_f32(float const*, float const*, float*, int, int, int, int)",1972,698479925513521,698479925527561,0,0,16,0,128,16,16,1,64,128,1
"KERNEL_DISPATCH","Agent 1",1,0,4160312,476,22,"activation(float*, int, int*)",1976,698479925531041,698479925532161,0,0,8,0,128,256,1,1,8192,1,1
"KERNEL_DISPATCH","Agent 1",1,0,4160312,477,23,"join_input(float const*, Scratch*, int, int)",1980,698479925535921,698479925537241,0,0,8,0,128,256,1,1,26880,1,1
"KERNEL_DISPATCH","Agent 1",1,0,4160312,478,33,"k_linear_f32(float const*, float const*, float*, int, int, int, int)",1985,698479925541121,698479925555241,0,0,16,0,128,16,16,1,64,128,1
"KERNEL_DISPATCH","Agent 1",1,0,4160312,479,22,"activation(float*, int, int*)",1989,698479925558721,698479925559921,0,0,8,0,128,256,1,1,8192,1,1
"KERNEL_DISPATCH","Agent 1",1,0,4160312,480,23,"join_input(float const*, Scratch*, int, int)",1993,698479925563241,698479925564481,0,0,8,0,128,256,1,1,26880,1,1
"KERNEL_DISPATCH","Agent 1",1,0,4160312,481,33,"k_linear_f32(float const*, float const*, float*, int, int, int, int)",1998,698479925568002,698479925581962,0,0,16,0,128,16,16,1,64,128,1
"KERNEL_DISPATCH","Agent 1",1,0,4160312,483,21,"final_input(Scratch*, int, int)",2006,698479925590082,698479925591562,0,0,8,0,128,256,1,1,8448,1,1
"KERNEL_DISPATCH","Agent 1",1,0,4160312,482,22,"activation(float*, int, int*)",2002,698479925585322,698479925586682,0,0,8,0,128,256,1,1,8192,1,1
"KERNEL_DISPATCH","Agent 1",1,0,4160312,484,33,"k_linear_f32(float const*, float const*, float*, int, int, int, int)",2011,698479925595002,698479925599082,0,0,16,0,128,16,16,1,16,128,1
"KERNEL_DISPATCH","Agent 1",1,0,4160312,485,20,"softmax(Scratch*, float const*, float*, int, int*)",2015,698479925602802,698479925614082,0,0,48,0,128,128,1,1,128,1,1
"KERNEL_DISPATCH","Agent 1",1,0,4160312,486,19,"transpose_weights(Net const*, Scratch*, int, int)",2019,698479925617442,698479925618802,0,0,8,0,128,256,1,1,1024,1,1
"KERNEL_DISPATCH","Agent 1",1,0,4160312,487,33,"k_linear_f32(float const*, float const*, float*, int, int, int, int)",2024,698479925622402,698479925624122,0,0,16,0,128,16,16,1,64,128,1
"KERNEL_DISPATCH","Agent 1",1,0,4160312,488,18,"derivative(Scratch*, int, int, int*)",2028,698479925627562,698479925628882,0,0,8,0,128,256,1,1,8192,1,1
"KERNEL_DISPATCH","Agent 1",1,0,4160312,489,19,"transpose_weights(Net const*, Scratch*, int, int)",2032,698479925632283,698479925633843,0,0,8,0,128,256,1,1,4096,1,1
"KERNEL_DISPATCH","Agent 1",1,0,4160312,490,33,"k_linear_f32(float const*, float const*, float*, int, int, int, int)",2037,698479925637483,698479925640723,0,0,16,0,128,16,16,1,64,128,1
"KERNEL_DISPATCH","Agent 1",1,0,4160312,491,18,"derivative(Scratch*, int, int, int*)",2041,698479925644003,698479925645283,0,0,8,0,128,256,1,1,8192,1,1
"KERNEL_DISPATCH","Agent 1",1,0,4160312,492,19,"transpose_weights(Net const*, Scratch*, int, int)",2045,698479925648643,698479925650083,0,0,8,0,128,256,1,1,4096,1,1
"KERNEL_DISPATCH","Agent 1",1,0,4160312,493,33,"k_linear_f32(float const*, float const*, float*, int, int, int, int)",2050,698479925653603,698479925656883,0,0,16,0,128,16,16,1,64,128,1
"KERNEL_DISPATCH","Agent 1",1,0,4160312,494,18,"derivative(Scratch*, int, int, int*)",2054,698479925660083,698479925661243,0,0,8,0,128,256,1,1,8192,1,1
"KERNEL_DISPATCH","Agent 1",1,0,4160312,495,19,"transpose_weights(Net const*, Scratch*, int, int)",2058,698479925664963,698479925666243,0,0,8,0,128,256,1,1,4096,1,1
"KERNEL_DISPATCH","Agent 1",1,0,4160312,496,33,"k_linear_f32(float const*, float const*, float*, int, int, int, int)",2063,698479925669683,698479925672883,0,0,16,0,128,16,16,1,64,128,1
"KERNEL_DISPATCH","Agent 1",1,0,4160312,497,18,"derivative(Scratch*, int, int, int*)",2067,698479925676443,698479925677563,0,0,8,0,128,256,1,1,8192,1,1
"KERNEL_DISPATCH","Agent 1",1,0,4160312,498,32,"k_sgd_f32(float*, float const*, float const*, int, int, int, int, float)",2072,698479925681043,698479925699764,0,0,16,0,128,16,16,1,80,16,1
"KERNEL_DISPATCH","Agent 1",1,0,4160312,499,32,"k_sgd_f32(float*, float const*, float const*, int, int, int, int, float)",2078,698479925726724,698479925801605,0,0,16,0,128,16,16,1,224,64,1
"KERNEL_DISPATCH","Agent 1",1,0,4160312,500,16,"check_weights(float const*, int, int*)",2083,698479925830326,698479925831526,0,0,8,0,128,256,1,1,53504,1,1
"KERNEL_DISPATCH","Agent 1",1,0,4160312,501,16,"check_weights(float const*, int, int*)",2087,698479925834806,698479925836046,0,0,8,0,128,256,1,1,1280,1,1
"KERNEL_DISPATCH","Agent 1",1,0,4160312,502,17,"reduce_loss(float*, int, int*)",2091,698479925839366,698479925843846,0,0,16,0,128,1,1,1,1,1,1
"KERNEL_DISPATCH","Agent 1",1,0,4160312,503,5,"__amd_rocclr_copyBuffer",2093,698479925847366,698479925849166,0,0,16,0,128,512,1,1,512,1,1
"KERNEL_DISPATCH","Agent 1",1,0,4160312,504,5,"__amd_rocclr_copyBuffer",2094,698479925872446,698479925874206,0,0,16,0,128,512,1,1,512,1,1
"KERNEL_DISPATCH","Agent 1",1,0,4160312,505,2,"__amd_rocclr_fillBufferAligned",2096,698479925900287,698479925902407,0,0,16,0,128,256,1,1,256,1,1
"KERNEL_DISPATCH","Agent 1",1,0,4160312,506,5,"__amd_rocclr_copyBuffer",2098,698479925935487,698479925937647,0,0,16,0,128,512,1,1,512,1,1
"KERNEL_DISPATCH","Agent 1",1,0,4160312,507,23,"join_input(float const*, Scratch*, int, int)",2101,698479925963608,698479925964928,0,0,8,0,128,256,1,1,26880,1,1
"KERNEL_DISPATCH","Agent 1",1,0,4160312,508,33,"k_linear_f32(float const*, float const*, float*, int, int, int, int)",2106,698479926033849,698479926048169,0,0,16,0,128,16,16,1,64,128,1
"KERNEL_DISPATCH","Agent 1",1,0,4160312,509,22,"activation(float*, int, int*)",2110,698479926052009,698479926053249,0,0,8,0,128,256,1,1,8192,1,1
"KERNEL_DISPATCH","Agent 1",1,0,4160312,510,23,"join_input(float const*, Scratch*, int, int)",2114,698479926056809,698479926058049,0,0,8,0,128,256,1,1,26880,1,1
"KERNEL_DISPATCH","Agent 1",1,0,4160312,511,33,"k_linear_f32(float const*, float const*, float*, int, int, int, int)",2119,698479926061529,698479926075490,0,0,16,0,128,16,16,1,64,128,1
"KERNEL_DISPATCH","Agent 1",1,0,4160312,512,22,"activation(float*, int, int*)",2123,698479926079210,698479926080450,0,0,8,0,128,256,1,1,8192,1,1
"KERNEL_DISPATCH","Agent 1",1,0,4160312,513,23,"join_input(float const*, Scratch*, int, int)",2127,698479926083850,698479926085170,0,0,8,0,128,256,1,1,26880,1,1
"KERNEL_DISPATCH","Agent 1",1,0,4160312,514,33,"k_linear_f32(float const*, float const*, float*, int, int, int, int)",2132,698479926088450,698479926102570,0,0,16,0,128,16,16,1,64,128,1
"KERNEL_DISPATCH","Agent 1",1,0,4160312,515,22,"activation(float*, int, int*)",2136,698479926106090,698479926107290,0,0,8,0,128,256,1,1,8192,1,1
"KERNEL_DISPATCH","Agent 1",1,0,4160312,516,23,"join_input(float const*, Scratch*, int, int)",2140,698479926110690,698479926111970,0,0,8,0,128,256,1,1,26880,1,1
"KERNEL_DISPATCH","Agent 1",1,0,4160312,517,33,"k_linear_f32(float const*, float const*, float*, int, int, int, int)",2145,698479926115450,698479926129331,0,0,16,0,128,16,16,1,64,128,1
"KERNEL_DISPATCH","Agent 1",1,0,4160312,518,22,"activation(float*, int, int*)",2149,698479926132651,698479926133851,0,0,8,0,128,256,1,1,8192,1,1
"KERNEL_DISPATCH","Agent 1",1,0,4160312,519,21,"final_input(Scratch*, int, int)",2153,698479926137691,698479926138811,0,0,8,0,128,256,1,1,8448,1,1
"KERNEL_DISPATCH","Agent 1",1,0,4160312,520,33,"k_linear_f32(float const*, float const*, float*, int, int, int, int)",2158,698479926142091,698479926146091,0,0,16,0,128,16,16,1,16,128,1
"KERNEL_DISPATCH","Agent 1",1,0,4160312,521,20,"softmax(Scratch*, float const*, float*, int, int*)",2162,698479926149491,698479926160731,0,0,48,0,128,128,1,1,128,1,1
"KERNEL_DISPATCH","Agent 1",1,0,4160312,522,19,"transpose_weights(Net const*, Scratch*, int, int)",2166,698479926164491,698479926165771,0,0,8,0,128,256,1,1,1024,1,1
"KERNEL_DISPATCH","Agent 1",1,0,4160312,523,33,"k_linear_f32(float const*, float const*, float*, int, int, int, int)",2171,698479926169091,698479926170811,0,0,16,0,128,16,16,1,64,128,1
"KERNEL_DISPATCH","Agent 1",1,0,4160312,524,18,"derivative(Scratch*, int, int, int*)",2175,698479926174171,698479926175531,0,0,8,0,128,256,1,1,8192,1,1
"KERNEL_DISPATCH","Agent 1",1,0,4160312,525,19,"transpose_weights(Net const*, Scratch*, int, int)",2179,698479926178851,698479926180091,0,0,8,0,128,256,1,1,4096,1,1
"KERNEL_DISPATCH","Agent 1",1,0,4160312,528,19,"transpose_weights(Net const*, Scratch*, int, int)",2192,698479926195132,698479926196332,0,0,8,0,128,256,1,1,4096,1,1
"KERNEL_DISPATCH","Agent 1",1,0,4160312,527,18,"derivative(Scratch*, int, int, int*)",2188,698479926190452,698479926191692,0,0,8,0,128,256,1,1,8192,1,1
"KERNEL_DISPATCH","Agent 1",1,0,4160312,526,33,"k_linear_f32(float const*, float const*, float*, int, int, int, int)",2184,698479926183891,698479926187091,0,0,16,0,128,16,16,1,64,128,1
"KERNEL_DISPATCH","Agent 1",1,0,4160312,529,33,"k_linear_f32(float const*, float const*, float*, int, int, int, int)",2197,698479926200212,698479926203412,0,0,16,0,128,16,16,1,64,128,1
"KERNEL_DISPATCH","Agent 1",1,0,4160312,530,18,"derivative(Scratch*, int, int, int*)",2201,698479926206852,698479926208012,0,0,8,0,128,256,1,1,8192,1,1
"KERNEL_DISPATCH","Agent 1",1,0,4160312,531,19,"transpose_weights(Net const*, Scratch*, int, int)",2205,698479926211772,698479926213012,0,0,8,0,128,256,1,1,4096,1,1
"KERNEL_DISPATCH","Agent 1",1,0,4160312,532,33,"k_linear_f32(float const*, float const*, float*, int, int, int, int)",2210,698479926216292,698479926219692,0,0,16,0,128,16,16,1,64,128,1
"KERNEL_DISPATCH","Agent 1",1,0,4160312,533,18,"derivative(Scratch*, int, int, int*)",2214,698479926223572,698479926224732,0,0,8,0,128,256,1,1,8192,1,1
"KERNEL_DISPATCH","Agent 1",1,0,4160312,534,32,"k_sgd_f32(float*, float const*, float const*, int, int, int, int, float)",2219,698479926227972,698479926246452,0,0,16,0,128,16,16,1,80,16,1
"KERNEL_DISPATCH","Agent 1",1,0,4160312,535,32,"k_sgd_f32(float*, float const*, float const*, int, int, int, int, float)",2225,698479926283733,698479926357414,0,0,16,0,128,16,16,1,224,64,1
"KERNEL_DISPATCH","Agent 1",1,0,4160312,536,16,"check_weights(float const*, int, int*)",2230,698479926386855,698479926388015,0,0,8,0,128,256,1,1,53504,1,1
"KERNEL_DISPATCH","Agent 1",1,0,4160312,537,16,"check_weights(float const*, int, int*)",2234,698479926391335,698479926392335,0,0,8,0,128,256,1,1,1280,1,1
"KERNEL_DISPATCH","Agent 1",1,0,4160312,538,17,"reduce_loss(float*, int, int*)",2238,698479926395615,698479926400095,0,0,16,0,128,1,1,1,1,1,1
"KERNEL_DISPATCH","Agent 1",1,0,4160312,539,5,"__amd_rocclr_copyBuffer",2240,698479926403455,698479926405335,0,0,16,0,128,512,1,1,512,1,1
"KERNEL_DISPATCH","Agent 1",1,0,4160312,540,5,"__amd_rocclr_copyBuffer",2241,698479926427695,698479926429535,0,0,16,0,128,512,1,1,512,1,1
"KERNEL_DISPATCH","Agent 1",1,0,4160312,541,2,"__amd_rocclr_fillBufferAligned",2243,698479926454896,698479926457056,0,0,16,0,128,256,1,1,256,1,1
"KERNEL_DISPATCH","Agent 1",1,0,4160312,542,5,"__amd_rocclr_copyBuffer",2245,698479926491736,698479926493736,0,0,16,0,128,512,1,1,512,1,1
"KERNEL_DISPATCH","Agent 1",1,0,4160312,543,23,"join_input(float const*, Scratch*, int, int)",2248,698479926518577,698479926519897,0,0,8,0,128,256,1,1,26880,1,1
"KERNEL_DISPATCH","Agent 1",1,0,4160312,544,33,"k_linear_f32(float const*, float const*, float*, int, int, int, int)",2253,698479926523817,698479926537777,0,0,16,0,128,16,16,1,64,128,1
"KERNEL_DISPATCH","Agent 1",1,0,4160312,545,22,"activation(float*, int, int*)",2257,698479926541297,698479926542497,0,0,8,0,128,256,1,1,8192,1,1
"KERNEL_DISPATCH","Agent 1",1,0,4160312,546,23,"join_input(float const*, Scratch*, int, int)",2261,698479926546097,698479926547457,0,0,8,0,128,256,1,1,26880,1,1
"KERNEL_DISPATCH","Agent 1",1,0,4160312,547,33,"k_linear_f32(float const*, float const*, float*, int, int, int, int)",2266,698479926551057,698479926565018,0,0,16,0,128,16,16,1,64,128,1
"KERNEL_DISPATCH","Agent 1",1,0,4160312,548,22,"activation(float*, int, int*)",2270,698479926568538,698479926569698,0,0,8,0,128,256,1,1,8192,1,1
"KERNEL_DISPATCH","Agent 1",1,0,4160312,549,23,"join_input(float const*, Scratch*, int, int)",2274,698479926573378,698479926574618,0,0,8,0,128,256,1,1,26880,1,1
"KERNEL_DISPATCH","Agent 1",1,0,4160312,550,33,"k_linear_f32(float const*, float const*, float*, int, int, int, int)",2279,698479926578458,698479926592538,0,0,16,0,128,16,16,1,64,128,1
"KERNEL_DISPATCH","Agent 1",1,0,4160312,551,22,"activation(float*, int, int*)",2283,698479926595858,698479926597058,0,0,8,0,128,256,1,1,8192,1,1
"KERNEL_DISPATCH","Agent 1",1,0,4160312,552,23,"join_input(float const*, Scratch*, int, int)",2287,698479926600658,698479926601938,0,0,8,0,128,256,1,1,26880,1,1
"KERNEL_DISPATCH","Agent 1",1,0,4160312,553,33,"k_linear_f32(float const*, float const*, float*, int, int, int, int)",2292,698479926605498,698479926619458,0,0,16,0,128,16,16,1,64,128,1
"KERNEL_DISPATCH","Agent 1",1,0,4160312,554,22,"activation(float*, int, int*)",2296,698479926622898,698479926624019,0,0,8,0,128,256,1,1,8192,1,1
"KERNEL_DISPATCH","Agent 1",1,0,4160312,555,21,"final_input(Scratch*, int, int)",2300,698479926627259,698479926628379,0,0,8,0,128,256,1,1,8448,1,1
"KERNEL_DISPATCH","Agent 1",1,0,4160312,556,33,"k_linear_f32(float const*, float const*, float*, int, int, int, int)",2305,698479926631859,698479926635899,0,0,16,0,128,16,16,1,16,128,1
"KERNEL_DISPATCH","Agent 1",1,0,4160312,557,20,"softmax(Scratch*, float const*, float*, int, int*)",2309,698479926639179,698479926650739,0,0,48,0,128,128,1,1,128,1,1
"KERNEL_DISPATCH","Agent 1",1,0,4160312,558,19,"transpose_weights(Net const*, Scratch*, int, int)",2313,698479926654339,698479926655499,0,0,8,0,128,256,1,1,1024,1,1
"KERNEL_DISPATCH","Agent 1",1,0,4160312,559,33,"k_linear_f32(float const*, float const*, float*, int, int, int, int)",2318,698479926659099,698479926660739,0,0,16,0,128,16,16,1,64,128,1
"KERNEL_DISPATCH","Agent 1",1,0,4160312,560,18,"derivative(Scratch*, int, int, int*)",2322,698479926664499,698479926665619,0,0,8,0,128,256,1,1,8192,1,1
"KERNEL_DISPATCH","Agent 1",1,0,4160312,561,19,"transpose_weights(Net const*, Scratch*, int, int)",2326,698479926669019,698479926670219,0,0,8,0,128,256,1,1,4096,1,1
"KERNEL_DISPATCH","Agent 1",1,0,4160312,562,33,"k_linear_f32(float const*, float const*, float*, int, int, int, int)",2331,698479926673499,698479926676779,0,0,16,0,128,16,16,1,64,128,1
"KERNEL_DISPATCH","Agent 1",1,0,4160312,563,18,"derivative(Scratch*, int, int, int*)",2335,698479926680099,698479926681339,0,0,8,0,128,256,1,1,8192,1,1
"KERNEL_DISPATCH","Agent 1",1,0,4160312,564,19,"transpose_weights(Net const*, Scratch*, int, int)",2339,698479926684699,698479926685900,0,0,8,0,128,256,1,1,4096,1,1
"KERNEL_DISPATCH","Agent 1",1,0,4160312,565,33,"k_linear_f32(float const*, float const*, float*, int, int, int, int)",2344,698479926690220,698479926693740,0,0,16,0,128,16,16,1,64,128,1
"KERNEL_DISPATCH","Agent 1",1,0,4160312,566,18,"derivative(Scratch*, int, int, int*)",2348,698479926697620,698479926699020,0,0,8,0,128,256,1,1,8192,1,1
"KERNEL_DISPATCH","Agent 1",1,0,4160312,567,19,"transpose_weights(Net const*, Scratch*, int, int)",2352,698479926702700,698479926703940,0,0,8,0,128,256,1,1,4096,1,1
"KERNEL_DISPATCH","Agent 1",1,0,4160312,568,33,"k_linear_f32(float const*, float const*, float*, int, int, int, int)",2357,698479926707380,698479926710580,0,0,16,0,128,16,16,1,64,128,1
"KERNEL_DISPATCH","Agent 1",1,0,4160312,569,18,"derivative(Scratch*, int, int, int*)",2361,698479926713740,698479926714940,0,0,8,0,128,256,1,1,8192,1,1
"KERNEL_DISPATCH","Agent 1",1,0,4160312,570,32,"k_sgd_f32(float*, float const*, float const*, int, int, int, int, float)",2366,698479926718260,698479926737340,0,0,16,0,128,16,16,1,80,16,1
"KERNEL_DISPATCH","Agent 1",1,0,4160312,571,32,"k_sgd_f32(float*, float const*, float const*, int, int, int, int, float)",2372,698479926766061,698479926840742,0,0,16,0,128,16,16,1,224,64,1
"KERNEL_DISPATCH","Agent 1",1,0,4160312,572,16,"check_weights(float const*, int, int*)",2377,698479926870742,698479926871903,0,0,8,0,128,256,1,1,53504,1,1
"KERNEL_DISPATCH","Agent 1",1,0,4160312,573,16,"check_weights(float const*, int, int*)",2381,698479926875143,698479926876103,0,0,8,0,128,256,1,1,1280,1,1
"KERNEL_DISPATCH","Agent 1",1,0,4160312,574,17,"reduce_loss(float*, int, int*)",2385,698479926879423,698479926883943,0,0,16,0,128,1,1,1,1,1,1
"KERNEL_DISPATCH","Agent 1",1,0,4160312,575,5,"__amd_rocclr_copyBuffer",2387,698479926887303,698479926889103,0,0,16,0,128,512,1,1,512,1,1
"KERNEL_DISPATCH","Agent 1",1,0,4160312,576,5,"__amd_rocclr_copyBuffer",2388,698479926911863,698479926913703,0,0,16,0,128,512,1,1,512,1,1
"KERNEL_DISPATCH","Agent 1",1,0,4160312,577,2,"__amd_rocclr_fillBufferAligned",2390,698479926939264,698479926941584,0,0,16,0,128,256,1,1,256,1,1
"KERNEL_DISPATCH","Agent 1",1,0,4160312,578,5,"__amd_rocclr_copyBuffer",2392,698479926975704,698479926978144,0,0,16,0,128,512,1,1,512,1,1
"KERNEL_DISPATCH","Agent 1",1,0,4160312,579,23,"join_input(float const*, Scratch*, int, int)",2395,698479927002625,698479927004105,0,0,8,0,128,256,1,1,26880,1,1
"KERNEL_DISPATCH","Agent 1",1,0,4160312,580,33,"k_linear_f32(float const*, float const*, float*, int, int, int, int)",2400,698479927007505,698479927021465,0,0,16,0,128,16,16,1,64,128,1
"KERNEL_DISPATCH","Agent 1",1,0,4160312,581,22,"activation(float*, int, int*)",2404,698479927024785,698479927026065,0,0,8,0,128,256,1,1,8192,1,1
"KERNEL_DISPATCH","Agent 1",1,0,4160312,582,23,"join_input(float const*, Scratch*, int, int)",2408,698479927029465,698479927030705,0,0,8,0,128,256,1,1,26880,1,1
"KERNEL_DISPATCH","Agent 1",1,0,4160312,583,33,"k_linear_f32(float const*, float const*, float*, int, int, int, int)",2413,698479927034225,698479927048225,0,0,16,0,128,16,16,1,64,128,1
"KERNEL_DISPATCH","Agent 1",1,0,4160312,584,22,"activation(float*, int, int*)",2417,698479927051625,698479927052985,0,0,8,0,128,256,1,1,8192,1,1
"KERNEL_DISPATCH","Agent 1",1,0,4160312,585,23,"join_input(float const*, Scratch*, int, int)",2421,698479927056425,698479927057705,0,0,8,0,128,256,1,1,26880,1,1
"KERNEL_DISPATCH","Agent 1",1,0,4160312,586,33,"k_linear_f32(float const*, float const*, float*, int, int, int, int)",2426,698479927061386,698479927075426,0,0,16,0,128,16,16,1,64,128,1
"KERNEL_DISPATCH","Agent 1",1,0,4160312,587,22,"activation(float*, int, int*)",2430,698479927078786,698479927080346,0,0,8,0,128,256,1,1,8192,1,1
"KERNEL_DISPATCH","Agent 1",1,0,4160312,588,23,"join_input(float const*, Scratch*, int, int)",2434,698479927083906,698479927085426,0,0,8,0,128,256,1,1,26880,1,1
"KERNEL_DISPATCH","Agent 1",1,0,4160312,589,33,"k_linear_f32(float const*, float const*, float*, int, int, int, int)",2439,698479927088826,698479927102786,0,0,16,0,128,16,16,1,64,128,1
"KERNEL_DISPATCH","Agent 1",1,0,4160312,590,22,"activation(float*, int, int*)",2443,698479927106106,698479927107546,0,0,8,0,128,256,1,1,8192,1,1
"KERNEL_DISPATCH","Agent 1",1,0,4160312,591,21,"final_input(Scratch*, int, int)",2447,698479927110906,698479927112106,0,0,8,0,128,256,1,1,8448,1,1
"KERNEL_DISPATCH","Agent 1",1,0,4160312,592,33,"k_linear_f32(float const*, float const*, float*, int, int, int, int)",2452,698479927151467,698479927155507,0,0,16,0,128,16,16,1,16,128,1
"KERNEL_DISPATCH","Agent 1",1,0,4160312,593,20,"softmax(Scratch*, float const*, float*, int, int*)",2456,698479927158947,698479927170107,0,0,48,0,128,128,1,1,128,1,1
"KERNEL_DISPATCH","Agent 1",1,0,4160312,594,19,"transpose_weights(Net const*, Scratch*, int, int)",2460,698479927173467,698479927174907,0,0,8,0,128,256,1,1,1024,1,1
"KERNEL_DISPATCH","Agent 1",1,0,4160312,595,33,"k_linear_f32(float const*, float const*, float*, int, int, int, int)",2465,698479927178267,698479927179947,0,0,16,0,128,16,16,1,64,128,1
"KERNEL_DISPATCH","Agent 1",1,0,4160312,596,18,"derivative(Scratch*, int, int, int*)",2469,698479927183308,698479927184468,0,0,8,0,128,256,1,1,8192,1,1
"KERNEL_DISPATCH","Agent 1",1,0,4160312,597,19,"transpose_weights(Net const*, Scratch*, int, int)",2473,698479927187788,698479927189068,0,0,8,0,128,256,1,1,4096,1,1
"KERNEL_DISPATCH","Agent 1",1,0,4160312,598,33,"k_linear_f32(float const*, float const*, float*, int, int, int, int)",2478,698479927192348,698479927195628,0,0,16,0,128,16,16,1,64,128,1
"KERNEL_DISPATCH","Agent 1",1,0,4160312,599,18,"derivative(Scratch*, int, int, int*)",2482,698479927199068,698479927200228,0,0,8,0,128,256,1,1,8192,1,1
"KERNEL_DISPATCH","Agent 1",1,0,4160312,600,19,"transpose_weights(Net const*, Scratch*, int, int)",2486,698479927203428,698479927204708,0,0,8,0,128,256,1,1,4096,1,1
"KERNEL_DISPATCH","Agent 1",1,0,4160312,601,33,"k_linear_f32(float const*, float const*, float*, int, int, int, int)",2491,698479927207948,698479927211428,0,0,16,0,128,16,16,1,64,128,1
"KERNEL_DISPATCH","Agent 1",1,0,4160312,602,18,"derivative(Scratch*, int, int, int*)",2495,698479927214948,698479927216068,0,0,8,0,128,256,1,1,8192,1,1
"KERNEL_DISPATCH","Agent 1",1,0,4160312,603,19,"transpose_weights(Net const*, Scratch*, int, int)",2499,698479927219548,698479927220988,0,0,8,0,128,256,1,1,4096,1,1
"KERNEL_DISPATCH","Agent 1",1,0,4160312,604,33,"k_linear_f32(float const*, float const*, float*, int, int, int, int)",2504,698479927224668,698479927227868,0,0,16,0,128,16,16,1,64,128,1
"KERNEL_DISPATCH","Agent 1",1,0,4160312,605,18,"derivative(Scratch*, int, int, int*)",2508,698479927231228,698479927232388,0,0,8,0,128,256,1,1,8192,1,1
"KERNEL_DISPATCH","Agent 1",1,0,4160312,606,32,"k_sgd_f32(float*, float const*, float const*, int, int, int, int, float)",2513,698479927235828,698479927254669,0,0,16,0,128,16,16,1,80,16,1
"KERNEL_DISPATCH","Agent 1",1,0,4160312,607,32,"k_sgd_f32(float*, float const*, float const*, int, int, int, int, float)",2519,698479927295909,698479927370271,0,0,16,0,128,16,16,1,224,64,1
"KERNEL_DISPATCH","Agent 1",1,0,4160312,608,16,"check_weights(float const*, int, int*)",2524,698479927398471,698479927400111,0,0,8,0,128,256,1,1,53504,1,1
"KERNEL_DISPATCH","Agent 1",1,0,4160312,609,16,"check_weights(float const*, int, int*)",2528,698479927403351,698479927404391,0,0,8,0,128,256,1,1,1280,1,1
"KERNEL_DISPATCH","Agent 1",1,0,4160312,610,17,"reduce_loss(float*, int, int*)",2532,698479927407951,698479927412551,0,0,16,0,128,1,1,1,1,1,1
"KERNEL_DISPATCH","Agent 1",1,0,4160312,611,5,"__amd_rocclr_copyBuffer",2534,698479927415871,698479927417631,0,0,16,0,128,512,1,1,512,1,1
"KERNEL_DISPATCH","Agent 1",1,0,4160312,612,5,"__amd_rocclr_copyBuffer",2535,698479927441592,698479927443552,0,0,16,0,128,512,1,1,512,1,1
"KERNEL_DISPATCH","Agent 1",1,0,4160312,613,2,"__amd_rocclr_fillBufferAligned",2537,698479927468392,698479927470232,0,0,16,0,128,256,1,1,256,1,1
"KERNEL_DISPATCH","Agent 1",1,0,4160312,614,5,"__amd_rocclr_copyBuffer",2539,698479927503473,698479927505433,0,0,16,0,128,512,1,1,512,1,1
"KERNEL_DISPATCH","Agent 1",1,0,4160312,615,23,"join_input(float const*, Scratch*, int, int)",2542,698479927529513,698479927530953,0,0,8,0,128,256,1,1,26880,1,1
"KERNEL_DISPATCH","Agent 1",1,0,4160312,616,33,"k_linear_f32(float const*, float const*, float*, int, int, int, int)",2547,698479927534233,698479927548193,0,0,16,0,128,16,16,1,64,128,1
"KERNEL_DISPATCH","Agent 1",1,0,4160312,617,22,"activation(float*, int, int*)",2551,698479927551473,698479927552713,0,0,8,0,128,256,1,1,8192,1,1
"KERNEL_DISPATCH","Agent 1",1,0,4160312,618,23,"join_input(float const*, Scratch*, int, int)",2555,698479927556314,698479927557554,0,0,8,0,128,256,1,1,26880,1,1
"KERNEL_DISPATCH","Agent 1",1,0,4160312,619,33,"k_linear_f32(float const*, float const*, float*, int, int, int, int)",2560,698479927561234,698479927575154,0,0,16,0,128,16,16,1,64,128,1
"KERNEL_DISPATCH","Agent 1",1,0,4160312,620,22,"activation(float*, int, int*)",2564,698479927578394,698479927579634,0,0,8,0,128,256,1,1,8192,1,1
"KERNEL_DISPATCH","Agent 1",1,0,4160312,621,23,"join_input(float const*, Scratch*, int, int)",2568,698479927582954,698479927584474,0,0,8,0,128,256,1,1,26880,1,1
"KERNEL_DISPATCH","Agent 1",1,0,4160312,622,33,"k_linear_f32(float const*, float const*, float*, int, int, int, int)",2573,698479927587914,698479927601954,0,0,16,0,128,16,16,1,64,128,1
"KERNEL_DISPATCH","Agent 1",1,0,4160312,623,22,"activation(float*, int, int*)",2577,698479927605514,698479927606914,0,0,8,0,128,256,1,1,8192,1,1
"KERNEL_DISPATCH","Agent 1",1,0,4160312,624,23,"join_input(float const*, Scratch*, int, int)",2581,698479927610274,698479927611954,0,0,8,0,128,256,1,1,26880,1,1
"KERNEL_DISPATCH","Agent 1",1,0,4160312,625,33,"k_linear_f32(float const*, float const*, float*, int, int, int, int)",2586,698479927615594,698479927629635,0,0,16,0,128,16,16,1,64,128,1
"KERNEL_DISPATCH","Agent 1",1,0,4160312,626,22,"activation(float*, int, int*)",2590,698479927633115,698479927634635,0,0,8,0,128,256,1,1,8192,1,1
"KERNEL_DISPATCH","Agent 1",1,0,4160312,627,21,"final_input(Scratch*, int, int)",2594,698479927638315,698479927639435,0,0,8,0,128,256,1,1,8448,1,1
"KERNEL_DISPATCH","Agent 1",1,0,4160312,628,33,"k_linear_f32(float const*, float const*, float*, int, int, int, int)",2599,698479927643075,698479927647155,0,0,16,0,128,16,16,1,16,128,1
"KERNEL_DISPATCH","Agent 1",1,0,4160312,629,20,"softmax(Scratch*, float const*, float*, int, int*)",2603,698479927650835,698479927662035,0,0,48,0,128,128,1,1,128,1,1
"KERNEL_DISPATCH","Agent 1",1,0,4160312,630,19,"transpose_weights(Net const*, Scratch*, int, int)",2607,698479927665955,698479927667235,0,0,8,0,128,256,1,1,1024,1,1
"KERNEL_DISPATCH","Agent 1",1,0,4160312,631,33,"k_linear_f32(float const*, float const*, float*, int, int, int, int)",2612,698479927670635,698479927672315,0,0,16,0,128,16,16,1,64,128,1
"KERNEL_DISPATCH","Agent 1",1,0,4160312,632,18,"derivative(Scratch*, int, int, int*)",2616,698479927675635,698479927676955,0,0,8,0,128,256,1,1,8192,1,1
"KERNEL_DISPATCH","Agent 1",1,0,4160312,633,19,"transpose_weights(Net const*, Scratch*, int, int)",2620,698479927680516,698479927681996,0,0,8,0,128,256,1,1,4096,1,1
"KERNEL_DISPATCH","Agent 1",1,0,4160312,634,33,"k_linear_f32(float const*, float const*, float*, int, int, int, int)",2625,698479927685556,698479927688756,0,0,16,0,128,16,16,1,64,128,1
"KERNEL_DISPATCH","Agent 1",1,0,4160312,635,18,"derivative(Scratch*, int, int, int*)",2629,698479927692036,698479927693596,0,0,8,0,128,256,1,1,8192,1,1
"KERNEL_DISPATCH","Agent 1",1,0,4160312,636,19,"transpose_weights(Net const*, Scratch*, int, int)",2633,698479927697036,698479927698236,0,0,8,0,128,256,1,1,4096,1,1
"KERNEL_DISPATCH","Agent 1",1,0,4160312,637,33,"k_linear_f32(float const*, float const*, float*, int, int, int, int)",2638,698479927701556,698479927704756,0,0,16,0,128,16,16,1,64,128,1
"KERNEL_DISPATCH","Agent 1",1,0,4160312,638,18,"derivative(Scratch*, int, int, int*)",2642,698479927708276,698479927709476,0,0,8,0,128,256,1,1,8192,1,1
"KERNEL_DISPATCH","Agent 1",1,0,4160312,639,19,"transpose_weights(Net const*, Scratch*, int, int)",2646,698479927713076,698479927714356,0,0,8,0,128,256,1,1,4096,1,1
"KERNEL_DISPATCH","Agent 1",1,0,4160312,640,33,"k_linear_f32(float const*, float const*, float*, int, int, int, int)",2651,698479927717676,698479927720916,0,0,16,0,128,16,16,1,64,128,1
"KERNEL_DISPATCH","Agent 1",1,0,4160312,641,18,"derivative(Scratch*, int, int, int*)",2655,698479927724516,698479927725676,0,0,8,0,128,256,1,1,8192,1,1
"KERNEL_DISPATCH","Agent 1",1,0,4160312,642,32,"k_sgd_f32(float*, float const*, float const*, int, int, int, int, float)",2660,698479927729196,698479927747877,0,0,16,0,128,16,16,1,80,16,1
"KERNEL_DISPATCH","Agent 1",1,0,4160312,643,32,"k_sgd_f32(float*, float const*, float const*, int, int, int, int, float)",2666,698479927777797,698479927852598,0,0,16,0,128,16,16,1,224,64,1
"KERNEL_DISPATCH","Agent 1",1,0,4160312,644,16,"check_weights(float const*, int, int*)",2671,698479927882279,698479927883479,0,0,8,0,128,256,1,1,53504,1,1
"KERNEL_DISPATCH","Agent 1",1,0,4160312,645,16,"check_weights(float const*, int, int*)",2675,698479927886879,698479927887879,0,0,8,0,128,256,1,1,1280,1,1
"KERNEL_DISPATCH","Agent 1",1,0,4160312,646,17,"reduce_loss(float*, int, int*)",2679,698479927891119,698479927895839,0,0,16,0,128,1,1,1,1,1,1
"KERNEL_DISPATCH","Agent 1",1,0,4160312,647,5,"__amd_rocclr_copyBuffer",2681,698479927899399,698479927901159,0,0,16,0,128,512,1,1,512,1,1
"KERNEL_DISPATCH","Agent 1",1,0,4160312,648,5,"__amd_rocclr_copyBuffer",2682,698479927924239,698479927925999,0,0,16,0,128,512,1,1,512,1,1
"KERNEL_DISPATCH","Agent 1",1,0,4160312,649,2,"__amd_rocclr_fillBufferAligned",2684,698479927952160,698479927953840,0,0,16,0,128,256,1,1,256,1,1
"KERNEL_DISPATCH","Agent 1",1,0,4160312,650,5,"__amd_rocclr_copyBuffer",2686,698479927987680,698479927989841,0,0,16,0,128,512,1,1,512,1,1
"KERNEL_DISPATCH","Agent 1",1,0,4160312,651,23,"join_input(float const*, Scratch*, int, int)",2689,698479928014161,698479928015561,0,0,8,0,128,256,1,1,26880,1,1
"KERNEL_DISPATCH","Agent 1",1,0,4160312,652,33,"k_linear_f32(float const*, float const*, float*, int, int, int, int)",2694,698479928018881,698479928038361,0,0,16,0,128,16,16,1,64,128,1
"KERNEL_DISPATCH","Agent 1",1,0,4160312,653,22,"activation(float*, int, int*)",2698,698479928041921,698479928043161,0,0,8,0,128,256,1,1,8192,1,1
"KERNEL_DISPATCH","Agent 1",1,0,4160312,654,23,"join_input(float const*, Scratch*, int, int)",2702,698479928046561,698479928047761,0,0,8,0,128,256,1,1,26880,1,1
"KERNEL_DISPATCH","Agent 1",1,0,4160312,655,33,"k_linear_f32(float const*, float const*, float*, int, int, int, int)",2707,698479928051161,698479928065362,0,0,16,0,128,16,16,1,64,128,1
"KERNEL_DISPATCH","Agent 1",1,0,4160312,656,22,"activation(float*, int, int*)",2711,698479928068882,698479928070042,0,0,8,0,128,256,1,1,8192,1,1
"KERNEL_DISPATCH","Agent 1",1,0,4160312,657,23,"join_input(float const*, Scratch*, int, int)",2715,698479928073282,698479928074962,0,0,8,0,128,256,1,1,26880,1,1
"KERNEL_DISPATCH","Agent 1",1,0,4160312,658,33,"k_linear_f32(float const*, float const*, float*, int, int, int, int)",2720,698479928078322,698479928092642,0,0,16,0,128,16,16,1,64,128,1
"KERNEL_DISPATCH","Agent 1",1,0,4160312,659,22,"activation(float*, int, int*)",2724,698479928095962,698479928097162,0,0,8,0,128,256,1,1,8192,1,1
"KERNEL_DISPATCH","Agent 1",1,0,4160312,660,23,"join_input(float const*, Scratch*, int, int)",2728,698479928100562,698479928102202,0,0,8,0,128,256,1,1,26880,1,1
"KERNEL_DISPATCH","Agent 1",1,0,4160312,661,33,"k_linear_f32(float const*, float const*, float*, int, int, int, int)",2733,698479928105682,698479928120003,0,0,16,0,128,16,16,1,64,128,1
"KERNEL_DISPATCH","Agent 1",1,0,4160312,662,22,"activation(float*, int, int*)",2737,698479928123363,698479928124523,0,0,8,0,128,256,1,1,8192,1,1
"KERNEL_DISPATCH","Agent 1",1,0,4160312,663,21,"final_input(Scratch*, int, int)",2741,698479928127883,698479928129003,0,0,8,0,128,256,1,1,8448,1,1
"KERNEL_DISPATCH","Agent 1",1,0,4160312,664,33,"k_linear_f32(float const*, float const*, float*, int, int, int, int)",2746,698479928132243,698479928136323,0,0,16,0,128,16,16,1,16,128,1
"KERNEL_DISPATCH","Agent 1",1,0,4160312,665,20,"softmax(Scratch*, float const*, float*, int, int*)",2750,698479928139643,698479928150683,0,0,48,0,128,128,1,1,128,1,1
"KERNEL_DISPATCH","Agent 1",1,0,4160312,666,19,"transpose_weights(Net const*, Scratch*, int, int)",2754,698479928154123,698479928155323,0,0,8,0,128,256,1,1,1024,1,1
"KERNEL_DISPATCH","Agent 1",1,0,4160312,667,33,"k_linear_f32(float const*, float const*, float*, int, int, int, int)",2759,698479928158603,698479928160323,0,0,16,0,128,16,16,1,64,128,1
"KERNEL_DISPATCH","Agent 1",1,0,4160312,668,18,"derivative(Scratch*, int, int, int*)",2763,698479928164003,698479928165443,0,0,8,0,128,256,1,1,8192,1,1
"KERNEL_DISPATCH","Agent 1",1,0,4160312,669,19,"transpose_weights(Net const*, Scratch*, int, int)",2767,698479928169163,698479928170403,0,0,8,0,128,256,1,1,4096,1,1
"KERNEL_DISPATCH","Agent 1",1,0,4160312,676,33,"k_linear_f32(float const*, float const*, float*, int, int, int, int)",2798,698479928206244,698479928209564,0,0,16,0,128,16,16,1,64,128,1
"KERNEL_DISPATCH","Agent 1",1,0,4160312,675,19,"transpose_weights(Net const*, Scratch*, int, int)",2793,698479928201604,698479928202844,0,0,8,0,128,256,1,1,4096,1,1
"KERNEL_DISPATCH","Agent 1",1,0,4160312,670,33,"k_linear_f32(float const*, float const*, float*, int, int, int, int)",2772,698479928174123,698479928177364,0,0,16,0,128,16,16,1,64,128,1
"KERNEL_DISPATCH","Agent 1",1,0,4160312,672,19,"transpose_weights(Net const*, Scratch*, int, int)",2780,698479928185324,698479928186524,0,0,8,0,128,256,1,1,4096,1,1
"KERNEL_DISPATCH","Agent 1",1,0,4160312,671,18,"derivative(Scratch*, int, int, int*)",2776,698479928180844,698479928181964,0,0,8,0,128,256,1,1,8192,1,1
"KERNEL_DISPATCH","Agent 1",1,0,4160312,674,18,"derivative(Scratch*, int, int, int*)",2789,698479928197084,698479928198204,0,0,8,0,128,256,1,1,8192,1,1
"KERNEL_DISPATCH","Agent 1",1,0,4160312,673,33,"k_linear_f32(float const*, float const*, float*, int, int, int, int)",2785,698479928189924,698479928193164,0,0,16,0,128,16,16,1,64,128,1
"KERNEL_DISPATCH","Agent 1",1,0,4160312,677,18,"derivative(Scratch*, int, int, int*)",2802,698479928321406,698479928322566,0,0,8,0,128,256,1,1,8192,1,1
"KERNEL_DISPATCH","Agent 1",1,0,4160312,678,32,"k_sgd_f32(float*, float const*, float const*, int, int, int, int, float)",2807,698479928325926,698479928344686,0,0,16,0,128,16,16,1,80,16,1
"KERNEL_DISPATCH","Agent 1",1,0,4160312,679,32,"k_sgd_f32(float*, float const*, float const*, int, int, int, int, float)",2813,698479928376847,698479928451928,0,0,16,0,128,16,16,1,224,64,1
"KERNEL_DISPATCH","Agent 1",1,0,4160312,680,16,"check_weights(float const*, int, int*)",2818,698479928513329,698479928514489,0,0,8,0,128,256,1,1,53504,1,1
"KERNEL_DISPATCH","Agent 1",1,0,4160312,681,16,"check_weights(float const*, int, int*)",2822,698479928517729,698479928518729,0,0,8,0,128,256,1,1,1280,1,1
"KERNEL_DISPATCH","Agent 1",1,0,4160312,682,17,"reduce_loss(float*, int, int*)",2826,698479928521849,698479928526649,0,0,16,0,128,1,1,1,1,1,1
"KERNEL_DISPATCH","Agent 1",1,0,4160312,683,5,"__amd_rocclr_copyBuffer",2828,698479928529889,698479928531609,0,0,16,0,128,512,1,1,512,1,1
"KERNEL_DISPATCH","Agent 1",1,0,4160312,684,5,"__amd_rocclr_copyBuffer",2829,698479928556330,698479928558170,0,0,16,0,128,512,1,1,512,1,1
"KERNEL_DISPATCH","Agent 1",1,0,4160312,685,2,"__amd_rocclr_fillBufferAligned",2831,698479928583170,698479928584890,0,0,16,0,128,256,1,1,256,1,1
"KERNEL_DISPATCH","Agent 1",1,0,4160312,686,5,"__amd_rocclr_copyBuffer",2833,698479928618691,698479928620651,0,0,16,0,128,512,1,1,512,1,1
"KERNEL_DISPATCH","Agent 1",1,0,4160312,687,23,"join_input(float const*, Scratch*, int, int)",2836,698479928643291,698479928644611,0,0,8,0,128,256,1,1,26880,1,1
"KERNEL_DISPATCH","Agent 1",1,0,4160312,688,33,"k_linear_f32(float const*, float const*, float*, int, int, int, int)",2841,698479928647971,698479928662051,0,0,16,0,128,16,16,1,64,128,1
"KERNEL_DISPATCH","Agent 1",1,0,4160312,689,22,"activation(float*, int, int*)",2845,698479928665411,698479928666771,0,0,8,0,128,256,1,1,8192,1,1
"KERNEL_DISPATCH","Agent 1",1,0,4160312,690,23,"join_input(float const*, Scratch*, int, int)",2849,698479928670171,698479928672171,0,0,8,0,128,256,1,1,26880,1,1
"KERNEL_DISPATCH","Agent 1",1,0,4160312,691,33,"k_linear_f32(float const*, float const*, float*, int, int, int, int)",2854,698479928675612,698479928689572,0,0,16,0,128,16,16,1,64,128,1
"KERNEL_DISPATCH","Agent 1",1,0,4160312,692,22,"activation(float*, int, int*)",2858,698479928692972,698479928694172,0,0,8,0,128,256,1,1,8192,1,1
"KERNEL_DISPATCH","Agent 1",1,0,4160312,693,23,"join_input(float const*, Scratch*, int, int)",2862,698479928697692,698479928699132,0,0,8,0,128,256,1,1,26880,1,1
"KERNEL_DISPATCH","Agent 1",1,0,4160312,694,33,"k_linear_f32(float const*, float const*, float*, int, int, int, int)",2867,698479928702812,698479928716892,0,0,16,0,128,16,16,1,64,128,1
"KERNEL_DISPATCH","Agent 1",1,0,4160312,695,22,"activation(float*, int, int*)",2871,698479928720212,698479928721412,0,0,8,0,128,256,1,1,8192,1,1
"KERNEL_DISPATCH","Agent 1",1,0,4160312,696,23,"join_input(float const*, Scratch*, int, int)",2875,698479928724772,698479928726252,0,0,8,0,128,256,1,1,26880,1,1
"KERNEL_DISPATCH","Agent 1",1,0,4160312,697,33,"k_linear_f32(float const*, float const*, float*, int, int, int, int)",2880,698479928729492,698479928743813,0,0,16,0,128,16,16,1,64,128,1
"KERNEL_DISPATCH","Agent 1",1,0,4160312,698,22,"activation(float*, int, int*)",2884,698479928747213,698479928748373,0,0,8,0,128,256,1,1,8192,1,1
"KERNEL_DISPATCH","Agent 1",1,0,4160312,699,21,"final_input(Scratch*, int, int)",2888,698479928751653,698479928752813,0,0,8,0,128,256,1,1,8448,1,1
"KERNEL_DISPATCH","Agent 1",1,0,4160312,700,33,"k_linear_f32(float const*, float const*, float*, int, int, int, int)",2893,698479928756173,698479928760333,0,0,16,0,128,16,16,1,16,128,1
"KERNEL_DISPATCH","Agent 1",1,0,4160312,701,20,"softmax(Scratch*, float const*, float*, int, int*)",2897,698479928763733,698479928775013,0,0,48,0,128,128,1,1,128,1,1
"KERNEL_DISPATCH","Agent 1",1,0,4160312,702,19,"transpose_weights(Net const*, Scratch*, int, int)",2901,698479928778373,698479928779613,0,0,8,0,128,256,1,1,1024,1,1
"KERNEL_DISPATCH","Agent 1",1,0,4160312,703,33,"k_linear_f32(float const*, float const*, float*, int, int, int, int)",2906,698479928782893,698479928784573,0,0,16,0,128,16,16,1,64,128,1
"KERNEL_DISPATCH","Agent 1",1,0,4160312,704,18,"derivative(Scratch*, int, int, int*)",2910,698479928787813,698479928789013,0,0,8,0,128,256,1,1,8192,1,1
"KERNEL_DISPATCH","Agent 1",1,0,4160312,705,19,"transpose_weights(Net const*, Scratch*, int, int)",2914,698479928792533,698479928793733,0,0,8,0,128,256,1,1,4096,1,1
"KERNEL_DISPATCH","Agent 1",1,0,4160312,706,33,"k_linear_f32(float const*, float const*, float*, int, int, int, int)",2919,698479928797014,698479928800174,0,0,16,0,128,16,16,1,64,128,1
"KERNEL_DISPATCH","Agent 1",1,0,4160312,707,18,"derivative(Scratch*, int, int, int*)",2923,698479928803694,698479928805174,0,0,8,0,128,256,1,1,8192,1,1
"KERNEL_DISPATCH","Agent 1",1,0,4160312,708,19,"transpose_weights(Net const*, Scratch*, int, int)",2927,698479928808454,698479928809654,0,0,8,0,128,256,1,1,4096,1,1
"KERNEL_DISPATCH","Agent 1",1,0,4160312,709,33,"k_linear_f32(float const*, float const*, float*, int, int, int, int)",2932,698479928813414,698479928816654,0,0,16,0,128,16,16,1,64,128,1
"KERNEL_DISPATCH","Agent 1",1,0,4160312,710,18,"derivative(Scratch*, int, int, int*)",2936,698479928820134,698479928821294,0,0,8,0,128,256,1,1,8192,1,1
"KERNEL_DISPATCH","Agent 1",1,0,4160312,711,19,"transpose_weights(Net const*, Scratch*, int, int)",2940,698479928825054,698479928826294,0,0,8,0,128,256,1,1,4096,1,1
"KERNEL_DISPATCH","Agent 1",1,0,4160312,712,33,"k_linear_f32(float const*, float const*, float*, int, int, int, int)",2945,698479928829614,698479928832774,0,0,16,0,128,16,16,1,64,128,1
"KERNEL_DISPATCH","Agent 1",1,0,4160312,713,18,"derivative(Scratch*, int, int, int*)",2949,698479928836334,698479928837614,0,0,8,0,128,256,1,1,8192,1,1
"KERNEL_DISPATCH","Agent 1",1,0,4160312,714,32,"k_sgd_f32(float*, float const*, float const*, int, int, int, int, float)",2954,698479928840974,698479928859495,0,0,16,0,128,16,16,1,80,16,1
"KERNEL_DISPATCH","Agent 1",1,0,4160312,715,32,"k_sgd_f32(float*, float const*, float const*, int, int, int, int, float)",2960,698479928896615,698479928970336,0,0,16,0,128,16,16,1,224,64,1
"KERNEL_DISPATCH","Agent 1",1,0,4160312,716,16,"check_weights(float const*, int, int*)",2965,698479928998137,698479928999337,0,0,8,0,128,256,1,1,53504,1,1
"KERNEL_DISPATCH","Agent 1",1,0,4160312,717,16,"check_weights(float const*, int, int*)",2969,698479929002697,698479929004137,0,0,8,0,128,256,1,1,1280,1,1
"KERNEL_DISPATCH","Agent 1",1,0,4160312,718,17,"reduce_loss(float*, int, int*)",2973,698479929007777,698479929012297,0,0,16,0,128,1,1,1,1,1,1
"KERNEL_DISPATCH","Agent 1",1,0,4160312,719,5,"__amd_rocclr_copyBuffer",2975,698479929016057,698479929017777,0,0,16,0,128,512,1,1,512,1,1
"KERNEL_DISPATCH","Agent 1",1,0,4160312,720,5,"__amd_rocclr_copyBuffer",2976,698479929040977,698479929042737,0,0,16,0,128,512,1,1,512,1,1
"KERNEL_DISPATCH","Agent 1",1,0,4160312,721,2,"__amd_rocclr_fillBufferAligned",2978,698479929067338,698479929069218,0,0,16,0,128,256,1,1,256,1,1
"KERNEL_DISPATCH","Agent 1",1,0,4160312,722,5,"__amd_rocclr_copyBuffer",2980,698479929102298,698479929104378,0,0,16,0,128,512,1,1,512,1,1
"KERNEL_DISPATCH","Agent 1",1,0,4160312,723,23,"join_input(float const*, Scratch*, int, int)",2983,698479929128459,698479929129859,0,0,8,0,128,256,1,1,26880,1,1
"KERNEL_DISPATCH","Agent 1",1,0,4160312,724,33,"k_linear_f32(float const*, float const*, float*, int, int, int, int)",2988,698479929133019,698479929146979,0,0,16,0,128,16,16,1,64,128,1
"KERNEL_DISPATCH","Agent 1",1,0,4160312,725,22,"activation(float*, int, int*)",2992,698479929150219,698479929151459,0,0,8,0,128,256,1,1,8192,1,1
"KERNEL_DISPATCH","Agent 1",1,0,4160312,726,23,"join_input(float const*, Scratch*, int, int)",2996,698479929155219,698479929156459,0,0,8,0,128,256,1,1,26880,1,1
"KERNEL_DISPATCH","Agent 1",1,0,4160312,727,33,"k_linear_f32(float const*, float const*, float*, int, int, int, int)",3001,698479929160419,698479929174540,0,0,16,0,128,16,16,1,64,128,1
"KERNEL_DISPATCH","Agent 1",1,0,4160312,728,22,"activation(float*, int, int*)",3005,698479929177860,698479929179020,0,0,8,0,128,256,1,1,8192,1,1
"KERNEL_DISPATCH","Agent 1",1,0,4160312,729,23,"join_input(float const*, Scratch*, int, int)",3009,698479929182700,698479929184020,0,0,8,0,128,256,1,1,26880,1,1
"KERNEL_DISPATCH","Agent 1",1,0,4160312,730,33,"k_linear_f32(float const*, float const*, float*, int, int, int, int)",3014,698479929187540,698479929201580,0,0,16,0,128,16,16,1,64,128,1
"KERNEL_DISPATCH","Agent 1",1,0,4160312,731,22,"activation(float*, int, int*)",3018,698479929204860,698479929206060,0,0,8,0,128,256,1,1,8192,1,1
"KERNEL_DISPATCH","Agent 1",1,0,4160312,732,23,"join_input(float const*, Scratch*, int, int)",3022,698479929209820,698479929211100,0,0,8,0,128,256,1,1,26880,1,1
"KERNEL_DISPATCH","Agent 1",1,0,4160312,733,33,"k_linear_f32(float const*, float const*, float*, int, int, int, int)",3027,698479929214900,698479929228860,0,0,16,0,128,16,16,1,64,128,1
"KERNEL_DISPATCH","Agent 1",1,0,4160312,734,22,"activation(float*, int, int*)",3031,698479929232181,698479929233541,0,0,8,0,128,256,1,1,8192,1,1
"KERNEL_DISPATCH","Agent 1",1,0,4160312,735,21,"final_input(Scratch*, int, int)",3035,698479929237261,698479929238421,0,0,8,0,128,256,1,1,8448,1,1
"KERNEL_DISPATCH","Agent 1",1,0,4160312,736,33,"k_linear_f32(float const*, float const*, float*, int, int, int, int)",3040,698479929242061,698479929246181,0,0,16,0,128,16,16,1,16,128,1
"KERNEL_DISPATCH","Agent 1",1,0,4160312,737,20,"softmax(Scratch*, float const*, float*, int, int*)",3044,698479929249621,698479929260821,0,0,48,0,128,128,1,1,128,1,1
"KERNEL_DISPATCH","Agent 1",1,0,4160312,738,19,"transpose_weights(Net const*, Scratch*, int, int)",3048,698479929264061,698479929265261,0,0,8,0,128,256,1,1,1024,1,1
"KERNEL_DISPATCH","Agent 1",1,0,4160312,739,33,"k_linear_f32(float const*, float const*, float*, int, int, int, int)",3053,698479929268741,698479929270421,0,0,16,0,128,16,16,1,64,128,1
"KERNEL_DISPATCH","Agent 1",1,0,4160312,740,18,"derivative(Scratch*, int, int, int*)",3057,698479929273941,698479929275101,0,0,8,0,128,256,1,1,8192,1,1
"KERNEL_DISPATCH","Agent 1",1,0,4160312,741,19,"transpose_weights(Net const*, Scratch*, int, int)",3061,698479929278541,698479929279861,0,0,8,0,128,256,1,1,4096,1,1
"KERNEL_DISPATCH","Agent 1",1,0,4160312,742,33,"k_linear_f32(float const*, float const*, float*, int, int, int, int)",3066,698479929283101,698479929286341,0,0,16,0,128,16,16,1,64,128,1
"KERNEL_DISPATCH","Agent 1",1,0,4160312,743,18,"derivative(Scratch*, int, int, int*)",3070,698479929289581,698479929290781,0,0,8,0,128,256,1,1,8192,1,1
"KERNEL_DISPATCH","Agent 1",1,0,4160312,744,19,"transpose_weights(Net const*, Scratch*, int, int)",3074,698479929294302,698479929295582,0,0,8,0,128,256,1,1,4096,1,1
"KERNEL_DISPATCH","Agent 1",1,0,4160312,745,33,"k_linear_f32(float const*, float const*, float*, int, int, int, int)",3079,698479929298782,698479929302142,0,0,16,0,128,16,16,1,64,128,1
"KERNEL_DISPATCH","Agent 1",1,0,4160312,746,18,"derivative(Scratch*, int, int, int*)",3083,698479929305462,698479929306622,0,0,8,0,128,256,1,1,8192,1,1
"KERNEL_DISPATCH","Agent 1",1,0,4160312,747,19,"transpose_weights(Net const*, Scratch*, int, int)",3087,698479929309862,698479929311262,0,0,8,0,128,256,1,1,4096,1,1
"KERNEL_DISPATCH","Agent 1",1,0,4160312,748,33,"k_linear_f32(float const*, float const*, float*, int, int, int, int)",3092,698479929314542,698479929318022,0,0,16,0,128,16,16,1,64,128,1
"KERNEL_DISPATCH","Agent 1",1,0,4160312,749,18,"derivative(Scratch*, int, int, int*)",3096,698479929321302,698479929322862,0,0,8,0,128,256,1,1,8192,1,1
"KERNEL_DISPATCH","Agent 1",1,0,4160312,750,32,"k_sgd_f32(float*, float const*, float const*, int, int, int, int, float)",3101,698479929326182,698479929345262,0,0,16,0,128,16,16,1,80,16,1
"KERNEL_DISPATCH","Agent 1",1,0,4160312,751,32,"k_sgd_f32(float*, float const*, float const*, int, int, int, int, float)",3107,698479929376063,698479929450144,0,0,16,0,128,16,16,1,224,64,1
"KERNEL_DISPATCH","Agent 1",1,0,4160312,752,16,"check_weights(float const*, int, int*)",3112,698479929479584,698479929480785,0,0,8,0,128,256,1,1,53504,1,1
"KERNEL_DISPATCH","Agent 1",1,0,4160312,753,16,"check_weights(float const*, int, int*)",3116,698479929484265,698479929485265,0,0,8,0,128,256,1,1,1280,1,1
"KERNEL_DISPATCH","Agent 1",1,0,4160312,754,17,"reduce_loss(float*, int, int*)",3120,698479929488665,698479929493225,0,0,16,0,128,1,1,1,1,1,1
"KERNEL_DISPATCH","Agent 1",1,0,4160312,755,5,"__amd_rocclr_copyBuffer",3122,698479929496545,698479929498265,0,0,16,0,128,512,1,1,512,1,1
"KERNEL_DISPATCH","Agent 1",1,0,4160312,756,5,"__amd_rocclr_copyBuffer",3123,698479929521585,698479929523225,0,0,16,0,128,512,1,1,512,1,1
"KERNEL_DISPATCH","Agent 1",1,0,4160312,757,2,"__amd_rocclr_fillBufferAligned",3125,698479929550546,698479929552186,0,0,16,0,128,256,1,1,256,1,1
"KERNEL_DISPATCH","Agent 1",1,0,4160312,758,5,"__amd_rocclr_copyBuffer",3127,698479929585946,698479929587946,0,0,16,0,128,512,1,1,512,1,1
"KERNEL_DISPATCH","Agent 1",1,0,4160312,759,23,"join_input(float const*, Scratch*, int, int)",3130,698479929611787,698479929613187,0,0,8,0,128,256,1,1,26880,1,1
"KERNEL_DISPATCH","Agent 1",1,0,4160312,760,33,"k_linear_f32(float const*, float const*, float*, int, int, int, int)",3135,698479929616627,698479929630587,0,0,16,0,128,16,16,1,64,128,1
"KERNEL_DISPATCH","Agent 1",1,0,4160312,761,22,"activation(float*, int, int*)",3139,698479929634067,698479929635307,0,0,8,0,128,256,1,1,8192,1,1
"KERNEL_DISPATCH","Agent 1",1,0,4160312,762,23,"join_input(float const*, Scratch*, int, int)",3143,698479929638827,698479929640107,0,0,8,0,128,256,1,1,26880,1,1
"KERNEL_DISPATCH","Agent 1",1,0,4160312,763,33,"k_linear_f32(float const*, float const*, float*, int, int, int, int)",3148,698479929643627,698479929657547,0,0,16,0,128,16,16,1,64,128,1
"KERNEL_DISPATCH","Agent 1",1,0,4160312,764,22,"activation(float*, int, int*)",3152,698479929766189,698479929767789,0,0,8,0,128,256,1,1,8192,1,1
"KERNEL_DISPATCH","Agent 1",1,0,4160312,765,23,"join_input(float const*, Scratch*, int, int)",3156,698479929770989,698479929772429,0,0,8,0,128,256,1,1,26880,1,1
"KERNEL_DISPATCH","Agent 1",1,0,4160312,766,33,"k_linear_f32(float const*, float const*, float*, int, int, int, int)",3161,698479929775789,698479929789789,0,0,16,0,128,16,16,1,64,128,1
"KERNEL_DISPATCH","Agent 1",1,0,4160312,767,22,"activation(float*, int, int*)",3165,698479929793230,698479929794750,0,0,8,0,128,256,1,1,8192,1,1
"KERNEL_DISPATCH","Agent 1",1,0,4160312,768,23,"join_input(float const*, Scratch*, int, int)",3169,698479929797990,698479929799270,0,0,8,0,128,256,1,1,26880,1,1
"KERNEL_DISPATCH","Agent 1",1,0,4160312,769,33,"k_linear_f32(float const*, float const*, float*, int, int, int, int)",3174,698479929802950,698479929816910,0,0,16,0,128,16,16,1,64,128,1
"KERNEL_DISPATCH","Agent 1",1,0,4160312,770,22,"activation(float*, int, int*)",3178,698479929820230,698479929821350,0,0,8,0,128,256,1,1,8192,1,1
"KERNEL_DISPATCH","Agent 1",1,0,4160312,771,21,"final_input(Scratch*, int, int)",3182,698479929824630,698479929826110,0,0,8,0,128,256,1,1,8448,1,1
"KERNEL_DISPATCH","Agent 1",1,0,4160312,772,33,"k_linear_f32(float const*, float const*, float*, int, int, int, int)",3187,698479929829350,698479929833470,0,0,16,0,128,16,16,1,16,128,1
"KERNEL_DISPATCH","Agent 1",1,0,4160312,773,20,"softmax(Scratch*, float const*, float*, int, int*)",3191,698479929836750,698479929847790,0,0,48,0,128,128,1,1,128,1,1
"KERNEL_DISPATCH","Agent 1",1,0,4160312,774,19,"transpose_weights(Net const*, Scratch*, int, int)",3195,698479929851150,698479929852311,0,0,8,0,128,256,1,1,1024,1,1
"KERNEL_DISPATCH","Agent 1",1,0,4160312,775,33,"k_linear_f32(float const*, float const*, float*, int, int, int, int)",3200,698479929855471,698479929857111,0,0,16,0,128,16,16,1,64,128,1
"KERNEL_DISPATCH","Agent 1",1,0,4160312,776,18,"derivative(Scratch*, int, int, int*)",3204,698479929860431,698479929861991,0,0,8,0,128,256,1,1,8192,1,1
"KERNEL_DISPATCH","Agent 1",1,0,4160312,777,19,"transpose_weights(Net const*, Scratch*, int, int)",3208,698479929865551,698479929866791,0,0,8,0,128,256,1,1,4096,1,1
"KERNEL_DISPATCH","Agent 1",1,0,4160312,778,33,"k_linear_f32(float const*, float const*, float*, int, int, int, int)",3213,698479929870071,698479929873271,0,0,16,0,128,16,16,1,64,128,1
"KERNEL_DISPATCH","Agent 1",1,0,4160312,779,18,"derivative(Scratch*, int, int, int*)",3217,698479929876871,698479929878031,0,0,8,0,128,256,1,1,8192,1,1
"KERNEL_DISPATCH","Agent 1",1,0,4160312,780,19,"transpose_weights(Net const*, Scratch*, int, int)",3221,698479929881431,698479929882711,0,0,8,0,128,256,1,1,4096,1,1
"KERNEL_DISPATCH","Agent 1",1,0,4160312,781,33,"k_linear_f32(float const*, float const*, float*, int, int, int, int)",3226,698479929886031,698479929889351,0,0,16,0,128,16,16,1,64,128,1
"KERNEL_DISPATCH","Agent 1",1,0,4160312,782,18,"derivative(Scratch*, int, int, int*)",3230,698479929892991,698479929894151,0,0,8,0,128,256,1,1,8192,1,1
"KERNEL_DISPATCH","Agent 1",1,0,4160312,783,19,"transpose_weights(Net const*, Scratch*, int, int)",3234,698479929897471,698479929898751,0,0,8,0,128,256,1,1,4096,1,1
"KERNEL_DISPATCH","Agent 1",1,0,4160312,784,33,"k_linear_f32(float const*, float const*, float*, int, int, int, int)",3239,698479929901991,698479929905191,0,0,16,0,128,16,16,1,64,128,1
"KERNEL_DISPATCH","Agent 1",1,0,4160312,785,18,"derivative(Scratch*, int, int, int*)",3243,698479929908511,698479929909671,0,0,8,0,128,256,1,1,8192,1,1
"KERNEL_DISPATCH","Agent 1",1,0,4160312,786,32,"k_sgd_f32(float*, float const*, float const*, int, int, int, int, float)",3248,698479929912991,698479929931872,0,0,16,0,128,16,16,1,80,16,1
"KERNEL_DISPATCH","Agent 1",1,0,4160312,787,32,"k_sgd_f32(float*, float const*, float const*, int, int, int, int, float)",3254,698479929961592,698479930036313,0,0,16,0,128,16,16,1,224,64,1
"KERNEL_DISPATCH","Agent 1",1,0,4160312,788,16,"check_weights(float const*, int, int*)",3259,698479930076394,698479930077594,0,0,8,0,128,256,1,1,53504,1,1
"KERNEL_DISPATCH","Agent 1",1,0,4160312,789,16,"check_weights(float const*, int, int*)",3263,698479930080874,698479930081874,0,0,8,0,128,256,1,1,1280,1,1
"KERNEL_DISPATCH","Agent 1",1,0,4160312,790,17,"reduce_loss(float*, int, int*)",3267,698479930085194,698479930089674,0,0,16,0,128,1,1,1,1,1,1
"KERNEL_DISPATCH","Agent 1",1,0,4160312,791,5,"__amd_rocclr_copyBuffer",3269,698479930092954,698479930094674,0,0,16,0,128,512,1,1,512,1,1
"KERNEL_DISPATCH","Agent 1",1,0,4160312,792,5,"__amd_rocclr_copyBuffer",3270,698479930118275,698479930119995,0,0,16,0,128,512,1,1,512,1,1
"KERNEL_DISPATCH","Agent 1",1,0,4160312,793,2,"__amd_rocclr_fillBufferAligned",3272,698479930147035,698479930148795,0,0,16,0,128,256,1,1,256,1,1
"KERNEL_DISPATCH","Agent 1",1,0,4160312,794,5,"__amd_rocclr_copyBuffer",3274,698479930182676,698479930184636,0,0,16,0,128,512,1,1,512,1,1
"KERNEL_DISPATCH","Agent 1",1,0,4160312,795,23,"join_input(float const*, Scratch*, int, int)",3277,698479930207636,698479930209036,0,0,8,0,128,256,1,1,26880,1,1
"KERNEL_DISPATCH","Agent 1",1,0,4160312,796,33,"k_linear_f32(float const*, float const*, float*, int, int, int, int)",3282,698479930212636,698479930226637,0,0,16,0,128,16,16,1,64,128,1
"KERNEL_DISPATCH","Agent 1",1,0,4160312,797,22,"activation(float*, int, int*)",3286,698479930229917,698479930231277,0,0,8,0,128,256,1,1,8192,1,1
"KERNEL_DISPATCH","Agent 1",1,0,4160312,798,23,"join_input(float const*, Scratch*, int, int)",3290,698479930234557,698479930235717,0,0,8,0,128,256,1,1,26880,1,1
"KERNEL_DISPATCH","Agent 1",1,0,4160312,799,33,"k_linear_f32(float const*, float const*, float*, int, int, int, int)",3295,698479930239517,698479930253557,0,0,16,0,128,16,16,1,64,128,1
"KERNEL_DISPATCH","Agent 1",1,0,4160312,800,22,"activation(float*, int, int*)",3299,698479930256917,698479930258117,0,0,8,0,128,256,1,1,8192,1,1
"KERNEL_DISPATCH","Agent 1",1,0,4160312,801,23,"join_input(float const*, Scratch*, int, int)",3303,698479930261437,698479930263077,0,0,8,0,128,256,1,1,26880,1,1
"KERNEL_DISPATCH","Agent 1",1,0,4160312,802,33,"k_linear_f32(float const*, float const*, float*, int, int, int, int)",3308,698479930266757,698479930280917,0,0,16,0,128,16,16,1,64,128,1
"KERNEL_DISPATCH","Agent 1",1,0,4160312,803,22,"activation(float*, int, int*)",3312,698479930284357,698479930285557,0,0,8,0,128,256,1,1,8192,1,1
"KERNEL_DISPATCH","Agent 1",1,0,4160312,804,23,"join_input(float const*, Scratch*, int, int)",3316,698479930288878,698479930290278,0,0,8,0,128,256,1,1,26880,1,1
"KERNEL_DISPATCH","Agent 1",1,0,4160312,805,33,"k_linear_f32(float const*, float const*, float*, int, int, int, int)",3321,698479930293598,698479930307678,0,0,16,0,128,16,16,1,64,128,1
"KERNEL_DISPATCH","Agent 1",1,0,4160312,806,22,"activation(float*, int, int*)",3325,698479930310958,698479930312198,0,0,8,0,128,256,1,1,8192,1,1
"KERNEL_DISPATCH","Agent 1",1,0,4160312,807,21,"final_input(Scratch*, int, int)",3329,698479930315598,698479930316798,0,0,8,0,128,256,1,1,8448,1,1
"KERNEL_DISPATCH","Agent 1",1,0,4160312,808,33,"k_linear_f32(float const*, float const*, float*, int, int, int, int)",3334,698479930320038,698479930324278,0,0,16,0,128,16,16,1,16,128,1
"KERNEL_DISPATCH","Agent 1",1,0,4160312,809,20,"softmax(Scratch*, float const*, float*, int, int*)",3338,698479930327598,698479930338998,0,0,48,0,128,128,1,1,128,1,1
"KERNEL_DISPATCH","Agent 1",1,0,4160312,810,19,"transpose_weights(Net const*, Scratch*, int, int)",3342,698479930342518,698479930343678,0,0,8,0,128,256,1,1,1024,1,1
"KERNEL_DISPATCH","Agent 1",1,0,4160312,811,33,"k_linear_f32(float const*, float const*, float*, int, int, int, int)",3347,698479930346878,698479930348598,0,0,16,0,128,16,16,1,64,128,1
"KERNEL_DISPATCH","Agent 1",1,0,4160312,812,18,"derivative(Scratch*, int, int, int*)",3351,698479930351919,698479930353559,0,0,8,0,128,256,1,1,8192,1,1
"KERNEL_DISPATCH","Agent 1",1,0,4160312,813,19,"transpose_weights(Net const*, Scratch*, int, int)",3355,698479930356919,698479930358159,0,0,8,0,128,256,1,1,4096,1,1
"KERNEL_DISPATCH","Agent 1",1,0,4160312,814,33,"k_linear_f32(float const*, float const*, float*, int, int, int, int)",3360,698479930361559,698479930364759,0,0,16,0,128,16,16,1,64,128,1
"KERNEL_DISPATCH","Agent 1",1,0,4160312,815,18,"derivative(Scratch*, int, int, int*)",3364,698479930368159,698479930369319,0,0,8,0,128,256,1,1,8192,1,1
"KERNEL_DISPATCH","Agent 1",1,0,4160312,816,19,"transpose_weights(Net const*, Scratch*, int, int)",3368,698479930372919,698479930374119,0,0,8,0,128,256,1,1,4096,1,1
"KERNEL_DISPATCH","Agent 1",1,0,4160312,817,33,"k_linear_f32(float const*, float const*, float*, int, int, int, int)",3373,698479930377439,698479930380679,0,0,16,0,128,16,16,1,64,128,1
"KERNEL_DISPATCH","Agent 1",1,0,4160312,818,18,"derivative(Scratch*, int, int, int*)",3377,698479930383959,698479930385079,0,0,8,0,128,256,1,1,8192,1,1
"KERNEL_DISPATCH","Agent 1",1,0,4160312,819,19,"transpose_weights(Net const*, Scratch*, int, int)",3381,698479930388439,698479930389679,0,0,8,0,128,256,1,1,4096,1,1
"KERNEL_DISPATCH","Agent 1",1,0,4160312,820,33,"k_linear_f32(float const*, float const*, float*, int, int, int, int)",3386,698479930392999,698479930396239,0,0,16,0,128,16,16,1,64,128,1
"KERNEL_DISPATCH","Agent 1",1,0,4160312,821,18,"derivative(Scratch*, int, int, int*)",3390,698479930399959,698479930401159,0,0,8,0,128,256,1,1,8192,1,1
"KERNEL_DISPATCH","Agent 1",1,0,4160312,822,32,"k_sgd_f32(float*, float const*, float const*, int, int, int, int, float)",3395,698479930404479,698479930423240,0,0,16,0,128,16,16,1,80,16,1
"KERNEL_DISPATCH","Agent 1",1,0,4160312,823,32,"k_sgd_f32(float*, float const*, float const*, int, int, int, int, float)",3401,698479930452760,698479930527161,0,0,16,0,128,16,16,1,224,64,1
"KERNEL_DISPATCH","Agent 1",1,0,4160312,824,16,"check_weights(float const*, int, int*)",3406,698479930555042,698479930556242,0,0,8,0,128,256,1,1,53504,1,1
"KERNEL_DISPATCH","Agent 1",1,0,4160312,825,16,"check_weights(float const*, int, int*)",3410,698479930559682,698479930560682,0,0,8,0,128,256,1,1,1280,1,1
"KERNEL_DISPATCH","Agent 1",1,0,4160312,826,17,"reduce_loss(float*, int, int*)",3414,698479930564442,698479930568882,0,0,16,0,128,1,1,1,1,1,1
"KERNEL_DISPATCH","Agent 1",1,0,4160312,827,5,"__amd_rocclr_copyBuffer",3416,698479930572242,698479930574002,0,0,16,0,128,512,1,1,512,1,1
"KERNEL_DISPATCH","Agent 1",1,0,4160312,828,5,"__amd_rocclr_copyBuffer",3417,698479930596522,698479930598723,0,0,16,0,128,512,1,1,512,1,1
"KERNEL_DISPATCH","Agent 1",1,0,4160312,829,2,"__amd_rocclr_fillBufferAligned",3419,698479930624323,698479930626003,0,0,16,0,128,256,1,1,256,1,1
"KERNEL_DISPATCH","Agent 1",1,0,4160312,830,5,"__amd_rocclr_copyBuffer",3421,698479930658963,698479930661644,0,0,16,0,128,512,1,1,512,1,1
"KERNEL_DISPATCH","Agent 1",1,0,4160312,831,23,"join_input(float const*, Scratch*, int, int)",3424,698479930684324,698479930685684,0,0,8,0,128,256,1,1,26880,1,1
"KERNEL_DISPATCH","Agent 1",1,0,4160312,832,33,"k_linear_f32(float const*, float const*, float*, int, int, int, int)",3429,698479930689084,698479930703084,0,0,16,0,128,16,16,1,64,128,1
"KERNEL_DISPATCH","Agent 1",1,0,4160312,833,22,"activation(float*, int, int*)",3433,698479930706484,698479930707724,0,0,8,0,128,256,1,1,8192,1,1
"KERNEL_DISPATCH","Agent 1",1,0,4160312,834,23,"join_input(float const*, Scratch*, int, int)",3437,698479930711444,698479930712684,0,0,8,0,128,256,1,1,26880,1,1
"KERNEL_DISPATCH","Agent 1",1,0,4160312,835,33,"k_linear_f32(float const*, float const*, float*, int, int, int, int)",3442,698479930716364,698479930730325,0,0,16,0,128,16,16,1,64,128,1
"KERNEL_DISPATCH","Agent 1",1,0,4160312,836,22,"activation(float*, int, int*)",3446,698479930733685,698479930734885,0,0,8,0,128,256,1,1,8192,1,1
"KERNEL_DISPATCH","Agent 1",1,0,4160312,837,23,"join_input(float const*, Scratch*, int, int)",3450,698479930738245,698479930739765,0,0,8,0,128,256,1,1,26880,1,1
"KERNEL_DISPATCH","Agent 1",1,0,4160312,838,33,"k_linear_f32(float const*, float const*, float*, int, int, int, int)",3455,698479930743485,698479930757565,0,0,16,0,128,16,16,1,64,128,1
"KERNEL_DISPATCH","Agent 1",1,0,4160312,839,22,"activation(float*, int, int*)",3459,698479930760965,698479930762165,0,0,8,0,128,256,1,1,8192,1,1
"KERNEL_DISPATCH","Agent 1",1,0,4160312,840,23,"join_input(float const*, Scratch*, int, int)",3463,698479930765445,698479930767045,0,0,8,0,128,256,1,1,26880,1,1
"KERNEL_DISPATCH","Agent 1",1,0,4160312,841,33,"k_linear_f32(float const*, float const*, float*, int, int, int, int)",3468,698479930770765,698479930784726,0,0,16,0,128,16,16,1,64,128,1
"KERNEL_DISPATCH","Agent 1",1,0,4160312,842,22,"activation(float*, int, int*)",3472,698479930788126,698479930789406,0,0,8,0,128,256,1,1,8192,1,1
"KERNEL_DISPATCH","Agent 1",1,0,4160312,843,21,"final_input(Scratch*, int, int)",3476,698479930792806,698479930794126,0,0,8,0,128,256,1,1,8448,1,1
"KERNEL_DISPATCH","Agent 1",1,0,4160312,844,33,"k_linear_f32(float const*, float const*, float*, int, int, int, int)",3481,698479930797686,698479930801966,0,0,16,0,128,16,16,1,16,128,1
"KERNEL_DISPATCH","Agent 1",1,0,4160312,845,20,"softmax(Scratch*, float const*, float*, int, int*)",3485,698479930805606,698479930816806,0,0,48,0,128,128,1,1,128,1,1
"KERNEL_DISPATCH","Agent 1",1,0,4160312,846,19,"transpose_weights(Net const*, Scratch*, int, int)",3489,698479930820606,698479930821766,0,0,8,0,128,256,1,1,1024,1,1
"KERNEL_DISPATCH","Agent 1",1,0,4160312,847,33,"k_linear_f32(float const*, float const*, float*, int, int, int, int)",3494,698479930825166,698479930826886,0,0,16,0,128,16,16,1,64,128,1
"KERNEL_DISPATCH","Agent 1",1,0,4160312,848,18,"derivative(Scratch*, int, int, int*)",3498,698479930830206,698479930831366,0,0,8,0,128,256,1,1,8192,1,1
"KERNEL_DISPATCH","Agent 1",1,0,4160312,849,19,"transpose_weights(Net const*, Scratch*, int, int)",3502,698479930916848,698479930918128,0,0,8,0,128,256,1,1,4096,1,1
"KERNEL_DISPATCH","Agent 1",1,0,4160312,850,33,"k_linear_f32(float const*, float const*, float*, int, int, int, int)",3507,698479930921328,698479930924528,0,0,16,0,128,16,16,1,64,128,1
"KERNEL_DISPATCH","Agent 1",1,0,4160312,851,18,"derivative(Scratch*, int, int, int*)",3511,698479930927888,698479930929048,0,0,8,0,128,256,1,1,8192,1,1
"KERNEL_DISPATCH","Agent 1",1,0,4160312,852,19,"transpose_weights(Net const*, Scratch*, int, int)",3515,698479930932288,698479930933608,0,0,8,0,128,256,1,1,4096,1,1
"KERNEL_DISPATCH","Agent 1",1,0,4160312,853,33,"k_linear_f32(float const*, float const*, float*, int, int, int, int)",3520,698479930936888,698479930940128,0,0,16,0,128,16,16,1,64,128,1
"KERNEL_DISPATCH","Agent 1",1,0,4160312,854,18,"derivative(Scratch*, int, int, int*)",3524,698479930943448,698479930944648,0,0,8,0,128,256,1,1,8192,1,1
"KERNEL_DISPATCH","Agent 1",1,0,4160312,855,19,"transpose_weights(Net const*, Scratch*, int, int)",3528,698479930948048,698479930949248,0,0,8,0,128,256,1,1,4096,1,1
"KERNEL_DISPATCH","Agent 1",1,0,4160312,856,33,"k_linear_f32(float const*, float const*, float*, int, int, int, int)",3533,698479930963688,698479930966928,0,0,16,0,128,16,16,1,64,128,1
"KERNEL_DISPATCH","Agent 1",1,0,4160312,857,18,"derivative(Scratch*, int, int, int*)",3537,698479930970289,698479930971449,0,0,8,0,128,256,1,1,8192,1,1
"KERNEL_DISPATCH","Agent 1",1,0,4160312,858,32,"k_sgd_f32(float*, float const*, float const*, int, int, int, int, float)",3542,698479930974729,698479930993609,0,0,16,0,128,16,16,1,80,16,1
"KERNEL_DISPATCH","Agent 1",1,0,4160312,859,32,"k_sgd_f32(float*, float const*, float const*, int, int, int, int, float)",3548,698479931028723,698479931103684,0,0,16,0,128,16,16,1,224,64,1
"KERNEL_DISPATCH","Agent 1",1,0,4160312,860,16,"check_weights(float const*, int, int*)",3553,698479931146884,698479931148284,0,0,8,0,128,256,1,1,53504,1,1
"KERNEL_DISPATCH","Agent 1",1,0,4160312,861,16,"check_weights(float const*, int, int*)",3557,698479931151565,698479931152565,0,0,8,0,128,256,1,1,1280,1,1
"KERNEL_DISPATCH","Agent 1",1,0,4160312,862,17,"reduce_loss(float*, int, int*)",3561,698479931156165,698479931160685,0,0,16,0,128,1,1,1,1,1,1
"KERNEL_DISPATCH","Agent 1",1,0,4160312,863,5,"__amd_rocclr_copyBuffer",3563,698479931164045,698479931165765,0,0,16,0,128,512,1,1,512,1,1
"KERNEL_DISPATCH","Agent 1",1,0,4160312,864,5,"__amd_rocclr_copyBuffer",3564,698479931189245,698479931191085,0,0,16,0,128,512,1,1,512,1,1
