"Domain","Function","Process_Id","Thread_Id","Correlation_Id","Start_Timestamp","End_Timestamp"
"HIP_COMPILER_API_EXT","__hipRegisterFatBinary",4160312,4160312,1,698479887848415,698479887860848
"HIP_COMPILER_API_EXT","__hipRegisterFunction",4160312,4160312,2,698479887869695,698479887874023
"HIP_COMPILER_API_EXT","__hipRegisterFunction",4160312,4160312,3,698479887874634,698479887876037
"HIP_COMPILER_API_EXT","__hipRegisterFunction",4160312,4160312,4,698479887876378,698479887876638
"HIP_COMPILER_API_EXT","__hipRegisterFunction",4160312,4160312,5,698479887876919,698479887877159
"HIP_COMPILER_API_EXT","__hipRegisterFunction",4160312,4160312,6,698479887877430,698479887877750
"HIP_COMPILER_API_EXT","__hipRegisterFunction",4160312,4160312,7,698479887878021,698479887878141
"HIP_COMPILER_API_EXT","__hipRegisterFunction",4160312,4160312,8,698479887878421,698479887878542
"HIP_COMPILER_API_EXT","__hipRegisterFunction",4160312,4160312,9,698479887878812,698479887879203
"HIP_COMPILER_API_EXT","__hipRegisterFatBinary",4160312,4160312,10,698479887880335,698479887880545
"HIP_COMPILER_API_EXT","__hipRegisterFunction",4160312,4160312,11,698479887880896,698479887881427
"HIP_COMPILER_API_EXT","__hipRegisterFunction",4160312,4160312,12,698479887881778,698479887882078
"HIP_COMPILER_API_EXT","__hipRegisterFunction",4160312,4160312,13,698479887882349,698479887882479
"HIP_COMPILER_API_EXT","__hipRegisterFunction",4160312,4160312,14,698479887882760,698479887882910
"HIP_COMPILER_API_EXT","__hipRegisterFunction",4160312,4160312,15,698479887883180,698479887883501
"HIP_COMPILER_API_EXT","__hipRegisterFunction",4160312,4160312,16,698479887883771,698479887884323
"HIP_COMPILER_API_EXT","__hipRegisterFunction",4160312,4160312,17,698479887884603,698479887884763
"HIP_COMPILER_API_EXT","__hipRegisterFunction",4160312,4160312,18,698479887885044,698479887885224
"HIP_COMPILER_API_EXT","__hipRegisterFunction",4160312,4160312,19,698479887885505,698479887885685
"HIP_COMPILER_API_EXT","__hipRegisterFunction",4160312,4160312,20,698479887885956,698479887886186
"HIP_COMPILER_API_EXT","__hipRegisterFunction",4160312,4160312,21,698479887886477,698479887886977
"HIP_COMPILER_API_EXT","__hipRegisterFunction",4160312,4160312,22,698479887887248,698479887887398
"HIP_RUNTIME_API_EXT","hipGetDeviceCount",4160312,4160312,23,698479888308520,698479902192563
"HIP_RUNTIME_API_EXT","hipDeviceGetAttribute",4160312,4160312,24,698479902199877,698479902206399
"HIP_RUNTIME_API_EXT","hipDeviceGetAttribute",4160312,4160312,25,698479902207721,698479902207912
"HIP_RUNTIME_API_EXT","hipDeviceGetAttribute",4160312,4160312,26,698479902208283,698479902208383
"HIP_RUNTIME_API_EXT","hipSetDevice",4160312,4160312,27,698479902213973,698479902214685
"HIP_RUNTIME_API_EXT","hipGetDevicePropertiesR0600",4160312,4160312,28,698479902216227,698479902217380
"HIP_RUNTIME_API_EXT","hipGetDevice",4160312,4160312,29,698479902222479,698479902223281
"HIP_RUNTIME_API_EXT","hipMalloc",4160312,4160312,30,698479902226687,698479902252676
"HIP_RUNTIME_API_EXT","hipMalloc",4160312,4160312,31,698479902253177,698479902255121
"HIP_RUNTIME_API_EXT","hipMalloc",4160312,4160312,32,698479902255451,698479902256313
"HIP_RUNTIME_API_EXT","hipMalloc",4160312,4160312,33,698479902256633,698479902257375
"HIP_RUNTIME_API_EXT","hipMalloc",4160312,4160312,34,698479902257685,698479902258457
"HIP_RUNTIME_API_EXT","hipMalloc",4160312,4160312,35,698479902258757,698479902259439
"HIP_RUNTIME_API_EXT","hipMemcpy",4160312,4160312,36,698479902263496,698479916107264
"HIP_RUNTIME_API_EXT","hipSetDevice",4160312,4160312,37,698479916122222,698479916124175
"HIP_RUNTIME_API_EXT","hipMemset",4160312,4160312,38,698479916132171,698479916169260
"HIP_RUNTIME_API_EXT","hipMemcpy",4160312,4160312,39,698479916170593,698479916233371
"HIP_RUNTIME_API_EXT","hipMemcpy",4160312,4160312,40,698479916234313,698479916270571
"HIP_COMPILER_API_EXT","__hipPushCallConfiguration",4160312,4160312,41,698479916273516,698479916275400
"HIP_COMPILER_API_EXT","__hipPopCallConfiguration",4160312,4160312,42,698479916277554,698479916278526
"HIP_RUNTIME_API_EXT","hipLaunchKernel",4160312,4160312,43,698479916284507,698479916851032
"HIP_RUNTIME_API_EXT","hipGetLastError",4160312,4160312,44,698479916857955,698479916858726
"HIP_RUNTIME_API_EXT","hipSetDevice",4160312,4160312,45,698479916859989,698479916860840
"HIP_COMPILER_API_EXT","__hipPushCallConfiguration",4160312,4160312,46,698479916862013,698479916862864
"HIP_COMPILER_API_EXT","__hipPopCallConfiguration",4160312,4160312,47,698479916864487,698479916865499
"HIP_RUNTIME_API_EXT","hipLaunchKernel",4160312,4160312,48,698479916869396,698479917395055
"HIP_RUNTIME_API_EXT","hipGetLastError",4160312,4160312,49,698479917397680,698479917398261
"HIP_COMPILER_API_EXT","__hipPushCallConfiguration",4160312,4160312,50,698479917399583,698479917400275
"HIP_COMPILER_API_EXT","__hipPopCallConfiguration",4160312,4160312,51,698479917402398,698479917403561
"HIP_RUNTIME_API_EXT","hipLaunchKernel",4160312,4160312,52,698479917405474,698479917410684
"HIP_RUNTIME_API_EXT","hipGetLastError",4160312,4160312,53,698479917411055,698479917411085
"HIP_COMPILER_API_EXT","__hipPushCallConfiguration",4160312,4160312,54,698479917411506,698479917411546
"HIP_COMPILER_API_EXT","__hipPopCallConfiguration",4160312,4160312,55,698479917411886,698479917411926
"HIP_RUNTIME_API_EXT","hipLaunchKernel",4160312,4160312,56,698479917412387,698479917417587
"HIP_RUNTIME_API_EXT","hipGetLastError",4160312,4160312,57,698479917417938,698479917417968
"HIP_RUNTIME_API_EXT","hipSetDevice",4160312,4160312,58,698479917418519,698479917419100
"HIP_COMPILER_API_EXT","__hipPushCallConfiguration",4160312,4160312,59,698479917419410,698479917419451
"HIP_COMPILER_API_EXT","__hipPopCallConfiguration",4160312,4160312,60,698479917419741,698479917419791
"HIP_RUNTIME_API_EXT","hipLaunchKernel",4160312,4160312,61,698479917420382,698479917423939
"HIP_RUNTIME_API_EXT","hipGetLastError",4160312,4160312,62,698479917424220,698479917424250
"HIP_COMPILER_API_EXT","__hipPushCallConfiguration",4160312,4160312,63,698479917424630,698479917424680
"HIP_COMPILER_API_EXT","__hipPopCallConfiguration",4160312,4160312,64,698479917424961,698479917425001
"HIP_RUNTIME_API_EXT","hipLaunchKernel",4160312,4160312,65,698479917425933,698479917430141
"HIP_RUNTIME_API_EXT","hipGetLastError",4160312,4160312,66,698479917430521,698479917430551
"HIP_COMPILER_API_EXT","__hipPushCallConfiguration",4160312,4160312,67,698479917430882,698479917430922
"HIP_COMPILER_API_EXT","__hipPopCallConfiguration",4160312,4160312,68,698479917431223,698479917431263
"HIP_RUNTIME_API_EXT","hipLaunchKernel",4160312,4160312,69,698479917431714,698479917435631
"HIP_RUNTIME_API_EXT","hipGetLastError",4160312,4160312,70,698479917436162,698479917436192
"HIP_RUNTIME_API_EXT","hipSetDevice",4160312,4160312,71,698479917437715,698479917437755
"HIP_COMPILER_API_EXT","__hipPushCallConfiguration",4160312,4160312,72,698479917438096,698479917438146
"HIP_COMPILER_API_EXT","__hipPopCallConfiguration",4160312,4160312,73,698479917438587,698479917438637
"HIP_RUNTIME_API_EXT","hipLaunchKernel",4160312,4160312,74,698479917439208,698479917442474
"HIP_RUNTIME_API_EXT","hipGetLastError",4160312,4160312,75,698479917442845,698479917442875
"HIP_COMPILER_API_EXT","__hipPushCallConfiguration",4160312,4160312,76,698479917443205,698479917443245
"HIP_COMPILER_API_EXT","__hipPopCallConfiguration",4160312,4160312,77,698479917443606,698479917443646
"HIP_RUNTIME_API_EXT","hipLaunchKernel",4160312,4160312,78,698479917444147,698479917446652
"HIP_RUNTIME_API_EXT","hipGetLastError",4160312,4160312,79,698479917447002,698479917447032
"HIP_COMPILER_API_EXT","__hipPushCallConfiguration",4160312,4160312,80,698479917447293,698479917447343
"HIP_COMPILER_API_EXT","__hipPopCallConfiguration",4160312,4160312,81,698479917447674,698479917447724
"HIP_RUNTIME_API_EXT","hipLaunchKernel",4160312,4160312,82,698479917448485,698479917451701
"HIP_RUNTIME_API_EXT","hipGetLastError",4160312,4160312,83,698479917452162,698479917452192
"HIP_RUNTIME_API_EXT","hipSetDevice",4160312,4160312,84,698479917452533,698479917452573
"HIP_COMPILER_API_EXT","__hipPushCallConfiguration",4160312,4160312,85,698479917453204,698479917453244
"HIP_COMPILER_API_EXT","__hipPopCallConfiguration",4160312,4160312,86,698479917453515,698479917453565
"HIP_RUNTIME_API_EXT","hipLaunchKernel",4160312,4160312,87,698479917454216,698479917458173
"HIP_RUNTIME_API_EXT","hipGetLastError",4160312,4160312,88,698479917458594,698479917458624
"HIP_COMPILER_API_EXT","__hipPushCallConfiguration",4160312,4160312,89,698479917459005,698479917459045
"HIP_COMPILER_API_EXT","__hipPopCallConfiguration",4160312,4160312,90,698479917459315,698479917459366
"HIP_RUNTIME_API_EXT","hipLaunchKernel",4160312,4160312,91,698479917460057,698479917463894
"HIP_RUNTIME_API_EXT","hipGetLastError",4160312,4160312,92,698479917464265,698479917464295
"HIP_COMPILER_API_EXT","__hipPushCallConfiguration",4160312,4160312,93,698479917464996,698479917465036
"HIP_COMPILER_API_EXT","__hipPopCallConfiguration",4160312,4160312,94,698479917465347,698479917465387
"HIP_RUNTIME_API_EXT","hipLaunchKernel",4160312,4160312,95,698479917468663,698479917473302
"HIP_RUNTIME_API_EXT","hipGetLastError",4160312,4160312,96,698479917473703,698479917473733
"HIP_RUNTIME_API_EXT","hipSetDevice",4160312,4160312,97,698479917474053,698479917474093
"HIP_COMPILER_API_EXT","__hipPushCallConfiguration",4160312,4160312,98,698479917474434,698479917474484
"HIP_COMPILER_API_EXT","__hipPopCallConfiguration",4160312,4160312,99,698479917474765,698479917474815
"HIP_RUNTIME_API_EXT","hipLaunchKernel",4160312,4160312,100,698479917475656,698479917478261
"HIP_RUNTIME_API_EXT","hipGetLastError",4160312,4160312,101,698479917478612,698479917478642
"HIP_COMPILER_API_EXT","__hipPushCallConfiguration",4160312,4160312,102,698479917479153,698479917479193
"HIP_COMPILER_API_EXT","__hipPopCallConfiguration",4160312,4160312,103,698479917479483,698479917479534
"HIP_RUNTIME_API_EXT","hipLaunchKernel",4160312,4160312,104,698479917479964,698479917484843
"HIP_RUNTIME_API_EXT","hipGetLastError",4160312,4160312,105,698479917485425,698479917485455
"HIP_COMPILER_API_EXT","__hipPushCallConfiguration",4160312,4160312,106,698479917485916,698479917485956
"HIP_COMPILER_API_EXT","__hipPopCallConfiguration",4160312,4160312,107,698479917486266,698479917486306
"HIP_RUNTIME_API_EXT","hipLaunchKernel",4160312,4160312,108,698479917487468,698479917492849
"HIP_RUNTIME_API_EXT","hipGetLastError",4160312,4160312,109,698479917493249,698479917493279
"HIP_RUNTIME_API_EXT","hipSetDevice",4160312,4160312,110,698479917493670,698479917493710
"HIP_COMPILER_API_EXT","__hipPushCallConfiguration",4160312,4160312,111,698479917494121,698479917494171
"HIP_COMPILER_API_EXT","__hipPopCallConfiguration",4160312,4160312,112,698479917494442,698479917494492
"HIP_RUNTIME_API_EXT","hipLaunchKernel",4160312,4160312,113,698479917495273,698479917498549
"HIP_RUNTIME_API_EXT","hipGetLastError",4160312,4160312,114,698479917498840,698479917498870
"HIP_COMPILER_API_EXT","__hipPushCallConfiguration",4160312,4160312,115,698479917499170,698479917499210
"HIP_COMPILER_API_EXT","__hipPopCallConfiguration",4160312,4160312,116,698479917499641,698479917499681
"HIP_RUNTIME_API_EXT","hipLaunchKernel",4160312,4160312,117,698479917500162,698479917504240
"HIP_RUNTIME_API_EXT","hipGetLastError",4160312,4160312,118,698479917505172,698479917505202
"HIP_COMPILER_API_EXT","__hipPushCallConfiguration",4160312,4160312,119,698479917505492,698479917505542
"HIP_COMPILER_API_EXT","__hipPopCallConfiguration",4160312,4160312,120,698479917505843,698479917505883
"HIP_RUNTIME_API_EXT","hipLaunchKernel",4160312,4160312,121,698479917506454,698479917509830
"HIP_RUNTIME_API_EXT","hipGetLastError",4160312,4160312,122,698479917510131,698479917510161
"HIP_RUNTIME_API_EXT","hipSetDevice",4160312,4160312,123,698479917510562,698479917510602
"HIP_COMPILER_API_EXT","__hipPushCallConfiguration",4160312,4160312,124,698479917511013,698479917511063
"HIP_COMPILER_API_EXT","__hipPopCallConfiguration",4160312,4160312,125,698479917511714,698479917511754
"HIP_RUNTIME_API_EXT","hipLaunchKernel",4160312,4160312,126,698479917512475,698479917516212
"HIP_RUNTIME_API_EXT","hipGetLastError",4160312,4160312,127,698479917516583,698479917516613
"HIP_COMPILER_API_EXT","__hipPushCallConfiguration",4160312,4160312,128,698479917516954,698479917517004
"HIP_COMPILER_API_EXT","__hipPopCallConfiguration",4160312,4160312,129,698479917517415,698479917517465
"HIP_RUNTIME_API_EXT","hipLaunchKernel",4160312,4160312,130,698479917518146,698479917521773
"HIP_RUNTIME_API_EXT","hipGetLastError",4160312,4160312,131,698479917522154,698479917522184
"HIP_COMPILER_API_EXT","__hipPushCallConfiguration",4160312,4160312,132,698479917522524,698479917522564
"HIP_COMPILER_API_EXT","__hipPopCallConfiguration",4160312,4160312,133,698479917522895,698479917522935
"HIP_RUNTIME_API_EXT","hipLaunchKernel",4160312,4160312,134,698479917523626,698479917526943
"HIP_RUNTIME_API_EXT","hipGetLastError",4160312,4160312,135,698479917527243,698479917527273
"HIP_RUNTIME_API_EXT","hipSetDevice",4160312,4160312,136,698479917527604,698479917527644
"HIP_COMPILER_API_EXT","__hipPushCallConfiguration",4160312,4160312,137,698479917528285,698479917528335
"HIP_COMPILER_API_EXT","__hipPopCallConfiguration",4160312,4160312,138,698479917528756,698479917528796
"HIP_RUNTIME_API_EXT","hipLaunchKernel",4160312,4160312,139,698479917529457,698479917532413
"HIP_RUNTIME_API_EXT","hipGetLastError",4160312,4160312,140,698479917532784,698479917532814
"HIP_COMPILER_API_EXT","__hipPushCallConfiguration",4160312,4160312,141,698479917533735,698479917533785
"HIP_COMPILER_API_EXT","__hipPopCallConfiguration",4160312,4160312,142,698479917534076,698479917534116
"HIP_RUNTIME_API_EXT","hipLaunchKernel",4160312,4160312,143,698479917534617,698479917537342
"HIP_RUNTIME_API_EXT","hipGetLastError",4160312,4160312,144,698479917537633,698479917537673
"HIP_COMPILER_API_EXT","__hipPushCallConfiguration",4160312,4160312,145,698479917537983,698479917538023
"HIP_COMPILER_API_EXT","__hipPopCallConfiguration",4160312,4160312,146,698479917538504,698479917538554
"HIP_RUNTIME_API_EXT","hipLaunchKernel",4160312,4160312,147,698479917539055,698479917543093
"HIP_RUNTIME_API_EXT","hipGetLastError",4160312,4160312,148,698479917543754,698479917543784
"HIP_RUNTIME_API_EXT","hipSetDevice",4160312,4160312,149,698479917544105,698479917544145
"HIP_COMPILER_API_EXT","__hipPushCallConfiguration",4160312,4160312,150,698479917544616,698479917544666
"HIP_COMPILER_API_EXT","__hipPopCallConfiguration",4160312,4160312,151,698479917545778,698479917545938
"HIP_RUNTIME_API_EXT","hipLaunchKernel",4160312,4160312,152,698479917546680,698479917550517
"HIP_RUNTIME_API_EXT","hipGetLastError",4160312,4160312,153,698479917551669,698479917551699
"HIP_COMPILER_API_EXT","__hipPushCallConfiguration",4160312,4160312,154,698479917552060,698479917552100
"HIP_COMPILER_API_EXT","__hipPopCallConfiguration",4160312,4160312,155,698479917552571,698479917552621
"HIP_RUNTIME_API_EXT","hipLaunchKernel",4160312,4160312,156,698479917553162,698479917556258
"HIP_RUNTIME_API_EXT","hipGetLastError",4160312,4160312,157,698479917556919,698479917556949
"HIP_RUNTIME_API_EXT","hipSetDevice",4160312,4160312,158,698479917557270,698479917557310
"HIP_COMPILER_API_EXT","__hipPushCallConfiguration",4160312,4160312,159,698479917557680,698479917557731
"HIP_COMPILER_API_EXT","__hipPopCallConfiguration",4160312,4160312,160,698479917558111,698479917558151
"HIP_RUNTIME_API_EXT","hipLaunchKernel",4160312,4160312,161,698479917558873,698479917565776
"HIP_RUNTIME_API_EXT","hipGetLastError",4160312,4160312,162,698479917566166,698479917566196
"HIP_RUNTIME_API_EXT","hipDeviceSynchronize",4160312,4160312,163,698479917568761,698479917640727
"HIP_RUNTIME_API_EXT","hipSetDevice",4160312,4160312,164,698479917643151,698479917643191
"HIP_COMPILER_API_EXT","__hipPushCallConfiguration",4160312,4160312,165,698479917643542,698479917643582
"HIP_COMPILER_API_EXT","__hipPopCallConfiguration",4160312,4160312,166,698479917643963,698479917644013
"HIP_RUNTIME_API_EXT","hipLaunchKernel",4160312,4160312,167,698479917644353,698479917647740
"HIP_RUNTIME_API_EXT","hipGetLastError",4160312,4160312,168,698479917648161,698479917648191
"HIP_RUNTIME_API_EXT","hipDeviceSynchronize",4160312,4160312,169,698479917648551,698479917743049
"HIP_COMPILER_API_EXT","__hipPushCallConfiguration",4160312,4160312,170,698479917746215,698479917746255
"HIP_COMPILER_API_EXT","__hipPopCallConfiguration",4160312,4160312,171,698479917746576,698479917746616
"HIP_RUNTIME_API_EXT","hipLaunchKernel",4160312,4160312,172,698479917747066,698479917753879
"HIP_RUNTIME_API_EXT","hipGetLastError",4160312,4160312,173,698479917754350,698479917754380
"HIP_COMPILER_API_EXT","__hipPushCallConfiguration",4160312,4160312,174,698479917754681,698479917754721
"HIP_COMPILER_API_EXT","__hipPopCallConfiguration",4160312,4160312,175,698479917755031,698479917755082
"HIP_RUNTIME_API_EXT","hipLaunchKernel",4160312,4160312,176,698479917755532,698479917758658
"HIP_RUNTIME_API_EXT","hipGetLastError",4160312,4160312,177,698479917759119,698479917759149
"HIP_COMPILER_API_EXT","__hipPushCallConfiguration",4160312,4160312,178,698479917759470,698479917759510
"HIP_COMPILER_API_EXT","__hipPopCallConfiguration",4160312,4160312,179,698479917760031,698479917760081
"HIP_RUNTIME_API_EXT","hipLaunchKernel",4160312,4160312,180,698479917760522,698479917764349
"HIP_RUNTIME_API_EXT","hipGetLastError",4160312,4160312,181,698479917764820,698479917764850
"HIP_RUNTIME_API_EXT","hipMemcpy",4160312,4160312,182,698479917766172,698479917800818
"HIP_RUNTIME_API_EXT","hipMemcpy",4160312,4160312,183,698479917801809,698479917825634
"HIP_RUNTIME_API_EXT","hipSetDevice",4160312,4160312,184,698479917829451,698479917829622
"HIP_RUNTIME_API_EXT","hipMemset",4160312,4160312,185,698479917831135,698479917839420
"HIP_RUNTIME_API_EXT","hipMemcpy",4160312,4160312,186,698479917839801,698479917882180
"HIP_RUNTIME_API_EXT","hipMemcpy",4160312,4160312,187,698479917883062,698479917907398
"HIP_COMPILER_API_EXT","__hipPushCallConfiguration",4160312,4160312,188,698479917909422,698479917909462
"HIP_COMPILER_API_EXT","__hipPopCallConfiguration",4160312,4160312,189,698479917909983,698479917910033
"HIP_RUNTIME_API_EXT","hipLaunchKernel",4160312,4160312,190,698479917911285,698479917915343
"HIP_RUNTIME_API_EXT","hipGetLastError",4160312,4160312,191,698479917915673,698479917915703
"HIP_RUNTIME_API_EXT","hipSetDevice",4160312,4160312,192,698479917916054,698479917916094
"HIP_COMPILER_API_EXT","__hipPushCallConfiguration",4160312,4160312,193,698479917916515,698479917916565
"HIP_COMPILER_API_EXT","__hipPopCallConfiguration",4160312,4160312,194,698479917916856,698479917916896
"HIP_RUNTIME_API_EXT","hipLaunchKernel",4160312,4160312,195,698479917917266,698479917921374
"HIP_RUNTIME_API_EXT","hipGetLastError",4160312,4160312,196,698479917922126,698479917922156
"HIP_COMPILER_API_EXT","__hipPushCallConfiguration",4160312,4160312,197,698479917922586,698479917922627
"HIP_COMPILER_API_EXT","__hipPopCallConfiguration",4160312,4160312,198,698479917922907,698479917922947
"HIP_RUNTIME_API_EXT","hipLaunchKernel",4160312,4160312,199,698479917923388,698479917926303
"HIP_RUNTIME_API_EXT","hipGetLastError",4160312,4160312,200,698479917927095,698479917927115
"HIP_COMPILER_API_EXT","__hipPushCallConfiguration",4160312,4160312,201,698479917927496,698479917927546
"HIP_COMPILER_API_EXT","__hipPopCallConfiguration",4160312,4160312,202,698479917927896,698479917927936
"HIP_RUNTIME_API_EXT","hipLaunchKernel",4160312,4160312,203,698479917928578,698479917930912
"HIP_RUNTIME_API_EXT","hipGetLastError",4160312,4160312,204,698479917931473,698479917931503
"HIP_RUNTIME_API_EXT","hipSetDevice",4160312,4160312,205,698479917932074,698479917932114
"HIP_COMPILER_API_EXT","__hipPushCallConfiguration",4160312,4160312,206,698479917932705,698479917932746
"HIP_COMPILER_API_EXT","__hipPopCallConfiguration",4160312,4160312,207,698479917933106,698479917933156
"HIP_RUNTIME_API_EXT","hipLaunchKernel",4160312,4160312,208,698479917933868,698479917937795
"HIP_RUNTIME_API_EXT","hipGetLastError",4160312,4160312,209,698479917938176,698479917938206
"HIP_COMPILER_API_EXT","__hipPushCallConfiguration",4160312,4160312,210,698479917938667,698479917938707
"HIP_COMPILER_API_EXT","__hipPopCallConfiguration",4160312,4160312,211,698479917939588,698479917939638
"HIP_RUNTIME_API_EXT","hipLaunchKernel",4160312,4160312,212,698479917940169,698479917942734
"HIP_RUNTIME_API_EXT","hipGetLastError",4160312,4160312,213,698479917943095,698479917943125
"HIP_COMPILER_API_EXT","__hipPushCallConfiguration",4160312,4160312,214,698479917943396,698479917943446
"HIP_COMPILER_API_EXT","__hipPopCallConfiguration",4160312,4160312,215,698479917943856,698479917943896
"HIP_RUNTIME_API_EXT","hipLaunchKernel",4160312,4160312,216,698479917944317,698479917947473
"HIP_RUNTIME_API_EXT","hipGetLastError",4160312,4160312,217,698479917947934,698479917947964
"HIP_RUNTIME_API_EXT","hipSetDevice",4160312,4160312,218,698479917948295,698479917948335
"HIP_COMPILER_API_EXT","__hipPushCallConfiguration",4160312,4160312,219,698479917949838,698479917949878
"HIP_COMPILER_API_EXT","__hipPopCallConfiguration",4160312,4160312,220,698479917950429,698479917950469
"HIP_RUNTIME_API_EXT","hipLaunchKernel",4160312,4160312,221,698479917951220,698479917954416
"HIP_RUNTIME_API_EXT","hipGetLastError",4160312,4160312,222,698479917955258,698479917955288
"HIP_COMPILER_API_EXT","__hipPushCallConfiguration",4160312,4160312,223,698479917955639,698479917955679
"HIP_COMPILER_API_EXT","__hipPopCallConfiguration",4160312,4160312,224,698479917956039,698479917956079
"HIP_RUNTIME_API_EXT","hipLaunchKernel",4160312,4160312,225,698479917956671,698479917960989
"HIP_RUNTIME_API_EXT","hipGetLastError",4160312,4160312,226,698479917961550,698479917961580
"HIP_COMPILER_API_EXT","__hipPushCallConfiguration",4160312,4160312,227,698479917961940,698479917961991
"HIP_COMPILER_API_EXT","__hipPopCallConfiguration",4160312,4160312,228,698479917962331,698479917962381
"HIP_RUNTIME_API_EXT","hipLaunchKernel",4160312,4160312,229,698479917962942,698479917966008
"HIP_RUNTIME_API_EXT","hipGetLastError",4160312,4160312,230,698479917966519,698479917966549
"HIP_RUNTIME_API_EXT","hipSetDevice",4160312,4160312,231,698479917966810,698479917966850
"HIP_COMPILER_API_EXT","__hipPushCallConfiguration",4160312,4160312,232,698479917967120,698479917967160
"HIP_COMPILER_API_EXT","__hipPopCallConfiguration",4160312,4160312,233,698479917967501,698479917967541
"HIP_RUNTIME_API_EXT","hipLaunchKernel",4160312,4160312,234,698479917970026,698479917972590
"HIP_RUNTIME_API_EXT","hipGetLastError",4160312,4160312,235,698479917973182,698479917973212
"HIP_COMPILER_API_EXT","__hipPushCallConfiguration",4160312,4160312,236,698479917973542,698479917973592
"HIP_COMPILER_API_EXT","__hipPopCallConfiguration",4160312,4160312,237,698479917973953,698479917973993
"HIP_RUNTIME_API_EXT","hipLaunchKernel",4160312,4160312,238,698479917974584,698479917977510
"HIP_RUNTIME_API_EXT","hipGetLastError",4160312,4160312,239,698479917978261,698479917978291
"HIP_COMPILER_API_EXT","__hipPushCallConfiguration",4160312,4160312,240,698479917978662,698479917978702
"HIP_COMPILER_API_EXT","__hipPopCallConfiguration",4160312,4160312,241,698479917979093,698479917979133
"HIP_RUNTIME_API_EXT","hipLaunchKernel",4160312,4160312,242,698479917979894,698479917984312
"HIP_RUNTIME_API_EXT","hipGetLastError",4160312,4160312,243,698479917984823,698479917984853
"HIP_RUNTIME_API_EXT","hipSetDevice",4160312,4160312,244,698479917985174,698479917985214
"HIP_COMPILER_API_EXT","__hipPushCallConfiguration",4160312,4160312,245,698479917985545,698479917985595
"HIP_COMPILER_API_EXT","__hipPopCallConfiguration",4160312,4160312,246,698479917986076,698479917986126
"HIP_RUNTIME_API_EXT","hipLaunchKernel",4160312,4160312,247,698479917986747,698479917991095
"HIP_RUNTIME_API_EXT","hipGetLastError",4160312,4160312,248,698479917991726,698479917991756
"HIP_COMPILER_API_EXT","__hipPushCallConfiguration",4160312,4160312,249,698479917992167,698479917992207
"HIP_COMPILER_API_EXT","__hipPopCallConfiguration",4160312,4160312,250,698479917992568,698479917992618
"HIP_RUNTIME_API_EXT","hipLaunchKernel",4160312,4160312,251,698479917993390,698479917996886
"HIP_RUNTIME_API_EXT","hipGetLastError",4160312,4160312,252,698479917997397,698479917997427
"HIP_COMPILER_API_EXT","__hipPushCallConfiguration",4160312,4160312,253,698479917997828,698479917997868
"HIP_COMPILER_API_EXT","__hipPopCallConfiguration",4160312,4160312,254,698479917998159,698479917998209
"HIP_RUNTIME_API_EXT","hipLaunchKernel",4160312,4160312,255,698479917998830,698479918007115
"HIP_RUNTIME_API_EXT","hipGetLastError",4160312,4160312,256,698479918007566,698479918007596
"HIP_RUNTIME_API_EXT","hipSetDevice",4160312,4160312,257,698479918008117,698479918008167
"HIP_COMPILER_API_EXT","__hipPushCallConfiguration",4160312,4160312,258,698479918009380,698479918009430
"HIP_COMPILER_API_EXT","__hipPopCallConfiguration",4160312,4160312,259,698479918009871,698479918009921
"HIP_RUNTIME_API_EXT","hipLaunchKernel",4160312,4160312,260,698479918010782,698479918016443
"HIP_RUNTIME_API_EXT","hipGetLastError",4160312,4160312,261,698479918017144,698479918017174
"HIP_COMPILER_API_EXT","__hipPushCallConfiguration",4160312,4160312,262,698479918017515,698479918017555
"HIP_COMPILER_API_EXT","__hipPopCallConfiguration",4160312,4160312,263,698479918017846,698479918017886
"HIP_RUNTIME_API_EXT","hipLaunchKernel",4160312,4160312,264,698479918018316,698479918021613
"HIP_RUNTIME_API_EXT","hipGetLastError",4160312,4160312,265,698479918022184,698479918022214
"HIP_COMPILER_API_EXT","__hipPushCallConfiguration",4160312,4160312,266,698479918022474,698479918022524
"HIP_COMPILER_API_EXT","__hipPopCallConfiguration",4160312,4160312,267,698479918022825,698479918022865
"HIP_RUNTIME_API_EXT","hipLaunchKernel",4160312,4160312,268,698479918023286,698479918026291
"HIP_RUNTIME_API_EXT","hipGetLastError",4160312,4160312,269,698479918027484,698479918027514
"HIP_RUNTIME_API_EXT","hipSetDevice",4160312,4160312,270,698479918027784,698479918027834
"HIP_COMPILER_API_EXT","__hipPushCallConfiguration",4160312,4160312,271,698479918028105,698479918028145
"HIP_COMPILER_API_EXT","__hipPopCallConfiguration",4160312,4160312,272,698479918028435,698479918028476
"HIP_RUNTIME_API_EXT","hipLaunchKernel",4160312,4160312,273,698479918028976,698479918041179
"HIP_RUNTIME_API_EXT","hipGetLastError",4160312,4160312,274,698479918041821,698479918041851
"HIP_COMPILER_API_EXT","__hipPushCallConfiguration",4160312,4160312,275,698479918042251,698479918042302
"HIP_COMPILER_API_EXT","__hipPopCallConfiguration",4160312,4160312,276,698479918042642,698479918042692
"HIP_RUNTIME_API_EXT","hipLaunchKernel",4160312,4160312,277,698479918043213,698479918047261
"HIP_RUNTIME_API_EXT","hipGetLastError",4160312,4160312,278,698479918047561,698479918047591
"HIP_COMPILER_API_EXT","__hipPushCallConfiguration",4160312,4160312,279,698479918047932,698479918047982
"HIP_COMPILER_API_EXT","__hipPopCallConfiguration",4160312,4160312,280,698479918048473,698479918048513
"HIP_RUNTIME_API_EXT","hipLaunchKernel",4160312,4160312,281,698479918050547,698479918054424
"HIP_RUNTIME_API_EXT","hipGetLastError",4160312,4160312,282,698479918054825,698479918054855
"HIP_RUNTIME_API_EXT","hipSetDevice",4160312,4160312,283,698479918055276,698479918055316
"HIP_COMPILER_API_EXT","__hipPushCallConfiguration",4160312,4160312,284,698479918055647,698479918055697
"HIP_COMPILER_API_EXT","__hipPopCallConfiguration",4160312,4160312,285,698479918056027,698479918056077
"HIP_RUNTIME_API_EXT","hipLaunchKernel",4160312,4160312,286,698479918056809,698479918059875
"HIP_RUNTIME_API_EXT","hipGetLastError",4160312,4160312,287,698479918060295,698479918060325
"HIP_COMPILER_API_EXT","__hipPushCallConfiguration",4160312,4160312,288,698479918060596,698479918060636
"HIP_COMPILER_API_EXT","__hipPopCallConfiguration",4160312,4160312,289,698479918061127,698479918061177
"HIP_RUNTIME_API_EXT","hipLaunchKernel",4160312,4160312,290,698479918061788,698479918064894
"HIP_RUNTIME_API_EXT","hipGetLastError",4160312,4160312,291,698479918065275,698479918065305
"HIP_COMPILER_API_EXT","__hipPushCallConfiguration",4160312,4160312,292,698479918065645,698479918065685
"HIP_COMPILER_API_EXT","__hipPopCallConfiguration",4160312,4160312,293,698479918066337,698479918066377
"HIP_RUNTIME_API_EXT","hipLaunchKernel",4160312,4160312,294,698479918066868,698479918072398
"HIP_RUNTIME_API_EXT","hipGetLastError",4160312,4160312,295,698479918073240,698479918073270
"HIP_RUNTIME_API_EXT","hipSetDevice",4160312,4160312,296,698479918073731,698479918073771
"HIP_COMPILER_API_EXT","__hipPushCallConfiguration",4160312,4160312,297,698479918074362,698479918074412
"HIP_COMPILER_API_EXT","__hipPopCallConfiguration",4160312,4160312,298,698479918074692,698479918074732
"HIP_RUNTIME_API_EXT","hipLaunchKernel",4160312,4160312,299,698479918075524,698479918080223
"HIP_RUNTIME_API_EXT","hipGetLastError",4160312,4160312,300,698479918080894,698479918080924
"HIP_COMPILER_API_EXT","__hipPushCallConfiguration",4160312,4160312,301,698479918081335,698479918081375
"HIP_COMPILER_API_EXT","__hipPopCallConfiguration",4160312,4160312,302,698479918081666,698479918081706
"HIP_RUNTIME_API_EXT","hipLaunchKernel",4160312,4160312,303,698479918082437,698479918086986
"HIP_RUNTIME_API_EXT","hipGetLastError",4160312,4160312,304,698479918088218,698479918088258
"HIP_RUNTIME_API_EXT","hipSetDevice",4160312,4160312,305,698479918089079,698479918089120
"HIP_COMPILER_API_EXT","__hipPushCallConfiguration",4160312,4160312,306,698479918090101,698479918090151
"HIP_COMPILER_API_EXT","__hipPopCallConfiguration",4160312,4160312,307,698479918090512,698479918090562
"HIP_RUNTIME_API_EXT","hipLaunchKernel",4160312,4160312,308,698479918091374,698479918095762
"HIP_RUNTIME_API_EXT","hipGetLastError",4160312,4160312,309,698479918096283,698479918096313
"HIP_RUNTIME_API_EXT","hipDeviceSynchronize",4160312,4160312,310,698479918096694,698479918151577
"HIP_RUNTIME_API_EXT","hipSetDevice",4160312,4160312,311,698479918152960,698479918153000
"HIP_COMPILER_API_EXT","__hipPushCallConfiguration",4160312,4160312,312,698479918153350,698479918153400
"HIP_COMPILER_API_EXT","__hipPopCallConfiguration",4160312,4160312,313,698479918153761,698479918153801
"HIP_RUNTIME_API_EXT","hipLaunchKernel",4160312,4160312,314,698479918154312,698479918158781
"HIP_RUNTIME_API_EXT","hipGetLastError",4160312,4160312,315,698479918159261,698479918159291
"HIP_RUNTIME_API_EXT","hipDeviceSynchronize",4160312,4160312,316,698479918159552,698479918252186
"HIP_COMPILER_API_EXT","__hipPushCallConfiguration",4160312,4160312,317,698479918256284,698479918256324
"HIP_COMPILER_API_EXT","__hipPopCallConfiguration",4160312,4160312,318,698479918256624,698479918256675
"HIP_RUNTIME_API_EXT","hipLaunchKernel",4160312,4160312,319,698479918257105,698479918262766
"HIP_RUNTIME_API_EXT","hipGetLastError",4160312,4160312,320,698479918263277,698479918263307
"HIP_COMPILER_API_EXT","__hipPushCallConfiguration",4160312,4160312,321,698479918263858,698479918263898
"HIP_COMPILER_API_EXT","__hipPopCallConfiguration",4160312,4160312,322,698479918264419,698479918264469
"HIP_RUNTIME_API_EXT","hipLaunchKernel",4160312,4160312,323,698479918265000,698479918267906
"HIP_RUNTIME_API_EXT","hipGetLastError",4160312,4160312,324,698479918268286,698479918268316
"HIP_COMPILER_API_EXT","__hipPushCallConfiguration",4160312,4160312,325,698479918268637,698479918268677
"HIP_COMPILER_API_EXT","__hipPopCallConfiguration",4160312,4160312,326,698479918268968,698479918269018
"HIP_RUNTIME_API_EXT","hipLaunchKernel",4160312,4160312,327,698479918270130,698479918273176
"HIP_RUNTIME_API_EXT","hipGetLastError",4160312,4160312,328,698479918273486,698479918273516
"HIP_RUNTIME_API_EXT","hipMemcpy",4160312,4160312,329,698479918274077,698479918299265
"HIP_RUNTIME_API_EXT","hipMemcpy",4160312,4160312,330,698479918299976,698479918323971
"HIP_RUNTIME_API_EXT","hipSetDevice",4160312,4160312,331,698479918327538,698479918327588
"HIP_RUNTIME_API_EXT","hipMemset",4160312,4160312,332,698479918328750,698479918333900
"HIP_RUNTIME_API_EXT","hipMemcpy",4160312,4160312,333,698479918334471,698479918368435
"HIP_RUNTIME_API_EXT","hipMemcpy",4160312,4160312,334,698479918369086,698479918393392
"HIP_COMPILER_API_EXT","__hipPushCallConfiguration",4160312,4160312,335,698479918394464,698479918394504
"HIP_COMPILER_API_EXT","__hipPopCallConfiguration",4160312,4160312,336,698479918394804,698479918394844
"HIP_RUNTIME_API_EXT","hipLaunchKernel",4160312,4160312,337,698479918395425,698479918399102
"HIP_RUNTIME_API_EXT","hipGetLastError",4160312,4160312,338,698479918399473,698479918399503
"HIP_RUNTIME_API_EXT","hipSetDevice",4160312,4160312,339,698479918399774,698479918399814
"HIP_COMPILER_API_EXT","__hipPushCallConfiguration",4160312,4160312,340,698479918400144,698479918400184
"HIP_COMPILER_API_EXT","__hipPopCallConfiguration",4160312,4160312,341,698479918400615,698479918400655
"HIP_RUNTIME_API_EXT","hipLaunchKernel",4160312,4160312,342,698479918401026,698479918403951
"HIP_RUNTIME_API_EXT","hipGetLastError",4160312,4160312,343,698479918404262,698479918404292
"HIP_COMPILER_API_EXT","__hipPushCallConfiguration",4160312,4160312,344,698479918404843,698479918404883
"HIP_COMPILER_API_EXT","__hipPopCallConfiguration",4160312,4160312,345,698479918405174,698479918405214
"HIP_RUNTIME_API_EXT","hipLaunchKernel",4160312,4160312,346,698479918405635,698479918409011
"HIP_RUNTIME_API_EXT","hipGetLastError",4160312,4160312,347,698479918410083,698479918410113
"HIP_COMPILER_API_EXT","__hipPushCallConfiguration",4160312,4160312,348,698479918410384,698479918410424
"HIP_COMPILER_API_EXT","__hipPopCallConfiguration",4160312,4160312,349,698479918410824,698479918410875
"HIP_RUNTIME_API_EXT","hipLaunchKernel",4160312,4160312,350,698479918411295,698479918413960
"HIP_RUNTIME_API_EXT","hipGetLastError",4160312,4160312,351,698479918423689,698479918423719
"HIP_RUNTIME_API_EXT","hipSetDevice",4160312,4160312,352,698479919253920,698479919253960
"HIP_COMPILER_API_EXT","__hipPushCallConfiguration",4160312,4160312,353,698479919254891,698479919254931
"HIP_COMPILER_API_EXT","__hipPopCallConfiguration",4160312,4160312,354,698479919255292,698479919255342
"HIP_RUNTIME_API_EXT","hipLaunchKernel",4160312,4160312,355,698479919255753,698479919260382
"HIP_RUNTIME_API_EXT","hipGetLastError",4160312,4160312,356,698479919260923,698479919260953
"HIP_COMPILER_API_EXT","__hipPushCallConfiguration",4160312,4160312,357,698479919261233,698479919261273
"HIP_COMPILER_API_EXT","__hipPopCallConfiguration",4160312,4160312,358,698479919261614,698479919261664
"HIP_RUNTIME_API_EXT","hipLaunchKernel",4160312,4160312,359,698479919262075,698479919265511
"HIP_RUNTIME_API_EXT","hipGetLastError",4160312,4160312,360,698479919265892,698479919265922
"HIP_COMPILER_API_EXT","__hipPushCallConfiguration",4160312,4160312,361,698479919266193,698479919266233
"HIP_COMPILER_API_EXT","__hipPopCallConfiguration",4160312,4160312,362,698479919266724,698479919266764
"HIP_RUNTIME_API_EXT","hipLaunchKernel",4160312,4160312,363,698479919267235,698479919271553
"HIP_RUNTIME_API_EXT","hipGetLastError",4160312,4160312,364,698479919272424,698479919272454
"HIP_RUNTIME_API_EXT","hipSetDevice",4160312,4160312,365,698479919272795,698479919272835
"HIP_COMPILER_API_EXT","__hipPushCallConfiguration",4160312,4160312,366,698479919273116,698479919273166
"HIP_COMPILER_API_EXT","__hipPopCallConfiguration",4160312,4160312,367,698479919273597,698479919273637
"HIP_RUNTIME_API_EXT","hipLaunchKernel",4160312,4160312,368,698479919274087,698479919276973
"HIP_RUNTIME_API_EXT","hipGetLastError",4160312,4160312,369,698479919277524,698479919277554
"HIP_COMPILER_API_EXT","__hipPushCallConfiguration",4160312,4160312,370,698479919277814,698479919277865
"HIP_COMPILER_API_EXT","__hipPopCallConfiguration",4160312,4160312,371,698479919278476,698479919278516
"HIP_RUNTIME_API_EXT","hipLaunchKernel",4160312,4160312,372,698479919278987,698479919282012
"HIP_RUNTIME_API_EXT","hipGetLastError",4160312,4160312,373,698479919282433,698479919282463
"HIP_COMPILER_API_EXT","__hipPushCallConfiguration",4160312,4160312,374,698479919282814,698479919282854
"HIP_COMPILER_API_EXT","__hipPopCallConfiguration",4160312,4160312,375,698479919283966,698479919284006
"HIP_RUNTIME_API_EXT","hipLaunchKernel",4160312,4160312,376,698479919284357,698479919287903
"HIP_RUNTIME_API_EXT","hipGetLastError",4160312,4160312,377,698479919288414,698479919288444
"HIP_RUNTIME_API_EXT","hipSetDevice",4160312,4160312,378,698479919288715,698479919288755
"HIP_COMPILER_API_EXT","__hipPushCallConfiguration",4160312,4160312,379,698479919289176,698479919289226
"HIP_COMPILER_API_EXT","__hipPopCallConfiguration",4160312,4160312,380,698479919289687,698479919289727
"HIP_RUNTIME_API_EXT","hipLaunchKernel",4160312,4160312,381,698479919290488,698479919293664
"HIP_RUNTIME_API_EXT","hipGetLastError",4160312,4160312,382,698479919293975,698479919294005
"HIP_COMPILER_API_EXT","__hipPushCallConfiguration",4160312,4160312,383,698479919294726,698479919294766
"HIP_COMPILER_API_EXT","__hipPopCallConfiguration",4160312,4160312,384,698479919296039,698479919296079
"HIP_RUNTIME_API_EXT","hipLaunchKernel",4160312,4160312,385,698479919297211,698479919301449
"HIP_RUNTIME_API_EXT","hipGetLastError",4160312,4160312,386,698479919301990,698479919302020
"HIP_COMPILER_API_EXT","__hipPushCallConfiguration",4160312,4160312,387,698479919302421,698479919302461
"HIP_COMPILER_API_EXT","__hipPopCallConfiguration",4160312,4160312,388,698479919306829,698479919306869
"HIP_RUNTIME_API_EXT","hipLaunchKernel",4160312,4160312,389,698479919307270,698479919310526
"HIP_RUNTIME_API_EXT","hipGetLastError",4160312,4160312,390,698479919311157,698479919311187
"HIP_RUNTIME_API_EXT","hipSetDevice",4160312,4160312,391,698479919311498,698479919311538
"HIP_COMPILER_API_EXT","__hipPushCallConfiguration",4160312,4160312,392,698479919311879,698479919311919
"HIP_COMPILER_API_EXT","__hipPopCallConfiguration",4160312,4160312,393,698479919312209,698479919312249
"HIP_RUNTIME_API_EXT","hipLaunchKernel",4160312,4160312,394,698479919312730,698479919316447
"HIP_RUNTIME_API_EXT","hipGetLastError",4160312,4160312,395,698479919316858,698479919316908
"HIP_COMPILER_API_EXT","__hipPushCallConfiguration",4160312,4160312,396,698479919317369,698479919317409
"HIP_COMPILER_API_EXT","__hipPopCallConfiguration",4160312,4160312,397,698479919318281,698479919318331
"HIP_RUNTIME_API_EXT","hipLaunchKernel",4160312,4160312,398,698479919319262,698479919322018
"HIP_RUNTIME_API_EXT","hipGetLastError",4160312,4160312,399,698479919322899,698479919322929
"HIP_COMPILER_API_EXT","__hipPushCallConfiguration",4160312,4160312,400,698479919323360,698479919323400
"HIP_COMPILER_API_EXT","__hipPopCallConfiguration",4160312,4160312,401,698479919323781,698479919323821
"HIP_RUNTIME_API_EXT","hipLaunchKernel",4160312,4160312,402,698479919324262,698479919327808
"HIP_RUNTIME_API_EXT","hipGetLastError",4160312,4160312,403,698479919329071,698479919329101
"HIP_RUNTIME_API_EXT","hipSetDevice",4160312,4160312,404,698479919329452,698479919329492
"HIP_COMPILER_API_EXT","__hipPushCallConfiguration",4160312,4160312,405,698479919330053,698479919330093
"HIP_COMPILER_API_EXT","__hipPopCallConfiguration",4160312,4160312,406,698479919330514,698479919330554
"HIP_RUNTIME_API_EXT","hipLaunchKernel",4160312,4160312,407,698479919331265,698479919334681
"HIP_RUNTIME_API_EXT","hipGetLastError",4160312,4160312,408,698479919335102,698479919335132
"HIP_COMPILER_API_EXT","__hipPushCallConfiguration",4160312,4160312,409,698479919335553,698479919335593
"HIP_COMPILER_API_EXT","__hipPopCallConfiguration",4160312,4160312,410,698479919336304,698479919336345
"HIP_RUNTIME_API_EXT","hipLaunchKernel",4160312,4160312,411,698479919337096,698479919341053
"HIP_RUNTIME_API_EXT","hipGetLastError",4160312,4160312,412,698479919342045,698479919342075
"HIP_COMPILER_API_EXT","__hipPushCallConfiguration",4160312,4160312,413,698479919342476,698479919342526
"HIP_COMPILER_API_EXT","__hipPopCallConfiguration",4160312,4160312,414,698479919342857,698479919342907
"HIP_RUNTIME_API_EXT","hipLaunchKernel",4160312,4160312,415,698479919343458,698479919346784
"HIP_RUNTIME_API_EXT","hipGetLastError",4160312,4160312,416,698479919347295,698479919347325
"HIP_RUNTIME_API_EXT","hipSetDevice",4160312,4160312,417,698479919347726,698479919347766
"HIP_COMPILER_API_EXT","__hipPushCallConfiguration",4160312,4160312,418,698479919348147,698479919348187
"HIP_COMPILER_API_EXT","__hipPopCallConfiguration",4160312,4160312,419,698479919349429,698479919349469
"HIP_RUNTIME_API_EXT","hipLaunchKernel",4160312,4160312,420,698479919350171,698479919354278
"HIP_RUNTIME_API_EXT","hipGetLastError",4160312,4160312,421,698479919355901,698479919355931
"HIP_COMPILER_API_EXT","__hipPushCallConfiguration",4160312,4160312,422,698479919356462,698479919356512
"HIP_COMPILER_API_EXT","__hipPopCallConfiguration",4160312,4160312,423,698479919356843,698479919356893
"HIP_RUNTIME_API_EXT","hipLaunchKernel",4160312,4160312,424,698479919357384,698479919360730
"HIP_RUNTIME_API_EXT","hipGetLastError",4160312,4160312,425,698479919361442,698479919361482
"HIP_COMPILER_API_EXT","__hipPushCallConfiguration",4160312,4160312,426,698479919361903,698479919361943
"HIP_COMPILER_API_EXT","__hipPopCallConfiguration",4160312,4160312,427,698479919362764,698479919362804
"HIP_RUNTIME_API_EXT","hipLaunchKernel",4160312,4160312,428,698479919363476,698479919366020
"HIP_RUNTIME_API_EXT","hipGetLastError",4160312,4160312,429,698479919366672,698479919366702
"HIP_RUNTIME_API_EXT","hipSetDevice",4160312,4160312,430,698479919367243,698479919367283
"HIP_COMPILER_API_EXT","__hipPushCallConfiguration",4160312,4160312,431,698479919367593,698479919367633
"HIP_COMPILER_API_EXT","__hipPopCallConfiguration",4160312,4160312,432,698479919368244,698479919368295
"HIP_RUNTIME_API_EXT","hipLaunchKernel",4160312,4160312,433,698479919368765,698479919372392
"HIP_RUNTIME_API_EXT","hipGetLastError",4160312,4160312,434,698479919372893,698479919372923
"HIP_COMPILER_API_EXT","__hipPushCallConfiguration",4160312,4160312,435,698479919373314,698479919373354
"HIP_COMPILER_API_EXT","__hipPopCallConfiguration",4160312,4160312,436,698479919373705,698479919373745
"HIP_RUNTIME_API_EXT","hipLaunchKernel",4160312,4160312,437,698479919374216,698479919377672
"HIP_RUNTIME_API_EXT","hipGetLastError",4160312,4160312,438,698479919378374,698479919378404
"HIP_COMPILER_API_EXT","__hipPushCallConfiguration",4160312,4160312,439,698479919378884,698479919378925
"HIP_COMPILER_API_EXT","__hipPopCallConfiguration",4160312,4160312,440,698479919379285,698479919379335
"HIP_RUNTIME_API_EXT","hipLaunchKernel",4160312,4160312,441,698479919379736,698479919382862
"HIP_RUNTIME_API_EXT","hipGetLastError",4160312,4160312,442,698479919383513,698479919383543
"HIP_RUNTIME_API_EXT","hipSetDevice",4160312,4160312,443,698479919383934,698479919383974
"HIP_COMPILER_API_EXT","__hipPushCallConfiguration",4160312,4160312,444,698479919384565,698479919384615
"HIP_COMPILER_API_EXT","__hipPopCallConfiguration",4160312,4160312,445,698479919386188,698479919386228
"HIP_RUNTIME_API_EXT","hipLaunchKernel",4160312,4160312,446,698479919386990,698479919390607
"HIP_RUNTIME_API_EXT","hipGetLastError",4160312,4160312,447,698479919391037,698479919391067
"HIP_COMPILER_API_EXT","__hipPushCallConfiguration",4160312,4160312,448,698479919391398,698479919391438
"HIP_COMPILER_API_EXT","__hipPopCallConfiguration",4160312,4160312,449,698479919391939,698479919391979
"HIP_RUNTIME_API_EXT","hipLaunchKernel",4160312,4160312,450,698479919392851,698479919396498
"HIP_RUNTIME_API_EXT","hipGetLastError",4160312,4160312,451,698479919397560,698479919397590
"HIP_RUNTIME_API_EXT","hipSetDevice",4160312,4160312,452,698479919397970,698479919398010
"HIP_COMPILER_API_EXT","__hipPushCallConfiguration",4160312,4160312,453,698479919398471,698479919398521
"HIP_COMPILER_API_EXT","__hipPopCallConfiguration",4160312,4160312,454,698479919398822,698479919398862
"HIP_RUNTIME_API_EXT","hipLaunchKernel",4160312,4160312,455,698479919399363,698479919404062
"HIP_RUNTIME_API_EXT","hipGetLastError",4160312,4160312,456,698479919404913,698479919404943
"HIP_RUNTIME_API_EXT","hipDeviceSynchronize",4160312,4160312,457,698479919405344,698479919465818
"HIP_RUNTIME_API_EXT","hipSetDevice",4160312,4160312,458,698479919467341,698479919467391
"HIP_COMPILER_API_EXT","__hipPushCallConfiguration",4160312,4160312,459,698479919467802,698479919467842
"HIP_COMPILER_API_EXT","__hipPopCallConfiguration",4160312,4160312,460,698479919468132,698479919468172
"HIP_RUNTIME_API_EXT","hipLaunchKernel",4160312,4160312,461,698479919468663,698479919473122
"HIP_RUNTIME_API_EXT","hipGetLastError",4160312,4160312,462,698479919473422,698479919473452
"HIP_RUNTIME_API_EXT","hipDeviceSynchronize",4160312,4160312,463,698479919473823,698479919566537
"HIP_COMPILER_API_EXT","__hipPushCallConfiguration",4160312,4160312,464,698479919571076,698479919571116
"HIP_COMPILER_API_EXT","__hipPopCallConfiguration",4160312,4160312,465,698479919571416,698479919571457
"HIP_RUNTIME_API_EXT","hipLaunchKernel",4160312,4160312,466,698479919571967,698479919578390
"HIP_RUNTIME_API_EXT","hipGetLastError",4160312,4160312,467,698479919579141,698479919579181
"HIP_COMPILER_API_EXT","__hipPushCallConfiguration",4160312,4160312,468,698479919580043,698479919580083
"HIP_COMPILER_API_EXT","__hipPopCallConfiguration",4160312,4160312,469,698479919580383,698479919580423
"HIP_RUNTIME_API_EXT","hipLaunchKernel",4160312,4160312,470,698479919581025,698479919584581
"HIP_RUNTIME_API_EXT","hipGetLastError",4160312,4160312,471,698479919585032,698479919585062
"HIP_COMPILER_API_EXT","__hipPushCallConfiguration",4160312,4160312,472,698479919585493,698479919585543
"HIP_COMPILER_API_EXT","__hipPopCallConfiguration",4160312,4160312,473,698479919585914,698479919585954
"HIP_RUNTIME_API_EXT","hipLaunchKernel",4160312,4160312,474,698479919586294,698479919589541
"HIP_RUNTIME_API_EXT","hipGetLastError",4160312,4160312,475,698479919589961,698479919589991
"HIP_RUNTIME_API_EXT","hipMemcpy",4160312,4160312,476,698479919590392,698479919614067
"HIP_RUNTIME_API_EXT","hipMemcpy",4160312,4160312,477,698479919615219,698479919638082
"HIP_RUNTIME_API_EXT","hipSetDevice",4160312,4160312,478,698479919641178,698479919641218
"HIP_RUNTIME_API_EXT","hipMemset",4160312,4160312,479,698479919643462,698479919647399
"HIP_RUNTIME_API_EXT","hipMemcpy",4160312,4160312,480,698479919647900,698479919683136
"HIP_RUNTIME_API_EXT","hipMemcpy",4160312,4160312,481,698479919684118,698479919709155
"HIP_COMPILER_API_EXT","__hipPushCallConfiguration",4160312,4160312,482,698479919710197,698479919710237
"HIP_COMPILER_API_EXT","__hipPopCallConfiguration",4160312,4160312,483,698479919710668,698479919710718
"HIP_RUNTIME_API_EXT","hipLaunchKernel",4160312,4160312,484,698479919711610,698479919715327
"HIP_RUNTIME_API_EXT","hipGetLastError",4160312,4160312,485,698479919715798,698479919715828
"HIP_RUNTIME_API_EXT","hipSetDevice",4160312,4160312,486,698479919716098,698479919716139
"HIP_COMPILER_API_EXT","__hipPushCallConfiguration",4160312,4160312,487,698479919716519,698479919716569
"HIP_COMPILER_API_EXT","__hipPopCallConfiguration",4160312,4160312,488,698479919717150,698479919717190
"HIP_RUNTIME_API_EXT","hipLaunchKernel",4160312,4160312,489,698479919717691,698479919720767
"HIP_RUNTIME_API_EXT","hipGetLastError",4160312,4160312,490,698479919721138,698479919721168
"HIP_COMPILER_API_EXT","__hipPushCallConfiguration",4160312,4160312,491,698479919722611,698479919722651
"HIP_COMPILER_API_EXT","__hipPopCallConfiguration",4160312,4160312,492,698479919723041,698479919723082
"HIP_RUNTIME_API_EXT","hipLaunchKernel",4160312,4160312,493,698479919723422,698479919726518
"HIP_RUNTIME_API_EXT","hipGetLastError",4160312,4160312,494,698479919726839,698479919726869
"HIP_COMPILER_API_EXT","__hipPushCallConfiguration",4160312,4160312,495,698479919727189,698479919727229
"HIP_COMPILER_API_EXT","__hipPopCallConfiguration",4160312,4160312,496,698479919727690,698479919727740
"HIP_RUNTIME_API_EXT","hipLaunchKernel",4160312,4160312,497,698479919728141,698479919731517
"HIP_RUNTIME_API_EXT","hipGetLastError",4160312,4160312,498,698479919731928,698479919731948
"HIP_RUNTIME_API_EXT","hipSetDevice",4160312,4160312,499,698479919732399,698479919732439
"HIP_COMPILER_API_EXT","__hipPushCallConfiguration",4160312,4160312,500,698479919732860,698479919732900
"HIP_COMPILER_API_EXT","__hipPopCallConfiguration",4160312,4160312,501,698479919733561,698479919733601
"HIP_RUNTIME_API_EXT","hipLaunchKernel",4160312,4160312,502,698479919734132,698479919737168
"HIP_RUNTIME_API_EXT","hipGetLastError",4160312,4160312,503,698479919737639,698479919737669
"HIP_COMPILER_API_EXT","__hipPushCallConfiguration",4160312,4160312,504,698479919738010,698479919738060
"HIP_COMPILER_API_EXT","__hipPopCallConfiguration",4160312,4160312,505,698479919738340,698479919738380
"HIP_RUNTIME_API_EXT","hipLaunchKernel",4160312,4160312,506,698479919738821,698479919742167
"HIP_RUNTIME_API_EXT","hipGetLastError",4160312,4160312,507,698479919742859,698479919742889
"HIP_COMPILER_API_EXT","__hipPushCallConfiguration",4160312,4160312,508,698479919743570,698479919743610
"HIP_COMPILER_API_EXT","__hipPopCallConfiguration",4160312,4160312,509,698479919743951,698479919743991
"HIP_RUNTIME_API_EXT","hipLaunchKernel",4160312,4160312,510,698479919744402,698479919747477
"HIP_RUNTIME_API_EXT","hipGetLastError",4160312,4160312,511,698479919748028,698479919748059
"HIP_RUNTIME_API_EXT","hipSetDevice",4160312,4160312,512,698479919748319,698479919748359
"HIP_COMPILER_API_EXT","__hipPushCallConfiguration",4160312,4160312,513,698479919749040,698479919749090
"HIP_COMPILER_API_EXT","__hipPopCallConfiguration",4160312,4160312,514,698479919751475,698479919751525
"HIP_RUNTIME_API_EXT","hipLaunchKernel",4160312,4160312,515,698479919752156,698479919755342
"HIP_RUNTIME_API_EXT","hipGetLastError",4160312,4160312,516,698479919755963,698479919755993
"HIP_COMPILER_API_EXT","__hipPushCallConfiguration",4160312,4160312,517,698479919756344,698479919756384
"HIP_COMPILER_API_EXT","__hipPopCallConfiguration",4160312,4160312,518,698479919756745,698479919756785
"HIP_RUNTIME_API_EXT","hipLaunchKernel",4160312,4160312,519,698479919757426,698479919760592
"HIP_RUNTIME_API_EXT","hipGetLastError",4160312,4160312,520,698479919761504,698479919761614
"HIP_COMPILER_API_EXT","__hipPushCallConfiguration",4160312,4160312,521,698479919761955,698479919761995
"HIP_COMPILER_API_EXT","__hipPopCallConfiguration",4160312,4160312,522,698479919762275,698479919762325
"HIP_RUNTIME_API_EXT","hipLaunchKernel",4160312,4160312,523,698479919762766,698479919766834
"HIP_RUNTIME_API_EXT","hipGetLastError",4160312,4160312,524,698479919767215,698479919767245
"HIP_RUNTIME_API_EXT","hipSetDevice",4160312,4160312,525,698479919767575,698479919767625
"HIP_COMPILER_API_EXT","__hipPushCallConfiguration",4160312,4160312,526,698479919767886,698479919767926
"HIP_COMPILER_API_EXT","__hipPopCallConfiguration",4160312,4160312,527,698479919768287,698479919768327
"HIP_RUNTIME_API_EXT","hipLaunchKernel",4160312,4160312,528,698479919768888,698479919772014
"HIP_RUNTIME_API_EXT","hipGetLastError",4160312,4160312,529,698479919773066,698479919773096
"HIP_COMPILER_API_EXT","__hipPushCallConfiguration",4160312,4160312,530,698479919773366,698479919773406
"HIP_COMPILER_API_EXT","__hipPopCallConfiguration",4160312,4160312,531,698479919773957,698479919773997
"HIP_RUNTIME_API_EXT","hipLaunchKernel",4160312,4160312,532,698479919774608,698479919778005
"HIP_RUNTIME_API_EXT","hipGetLastError",4160312,4160312,533,698479919778786,698479919778816
"HIP_COMPILER_API_EXT","__hipPushCallConfiguration",4160312,4160312,534,698479919779247,698479919779287
"HIP_COMPILER_API_EXT","__hipPopCallConfiguration",4160312,4160312,535,698479919779688,698479919779738
"HIP_RUNTIME_API_EXT","hipLaunchKernel",4160312,4160312,536,698479919780339,698479919785038
"HIP_RUNTIME_API_EXT","hipGetLastError",4160312,4160312,537,698479919785499,698479919785529
"HIP_RUNTIME_API_EXT","hipSetDevice",4160312,4160312,538,698479919787633,698479919787673
"HIP_COMPILER_API_EXT","__hipPushCallConfiguration",4160312,4160312,539,698479919788615,698479919788655
"HIP_COMPILER_API_EXT","__hipPopCallConfiguration",4160312,4160312,540,698479919788955,698479919789006
"HIP_RUNTIME_API_EXT","hipLaunchKernel",4160312,4160312,541,698479919789416,698479919793534
"HIP_RUNTIME_API_EXT","hipGetLastError",4160312,4160312,542,698479919794125,698479919794155
"HIP_COMPILER_API_EXT","__hipPushCallConfiguration",4160312,4160312,543,698479919794596,698479919794646
"HIP_COMPILER_API_EXT","__hipPopCallConfiguration",4160312,4160312,544,698479919795007,698479919795047
"HIP_RUNTIME_API_EXT","hipLaunchKernel",4160312,4160312,545,698479919795538,698479919799115
"HIP_RUNTIME_API_EXT","hipGetLastError",4160312,4160312,546,698479919799605,698479919799635
"HIP_COMPILER_API_EXT","__hipPushCallConfiguration",4160312,4160312,547,698479919799906,698479919799946
"HIP_COMPILER_API_EXT","__hipPopCallConfiguration",4160312,4160312,548,698479919800297,698479919800347
"HIP_RUNTIME_API_EXT","hipLaunchKernel",4160312,4160312,549,698479919800838,698479919803974
"HIP_RUNTIME_API_EXT","hipGetLastError",4160312,4160312,550,698479919804595,698479919804635
"HIP_RUNTIME_API_EXT","hipSetDevice",4160312,4160312,551,698479919805236,698479919805276
"HIP_COMPILER_API_EXT","__hipPushCallConfiguration",4160312,4160312,552,698479919805617,698479919805657
"HIP_COMPILER_API_EXT","__hipPopCallConfiguration",4160312,4160312,553,698479919805937,698479919805987
"HIP_RUNTIME_API_EXT","hipLaunchKernel",4160312,4160312,554,698479919806468,698479919809825
"HIP_RUNTIME_API_EXT","hipGetLastError",4160312,4160312,555,698479919810837,698479919810867
"HIP_COMPILER_API_EXT","__hipPushCallConfiguration",4160312,4160312,556,698479919811287,698479919811327
"HIP_COMPILER_API_EXT","__hipPopCallConfiguration",4160312,4160312,557,698479919811688,698479919811728
"HIP_RUNTIME_API_EXT","hipLaunchKernel",4160312,4160312,558,698479919812219,698479919817018
"HIP_RUNTIME_API_EXT","hipGetLastError",4160312,4160312,559,698479919817599,698479919817639
"HIP_COMPILER_API_EXT","__hipPushCallConfiguration",4160312,4160312,560,698479919818170,698479919818220
"HIP_COMPILER_API_EXT","__hipPopCallConfiguration",4160312,4160312,561,698479919819072,698479919819122
"HIP_RUNTIME_API_EXT","hipLaunchKernel",4160312,4160312,562,698479919819783,698479919823230
"HIP_RUNTIME_API_EXT","hipGetLastError",4160312,4160312,563,698479919823691,698479919823721
"HIP_RUNTIME_API_EXT","hipSetDevice",4160312,4160312,564,698479919824172,698479919824212
"HIP_COMPILER_API_EXT","__hipPushCallConfiguration",4160312,4160312,565,698479919824552,698479919824592
"HIP_COMPILER_API_EXT","__hipPopCallConfiguration",4160312,4160312,566,698479919824903,698479919824943
"HIP_RUNTIME_API_EXT","hipLaunchKernel",4160312,4160312,567,698479919825875,698479919829722
"HIP_RUNTIME_API_EXT","hipGetLastError",4160312,4160312,568,698479919830213,698479919830243
"HIP_COMPILER_API_EXT","__hipPushCallConfiguration",4160312,4160312,569,698479919830514,698479919830554
"HIP_COMPILER_API_EXT","__hipPopCallConfiguration",4160312,4160312,570,698479919830844,698479919830884
"HIP_RUNTIME_API_EXT","hipLaunchKernel",4160312,4160312,571,698479919831295,698479919834361
"HIP_RUNTIME_API_EXT","hipGetLastError",4160312,4160312,572,698479919835112,698479919835142
"HIP_COMPILER_API_EXT","__hipPushCallConfiguration",4160312,4160312,573,698479919835483,698479919835523
"HIP_COMPILER_API_EXT","__hipPopCallConfiguration",4160312,4160312,574,698479919836034,698479919836084
"HIP_RUNTIME_API_EXT","hipLaunchKernel",4160312,4160312,575,698479919837537,698479919840783
"HIP_RUNTIME_API_EXT","hipGetLastError",4160312,4160312,576,698479919841554,698479919841995
"HIP_RUNTIME_API_EXT","hipSetDevice",4160312,4160312,577,698479919842977,698479919843027
"HIP_COMPILER_API_EXT","__hipPushCallConfiguration",4160312,4160312,578,698479919843438,698479919843488
"HIP_COMPILER_API_EXT","__hipPopCallConfiguration",4160312,4160312,579,698479919844289,698479919844330
"HIP_RUNTIME_API_EXT","hipLaunchKernel",4160312,4160312,580,698479919845131,698479919848698
"HIP_RUNTIME_API_EXT","hipGetLastError",4160312,4160312,581,698479919849519,698479919849549
"HIP_COMPILER_API_EXT","__hipPushCallConfiguration",4160312,4160312,582,698479919849990,698479919850030
"HIP_COMPILER_API_EXT","__hipPopCallConfiguration",4160312,4160312,583,698479919850371,698479919850421
"HIP_RUNTIME_API_EXT","hipLaunchKernel",4160312,4160312,584,698479919851864,698479919854679
"HIP_RUNTIME_API_EXT","hipGetLastError",4160312,4160312,585,698479919855050,698479919855080
"HIP_COMPILER_API_EXT","__hipPushCallConfiguration",4160312,4160312,586,698479919855420,698479919855470
"HIP_COMPILER_API_EXT","__hipPopCallConfiguration",4160312,4160312,587,698479919855991,698479919856032
"HIP_RUNTIME_API_EXT","hipLaunchKernel",4160312,4160312,588,698479919856482,698479919859228
"HIP_RUNTIME_API_EXT","hipGetLastError",4160312,4160312,589,698479919859608,698479919859638
"HIP_RUNTIME_API_EXT","hipSetDevice",4160312,4160312,590,698479919859919,698479919859959
"HIP_COMPILER_API_EXT","__hipPushCallConfiguration",4160312,4160312,591,698479919860700,698479919860740
"HIP_COMPILER_API_EXT","__hipPopCallConfiguration",4160312,4160312,592,698479919861091,698479919861131
"HIP_RUNTIME_API_EXT","hipLaunchKernel",4160312,4160312,593,698479919861602,698479919865028
"HIP_RUNTIME_API_EXT","hipGetLastError",4160312,4160312,594,698479919865860,698479919865890
"HIP_COMPILER_API_EXT","__hipPushCallConfiguration",4160312,4160312,595,698479919866231,698479919866271
"HIP_COMPILER_API_EXT","__hipPopCallConfiguration",4160312,4160312,596,698479919866832,698479919866872
"HIP_RUNTIME_API_EXT","hipLaunchKernel",4160312,4160312,597,698479919867593,698479919871070
"HIP_RUNTIME_API_EXT","hipGetLastError",4160312,4160312,598,698479919871821,698479919871861
"HIP_RUNTIME_API_EXT","hipSetDevice",4160312,4160312,599,698479919872683,698479919872723
"HIP_COMPILER_API_EXT","__hipPushCallConfiguration",4160312,4160312,600,698479919873064,698479919873114
"HIP_COMPILER_API_EXT","__hipPopCallConfiguration",4160312,4160312,601,698479919873574,698479919873615
"HIP_RUNTIME_API_EXT","hipLaunchKernel",4160312,4160312,602,698479919875488,698479919879987
"HIP_RUNTIME_API_EXT","hipGetLastError",4160312,4160312,603,698479919880608,698479919880638
"HIP_RUNTIME_API_EXT","hipDeviceSynchronize",4160312,4160312,604,698479919880998,698479919951080
"HIP_RUNTIME_API_EXT","hipSetDevice",4160312,4160312,605,698479919953364,698479919953405
"HIP_COMPILER_API_EXT","__hipPushCallConfiguration",4160312,4160312,606,698479919953765,698479919953805
"HIP_COMPILER_API_EXT","__hipPopCallConfiguration",4160312,4160312,607,698479919954286,698479919954336
"HIP_RUNTIME_API_EXT","hipLaunchKernel",4160312,4160312,608,698479919955358,698479919959466
"HIP_RUNTIME_API_EXT","hipGetLastError",4160312,4160312,609,698479919959847,698479919959867
"HIP_RUNTIME_API_EXT","hipDeviceSynchronize",4160312,4160312,610,698479919960197,698479920052551
"HIP_COMPILER_API_EXT","__hipPushCallConfiguration",4160312,4160312,611,698479920056819,698479920056859
"HIP_COMPILER_API_EXT","__hipPopCallConfiguration",4160312,4160312,612,698479920057160,698479920057200
"HIP_RUNTIME_API_EXT","hipLaunchKernel",4160312,4160312,613,698479920057540,698479920063932
"HIP_RUNTIME_API_EXT","hipGetLastError",4160312,4160312,614,698479920064493,698479920064523
"HIP_COMPILER_API_EXT","__hipPushCallConfiguration",4160312,4160312,615,698479920064844,698479920064884
"HIP_COMPILER_API_EXT","__hipPopCallConfiguration",4160312,4160312,616,698479920065175,698479920065225
"HIP_RUNTIME_API_EXT","hipLaunchKernel",4160312,4160312,617,698479920065656,698479920068882
"HIP_RUNTIME_API_EXT","hipGetLastError",4160312,4160312,618,698479920069292,698479920069323
"HIP_COMPILER_API_EXT","__hipPushCallConfiguration",4160312,4160312,619,698479920069593,698479920069633
"HIP_COMPILER_API_EXT","__hipPopCallConfiguration",4160312,4160312,620,698479920069924,698479920069964
"HIP_RUNTIME_API_EXT","hipLaunchKernel",4160312,4160312,621,698479920070374,698479920073621
"HIP_RUNTIME_API_EXT","hipGetLastError",4160312,4160312,622,698479920073921,698479920073951
"HIP_RUNTIME_API_EXT","hipMemcpy",4160312,4160312,623,698479920074362,698479920099449
"HIP_RUNTIME_API_EXT","hipMemcpy",4160312,4160312,624,698479920100561,698479920123665
"HIP_RUNTIME_API_EXT","hipSetDevice",4160312,4160312,625,698479920126710,698479920126750
"HIP_RUNTIME_API_EXT","hipMemset",4160312,4160312,626,698479920127552,698479920131099
"HIP_RUNTIME_API_EXT","hipMemcpy",4160312,4160312,627,698479920131459,698479920165193
"HIP_RUNTIME_API_EXT","hipMemcpy",4160312,4160312,628,698479920165734,698479920190060
"HIP_COMPILER_API_EXT","__hipPushCallConfiguration",4160312,4160312,629,698479920191172,698479920191212
"HIP_COMPILER_API_EXT","__hipPopCallConfiguration",4160312,4160312,630,698479920191512,698479920191552
"HIP_RUNTIME_API_EXT","hipLaunchKernel",4160312,4160312,631,698479920193115,698479920197353
"HIP_RUNTIME_API_EXT","hipGetLastError",4160312,4160312,632,698479920197644,698479920197674
"HIP_RUNTIME_API_EXT","hipSetDevice",4160312,4160312,633,698479920198035,698479920198085
"HIP_COMPILER_API_EXT","__hipPushCallConfiguration",4160312,4160312,634,698479920198455,698479920198505
"HIP_COMPILER_API_EXT","__hipPopCallConfiguration",4160312,4160312,635,698479920198956,698479920198996
"HIP_RUNTIME_API_EXT","hipLaunchKernel",4160312,4160312,636,698479920199377,698479920202313
"HIP_RUNTIME_API_EXT","hipGetLastError",4160312,4160312,637,698479920202904,698479920202934
"HIP_COMPILER_API_EXT","__hipPushCallConfiguration",4160312,4160312,638,698479920203264,698479920203304
"HIP_COMPILER_API_EXT","__hipPopCallConfiguration",4160312,4160312,639,698479920203585,698479920203635
"HIP_RUNTIME_API_EXT","hipLaunchKernel",4160312,4160312,640,698479920204056,698479920207292
"HIP_RUNTIME_API_EXT","hipGetLastError",4160312,4160312,641,698479920207903,698479920207933
"HIP_COMPILER_API_EXT","__hipPushCallConfiguration",4160312,4160312,642,698479920208204,698479920208254
"HIP_COMPILER_API_EXT","__hipPopCallConfiguration",4160312,4160312,643,698479920208584,698479920208634
"HIP_RUNTIME_API_EXT","hipLaunchKernel",4160312,4160312,644,698479920209075,698479920212341
"HIP_RUNTIME_API_EXT","hipGetLastError",4160312,4160312,645,698479920212662,698479920212692
"HIP_RUNTIME_API_EXT","hipSetDevice",4160312,4160312,646,698479920213123,698479920213163
"HIP_COMPILER_API_EXT","__hipPushCallConfiguration",4160312,4160312,647,698479920215087,698479920215127
"HIP_COMPILER_API_EXT","__hipPopCallConfiguration",4160312,4160312,648,698479920215437,698479920215477
"HIP_RUNTIME_API_EXT","hipLaunchKernel",4160312,4160312,649,698479920215958,698479920220407
"HIP_RUNTIME_API_EXT","hipGetLastError",4160312,4160312,650,698479920220958,698479920220988
"HIP_COMPILER_API_EXT","__hipPushCallConfiguration",4160312,4160312,651,698479920221408,698479920221459
"HIP_COMPILER_API_EXT","__hipPopCallConfiguration",4160312,4160312,652,698479920221749,698479920221789
"HIP_RUNTIME_API_EXT","hipLaunchKernel",4160312,4160312,653,698479920222300,698479920225196
"HIP_RUNTIME_API_EXT","hipGetLastError",4160312,4160312,654,698479920226258,698479920226288
"HIP_COMPILER_API_EXT","__hipPushCallConfiguration",4160312,4160312,655,698479920226718,698479920226759
"HIP_COMPILER_API_EXT","__hipPopCallConfiguration",4160312,4160312,656,698479920227049,698479920227089
"HIP_RUNTIME_API_EXT","hipLaunchKernel",4160312,4160312,657,698479920227520,698479920230846
"HIP_RUNTIME_API_EXT","hipGetLastError",4160312,4160312,658,698479920232279,698479920232309
"HIP_RUNTIME_API_EXT","hipSetDevice",4160312,4160312,659,698479920232660,698479920232700
"HIP_COMPILER_API_EXT","__hipPushCallConfiguration",4160312,4160312,660,698479920233050,698479920233100
"HIP_COMPILER_API_EXT","__hipPopCallConfiguration",4160312,4160312,661,698479920233451,698479920233501
"HIP_RUNTIME_API_EXT","hipLaunchKernel",4160312,4160312,662,698479920234122,698479920238491
"HIP_RUNTIME_API_EXT","hipGetLastError",4160312,4160312,663,698479920239302,698479920239332
"HIP_COMPILER_API_EXT","__hipPushCallConfiguration",4160312,4160312,664,698479920239673,698479920239713
"HIP_COMPILER_API_EXT","__hipPopCallConfiguration",4160312,4160312,665,698479920240074,698479920240114
"HIP_RUNTIME_API_EXT","hipLaunchKernel",4160312,4160312,666,698479920240575,698479920250543
"HIP_RUNTIME_API_EXT","hipGetLastError",4160312,4160312,667,698479920251375,698479920251405
"HIP_COMPILER_API_EXT","__hipPushCallConfiguration",4160312,4160312,668,698479920251766,698479920251806
"HIP_COMPILER_API_EXT","__hipPopCallConfiguration",4160312,4160312,669,698479920252206,698479920252256
"HIP_RUNTIME_API_EXT","hipLaunchKernel",4160312,4160312,670,698479920252597,698479920256645
"HIP_RUNTIME_API_EXT","hipGetLastError",4160312,4160312,671,698479920257296,698479920257326
"HIP_RUNTIME_API_EXT","hipSetDevice",4160312,4160312,672,698479920257667,698479920257707
"HIP_COMPILER_API_EXT","__hipPushCallConfiguration",4160312,4160312,673,698479920258128,698479920258168
"HIP_COMPILER_API_EXT","__hipPopCallConfiguration",4160312,4160312,674,698479920258528,698479920258568
"HIP_RUNTIME_API_EXT","hipLaunchKernel",4160312,4160312,675,698479920259831,698479920263197
"HIP_RUNTIME_API_EXT","hipGetLastError",4160312,4160312,676,698479920264209,698479920264239
"HIP_COMPILER_API_EXT","__hipPushCallConfiguration",4160312,4160312,677,698479920265441,698479920265481
"HIP_COMPILER_API_EXT","__hipPopCallConfiguration",4160312,4160312,678,698479920265852,698479920265902
"HIP_RUNTIME_API_EXT","hipLaunchKernel",4160312,4160312,679,698479920266593,698479920270140
"HIP_RUNTIME_API_EXT","hipGetLastError",4160312,4160312,680,698479920270521,698479920270551
"HIP_COMPILER_API_EXT","__hipPushCallConfiguration",4160312,4160312,681,698479920270892,698479920270942
"HIP_COMPILER_API_EXT","__hipPopCallConfiguration",4160312,4160312,682,698479920271292,698479920271332
"HIP_RUNTIME_API_EXT","hipLaunchKernel",4160312,4160312,683,698479920271923,698479920274899
"HIP_RUNTIME_API_EXT","hipGetLastError",4160312,4160312,684,698479920275200,698479920275240
"HIP_RUNTIME_API_EXT","hipSetDevice",4160312,4160312,685,698479920275781,698479920275821
"HIP_COMPILER_API_EXT","__hipPushCallConfiguration",4160312,4160312,686,698479920276161,698479920276201
"HIP_COMPILER_API_EXT","__hipPopCallConfiguration",4160312,4160312,687,698479920276542,698479920276582
"HIP_RUNTIME_API_EXT","hipLaunchKernel",4160312,4160312,688,698479920277213,698479920281241
"HIP_RUNTIME_API_EXT","hipGetLastError",4160312,4160312,689,698479920281952,698479920281982
"HIP_COMPILER_API_EXT","__hipPushCallConfiguration",4160312,4160312,690,698479920282253,698479920282293
"HIP_COMPILER_API_EXT","__hipPopCallConfiguration",4160312,4160312,691,698479920282704,698479920282754
"HIP_RUNTIME_API_EXT","hipLaunchKernel",4160312,4160312,692,698479920283195,698479920285920
"HIP_RUNTIME_API_EXT","hipGetLastError",4160312,4160312,693,698479920286671,698479920286701
"HIP_COMPILER_API_EXT","__hipPushCallConfiguration",4160312,4160312,694,698479920287062,698479920287102
"HIP_COMPILER_API_EXT","__hipPopCallConfiguration",4160312,4160312,695,698479920287553,698479920287603
"HIP_RUNTIME_API_EXT","hipLaunchKernel",4160312,4160312,696,698479920288204,698479920291480
"HIP_RUNTIME_API_EXT","hipGetLastError",4160312,4160312,697,698479920292182,698479920292212
"HIP_RUNTIME_API_EXT","hipSetDevice",4160312,4160312,698,698479920292532,698479920292572
"HIP_COMPILER_API_EXT","__hipPushCallConfiguration",4160312,4160312,699,698479920292983,698479920293033
"HIP_COMPILER_API_EXT","__hipPopCallConfiguration",4160312,4160312,700,698479920293324,698479920293364
"HIP_RUNTIME_API_EXT","hipLaunchKernel",4160312,4160312,701,698479920298193,698479920301068
"HIP_RUNTIME_API_EXT","hipGetLastError",4160312,4160312,702,698479920427817,698479920427847
"HIP_COMPILER_API_EXT","__hipPushCallConfiguration",4160312,4160312,703,698479920428378,698479920428418
"HIP_COMPILER_API_EXT","__hipPopCallConfiguration",4160312,4160312,704,698479920429139,698479920429179
"HIP_RUNTIME_API_EXT","hipLaunchKernel",4160312,4160312,705,698479920430792,698479920435000
"HIP_RUNTIME_API_EXT","hipGetLastError",4160312,4160312,706,698479920435681,698479920435711
"HIP_COMPILER_API_EXT","__hipPushCallConfiguration",4160312,4160312,707,698479920436082,698479920436122
"HIP_COMPILER_API_EXT","__hipPopCallConfiguration",4160312,4160312,708,698479920436453,698479920436493
"HIP_RUNTIME_API_EXT","hipLaunchKernel",4160312,4160312,709,698479920437024,698479920441112
"HIP_RUNTIME_API_EXT","hipGetLastError",4160312,4160312,710,698479920441492,698479920441532
"HIP_RUNTIME_API_EXT","hipSetDevice",4160312,4160312,711,698479920442033,698479920442073
"HIP_COMPILER_API_EXT","__hipPushCallConfiguration",4160312,4160312,712,698479920442494,698479920442544
"HIP_COMPILER_API_EXT","__hipPopCallConfiguration",4160312,4160312,713,698479920442935,698479920442985
"HIP_RUNTIME_API_EXT","hipLaunchKernel",4160312,4160312,714,698479920443406,698479920447313
"HIP_RUNTIME_API_EXT","hipGetLastError",4160312,4160312,715,698479920447794,698479920447824
"HIP_COMPILER_API_EXT","__hipPushCallConfiguration",4160312,4160312,716,698479920448135,698479920448175
"HIP_COMPILER_API_EXT","__hipPopCallConfiguration",4160312,4160312,717,698479920448566,698479920448606
"HIP_RUNTIME_API_EXT","hipLaunchKernel",4160312,4160312,718,698479920449147,698479920452202
"HIP_RUNTIME_API_EXT","hipGetLastError",4160312,4160312,719,698479920452954,698479920452984
"HIP_COMPILER_API_EXT","__hipPushCallConfiguration",4160312,4160312,720,698479920453405,698479920453455
"HIP_COMPILER_API_EXT","__hipPopCallConfiguration",4160312,4160312,721,698479920453886,698479920453926
"HIP_RUNTIME_API_EXT","hipLaunchKernel",4160312,4160312,722,698479920454587,698479920459196
"HIP_RUNTIME_API_EXT","hipGetLastError",4160312,4160312,723,698479920459947,698479920459977
"HIP_RUNTIME_API_EXT","hipSetDevice",4160312,4160312,724,698479920460448,698479920460558
"HIP_COMPILER_API_EXT","__hipPushCallConfiguration",4160312,4160312,725,698479920461279,698479920461320
"HIP_COMPILER_API_EXT","__hipPopCallConfiguration",4160312,4160312,726,698479920461710,698479920461760
"HIP_RUNTIME_API_EXT","hipLaunchKernel",4160312,4160312,727,698479920462311,698479920466419
"HIP_RUNTIME_API_EXT","hipGetLastError",4160312,4160312,728,698479920469385,698479920469475
"HIP_COMPILER_API_EXT","__hipPushCallConfiguration",4160312,4160312,729,698479920469966,698479920470006
"HIP_COMPILER_API_EXT","__hipPopCallConfiguration",4160312,4160312,730,698479920470407,698479920470447
"HIP_RUNTIME_API_EXT","hipLaunchKernel",4160312,4160312,731,698479920471328,698479920476127
"HIP_RUNTIME_API_EXT","hipGetLastError",4160312,4160312,732,698479920477089,698479920477119
"HIP_COMPILER_API_EXT","__hipPushCallConfiguration",4160312,4160312,733,698479920477861,698479920477901
"HIP_COMPILER_API_EXT","__hipPopCallConfiguration",4160312,4160312,734,698479920478332,698479920478382
"HIP_RUNTIME_API_EXT","hipLaunchKernel",4160312,4160312,735,698479920478883,698479920481928
"HIP_RUNTIME_API_EXT","hipGetLastError",4160312,4160312,736,698479920482469,698479920482499
"HIP_RUNTIME_API_EXT","hipSetDevice",4160312,4160312,737,698479920482830,698479920482870
"HIP_COMPILER_API_EXT","__hipPushCallConfiguration",4160312,4160312,738,698479920483241,698479920483281
"HIP_COMPILER_API_EXT","__hipPopCallConfiguration",4160312,4160312,739,698479920483752,698479920483792
"HIP_RUNTIME_API_EXT","hipLaunchKernel",4160312,4160312,740,698479920484173,698479920487619
"HIP_RUNTIME_API_EXT","hipGetLastError",4160312,4160312,741,698479920488070,698479920488100
"HIP_COMPILER_API_EXT","__hipPushCallConfiguration",4160312,4160312,742,698479920488671,698479920488721
"HIP_COMPILER_API_EXT","__hipPopCallConfiguration",4160312,4160312,743,698479920489182,698479920489222
"HIP_RUNTIME_API_EXT","hipLaunchKernel",4160312,4160312,744,698479920490014,698479920494302
"HIP_RUNTIME_API_EXT","hipGetLastError",4160312,4160312,745,698479920495013,698479920495043
"HIP_RUNTIME_API_EXT","hipSetDevice",4160312,4160312,746,698479920495424,698479920495474
"HIP_COMPILER_API_EXT","__hipPushCallConfiguration",4160312,4160312,747,698479920495905,698479920495945
"HIP_COMPILER_API_EXT","__hipPopCallConfiguration",4160312,4160312,748,698479920496335,698479920496385
"HIP_RUNTIME_API_EXT","hipLaunchKernel",4160312,4160312,749,698479920497057,698479920502287
"HIP_RUNTIME_API_EXT","hipGetLastError",4160312,4160312,750,698479920503138,698479920503168
"HIP_RUNTIME_API_EXT","hipDeviceSynchronize",4160312,4160312,751,698479920503549,698479920536260
"HIP_RUNTIME_API_EXT","hipSetDevice",4160312,4160312,752,698479920550076,698479920550117
"HIP_COMPILER_API_EXT","__hipPushCallConfiguration",4160312,4160312,753,698479920550597,698479920550648
"HIP_COMPILER_API_EXT","__hipPopCallConfiguration",4160312,4160312,754,698479920550988,698479920551028
"HIP_RUNTIME_API_EXT","hipLaunchKernel",4160312,4160312,755,698479920553683,698479920557050
"HIP_RUNTIME_API_EXT","hipGetLastError",4160312,4160312,756,698479920559033,698479920559063
"HIP_RUNTIME_API_EXT","hipDeviceSynchronize",4160312,4160312,757,698479920559474,698479920649313
"HIP_COMPILER_API_EXT","__hipPushCallConfiguration",4160312,4160312,758,698479920654423,698479920654473
"HIP_COMPILER_API_EXT","__hipPopCallConfiguration",4160312,4160312,759,698479920654833,698479920654873
"HIP_RUNTIME_API_EXT","hipLaunchKernel",4160312,4160312,760,698479920655445,698479920659031
"HIP_RUNTIME_API_EXT","hipGetLastError",4160312,4160312,761,698479920659622,698479920659652
"HIP_COMPILER_API_EXT","__hipPushCallConfiguration",4160312,4160312,762,698479920660033,698479920660083
"HIP_COMPILER_API_EXT","__hipPopCallConfiguration",4160312,4160312,763,698479920660494,698479920660534
"HIP_RUNTIME_API_EXT","hipLaunchKernel",4160312,4160312,764,698479920661215,698479920664932
"HIP_RUNTIME_API_EXT","hipGetLastError",4160312,4160312,765,698479920665393,698479920665423
"HIP_COMPILER_API_EXT","__hipPushCallConfiguration",4160312,4160312,766,698479920665724,698479920665774
"HIP_COMPILER_API_EXT","__hipPopCallConfiguration",4160312,4160312,767,698479920666105,698479920666155
"HIP_RUNTIME_API_EXT","hipLaunchKernel",4160312,4160312,768,698479920666545,698479920669872
"HIP_RUNTIME_API_EXT","hipGetLastError",4160312,4160312,769,698479920670643,698479920670673
"HIP_RUNTIME_API_EXT","hipMemcpy",4160312,4160312,770,698479920671054,698479920695760
"HIP_RUNTIME_API_EXT","hipMemcpy",4160312,4160312,771,698479920696412,698479920722120
"HIP_RUNTIME_API_EXT","hipSetDevice",4160312,4160312,772,698479920725246,698479920725286
"HIP_RUNTIME_API_EXT","hipMemset",4160312,4160312,773,698479920726328,698479920730325
"HIP_RUNTIME_API_EXT","hipMemcpy",4160312,4160312,774,698479920730636,698479920766113
"HIP_RUNTIME_API_EXT","hipMemcpy",4160312,4160312,775,698479920766784,698479920790699
"HIP_COMPILER_API_EXT","__hipPushCallConfiguration",4160312,4160312,776,698479920791480,698479920791520
"HIP_COMPILER_API_EXT","__hipPopCallConfiguration",4160312,4160312,777,698479920792252,698479920792302
"HIP_RUNTIME_API_EXT","hipLaunchKernel",4160312,4160312,778,698479920793725,698479920797922
"HIP_RUNTIME_API_EXT","hipGetLastError",4160312,4160312,779,698479920798313,698479920798343
"HIP_RUNTIME_API_EXT","hipSetDevice",4160312,4160312,780,698479920798734,698479920798774
"HIP_COMPILER_API_EXT","__hipPushCallConfiguration",4160312,4160312,781,698479920799495,698479920799535
"HIP_COMPILER_API_EXT","__hipPopCallConfiguration",4160312,4160312,782,698479920799926,698479920799976
"HIP_RUNTIME_API_EXT","hipLaunchKernel",4160312,4160312,783,698479920800648,698479920803864
"HIP_RUNTIME_API_EXT","hipGetLastError",4160312,4160312,784,698479920804645,698479920804675
"HIP_COMPILER_API_EXT","__hipPushCallConfiguration",4160312,4160312,785,698479920805006,698479920805056
"HIP_COMPILER_API_EXT","__hipPopCallConfiguration",4160312,4160312,786,698479920805467,698479920805517
"HIP_RUNTIME_API_EXT","hipLaunchKernel",4160312,4160312,787,698479920805877,698479920808452
"HIP_RUNTIME_API_EXT","hipGetLastError",4160312,4160312,788,698479920808973,698479920809003
"HIP_COMPILER_API_EXT","__hipPushCallConfiguration",4160312,4160312,789,698479920809384,698479920809434
"HIP_COMPILER_API_EXT","__hipPopCallConfiguration",4160312,4160312,790,698479920809755,698479920809805
"HIP_RUNTIME_API_EXT","hipLaunchKernel",4160312,4160312,791,698479920810185,698479920813301
"HIP_RUNTIME_API_EXT","hipGetLastError",4160312,4160312,792,698479920813622,698479920813652
"HIP_RUNTIME_API_EXT","hipSetDevice",4160312,4160312,793,698479920814113,698479920814153
"HIP_COMPILER_API_EXT","__hipPushCallConfiguration",4160312,4160312,794,698479920815596,698479920815636
"HIP_COMPILER_API_EXT","__hipPopCallConfiguration",4160312,4160312,795,698479920816197,698479920816237
"HIP_RUNTIME_API_EXT","hipLaunchKernel",4160312,4160312,796,698479920816738,698479920821066
"HIP_RUNTIME_API_EXT","hipGetLastError",4160312,4160312,797,698479920821427,698479920821457
"HIP_COMPILER_API_EXT","__hipPushCallConfiguration",4160312,4160312,798,698479920821817,698479920821857
"HIP_COMPILER_API_EXT","__hipPopCallConfiguration",4160312,4160312,799,698479920822288,698479920822328
"HIP_RUNTIME_API_EXT","hipLaunchKernel",4160312,4160312,800,698479920822709,698479920825805
"HIP_RUNTIME_API_EXT","hipGetLastError",4160312,4160312,801,698479920826326,698479920826356
"HIP_COMPILER_API_EXT","__hipPushCallConfiguration",4160312,4160312,802,698479920826767,698479920826807
"HIP_COMPILER_API_EXT","__hipPopCallConfiguration",4160312,4160312,803,698479920827137,698479920827187
"HIP_RUNTIME_API_EXT","hipLaunchKernel",4160312,4160312,804,698479920827568,698479920831055
"HIP_RUNTIME_API_EXT","hipGetLastError",4160312,4160312,805,698479920831706,698479920831736
"HIP_RUNTIME_API_EXT","hipSetDevice",4160312,4160312,806,698479920832117,698479920832157
"HIP_COMPILER_API_EXT","__hipPushCallConfiguration",4160312,4160312,807,698479920832868,698479920832908
"HIP_COMPILER_API_EXT","__hipPopCallConfiguration",4160312,4160312,808,698479920833449,698479920833499
"HIP_RUNTIME_API_EXT","hipLaunchKernel",4160312,4160312,809,698479920833900,698479920837557
"HIP_RUNTIME_API_EXT","hipGetLastError",4160312,4160312,810,698479920838248,698479920838278
"HIP_COMPILER_API_EXT","__hipPushCallConfiguration",4160312,4160312,811,698479920838669,698479920838709
"HIP_COMPILER_API_EXT","__hipPopCallConfiguration",4160312,4160312,812,698479920839120,698479920839160
"HIP_RUNTIME_API_EXT","hipLaunchKernel",4160312,4160312,813,698479920839881,698479920844330
"HIP_RUNTIME_API_EXT","hipGetLastError",4160312,4160312,814,698479920844921,698479920844951
"HIP_COMPILER_API_EXT","__hipPushCallConfiguration",4160312,4160312,815,698479920845332,698479920845372
"HIP_COMPILER_API_EXT","__hipPopCallConfiguration",4160312,4160312,816,698479920845782,698479920845823
"HIP_RUNTIME_API_EXT","hipLaunchKernel",4160312,4160312,817,698479920846474,698479920850401
"HIP_RUNTIME_API_EXT","hipGetLastError",4160312,4160312,818,698479920850882,698479920850912
"HIP_RUNTIME_API_EXT","hipSetDevice",4160312,4160312,819,698479920851263,698479920851303
"HIP_COMPILER_API_EXT","__hipPushCallConfiguration",4160312,4160312,820,698479920851613,698479920851663
"HIP_COMPILER_API_EXT","__hipPopCallConfiguration",4160312,4160312,821,698479920852084,698479920852124
"HIP_RUNTIME_API_EXT","hipLaunchKernel",4160312,4160312,822,698479920852605,698479920856062
"HIP_RUNTIME_API_EXT","hipGetLastError",4160312,4160312,823,698479920856473,698479920856503
"HIP_COMPILER_API_EXT","__hipPushCallConfiguration",4160312,4160312,824,698479920856803,698479920856853
"HIP_COMPILER_API_EXT","__hipPopCallConfiguration",4160312,4160312,825,698479920857234,698479920857274
"HIP_RUNTIME_API_EXT","hipLaunchKernel",4160312,4160312,826,698479920857685,698479920861813
"HIP_RUNTIME_API_EXT","hipGetLastError",4160312,4160312,827,698479920862293,698479920862324
"HIP_COMPILER_API_EXT","__hipPushCallConfiguration",4160312,4160312,828,698479920862965,698479920863005
"HIP_COMPILER_API_EXT","__hipPopCallConfiguration",4160312,4160312,829,698479920863365,698479920863406
"HIP_RUNTIME_API_EXT","hipLaunchKernel",4160312,4160312,830,698479920864257,698479920867734
"HIP_RUNTIME_API_EXT","hipGetLastError",4160312,4160312,831,698479920868144,698479920868175
"HIP_RUNTIME_API_EXT","hipSetDevice",4160312,4160312,832,698479920870008,698479920870048
"HIP_COMPILER_API_EXT","__hipPushCallConfiguration",4160312,4160312,833,698479920870689,698479920870729
"HIP_COMPILER_API_EXT","__hipPopCallConfiguration",4160312,4160312,834,698479920871080,698479920871130
"HIP_RUNTIME_API_EXT","hipLaunchKernel",4160312,4160312,835,698479920871711,698479920875639
"HIP_RUNTIME_API_EXT","hipGetLastError",4160312,4160312,836,698479920876019,698479920876049
"HIP_COMPILER_API_EXT","__hipPushCallConfiguration",4160312,4160312,837,698479920876600,698479920876650
"HIP_COMPILER_API_EXT","__hipPopCallConfiguration",4160312,4160312,838,698479920876981,698479920877031
"HIP_RUNTIME_API_EXT","hipLaunchKernel",4160312,4160312,839,698479920877482,698479920880047
"HIP_RUNTIME_API_EXT","hipGetLastError",4160312,4160312,840,698479920880478,698479920880508
"HIP_COMPILER_API_EXT","__hipPushCallConfiguration",4160312,4160312,841,698479920880898,698479920880939
"HIP_COMPILER_API_EXT","__hipPopCallConfiguration",4160312,4160312,842,698479920881470,698479920881520
"HIP_RUNTIME_API_EXT","hipLaunchKernel",4160312,4160312,843,698479920882021,698479920885417
"HIP_RUNTIME_API_EXT","hipGetLastError",4160312,4160312,844,698479920885878,698479920885908
"HIP_RUNTIME_API_EXT","hipSetDevice",4160312,4160312,845,698479920887270,698479920887311
"HIP_COMPILER_API_EXT","__hipPushCallConfiguration",4160312,4160312,846,698479920887811,698479920887862
"HIP_COMPILER_API_EXT","__hipPopCallConfiguration",4160312,4160312,847,698479920888252,698479920888292
"HIP_RUNTIME_API_EXT","hipLaunchKernel",4160312,4160312,848,698479920889024,698479920893442
"HIP_RUNTIME_API_EXT","hipGetLastError",4160312,4160312,849,698479920894073,698479920894103
"HIP_COMPILER_API_EXT","__hipPushCallConfiguration",4160312,4160312,850,698479920894484,698479920894524
"HIP_COMPILER_API_EXT","__hipPopCallConfiguration",4160312,4160312,851,698479920895005,698479920895045
"HIP_RUNTIME_API_EXT","hipLaunchKernel",4160312,4160312,852,698479920896368,698479920900034
"HIP_RUNTIME_API_EXT","hipGetLastError",4160312,4160312,853,698479920900485,698479920900515
"HIP_COMPILER_API_EXT","__hipPushCallConfiguration",4160312,4160312,854,698479920900826,698479920900866
"HIP_COMPILER_API_EXT","__hipPopCallConfiguration",4160312,4160312,855,698479920901277,698479920901317
"HIP_RUNTIME_API_EXT","hipLaunchKernel",4160312,4160312,856,698479920901828,698479920905204
"HIP_RUNTIME_API_EXT","hipGetLastError",4160312,4160312,857,698479920905565,698479920905595
"HIP_RUNTIME_API_EXT","hipSetDevice",4160312,4160312,858,698479920906066,698479920906106
"HIP_COMPILER_API_EXT","__hipPushCallConfiguration",4160312,4160312,859,698479920906517,698479920906567
"HIP_COMPILER_API_EXT","__hipPopCallConfiguration",4160312,4160312,860,698479920906967,698479920907008
"HIP_RUNTIME_API_EXT","hipLaunchKernel",4160312,4160312,861,698479920907589,698479920910424
"HIP_RUNTIME_API_EXT","hipGetLastError",4160312,4160312,862,698479920910765,698479920910795
"HIP_COMPILER_API_EXT","__hipPushCallConfiguration",4160312,4160312,863,698479920911406,698479920911446
"HIP_COMPILER_API_EXT","__hipPopCallConfiguration",4160312,4160312,864,698479920911887,698479920911947
"HIP_RUNTIME_API_EXT","hipLaunchKernel",4160312,4160312,865,698479920912458,698479920916966
"HIP_RUNTIME_API_EXT","hipGetLastError",4160312,4160312,866,698479920917417,698479920917447
"HIP_COMPILER_API_EXT","__hipPushCallConfiguration",4160312,4160312,867,698479920917818,698479920917868
"HIP_COMPILER_API_EXT","__hipPopCallConfiguration",4160312,4160312,868,698479920921715,698479920921765
"HIP_RUNTIME_API_EXT","hipLaunchKernel",4160312,4160312,869,698479920922617,698479920926564
"HIP_RUNTIME_API_EXT","hipGetLastError",4160312,4160312,870,698479920927145,698479920927185
"HIP_RUNTIME_API_EXT","hipSetDevice",4160312,4160312,871,698479920927596,698479920927636
"HIP_COMPILER_API_EXT","__hipPushCallConfiguration",4160312,4160312,872,698479920928017,698479920928057
"HIP_COMPILER_API_EXT","__hipPopCallConfiguration",4160312,4160312,873,698479920928398,698479920928448
"HIP_RUNTIME_API_EXT","hipLaunchKernel",4160312,4160312,874,698479920928949,698479920932516
"HIP_RUNTIME_API_EXT","hipGetLastError",4160312,4160312,875,698479920932976,698479920933006
"HIP_COMPILER_API_EXT","__hipPushCallConfiguration",4160312,4160312,876,698479920933387,698479920933437
"HIP_COMPILER_API_EXT","__hipPopCallConfiguration",4160312,4160312,877,698479920933898,698479920933938
"HIP_RUNTIME_API_EXT","hipLaunchKernel",4160312,4160312,878,698479920934459,698479920937595
"HIP_RUNTIME_API_EXT","hipGetLastError",4160312,4160312,879,698479920937926,698479920937956
"HIP_COMPILER_API_EXT","__hipPushCallConfiguration",4160312,4160312,880,698479920938266,698479920938306
"HIP_COMPILER_API_EXT","__hipPopCallConfiguration",4160312,4160312,881,698479920938737,698479920938777
"HIP_RUNTIME_API_EXT","hipLaunchKernel",4160312,4160312,882,698479920939268,698479920941843
"HIP_RUNTIME_API_EXT","hipGetLastError",4160312,4160312,883,698479920942174,698479920942204
"HIP_RUNTIME_API_EXT","hipSetDevice",4160312,4160312,884,698479920942614,698479920942655
"HIP_COMPILER_API_EXT","__hipPushCallConfiguration",4160312,4160312,885,698479920942985,698479920943025
"HIP_COMPILER_API_EXT","__hipPopCallConfiguration",4160312,4160312,886,698479920943366,698479920943406
"HIP_RUNTIME_API_EXT","hipLaunchKernel",4160312,4160312,887,698479920943897,698479920948165
"HIP_RUNTIME_API_EXT","hipGetLastError",4160312,4160312,888,698479920948566,698479920948596
"HIP_COMPILER_API_EXT","__hipPushCallConfiguration",4160312,4160312,889,698479920949007,698479920949047
"HIP_COMPILER_API_EXT","__hipPopCallConfiguration",4160312,4160312,890,698479920950329,698479920950369
"HIP_RUNTIME_API_EXT","hipLaunchKernel",4160312,4160312,891,698479920951110,698479920953806
"HIP_RUNTIME_API_EXT","hipGetLastError",4160312,4160312,892,698479920955198,698479920955389
"HIP_RUNTIME_API_EXT","hipSetDevice",4160312,4160312,893,698479920955869,698479920955909
"HIP_COMPILER_API_EXT","__hipPushCallConfiguration",4160312,4160312,894,698479920956350,698479920956390
"HIP_COMPILER_API_EXT","__hipPopCallConfiguration",4160312,4160312,895,698479920956801,698479920956841
"HIP_RUNTIME_API_EXT","hipLaunchKernel",4160312,4160312,896,698479920957643,698479920962422
"HIP_RUNTIME_API_EXT","hipGetLastError",4160312,4160312,897,698479920962933,698479920962963
"HIP_RUNTIME_API_EXT","hipDeviceSynchronize",4160312,4160312,898,698479920963323,698479921032083
"HIP_RUNTIME_API_EXT","hipSetDevice",4160312,4160312,899,698479921034888,698479921034928
"HIP_COMPILER_API_EXT","__hipPushCallConfiguration",4160312,4160312,900,698479921035399,698479921035439
"HIP_COMPILER_API_EXT","__hipPopCallConfiguration",4160312,4160312,901,698479921035800,698479921035850
"HIP_RUNTIME_API_EXT","hipLaunchKernel",4160312,4160312,902,698479921036351,698479921040949
"HIP_RUNTIME_API_EXT","hipGetLastError",4160312,4160312,903,698479921043274,698479921043304
"HIP_RUNTIME_API_EXT","hipDeviceSynchronize",4160312,4160312,904,698479921044065,698479921134155
"HIP_COMPILER_API_EXT","__hipPushCallConfiguration",4160312,4160312,905,698479921138713,698479921138753
"HIP_COMPILER_API_EXT","__hipPopCallConfiguration",4160312,4160312,906,698479921139094,698479921139144
"HIP_RUNTIME_API_EXT","hipLaunchKernel",4160312,4160312,907,698479921139635,698479921145235
"HIP_RUNTIME_API_EXT","hipGetLastError",4160312,4160312,908,698479921146147,698479921146177
"HIP_COMPILER_API_EXT","__hipPushCallConfiguration",4160312,4160312,909,698479921146508,698479921146558
"HIP_COMPILER_API_EXT","__hipPopCallConfiguration",4160312,4160312,910,698479921147079,698479921147119
"HIP_RUNTIME_API_EXT","hipLaunchKernel",4160312,4160312,911,698479921147790,698479921151147
"HIP_RUNTIME_API_EXT","hipGetLastError",4160312,4160312,912,698479921151597,698479921151627
"HIP_COMPILER_API_EXT","__hipPushCallConfiguration",4160312,4160312,913,698479921151978,698479921152018
"HIP_COMPILER_API_EXT","__hipPopCallConfiguration",4160312,4160312,914,698479921152349,698479921152389
"HIP_RUNTIME_API_EXT","hipLaunchKernel",4160312,4160312,915,698479921152770,698479921155535
"HIP_RUNTIME_API_EXT","hipGetLastError",4160312,4160312,916,698479921155885,698479921155916
"HIP_RUNTIME_API_EXT","hipMemcpy",4160312,4160312,917,698479921156366,698479921181704
"HIP_RUNTIME_API_EXT","hipMemcpy",4160312,4160312,918,698479921182886,698479921205789
"HIP_RUNTIME_API_EXT","hipSetDevice",4160312,4160312,919,698479921208715,698479921208755
"HIP_RUNTIME_API_EXT","hipMemset",4160312,4160312,920,698479921209536,698479921213804
"HIP_RUNTIME_API_EXT","hipMemcpy",4160312,4160312,921,698479921214225,698479921249321
"HIP_RUNTIME_API_EXT","hipMemcpy",4160312,4160312,922,698479921249962,698479921274518
"HIP_COMPILER_API_EXT","__hipPushCallConfiguration",4160312,4160312,923,698479921275671,698479921275721
"HIP_COMPILER_API_EXT","__hipPopCallConfiguration",4160312,4160312,924,698479921276061,698479921276111
"HIP_RUNTIME_API_EXT","hipLaunchKernel",4160312,4160312,925,698479921276923,698479921281692
"HIP_RUNTIME_API_EXT","hipGetLastError",4160312,4160312,926,698479921282243,698479921282263
"HIP_RUNTIME_API_EXT","hipSetDevice",4160312,4160312,927,698479921282814,698479921282854
"HIP_COMPILER_API_EXT","__hipPushCallConfiguration",4160312,4160312,928,698479921283245,698479921283285
"HIP_COMPILER_API_EXT","__hipPopCallConfiguration",4160312,4160312,929,698479921283626,698479921283676
"HIP_RUNTIME_API_EXT","hipLaunchKernel",4160312,4160312,930,698479921284417,698479921287603
"HIP_RUNTIME_API_EXT","hipGetLastError",4160312,4160312,931,698479921288064,698479921288094
"HIP_COMPILER_API_EXT","__hipPushCallConfiguration",4160312,4160312,932,698479921288535,698479921288585
"HIP_COMPILER_API_EXT","__hipPopCallConfiguration",4160312,4160312,933,698479921288936,698479921288976
"HIP_RUNTIME_API_EXT","hipLaunchKernel",4160312,4160312,934,698479921289366,698479921293013
"HIP_RUNTIME_API_EXT","hipGetLastError",4160312,4160312,935,698479921293344,698479921293374
"HIP_COMPILER_API_EXT","__hipPushCallConfiguration",4160312,4160312,936,698479921293945,698479921293995
"HIP_COMPILER_API_EXT","__hipPopCallConfiguration",4160312,4160312,937,698479921294336,698479921294376
"HIP_RUNTIME_API_EXT","hipLaunchKernel",4160312,4160312,938,698479921294837,698479921297802
"HIP_RUNTIME_API_EXT","hipGetLastError",4160312,4160312,939,698479921298714,698479921298744
"HIP_RUNTIME_API_EXT","hipSetDevice",4160312,4160312,940,698479921299045,698479921299095
"HIP_COMPILER_API_EXT","__hipPushCallConfiguration",4160312,4160312,941,698479921299746,698479921299796
"HIP_COMPILER_API_EXT","__hipPopCallConfiguration",4160312,4160312,942,698479921300127,698479921300167
"HIP_RUNTIME_API_EXT","hipLaunchKernel",4160312,4160312,943,698479921300858,698479921304425
"HIP_RUNTIME_API_EXT","hipGetLastError",4160312,4160312,944,698479921305106,698479921305136
"HIP_COMPILER_API_EXT","__hipPushCallConfiguration",4160312,4160312,945,698479921305537,698479921305587
"HIP_COMPILER_API_EXT","__hipPopCallConfiguration",4160312,4160312,946,698479921305918,698479921305958
"HIP_RUNTIME_API_EXT","hipLaunchKernel",4160312,4160312,947,698479921306619,698479921309645
"HIP_RUNTIME_API_EXT","hipGetLastError",4160312,4160312,948,698479921309985,698479921310015
"HIP_COMPILER_API_EXT","__hipPushCallConfiguration",4160312,4160312,949,698479921310536,698479921310586
"HIP_COMPILER_API_EXT","__hipPopCallConfiguration",4160312,4160312,950,698479921310977,698479921311027
"HIP_RUNTIME_API_EXT","hipLaunchKernel",4160312,4160312,951,698479921311518,698479921315435
"HIP_RUNTIME_API_EXT","hipGetLastError",4160312,4160312,952,698479921315846,698479921315876
"HIP_RUNTIME_API_EXT","hipSetDevice",4160312,4160312,953,698479921317529,698479921317569
"HIP_COMPILER_API_EXT","__hipPushCallConfiguration",4160312,4160312,954,698479921317970,698479921318010
"HIP_COMPILER_API_EXT","__hipPopCallConfiguration",4160312,4160312,955,698479921318341,698479921318391
"HIP_RUNTIME_API_EXT","hipLaunchKernel",4160312,4160312,956,698479921319403,698479921323430
"HIP_RUNTIME_API_EXT","hipGetLastError",4160312,4160312,957,698479921323951,698479921323981
"HIP_COMPILER_API_EXT","__hipPushCallConfiguration",4160312,4160312,958,698479921324432,698479921324472
"HIP_COMPILER_API_EXT","__hipPopCallConfiguration",4160312,4160312,959,698479921326035,698479921326085
"HIP_RUNTIME_API_EXT","hipLaunchKernel",4160312,4160312,960,698479921326566,698479921330604
"HIP_RUNTIME_API_EXT","hipGetLastError",4160312,4160312,961,698479921331285,698479921331315
"HIP_COMPILER_API_EXT","__hipPushCallConfiguration",4160312,4160312,962,698479921331696,698479921331746
"HIP_COMPILER_API_EXT","__hipPopCallConfiguration",4160312,4160312,963,698479921332157,698479921332207
"HIP_RUNTIME_API_EXT","hipLaunchKernel",4160312,4160312,964,698479921332688,698479921336826
"HIP_RUNTIME_API_EXT","hipGetLastError",4160312,4160312,965,698479921337196,698479921337226
"HIP_RUNTIME_API_EXT","hipSetDevice",4160312,4160312,966,698479921337587,698479921337637
"HIP_COMPILER_API_EXT","__hipPushCallConfiguration",4160312,4160312,967,698479921338028,698479921338068
"HIP_COMPILER_API_EXT","__hipPopCallConfiguration",4160312,4160312,968,698479921338469,698479921338509
"HIP_RUNTIME_API_EXT","hipLaunchKernel",4160312,4160312,969,698479921339100,698479921342306
"HIP_RUNTIME_API_EXT","hipGetLastError",4160312,4160312,970,698479921342747,698479921342777
"HIP_COMPILER_API_EXT","__hipPushCallConfiguration",4160312,4160312,971,698479921344871,698479921344921
"HIP_COMPILER_API_EXT","__hipPopCallConfiguration",4160312,4160312,972,698479921345302,698479921345342
"HIP_RUNTIME_API_EXT","hipLaunchKernel",4160312,4160312,973,698479921345883,698479921349409
"HIP_RUNTIME_API_EXT","hipGetLastError",4160312,4160312,974,698479921349850,698479921349880
"HIP_COMPILER_API_EXT","__hipPushCallConfiguration",4160312,4160312,975,698479921350612,698479921350652
"HIP_COMPILER_API_EXT","__hipPopCallConfiguration",4160312,4160312,976,698479921351072,698479921351112
"HIP_RUNTIME_API_EXT","hipLaunchKernel",4160312,4160312,977,698479921351854,698479921354829
"HIP_RUNTIME_API_EXT","hipGetLastError",4160312,4160312,978,698479921355511,698479921355541
"HIP_RUNTIME_API_EXT","hipSetDevice",4160312,4160312,979,698479921355861,698479921355901
"HIP_COMPILER_API_EXT","__hipPushCallConfiguration",4160312,4160312,980,698479921356352,698479921356402
"HIP_COMPILER_API_EXT","__hipPopCallConfiguration",4160312,4160312,981,698479921356733,698479921356783
"HIP_RUNTIME_API_EXT","hipLaunchKernel",4160312,4160312,982,698479921357274,698479921360180
"HIP_RUNTIME_API_EXT","hipGetLastError",4160312,4160312,983,698479921361101,698479921361131
"HIP_COMPILER_API_EXT","__hipPushCallConfiguration",4160312,4160312,984,698479921361452,698479921361492
"HIP_COMPILER_API_EXT","__hipPopCallConfiguration",4160312,4160312,985,698479921361893,698479921361943
"HIP_RUNTIME_API_EXT","hipLaunchKernel",4160312,4160312,986,698479921362414,698479921365640
"HIP_RUNTIME_API_EXT","hipGetLastError",4160312,4160312,987,698479921366301,698479921366331
"HIP_COMPILER_API_EXT","__hipPushCallConfiguration",4160312,4160312,988,698479921366702,698479921366752
"HIP_COMPILER_API_EXT","__hipPopCallConfiguration",4160312,4160312,989,698479921367103,698479921367143
"HIP_RUNTIME_API_EXT","hipLaunchKernel",4160312,4160312,990,698479921367603,698479921371831
"HIP_RUNTIME_API_EXT","hipGetLastError",4160312,4160312,991,698479921372362,698479921372392
"HIP_RUNTIME_API_EXT","hipSetDevice",4160312,4160312,992,698479921372753,698479921372793
"HIP_COMPILER_API_EXT","__hipPushCallConfiguration",4160312,4160312,993,698479921373184,698479921373224
"HIP_COMPILER_API_EXT","__hipPopCallConfiguration",4160312,4160312,994,698479921373555,698479921373605
"HIP_RUNTIME_API_EXT","hipLaunchKernel",4160312,4160312,995,698479921374326,698479921383333
"HIP_RUNTIME_API_EXT","hipGetLastError",4160312,4160312,996,698479921383984,698479921384014
"HIP_COMPILER_API_EXT","__hipPushCallConfiguration",4160312,4160312,997,698479921384415,698479921384455
"HIP_COMPILER_API_EXT","__hipPopCallConfiguration",4160312,4160312,998,698479921384886,698479921384926
"HIP_RUNTIME_API_EXT","hipLaunchKernel",4160312,4160312,999,698479921385437,698479921389505
"HIP_RUNTIME_API_EXT","hipGetLastError",4160312,4160312,1000,698479921390116,698479921390146
"HIP_COMPILER_API_EXT","__hipPushCallConfiguration",4160312,4160312,1001,698479921390537,698479921390577
"HIP_COMPILER_API_EXT","__hipPopCallConfiguration",4160312,4160312,1002,698479921390967,698479921391007
"HIP_RUNTIME_API_EXT","hipLaunchKernel",4160312,4160312,1003,698479921391478,698479921394264
"HIP_RUNTIME_API_EXT","hipGetLastError",4160312,4160312,1004,698479921394805,698479921394835
"HIP_RUNTIME_API_EXT","hipSetDevice",4160312,4160312,1005,698479921395205,698479921395245
"HIP_COMPILER_API_EXT","__hipPushCallConfiguration",4160312,4160312,1006,698479921395566,698479921395606
"HIP_COMPILER_API_EXT","__hipPopCallConfiguration",4160312,4160312,1007,698479921396087,698479921396137
"HIP_RUNTIME_API_EXT","hipLaunchKernel",4160312,4160312,1008,698479921398161,698479921401046
"HIP_RUNTIME_API_EXT","hipGetLastError",4160312,4160312,1009,698479921401467,698479921401497
"HIP_COMPILER_API_EXT","__hipPushCallConfiguration",4160312,4160312,1010,698479921401948,698479921401998
"HIP_COMPILER_API_EXT","__hipPopCallConfiguration",4160312,4160312,1011,698479921403381,698479921403421
"HIP_RUNTIME_API_EXT","hipLaunchKernel",4160312,4160312,1012,698479921404182,698479921408661
"HIP_RUNTIME_API_EXT","hipGetLastError",4160312,4160312,1013,698479921409532,698479921409562
"HIP_COMPILER_API_EXT","__hipPushCallConfiguration",4160312,4160312,1014,698479921409943,698479921409983
"HIP_COMPILER_API_EXT","__hipPopCallConfiguration",4160312,4160312,1015,698479921410364,698479921410414
"HIP_RUNTIME_API_EXT","hipLaunchKernel",4160312,4160312,1016,698479921410915,698479921416235
"HIP_RUNTIME_API_EXT","hipGetLastError",4160312,4160312,1017,698479921417087,698479921417117
"HIP_RUNTIME_API_EXT","hipSetDevice",4160312,4160312,1018,698479921417487,698479921417537
"HIP_COMPILER_API_EXT","__hipPushCallConfiguration",4160312,4160312,1019,698479921417898,698479921417948
"HIP_COMPILER_API_EXT","__hipPopCallConfiguration",4160312,4160312,1020,698479921418399,698479921418439
"HIP_RUNTIME_API_EXT","hipLaunchKernel",4160312,4160312,1021,698479921419150,698479921422156
"HIP_RUNTIME_API_EXT","hipGetLastError",4160312,4160312,1022,698479921422557,698479921422587
"HIP_COMPILER_API_EXT","__hipPushCallConfiguration",4160312,4160312,1023,698479921422897,698479921422938
"HIP_COMPILER_API_EXT","__hipPopCallConfiguration",4160312,4160312,1024,698479921423368,698479921423408
"HIP_RUNTIME_API_EXT","hipLaunchKernel",4160312,4160312,1025,698479921424030,698479921426885
"HIP_RUNTIME_API_EXT","hipGetLastError",4160312,4160312,1026,698479921427296,698479921427326
"HIP_COMPILER_API_EXT","__hipPushCallConfiguration",4160312,4160312,1027,698479921427797,698479921427847
"HIP_COMPILER_API_EXT","__hipPopCallConfiguration",4160312,4160312,1028,698479921429249,698479921429299
"HIP_RUNTIME_API_EXT","hipLaunchKernel",4160312,4160312,1029,698479921430081,698479921434279
"HIP_RUNTIME_API_EXT","hipGetLastError",4160312,4160312,1030,698479921435010,698479921435040
"HIP_RUNTIME_API_EXT","hipSetDevice",4160312,4160312,1031,698479921435471,698479921435511
"HIP_COMPILER_API_EXT","__hipPushCallConfiguration",4160312,4160312,1032,698479921435902,698479921435942
"HIP_COMPILER_API_EXT","__hipPopCallConfiguration",4160312,4160312,1033,698479921436363,698479921436403
"HIP_RUNTIME_API_EXT","hipLaunchKernel",4160312,4160312,1034,698479921437284,698479921441042
"HIP_RUNTIME_API_EXT","hipGetLastError",4160312,4160312,1035,698479921441512,698479921441542
"HIP_COMPILER_API_EXT","__hipPushCallConfiguration",4160312,4160312,1036,698479921442043,698479921442094
"HIP_COMPILER_API_EXT","__hipPopCallConfiguration",4160312,4160312,1037,698479921445891,698479921445931
"HIP_RUNTIME_API_EXT","hipLaunchKernel",4160312,4160312,1038,698479921446622,698479921450369
"HIP_RUNTIME_API_EXT","hipGetLastError",4160312,4160312,1039,698479921450750,698479921450780
"HIP_RUNTIME_API_EXT","hipSetDevice",4160312,4160312,1040,698479921451100,698479921451141
"HIP_COMPILER_API_EXT","__hipPushCallConfiguration",4160312,4160312,1041,698479921451722,698479921451772
"HIP_COMPILER_API_EXT","__hipPopCallConfiguration",4160312,4160312,1042,698479921452313,698479921452353
"HIP_RUNTIME_API_EXT","hipLaunchKernel",4160312,4160312,1043,698479921452894,698479921456951
"HIP_RUNTIME_API_EXT","hipGetLastError",4160312,4160312,1044,698479921457462,698479921457492
"HIP_RUNTIME_API_EXT","hipDeviceSynchronize",4160312,4160312,1045,698479921457923,698479921517575
"HIP_RUNTIME_API_EXT","hipSetDevice",4160312,4160312,1046,698479921519780,698479921519820
"HIP_COMPILER_API_EXT","__hipPushCallConfiguration",4160312,4160312,1047,698479921520250,698479921520301
"HIP_COMPILER_API_EXT","__hipPopCallConfiguration",4160312,4160312,1048,698479921521062,698479921521102
"HIP_RUNTIME_API_EXT","hipLaunchKernel",4160312,4160312,1049,698479921522966,698479921530219
"HIP_RUNTIME_API_EXT","hipGetLastError",4160312,4160312,1050,698479921531782,698479921531812
"HIP_RUNTIME_API_EXT","hipDeviceSynchronize",4160312,4160312,1051,698479921540669,698479921624036
"HIP_COMPILER_API_EXT","__hipPushCallConfiguration",4160312,4160312,1052,698479921629636,698479921629676
"HIP_COMPILER_API_EXT","__hipPopCallConfiguration",4160312,4160312,1053,698479921630327,698479921630377
"HIP_RUNTIME_API_EXT","hipLaunchKernel",4160312,4160312,1054,698479921631189,698479921636038
"HIP_RUNTIME_API_EXT","hipGetLastError",4160312,4160312,1055,698479921636489,698479921636519
"HIP_COMPILER_API_EXT","__hipPushCallConfiguration",4160312,4160312,1056,698479921636930,698479921636980
"HIP_COMPILER_API_EXT","__hipPopCallConfiguration",4160312,4160312,1057,698479921637401,698479921637441
"HIP_RUNTIME_API_EXT","hipLaunchKernel",4160312,4160312,1058,698479921638352,698479921641528
"HIP_RUNTIME_API_EXT","hipGetLastError",4160312,4160312,1059,698479921642029,698479921642059
"HIP_COMPILER_API_EXT","__hipPushCallConfiguration",4160312,4160312,1060,698479921642901,698479921642941
"HIP_COMPILER_API_EXT","__hipPopCallConfiguration",4160312,4160312,1061,698479921643893,698479921643943
"HIP_RUNTIME_API_EXT","hipLaunchKernel",4160312,4160312,1062,698479921644594,698479921647770
"HIP_RUNTIME_API_EXT","hipGetLastError",4160312,4160312,1063,698479921648211,698479921648241
"HIP_RUNTIME_API_EXT","hipMemcpy",4160312,4160312,1064,698479921648662,698479921671876
"HIP_RUNTIME_API_EXT","hipMemcpy",4160312,4160312,1065,698479921691993,698479921716379
"HIP_RUNTIME_API_EXT","hipSetDevice",4160312,4160312,1066,698479921719735,698479921719776
"HIP_RUNTIME_API_EXT","hipMemset",4160312,4160312,1067,698479921720747,698479921725176
"HIP_RUNTIME_API_EXT","hipMemcpy",4160312,4160312,1068,698479921725697,698479922029017
"HIP_RUNTIME_API_EXT","hipMemcpy",4160312,4160312,1069,698479922029728,698479922053693
"HIP_COMPILER_API_EXT","__hipPushCallConfiguration",4160312,4160312,1070,698479922054655,698479922054695
"HIP_COMPILER_API_EXT","__hipPopCallConfiguration",4160312,4160312,1071,698479922055036,698479922055086
"HIP_RUNTIME_API_EXT","hipLaunchKernel",4160312,4160312,1072,698479922056058,698479922060266
"HIP_RUNTIME_API_EXT","hipGetLastError",4160312,4160312,1073,698479922060827,698479922060857
"HIP_RUNTIME_API_EXT","hipSetDevice",4160312,4160312,1074,698479922061227,698479922061268
"HIP_COMPILER_API_EXT","__hipPushCallConfiguration",4160312,4160312,1075,698479922061588,698479922061628
"HIP_COMPILER_API_EXT","__hipPopCallConfiguration",4160312,4160312,1076,698479922062099,698479922062149
"HIP_RUNTIME_API_EXT","hipLaunchKernel",4160312,4160312,1077,698479922062680,698479922065315
"HIP_RUNTIME_API_EXT","hipGetLastError",4160312,4160312,1078,698479922065656,698479922065686
"HIP_COMPILER_API_EXT","__hipPushCallConfiguration",4160312,4160312,1079,698479922066067,698479922066107
"HIP_COMPILER_API_EXT","__hipPopCallConfiguration",4160312,4160312,1080,698479922066447,698479922066487
"HIP_RUNTIME_API_EXT","hipLaunchKernel",4160312,4160312,1081,698479922066868,698479922069944
"HIP_RUNTIME_API_EXT","hipGetLastError",4160312,4160312,1082,698479922070385,698479922070415
"HIP_COMPILER_API_EXT","__hipPushCallConfiguration",4160312,4160312,1083,698479922070765,698479922070805
"HIP_COMPILER_API_EXT","__hipPopCallConfiguration",4160312,4160312,1084,698479922071206,698479922071246
"HIP_RUNTIME_API_EXT","hipLaunchKernel",4160312,4160312,1085,698479922071647,698479922074292
"HIP_RUNTIME_API_EXT","hipGetLastError",4160312,4160312,1086,698479922075023,698479922075053
"HIP_RUNTIME_API_EXT","hipSetDevice",4160312,4160312,1087,698479922075364,698479922075404
"HIP_COMPILER_API_EXT","__hipPushCallConfiguration",4160312,4160312,1088,698479922075885,698479922075935
"HIP_COMPILER_API_EXT","__hipPopCallConfiguration",4160312,4160312,1089,698479922076727,698479922076767
"HIP_RUNTIME_API_EXT","hipLaunchKernel",4160312,4160312,1090,698479922077558,698479922080995
"HIP_RUNTIME_API_EXT","hipGetLastError",4160312,4160312,1091,698479922081616,698479922081646
"HIP_COMPILER_API_EXT","__hipPushCallConfiguration",4160312,4160312,1092,698479922082017,698479922082057
"HIP_COMPILER_API_EXT","__hipPopCallConfiguration",4160312,4160312,1093,698479922082618,698479922082658
"HIP_RUNTIME_API_EXT","hipLaunchKernel",4160312,4160312,1094,698479922083129,698479922085904
"HIP_RUNTIME_API_EXT","hipGetLastError",4160312,4160312,1095,698479922086365,698479922086395
"HIP_COMPILER_API_EXT","__hipPushCallConfiguration",4160312,4160312,1096,698479922086755,698479922086796
"HIP_COMPILER_API_EXT","__hipPopCallConfiguration",4160312,4160312,1097,698479922087126,698479922087176
"HIP_RUNTIME_API_EXT","hipLaunchKernel",4160312,4160312,1098,698479922087567,698479922089972
"HIP_RUNTIME_API_EXT","hipGetLastError",4160312,4160312,1099,698479922090583,698479922090613
"HIP_RUNTIME_API_EXT","hipSetDevice",4160312,4160312,1100,698479922091023,698479922091064
"HIP_COMPILER_API_EXT","__hipPushCallConfiguration",4160312,4160312,1101,698479922091795,698479922091845
"HIP_COMPILER_API_EXT","__hipPopCallConfiguration",4160312,4160312,1102,698479922092256,698479922092306
"HIP_RUNTIME_API_EXT","hipLaunchKernel",4160312,4160312,1103,698479922092837,698479922097826
"HIP_RUNTIME_API_EXT","hipGetLastError",4160312,4160312,1104,698479922098417,698479922098457
"HIP_COMPILER_API_EXT","__hipPushCallConfiguration",4160312,4160312,1105,698479922098998,698479922099039
"HIP_COMPILER_API_EXT","__hipPopCallConfiguration",4160312,4160312,1106,698479922099419,698479922099459
"HIP_RUNTIME_API_EXT","hipLaunchKernel",4160312,4160312,1107,698479922100291,698479922103878
"HIP_RUNTIME_API_EXT","hipGetLastError",4160312,4160312,1108,698479922104609,698479922104629
"HIP_COMPILER_API_EXT","__hipPushCallConfiguration",4160312,4160312,1109,698479922105130,698479922105170
"HIP_COMPILER_API_EXT","__hipPopCallConfiguration",4160312,4160312,1110,698479922105551,698479922105591
"HIP_RUNTIME_API_EXT","hipLaunchKernel",4160312,4160312,1111,698479922106432,698479922110129
"HIP_RUNTIME_API_EXT","hipGetLastError",4160312,4160312,1112,698479922111141,698479922111171
"HIP_RUNTIME_API_EXT","hipSetDevice",4160312,4160312,1113,698479922111482,698479922111522
"HIP_COMPILER_API_EXT","__hipPushCallConfiguration",4160312,4160312,1114,698479922111823,698479922111863
"HIP_COMPILER_API_EXT","__hipPopCallConfiguration",4160312,4160312,1115,698479922112213,698479922112263
"HIP_RUNTIME_API_EXT","hipLaunchKernel",4160312,4160312,1116,698479922112634,698479922115500
"HIP_RUNTIME_API_EXT","hipGetLastError",4160312,4160312,1117,698479922116111,698479922116141
"HIP_COMPILER_API_EXT","__hipPushCallConfiguration",4160312,4160312,1118,698479922116471,698479922116511
"HIP_COMPILER_API_EXT","__hipPopCallConfiguration",4160312,4160312,1119,698479922116872,698479922116912
"HIP_RUNTIME_API_EXT","hipLaunchKernel",4160312,4160312,1120,698479922117313,698479922120218
"HIP_RUNTIME_API_EXT","hipGetLastError",4160312,4160312,1121,698479922120559,698479922120589
"HIP_COMPILER_API_EXT","__hipPushCallConfiguration",4160312,4160312,1122,698479922120970,698479922121010
"HIP_COMPILER_API_EXT","__hipPopCallConfiguration",4160312,4160312,1123,698479922121551,698479922121601
"HIP_RUNTIME_API_EXT","hipLaunchKernel",4160312,4160312,1124,698479922122593,698479922126170
"HIP_RUNTIME_API_EXT","hipGetLastError",4160312,4160312,1125,698479922127773,698479922127803
"HIP_RUNTIME_API_EXT","hipSetDevice",4160312,4160312,1126,698479922128193,698479922128233
"HIP_COMPILER_API_EXT","__hipPushCallConfiguration",4160312,4160312,1127,698479922128624,698479922128664
"HIP_COMPILER_API_EXT","__hipPopCallConfiguration",4160312,4160312,1128,698479922129055,698479922129095
"HIP_RUNTIME_API_EXT","hipLaunchKernel",4160312,4160312,1129,698479922129666,698479922134766
"HIP_RUNTIME_API_EXT","hipGetLastError",4160312,4160312,1130,698479922135327,698479922135357
"HIP_COMPILER_API_EXT","__hipPushCallConfiguration",4160312,4160312,1131,698479922135778,698479922135818
"HIP_COMPILER_API_EXT","__hipPopCallConfiguration",4160312,4160312,1132,698479922136208,698479922136249
"HIP_RUNTIME_API_EXT","hipLaunchKernel",4160312,4160312,1133,698479922136719,698479922140436
"HIP_RUNTIME_API_EXT","hipGetLastError",4160312,4160312,1134,698479922140927,698479922140957
"HIP_COMPILER_API_EXT","__hipPushCallConfiguration",4160312,4160312,1135,698479922141328,698479922141368
"HIP_COMPILER_API_EXT","__hipPopCallConfiguration",4160312,4160312,1136,698479922142039,698479922142079
"HIP_RUNTIME_API_EXT","hipLaunchKernel",4160312,4160312,1137,698479922142761,698479922145716
"HIP_RUNTIME_API_EXT","hipGetLastError",4160312,4160312,1138,698479922146127,698479922146157
"HIP_RUNTIME_API_EXT","hipSetDevice",4160312,4160312,1139,698479922146628,698479922146668
"HIP_COMPILER_API_EXT","__hipPushCallConfiguration",4160312,4160312,1140,698479922147169,698479922147219
"HIP_COMPILER_API_EXT","__hipPopCallConfiguration",4160312,4160312,1141,698479922147550,698479922147590
"HIP_RUNTIME_API_EXT","hipLaunchKernel",4160312,4160312,1142,698479922148091,698479922151948
"HIP_RUNTIME_API_EXT","hipGetLastError",4160312,4160312,1143,698479922152509,698479922152539
"HIP_COMPILER_API_EXT","__hipPushCallConfiguration",4160312,4160312,1144,698479922152960,698479922153000
"HIP_COMPILER_API_EXT","__hipPopCallConfiguration",4160312,4160312,1145,698479922153341,698479922153391
"HIP_RUNTIME_API_EXT","hipLaunchKernel",4160312,4160312,1146,698479922155765,698479922158991
"HIP_RUNTIME_API_EXT","hipGetLastError",4160312,4160312,1147,698479922159803,698479922159843
"HIP_COMPILER_API_EXT","__hipPushCallConfiguration",4160312,4160312,1148,698479922160224,698479922160274
"HIP_COMPILER_API_EXT","__hipPopCallConfiguration",4160312,4160312,1149,698479922160604,698479922160654
"HIP_RUNTIME_API_EXT","hipLaunchKernel",4160312,4160312,1150,698479922161115,698479922164892
"HIP_RUNTIME_API_EXT","hipGetLastError",4160312,4160312,1151,698479922165844,698479922165874
"HIP_RUNTIME_API_EXT","hipSetDevice",4160312,4160312,1152,698479922166485,698479922166525
"HIP_COMPILER_API_EXT","__hipPushCallConfiguration",4160312,4160312,1153,698479922167387,698479922167427
"HIP_COMPILER_API_EXT","__hipPopCallConfiguration",4160312,4160312,1154,698479922167878,698479922167918
"HIP_RUNTIME_API_EXT","hipLaunchKernel",4160312,4160312,1155,698479922168509,698479922172597
"HIP_RUNTIME_API_EXT","hipGetLastError",4160312,4160312,1156,698479922173208,698479922173238
"HIP_COMPILER_API_EXT","__hipPushCallConfiguration",4160312,4160312,1157,698479922173619,698479922173659
"HIP_COMPILER_API_EXT","__hipPopCallConfiguration",4160312,4160312,1158,698479922174010,698479922174050
"HIP_RUNTIME_API_EXT","hipLaunchKernel",4160312,4160312,1159,698479922174631,698479922183768
"HIP_RUNTIME_API_EXT","hipGetLastError",4160312,4160312,1160,698479922185100,698479922185140
"HIP_COMPILER_API_EXT","__hipPushCallConfiguration",4160312,4160312,1161,698479922185511,698479922185561
"HIP_COMPILER_API_EXT","__hipPopCallConfiguration",4160312,4160312,1162,698479922186202,698479922186253
"HIP_RUNTIME_API_EXT","hipLaunchKernel",4160312,4160312,1163,698479922186663,698479922191332
"HIP_RUNTIME_API_EXT","hipGetLastError",4160312,4160312,1164,698479922191983,698479922192013
"HIP_RUNTIME_API_EXT","hipSetDevice",4160312,4160312,1165,698479922192334,698479922192374
"HIP_COMPILER_API_EXT","__hipPushCallConfiguration",4160312,4160312,1166,698479922192815,698479922192865
"HIP_COMPILER_API_EXT","__hipPopCallConfiguration",4160312,4160312,1167,698479922193386,698479922193436
"HIP_RUNTIME_API_EXT","hipLaunchKernel",4160312,4160312,1168,698479922194328,698479922197804
"HIP_RUNTIME_API_EXT","hipGetLastError",4160312,4160312,1169,698479922198355,698479922198385
"HIP_COMPILER_API_EXT","__hipPushCallConfiguration",4160312,4160312,1170,698479922198876,698479922198926
"HIP_COMPILER_API_EXT","__hipPopCallConfiguration",4160312,4160312,1171,698479922199337,698479922199377
"HIP_RUNTIME_API_EXT","hipLaunchKernel",4160312,4160312,1172,698479922199788,698479922203124
"HIP_RUNTIME_API_EXT","hipGetLastError",4160312,4160312,1173,698479922203475,698479922203505
"HIP_COMPILER_API_EXT","__hipPushCallConfiguration",4160312,4160312,1174,698479922203876,698479922203916
"HIP_COMPILER_API_EXT","__hipPopCallConfiguration",4160312,4160312,1175,698479922204667,698479922204717
"HIP_RUNTIME_API_EXT","hipLaunchKernel",4160312,4160312,1176,698479922205108,698479922207763
"HIP_RUNTIME_API_EXT","hipGetLastError",4160312,4160312,1177,698479922208514,698479922208544
"HIP_RUNTIME_API_EXT","hipSetDevice",4160312,4160312,1178,698479922208915,698479922208965
"HIP_COMPILER_API_EXT","__hipPushCallConfiguration",4160312,4160312,1179,698479922209346,698479922209396
"HIP_COMPILER_API_EXT","__hipPopCallConfiguration",4160312,4160312,1180,698479922209727,698479922209767
"HIP_RUNTIME_API_EXT","hipLaunchKernel",4160312,4160312,1181,698479922210408,698479922214115
"HIP_RUNTIME_API_EXT","hipGetLastError",4160312,4160312,1182,698479922214566,698479922214596
"HIP_COMPILER_API_EXT","__hipPushCallConfiguration",4160312,4160312,1183,698479922215047,698479922215087
"HIP_COMPILER_API_EXT","__hipPopCallConfiguration",4160312,4160312,1184,698479922215477,698479922215518
"HIP_RUNTIME_API_EXT","hipLaunchKernel",4160312,4160312,1185,698479922216309,698479922220236
"HIP_RUNTIME_API_EXT","hipGetLastError",4160312,4160312,1186,698479922221108,698479922221138
"HIP_RUNTIME_API_EXT","hipSetDevice",4160312,4160312,1187,698479922221819,698479922221859
"HIP_COMPILER_API_EXT","__hipPushCallConfiguration",4160312,4160312,1188,698479922222270,698479922222320
"HIP_COMPILER_API_EXT","__hipPopCallConfiguration",4160312,4160312,1189,698479922222811,698479922222851
"HIP_RUNTIME_API_EXT","hipLaunchKernel",4160312,4160312,1190,698479922223362,698479922227610
"HIP_RUNTIME_API_EXT","hipGetLastError",4160312,4160312,1191,698479922228181,698479922228211
"HIP_RUNTIME_API_EXT","hipDeviceSynchronize",4160312,4160312,1192,698479922228813,698479922294777
"HIP_RUNTIME_API_EXT","hipSetDevice",4160312,4160312,1193,698479922297502,698479922297552
"HIP_COMPILER_API_EXT","__hipPushCallConfiguration",4160312,4160312,1194,698479922298033,698479922298073
"HIP_COMPILER_API_EXT","__hipPopCallConfiguration",4160312,4160312,1195,698479922298504,698479922298544
"HIP_RUNTIME_API_EXT","hipLaunchKernel",4160312,4160312,1196,698479922300177,698479922305437
"HIP_RUNTIME_API_EXT","hipGetLastError",4160312,4160312,1197,698479922307310,698479922307340
"HIP_RUNTIME_API_EXT","hipDeviceSynchronize",4160312,4160312,1198,698479922307881,698479922398902
"HIP_COMPILER_API_EXT","__hipPushCallConfiguration",4160312,4160312,1199,698479922403210,698479922403250
"HIP_COMPILER_API_EXT","__hipPopCallConfiguration",4160312,4160312,1200,698479922403621,698479922403661
"HIP_RUNTIME_API_EXT","hipLaunchKernel",4160312,4160312,1201,698479922404463,698479922410294
"HIP_RUNTIME_API_EXT","hipGetLastError",4160312,4160312,1202,698479922411225,698479922411256
"HIP_COMPILER_API_EXT","__hipPushCallConfiguration",4160312,4160312,1203,698479922411576,698479922411626
"HIP_COMPILER_API_EXT","__hipPopCallConfiguration",4160312,4160312,1204,698479922411987,698479922412037
"HIP_RUNTIME_API_EXT","hipLaunchKernel",4160312,4160312,1205,698479922413209,698479922416265
"HIP_RUNTIME_API_EXT","hipGetLastError",4160312,4160312,1206,698479922416686,698479922416716
"HIP_COMPILER_API_EXT","__hipPushCallConfiguration",4160312,4160312,1207,698479922417036,698479922417076
"HIP_COMPILER_API_EXT","__hipPopCallConfiguration",4160312,4160312,1208,698479922417567,698479922417617
"HIP_RUNTIME_API_EXT","hipLaunchKernel",4160312,4160312,1209,698479922418219,698479922421114
"HIP_RUNTIME_API_EXT","hipGetLastError",4160312,4160312,1210,698479922421465,698479922421495
"HIP_RUNTIME_API_EXT","hipMemcpy",4160312,4160312,1211,698479922421886,698479922446913
"HIP_RUNTIME_API_EXT","hipMemcpy",4160312,4160312,1212,698479922448025,698479922471569
"HIP_RUNTIME_API_EXT","hipSetDevice",4160312,4160312,1213,698479922474785,698479922474825
"HIP_RUNTIME_API_EXT","hipMemset",4160312,4160312,1214,698479922475576,698479922479043
"HIP_RUNTIME_API_EXT","hipMemcpy",4160312,4160312,1215,698479922479364,698479922511183
"HIP_RUNTIME_API_EXT","hipMemcpy",4160312,4160312,1216,698479922511724,698479922536591
"HIP_COMPILER_API_EXT","__hipPushCallConfiguration",4160312,4160312,1217,698479922537833,698479922537874
"HIP_COMPILER_API_EXT","__hipPopCallConfiguration",4160312,4160312,1218,698479922538364,698479922538415
"HIP_RUNTIME_API_EXT","hipLaunchKernel",4160312,4160312,1219,698479922539016,698479922543364
"HIP_RUNTIME_API_EXT","hipGetLastError",4160312,4160312,1220,698479922543775,698479922543805
"HIP_RUNTIME_API_EXT","hipSetDevice",4160312,4160312,1221,698479922544115,698479922544155
"HIP_COMPILER_API_EXT","__hipPushCallConfiguration",4160312,4160312,1222,698479922544476,698479922544516
"HIP_COMPILER_API_EXT","__hipPopCallConfiguration",4160312,4160312,1223,698479922544997,698479922545047
"HIP_RUNTIME_API_EXT","hipLaunchKernel",4160312,4160312,1224,698479922545889,698479922549055
"HIP_RUNTIME_API_EXT","hipGetLastError",4160312,4160312,1225,698479922549556,698479922549586
"HIP_COMPILER_API_EXT","__hipPushCallConfiguration",4160312,4160312,1226,698479922549966,698479922550016
"HIP_COMPILER_API_EXT","__hipPopCallConfiguration",4160312,4160312,1227,698479922550407,698479922550457
"HIP_RUNTIME_API_EXT","hipLaunchKernel",4160312,4160312,1228,698479922550928,698479922554064
"HIP_RUNTIME_API_EXT","hipGetLastError",4160312,4160312,1229,698479922554615,698479922554645
"HIP_COMPILER_API_EXT","__hipPushCallConfiguration",4160312,4160312,1230,698479922554966,698479922555006
"HIP_COMPILER_API_EXT","__hipPopCallConfiguration",4160312,4160312,1231,698479922555447,698479922555487
"HIP_RUNTIME_API_EXT","hipLaunchKernel",4160312,4160312,1232,698479922555958,698479922559023
"HIP_RUNTIME_API_EXT","hipGetLastError",4160312,4160312,1233,698479922559404,698479922559434
"HIP_RUNTIME_API_EXT","hipSetDevice",4160312,4160312,1234,698479922559805,698479922559845
"HIP_COMPILER_API_EXT","__hipPushCallConfiguration",4160312,4160312,1235,698479922560706,698479922560757
"HIP_COMPILER_API_EXT","__hipPopCallConfiguration",4160312,4160312,1236,698479922561187,698479922561227
"HIP_RUNTIME_API_EXT","hipLaunchKernel",4160312,4160312,1237,698479922561889,698479922565686
"HIP_RUNTIME_API_EXT","hipGetLastError",4160312,4160312,1238,698479922566397,698479922566427
"HIP_COMPILER_API_EXT","__hipPushCallConfiguration",4160312,4160312,1239,698479922566898,698479922566948
"HIP_COMPILER_API_EXT","__hipPopCallConfiguration",4160312,4160312,1240,698479922567429,698479922567479
"HIP_RUNTIME_API_EXT","hipLaunchKernel",4160312,4160312,1241,698479922567920,698479922570585
"HIP_RUNTIME_API_EXT","hipGetLastError",4160312,4160312,1242,698479922571036,698479922571066
"HIP_COMPILER_API_EXT","__hipPushCallConfiguration",4160312,4160312,1243,698479922571457,698479922571497
"HIP_COMPILER_API_EXT","__hipPopCallConfiguration",4160312,4160312,1244,698479922571877,698479922571928
"HIP_RUNTIME_API_EXT","hipLaunchKernel",4160312,4160312,1245,698479922572408,698479922575434
"HIP_RUNTIME_API_EXT","hipGetLastError",4160312,4160312,1246,698479922575905,698479922575935
"HIP_RUNTIME_API_EXT","hipSetDevice",4160312,4160312,1247,698479922576326,698479922576376
"HIP_COMPILER_API_EXT","__hipPushCallConfiguration",4160312,4160312,1248,698479922577147,698479922577187
"HIP_COMPILER_API_EXT","__hipPopCallConfiguration",4160312,4160312,1249,698479922577668,698479922577718
"HIP_RUNTIME_API_EXT","hipLaunchKernel",4160312,4160312,1250,698479922578410,698479922582177
"HIP_RUNTIME_API_EXT","hipGetLastError",4160312,4160312,1251,698479922583199,698479922583229
"HIP_COMPILER_API_EXT","__hipPushCallConfiguration",4160312,4160312,1252,698479922583610,698479922583650
"HIP_COMPILER_API_EXT","__hipPopCallConfiguration",4160312,4160312,1253,698479922583980,698479922584020
"HIP_RUNTIME_API_EXT","hipLaunchKernel",4160312,4160312,1254,698479922584692,698479922588659
"HIP_RUNTIME_API_EXT","hipGetLastError",4160312,4160312,1255,698479922589040,698479922589070
"HIP_COMPILER_API_EXT","__hipPushCallConfiguration",4160312,4160312,1256,698479922589451,698479922589491
"HIP_COMPILER_API_EXT","__hipPopCallConfiguration",4160312,4160312,1257,698479922589931,698479922589982
"HIP_RUNTIME_API_EXT","hipLaunchKernel",4160312,4160312,1258,698479922590422,698479922594049
"HIP_RUNTIME_API_EXT","hipGetLastError",4160312,4160312,1259,698479922594470,698479922594610
"HIP_RUNTIME_API_EXT","hipSetDevice",4160312,4160312,1260,698479922594991,698479922595031
"HIP_COMPILER_API_EXT","__hipPushCallConfiguration",4160312,4160312,1261,698479922595332,698479922595372
"HIP_COMPILER_API_EXT","__hipPopCallConfiguration",4160312,4160312,1262,698479922595702,698479922595742
"HIP_RUNTIME_API_EXT","hipLaunchKernel",4160312,4160312,1263,698479922596584,698479922599139
"HIP_RUNTIME_API_EXT","hipGetLastError",4160312,4160312,1264,698479922599469,698479922599499
"HIP_COMPILER_API_EXT","__hipPushCallConfiguration",4160312,4160312,1265,698479922600060,698479922600111
"HIP_COMPILER_API_EXT","__hipPopCallConfiguration",4160312,4160312,1266,698479922600501,698479922600551
"HIP_RUNTIME_API_EXT","hipLaunchKernel",4160312,4160312,1267,698479922601022,698479922604349
"HIP_RUNTIME_API_EXT","hipGetLastError",4160312,4160312,1268,698479922605090,698479922605120
"HIP_COMPILER_API_EXT","__hipPushCallConfiguration",4160312,4160312,1269,698479922605511,698479922605551
"HIP_COMPILER_API_EXT","__hipPopCallConfiguration",4160312,4160312,1270,698479922605962,698479922606012
"HIP_RUNTIME_API_EXT","hipLaunchKernel",4160312,4160312,1271,698479922606653,698479922610119
"HIP_RUNTIME_API_EXT","hipGetLastError",4160312,4160312,1272,698479922610560,698479922610590
"HIP_RUNTIME_API_EXT","hipSetDevice",4160312,4160312,1273,698479922610961,698479922611001
"HIP_COMPILER_API_EXT","__hipPushCallConfiguration",4160312,4160312,1274,698479922611452,698479922611502
"HIP_COMPILER_API_EXT","__hipPopCallConfiguration",4160312,4160312,1275,698479922611893,698479922611933
"HIP_RUNTIME_API_EXT","hipLaunchKernel",4160312,4160312,1276,698479922612604,698479922616782
"HIP_RUNTIME_API_EXT","hipGetLastError",4160312,4160312,1277,698479922617253,698479922617283
"HIP_COMPILER_API_EXT","__hipPushCallConfiguration",4160312,4160312,1278,698479922617954,698479922617994
"HIP_COMPILER_API_EXT","__hipPopCallConfiguration",4160312,4160312,1279,698479922618405,698479922618445
"HIP_RUNTIME_API_EXT","hipLaunchKernel",4160312,4160312,1280,698479922618906,698479922622362
"HIP_RUNTIME_API_EXT","hipGetLastError",4160312,4160312,1281,698479922623014,698479922623044
"HIP_COMPILER_API_EXT","__hipPushCallConfiguration",4160312,4160312,1282,698479922623394,698479922623444
"HIP_COMPILER_API_EXT","__hipPopCallConfiguration",4160312,4160312,1283,698479922623845,698479922623895
"HIP_RUNTIME_API_EXT","hipLaunchKernel",4160312,4160312,1284,698479922624416,698479922626961
"HIP_RUNTIME_API_EXT","hipGetLastError",4160312,4160312,1285,698479922627292,698479922627322
"HIP_RUNTIME_API_EXT","hipSetDevice",4160312,4160312,1286,698479922627793,698479922627833
"HIP_COMPILER_API_EXT","__hipPushCallConfiguration",4160312,4160312,1287,698479922628203,698479922628243
"HIP_COMPILER_API_EXT","__hipPopCallConfiguration",4160312,4160312,1288,698479922628634,698479922628684
"HIP_RUNTIME_API_EXT","hipLaunchKernel",4160312,4160312,1289,698479922629325,698479922639465
"HIP_RUNTIME_API_EXT","hipGetLastError",4160312,4160312,1290,698479922640006,698479922640036
"HIP_COMPILER_API_EXT","__hipPushCallConfiguration",4160312,4160312,1291,698479922640527,698479922640577
"HIP_COMPILER_API_EXT","__hipPopCallConfiguration",4160312,4160312,1292,698479922641007,698479922641048
"HIP_RUNTIME_API_EXT","hipLaunchKernel",4160312,4160312,1293,698479922641829,698479922645776
"HIP_RUNTIME_API_EXT","hipGetLastError",4160312,4160312,1294,698479922646297,698479922646327
"HIP_COMPILER_API_EXT","__hipPushCallConfiguration",4160312,4160312,1295,698479922646768,698479922646818
"HIP_COMPILER_API_EXT","__hipPopCallConfiguration",4160312,4160312,1296,698479922647219,698479922647259
"HIP_RUNTIME_API_EXT","hipLaunchKernel",4160312,4160312,1297,698479922647720,698479922650014
"HIP_RUNTIME_API_EXT","hipGetLastError",4160312,4160312,1298,698479922651026,698479922651056
"HIP_RUNTIME_API_EXT","hipSetDevice",4160312,4160312,1299,698479922651377,698479922651417
"HIP_COMPILER_API_EXT","__hipPushCallConfiguration",4160312,4160312,1300,698479922651728,698479922651778
"HIP_COMPILER_API_EXT","__hipPopCallConfiguration",4160312,4160312,1301,698479922652168,698479922652209
"HIP_RUNTIME_API_EXT","hipLaunchKernel",4160312,4160312,1302,698479922652679,698479922656316
"HIP_RUNTIME_API_EXT","hipGetLastError",4160312,4160312,1303,698479922656707,698479922656737
"HIP_COMPILER_API_EXT","__hipPushCallConfiguration",4160312,4160312,1304,698479922657428,698479922657478
"HIP_COMPILER_API_EXT","__hipPopCallConfiguration",4160312,4160312,1305,698479922657789,698479922657829
"HIP_RUNTIME_API_EXT","hipLaunchKernel",4160312,4160312,1306,698479922658290,698479922666075
"HIP_RUNTIME_API_EXT","hipGetLastError",4160312,4160312,1307,698479922666686,698479922666716
"HIP_COMPILER_API_EXT","__hipPushCallConfiguration",4160312,4160312,1308,698479922667487,698479922667527
"HIP_COMPILER_API_EXT","__hipPopCallConfiguration",4160312,4160312,1309,698479922667918,698479922667968
"HIP_RUNTIME_API_EXT","hipLaunchKernel",4160312,4160312,1310,698479922668529,698479922676855
"HIP_RUNTIME_API_EXT","hipGetLastError",4160312,4160312,1311,698479922677556,698479922677586
"HIP_RUNTIME_API_EXT","hipSetDevice",4160312,4160312,1312,698479922677957,698479922678007
"HIP_COMPILER_API_EXT","__hipPushCallConfiguration",4160312,4160312,1313,698479922678388,698479922678428
"HIP_COMPILER_API_EXT","__hipPopCallConfiguration",4160312,4160312,1314,698479922678758,698479922678809
"HIP_RUNTIME_API_EXT","hipLaunchKernel",4160312,4160312,1315,698479922679470,698479922683277
"HIP_RUNTIME_API_EXT","hipGetLastError",4160312,4160312,1316,698479922683678,698479922683708
"HIP_COMPILER_API_EXT","__hipPushCallConfiguration",4160312,4160312,1317,698479922684149,698479922684189
"HIP_COMPILER_API_EXT","__hipPopCallConfiguration",4160312,4160312,1318,698479922684579,698479922684629
"HIP_RUNTIME_API_EXT","hipLaunchKernel",4160312,4160312,1319,698479922685090,698479922688897
"HIP_RUNTIME_API_EXT","hipGetLastError",4160312,4160312,1320,698479922689639,698479922689669
"HIP_COMPILER_API_EXT","__hipPushCallConfiguration",4160312,4160312,1321,698479922690010,698479922690050
"HIP_COMPILER_API_EXT","__hipPopCallConfiguration",4160312,4160312,1322,698479922690611,698479922690661
"HIP_RUNTIME_API_EXT","hipLaunchKernel",4160312,4160312,1323,698479922695129,698479922700810
"HIP_RUNTIME_API_EXT","hipGetLastError",4160312,4160312,1324,698479922702122,698479922702152
"HIP_RUNTIME_API_EXT","hipSetDevice",4160312,4160312,1325,698479922702814,698479922702854
"HIP_COMPILER_API_EXT","__hipPushCallConfiguration",4160312,4160312,1326,698479922703385,698479922703425
"HIP_COMPILER_API_EXT","__hipPopCallConfiguration",4160312,4160312,1327,698479922703936,698479922703986
"HIP_RUNTIME_API_EXT","hipLaunchKernel",4160312,4160312,1328,698479922705599,698479922709767
"HIP_RUNTIME_API_EXT","hipGetLastError",4160312,4160312,1329,698479922710448,698479922710478
"HIP_COMPILER_API_EXT","__hipPushCallConfiguration",4160312,4160312,1330,698479922710859,698479922710899
"HIP_COMPILER_API_EXT","__hipPopCallConfiguration",4160312,4160312,1331,698479922711270,698479922711310
"HIP_RUNTIME_API_EXT","hipLaunchKernel",4160312,4160312,1332,698479922711961,698479922714786
"HIP_RUNTIME_API_EXT","hipGetLastError",4160312,4160312,1333,698479922715157,698479922715187
"HIP_RUNTIME_API_EXT","hipSetDevice",4160312,4160312,1334,698479922715588,698479922715628
"HIP_COMPILER_API_EXT","__hipPushCallConfiguration",4160312,4160312,1335,698479922719044,698479922719084
"HIP_COMPILER_API_EXT","__hipPopCallConfiguration",4160312,4160312,1336,698479922719525,698479922719565
"HIP_RUNTIME_API_EXT","hipLaunchKernel",4160312,4160312,1337,698479922720146,698479922726498
"HIP_RUNTIME_API_EXT","hipGetLastError",4160312,4160312,1338,698479922727460,698479922727490
"HIP_RUNTIME_API_EXT","hipDeviceSynchronize",4160312,4160312,1339,698479922728171,698479922777905
"HIP_RUNTIME_API_EXT","hipSetDevice",4160312,4160312,1340,698479922779929,698479922779969
"HIP_COMPILER_API_EXT","__hipPushCallConfiguration",4160312,4160312,1341,698479922780389,698479922780430
"HIP_COMPILER_API_EXT","__hipPopCallConfiguration",4160312,4160312,1342,698479922780840,698479922780880
"HIP_RUNTIME_API_EXT","hipLaunchKernel",4160312,4160312,1343,698479922781892,698479922789026
"HIP_RUNTIME_API_EXT","hipGetLastError",4160312,4160312,1344,698479922791230,698479922791260
"HIP_RUNTIME_API_EXT","hipDeviceSynchronize",4160312,4160312,1345,698479922791831,698479922882021
"HIP_COMPILER_API_EXT","__hipPushCallConfiguration",4160312,4160312,1346,698479922885758,698479922885808
"HIP_COMPILER_API_EXT","__hipPopCallConfiguration",4160312,4160312,1347,698479922886168,698479922886208
"HIP_RUNTIME_API_EXT","hipLaunchKernel",4160312,4160312,1348,698479922886709,698479922891929
"HIP_RUNTIME_API_EXT","hipGetLastError",4160312,4160312,1349,698479922892420,698479922892450
"HIP_COMPILER_API_EXT","__hipPushCallConfiguration",4160312,4160312,1350,698479922892771,698479922892811
"HIP_COMPILER_API_EXT","__hipPopCallConfiguration",4160312,4160312,1351,698479922893302,698479922893342
"HIP_RUNTIME_API_EXT","hipLaunchKernel",4160312,4160312,1352,698479922893803,698479922896748
"HIP_RUNTIME_API_EXT","hipGetLastError",4160312,4160312,1353,698479922897159,698479922897189
"HIP_COMPILER_API_EXT","__hipPushCallConfiguration",4160312,4160312,1354,698479922897510,698479922897560
"HIP_COMPILER_API_EXT","__hipPopCallConfiguration",4160312,4160312,1355,698479922898031,698479922898071
"HIP_RUNTIME_API_EXT","hipLaunchKernel",4160312,4160312,1356,698479922898672,698479922902148
"HIP_RUNTIME_API_EXT","hipGetLastError",4160312,4160312,1357,698479922902669,698479922902699
"HIP_RUNTIME_API_EXT","hipMemcpy",4160312,4160312,1358,698479922903010,698479922928388
"HIP_RUNTIME_API_EXT","hipMemcpy",4160312,4160312,1359,698479922929209,698479922954166
"HIP_RUNTIME_API_EXT","hipSetDevice",4160312,4160312,1360,698479922957072,698479922957122
"HIP_RUNTIME_API_EXT","hipMemset",4160312,4160312,1361,698479922957943,698479922961520
"HIP_RUNTIME_API_EXT","hipMemcpy",4160312,4160312,1362,698479922961841,698479922994342
"HIP_RUNTIME_API_EXT","hipMemcpy",4160312,4160312,1363,698479922994863,698479923020681
"HIP_COMPILER_API_EXT","__hipPushCallConfiguration",4160312,4160312,1364,698479923021773,698479923021823
"HIP_COMPILER_API_EXT","__hipPopCallConfiguration",4160312,4160312,1365,698479923022164,698479923022214
"HIP_RUNTIME_API_EXT","hipLaunchKernel",4160312,4160312,1366,698479923023046,698479923026683
"HIP_RUNTIME_API_EXT","hipGetLastError",4160312,4160312,1367,698479923027133,698479923027163
"HIP_RUNTIME_API_EXT","hipSetDevice",4160312,4160312,1368,698479923027674,698479923027714
"HIP_COMPILER_API_EXT","__hipPushCallConfiguration",4160312,4160312,1369,698479923028085,698479923028135
"HIP_COMPILER_API_EXT","__hipPopCallConfiguration",4160312,4160312,1370,698479923028536,698479923028586
"HIP_RUNTIME_API_EXT","hipLaunchKernel",4160312,4160312,1371,698479923029337,698479923032383
"HIP_RUNTIME_API_EXT","hipGetLastError",4160312,4160312,1372,698479923033195,698479923033225
"HIP_COMPILER_API_EXT","__hipPushCallConfiguration",4160312,4160312,1373,698479923033686,698479923033726
"HIP_COMPILER_API_EXT","__hipPopCallConfiguration",4160312,4160312,1374,698479923034056,698479923034096
"HIP_RUNTIME_API_EXT","hipLaunchKernel",4160312,4160312,1375,698479923034637,698479923037733
"HIP_RUNTIME_API_EXT","hipGetLastError",4160312,4160312,1376,698479923038074,698479923038104
"HIP_COMPILER_API_EXT","__hipPushCallConfiguration",4160312,4160312,1377,698479923038475,698479923038525
"HIP_COMPILER_API_EXT","__hipPopCallConfiguration",4160312,4160312,1378,698479923038916,698479923038956
"HIP_RUNTIME_API_EXT","hipLaunchKernel",4160312,4160312,1379,698479923039447,698479923042853
"HIP_RUNTIME_API_EXT","hipGetLastError",4160312,4160312,1380,698479923043294,698479923043314
"HIP_RUNTIME_API_EXT","hipSetDevice",4160312,4160312,1381,698479923043694,698479923043735
"HIP_COMPILER_API_EXT","__hipPushCallConfiguration",4160312,4160312,1382,698479923044165,698479923044215
"HIP_COMPILER_API_EXT","__hipPopCallConfiguration",4160312,4160312,1383,698479923044837,698479923044887
"HIP_RUNTIME_API_EXT","hipLaunchKernel",4160312,4160312,1384,698479923045628,698479923050046
"HIP_RUNTIME_API_EXT","hipGetLastError",4160312,4160312,1385,698479923050487,698479923050517
"HIP_COMPILER_API_EXT","__hipPushCallConfiguration",4160312,4160312,1386,698479923051319,698479923051359
"HIP_COMPILER_API_EXT","__hipPopCallConfiguration",4160312,4160312,1387,698479923051690,698479923051730
"HIP_RUNTIME_API_EXT","hipLaunchKernel",4160312,4160312,1388,698479923052411,698479923055667
"HIP_RUNTIME_API_EXT","hipGetLastError",4160312,4160312,1389,698479923056178,698479923056208
"HIP_COMPILER_API_EXT","__hipPushCallConfiguration",4160312,4160312,1390,698479923056599,698479923056639
"HIP_COMPILER_API_EXT","__hipPopCallConfiguration",4160312,4160312,1391,698479923057050,698479923057100
"HIP_RUNTIME_API_EXT","hipLaunchKernel",4160312,4160312,1392,698479923057581,698479923061037
"HIP_RUNTIME_API_EXT","hipGetLastError",4160312,4160312,1393,698479923061839,698479923061869
"HIP_RUNTIME_API_EXT","hipSetDevice",4160312,4160312,1394,698479923062810,698479923062851
"HIP_COMPILER_API_EXT","__hipPushCallConfiguration",4160312,4160312,1395,698479923063271,698479923063311
"HIP_COMPILER_API_EXT","__hipPopCallConfiguration",4160312,4160312,1396,698479923063662,698479923063712
"HIP_RUNTIME_API_EXT","hipLaunchKernel",4160312,4160312,1397,698479923064423,698479923067660
"HIP_RUNTIME_API_EXT","hipGetLastError",4160312,4160312,1398,698479923068070,698479923068100
"HIP_COMPILER_API_EXT","__hipPushCallConfiguration",4160312,4160312,1399,698479923068681,698479923068722
"HIP_COMPILER_API_EXT","__hipPopCallConfiguration",4160312,4160312,1400,698479923069122,698479923069162
"HIP_RUNTIME_API_EXT","hipLaunchKernel",4160312,4160312,1401,698479923072248,698479923075725
"HIP_RUNTIME_API_EXT","hipGetLastError",4160312,4160312,1402,698479923139515,698479923139545
"HIP_COMPILER_API_EXT","__hipPushCallConfiguration",4160312,4160312,1403,698479923140396,698479923140436
"HIP_COMPILER_API_EXT","__hipPopCallConfiguration",4160312,4160312,1404,698479923140867,698479923140907
"HIP_RUNTIME_API_EXT","hipLaunchKernel",4160312,4160312,1405,698479923142400,698479923146368
"HIP_RUNTIME_API_EXT","hipGetLastError",4160312,4160312,1406,698479923146768,698479923146798
"HIP_RUNTIME_API_EXT","hipSetDevice",4160312,4160312,1407,698479923147159,698479923147199
"HIP_COMPILER_API_EXT","__hipPushCallConfiguration",4160312,4160312,1408,698479923147560,698479923147610
"HIP_COMPILER_API_EXT","__hipPopCallConfiguration",4160312,4160312,1409,698479923148532,698479923148572
"HIP_RUNTIME_API_EXT","hipLaunchKernel",4160312,4160312,1410,698479923149213,698479923152078
"HIP_RUNTIME_API_EXT","hipGetLastError",4160312,4160312,1411,698479923152409,698479923152439
"HIP_COMPILER_API_EXT","__hipPushCallConfiguration",4160312,4160312,1412,698479923153050,698479923153090
"HIP_COMPILER_API_EXT","__hipPopCallConfiguration",4160312,4160312,1413,698479923153431,698479923153471
"HIP_RUNTIME_API_EXT","hipLaunchKernel",4160312,4160312,1414,698479923154012,698479923157398
"HIP_RUNTIME_API_EXT","hipGetLastError",4160312,4160312,1415,698479923157729,698479923157759
"HIP_COMPILER_API_EXT","__hipPushCallConfiguration",4160312,4160312,1416,698479923158160,698479923158200
"HIP_COMPILER_API_EXT","__hipPopCallConfiguration",4160312,4160312,1417,698479923158631,698479923158671
"HIP_RUNTIME_API_EXT","hipLaunchKernel",4160312,4160312,1418,698479923159051,698479923162348
"HIP_RUNTIME_API_EXT","hipGetLastError",4160312,4160312,1419,698479923162758,698479923162788
"HIP_RUNTIME_API_EXT","hipSetDevice",4160312,4160312,1420,698479923163099,698479923163139
"HIP_COMPILER_API_EXT","__hipPushCallConfiguration",4160312,4160312,1421,698479923163440,698479923163490
"HIP_COMPILER_API_EXT","__hipPopCallConfiguration",4160312,4160312,1422,698479923164041,698479923164081
"HIP_RUNTIME_API_EXT","hipLaunchKernel",4160312,4160312,1423,698479923164452,698479923166966
"HIP_RUNTIME_API_EXT","hipGetLastError",4160312,4160312,1424,698479923167377,698479923167407
"HIP_COMPILER_API_EXT","__hipPushCallConfiguration",4160312,4160312,1425,698479923167798,698479923167838
"HIP_COMPILER_API_EXT","__hipPopCallConfiguration",4160312,4160312,1426,698479923168189,698479923168229
"HIP_RUNTIME_API_EXT","hipLaunchKernel",4160312,4160312,1427,698479923168619,698479923171144
"HIP_RUNTIME_API_EXT","hipGetLastError",4160312,4160312,1428,698479923171515,698479923171545
"HIP_COMPILER_API_EXT","__hipPushCallConfiguration",4160312,4160312,1429,698479923171886,698479923171936
"HIP_COMPILER_API_EXT","__hipPopCallConfiguration",4160312,4160312,1430,698479923172386,698479923172437
"HIP_RUNTIME_API_EXT","hipLaunchKernel",4160312,4160312,1431,698479923172867,698479923175092
"HIP_RUNTIME_API_EXT","hipGetLastError",4160312,4160312,1432,698479923175472,698479923175502
"HIP_RUNTIME_API_EXT","hipSetDevice",4160312,4160312,1433,698479923175813,698479923175853
"HIP_COMPILER_API_EXT","__hipPushCallConfiguration",4160312,4160312,1434,698479923176284,698479923176324
"HIP_COMPILER_API_EXT","__hipPopCallConfiguration",4160312,4160312,1435,698479923176654,698479923176695
"HIP_RUNTIME_API_EXT","hipLaunchKernel",4160312,4160312,1436,698479923177075,698479923179119
"HIP_RUNTIME_API_EXT","hipGetLastError",4160312,4160312,1437,698479923179570,698479923179600
"HIP_COMPILER_API_EXT","__hipPushCallConfiguration",4160312,4160312,1438,698479923179981,698479923180021
"HIP_COMPILER_API_EXT","__hipPopCallConfiguration",4160312,4160312,1439,698479923180351,698479923180402
"HIP_RUNTIME_API_EXT","hipLaunchKernel",4160312,4160312,1440,698479923180782,698479923183077
"HIP_RUNTIME_API_EXT","hipGetLastError",4160312,4160312,1441,698479923183457,698479923183487
"HIP_COMPILER_API_EXT","__hipPushCallConfiguration",4160312,4160312,1442,698479923183868,698479923183918
"HIP_COMPILER_API_EXT","__hipPopCallConfiguration",4160312,4160312,1443,698479923184249,698479923184289
"HIP_RUNTIME_API_EXT","hipLaunchKernel",4160312,4160312,1444,698479923184680,698479923187675
"HIP_RUNTIME_API_EXT","hipGetLastError",4160312,4160312,1445,698479923188046,698479923188076
"HIP_RUNTIME_API_EXT","hipSetDevice",4160312,4160312,1446,698479923188377,698479923188417
"HIP_COMPILER_API_EXT","__hipPushCallConfiguration",4160312,4160312,1447,698479923188777,698479923188817
"HIP_COMPILER_API_EXT","__hipPopCallConfiguration",4160312,4160312,1448,698479923192094,698479923192144
"HIP_RUNTIME_API_EXT","hipLaunchKernel",4160312,4160312,1449,698479923192665,698479923194809
"HIP_RUNTIME_API_EXT","hipGetLastError",4160312,4160312,1450,698479923195350,698479923195380
"HIP_COMPILER_API_EXT","__hipPushCallConfiguration",4160312,4160312,1451,698479923195720,698479923195760
"HIP_COMPILER_API_EXT","__hipPopCallConfiguration",4160312,4160312,1452,698479923196191,698479923196241
"HIP_RUNTIME_API_EXT","hipLaunchKernel",4160312,4160312,1453,698479923196632,698479923198496
"HIP_RUNTIME_API_EXT","hipGetLastError",4160312,4160312,1454,698479923198846,698479923198876
"HIP_COMPILER_API_EXT","__hipPushCallConfiguration",4160312,4160312,1455,698479923199187,698479923199227
"HIP_COMPILER_API_EXT","__hipPopCallConfiguration",4160312,4160312,1456,698479923199568,698479923199608
"HIP_RUNTIME_API_EXT","hipLaunchKernel",4160312,4160312,1457,698479923200109,698479923202854
"HIP_RUNTIME_API_EXT","hipGetLastError",4160312,4160312,1458,698479923203194,698479923203224
"HIP_RUNTIME_API_EXT","hipSetDevice",4160312,4160312,1459,698479923203545,698479923203585
"HIP_COMPILER_API_EXT","__hipPushCallConfiguration",4160312,4160312,1460,698479923203886,698479923203926
"HIP_COMPILER_API_EXT","__hipPopCallConfiguration",4160312,4160312,1461,698479923204266,698479923204316
"HIP_RUNTIME_API_EXT","hipLaunchKernel",4160312,4160312,1462,698479923204757,698479923210498
"HIP_RUNTIME_API_EXT","hipGetLastError",4160312,4160312,1463,698479923210879,698479923210909
"HIP_COMPILER_API_EXT","__hipPushCallConfiguration",4160312,4160312,1464,698479923211219,698479923211270
"HIP_COMPILER_API_EXT","__hipPopCallConfiguration",4160312,4160312,1465,698479923211610,698479923211650
"HIP_RUNTIME_API_EXT","hipLaunchKernel",4160312,4160312,1466,698479923212031,698479923215628
"HIP_RUNTIME_API_EXT","hipGetLastError",4160312,4160312,1467,698479923215968,698479923215998
"HIP_COMPILER_API_EXT","__hipPushCallConfiguration",4160312,4160312,1468,698479923216319,698479923216359
"HIP_COMPILER_API_EXT","__hipPopCallConfiguration",4160312,4160312,1469,698479923216700,698479923216750
"HIP_RUNTIME_API_EXT","hipLaunchKernel",4160312,4160312,1470,698479923217121,698479923219655
"HIP_RUNTIME_API_EXT","hipGetLastError",4160312,4160312,1471,698479923220006,698479923220036
"HIP_RUNTIME_API_EXT","hipSetDevice",4160312,4160312,1472,698479923220357,698479923220397
"HIP_COMPILER_API_EXT","__hipPushCallConfiguration",4160312,4160312,1473,698479923220958,698479923221008
"HIP_COMPILER_API_EXT","__hipPopCallConfiguration",4160312,4160312,1474,698479923221349,698479923221389
"HIP_RUNTIME_API_EXT","hipLaunchKernel",4160312,4160312,1475,698479923221839,698479923277033
"HIP_RUNTIME_API_EXT","hipGetLastError",4160312,4160312,1476,698479923277454,698479923277484
"HIP_COMPILER_API_EXT","__hipPushCallConfiguration",4160312,4160312,1477,698479923277905,698479923277955
"HIP_COMPILER_API_EXT","__hipPopCallConfiguration",4160312,4160312,1478,698479923278286,698479923278326
"HIP_RUNTIME_API_EXT","hipLaunchKernel",4160312,4160312,1479,698479923278766,698479923333099
"HIP_RUNTIME_API_EXT","hipGetLastError",4160312,4160312,1480,698479923333509,698479923333539
"HIP_RUNTIME_API_EXT","hipSetDevice",4160312,4160312,1481,698479923333860,698479923333900
"HIP_COMPILER_API_EXT","__hipPushCallConfiguration",4160312,4160312,1482,698479923334231,698479923334281
"HIP_COMPILER_API_EXT","__hipPopCallConfiguration",4160312,4160312,1483,698479923334622,698479923334662
"HIP_RUNTIME_API_EXT","hipLaunchKernel",4160312,4160312,1484,698479923335032,698479923390046
"HIP_RUNTIME_API_EXT","hipGetLastError",4160312,4160312,1485,698479923390467,698479923390497
"HIP_RUNTIME_API_EXT","hipDeviceSynchronize",4160312,4160312,1486,698479923390807,698479923427536
"HIP_RUNTIME_API_EXT","hipSetDevice",4160312,4160312,1487,698479923427907,698479923427947
"HIP_COMPILER_API_EXT","__hipPushCallConfiguration",4160312,4160312,1488,698479923428258,698479923428298
"HIP_COMPILER_API_EXT","__hipPopCallConfiguration",4160312,4160312,1489,698479923428658,698479923428708
"HIP_RUNTIME_API_EXT","hipLaunchKernel",4160312,4160312,1490,698479923429149,698479923484163
"HIP_RUNTIME_API_EXT","hipGetLastError",4160312,4160312,1491,698479923484644,698479923484674
"HIP_RUNTIME_API_EXT","hipDeviceSynchronize",4160312,4160312,1492,698479923484964,698479923576416
"HIP_COMPILER_API_EXT","__hipPushCallConfiguration",4160312,4160312,1493,698479923576857,698479923576897
"HIP_COMPILER_API_EXT","__hipPopCallConfiguration",4160312,4160312,1494,698479923577448,698479923577488
"HIP_RUNTIME_API_EXT","hipLaunchKernel",4160312,4160312,1495,698479923577869,698479923633624
"HIP_RUNTIME_API_EXT","hipGetLastError",4160312,4160312,1496,698479923634044,698479923634085
"HIP_COMPILER_API_EXT","__hipPushCallConfiguration",4160312,4160312,1497,698479923634405,698479923634445
"HIP_COMPILER_API_EXT","__hipPopCallConfiguration",4160312,4160312,1498,698479923634776,698479923634826
"HIP_RUNTIME_API_EXT","hipLaunchKernel",4160312,4160312,1499,698479923635197,698479923688918
"HIP_RUNTIME_API_EXT","hipGetLastError",4160312,4160312,1500,698479923689379,698479923689409
"HIP_COMPILER_API_EXT","__hipPushCallConfiguration",4160312,4160312,1501,698479923689719,698479923689769
"HIP_COMPILER_API_EXT","__hipPopCallConfiguration",4160312,4160312,1502,698479923690110,698479923690160
"HIP_RUNTIME_API_EXT","hipLaunchKernel",4160312,4160312,1503,698479923690541,698479923750013
"HIP_RUNTIME_API_EXT","hipGetLastError",4160312,4160312,1504,698479923751034,698479923751205
"HIP_RUNTIME_API_EXT","hipMemcpy",4160312,4160312,1505,698479923751575,698479923827769
"HIP_RUNTIME_API_EXT","hipMemcpy",4160312,4160312,1506,698479923828159,698479923912919
"HIP_RUNTIME_API_EXT","hipSetDevice",4160312,4160312,1507,698479923916205,698479923916315
"HIP_RUNTIME_API_EXT","hipMemset",4160312,4160312,1508,698479923920433,698479923925132
"HIP_RUNTIME_API_EXT","hipMemcpy",4160312,4160312,1509,698479923925442,698479923956451
"HIP_RUNTIME_API_EXT","hipMemcpy",4160312,4160312,1510,698479923956962,698479923980366
"HIP_COMPILER_API_EXT","__hipPushCallConfiguration",4160312,4160312,1511,698479923981458,698479923981498
"HIP_COMPILER_API_EXT","__hipPopCallConfiguration",4160312,4160312,1512,698479923982009,698479923982059
"HIP_RUNTIME_API_EXT","hipLaunchKernel",4160312,4160312,1513,698479923983291,698479923987810
"HIP_RUNTIME_API_EXT","hipGetLastError",4160312,4160312,1514,698479923988170,698479923988200
"HIP_RUNTIME_API_EXT","hipSetDevice",4160312,4160312,1515,698479923988641,698479923988681
"HIP_COMPILER_API_EXT","__hipPushCallConfiguration",4160312,4160312,1516,698479923989002,698479923989052
"HIP_COMPILER_API_EXT","__hipPopCallConfiguration",4160312,4160312,1517,698479923989473,698479923989523
"HIP_RUNTIME_API_EXT","hipLaunchKernel",4160312,4160312,1518,698479923990034,698479923994061
"HIP_RUNTIME_API_EXT","hipGetLastError",4160312,4160312,1519,698479923994763,698479923994803
"HIP_COMPILER_API_EXT","__hipPushCallConfiguration",4160312,4160312,1520,698479923995204,698479923995244
"HIP_COMPILER_API_EXT","__hipPopCallConfiguration",4160312,4160312,1521,698479923995594,698479923995634
"HIP_RUNTIME_API_EXT","hipLaunchKernel",4160312,4160312,1522,698479923996015,698479924000163
"HIP_RUNTIME_API_EXT","hipGetLastError",4160312,4160312,1523,698479924000734,698479924000764
"HIP_COMPILER_API_EXT","__hipPushCallConfiguration",4160312,4160312,1524,698479924001155,698479924001195
"HIP_COMPILER_API_EXT","__hipPopCallConfiguration",4160312,4160312,1525,698479924001566,698479924001616
"HIP_RUNTIME_API_EXT","hipLaunchKernel",4160312,4160312,1526,698479924002167,698479924006886
"HIP_RUNTIME_API_EXT","hipGetLastError",4160312,4160312,1527,698479924007807,698479924007937
"HIP_RUNTIME_API_EXT","hipSetDevice",4160312,4160312,1528,698479924008318,698479924008358
"HIP_COMPILER_API_EXT","__hipPushCallConfiguration",4160312,4160312,1529,698479924008869,698479924008919
"HIP_COMPILER_API_EXT","__hipPopCallConfiguration",4160312,4160312,1530,698479924009310,698479924009350
"HIP_RUNTIME_API_EXT","hipLaunchKernel",4160312,4160312,1531,698479924012456,698479924015532
"HIP_RUNTIME_API_EXT","hipGetLastError",4160312,4160312,1532,698479924015943,698479924015973
"HIP_COMPILER_API_EXT","__hipPushCallConfiguration",4160312,4160312,1533,698479924016283,698479924016333
"HIP_COMPILER_API_EXT","__hipPopCallConfiguration",4160312,4160312,1534,698479924016664,698479924016704
"HIP_RUNTIME_API_EXT","hipLaunchKernel",4160312,4160312,1535,698479924017105,698479924020070
"HIP_RUNTIME_API_EXT","hipGetLastError",4160312,4160312,1536,698479924020491,698479924020521
"HIP_COMPILER_API_EXT","__hipPushCallConfiguration",4160312,4160312,1537,698479924021012,698479924021052
"HIP_COMPILER_API_EXT","__hipPopCallConfiguration",4160312,4160312,1538,698479924021653,698479924021693
"HIP_RUNTIME_API_EXT","hipLaunchKernel",4160312,4160312,1539,698479924023326,698479924027374
"HIP_RUNTIME_API_EXT","hipGetLastError",4160312,4160312,1540,698479924028226,698479924028256
"HIP_RUNTIME_API_EXT","hipSetDevice",4160312,4160312,1541,698479924028566,698479924028606
"HIP_COMPILER_API_EXT","__hipPushCallConfiguration",4160312,4160312,1542,698479924029027,698479924029067
"HIP_COMPILER_API_EXT","__hipPopCallConfiguration",4160312,4160312,1543,698479924029478,698479924029518
"HIP_RUNTIME_API_EXT","hipLaunchKernel",4160312,4160312,1544,698479924029979,698479924033886
"HIP_RUNTIME_API_EXT","hipGetLastError",4160312,4160312,1545,698479924034638,698479924034668
"HIP_COMPILER_API_EXT","__hipPushCallConfiguration",4160312,4160312,1546,698479924035048,698479924035089
"HIP_COMPILER_API_EXT","__hipPopCallConfiguration",4160312,4160312,1547,698479924035579,698479924035620
"HIP_RUNTIME_API_EXT","hipLaunchKernel",4160312,4160312,1548,698479924036080,698479924039357
"HIP_RUNTIME_API_EXT","hipGetLastError",4160312,4160312,1549,698479924039817,698479924039847
"HIP_COMPILER_API_EXT","__hipPushCallConfiguration",4160312,4160312,1550,698479924040218,698479924040268
"HIP_COMPILER_API_EXT","__hipPopCallConfiguration",4160312,4160312,1551,698479924040679,698479924040729
"HIP_RUNTIME_API_EXT","hipLaunchKernel",4160312,4160312,1552,698479924041430,698479924044847
"HIP_RUNTIME_API_EXT","hipGetLastError",4160312,4160312,1553,698479924045458,698479924045488
"HIP_RUNTIME_API_EXT","hipSetDevice",4160312,4160312,1554,698479924045859,698479924045899
"HIP_COMPILER_API_EXT","__hipPushCallConfiguration",4160312,4160312,1555,698479924046219,698479924046260
"HIP_COMPILER_API_EXT","__hipPopCallConfiguration",4160312,4160312,1556,698479924046660,698479924046710
"HIP_RUNTIME_API_EXT","hipLaunchKernel",4160312,4160312,1557,698479924047221,698479924051650
"HIP_RUNTIME_API_EXT","hipGetLastError",4160312,4160312,1558,698479924052341,698479924052371
"HIP_COMPILER_API_EXT","__hipPushCallConfiguration",4160312,4160312,1559,698479924053132,698479924053183
"HIP_COMPILER_API_EXT","__hipPopCallConfiguration",4160312,4160312,1560,698479924054475,698479924054525
"HIP_RUNTIME_API_EXT","hipLaunchKernel",4160312,4160312,1561,698479924055006,698479924058883
"HIP_RUNTIME_API_EXT","hipGetLastError",4160312,4160312,1562,698479924059785,698479924059815
"HIP_COMPILER_API_EXT","__hipPushCallConfiguration",4160312,4160312,1563,698479924060216,698479924060256
"HIP_COMPILER_API_EXT","__hipPopCallConfiguration",4160312,4160312,1564,698479924060667,698479924060707
"HIP_RUNTIME_API_EXT","hipLaunchKernel",4160312,4160312,1565,698479924061168,698479924064754
"HIP_RUNTIME_API_EXT","hipGetLastError",4160312,4160312,1566,698479924065165,698479924065195
"HIP_RUNTIME_API_EXT","hipSetDevice",4160312,4160312,1567,698479924065596,698479924065636
"HIP_COMPILER_API_EXT","__hipPushCallConfiguration",4160312,4160312,1568,698479924066037,698479924066087
"HIP_COMPILER_API_EXT","__hipPopCallConfiguration",4160312,4160312,1569,698479924066437,698479924066478
"HIP_RUNTIME_API_EXT","hipLaunchKernel",4160312,4160312,1570,698479924066928,698479924069764
"HIP_RUNTIME_API_EXT","hipGetLastError",4160312,4160312,1571,698479924070094,698479924070124
"HIP_COMPILER_API_EXT","__hipPushCallConfiguration",4160312,4160312,1572,698479924070605,698479924070645
"HIP_COMPILER_API_EXT","__hipPopCallConfiguration",4160312,4160312,1573,698479924071056,698479924071096
"HIP_RUNTIME_API_EXT","hipLaunchKernel",4160312,4160312,1574,698479924071537,698479924074292
"HIP_RUNTIME_API_EXT","hipGetLastError",4160312,4160312,1575,698479924074633,698479924074663
"HIP_COMPILER_API_EXT","__hipPushCallConfiguration",4160312,4160312,1576,698479924075114,698479924075164
"HIP_COMPILER_API_EXT","__hipPopCallConfiguration",4160312,4160312,1577,698479924075585,698479924075625
"HIP_RUNTIME_API_EXT","hipLaunchKernel",4160312,4160312,1578,698479924076126,698479924082147
"HIP_RUNTIME_API_EXT","hipGetLastError",4160312,4160312,1579,698479924082758,698479924082788
"HIP_RUNTIME_API_EXT","hipSetDevice",4160312,4160312,1580,698479924083109,698479924083149
"HIP_COMPILER_API_EXT","__hipPushCallConfiguration",4160312,4160312,1581,698479924083610,698479924083650
"HIP_COMPILER_API_EXT","__hipPopCallConfiguration",4160312,4160312,1582,698479924085032,698479924085073
"HIP_RUNTIME_API_EXT","hipLaunchKernel",4160312,4160312,1583,698479924085734,698479924091605
"HIP_RUNTIME_API_EXT","hipGetLastError",4160312,4160312,1584,698479924092306,698479924092336
"HIP_COMPILER_API_EXT","__hipPushCallConfiguration",4160312,4160312,1585,698479924092727,698479924092777
"HIP_COMPILER_API_EXT","__hipPopCallConfiguration",4160312,4160312,1586,698479924093118,698479924093168
"HIP_RUNTIME_API_EXT","hipLaunchKernel",4160312,4160312,1587,698479924093558,698479924097586
"HIP_RUNTIME_API_EXT","hipGetLastError",4160312,4160312,1588,698479924098017,698479924098057
"HIP_COMPILER_API_EXT","__hipPushCallConfiguration",4160312,4160312,1589,698479924098428,698479924098478
"HIP_COMPILER_API_EXT","__hipPopCallConfiguration",4160312,4160312,1590,698479924098949,698479924098999
"HIP_RUNTIME_API_EXT","hipLaunchKernel",4160312,4160312,1591,698479924099580,698479924102575
"HIP_RUNTIME_API_EXT","hipGetLastError",4160312,4160312,1592,698479924102986,698479924103016
"HIP_RUNTIME_API_EXT","hipSetDevice",4160312,4160312,1593,698479924103317,698479924103367
"HIP_COMPILER_API_EXT","__hipPushCallConfiguration",4160312,4160312,1594,698479924104349,698479924104399
"HIP_COMPILER_API_EXT","__hipPopCallConfiguration",4160312,4160312,1595,698479924105190,698479924105230
"HIP_RUNTIME_API_EXT","hipLaunchKernel",4160312,4160312,1596,698479924105731,698479924109058
"HIP_RUNTIME_API_EXT","hipGetLastError",4160312,4160312,1597,698479924109759,698479924109789
"HIP_COMPILER_API_EXT","__hipPushCallConfiguration",4160312,4160312,1598,698479924110170,698479924110210
"HIP_COMPILER_API_EXT","__hipPopCallConfiguration",4160312,4160312,1599,698479924110540,698479924110580
"HIP_RUNTIME_API_EXT","hipLaunchKernel",4160312,4160312,1600,698479924111031,698479924115169
"HIP_RUNTIME_API_EXT","hipGetLastError",4160312,4160312,1601,698479924116371,698479924116401
"HIP_COMPILER_API_EXT","__hipPushCallConfiguration",4160312,4160312,1602,698479924116782,698479924116832
"HIP_COMPILER_API_EXT","__hipPopCallConfiguration",4160312,4160312,1603,698479924117343,698479924117383
"HIP_RUNTIME_API_EXT","hipLaunchKernel",4160312,4160312,1604,698479924117874,698479924121180
"HIP_RUNTIME_API_EXT","hipGetLastError",4160312,4160312,1605,698479924123415,698479924123445
"HIP_RUNTIME_API_EXT","hipSetDevice",4160312,4160312,1606,698479924123875,698479924123916
"HIP_COMPILER_API_EXT","__hipPushCallConfiguration",4160312,4160312,1607,698479924124346,698479924124386
"HIP_COMPILER_API_EXT","__hipPopCallConfiguration",4160312,4160312,1608,698479924124727,698479924124767
"HIP_RUNTIME_API_EXT","hipLaunchKernel",4160312,4160312,1609,698479924125168,698479924128404
"HIP_RUNTIME_API_EXT","hipGetLastError",4160312,4160312,1610,698479924128805,698479924128835
"HIP_COMPILER_API_EXT","__hipPushCallConfiguration",4160312,4160312,1611,698479924129366,698479924129406
"HIP_COMPILER_API_EXT","__hipPopCallConfiguration",4160312,4160312,1612,698479924129736,698479924129787
"HIP_RUNTIME_API_EXT","hipLaunchKernel",4160312,4160312,1613,698479924130298,698479924133253
"HIP_RUNTIME_API_EXT","hipGetLastError",4160312,4160312,1614,698479924133644,698479924133674
"HIP_COMPILER_API_EXT","__hipPushCallConfiguration",4160312,4160312,1615,698479924133994,698479924134035
"HIP_COMPILER_API_EXT","__hipPopCallConfiguration",4160312,4160312,1616,698479924134505,698479924134546
"HIP_RUNTIME_API_EXT","hipLaunchKernel",4160312,4160312,1617,698479924135367,698479924139264
"HIP_RUNTIME_API_EXT","hipGetLastError",4160312,4160312,1618,698479924141278,698479924141308
"HIP_RUNTIME_API_EXT","hipSetDevice",4160312,4160312,1619,698479924141749,698479924141799
"HIP_COMPILER_API_EXT","__hipPushCallConfiguration",4160312,4160312,1620,698479924142170,698479924142220
"HIP_COMPILER_API_EXT","__hipPopCallConfiguration",4160312,4160312,1621,698479924143132,698479924143172
"HIP_RUNTIME_API_EXT","hipLaunchKernel",4160312,4160312,1622,698479924143883,698479924148321
"HIP_RUNTIME_API_EXT","hipGetLastError",4160312,4160312,1623,698479924148792,698479924148822
"HIP_COMPILER_API_EXT","__hipPushCallConfiguration",4160312,4160312,1624,698479924149213,698479924149253
"HIP_COMPILER_API_EXT","__hipPopCallConfiguration",4160312,4160312,1625,698479924151067,698479924151107
"HIP_RUNTIME_API_EXT","hipLaunchKernel",4160312,4160312,1626,698479924151557,698479924154633
"HIP_RUNTIME_API_EXT","hipGetLastError",4160312,4160312,1627,698479924155365,698479924155395
"HIP_RUNTIME_API_EXT","hipSetDevice",4160312,4160312,1628,698479924155896,698479924155936
"HIP_COMPILER_API_EXT","__hipPushCallConfiguration",4160312,4160312,1629,698479924156447,698479924156487
"HIP_COMPILER_API_EXT","__hipPopCallConfiguration",4160312,4160312,1630,698479924156827,698479924156867
"HIP_RUNTIME_API_EXT","hipLaunchKernel",4160312,4160312,1631,698479924157318,698479924161246
"HIP_RUNTIME_API_EXT","hipGetLastError",4160312,4160312,1632,698479924162007,698479924162037
"HIP_RUNTIME_API_EXT","hipDeviceSynchronize",4160312,4160312,1633,698479924162779,698479924222982
"HIP_RUNTIME_API_EXT","hipSetDevice",4160312,4160312,1634,698479924226108,698479924226158
"HIP_COMPILER_API_EXT","__hipPushCallConfiguration",4160312,4160312,1635,698479924226609,698479924226649
"HIP_COMPILER_API_EXT","__hipPopCallConfiguration",4160312,4160312,1636,698479924226979,698479924227019
"HIP_RUNTIME_API_EXT","hipLaunchKernel",4160312,4160312,1637,698479924227480,698479924238842
"HIP_RUNTIME_API_EXT","hipGetLastError",4160312,4160312,1638,698479924239523,698479924239553
"HIP_RUNTIME_API_EXT","hipDeviceSynchronize",4160312,4160312,1639,698479924241637,698479924332167
"HIP_COMPILER_API_EXT","__hipPushCallConfiguration",4160312,4160312,1640,698479924335153,698479924335203
"HIP_COMPILER_API_EXT","__hipPopCallConfiguration",4160312,4160312,1641,698479924335944,698479924335994
"HIP_RUNTIME_API_EXT","hipLaunchKernel",4160312,4160312,1642,698479924336856,698479924341665
"HIP_RUNTIME_API_EXT","hipGetLastError",4160312,4160312,1643,698479924342006,698479924342036
"HIP_COMPILER_API_EXT","__hipPushCallConfiguration",4160312,4160312,1644,698479924342356,698479924342406
"HIP_COMPILER_API_EXT","__hipPopCallConfiguration",4160312,4160312,1645,698479924342767,698479924342817
"HIP_RUNTIME_API_EXT","hipLaunchKernel",4160312,4160312,1646,698479924343278,698479924346815
"HIP_RUNTIME_API_EXT","hipGetLastError",4160312,4160312,1647,698479924347686,698479924347716
"HIP_COMPILER_API_EXT","__hipPushCallConfiguration",4160312,4160312,1648,698479924348287,698479924348327
"HIP_COMPILER_API_EXT","__hipPopCallConfiguration",4160312,4160312,1649,698479924348678,698479924348718
"HIP_RUNTIME_API_EXT","hipLaunchKernel",4160312,4160312,1650,698479924349470,698479924353096
"HIP_RUNTIME_API_EXT","hipGetLastError",4160312,4160312,1651,698479924353557,698479924353587
"HIP_RUNTIME_API_EXT","hipMemcpy",4160312,4160312,1652,698479924353878,698479924378033
"HIP_RUNTIME_API_EXT","hipMemcpy",4160312,4160312,1653,698479924379055,698479924402149
"HIP_RUNTIME_API_EXT","hipSetDevice",4160312,4160312,1654,698479924405124,698479924405164
"HIP_RUNTIME_API_EXT","hipMemset",4160312,4160312,1655,698479924406647,698479924410244
"HIP_RUNTIME_API_EXT","hipMemcpy",4160312,4160312,1656,698479924410584,698479924441382
"HIP_RUNTIME_API_EXT","hipMemcpy",4160312,4160312,1657,698479924442034,698479924466089
"HIP_COMPILER_API_EXT","__hipPushCallConfiguration",4160312,4160312,1658,698479924467221,698479924467271
"HIP_COMPILER_API_EXT","__hipPopCallConfiguration",4160312,4160312,1659,698479924468032,698479924468073
"HIP_RUNTIME_API_EXT","hipLaunchKernel",4160312,4160312,1660,698479924469525,698479924473122
"HIP_RUNTIME_API_EXT","hipGetLastError",4160312,4160312,1661,698479924473613,698479924473633
"HIP_RUNTIME_API_EXT","hipSetDevice",4160312,4160312,1662,698479924474014,698479924474054
"HIP_COMPILER_API_EXT","__hipPushCallConfiguration",4160312,4160312,1663,698479924474384,698479924474424
"HIP_COMPILER_API_EXT","__hipPopCallConfiguration",4160312,4160312,1664,698479924474905,698479924474945
"HIP_RUNTIME_API_EXT","hipLaunchKernel",4160312,4160312,1665,698479924475837,698479924479664
"HIP_RUNTIME_API_EXT","hipGetLastError",4160312,4160312,1666,698479924480185,698479924480215
"HIP_COMPILER_API_EXT","__hipPushCallConfiguration",4160312,4160312,1667,698479924480676,698479924480716
"HIP_COMPILER_API_EXT","__hipPopCallConfiguration",4160312,4160312,1668,698479924481047,698479924481097
"HIP_RUNTIME_API_EXT","hipLaunchKernel",4160312,4160312,1669,698479924481568,698479924484964
"HIP_RUNTIME_API_EXT","hipGetLastError",4160312,4160312,1670,698479924485395,698479924485425
"HIP_COMPILER_API_EXT","__hipPushCallConfiguration",4160312,4160312,1671,698479924485806,698479924485846
"HIP_COMPILER_API_EXT","__hipPopCallConfiguration",4160312,4160312,1672,698479924486197,698479924486247
"HIP_RUNTIME_API_EXT","hipLaunchKernel",4160312,4160312,1673,698479924486647,698479924489603
"HIP_RUNTIME_API_EXT","hipGetLastError",4160312,4160312,1674,698479924490314,698479924490334
"HIP_RUNTIME_API_EXT","hipSetDevice",4160312,4160312,1675,698479924490705,698479924490745
"HIP_COMPILER_API_EXT","__hipPushCallConfiguration",4160312,4160312,1676,698479924491146,698479924491196
"HIP_COMPILER_API_EXT","__hipPopCallConfiguration",4160312,4160312,1677,698479924491527,698479924491567
"HIP_RUNTIME_API_EXT","hipLaunchKernel",4160312,4160312,1678,698479924492018,698479924495755
"HIP_RUNTIME_API_EXT","hipGetLastError",4160312,4160312,1679,698479924496256,698479924496286
"HIP_COMPILER_API_EXT","__hipPushCallConfiguration",4160312,4160312,1680,698479924496817,698479924496867
"HIP_COMPILER_API_EXT","__hipPopCallConfiguration",4160312,4160312,1681,698479924497207,698479924497247
"HIP_RUNTIME_API_EXT","hipLaunchKernel",4160312,4160312,1682,698479924497708,698479924501215
"HIP_RUNTIME_API_EXT","hipGetLastError",4160312,4160312,1683,698479924501866,698479924501896
"HIP_COMPILER_API_EXT","__hipPushCallConfiguration",4160312,4160312,1684,698479924502287,698479924502327
"HIP_COMPILER_API_EXT","__hipPopCallConfiguration",4160312,4160312,1685,698479924502668,698479924502708
"HIP_RUNTIME_API_EXT","hipLaunchKernel",4160312,4160312,1686,698479924503088,698479924506545
"HIP_RUNTIME_API_EXT","hipGetLastError",4160312,4160312,1687,698479924507246,698479924507276
"HIP_RUNTIME_API_EXT","hipSetDevice",4160312,4160312,1688,698479924507747,698479924507857
"HIP_COMPILER_API_EXT","__hipPushCallConfiguration",4160312,4160312,1689,698479924508278,698479924508318
"HIP_COMPILER_API_EXT","__hipPopCallConfiguration",4160312,4160312,1690,698479924508759,698479924508799
"HIP_RUNTIME_API_EXT","hipLaunchKernel",4160312,4160312,1691,698479924509180,698479924513217
"HIP_RUNTIME_API_EXT","hipGetLastError",4160312,4160312,1692,698479924514019,698479924514049
"HIP_COMPILER_API_EXT","__hipPushCallConfiguration",4160312,4160312,1693,698479924514480,698479924514530
"HIP_COMPILER_API_EXT","__hipPopCallConfiguration",4160312,4160312,1694,698479924514921,698479924514971
"HIP_RUNTIME_API_EXT","hipLaunchKernel",4160312,4160312,1695,698479924515351,698479924519299
"HIP_RUNTIME_API_EXT","hipGetLastError",4160312,4160312,1696,698479924519910,698479924519940
"HIP_COMPILER_API_EXT","__hipPushCallConfiguration",4160312,4160312,1697,698479924520351,698479924520401
"HIP_COMPILER_API_EXT","__hipPopCallConfiguration",4160312,4160312,1698,698479924520732,698479924520772
"HIP_RUNTIME_API_EXT","hipLaunchKernel",4160312,4160312,1699,698479924521393,698479924525130
"HIP_RUNTIME_API_EXT","hipGetLastError",4160312,4160312,1700,698479924525811,698479924525841
"HIP_RUNTIME_API_EXT","hipSetDevice",4160312,4160312,1701,698479924526332,698479924526372
"HIP_COMPILER_API_EXT","__hipPushCallConfiguration",4160312,4160312,1702,698479924526843,698479924526883
"HIP_COMPILER_API_EXT","__hipPopCallConfiguration",4160312,4160312,1703,698479924527344,698479924527384
"HIP_RUNTIME_API_EXT","hipLaunchKernel",4160312,4160312,1704,698479924527905,698479924530610
"HIP_RUNTIME_API_EXT","hipGetLastError",4160312,4160312,1705,698479924531051,698479924531081
"HIP_COMPILER_API_EXT","__hipPushCallConfiguration",4160312,4160312,1706,698479924531852,698479924531903
"HIP_COMPILER_API_EXT","__hipPopCallConfiguration",4160312,4160312,1707,698479924532804,698479924532854
"HIP_RUNTIME_API_EXT","hipLaunchKernel",4160312,4160312,1708,698479924534548,698479924538154
"HIP_RUNTIME_API_EXT","hipGetLastError",4160312,4160312,1709,698479924538866,698479924538896
"HIP_COMPILER_API_EXT","__hipPushCallConfiguration",4160312,4160312,1710,698479924539377,698479924539417
"HIP_COMPILER_API_EXT","__hipPopCallConfiguration",4160312,4160312,1711,698479924539857,698479924539898
"HIP_RUNTIME_API_EXT","hipLaunchKernel",4160312,4160312,1712,698479924540399,698479924544025
"HIP_RUNTIME_API_EXT","hipGetLastError",4160312,4160312,1713,698479924544897,698479924544927
"HIP_RUNTIME_API_EXT","hipSetDevice",4160312,4160312,1714,698479924545398,698479924545508
"HIP_COMPILER_API_EXT","__hipPushCallConfiguration",4160312,4160312,1715,698479924545929,698479924545969
"HIP_COMPILER_API_EXT","__hipPopCallConfiguration",4160312,4160312,1716,698479924546480,698479924546530
"HIP_RUNTIME_API_EXT","hipLaunchKernel",4160312,4160312,1717,698479924546911,698479924550788
"HIP_RUNTIME_API_EXT","hipGetLastError",4160312,4160312,1718,698479924551269,698479924551289
"HIP_COMPILER_API_EXT","__hipPushCallConfiguration",4160312,4160312,1719,698479924551670,698479924551720
"HIP_COMPILER_API_EXT","__hipPopCallConfiguration",4160312,4160312,1720,698479924552131,698479924552181
"HIP_RUNTIME_API_EXT","hipLaunchKernel",4160312,4160312,1721,698479924552972,698479924555918
"HIP_RUNTIME_API_EXT","hipGetLastError",4160312,4160312,1722,698479924556298,698479924556328
"HIP_COMPILER_API_EXT","__hipPushCallConfiguration",4160312,4160312,1723,698479924556709,698479924556759
"HIP_COMPILER_API_EXT","__hipPopCallConfiguration",4160312,4160312,1724,698479924557290,698479924557330
"HIP_RUNTIME_API_EXT","hipLaunchKernel",4160312,4160312,1725,698479924558252,698479924561638
"HIP_RUNTIME_API_EXT","hipGetLastError",4160312,4160312,1726,698479924562430,698479924562460
"HIP_RUNTIME_API_EXT","hipSetDevice",4160312,4160312,1727,698479924562831,698479924562871
"HIP_COMPILER_API_EXT","__hipPushCallConfiguration",4160312,4160312,1728,698479924563302,698479924563342
"HIP_COMPILER_API_EXT","__hipPopCallConfiguration",4160312,4160312,1729,698479924564263,698479924564303
"HIP_RUNTIME_API_EXT","hipLaunchKernel",4160312,4160312,1730,698479924564935,698479924568772
"HIP_RUNTIME_API_EXT","hipGetLastError",4160312,4160312,1731,698479924569303,698479924569333
"HIP_COMPILER_API_EXT","__hipPushCallConfiguration",4160312,4160312,1732,698479924569724,698479924569764
"HIP_COMPILER_API_EXT","__hipPopCallConfiguration",4160312,4160312,1733,698479924570104,698479924570154
"HIP_RUNTIME_API_EXT","hipLaunchKernel",4160312,4160312,1734,698479924570705,698479924574643
"HIP_RUNTIME_API_EXT","hipGetLastError",4160312,4160312,1735,698479924575184,698479924575214
"HIP_COMPILER_API_EXT","__hipPushCallConfiguration",4160312,4160312,1736,698479924575595,698479924575645
"HIP_COMPILER_API_EXT","__hipPopCallConfiguration",4160312,4160312,1737,698479924576116,698479924576166
"HIP_RUNTIME_API_EXT","hipLaunchKernel",4160312,4160312,1738,698479924576637,698479924580624
"HIP_RUNTIME_API_EXT","hipGetLastError",4160312,4160312,1739,698479924581215,698479924581255
"HIP_RUNTIME_API_EXT","hipSetDevice",4160312,4160312,1740,698479924581556,698479924581596
"HIP_COMPILER_API_EXT","__hipPushCallConfiguration",4160312,4160312,1741,698479924581987,698479924582037
"HIP_COMPILER_API_EXT","__hipPopCallConfiguration",4160312,4160312,1742,698479924582387,698479924582428
"HIP_RUNTIME_API_EXT","hipLaunchKernel",4160312,4160312,1743,698479924582898,698479924585614
"HIP_RUNTIME_API_EXT","hipGetLastError",4160312,4160312,1744,698479924586044,698479924586074
"HIP_COMPILER_API_EXT","__hipPushCallConfiguration",4160312,4160312,1745,698479924586615,698479924586655
"HIP_COMPILER_API_EXT","__hipPopCallConfiguration",4160312,4160312,1746,698479924587046,698479924587086
"HIP_RUNTIME_API_EXT","hipLaunchKernel",4160312,4160312,1747,698479924587537,698479924591354
"HIP_RUNTIME_API_EXT","hipGetLastError",4160312,4160312,1748,698479924591985,698479924592016
"HIP_COMPILER_API_EXT","__hipPushCallConfiguration",4160312,4160312,1749,698479924592406,698479924592446
"HIP_COMPILER_API_EXT","__hipPopCallConfiguration",4160312,4160312,1750,698479924593037,698479924593078
"HIP_RUNTIME_API_EXT","hipLaunchKernel",4160312,4160312,1751,698479924595332,698479924599439
"HIP_RUNTIME_API_EXT","hipGetLastError",4160312,4160312,1752,698479924663320,698479924663350
"HIP_RUNTIME_API_EXT","hipSetDevice",4160312,4160312,1753,698479924664061,698479924664101
"HIP_COMPILER_API_EXT","__hipPushCallConfiguration",4160312,4160312,1754,698479924664602,698479924664652
"HIP_COMPILER_API_EXT","__hipPopCallConfiguration",4160312,4160312,1755,698479924665083,698479924665123
"HIP_RUNTIME_API_EXT","hipLaunchKernel",4160312,4160312,1756,698479924665494,698479924671575
"HIP_RUNTIME_API_EXT","hipGetLastError",4160312,4160312,1757,698479924672176,698479924672206
"HIP_COMPILER_API_EXT","__hipPushCallConfiguration",4160312,4160312,1758,698479924672587,698479924672637
"HIP_COMPILER_API_EXT","__hipPopCallConfiguration",4160312,4160312,1759,698479924672978,698479924673018
"HIP_RUNTIME_API_EXT","hipLaunchKernel",4160312,4160312,1760,698479924673579,698479924676895
"HIP_RUNTIME_API_EXT","hipGetLastError",4160312,4160312,1761,698479924677406,698479924677436
"HIP_COMPILER_API_EXT","__hipPushCallConfiguration",4160312,4160312,1762,698479924677917,698479924677967
"HIP_COMPILER_API_EXT","__hipPopCallConfiguration",4160312,4160312,1763,698479924678318,698479924678368
"HIP_RUNTIME_API_EXT","hipLaunchKernel",4160312,4160312,1764,698479924678799,698479924682696
"HIP_RUNTIME_API_EXT","hipGetLastError",4160312,4160312,1765,698479924683047,698479924683077
"HIP_RUNTIME_API_EXT","hipSetDevice",4160312,4160312,1766,698479924684019,698479924684059
"HIP_COMPILER_API_EXT","__hipPushCallConfiguration",4160312,4160312,1767,698479924684499,698479924684550
"HIP_COMPILER_API_EXT","__hipPopCallConfiguration",4160312,4160312,1768,698479924684990,698479924685030
"HIP_RUNTIME_API_EXT","hipLaunchKernel",4160312,4160312,1769,698479924685421,698479924693927
"HIP_RUNTIME_API_EXT","hipGetLastError",4160312,4160312,1770,698479924694588,698479924694618
"HIP_COMPILER_API_EXT","__hipPushCallConfiguration",4160312,4160312,1771,698479924695099,698479924695149
"HIP_COMPILER_API_EXT","__hipPopCallConfiguration",4160312,4160312,1772,698479924695600,698479924695650
"HIP_RUNTIME_API_EXT","hipLaunchKernel",4160312,4160312,1773,698479924696632,698479924700159
"HIP_RUNTIME_API_EXT","hipGetLastError",4160312,4160312,1774,698479924701321,698479924701351
"HIP_RUNTIME_API_EXT","hipSetDevice",4160312,4160312,1775,698479924701742,698479924701782
"HIP_COMPILER_API_EXT","__hipPushCallConfiguration",4160312,4160312,1776,698479924702303,698479924702353
"HIP_COMPILER_API_EXT","__hipPopCallConfiguration",4160312,4160312,1777,698479924703205,698479924703245
"HIP_RUNTIME_API_EXT","hipLaunchKernel",4160312,4160312,1778,698479924703846,698479924708745
"HIP_RUNTIME_API_EXT","hipGetLastError",4160312,4160312,1779,698479924709727,698479924709757
"HIP_RUNTIME_API_EXT","hipDeviceSynchronize",4160312,4160312,1780,698479924710408,698479924738942
"HIP_RUNTIME_API_EXT","hipSetDevice",4160312,4160312,1781,698479924741196,698479924741236
"HIP_COMPILER_API_EXT","__hipPushCallConfiguration",4160312,4160312,1782,698479924741757,698479924741807
"HIP_COMPILER_API_EXT","__hipPopCallConfiguration",4160312,4160312,1783,698479924742158,698479924742198
"HIP_RUNTIME_API_EXT","hipLaunchKernel",4160312,4160312,1784,698479924748720,698479924756194
"HIP_RUNTIME_API_EXT","hipGetLastError",4160312,4160312,1785,698479924758438,698479924758468
"HIP_RUNTIME_API_EXT","hipDeviceSynchronize",4160312,4160312,1786,698479924758859,698479924849439
"HIP_COMPILER_API_EXT","__hipPushCallConfiguration",4160312,4160312,1787,698479924851523,698479924851563
"HIP_COMPILER_API_EXT","__hipPopCallConfiguration",4160312,4160312,1788,698479924851914,698479924851954
"HIP_RUNTIME_API_EXT","hipLaunchKernel",4160312,4160312,1789,698479924852876,698479924858006
"HIP_RUNTIME_API_EXT","hipGetLastError",4160312,4160312,1790,698479924858406,698479924858436
"HIP_COMPILER_API_EXT","__hipPushCallConfiguration",4160312,4160312,1791,698479924858757,698479924858797
"HIP_COMPILER_API_EXT","__hipPopCallConfiguration",4160312,4160312,1792,698479924859258,698479924859298
"HIP_RUNTIME_API_EXT","hipLaunchKernel",4160312,4160312,1793,698479924860310,698479924863055
"HIP_RUNTIME_API_EXT","hipGetLastError",4160312,4160312,1794,698479924863516,698479924863556
"HIP_COMPILER_API_EXT","__hipPushCallConfiguration",4160312,4160312,1795,698479924863927,698479924863977
"HIP_COMPILER_API_EXT","__hipPopCallConfiguration",4160312,4160312,1796,698479924864728,698479924864768
"HIP_RUNTIME_API_EXT","hipLaunchKernel",4160312,4160312,1797,698479924865389,698479924868856
"HIP_RUNTIME_API_EXT","hipGetLastError",4160312,4160312,1798,698479924869427,698479924869457
"HIP_RUNTIME_API_EXT","hipMemcpy",4160312,4160312,1799,698479924869808,698479924895005
"HIP_RUNTIME_API_EXT","hipMemcpy",4160312,4160312,1800,698479924896217,698479924919421
"HIP_RUNTIME_API_EXT","hipSetDevice",4160312,4160312,1801,698479924922627,698479924922667
"HIP_RUNTIME_API_EXT","hipMemset",4160312,4160312,1802,698479924924451,698479924928208
"HIP_RUNTIME_API_EXT","hipMemcpy",4160312,4160312,1803,698479924928528,698479924958805
"HIP_RUNTIME_API_EXT","hipMemcpy",4160312,4160312,1804,698479924959386,698479924983562
"HIP_COMPILER_API_EXT","__hipPushCallConfiguration",4160312,4160312,1805,698479924984744,698479924984794
"HIP_COMPILER_API_EXT","__hipPopCallConfiguration",4160312,4160312,1806,698479924985325,698479924985375
"HIP_RUNTIME_API_EXT","hipLaunchKernel",4160312,4160312,1807,698479924986357,698479924990415
"HIP_RUNTIME_API_EXT","hipGetLastError",4160312,4160312,1808,698479924990865,698479924990895
"HIP_RUNTIME_API_EXT","hipSetDevice",4160312,4160312,1809,698479924991296,698479924991336
"HIP_COMPILER_API_EXT","__hipPushCallConfiguration",4160312,4160312,1810,698479924991667,698479924991717
"HIP_COMPILER_API_EXT","__hipPopCallConfiguration",4160312,4160312,1811,698479924992298,698479924992348
"HIP_RUNTIME_API_EXT","hipLaunchKernel",4160312,4160312,1812,698479924992889,698479924997077
"HIP_RUNTIME_API_EXT","hipGetLastError",4160312,4160312,1813,698479924997678,698479924997708
"HIP_COMPILER_API_EXT","__hipPushCallConfiguration",4160312,4160312,1814,698479924998199,698479924998249
"HIP_COMPILER_API_EXT","__hipPopCallConfiguration",4160312,4160312,1815,698479924998590,698479924998630
"HIP_RUNTIME_API_EXT","hipLaunchKernel",4160312,4160312,1816,698479924999191,698479925003179
"HIP_RUNTIME_API_EXT","hipGetLastError",4160312,4160312,1817,698479925003519,698479925003549
"HIP_COMPILER_API_EXT","__hipPushCallConfiguration",4160312,4160312,1818,698479925003860,698479925003910
"HIP_COMPILER_API_EXT","__hipPopCallConfiguration",4160312,4160312,1819,698479925004631,698479925004681
"HIP_RUNTIME_API_EXT","hipLaunchKernel",4160312,4160312,1820,698479925005052,698479925009260
"HIP_RUNTIME_API_EXT","hipGetLastError",4160312,4160312,1821,698479925012075,698479925012115
"HIP_RUNTIME_API_EXT","hipSetDevice",4160312,4160312,1822,698479925012466,698479925012506
"HIP_COMPILER_API_EXT","__hipPushCallConfiguration",4160312,4160312,1823,698479925012927,698479925012967
"HIP_COMPILER_API_EXT","__hipPopCallConfiguration",4160312,4160312,1824,698479925013318,698479925013368
"HIP_RUNTIME_API_EXT","hipLaunchKernel",4160312,4160312,1825,698479925013738,698479925017455
"HIP_RUNTIME_API_EXT","hipGetLastError",4160312,4160312,1826,698479925017876,698479925017906
"HIP_COMPILER_API_EXT","__hipPushCallConfiguration",4160312,4160312,1827,698479925018347,698479925018397
"HIP_COMPILER_API_EXT","__hipPopCallConfiguration",4160312,4160312,1828,698479925018728,698479925018778
"HIP_RUNTIME_API_EXT","hipLaunchKernel",4160312,4160312,1829,698479925019219,698479925022335
"HIP_RUNTIME_API_EXT","hipGetLastError",4160312,4160312,1830,698479925022825,698479925022856
"HIP_COMPILER_API_EXT","__hipPushCallConfiguration",4160312,4160312,1831,698479925023236,698479925023276
"HIP_COMPILER_API_EXT","__hipPopCallConfiguration",4160312,4160312,1832,698479925023807,698479925023847
"HIP_RUNTIME_API_EXT","hipLaunchKernel",4160312,4160312,1833,698479925025671,698479925030971
"HIP_RUNTIME_API_EXT","hipGetLastError",4160312,4160312,1834,698479925032253,698479925032283
"HIP_RUNTIME_API_EXT","hipSetDevice",4160312,4160312,1835,698479925032674,698479925032714
"HIP_COMPILER_API_EXT","__hipPushCallConfiguration",4160312,4160312,1836,698479925033425,698479925033475
"HIP_COMPILER_API_EXT","__hipPopCallConfiguration",4160312,4160312,1837,698479925034247,698479925034297
"HIP_RUNTIME_API_EXT","hipLaunchKernel",4160312,4160312,1838,698479925034798,698479925039597
"HIP_RUNTIME_API_EXT","hipGetLastError",4160312,4160312,1839,698479925040048,698479925040078
"HIP_COMPILER_API_EXT","__hipPushCallConfiguration",4160312,4160312,1840,698479925040388,698479925040439
"HIP_COMPILER_API_EXT","__hipPopCallConfiguration",4160312,4160312,1841,698479925040829,698479925040879
"HIP_RUNTIME_API_EXT","hipLaunchKernel",4160312,4160312,1842,698479925041320,698479925044436
"HIP_RUNTIME_API_EXT","hipGetLastError",4160312,4160312,1843,698479925044847,698479925044877
"HIP_COMPILER_API_EXT","__hipPushCallConfiguration",4160312,4160312,1844,698479925045298,698479925045338
"HIP_COMPILER_API_EXT","__hipPopCallConfiguration",4160312,4160312,1845,698479925045668,698479925045708
"HIP_RUNTIME_API_EXT","hipLaunchKernel",4160312,4160312,1846,698479925046079,698479925049606
"HIP_RUNTIME_API_EXT","hipGetLastError",4160312,4160312,1847,698479925050027,698479925050057
"HIP_RUNTIME_API_EXT","hipSetDevice",4160312,4160312,1848,698479925050518,698479925050558
"HIP_COMPILER_API_EXT","__hipPushCallConfiguration",4160312,4160312,1849,698479925051770,698479925051810
"HIP_COMPILER_API_EXT","__hipPopCallConfiguration",4160312,4160312,1850,698479925052461,698479925052501
"HIP_RUNTIME_API_EXT","hipLaunchKernel",4160312,4160312,1851,698479925053243,698479925056509
"HIP_RUNTIME_API_EXT","hipGetLastError",4160312,4160312,1852,698479925057110,698479925057140
"HIP_COMPILER_API_EXT","__hipPushCallConfiguration",4160312,4160312,1853,698479925057621,698479925057661
"HIP_COMPILER_API_EXT","__hipPopCallConfiguration",4160312,4160312,1854,698479925058102,698479925058152
"HIP_RUNTIME_API_EXT","hipLaunchKernel",4160312,4160312,1855,698479925058613,698479925062901
"HIP_RUNTIME_API_EXT","hipGetLastError",4160312,4160312,1856,698479925063542,698479925063572
"HIP_COMPILER_API_EXT","__hipPushCallConfiguration",4160312,4160312,1857,698479925064153,698479925064193
"HIP_COMPILER_API_EXT","__hipPopCallConfiguration",4160312,4160312,1858,698479925064534,698479925064574
"HIP_RUNTIME_API_EXT","hipLaunchKernel",4160312,4160312,1859,698479925064985,698479925068141
"HIP_RUNTIME_API_EXT","hipGetLastError",4160312,4160312,1860,698479925068602,698479925068632
"HIP_RUNTIME_API_EXT","hipSetDevice",4160312,4160312,1861,698479925068932,698479925068982
"HIP_COMPILER_API_EXT","__hipPushCallConfiguration",4160312,4160312,1862,698479925069353,698479925069393
"HIP_COMPILER_API_EXT","__hipPopCallConfiguration",4160312,4160312,1863,698479925069844,698479925069884
"HIP_RUNTIME_API_EXT","hipLaunchKernel",4160312,4160312,1864,698479925070375,698479925073962
"HIP_RUNTIME_API_EXT","hipGetLastError",4160312,4160312,1865,698479925074292,698479925074322
"HIP_COMPILER_API_EXT","__hipPushCallConfiguration",4160312,4160312,1866,698479925075154,698479925075204
"HIP_COMPILER_API_EXT","__hipPopCallConfiguration",4160312,4160312,1867,698479925075645,698479925075685
"HIP_RUNTIME_API_EXT","hipLaunchKernel",4160312,4160312,1868,698479925076196,698479925079863
"HIP_RUNTIME_API_EXT","hipGetLastError",4160312,4160312,1869,698479925080444,698479925080474
"HIP_COMPILER_API_EXT","__hipPushCallConfiguration",4160312,4160312,1870,698479925080915,698479925080955
"HIP_COMPILER_API_EXT","__hipPopCallConfiguration",4160312,4160312,1871,698479925081716,698479925081756
"HIP_RUNTIME_API_EXT","hipLaunchKernel",4160312,4160312,1872,698479925082297,698479925088870
"HIP_RUNTIME_API_EXT","hipGetLastError",4160312,4160312,1873,698479925089741,698479925089841
"HIP_RUNTIME_API_EXT","hipSetDevice",4160312,4160312,1874,698479925090222,698479925090262
"HIP_COMPILER_API_EXT","__hipPushCallConfiguration",4160312,4160312,1875,698479925090643,698479925090693
"HIP_COMPILER_API_EXT","__hipPopCallConfiguration",4160312,4160312,1876,698479925092527,698479925092567
"HIP_RUNTIME_API_EXT","hipLaunchKernel",4160312,4160312,1877,698479925093078,698479925096213
"HIP_RUNTIME_API_EXT","hipGetLastError",4160312,4160312,1878,698479925096785,698479925096815
"HIP_COMPILER_API_EXT","__hipPushCallConfiguration",4160312,4160312,1879,698479925097386,698479925097426
"HIP_COMPILER_API_EXT","__hipPopCallConfiguration",4160312,4160312,1880,698479925097897,698479925097937
"HIP_RUNTIME_API_EXT","hipLaunchKernel",4160312,4160312,1881,698479925098388,698479925101904
"HIP_RUNTIME_API_EXT","hipGetLastError",4160312,4160312,1882,698479925102395,698479925102425
"HIP_COMPILER_API_EXT","__hipPushCallConfiguration",4160312,4160312,1883,698479925102746,698479925102786
"HIP_COMPILER_API_EXT","__hipPopCallConfiguration",4160312,4160312,1884,698479925103177,698479925103217
"HIP_RUNTIME_API_EXT","hipLaunchKernel",4160312,4160312,1885,698479925103597,698479925107154
"HIP_RUNTIME_API_EXT","hipGetLastError",4160312,4160312,1886,698479925107925,698479925107956
"HIP_RUNTIME_API_EXT","hipSetDevice",4160312,4160312,1887,698479925108476,698479925108517
"HIP_COMPILER_API_EXT","__hipPushCallConfiguration",4160312,4160312,1888,698479925109048,698479925109098
"HIP_COMPILER_API_EXT","__hipPopCallConfiguration",4160312,4160312,1889,698479925109458,698479925109508
"HIP_RUNTIME_API_EXT","hipLaunchKernel",4160312,4160312,1890,698479925109969,698479925113626
"HIP_RUNTIME_API_EXT","hipGetLastError",4160312,4160312,1891,698479925114247,698479925114277
"HIP_COMPILER_API_EXT","__hipPushCallConfiguration",4160312,4160312,1892,698479925114768,698479925114808
"HIP_COMPILER_API_EXT","__hipPopCallConfiguration",4160312,4160312,1893,698479925115369,698479925115420
"HIP_RUNTIME_API_EXT","hipLaunchKernel",4160312,4160312,1894,698479925116301,698479925120439
"HIP_RUNTIME_API_EXT","hipGetLastError",4160312,4160312,1895,698479925121050,698479925121080
"HIP_COMPILER_API_EXT","__hipPushCallConfiguration",4160312,4160312,1896,698479925121852,698479925121902
"HIP_COMPILER_API_EXT","__hipPopCallConfiguration",4160312,4160312,1897,698479925122543,698479925122583
"HIP_RUNTIME_API_EXT","hipLaunchKernel",4160312,4160312,1898,698479925123064,698479925126701
"HIP_RUNTIME_API_EXT","hipGetLastError",4160312,4160312,1899,698479925127242,698479925127282
"HIP_RUNTIME_API_EXT","hipSetDevice",4160312,4160312,1900,698479925127643,698479925127693
"HIP_COMPILER_API_EXT","__hipPushCallConfiguration",4160312,4160312,1901,698479925128464,698479925128504
"HIP_COMPILER_API_EXT","__hipPopCallConfiguration",4160312,4160312,1902,698479925128835,698479925128885
"HIP_RUNTIME_API_EXT","hipLaunchKernel",4160312,4160312,1903,698479925129777,698479925132983
"HIP_RUNTIME_API_EXT","hipGetLastError",4160312,4160312,1904,698479925133774,698479925133804
"HIP_COMPILER_API_EXT","__hipPushCallConfiguration",4160312,4160312,1905,698479925134535,698479925134576
"HIP_COMPILER_API_EXT","__hipPopCallConfiguration",4160312,4160312,1906,698479925135006,698479925135046
"HIP_RUNTIME_API_EXT","hipLaunchKernel",4160312,4160312,1907,698479925135507,698479925139685
"HIP_RUNTIME_API_EXT","hipGetLastError",4160312,4160312,1908,698479925140066,698479925140096
"HIP_COMPILER_API_EXT","__hipPushCallConfiguration",4160312,4160312,1909,698479925140557,698479925140597
"HIP_COMPILER_API_EXT","__hipPopCallConfiguration",4160312,4160312,1910,698479925141308,698479925141358
"HIP_RUNTIME_API_EXT","hipLaunchKernel",4160312,4160312,1911,698479925142280,698479925145226
"HIP_RUNTIME_API_EXT","hipGetLastError",4160312,4160312,1912,698479925145747,698479925145807
"HIP_RUNTIME_API_EXT","hipSetDevice",4160312,4160312,1913,698479925146157,698479925146197
"HIP_COMPILER_API_EXT","__hipPushCallConfiguration",4160312,4160312,1914,698479925149053,698479925149093
"HIP_COMPILER_API_EXT","__hipPopCallConfiguration",4160312,4160312,1915,698479925149534,698479925149584
"HIP_RUNTIME_API_EXT","hipLaunchKernel",4160312,4160312,1916,698479925150025,698479925155826
"HIP_RUNTIME_API_EXT","hipGetLastError",4160312,4160312,1917,698479925156707,698479925156737
"HIP_COMPILER_API_EXT","__hipPushCallConfiguration",4160312,4160312,1918,698479925158120,698479925158160
"HIP_COMPILER_API_EXT","__hipPopCallConfiguration",4160312,4160312,1919,698479925158611,698479925158661
"HIP_RUNTIME_API_EXT","hipLaunchKernel",4160312,4160312,1920,698479925159222,698479925162338
"HIP_RUNTIME_API_EXT","hipGetLastError",4160312,4160312,1921,698479925162859,698479925162889
"HIP_RUNTIME_API_EXT","hipSetDevice",4160312,4160312,1922,698479925167267,698479925167317
"HIP_COMPILER_API_EXT","__hipPushCallConfiguration",4160312,4160312,1923,698479925167828,698479925167878
"HIP_COMPILER_API_EXT","__hipPopCallConfiguration",4160312,4160312,1924,698479925168580,698479925168620
"HIP_RUNTIME_API_EXT","hipLaunchKernel",4160312,4160312,1925,698479925169131,698479925173268
"HIP_RUNTIME_API_EXT","hipGetLastError",4160312,4160312,1926,698479925174070,698479925174090
"HIP_RUNTIME_API_EXT","hipDeviceSynchronize",4160312,4160312,1927,698479925174551,698479925224274
"HIP_RUNTIME_API_EXT","hipSetDevice",4160312,4160312,1928,698479925226428,698479925226468
"HIP_COMPILER_API_EXT","__hipPushCallConfiguration",4160312,4160312,1929,698479925226879,698479925226919
"HIP_COMPILER_API_EXT","__hipPopCallConfiguration",4160312,4160312,1930,698479925227260,698479925227310
"HIP_RUNTIME_API_EXT","hipLaunchKernel",4160312,4160312,1931,698479925227831,698479925232941
"HIP_RUNTIME_API_EXT","hipGetLastError",4160312,4160312,1932,698479925235054,698479925235085
"HIP_RUNTIME_API_EXT","hipDeviceSynchronize",4160312,4160312,1933,698479925235505,698479925325635
"HIP_COMPILER_API_EXT","__hipPushCallConfiguration",4160312,4160312,1934,698479925330013,698479925330063
"HIP_COMPILER_API_EXT","__hipPopCallConfiguration",4160312,4160312,1935,698479925330434,698479925330474
"HIP_RUNTIME_API_EXT","hipLaunchKernel",4160312,4160312,1936,698479925331396,698479925335784
"HIP_RUNTIME_API_EXT","hipGetLastError",4160312,4160312,1937,698479925336505,698479925336545
"HIP_COMPILER_API_EXT","__hipPushCallConfiguration",4160312,4160312,1938,698479925336866,698479925336906
"HIP_COMPILER_API_EXT","__hipPopCallConfiguration",4160312,4160312,1939,698479925337247,698479925337297
"HIP_RUNTIME_API_EXT","hipLaunchKernel",4160312,4160312,1940,698479925337708,698479925341605
"HIP_RUNTIME_API_EXT","hipGetLastError",4160312,4160312,1941,698479925342186,698479925342216
"HIP_COMPILER_API_EXT","__hipPushCallConfiguration",4160312,4160312,1942,698479925342597,698479925342637
"HIP_COMPILER_API_EXT","__hipPopCallConfiguration",4160312,4160312,1943,698479925343098,698479925343138
"HIP_RUNTIME_API_EXT","hipLaunchKernel",4160312,4160312,1944,698479925344230,698479925347386
"HIP_RUNTIME_API_EXT","hipGetLastError",4160312,4160312,1945,698479925347726,698479925347756
"HIP_RUNTIME_API_EXT","hipMemcpy",4160312,4160312,1946,698479925348117,698479925371982
"HIP_RUNTIME_API_EXT","hipMemcpy",4160312,4160312,1947,698479925372974,698479925394985
"HIP_RUNTIME_API_EXT","hipSetDevice",4160312,4160312,1948,698479925397821,698479925397861
"HIP_RUNTIME_API_EXT","hipMemset",4160312,4160312,1949,698479925399604,698479925403922
"HIP_RUNTIME_API_EXT","hipMemcpy",4160312,4160312,1950,698479925404223,698479925436373
"HIP_RUNTIME_API_EXT","hipMemcpy",4160312,4160312,1951,698479925437104,698479925461110
"HIP_COMPILER_API_EXT","__hipPushCallConfiguration",4160312,4160312,1952,698479925462242,698479925462282
"HIP_COMPILER_API_EXT","__hipPopCallConfiguration",4160312,4160312,1953,698479925462632,698479925462682
"HIP_RUNTIME_API_EXT","hipLaunchKernel",4160312,4160312,1954,698479925464346,698479925467982
"HIP_RUNTIME_API_EXT","hipGetLastError",4160312,4160312,1955,698479925468343,698479925468373
"HIP_RUNTIME_API_EXT","hipSetDevice",4160312,4160312,1956,698479925468684,698479925468724
"HIP_COMPILER_API_EXT","__hipPushCallConfiguration",4160312,4160312,1957,698479925469135,698479925469185
"HIP_COMPILER_API_EXT","__hipPopCallConfiguration",4160312,4160312,1958,698479925469525,698479925469565
"HIP_RUNTIME_API_EXT","hipLaunchKernel",4160312,4160312,1959,698479925470197,698479925473813
"HIP_RUNTIME_API_EXT","hipGetLastError",4160312,4160312,1960,698479925474525,698479925474555
"HIP_COMPILER_API_EXT","__hipPushCallConfiguration",4160312,4160312,1961,698479925474926,698479925474976
"HIP_COMPILER_API_EXT","__hipPopCallConfiguration",4160312,4160312,1962,698479925475567,698479925475607
"HIP_RUNTIME_API_EXT","hipLaunchKernel",4160312,4160312,1963,698479925476128,698479925479043
"HIP_RUNTIME_API_EXT","hipGetLastError",4160312,4160312,1964,698479925479554,698479925479584
"HIP_COMPILER_API_EXT","__hipPushCallConfiguration",4160312,4160312,1965,698479925480045,698479925480085
"HIP_COMPILER_API_EXT","__hipPopCallConfiguration",4160312,4160312,1966,698479925480726,698479925480766
"HIP_RUNTIME_API_EXT","hipLaunchKernel",4160312,4160312,1967,698479925481137,698479925484153
"HIP_RUNTIME_API_EXT","hipGetLastError",4160312,4160312,1968,698479925484804,698479925484834
"HIP_RUNTIME_API_EXT","hipSetDevice",4160312,4160312,1969,698479925485796,698479925485846
"HIP_COMPILER_API_EXT","__hipPushCallConfiguration",4160312,4160312,1970,698479925486577,698479925486617
"HIP_COMPILER_API_EXT","__hipPopCallConfiguration",4160312,4160312,1971,698479925487098,698479925487138
"HIP_RUNTIME_API_EXT","hipLaunchKernel",4160312,4160312,1972,698479925487549,698479925491777
"HIP_RUNTIME_API_EXT","hipGetLastError",4160312,4160312,1973,698479925492408,698479925492438
"HIP_COMPILER_API_EXT","__hipPushCallConfiguration",4160312,4160312,1974,698479925492889,698479925492929
"HIP_COMPILER_API_EXT","__hipPopCallConfiguration",4160312,4160312,1975,698479925493350,698479925493400
"HIP_RUNTIME_API_EXT","hipLaunchKernel",4160312,4160312,1976,698479925494432,698479925497398
"HIP_RUNTIME_API_EXT","hipGetLastError",4160312,4160312,1977,698479925497909,698479925497939
"HIP_COMPILER_API_EXT","__hipPushCallConfiguration",4160312,4160312,1978,698479925498410,698479925498450
"HIP_COMPILER_API_EXT","__hipPopCallConfiguration",4160312,4160312,1979,698479925499231,698479925499271
"HIP_RUNTIME_API_EXT","hipLaunchKernel",4160312,4160312,1980,698479925499832,698479925502878
"HIP_RUNTIME_API_EXT","hipGetLastError",4160312,4160312,1981,698479925503619,698479925503639
"HIP_RUNTIME_API_EXT","hipSetDevice",4160312,4160312,1982,698479925504010,698479925504050
"HIP_COMPILER_API_EXT","__hipPushCallConfiguration",4160312,4160312,1983,698479925504441,698479925504481
"HIP_COMPILER_API_EXT","__hipPopCallConfiguration",4160312,4160312,1984,698479925504922,698479925504962
"HIP_RUNTIME_API_EXT","hipLaunchKernel",4160312,4160312,1985,698479925505743,698479925509330
"HIP_RUNTIME_API_EXT","hipGetLastError",4160312,4160312,1986,698479925509871,698479925509901
"HIP_COMPILER_API_EXT","__hipPushCallConfiguration",4160312,4160312,1987,698479925510402,698479925510442
"HIP_COMPILER_API_EXT","__hipPopCallConfiguration",4160312,4160312,1988,698479925510883,698479925510923
"HIP_RUNTIME_API_EXT","hipLaunchKernel",4160312,4160312,1989,698479925511554,698479925515752
"HIP_RUNTIME_API_EXT","hipGetLastError",4160312,4160312,1990,698479925516293,698479925516323
"HIP_COMPILER_API_EXT","__hipPushCallConfiguration",4160312,4160312,1991,698479925516764,698479925516804
"HIP_COMPILER_API_EXT","__hipPopCallConfiguration",4160312,4160312,1992,698479925517255,698479925517295
"HIP_RUNTIME_API_EXT","hipLaunchKernel",4160312,4160312,1993,698479925517736,698479925521102
"HIP_RUNTIME_API_EXT","hipGetLastError",4160312,4160312,1994,698479925521653,698479925521683
"HIP_RUNTIME_API_EXT","hipSetDevice",4160312,4160312,1995,698479925521994,698479925522034
"HIP_COMPILER_API_EXT","__hipPushCallConfiguration",4160312,4160312,1996,698479925522405,698479925522445
"HIP_COMPILER_API_EXT","__hipPopCallConfiguration",4160312,4160312,1997,698479925522906,698479925522956
"HIP_RUNTIME_API_EXT","hipLaunchKernel",4160312,4160312,1998,698479925523557,698479925526883
"HIP_RUNTIME_API_EXT","hipGetLastError",4160312,4160312,1999,698479925527514,698479925527544
"HIP_COMPILER_API_EXT","__hipPushCallConfiguration",4160312,4160312,2000,698479925527855,698479925527905
"HIP_COMPILER_API_EXT","__hipPopCallConfiguration",4160312,4160312,2001,698479925528296,698479925528336
"HIP_RUNTIME_API_EXT","hipLaunchKernel",4160312,4160312,2002,698479925528707,698479925533415
"HIP_RUNTIME_API_EXT","hipGetLastError",4160312,4160312,2003,698479925533806,698479925533836
"HIP_COMPILER_API_EXT","__hipPushCallConfiguration",4160312,4160312,2004,698479925534277,698479925534327
"HIP_COMPILER_API_EXT","__hipPopCallConfiguration",4160312,4160312,2005,698479925535129,698479925535179
"HIP_RUNTIME_API_EXT","hipLaunchKernel",4160312,4160312,2006,698479925535950,698479925539327
"HIP_RUNTIME_API_EXT","hipGetLastError",4160312,4160312,2007,698479925539767,698479925539797
"HIP_RUNTIME_API_EXT","hipSetDevice",4160312,4160312,2008,698479925540188,698479925540228
"HIP_COMPILER_API_EXT","__hipPushCallConfiguration",4160312,4160312,2009,698479925540900,698479925540950
"HIP_COMPILER_API_EXT","__hipPopCallConfiguration",4160312,4160312,2010,698479925541411,698479925541451
"HIP_RUNTIME_API_EXT","hipLaunchKernel",4160312,4160312,2011,698479925541841,698479925545548
"HIP_RUNTIME_API_EXT","hipGetLastError",4160312,4160312,2012,698479925546129,698479925546159
"HIP_COMPILER_API_EXT","__hipPushCallConfiguration",4160312,4160312,2013,698479925546961,698479925547011
"HIP_COMPILER_API_EXT","__hipPopCallConfiguration",4160312,4160312,2014,698479925547352,698479925547392
"HIP_RUNTIME_API_EXT","hipLaunchKernel",4160312,4160312,2015,698479925548153,698479925551159
"HIP_RUNTIME_API_EXT","hipGetLastError",4160312,4160312,2016,698479925551690,698479925551720
"HIP_COMPILER_API_EXT","__hipPushCallConfiguration",4160312,4160312,2017,698479925552071,698479925552111
"HIP_COMPILER_API_EXT","__hipPopCallConfiguration",4160312,4160312,2018,698479925552511,698479925552561
"HIP_RUNTIME_API_EXT","hipLaunchKernel",4160312,4160312,2019,698479925553273,698479925556689
"HIP_RUNTIME_API_EXT","hipGetLastError",4160312,4160312,2020,698479925557210,698479925557240
"HIP_RUNTIME_API_EXT","hipSetDevice",4160312,4160312,2021,698479925558162,698479925558202
"HIP_COMPILER_API_EXT","__hipPushCallConfiguration",4160312,4160312,2022,698479925558863,698479925558913
"HIP_COMPILER_API_EXT","__hipPopCallConfiguration",4160312,4160312,2023,698479925559274,698479925559314
"HIP_RUNTIME_API_EXT","hipLaunchKernel",4160312,4160312,2024,698479925559985,698479925563873
"HIP_RUNTIME_API_EXT","hipGetLastError",4160312,4160312,2025,698479925564474,698479925564504
"HIP_COMPILER_API_EXT","__hipPushCallConfiguration",4160312,4160312,2026,698479925564965,698479925565005
"HIP_COMPILER_API_EXT","__hipPopCallConfiguration",4160312,4160312,2027,698479925565446,698479925565486
"HIP_RUNTIME_API_EXT","hipLaunchKernel",4160312,4160312,2028,698479925566167,698479925570145
"HIP_RUNTIME_API_EXT","hipGetLastError",4160312,4160312,2029,698479925570796,698479925570826
"HIP_COMPILER_API_EXT","__hipPushCallConfiguration",4160312,4160312,2030,698479925571227,698479925571267
"HIP_COMPILER_API_EXT","__hipPopCallConfiguration",4160312,4160312,2031,698479925571677,698479925571717
"HIP_RUNTIME_API_EXT","hipLaunchKernel",4160312,4160312,2032,698479925572269,698479925575645
"HIP_RUNTIME_API_EXT","hipGetLastError",4160312,4160312,2033,698479925576366,698479925576396
"HIP_RUNTIME_API_EXT","hipSetDevice",4160312,4160312,2034,698479925576747,698479925576787
"HIP_COMPILER_API_EXT","__hipPushCallConfiguration",4160312,4160312,2035,698479925577158,698479925577208
"HIP_COMPILER_API_EXT","__hipPopCallConfiguration",4160312,4160312,2036,698479925577649,698479925577689
"HIP_RUNTIME_API_EXT","hipLaunchKernel",4160312,4160312,2037,698479925578069,698479925581426
"HIP_RUNTIME_API_EXT","hipGetLastError",4160312,4160312,2038,698479925582247,698479925582277
"HIP_COMPILER_API_EXT","__hipPushCallConfiguration",4160312,4160312,2039,698479925582628,698479925582678
"HIP_COMPILER_API_EXT","__hipPopCallConfiguration",4160312,4160312,2040,698479925583119,698479925583169
"HIP_RUNTIME_API_EXT","hipLaunchKernel",4160312,4160312,2041,698479925583660,698479925588599
"HIP_RUNTIME_API_EXT","hipGetLastError",4160312,4160312,2042,698479925589160,698479925589190
"HIP_COMPILER_API_EXT","__hipPushCallConfiguration",4160312,4160312,2043,698479925594330,698479925594510
"HIP_COMPILER_API_EXT","__hipPopCallConfiguration",4160312,4160312,2044,698479925595182,698479925595232
"HIP_RUNTIME_API_EXT","hipLaunchKernel",4160312,4160312,2045,698479925595823,698479925599600
"HIP_RUNTIME_API_EXT","hipGetLastError",4160312,4160312,2046,698479925600552,698479925600582
"HIP_RUNTIME_API_EXT","hipSetDevice",4160312,4160312,2047,698479925601103,698479925601143
"HIP_COMPILER_API_EXT","__hipPushCallConfiguration",4160312,4160312,2048,698479925604870,698479925604910
"HIP_COMPILER_API_EXT","__hipPopCallConfiguration",4160312,4160312,2049,698479925606032,698479925606072
"HIP_RUNTIME_API_EXT","hipLaunchKernel",4160312,4160312,2050,698479925606643,698479925610370
"HIP_RUNTIME_API_EXT","hipGetLastError",4160312,4160312,2051,698479925610901,698479925610931
"HIP_COMPILER_API_EXT","__hipPushCallConfiguration",4160312,4160312,2052,698479925611332,698479925611372
"HIP_COMPILER_API_EXT","__hipPopCallConfiguration",4160312,4160312,2053,698479925611793,698479925611833
"HIP_RUNTIME_API_EXT","hipLaunchKernel",4160312,4160312,2054,698479925612214,698479925615780
"HIP_RUNTIME_API_EXT","hipGetLastError",4160312,4160312,2055,698479925616251,698479925616281
"HIP_COMPILER_API_EXT","__hipPushCallConfiguration",4160312,4160312,2056,698479925617403,698479925617453
"HIP_COMPILER_API_EXT","__hipPopCallConfiguration",4160312,4160312,2057,698479925618065,698479925618115
"HIP_RUNTIME_API_EXT","hipLaunchKernel",4160312,4160312,2058,698479925619137,698479925624437
"HIP_RUNTIME_API_EXT","hipGetLastError",4160312,4160312,2059,698479925625178,698479925625208
"HIP_RUNTIME_API_EXT","hipSetDevice",4160312,4160312,2060,698479925625589,698479925625639
"HIP_COMPILER_API_EXT","__hipPushCallConfiguration",4160312,4160312,2061,698479925626110,698479925626150
"HIP_COMPILER_API_EXT","__hipPopCallConfiguration",4160312,4160312,2062,698479925627152,698479925627202
"HIP_RUNTIME_API_EXT","hipLaunchKernel",4160312,4160312,2063,698479925627763,698479925632141
"HIP_RUNTIME_API_EXT","hipGetLastError",4160312,4160312,2064,698479925633123,698479925633153
"HIP_COMPILER_API_EXT","__hipPushCallConfiguration",4160312,4160312,2065,698479925633544,698479925633594
"HIP_COMPILER_API_EXT","__hipPopCallConfiguration",4160312,4160312,2066,698479925634075,698479925634125
"HIP_RUNTIME_API_EXT","hipLaunchKernel",4160312,4160312,2067,698479925635017,698479925638223
"HIP_RUNTIME_API_EXT","hipGetLastError",4160312,4160312,2068,698479925638864,698479925638894
"HIP_RUNTIME_API_EXT","hipSetDevice",4160312,4160312,2069,698479925639435,698479925639475
"HIP_COMPILER_API_EXT","__hipPushCallConfiguration",4160312,4160312,2070,698479925639886,698479925639936
"HIP_COMPILER_API_EXT","__hipPopCallConfiguration",4160312,4160312,2071,698479925640367,698479925640407
"HIP_RUNTIME_API_EXT","hipLaunchKernel",4160312,4160312,2072,698479925640857,698479925644534
"HIP_RUNTIME_API_EXT","hipGetLastError",4160312,4160312,2073,698479925645206,698479925645236
"HIP_RUNTIME_API_EXT","hipDeviceSynchronize",4160312,4160312,2074,698479925645536,698479925705629
"HIP_RUNTIME_API_EXT","hipSetDevice",4160312,4160312,2075,698479925707703,698479925707743
"HIP_COMPILER_API_EXT","__hipPushCallConfiguration",4160312,4160312,2076,698479925708234,698479925708284
"HIP_COMPILER_API_EXT","__hipPopCallConfiguration",4160312,4160312,2077,698479925708675,698479925708715
"HIP_RUNTIME_API_EXT","hipLaunchKernel",4160312,4160312,2078,698479925709096,698479925714606
"HIP_RUNTIME_API_EXT","hipGetLastError",4160312,4160312,2079,698479925716470,698479925716500
"HIP_RUNTIME_API_EXT","hipDeviceSynchronize",4160312,4160312,2080,698479925716820,698479925807581
"HIP_COMPILER_API_EXT","__hipPushCallConfiguration",4160312,4160312,2081,698479925812300,698479925812340
"HIP_COMPILER_API_EXT","__hipPopCallConfiguration",4160312,4160312,2082,698479925812701,698479925812751
"HIP_RUNTIME_API_EXT","hipLaunchKernel",4160312,4160312,2083,698479925813312,698479925817450
"HIP_RUNTIME_API_EXT","hipGetLastError",4160312,4160312,2084,698479925817810,698479925817850
"HIP_COMPILER_API_EXT","__hipPushCallConfiguration",4160312,4160312,2085,698479925818281,698479925818331
"HIP_COMPILER_API_EXT","__hipPopCallConfiguration",4160312,4160312,2086,698479925818982,698479925819022
"HIP_RUNTIME_API_EXT","hipLaunchKernel",4160312,4160312,2087,698479925819954,698479925822950
"HIP_RUNTIME_API_EXT","hipGetLastError",4160312,4160312,2088,698479925823381,698479925823411
"HIP_COMPILER_API_EXT","__hipPushCallConfiguration",4160312,4160312,2089,698479925823922,698479925823962
"HIP_COMPILER_API_EXT","__hipPopCallConfiguration",4160312,4160312,2090,698479925824302,698479925824342
"HIP_RUNTIME_API_EXT","hipLaunchKernel",4160312,4160312,2091,698479925824884,698479925828450
"HIP_RUNTIME_API_EXT","hipGetLastError",4160312,4160312,2092,698479925828911,698479925828941
"HIP_RUNTIME_API_EXT","hipMemcpy",4160312,4160312,2093,698479925829332,698479925854058
"HIP_RUNTIME_API_EXT","hipMemcpy",4160312,4160312,2094,698479925855231,698479925878204
"HIP_RUNTIME_API_EXT","hipSetDevice",4160312,4160312,2095,698479925880779,698479925880819
"HIP_RUNTIME_API_EXT","hipMemset",4160312,4160312,2096,698479925882482,698479925887191
"HIP_RUNTIME_API_EXT","hipMemcpy",4160312,4160312,2097,698479925887611,698479925918419
"HIP_RUNTIME_API_EXT","hipMemcpy",4160312,4160312,2098,698479925919000,698479925941663
"HIP_COMPILER_API_EXT","__hipPushCallConfiguration",4160312,4160312,2099,698479925942435,698479925942475
"HIP_COMPILER_API_EXT","__hipPopCallConfiguration",4160312,4160312,2100,698479925942835,698479925942875
"HIP_RUNTIME_API_EXT","hipLaunchKernel",4160312,4160312,2101,698479925945641,698479925950830
"HIP_RUNTIME_API_EXT","hipGetLastError",4160312,4160312,2102,698479926014300,698479926014330
"HIP_RUNTIME_API_EXT","hipSetDevice",4160312,4160312,2103,698479926015041,698479926015101
"HIP_COMPILER_API_EXT","__hipPushCallConfiguration",4160312,4160312,2104,698479926015532,698479926015572
"HIP_COMPILER_API_EXT","__hipPopCallConfiguration",4160312,4160312,2105,698479926016023,698479926016063
"HIP_RUNTIME_API_EXT","hipLaunchKernel",4160312,4160312,2106,698479926016534,698479926021012
"HIP_RUNTIME_API_EXT","hipGetLastError",4160312,4160312,2107,698479926021353,698479926021383
"HIP_COMPILER_API_EXT","__hipPushCallConfiguration",4160312,4160312,2108,698479926021694,698479926021744
"HIP_COMPILER_API_EXT","__hipPopCallConfiguration",4160312,4160312,2109,698479926022084,698479926022134
"HIP_RUNTIME_API_EXT","hipLaunchKernel",4160312,4160312,2110,698479926022565,698479926026132
"HIP_RUNTIME_API_EXT","hipGetLastError",4160312,4160312,2111,698479926026703,698479926026733
"HIP_COMPILER_API_EXT","__hipPushCallConfiguration",4160312,4160312,2112,698479926027234,698479926027274
"HIP_COMPILER_API_EXT","__hipPopCallConfiguration",4160312,4160312,2113,698479926027995,698479926028035
"HIP_RUNTIME_API_EXT","hipLaunchKernel",4160312,4160312,2114,698479926028576,698479926031662
"HIP_RUNTIME_API_EXT","hipGetLastError",4160312,4160312,2115,698479926032193,698479926032223
"HIP_RUNTIME_API_EXT","hipSetDevice",4160312,4160312,2116,698479926032584,698479926032624
"HIP_COMPILER_API_EXT","__hipPushCallConfiguration",4160312,4160312,2117,698479926033065,698479926033105
"HIP_COMPILER_API_EXT","__hipPopCallConfiguration",4160312,4160312,2118,698479926033856,698479926033907
"HIP_RUNTIME_API_EXT","hipLaunchKernel",4160312,4160312,2119,698479926034277,698479926037754
"HIP_RUNTIME_API_EXT","hipGetLastError",4160312,4160312,2120,698479926038335,698479926038365
"HIP_COMPILER_API_EXT","__hipPushCallConfiguration",4160312,4160312,2121,698479926038685,698479926038736
"HIP_COMPILER_API_EXT","__hipPopCallConfiguration",4160312,4160312,2122,698479926039136,698479926039176
"HIP_RUNTIME_API_EXT","hipLaunchKernel",4160312,4160312,2123,698479926039637,698479926042783
"HIP_RUNTIME_API_EXT","hipGetLastError",4160312,4160312,2124,698479926043334,698479926043354
"HIP_COMPILER_API_EXT","__hipPushCallConfiguration",4160312,4160312,2125,698479926043835,698479926043885
"HIP_COMPILER_API_EXT","__hipPopCallConfiguration",4160312,4160312,2126,698479926044466,698479926044506
"HIP_RUNTIME_API_EXT","hipLaunchKernel",4160312,4160312,2127,698479926044977,698479926048153
"HIP_RUNTIME_API_EXT","hipGetLastError",4160312,4160312,2128,698479926048564,698479926048594
"HIP_RUNTIME_API_EXT","hipSetDevice",4160312,4160312,2129,698479926049085,698479926049125
"HIP_COMPILER_API_EXT","__hipPushCallConfiguration",4160312,4160312,2130,698479926049436,698479926049486
"HIP_COMPILER_API_EXT","__hipPopCallConfiguration",4160312,4160312,2131,698479926050027,698479926050077
"HIP_RUNTIME_API_EXT","hipLaunchKernel",4160312,4160312,2132,698479926050918,698479926054034
"HIP_RUNTIME_API_EXT","hipGetLastError",4160312,4160312,2133,698479926054385,698479926054415
"HIP_COMPILER_API_EXT","__hipPushCallConfiguration",4160312,4160312,2134,698479926054786,698479926054836
"HIP_COMPILER_API_EXT","__hipPopCallConfiguration",4160312,4160312,2135,698479926055327,698479926055367
"HIP_RUNTIME_API_EXT","hipLaunchKernel",4160312,4160312,2136,698479926057250,698479926060306
"HIP_RUNTIME_API_EXT","hipGetLastError",4160312,4160312,2137,698479926061228,698479926061258
"HIP_COMPILER_API_EXT","__hipPushCallConfiguration",4160312,4160312,2138,698479926061639,698479926061679
"HIP_COMPILER_API_EXT","__hipPopCallConfiguration",4160312,4160312,2139,698479926062029,698479926062079
"HIP_RUNTIME_API_EXT","hipLaunchKernel",4160312,4160312,2140,698479926062450,698479926065686
"HIP_RUNTIME_API_EXT","hipGetLastError",4160312,4160312,2141,698479926066047,698479926066077
"HIP_RUNTIME_API_EXT","hipSetDevice",4160312,4160312,2142,698479926066598,698479926066638
"HIP_COMPILER_API_EXT","__hipPushCallConfiguration",4160312,4160312,2143,698479926067089,698479926067139
"HIP_COMPILER_API_EXT","__hipPopCallConfiguration",4160312,4160312,2144,698479926067580,698479926067630
"HIP_RUNTIME_API_EXT","hipLaunchKernel",4160312,4160312,2145,698479926068021,698479926071317
"HIP_RUNTIME_API_EXT","hipGetLastError",4160312,4160312,2146,698479926071647,698479926071678
"HIP_COMPILER_API_EXT","__hipPushCallConfiguration",4160312,4160312,2147,698479926072289,698479926072329
"HIP_COMPILER_API_EXT","__hipPopCallConfiguration",4160312,4160312,2148,698479926072920,698479926072960
"HIP_RUNTIME_API_EXT","hipLaunchKernel",4160312,4160312,2149,698479926073701,698479926077518
"HIP_RUNTIME_API_EXT","hipGetLastError",4160312,4160312,2150,698479926077889,698479926077919
"HIP_COMPILER_API_EXT","__hipPushCallConfiguration",4160312,4160312,2151,698479926078420,698479926078460
"HIP_COMPILER_API_EXT","__hipPopCallConfiguration",4160312,4160312,2152,698479926079272,698479926079312
"HIP_RUNTIME_API_EXT","hipLaunchKernel",4160312,4160312,2153,698479926079873,698479926083149
"HIP_RUNTIME_API_EXT","hipGetLastError",4160312,4160312,2154,698479926083921,698479926083951
"HIP_RUNTIME_API_EXT","hipSetDevice",4160312,4160312,2155,698479926084301,698479926084341
"HIP_COMPILER_API_EXT","__hipPushCallConfiguration",4160312,4160312,2156,698479926084782,698479926084822
"HIP_COMPILER_API_EXT","__hipPopCallConfiguration",4160312,4160312,2157,698479926085233,698479926085283
"HIP_RUNTIME_API_EXT","hipLaunchKernel",4160312,4160312,2158,698479926085734,698479926089842
"HIP_RUNTIME_API_EXT","hipGetLastError",4160312,4160312,2159,698479926090483,698479926090513
"HIP_COMPILER_API_EXT","__hipPushCallConfiguration",4160312,4160312,2160,698479926090904,698479926090944
"HIP_COMPILER_API_EXT","__hipPopCallConfiguration",4160312,4160312,2161,698479926091294,698479926091334
"HIP_RUNTIME_API_EXT","hipLaunchKernel",4160312,4160312,2162,698479926091845,698479926094551
"HIP_RUNTIME_API_EXT","hipGetLastError",4160312,4160312,2163,698479926094981,698479926095011
"HIP_COMPILER_API_EXT","__hipPushCallConfiguration",4160312,4160312,2164,698479926095402,698479926095452
"HIP_COMPILER_API_EXT","__hipPopCallConfiguration",4160312,4160312,2165,698479926095793,698479926095843
"HIP_RUNTIME_API_EXT","hipLaunchKernel",4160312,4160312,2166,698479926096274,698479926100101
"HIP_RUNTIME_API_EXT","hipGetLastError",4160312,4160312,2167,698479926100702,698479926100742
"HIP_RUNTIME_API_EXT","hipSetDevice",4160312,4160312,2168,698479926101113,698479926101153
"HIP_COMPILER_API_EXT","__hipPushCallConfiguration",4160312,4160312,2169,698479926101474,698479926101514
"HIP_COMPILER_API_EXT","__hipPopCallConfiguration",4160312,4160312,2170,698479926101924,698479926101964
"HIP_RUNTIME_API_EXT","hipLaunchKernel",4160312,4160312,2171,698479926102816,698479926107044
"HIP_RUNTIME_API_EXT","hipGetLastError",4160312,4160312,2172,698479926107605,698479926107635
"HIP_COMPILER_API_EXT","__hipPushCallConfiguration",4160312,4160312,2173,698479926108557,698479926108597
"HIP_COMPILER_API_EXT","__hipPopCallConfiguration",4160312,4160312,2174,698479926108998,698479926109048
"HIP_RUNTIME_API_EXT","hipLaunchKernel",4160312,4160312,2175,698479926109539,698479926113025
"HIP_RUNTIME_API_EXT","hipGetLastError",4160312,4160312,2176,698479926113416,698479926113446
"HIP_COMPILER_API_EXT","__hipPushCallConfiguration",4160312,4160312,2177,698479926114047,698479926114097
"HIP_COMPILER_API_EXT","__hipPopCallConfiguration",4160312,4160312,2178,698479926116462,698479926116512
"HIP_RUNTIME_API_EXT","hipLaunchKernel",4160312,4160312,2179,698479926116963,698479926120159
"HIP_RUNTIME_API_EXT","hipGetLastError",4160312,4160312,2180,698479926120579,698479926120620
"HIP_RUNTIME_API_EXT","hipSetDevice",4160312,4160312,2181,698479926121141,698479926121181
"HIP_COMPILER_API_EXT","__hipPushCallConfiguration",4160312,4160312,2182,698479926121722,698479926121772
"HIP_COMPILER_API_EXT","__hipPopCallConfiguration",4160312,4160312,2183,698479926122092,698479926122142
"HIP_RUNTIME_API_EXT","hipLaunchKernel",4160312,4160312,2184,698479926122513,698479926126531
"HIP_RUNTIME_API_EXT","hipGetLastError",4160312,4160312,2185,698479926127312,698479926127342
"HIP_COMPILER_API_EXT","__hipPushCallConfiguration",4160312,4160312,2186,698479926128084,698479926128134
"HIP_COMPILER_API_EXT","__hipPopCallConfiguration",4160312,4160312,2187,698479926128484,698479926128524
"HIP_RUNTIME_API_EXT","hipLaunchKernel",4160312,4160312,2188,698479926128925,698479926131991
"HIP_RUNTIME_API_EXT","hipGetLastError",4160312,4160312,2189,698479926132802,698479926132832
"HIP_COMPILER_API_EXT","__hipPushCallConfiguration",4160312,4160312,2190,698479926133213,698479926133263
"HIP_COMPILER_API_EXT","__hipPopCallConfiguration",4160312,4160312,2191,698479926133594,698479926133634
"HIP_RUNTIME_API_EXT","hipLaunchKernel",4160312,4160312,2192,698479926134095,698479926138233
"HIP_RUNTIME_API_EXT","hipGetLastError",4160312,4160312,2193,698479926139605,698479926139635
"HIP_RUNTIME_API_EXT","hipSetDevice",4160312,4160312,2194,698479926140307,698479926140347
"HIP_COMPILER_API_EXT","__hipPushCallConfiguration",4160312,4160312,2195,698479926140797,698479926140838
"HIP_COMPILER_API_EXT","__hipPopCallConfiguration",4160312,4160312,2196,698479926141258,698479926141308
"HIP_RUNTIME_API_EXT","hipLaunchKernel",4160312,4160312,2197,698479926141779,698479926145627
"HIP_RUNTIME_API_EXT","hipGetLastError",4160312,4160312,2198,698479926146378,698479926146408
"HIP_COMPILER_API_EXT","__hipPushCallConfiguration",4160312,4160312,2199,698479926146989,698479926147039
"HIP_COMPILER_API_EXT","__hipPopCallConfiguration",4160312,4160312,2200,698479926147680,698479926147730
"HIP_RUNTIME_API_EXT","hipLaunchKernel",4160312,4160312,2201,698479926148201,698479926154183
"HIP_RUNTIME_API_EXT","hipGetLastError",4160312,4160312,2202,698479926154864,698479926154894
"HIP_COMPILER_API_EXT","__hipPushCallConfiguration",4160312,4160312,2203,698479926155695,698479926155736
"HIP_COMPILER_API_EXT","__hipPopCallConfiguration",4160312,4160312,2204,698479926156226,698479926156267
"HIP_RUNTIME_API_EXT","hipLaunchKernel",4160312,4160312,2205,698479926156717,698479926159573
"HIP_RUNTIME_API_EXT","hipGetLastError",4160312,4160312,2206,698479926159923,698479926159953
"HIP_RUNTIME_API_EXT","hipSetDevice",4160312,4160312,2207,698479926160304,698479926160344
"HIP_COMPILER_API_EXT","__hipPushCallConfiguration",4160312,4160312,2208,698479926160795,698479926160845
"HIP_COMPILER_API_EXT","__hipPopCallConfiguration",4160312,4160312,2209,698479926161246,698479926161296
"HIP_RUNTIME_API_EXT","hipLaunchKernel",4160312,4160312,2210,698479926161667,698479926165654
"HIP_RUNTIME_API_EXT","hipGetLastError",4160312,4160312,2211,698479926166526,698479926166556
"HIP_COMPILER_API_EXT","__hipPushCallConfiguration",4160312,4160312,2212,698479926167207,698479926167257
"HIP_COMPILER_API_EXT","__hipPopCallConfiguration",4160312,4160312,2213,698479926167608,698479926167648
"HIP_RUNTIME_API_EXT","hipLaunchKernel",4160312,4160312,2214,698479926168099,698479926171605
"HIP_RUNTIME_API_EXT","hipGetLastError",4160312,4160312,2215,698479926172096,698479926172126
"HIP_RUNTIME_API_EXT","hipSetDevice",4160312,4160312,2216,698479926172497,698479926172537
"HIP_COMPILER_API_EXT","__hipPushCallConfiguration",4160312,4160312,2217,698479926173198,698479926173248
"HIP_COMPILER_API_EXT","__hipPopCallConfiguration",4160312,4160312,2218,698479926174050,698479926174100
"HIP_RUNTIME_API_EXT","hipLaunchKernel",4160312,4160312,2219,698479926174551,698479926195360
"HIP_RUNTIME_API_EXT","hipGetLastError",4160312,4160312,2220,698479926196061,698479926196091
"HIP_RUNTIME_API_EXT","hipDeviceSynchronize",4160312,4160312,2221,698479926196432,698479926252197
"HIP_RUNTIME_API_EXT","hipSetDevice",4160312,4160312,2222,698479926258609,698479926258649
"HIP_COMPILER_API_EXT","__hipPushCallConfiguration",4160312,4160312,2223,698479926259090,698479926259130
"HIP_COMPILER_API_EXT","__hipPopCallConfiguration",4160312,4160312,2224,698479926259681,698479926259721
"HIP_RUNTIME_API_EXT","hipLaunchKernel",4160312,4160312,2225,698479926260883,698479926271193
"HIP_RUNTIME_API_EXT","hipGetLastError",4160312,4160312,2226,698479926273607,698479926273647
"HIP_RUNTIME_API_EXT","hipDeviceSynchronize",4160312,4160312,2227,698479926273978,698479926363286
"HIP_COMPILER_API_EXT","__hipPushCallConfiguration",4160312,4160312,2228,698479926369427,698479926369477
"HIP_COMPILER_API_EXT","__hipPopCallConfiguration",4160312,4160312,2229,698479926370068,698479926370119
"HIP_RUNTIME_API_EXT","hipLaunchKernel",4160312,4160312,2230,698479926370519,698479926373946
"HIP_RUNTIME_API_EXT","hipGetLastError",4160312,4160312,2231,698479926374447,698479926374477
"HIP_COMPILER_API_EXT","__hipPushCallConfiguration",4160312,4160312,2232,698479926374888,698479926374928
"HIP_COMPILER_API_EXT","__hipPopCallConfiguration",4160312,4160312,2233,698479926375308,698479926375358
"HIP_RUNTIME_API_EXT","hipLaunchKernel",4160312,4160312,2234,698479926375759,698479926379216
"HIP_RUNTIME_API_EXT","hipGetLastError",4160312,4160312,2235,698479926379857,698479926379887
"HIP_COMPILER_API_EXT","__hipPushCallConfiguration",4160312,4160312,2236,698479926380258,698479926380308
"HIP_COMPILER_API_EXT","__hipPopCallConfiguration",4160312,4160312,2237,698479926380739,698479926380779
"HIP_RUNTIME_API_EXT","hipLaunchKernel",4160312,4160312,2238,698479926381470,698479926385177
"HIP_RUNTIME_API_EXT","hipGetLastError",4160312,4160312,2239,698479926385658,698479926385688
"HIP_RUNTIME_API_EXT","hipMemcpy",4160312,4160312,2240,698479926385998,698479926409573
"HIP_RUNTIME_API_EXT","hipMemcpy",4160312,4160312,2241,698479926410625,698479926434239
"HIP_RUNTIME_API_EXT","hipSetDevice",4160312,4160312,2242,698479926437145,698479926437195
"HIP_RUNTIME_API_EXT","hipMemset",4160312,4160312,2243,698479926437946,698479926441573
"HIP_RUNTIME_API_EXT","hipMemcpy",4160312,4160312,2244,698479926442054,698479926474104
"HIP_RUNTIME_API_EXT","hipMemcpy",4160312,4160312,2245,698479926474635,698479926498089
"HIP_COMPILER_API_EXT","__hipPushCallConfiguration",4160312,4160312,2246,698479926499061,698479926499101
"HIP_COMPILER_API_EXT","__hipPopCallConfiguration",4160312,4160312,2247,698479926499602,698479926499652
"HIP_RUNTIME_API_EXT","hipLaunchKernel",4160312,4160312,2248,698479926500393,698479926505363
"HIP_RUNTIME_API_EXT","hipGetLastError",4160312,4160312,2249,698479926505884,698479926505914
"HIP_RUNTIME_API_EXT","hipSetDevice",4160312,4160312,2250,698479926506335,698479926506385
"HIP_COMPILER_API_EXT","__hipPushCallConfiguration",4160312,4160312,2251,698479926506816,698479926506856
"HIP_COMPILER_API_EXT","__hipPopCallConfiguration",4160312,4160312,2252,698479926507327,698479926507377
"HIP_RUNTIME_API_EXT","hipLaunchKernel",4160312,4160312,2253,698479926507918,698479926511575
"HIP_RUNTIME_API_EXT","hipGetLastError",4160312,4160312,2254,698479926511995,698479926512025
"HIP_COMPILER_API_EXT","__hipPushCallConfiguration",4160312,4160312,2255,698479926512416,698479926512456
"HIP_COMPILER_API_EXT","__hipPopCallConfiguration",4160312,4160312,2256,698479926512777,698479926512827
"HIP_RUNTIME_API_EXT","hipLaunchKernel",4160312,4160312,2257,698479926513328,698479926516614
"HIP_RUNTIME_API_EXT","hipGetLastError",4160312,4160312,2258,698479926516965,698479926516985
"HIP_COMPILER_API_EXT","__hipPushCallConfiguration",4160312,4160312,2259,698479926517426,698479926517476
"HIP_COMPILER_API_EXT","__hipPopCallConfiguration",4160312,4160312,2260,698479926517896,698479926517936
"HIP_RUNTIME_API_EXT","hipLaunchKernel",4160312,4160312,2261,698479926518337,698479926521734
"HIP_RUNTIME_API_EXT","hipGetLastError",4160312,4160312,2262,698479926522144,698479926522174
"HIP_RUNTIME_API_EXT","hipSetDevice",4160312,4160312,2263,698479926522585,698479926522625
"HIP_COMPILER_API_EXT","__hipPushCallConfiguration",4160312,4160312,2264,698479926523848,698479926523898
"HIP_COMPILER_API_EXT","__hipPopCallConfiguration",4160312,4160312,2265,698479926524429,698479926524469
"HIP_RUNTIME_API_EXT","hipLaunchKernel",4160312,4160312,2266,698479926524910,698479926528667
"HIP_RUNTIME_API_EXT","hipGetLastError",4160312,4160312,2267,698479926529198,698479926529228
"HIP_COMPILER_API_EXT","__hipPushCallConfiguration",4160312,4160312,2268,698479926529548,698479926529588
"HIP_COMPILER_API_EXT","__hipPopCallConfiguration",4160312,4160312,2269,698479926530119,698479926530159
"HIP_RUNTIME_API_EXT","hipLaunchKernel",4160312,4160312,2270,698479926530610,698479926533806
"HIP_RUNTIME_API_EXT","hipGetLastError",4160312,4160312,2271,698479926534177,698479926534207
"HIP_COMPILER_API_EXT","__hipPushCallConfiguration",4160312,4160312,2272,698479926534628,698479926534678
"HIP_COMPILER_API_EXT","__hipPopCallConfiguration",4160312,4160312,2273,698479926535109,698479926535149
"HIP_RUNTIME_API_EXT","hipLaunchKernel",4160312,4160312,2274,698479926535560,698479926538685
"HIP_RUNTIME_API_EXT","hipGetLastError",4160312,4160312,2275,698479926539026,698479926539056
"HIP_RUNTIME_API_EXT","hipSetDevice",4160312,4160312,2276,698479926539357,698479926539397
"HIP_COMPILER_API_EXT","__hipPushCallConfiguration",4160312,4160312,2277,698479926539717,698479926539768
"HIP_COMPILER_API_EXT","__hipPopCallConfiguration",4160312,4160312,2278,698479926540258,698479926540299
"HIP_RUNTIME_API_EXT","hipLaunchKernel",4160312,4160312,2279,698479926541871,698479926545268
"HIP_RUNTIME_API_EXT","hipGetLastError",4160312,4160312,2280,698479926546139,698479926546170
"HIP_COMPILER_API_EXT","__hipPushCallConfiguration",4160312,4160312,2281,698479926546580,698479926546630
"HIP_COMPILER_API_EXT","__hipPopCallConfiguration",4160312,4160312,2282,698479926546961,698479926547001
"HIP_RUNTIME_API_EXT","hipLaunchKernel",4160312,4160312,2283,698479926547522,698479926551500
"HIP_RUNTIME_API_EXT","hipGetLastError",4160312,4160312,2284,698479926552141,698479926552171
"HIP_COMPILER_API_EXT","__hipPushCallConfiguration",4160312,4160312,2285,698479926552612,698479926552662
"HIP_COMPILER_API_EXT","__hipPopCallConfiguration",4160312,4160312,2286,698479926553002,698479926553042
"HIP_RUNTIME_API_EXT","hipLaunchKernel",4160312,4160312,2287,698479926553583,698479926556890
"HIP_RUNTIME_API_EXT","hipGetLastError",4160312,4160312,2288,698479926557290,698479926557321
"HIP_RUNTIME_API_EXT","hipSetDevice",4160312,4160312,2289,698479926557641,698479926557691
"HIP_COMPILER_API_EXT","__hipPushCallConfiguration",4160312,4160312,2290,698479926558072,698479926558122
"HIP_COMPILER_API_EXT","__hipPopCallConfiguration",4160312,4160312,2291,698479926558533,698479926558573
"HIP_RUNTIME_API_EXT","hipLaunchKernel",4160312,4160312,2292,698479926558944,698479926561869
"HIP_RUNTIME_API_EXT","hipGetLastError",4160312,4160312,2293,698479926562220,698479926562250
"HIP_COMPILER_API_EXT","__hipPushCallConfiguration",4160312,4160312,2294,698479926562721,698479926562761
"HIP_COMPILER_API_EXT","__hipPopCallConfiguration",4160312,4160312,2295,698479926563182,698479926563222
"HIP_RUNTIME_API_EXT","hipLaunchKernel",4160312,4160312,2296,698479926564183,698479926567470
"HIP_RUNTIME_API_EXT","hipGetLastError",4160312,4160312,2297,698479926568221,698479926568251
"HIP_COMPILER_API_EXT","__hipPushCallConfiguration",4160312,4160312,2298,698479926569012,698479926569063
"HIP_COMPILER_API_EXT","__hipPopCallConfiguration",4160312,4160312,2299,698479926569453,698479926569493
"HIP_RUNTIME_API_EXT","hipLaunchKernel",4160312,4160312,2300,698479926570034,698479926573892
"HIP_RUNTIME_API_EXT","hipGetLastError",4160312,4160312,2301,698479926574623,698479926574653
"HIP_RUNTIME_API_EXT","hipSetDevice",4160312,4160312,2302,698479926574964,698479926575004
"HIP_COMPILER_API_EXT","__hipPushCallConfiguration",4160312,4160312,2303,698479926575465,698479926575505
"HIP_COMPILER_API_EXT","__hipPopCallConfiguration",4160312,4160312,2304,698479926575956,698479926576006
"HIP_RUNTIME_API_EXT","hipLaunchKernel",4160312,4160312,2305,698479926577088,698479926582949
"HIP_RUNTIME_API_EXT","hipGetLastError",4160312,4160312,2306,698479926583640,698479926583670
"HIP_COMPILER_API_EXT","__hipPushCallConfiguration",4160312,4160312,2307,698479926584151,698479926584191
"HIP_COMPILER_API_EXT","__hipPopCallConfiguration",4160312,4160312,2308,698479926584622,698479926584662
"HIP_RUNTIME_API_EXT","hipLaunchKernel",4160312,4160312,2309,698479926585203,698479926588189
"HIP_RUNTIME_API_EXT","hipGetLastError",4160312,4160312,2310,698479926588639,698479926588669
"HIP_COMPILER_API_EXT","__hipPushCallConfiguration",4160312,4160312,2311,698479926589060,698479926589100
"HIP_COMPILER_API_EXT","__hipPopCallConfiguration",4160312,4160312,2312,698479926589621,698479926589661
"HIP_RUNTIME_API_EXT","hipLaunchKernel",4160312,4160312,2313,698479926590282,698479926593468
"HIP_RUNTIME_API_EXT","hipGetLastError",4160312,4160312,2314,698479926593859,698479926593889
"HIP_RUNTIME_API_EXT","hipSetDevice",4160312,4160312,2315,698479926594240,698479926594280
"HIP_COMPILER_API_EXT","__hipPushCallConfiguration",4160312,4160312,2316,698479926594591,698479926594641
"HIP_COMPILER_API_EXT","__hipPopCallConfiguration",4160312,4160312,2317,698479926595172,698479926595212
"HIP_RUNTIME_API_EXT","hipLaunchKernel",4160312,4160312,2318,698479926596304,698479926599630
"HIP_RUNTIME_API_EXT","hipGetLastError",4160312,4160312,2319,698479926600412,698479926600442
"HIP_COMPILER_API_EXT","__hipPushCallConfiguration",4160312,4160312,2320,698479926600872,698479926600922
"HIP_COMPILER_API_EXT","__hipPopCallConfiguration",4160312,4160312,2321,698479926601263,698479926601313
"HIP_RUNTIME_API_EXT","hipLaunchKernel",4160312,4160312,2322,698479926602085,698479926605762
"HIP_RUNTIME_API_EXT","hipGetLastError",4160312,4160312,2323,698479926606733,698479926606763
"HIP_COMPILER_API_EXT","__hipPushCallConfiguration",4160312,4160312,2324,698479926607325,698479926607375
"HIP_COMPILER_API_EXT","__hipPopCallConfiguration",4160312,4160312,2325,698479926607815,698479926607866
"HIP_RUNTIME_API_EXT","hipLaunchKernel",4160312,4160312,2326,698479926608417,698479926611322
"HIP_RUNTIME_API_EXT","hipGetLastError",4160312,4160312,2327,698479926611783,698479926611813
"HIP_RUNTIME_API_EXT","hipSetDevice",4160312,4160312,2328,698479926612264,698479926612304
"HIP_COMPILER_API_EXT","__hipPushCallConfiguration",4160312,4160312,2329,698479926612745,698479926612785
"HIP_COMPILER_API_EXT","__hipPopCallConfiguration",4160312,4160312,2330,698479926613166,698479926613216
"HIP_RUNTIME_API_EXT","hipLaunchKernel",4160312,4160312,2331,698479926613777,698479926616472
"HIP_RUNTIME_API_EXT","hipGetLastError",4160312,4160312,2332,698479926616862,698479926616893
"HIP_COMPILER_API_EXT","__hipPushCallConfiguration",4160312,4160312,2333,698479926617454,698479926617494
"HIP_COMPILER_API_EXT","__hipPopCallConfiguration",4160312,4160312,2334,698479926617894,698479926617934
"HIP_RUNTIME_API_EXT","hipLaunchKernel",4160312,4160312,2335,698479926618375,698479926621491
"HIP_RUNTIME_API_EXT","hipGetLastError",4160312,4160312,2336,698479926623164,698479926623204
"HIP_COMPILER_API_EXT","__hipPushCallConfiguration",4160312,4160312,2337,698479926623675,698479926623715
"HIP_COMPILER_API_EXT","__hipPopCallConfiguration",4160312,4160312,2338,698479926624056,698479926624096
"HIP_RUNTIME_API_EXT","hipLaunchKernel",4160312,4160312,2339,698479926624467,698479926628635
"HIP_RUNTIME_API_EXT","hipGetLastError",4160312,4160312,2340,698479926629166,698479926629196
"HIP_RUNTIME_API_EXT","hipSetDevice",4160312,4160312,2341,698479926629687,698479926629727
"HIP_COMPILER_API_EXT","__hipPushCallConfiguration",4160312,4160312,2342,698479926630107,698479926630147
"HIP_COMPILER_API_EXT","__hipPopCallConfiguration",4160312,4160312,2343,698479926630518,698479926630568
"HIP_RUNTIME_API_EXT","hipLaunchKernel",4160312,4160312,2344,698479926631300,698479926635067
"HIP_RUNTIME_API_EXT","hipGetLastError",4160312,4160312,2345,698479926635467,698479926635497
"HIP_COMPILER_API_EXT","__hipPushCallConfiguration",4160312,4160312,2346,698479926636089,698479926636129
"HIP_COMPILER_API_EXT","__hipPopCallConfiguration",4160312,4160312,2347,698479926636459,698479926636499
"HIP_RUNTIME_API_EXT","hipLaunchKernel",4160312,4160312,2348,698479926636880,698479926641078
"HIP_RUNTIME_API_EXT","hipGetLastError",4160312,4160312,2349,698479926642070,698479926642100
"HIP_COMPILER_API_EXT","__hipPushCallConfiguration",4160312,4160312,2350,698479926642651,698479926642691
"HIP_COMPILER_API_EXT","__hipPopCallConfiguration",4160312,4160312,2351,698479926643082,698479926643132
"HIP_RUNTIME_API_EXT","hipLaunchKernel",4160312,4160312,2352,698479926643693,698479926647320
"HIP_RUNTIME_API_EXT","hipGetLastError",4160312,4160312,2353,698479926647781,698479926647811
"HIP_RUNTIME_API_EXT","hipSetDevice",4160312,4160312,2354,698479926648141,698479926648191
"HIP_COMPILER_API_EXT","__hipPushCallConfiguration",4160312,4160312,2355,698479926648893,698479926648943
"HIP_COMPILER_API_EXT","__hipPopCallConfiguration",4160312,4160312,2356,698479926649394,698479926649434
"HIP_RUNTIME_API_EXT","hipLaunchKernel",4160312,4160312,2357,698479926650085,698479926652970
"HIP_RUNTIME_API_EXT","hipGetLastError",4160312,4160312,2358,698479926653732,698479926653762
"HIP_COMPILER_API_EXT","__hipPushCallConfiguration",4160312,4160312,2359,698479926654473,698479926654513
"HIP_COMPILER_API_EXT","__hipPopCallConfiguration",4160312,4160312,2360,698479926654994,698479926655034
"HIP_RUNTIME_API_EXT","hipLaunchKernel",4160312,4160312,2361,698479926655605,698479926660374
"HIP_RUNTIME_API_EXT","hipGetLastError",4160312,4160312,2362,698479926661256,698479926661286
"HIP_RUNTIME_API_EXT","hipSetDevice",4160312,4160312,2363,698479926661617,698479926661657
"HIP_COMPILER_API_EXT","__hipPushCallConfiguration",4160312,4160312,2364,698479926662087,698479926662128
"HIP_COMPILER_API_EXT","__hipPopCallConfiguration",4160312,4160312,2365,698479926662578,698479926662618
"HIP_RUNTIME_API_EXT","hipLaunchKernel",4160312,4160312,2366,698479926667287,698479926676194
"HIP_RUNTIME_API_EXT","hipGetLastError",4160312,4160312,2367,698479926679109,698479926679140
"HIP_RUNTIME_API_EXT","hipDeviceSynchronize",4160312,4160312,2368,698479926679510,698479926742749
"HIP_RUNTIME_API_EXT","hipSetDevice",4160312,4160312,2369,698479926745114,698479926745154
"HIP_COMPILER_API_EXT","__hipPushCallConfiguration",4160312,4160312,2370,698479926745615,698479926745655
"HIP_COMPILER_API_EXT","__hipPopCallConfiguration",4160312,4160312,2371,698479926747738,698479926747789
"HIP_RUNTIME_API_EXT","hipLaunchKernel",4160312,4160312,2372,698479926748199,698479926753249
"HIP_RUNTIME_API_EXT","hipGetLastError",4160312,4160312,2373,698479926756004,698479926756034
"HIP_RUNTIME_API_EXT","hipDeviceSynchronize",4160312,4160312,2374,698479926756375,698479926845983
"HIP_COMPILER_API_EXT","__hipPushCallConfiguration",4160312,4160312,2375,698479926853157,698479926853197
"HIP_COMPILER_API_EXT","__hipPopCallConfiguration",4160312,4160312,2376,698479926853537,698479926853577
"HIP_RUNTIME_API_EXT","hipLaunchKernel",4160312,4160312,2377,698479926854068,698479926857695
"HIP_RUNTIME_API_EXT","hipGetLastError",4160312,4160312,2378,698479926858176,698479926858206
"HIP_COMPILER_API_EXT","__hipPushCallConfiguration",4160312,4160312,2379,698479926858617,698479926858657
"HIP_COMPILER_API_EXT","__hipPopCallConfiguration",4160312,4160312,2380,698479926859318,698479926859358
"HIP_RUNTIME_API_EXT","hipLaunchKernel",4160312,4160312,2381,698479926859919,698479926862695
"HIP_RUNTIME_API_EXT","hipGetLastError",4160312,4160312,2382,698479926863125,698479926863155
"HIP_COMPILER_API_EXT","__hipPushCallConfiguration",4160312,4160312,2383,698479926863486,698479926863526
"HIP_COMPILER_API_EXT","__hipPopCallConfiguration",4160312,4160312,2384,698479926863867,698479926863907
"HIP_RUNTIME_API_EXT","hipLaunchKernel",4160312,4160312,2385,698479926864288,698479926866802
"HIP_RUNTIME_API_EXT","hipGetLastError",4160312,4160312,2386,698479926867263,698479926867293
"HIP_RUNTIME_API_EXT","hipMemcpy",4160312,4160312,2387,698479926867584,698479926893232
"HIP_RUNTIME_API_EXT","hipMemcpy",4160312,4160312,2388,698479926894595,698479926917838
"HIP_RUNTIME_API_EXT","hipSetDevice",4160312,4160312,2389,698479926920744,698479926920784
"HIP_RUNTIME_API_EXT","hipMemset",4160312,4160312,2390,698479926921535,698479926925593
"HIP_RUNTIME_API_EXT","hipMemcpy",4160312,4160312,2391,698479926925893,698479926957663
"HIP_RUNTIME_API_EXT","hipMemcpy",4160312,4160312,2392,698479926958134,698479926982119
"HIP_COMPILER_API_EXT","__hipPushCallConfiguration",4160312,4160312,2393,698479926982951,698479926982991
"HIP_COMPILER_API_EXT","__hipPopCallConfiguration",4160312,4160312,2394,698479926983351,698479926983392
"HIP_RUNTIME_API_EXT","hipLaunchKernel",4160312,4160312,2395,698479926983872,698479926988982
"HIP_RUNTIME_API_EXT","hipGetLastError",4160312,4160312,2396,698479926989373,698479926989403
"HIP_RUNTIME_API_EXT","hipSetDevice",4160312,4160312,2397,698479926989794,698479926989834
"HIP_COMPILER_API_EXT","__hipPushCallConfiguration",4160312,4160312,2398,698479926990224,698479926990264
"HIP_COMPILER_API_EXT","__hipPopCallConfiguration",4160312,4160312,2399,698479926990595,698479926990645
"HIP_RUNTIME_API_EXT","hipLaunchKernel",4160312,4160312,2400,698479926991226,698479926993991
"HIP_RUNTIME_API_EXT","hipGetLastError",4160312,4160312,2401,698479926994532,698479926994563
"HIP_COMPILER_API_EXT","__hipPushCallConfiguration",4160312,4160312,2402,698479926994873,698479926994913
"HIP_COMPILER_API_EXT","__hipPopCallConfiguration",4160312,4160312,2403,698479926995434,698479926995474
"HIP_RUNTIME_API_EXT","hipLaunchKernel",4160312,4160312,2404,698479926996035,698479926999141
"HIP_RUNTIME_API_EXT","hipGetLastError",4160312,4160312,2405,698479927000113,698479927000143
"HIP_COMPILER_API_EXT","__hipPushCallConfiguration",4160312,4160312,2406,698479927000474,698479927000514
"HIP_COMPILER_API_EXT","__hipPopCallConfiguration",4160312,4160312,2407,698479927000854,698479927000894
"HIP_RUNTIME_API_EXT","hipLaunchKernel",4160312,4160312,2408,698479927001355,698479927003970
"HIP_RUNTIME_API_EXT","hipGetLastError",4160312,4160312,2409,698479927004702,698479927004732
"HIP_RUNTIME_API_EXT","hipSetDevice",4160312,4160312,2410,698479927005062,698479927005102
"HIP_COMPILER_API_EXT","__hipPushCallConfiguration",4160312,4160312,2411,698479927005513,698479927005553
"HIP_COMPILER_API_EXT","__hipPopCallConfiguration",4160312,4160312,2412,698479927006074,698479927006114
"HIP_RUNTIME_API_EXT","hipLaunchKernel",4160312,4160312,2413,698479927006846,698479927014390
"HIP_RUNTIME_API_EXT","hipGetLastError",4160312,4160312,2414,698479927015231,698479927015261
"HIP_COMPILER_API_EXT","__hipPushCallConfiguration",4160312,4160312,2415,698479927015592,698479927015632
"HIP_COMPILER_API_EXT","__hipPopCallConfiguration",4160312,4160312,2416,698479927016123,698479927016173
"HIP_RUNTIME_API_EXT","hipLaunchKernel",4160312,4160312,2417,698479927016834,698479927019690
"HIP_RUNTIME_API_EXT","hipGetLastError",4160312,4160312,2418,698479927020511,698479927020541
"HIP_COMPILER_API_EXT","__hipPushCallConfiguration",4160312,4160312,2419,698479927020852,698479927020892
"HIP_COMPILER_API_EXT","__hipPopCallConfiguration",4160312,4160312,2420,698479927021243,698479927021293
"HIP_RUNTIME_API_EXT","hipLaunchKernel",4160312,4160312,2421,698479927021864,698479927025741
"HIP_RUNTIME_API_EXT","hipGetLastError",4160312,4160312,2422,698479927026312,698479927026342
"HIP_RUNTIME_API_EXT","hipSetDevice",4160312,4160312,2423,698479927026753,698479927026793
"HIP_COMPILER_API_EXT","__hipPushCallConfiguration",4160312,4160312,2424,698479927027174,698479927027224
"HIP_COMPILER_API_EXT","__hipPopCallConfiguration",4160312,4160312,2425,698479927027775,698479927027815
"HIP_RUNTIME_API_EXT","hipLaunchKernel",4160312,4160312,2426,698479927029598,698479927036622
"HIP_RUNTIME_API_EXT","hipGetLastError",4160312,4160312,2427,698479927037133,698479927037163
"HIP_COMPILER_API_EXT","__hipPushCallConfiguration",4160312,4160312,2428,698479927037533,698479927037583
"HIP_COMPILER_API_EXT","__hipPopCallConfiguration",4160312,4160312,2429,698479927038014,698479927038064
"HIP_RUNTIME_API_EXT","hipLaunchKernel",4160312,4160312,2430,698479927038565,698479927041381
"HIP_RUNTIME_API_EXT","hipGetLastError",4160312,4160312,2431,698479927042002,698479927042032
"HIP_COMPILER_API_EXT","__hipPushCallConfiguration",4160312,4160312,2432,698479927042412,698479927042463
"HIP_COMPILER_API_EXT","__hipPopCallConfiguration",4160312,4160312,2433,698479927043134,698479927043184
"HIP_RUNTIME_API_EXT","hipLaunchKernel",4160312,4160312,2434,698479927043865,698479927046470
"HIP_RUNTIME_API_EXT","hipGetLastError",4160312,4160312,2435,698479927046891,698479927046921
"HIP_RUNTIME_API_EXT","hipSetDevice",4160312,4160312,2436,698479927047222,698479927047262
"HIP_COMPILER_API_EXT","__hipPushCallConfiguration",4160312,4160312,2437,698479927047742,698479927047793
"HIP_COMPILER_API_EXT","__hipPopCallConfiguration",4160312,4160312,2438,698479927048444,698479927048484
"HIP_RUNTIME_API_EXT","hipLaunchKernel",4160312,4160312,2439,698479927049045,698479927053804
"HIP_RUNTIME_API_EXT","hipGetLastError",4160312,4160312,2440,698479927054285,698479927054315
"HIP_COMPILER_API_EXT","__hipPushCallConfiguration",4160312,4160312,2441,698479927054706,698479927054756
"HIP_COMPILER_API_EXT","__hipPopCallConfiguration",4160312,4160312,2442,698479927055327,698479927055367
"HIP_RUNTIME_API_EXT","hipLaunchKernel",4160312,4160312,2443,698479927056669,698479927059875
"HIP_RUNTIME_API_EXT","hipGetLastError",4160312,4160312,2444,698479927060897,698479927060927
"HIP_COMPILER_API_EXT","__hipPushCallConfiguration",4160312,4160312,2445,698479927061609,698479927061649
"HIP_COMPILER_API_EXT","__hipPopCallConfiguration",4160312,4160312,2446,698479927062120,698479927062160
"HIP_RUNTIME_API_EXT","hipLaunchKernel",4160312,4160312,2447,698479927062831,698479927065987
"HIP_RUNTIME_API_EXT","hipGetLastError",4160312,4160312,2448,698479927066538,698479927066568
"HIP_RUNTIME_API_EXT","hipSetDevice",4160312,4160312,2449,698479927066969,698479927067009
"HIP_COMPILER_API_EXT","__hipPushCallConfiguration",4160312,4160312,2450,698479927067319,698479927067369
"HIP_COMPILER_API_EXT","__hipPopCallConfiguration",4160312,4160312,2451,698479927069924,698479927069974
"HIP_RUNTIME_API_EXT","hipLaunchKernel",4160312,4160312,2452,698479927133884,698479927138663
"HIP_RUNTIME_API_EXT","hipGetLastError",4160312,4160312,2453,698479927139054,698479927139084
"HIP_COMPILER_API_EXT","__hipPushCallConfiguration",4160312,4160312,2454,698479927139495,698479927139535
"HIP_COMPILER_API_EXT","__hipPopCallConfiguration",4160312,4160312,2455,698479927140026,698479927140076
"HIP_RUNTIME_API_EXT","hipLaunchKernel",4160312,4160312,2456,698479927140767,698479927145015
"HIP_RUNTIME_API_EXT","hipGetLastError",4160312,4160312,2457,698479927145346,698479927145376
"HIP_COMPILER_API_EXT","__hipPushCallConfiguration",4160312,4160312,2458,698479927145967,698479927146007
"HIP_COMPILER_API_EXT","__hipPopCallConfiguration",4160312,4160312,2459,698479927146358,698479927146398
"HIP_RUNTIME_API_EXT","hipLaunchKernel",4160312,4160312,2460,698479927146779,698479927150876
"HIP_RUNTIME_API_EXT","hipGetLastError",4160312,4160312,2461,698479927151267,698479927151297
"HIP_RUNTIME_API_EXT","hipSetDevice",4160312,4160312,2462,698479927151848,698479927151958
"HIP_COMPILER_API_EXT","__hipPushCallConfiguration",4160312,4160312,2463,698479927152259,698479927152299
"HIP_COMPILER_API_EXT","__hipPopCallConfiguration",4160312,4160312,2464,698479927152710,698479927152750
"HIP_RUNTIME_API_EXT","hipLaunchKernel",4160312,4160312,2465,698479927153121,698479927157018
"HIP_RUNTIME_API_EXT","hipGetLastError",4160312,4160312,2466,698479927157409,698479927157459
"HIP_COMPILER_API_EXT","__hipPushCallConfiguration",4160312,4160312,2467,698479927158972,698479927159022
"HIP_COMPILER_API_EXT","__hipPopCallConfiguration",4160312,4160312,2468,698479927159442,698479927159493
"HIP_RUNTIME_API_EXT","hipLaunchKernel",4160312,4160312,2469,698479927159863,698479927162889
"HIP_RUNTIME_API_EXT","hipGetLastError",4160312,4160312,2470,698479927163400,698479927163430
"HIP_COMPILER_API_EXT","__hipPushCallConfiguration",4160312,4160312,2471,698479927163821,698479927163871
"HIP_COMPILER_API_EXT","__hipPopCallConfiguration",4160312,4160312,2472,698479927164252,698479927164302
"HIP_RUNTIME_API_EXT","hipLaunchKernel",4160312,4160312,2473,698479927164803,698479927167648
"HIP_RUNTIME_API_EXT","hipGetLastError",4160312,4160312,2474,698479927168059,698479927168089
"HIP_RUNTIME_API_EXT","hipSetDevice",4160312,4160312,2475,698479927168500,698479927168540
"HIP_COMPILER_API_EXT","__hipPushCallConfiguration",4160312,4160312,2476,698479927168900,698479927168950
"HIP_COMPILER_API_EXT","__hipPopCallConfiguration",4160312,4160312,2477,698479927169381,698479927169421
"HIP_RUNTIME_API_EXT","hipLaunchKernel",4160312,4160312,2478,698479927169792,698479927173008
"HIP_RUNTIME_API_EXT","hipGetLastError",4160312,4160312,2479,698479927173749,698479927173779
"HIP_COMPILER_API_EXT","__hipPushCallConfiguration",4160312,4160312,2480,698479927174300,698479927174351
"HIP_COMPILER_API_EXT","__hipPopCallConfiguration",4160312,4160312,2481,698479927175182,698479927175222
"HIP_RUNTIME_API_EXT","hipLaunchKernel",4160312,4160312,2482,698479927175723,698479927179701
"HIP_RUNTIME_API_EXT","hipGetLastError",4160312,4160312,2483,698479927180252,698479927180282
"HIP_COMPILER_API_EXT","__hipPushCallConfiguration",4160312,4160312,2484,698479927180682,698479927180722
"HIP_COMPILER_API_EXT","__hipPopCallConfiguration",4160312,4160312,2485,698479927181073,698479927181123
"HIP_RUNTIME_API_EXT","hipLaunchKernel",4160312,4160312,2486,698479927181644,698479927189329
"HIP_RUNTIME_API_EXT","hipGetLastError",4160312,4160312,2487,698479927190411,698479927190441
"HIP_RUNTIME_API_EXT","hipSetDevice",4160312,4160312,2488,698479927190912,698479927190952
"HIP_COMPILER_API_EXT","__hipPushCallConfiguration",4160312,4160312,2489,698479927191362,698479927191403
"HIP_COMPILER_API_EXT","__hipPopCallConfiguration",4160312,4160312,2490,698479927192885,698479927192935
"HIP_RUNTIME_API_EXT","hipLaunchKernel",4160312,4160312,2491,698479927193336,698479927196873
"HIP_RUNTIME_API_EXT","hipGetLastError",4160312,4160312,2492,698479927197213,698479927197244
"HIP_COMPILER_API_EXT","__hipPushCallConfiguration",4160312,4160312,2493,698479927197744,698479927197795
"HIP_COMPILER_API_EXT","__hipPopCallConfiguration",4160312,4160312,2494,698479927198356,698479927198406
"HIP_RUNTIME_API_EXT","hipLaunchKernel",4160312,4160312,2495,698479927199287,698479927202473
"HIP_RUNTIME_API_EXT","hipGetLastError",4160312,4160312,2496,698479927203575,698479927203616
"HIP_COMPILER_API_EXT","__hipPushCallConfiguration",4160312,4160312,2497,698479927204487,698479927204527
"HIP_COMPILER_API_EXT","__hipPopCallConfiguration",4160312,4160312,2498,698479927204878,698479927204928
"HIP_RUNTIME_API_EXT","hipLaunchKernel",4160312,4160312,2499,698479927205329,698479927209477
"HIP_RUNTIME_API_EXT","hipGetLastError",4160312,4160312,2500,698479927209897,698479927209927
"HIP_RUNTIME_API_EXT","hipSetDevice",4160312,4160312,2501,698479927210298,698479927210338
"HIP_COMPILER_API_EXT","__hipPushCallConfiguration",4160312,4160312,2502,698479927210709,698479927210759
"HIP_COMPILER_API_EXT","__hipPopCallConfiguration",4160312,4160312,2503,698479927211320,698479927211360
"HIP_RUNTIME_API_EXT","hipLaunchKernel",4160312,4160312,2504,698479927211731,698479927216019
"HIP_RUNTIME_API_EXT","hipGetLastError",4160312,4160312,2505,698479927216570,698479927216600
"HIP_COMPILER_API_EXT","__hipPushCallConfiguration",4160312,4160312,2506,698479927217061,698479927217111
"HIP_COMPILER_API_EXT","__hipPopCallConfiguration",4160312,4160312,2507,698479927217512,698479927217562
"HIP_RUNTIME_API_EXT","hipLaunchKernel",4160312,4160312,2508,698479927218013,698479927222040
"HIP_RUNTIME_API_EXT","hipGetLastError",4160312,4160312,2509,698479927222611,698479927222641
"HIP_RUNTIME_API_EXT","hipSetDevice",4160312,4160312,2510,698479927223122,698479927223162
"HIP_COMPILER_API_EXT","__hipPushCallConfiguration",4160312,4160312,2511,698479927223984,698479927224034
"HIP_COMPILER_API_EXT","__hipPopCallConfiguration",4160312,4160312,2512,698479927224445,698479927224485
"HIP_RUNTIME_API_EXT","hipLaunchKernel",4160312,4160312,2513,698479927224916,698479927228833
"HIP_RUNTIME_API_EXT","hipGetLastError",4160312,4160312,2514,698479927229264,698479927229294
"HIP_RUNTIME_API_EXT","hipDeviceSynchronize",4160312,4160312,2515,698479927230706,698479927259931
"HIP_RUNTIME_API_EXT","hipSetDevice",4160312,4160312,2516,698479927275160,698479927275200
"HIP_COMPILER_API_EXT","__hipPushCallConfiguration",4160312,4160312,2517,698479927275701,698479927275741
"HIP_COMPILER_API_EXT","__hipPopCallConfiguration",4160312,4160312,2518,698479927276092,698479927276132
"HIP_RUNTIME_API_EXT","hipLaunchKernel",4160312,4160312,2519,698479927276963,698479927283466
"HIP_RUNTIME_API_EXT","hipGetLastError",4160312,4160312,2520,698479927284989,698479927285019
"HIP_RUNTIME_API_EXT","hipDeviceSynchronize",4160312,4160312,2521,698479927285339,698479927376040
"HIP_COMPILER_API_EXT","__hipPushCallConfiguration",4160312,4160312,2522,698479927381119,698479927381169
"HIP_COMPILER_API_EXT","__hipPopCallConfiguration",4160312,4160312,2523,698479927381590,698479927381630
"HIP_RUNTIME_API_EXT","hipLaunchKernel",4160312,4160312,2524,698479927382051,698479927385798
"HIP_RUNTIME_API_EXT","hipGetLastError",4160312,4160312,2525,698479927386159,698479927386199
"HIP_COMPILER_API_EXT","__hipPushCallConfiguration",4160312,4160312,2526,698479927386790,698479927386830
"HIP_COMPILER_API_EXT","__hipPopCallConfiguration",4160312,4160312,2527,698479927387181,698479927387221
"HIP_RUNTIME_API_EXT","hipLaunchKernel",4160312,4160312,2528,698479927388072,698479927391088
"HIP_RUNTIME_API_EXT","hipGetLastError",4160312,4160312,2529,698479927391579,698479927391619
"HIP_COMPILER_API_EXT","__hipPushCallConfiguration",4160312,4160312,2530,698479927391930,698479927391970
"HIP_COMPILER_API_EXT","__hipPopCallConfiguration",4160312,4160312,2531,698479927392320,698479927392370
"HIP_RUNTIME_API_EXT","hipLaunchKernel",4160312,4160312,2532,698479927392761,698479927395616
"HIP_RUNTIME_API_EXT","hipGetLastError",4160312,4160312,2533,698479927396037,698479927396067
"HIP_RUNTIME_API_EXT","hipMemcpy",4160312,4160312,2534,698479927396378,698479927422287
"HIP_RUNTIME_API_EXT","hipMemcpy",4160312,4160312,2535,698479927423439,698479927447724
"HIP_RUNTIME_API_EXT","hipSetDevice",4160312,4160312,2536,698479927450470,698479927450510
"HIP_RUNTIME_API_EXT","hipMemset",4160312,4160312,2537,698479927451261,698479927454597
"HIP_RUNTIME_API_EXT","hipMemcpy",4160312,4160312,2538,698479927454898,698479927486818
"HIP_RUNTIME_API_EXT","hipMemcpy",4160312,4160312,2539,698479927487509,698479927509270
"HIP_COMPILER_API_EXT","__hipPushCallConfiguration",4160312,4160312,2540,698479927510563,698479927510613
"HIP_COMPILER_API_EXT","__hipPopCallConfiguration",4160312,4160312,2541,698479927511084,698479927511124
"HIP_RUNTIME_API_EXT","hipLaunchKernel",4160312,4160312,2542,698479927512116,698479927517005
"HIP_RUNTIME_API_EXT","hipGetLastError",4160312,4160312,2543,698479927517456,698479927517486
"HIP_RUNTIME_API_EXT","hipSetDevice",4160312,4160312,2544,698479927517926,698479927517967
"HIP_COMPILER_API_EXT","__hipPushCallConfiguration",4160312,4160312,2545,698479927518568,698479927518608
"HIP_COMPILER_API_EXT","__hipPopCallConfiguration",4160312,4160312,2546,698479927519028,698479927519079
"HIP_RUNTIME_API_EXT","hipLaunchKernel",4160312,4160312,2547,698479927519720,698479927523677
"HIP_RUNTIME_API_EXT","hipGetLastError",4160312,4160312,2548,698479927524008,698479927524038
"HIP_COMPILER_API_EXT","__hipPushCallConfiguration",4160312,4160312,2549,698479927524348,698479927524399
"HIP_COMPILER_API_EXT","__hipPopCallConfiguration",4160312,4160312,2550,698479927524879,698479927524930
"HIP_RUNTIME_API_EXT","hipLaunchKernel",4160312,4160312,2551,698479927525390,698479927528136
"HIP_RUNTIME_API_EXT","hipGetLastError",4160312,4160312,2552,698479927528496,698479927528526
"HIP_COMPILER_API_EXT","__hipPushCallConfiguration",4160312,4160312,2553,698479927529208,698479927529248
"HIP_COMPILER_API_EXT","__hipPopCallConfiguration",4160312,4160312,2554,698479927529568,698479927529618
"HIP_RUNTIME_API_EXT","hipLaunchKernel",4160312,4160312,2555,698479927529999,698479927533125
"HIP_RUNTIME_API_EXT","hipGetLastError",4160312,4160312,2556,698479927533836,698479927533866
"HIP_RUNTIME_API_EXT","hipSetDevice",4160312,4160312,2557,698479927534237,698479927534277
"HIP_COMPILER_API_EXT","__hipPushCallConfiguration",4160312,4160312,2558,698479927534688,698479927534728
"HIP_COMPILER_API_EXT","__hipPopCallConfiguration",4160312,4160312,2559,698479927535169,698479927535209
"HIP_RUNTIME_API_EXT","hipLaunchKernel",4160312,4160312,2560,698479927535650,698479927539277
"HIP_RUNTIME_API_EXT","hipGetLastError",4160312,4160312,2561,698479927540018,698479927540048
"HIP_COMPILER_API_EXT","__hipPushCallConfiguration",4160312,4160312,2562,698479927540369,698479927540409
"HIP_COMPILER_API_EXT","__hipPopCallConfiguration",4160312,4160312,2563,698479927540739,698479927540789
"HIP_RUNTIME_API_EXT","hipLaunchKernel",4160312,4160312,2564,698479927541280,698479927544336
"HIP_RUNTIME_API_EXT","hipGetLastError",4160312,4160312,2565,698479927544677,698479927544707
"HIP_COMPILER_API_EXT","__hipPushCallConfiguration",4160312,4160312,2566,698479927545098,698479927545148
"HIP_COMPILER_API_EXT","__hipPopCallConfiguration",4160312,4160312,2567,698479927545488,698479927545528
"HIP_RUNTIME_API_EXT","hipLaunchKernel",4160312,4160312,2568,698479927545909,698479927548674
"HIP_RUNTIME_API_EXT","hipGetLastError",4160312,4160312,2569,698479927549005,698479927549035
"HIP_RUNTIME_API_EXT","hipSetDevice",4160312,4160312,2570,698479927549836,698479927549876
"HIP_COMPILER_API_EXT","__hipPushCallConfiguration",4160312,4160312,2571,698479927550758,698479927550798
"HIP_COMPILER_API_EXT","__hipPopCallConfiguration",4160312,4160312,2572,698479927551690,698479927551730
"HIP_RUNTIME_API_EXT","hipLaunchKernel",4160312,4160312,2573,698479927552401,698479927555237
"HIP_RUNTIME_API_EXT","hipGetLastError",4160312,4160312,2574,698479927556058,698479927556088
"HIP_COMPILER_API_EXT","__hipPushCallConfiguration",4160312,4160312,2575,698479927556619,698479927556669
"HIP_COMPILER_API_EXT","__hipPopCallConfiguration",4160312,4160312,2576,698479927557120,698479927557160
"HIP_RUNTIME_API_EXT","hipLaunchKernel",4160312,4160312,2577,698479927557541,698479927565015
"HIP_RUNTIME_API_EXT","hipGetLastError",4160312,4160312,2578,698479927565646,698479927565676
"HIP_COMPILER_API_EXT","__hipPushCallConfiguration",4160312,4160312,2579,698479927566057,698479927566107
"HIP_COMPILER_API_EXT","__hipPopCallConfiguration",4160312,4160312,2580,698479927566428,698479927566478
"HIP_RUNTIME_API_EXT","hipLaunchKernel",4160312,4160312,2581,698479927566959,698479927570555
"HIP_RUNTIME_API_EXT","hipGetLastError",4160312,4160312,2582,698479927571187,698479927571217
"HIP_RUNTIME_API_EXT","hipSetDevice",4160312,4160312,2583,698479927571527,698479927571567
"HIP_COMPILER_API_EXT","__hipPushCallConfiguration",4160312,4160312,2584,698479927571868,698479927571918
"HIP_COMPILER_API_EXT","__hipPopCallConfiguration",4160312,4160312,2585,698479927572309,698479927572349
"HIP_RUNTIME_API_EXT","hipLaunchKernel",4160312,4160312,2586,698479927572719,698479927575645
"HIP_RUNTIME_API_EXT","hipGetLastError",4160312,4160312,2587,698479927575996,698479927576026
"HIP_COMPILER_API_EXT","__hipPushCallConfiguration",4160312,4160312,2588,698479927576547,698479927576587
"HIP_COMPILER_API_EXT","__hipPopCallConfiguration",4160312,4160312,2589,698479927577308,698479927577358
"HIP_RUNTIME_API_EXT","hipLaunchKernel",4160312,4160312,2590,698479927577839,698479927581155
"HIP_RUNTIME_API_EXT","hipGetLastError",4160312,4160312,2591,698479927581897,698479927581927
"HIP_COMPILER_API_EXT","__hipPushCallConfiguration",4160312,4160312,2592,698479927583049,698479927583089
"HIP_COMPILER_API_EXT","__hipPopCallConfiguration",4160312,4160312,2593,698479927583510,698479927583550
"HIP_RUNTIME_API_EXT","hipLaunchKernel",4160312,4160312,2594,698479927583931,698479927587918
"HIP_RUNTIME_API_EXT","hipGetLastError",4160312,4160312,2595,698479927588589,698479927588619
"HIP_RUNTIME_API_EXT","hipSetDevice",4160312,4160312,2596,698479927588990,698479927589030
"HIP_COMPILER_API_EXT","__hipPushCallConfiguration",4160312,4160312,2597,698479927589401,698479927589451
"HIP_COMPILER_API_EXT","__hipPopCallConfiguration",4160312,4160312,2598,698479927589792,698479927589842
"HIP_RUNTIME_API_EXT","hipLaunchKernel",4160312,4160312,2599,698479927590593,698479927593859
"HIP_RUNTIME_API_EXT","hipGetLastError",4160312,4160312,2600,698479927594571,698479927594601
"HIP_COMPILER_API_EXT","__hipPushCallConfiguration",4160312,4160312,2601,698479927594911,698479927594961
"HIP_COMPILER_API_EXT","__hipPopCallConfiguration",4160312,4160312,2602,698479927595392,698479927595442
"HIP_RUNTIME_API_EXT","hipLaunchKernel",4160312,4160312,2603,698479927595893,698479927599209
"HIP_RUNTIME_API_EXT","hipGetLastError",4160312,4160312,2604,698479927599770,698479927599800
"HIP_COMPILER_API_EXT","__hipPushCallConfiguration",4160312,4160312,2605,698479927600191,698479927600231
"HIP_COMPILER_API_EXT","__hipPopCallConfiguration",4160312,4160312,2606,698479927600632,698479927600682
"HIP_RUNTIME_API_EXT","hipLaunchKernel",4160312,4160312,2607,698479927601063,698479927603668
"HIP_RUNTIME_API_EXT","hipGetLastError",4160312,4160312,2608,698479927604108,698479927604139
"HIP_RUNTIME_API_EXT","hipSetDevice",4160312,4160312,2609,698479927604439,698479927604509
"HIP_COMPILER_API_EXT","__hipPushCallConfiguration",4160312,4160312,2610,698479927605040,698479927605080
"HIP_COMPILER_API_EXT","__hipPopCallConfiguration",4160312,4160312,2611,698479927606112,698479927606152
"HIP_RUNTIME_API_EXT","hipLaunchKernel",4160312,4160312,2612,698479927606583,698479927610270
"HIP_RUNTIME_API_EXT","hipGetLastError",4160312,4160312,2613,698479927610961,698479927610991
"HIP_COMPILER_API_EXT","__hipPushCallConfiguration",4160312,4160312,2614,698479927611372,698479927611412
"HIP_COMPILER_API_EXT","__hipPopCallConfiguration",4160312,4160312,2615,698479927611863,698479927611903
"HIP_RUNTIME_API_EXT","hipLaunchKernel",4160312,4160312,2616,698479927612424,698479927615921
"HIP_RUNTIME_API_EXT","hipGetLastError",4160312,4160312,2617,698479927616552,698479927616582
"HIP_COMPILER_API_EXT","__hipPushCallConfiguration",4160312,4160312,2618,698479927616953,698479927617003
"HIP_COMPILER_API_EXT","__hipPopCallConfiguration",4160312,4160312,2619,698479927617353,698479927617403
"HIP_RUNTIME_API_EXT","hipLaunchKernel",4160312,4160312,2620,698479927617934,698479927621060
"HIP_RUNTIME_API_EXT","hipGetLastError",4160312,4160312,2621,698479927621401,698479927621421
"HIP_RUNTIME_API_EXT","hipSetDevice",4160312,4160312,2622,698479927621802,698479927621842
"HIP_COMPILER_API_EXT","__hipPushCallConfiguration",4160312,4160312,2623,698479927622152,698479927622202
"HIP_COMPILER_API_EXT","__hipPopCallConfiguration",4160312,4160312,2624,698479927622583,698479927622633
"HIP_RUNTIME_API_EXT","hipLaunchKernel",4160312,4160312,2625,698479927623615,698479927626601
"HIP_RUNTIME_API_EXT","hipGetLastError",4160312,4160312,2626,698479927627142,698479927627172
"HIP_COMPILER_API_EXT","__hipPushCallConfiguration",4160312,4160312,2627,698479927627482,698479927627532
"HIP_COMPILER_API_EXT","__hipPopCallConfiguration",4160312,4160312,2628,698479927627873,698479927627913
"HIP_RUNTIME_API_EXT","hipLaunchKernel",4160312,4160312,2629,698479927628284,698479927632893
"HIP_RUNTIME_API_EXT","hipGetLastError",4160312,4160312,2630,698479927633834,698479927633864
"HIP_COMPILER_API_EXT","__hipPushCallConfiguration",4160312,4160312,2631,698479927634275,698479927634325
"HIP_COMPILER_API_EXT","__hipPopCallConfiguration",4160312,4160312,2632,698479927634716,698479927634756
"HIP_RUNTIME_API_EXT","hipLaunchKernel",4160312,4160312,2633,698479927635117,698479927639886
"HIP_RUNTIME_API_EXT","hipGetLastError",4160312,4160312,2634,698479927644254,698479927644284
"HIP_RUNTIME_API_EXT","hipSetDevice",4160312,4160312,2635,698479927644715,698479927644755
"HIP_COMPILER_API_EXT","__hipPushCallConfiguration",4160312,4160312,2636,698479927645146,698479927645196
"HIP_COMPILER_API_EXT","__hipPopCallConfiguration",4160312,4160312,2637,698479927646749,698479927646799
"HIP_RUNTIME_API_EXT","hipLaunchKernel",4160312,4160312,2638,698479927647400,698479927651558
"HIP_RUNTIME_API_EXT","hipGetLastError",4160312,4160312,2639,698479927652550,698479927652580
"HIP_COMPILER_API_EXT","__hipPushCallConfiguration",4160312,4160312,2640,698479927653000,698479927653040
"HIP_COMPILER_API_EXT","__hipPopCallConfiguration",4160312,4160312,2641,698479927653491,698479927653531
"HIP_RUNTIME_API_EXT","hipLaunchKernel",4160312,4160312,2642,698479927654203,698479927658390
"HIP_RUNTIME_API_EXT","hipGetLastError",4160312,4160312,2643,698479927658911,698479927658942
"HIP_COMPILER_API_EXT","__hipPushCallConfiguration",4160312,4160312,2644,698479927659312,698479927659352
"HIP_COMPILER_API_EXT","__hipPopCallConfiguration",4160312,4160312,2645,698479927659743,698479927659783
"HIP_RUNTIME_API_EXT","hipLaunchKernel",4160312,4160312,2646,698479927660174,698479927663450
"HIP_RUNTIME_API_EXT","hipGetLastError",4160312,4160312,2647,698479927663901,698479927663931
"HIP_RUNTIME_API_EXT","hipSetDevice",4160312,4160312,2648,698479927664332,698479927664372
"HIP_COMPILER_API_EXT","__hipPushCallConfiguration",4160312,4160312,2649,698479927666025,698479927666065
"HIP_COMPILER_API_EXT","__hipPopCallConfiguration",4160312,4160312,2650,698479927666506,698479927666546
"HIP_RUNTIME_API_EXT","hipLaunchKernel",4160312,4160312,2651,698479927667458,698479927670263
"HIP_RUNTIME_API_EXT","hipGetLastError",4160312,4160312,2652,698479927671154,698479927671185
"HIP_COMPILER_API_EXT","__hipPushCallConfiguration",4160312,4160312,2653,698479927671595,698479927671635
"HIP_COMPILER_API_EXT","__hipPopCallConfiguration",4160312,4160312,2654,698479927671966,698479927672006
"HIP_RUNTIME_API_EXT","hipLaunchKernel",4160312,4160312,2655,698479927672687,698479927677486
"HIP_RUNTIME_API_EXT","hipGetLastError",4160312,4160312,2656,698479927678318,698479927678348
"HIP_RUNTIME_API_EXT","hipSetDevice",4160312,4160312,2657,698479927678879,698479927678919
"HIP_COMPILER_API_EXT","__hipPushCallConfiguration",4160312,4160312,2658,698479927679300,698479927679340
"HIP_COMPILER_API_EXT","__hipPopCallConfiguration",4160312,4160312,2659,698479927679711,698479927679751
"HIP_RUNTIME_API_EXT","hipLaunchKernel",4160312,4160312,2660,698479927681504,698479927686664
"HIP_RUNTIME_API_EXT","hipGetLastError",4160312,4160312,2661,698479927687135,698479927687165
"HIP_RUNTIME_API_EXT","hipDeviceSynchronize",4160312,4160312,2662,698479927688026,698479927753419
"HIP_RUNTIME_API_EXT","hipSetDevice",4160312,4160312,2663,698479927755814,698479927755854
"HIP_COMPILER_API_EXT","__hipPushCallConfiguration",4160312,4160312,2664,698479927756275,698479927756315
"HIP_COMPILER_API_EXT","__hipPopCallConfiguration",4160312,4160312,2665,698479927756795,698479927756836
"HIP_RUNTIME_API_EXT","hipLaunchKernel",4160312,4160312,2666,698479927757326,698479927765562
"HIP_RUNTIME_API_EXT","hipGetLastError",4160312,4160312,2667,698479927767786,698479927767816
"HIP_RUNTIME_API_EXT","hipDeviceSynchronize",4160312,4160312,2668,698479927768147,698479927858186
"HIP_COMPILER_API_EXT","__hipPushCallConfiguration",4160312,4160312,2669,698479927859338,698479927859388
"HIP_COMPILER_API_EXT","__hipPopCallConfiguration",4160312,4160312,2670,698479927865420,698479927865470
"HIP_RUNTIME_API_EXT","hipLaunchKernel",4160312,4160312,2671,698479927865881,698479927869477
"HIP_RUNTIME_API_EXT","hipGetLastError",4160312,4160312,2672,698479927869998,698479927870028
"HIP_COMPILER_API_EXT","__hipPushCallConfiguration",4160312,4160312,2673,698479927870439,698479927870489
"HIP_COMPILER_API_EXT","__hipPopCallConfiguration",4160312,4160312,2674,698479927870930,698479927870970
"HIP_RUNTIME_API_EXT","hipLaunchKernel",4160312,4160312,2675,698479927871782,698479927874908
"HIP_RUNTIME_API_EXT","hipGetLastError",4160312,4160312,2676,698479927875669,698479927875699
"HIP_COMPILER_API_EXT","__hipPushCallConfiguration",4160312,4160312,2677,698479927876020,698479927876070
"HIP_COMPILER_API_EXT","__hipPopCallConfiguration",4160312,4160312,2678,698479927876491,698479927876541
"HIP_RUNTIME_API_EXT","hipLaunchKernel",4160312,4160312,2679,698479927876941,698479927880107
"HIP_RUNTIME_API_EXT","hipGetLastError",4160312,4160312,2680,698479927880608,698479927880638
"HIP_RUNTIME_API_EXT","hipMemcpy",4160312,4160312,2681,698479927880969,698479927905575
"HIP_RUNTIME_API_EXT","hipMemcpy",4160312,4160312,2682,698479927906206,698479927930101
"HIP_RUNTIME_API_EXT","hipSetDevice",4160312,4160312,2683,698479927932947,698479927932997
"HIP_RUNTIME_API_EXT","hipMemset",4160312,4160312,2684,698479927933828,698479927937976
"HIP_RUNTIME_API_EXT","hipMemcpy",4160312,4160312,2685,698479927938277,698479927969916
"HIP_RUNTIME_API_EXT","hipMemcpy",4160312,4160312,2686,698479927970397,698479927994552
"HIP_COMPILER_API_EXT","__hipPushCallConfiguration",4160312,4160312,2687,698479927995464,698479927995514
"HIP_COMPILER_API_EXT","__hipPopCallConfiguration",4160312,4160312,2688,698479927995935,698479927995975
"HIP_RUNTIME_API_EXT","hipLaunchKernel",4160312,4160312,2689,698479927997007,698479928001225
"HIP_RUNTIME_API_EXT","hipGetLastError",4160312,4160312,2690,698479928001606,698479928001636
"HIP_RUNTIME_API_EXT","hipSetDevice",4160312,4160312,2691,698479928001986,698479928002027
"HIP_COMPILER_API_EXT","__hipPushCallConfiguration",4160312,4160312,2692,698479928002347,698479928002397
"HIP_COMPILER_API_EXT","__hipPopCallConfiguration",4160312,4160312,2693,698479928003119,698479928003169
"HIP_RUNTIME_API_EXT","hipLaunchKernel",4160312,4160312,2694,698479928003960,698479928007236
"HIP_RUNTIME_API_EXT","hipGetLastError",4160312,4160312,2695,698479928007888,698479928007918
"HIP_COMPILER_API_EXT","__hipPushCallConfiguration",4160312,4160312,2696,698479928008228,698479928008268
"HIP_COMPILER_API_EXT","__hipPopCallConfiguration",4160312,4160312,2697,698479928008619,698479928008659
"HIP_RUNTIME_API_EXT","hipLaunchKernel",4160312,4160312,2698,698479928009130,698479928026813
"HIP_RUNTIME_API_EXT","hipGetLastError",4160312,4160312,2699,698479928027454,698479928027484
"HIP_COMPILER_API_EXT","__hipPushCallConfiguration",4160312,4160312,2700,698479928027865,698479928027915
"HIP_COMPILER_API_EXT","__hipPopCallConfiguration",4160312,4160312,2701,698479928028236,698479928028276
"HIP_RUNTIME_API_EXT","hipLaunchKernel",4160312,4160312,2702,698479928028757,698479928032213
"HIP_RUNTIME_API_EXT","hipGetLastError",4160312,4160312,2703,698479928032724,698479928032754
"HIP_RUNTIME_API_EXT","hipSetDevice",4160312,4160312,2704,698479928033175,698479928033215
"HIP_COMPILER_API_EXT","__hipPushCallConfiguration",4160312,4160312,2705,698479928033586,698479928033636
"HIP_COMPILER_API_EXT","__hipPopCallConfiguration",4160312,4160312,2706,698479928033997,698479928034037
"HIP_RUNTIME_API_EXT","hipLaunchKernel",4160312,4160312,2707,698479928034518,698479928038255
"HIP_RUNTIME_API_EXT","hipGetLastError",4160312,4160312,2708,698479928038996,698479928039026
"HIP_COMPILER_API_EXT","__hipPushCallConfiguration",4160312,4160312,2709,698479928039327,698479928039377
"HIP_COMPILER_API_EXT","__hipPopCallConfiguration",4160312,4160312,2710,698479928039908,698479928039948
"HIP_RUNTIME_API_EXT","hipLaunchKernel",4160312,4160312,2711,698479928041080,698479928044015
"HIP_RUNTIME_API_EXT","hipGetLastError",4160312,4160312,2712,698479928044777,698479928044807
"HIP_COMPILER_API_EXT","__hipPushCallConfiguration",4160312,4160312,2713,698479928045318,698479928045368
"HIP_COMPILER_API_EXT","__hipPopCallConfiguration",4160312,4160312,2714,698479928045789,698479928045829
"HIP_RUNTIME_API_EXT","hipLaunchKernel",4160312,4160312,2715,698479928047442,698479928050227
"HIP_RUNTIME_API_EXT","hipGetLastError",4160312,4160312,2716,698479928051079,698479928051109
"HIP_RUNTIME_API_EXT","hipSetDevice",4160312,4160312,2717,698479928051500,698479928051540
"HIP_COMPILER_API_EXT","__hipPushCallConfiguration",4160312,4160312,2718,698479928051920,698479928051970
"HIP_COMPILER_API_EXT","__hipPopCallConfiguration",4160312,4160312,2719,698479928052491,698479928052531
"HIP_RUNTIME_API_EXT","hipLaunchKernel",4160312,4160312,2720,698479928053072,698479928055828
"HIP_RUNTIME_API_EXT","hipGetLastError",4160312,4160312,2721,698479928056359,698479928056389
"HIP_COMPILER_API_EXT","__hipPushCallConfiguration",4160312,4160312,2722,698479928056810,698479928056850
"HIP_COMPILER_API_EXT","__hipPopCallConfiguration",4160312,4160312,2723,698479928057200,698479928057240
"HIP_RUNTIME_API_EXT","hipLaunchKernel",4160312,4160312,2724,698479928057781,698479928060907
"HIP_RUNTIME_API_EXT","hipGetLastError",4160312,4160312,2725,698479928061528,698479928061558
"HIP_COMPILER_API_EXT","__hipPushCallConfiguration",4160312,4160312,2726,698479928061929,698479928061979
"HIP_COMPILER_API_EXT","__hipPopCallConfiguration",4160312,4160312,2727,698479928062330,698479928062370
"HIP_RUNTIME_API_EXT","hipLaunchKernel",4160312,4160312,2728,698479928062861,698479928065867
"HIP_RUNTIME_API_EXT","hipGetLastError",4160312,4160312,2729,698479928066217,698479928066247
"HIP_RUNTIME_API_EXT","hipSetDevice",4160312,4160312,2730,698479928066558,698479928066598
"HIP_COMPILER_API_EXT","__hipPushCallConfiguration",4160312,4160312,2731,698479928066979,698479928067019
"HIP_COMPILER_API_EXT","__hipPopCallConfiguration",4160312,4160312,2732,698479928067600,698479928067640
"HIP_RUNTIME_API_EXT","hipLaunchKernel",4160312,4160312,2733,698479928068582,698479928072229
"HIP_RUNTIME_API_EXT","hipGetLastError",4160312,4160312,2734,698479928072970,698479928073000
"HIP_COMPILER_API_EXT","__hipPushCallConfiguration",4160312,4160312,2735,698479928073401,698479928073441
"HIP_COMPILER_API_EXT","__hipPopCallConfiguration",4160312,4160312,2736,698479928073781,698479928073822
"HIP_RUNTIME_API_EXT","hipLaunchKernel",4160312,4160312,2737,698479928074473,698479928077779
"HIP_RUNTIME_API_EXT","hipGetLastError",4160312,4160312,2738,698479928078550,698479928078580
"HIP_COMPILER_API_EXT","__hipPushCallConfiguration",4160312,4160312,2739,698479928079152,698479928079202
"HIP_COMPILER_API_EXT","__hipPopCallConfiguration",4160312,4160312,2740,698479928079582,698479928079622
"HIP_RUNTIME_API_EXT","hipLaunchKernel",4160312,4160312,2741,698479928080364,698479928084241
"HIP_RUNTIME_API_EXT","hipGetLastError",4160312,4160312,2742,698479928084642,698479928084672
"HIP_RUNTIME_API_EXT","hipSetDevice",4160312,4160312,2743,698479928085113,698479928085153
"HIP_COMPILER_API_EXT","__hipPushCallConfiguration",4160312,4160312,2744,698479928085794,698479928085834
"HIP_COMPILER_API_EXT","__hipPopCallConfiguration",4160312,4160312,2745,698479928086175,698479928086215
"HIP_RUNTIME_API_EXT","hipLaunchKernel",4160312,4160312,2746,698479928086876,698479928089271
"HIP_RUNTIME_API_EXT","hipGetLastError",4160312,4160312,2747,698479928089852,698479928089882
"HIP_COMPILER_API_EXT","__hipPushCallConfiguration",4160312,4160312,2748,698479928090202,698479928090242
"HIP_COMPILER_API_EXT","__hipPopCallConfiguration",4160312,4160312,2749,698479928090633,698479928090683
"HIP_RUNTIME_API_EXT","hipLaunchKernel",4160312,4160312,2750,698479928091164,698479928093839
"HIP_RUNTIME_API_EXT","hipGetLastError",4160312,4160312,2751,698479928094240,698479928094270
"HIP_COMPILER_API_EXT","__hipPushCallConfiguration",4160312,4160312,2752,698479928094741,698479928094781
"HIP_COMPILER_API_EXT","__hipPopCallConfiguration",4160312,4160312,2753,698479928095783,698479928095823
"HIP_RUNTIME_API_EXT","hipLaunchKernel",4160312,4160312,2754,698479928096424,698479928099650
"HIP_RUNTIME_API_EXT","hipGetLastError",4160312,4160312,2755,698479928100351,698479928100381
"HIP_RUNTIME_API_EXT","hipSetDevice",4160312,4160312,2756,698479928100943,698479928100983
"HIP_COMPILER_API_EXT","__hipPushCallConfiguration",4160312,4160312,2757,698479928101363,698479928101403
"HIP_COMPILER_API_EXT","__hipPopCallConfiguration",4160312,4160312,2758,698479928101864,698479928101904
"HIP_RUNTIME_API_EXT","hipLaunchKernel",4160312,4160312,2759,698479928102736,698479928109018
"HIP_RUNTIME_API_EXT","hipGetLastError",4160312,4160312,2760,698479928109749,698479928109779
"HIP_COMPILER_API_EXT","__hipPushCallConfiguration",4160312,4160312,2761,698479928110180,698479928110220
"HIP_COMPILER_API_EXT","__hipPopCallConfiguration",4160312,4160312,2762,698479928110621,698479928110671
"HIP_RUNTIME_API_EXT","hipLaunchKernel",4160312,4160312,2763,698479928111062,698479928114258
"HIP_RUNTIME_API_EXT","hipGetLastError",4160312,4160312,2764,698479928114678,698479928114718
"HIP_COMPILER_API_EXT","__hipPushCallConfiguration",4160312,4160312,2765,698479928115109,698479928115149
"HIP_COMPILER_API_EXT","__hipPopCallConfiguration",4160312,4160312,2766,698479928115480,698479928115520
"HIP_RUNTIME_API_EXT","hipLaunchKernel",4160312,4160312,2767,698479928116041,698479928119307
"HIP_RUNTIME_API_EXT","hipGetLastError",4160312,4160312,2768,698479928119688,698479928119718
"HIP_RUNTIME_API_EXT","hipSetDevice",4160312,4160312,2769,698479928120008,698479928120058
"HIP_COMPILER_API_EXT","__hipPushCallConfiguration",4160312,4160312,2770,698479928120549,698479928120589
"HIP_COMPILER_API_EXT","__hipPopCallConfiguration",4160312,4160312,2771,698479928120960,698479928121010
"HIP_RUNTIME_API_EXT","hipLaunchKernel",4160312,4160312,2772,698479928121581,698479928125699
"HIP_RUNTIME_API_EXT","hipGetLastError",4160312,4160312,2773,698479928126240,698479928126270
"HIP_COMPILER_API_EXT","__hipPushCallConfiguration",4160312,4160312,2774,698479928126661,698479928126701
"HIP_COMPILER_API_EXT","__hipPopCallConfiguration",4160312,4160312,2775,698479928127823,698479928127863
"HIP_RUNTIME_API_EXT","hipLaunchKernel",4160312,4160312,2776,698479928128875,698479928133494
"HIP_RUNTIME_API_EXT","hipGetLastError",4160312,4160312,2777,698479928133945,698479928133975
"HIP_COMPILER_API_EXT","__hipPushCallConfiguration",4160312,4160312,2778,698479928134405,698479928134445
"HIP_COMPILER_API_EXT","__hipPopCallConfiguration",4160312,4160312,2779,698479928134826,698479928134876
"HIP_RUNTIME_API_EXT","hipLaunchKernel",4160312,4160312,2780,698479928135357,698479928139134
"HIP_RUNTIME_API_EXT","hipGetLastError",4160312,4160312,2781,698479928139826,698479928139856
"HIP_RUNTIME_API_EXT","hipSetDevice",4160312,4160312,2782,698479928140226,698479928140266
"HIP_COMPILER_API_EXT","__hipPushCallConfiguration",4160312,4160312,2783,698479928140727,698479928140767
"HIP_COMPILER_API_EXT","__hipPopCallConfiguration",4160312,4160312,2784,698479928141208,698479928141248
"HIP_RUNTIME_API_EXT","hipLaunchKernel",4160312,4160312,2785,698479928141889,698479928145035
"HIP_RUNTIME_API_EXT","hipGetLastError",4160312,4160312,2786,698479928145396,698479928145426
"HIP_COMPILER_API_EXT","__hipPushCallConfiguration",4160312,4160312,2787,698479928145897,698479928145937
"HIP_COMPILER_API_EXT","__hipPopCallConfiguration",4160312,4160312,2788,698479928146288,698479928146328
"HIP_RUNTIME_API_EXT","hipLaunchKernel",4160312,4160312,2789,698479928146829,698479928150085
"HIP_RUNTIME_API_EXT","hipGetLastError",4160312,4160312,2790,698479928150446,698479928150486
"HIP_COMPILER_API_EXT","__hipPushCallConfiguration",4160312,4160312,2791,698479928151087,698479928151127
"HIP_COMPILER_API_EXT","__hipPopCallConfiguration",4160312,4160312,2792,698479928151457,698479928151508
"HIP_RUNTIME_API_EXT","hipLaunchKernel",4160312,4160312,2793,698479928151968,698479928158270
"HIP_RUNTIME_API_EXT","hipGetLastError",4160312,4160312,2794,698479928158901,698479928158932
"HIP_RUNTIME_API_EXT","hipSetDevice",4160312,4160312,2795,698479928159312,698479928159362
"HIP_COMPILER_API_EXT","__hipPushCallConfiguration",4160312,4160312,2796,698479928159743,698479928159783
"HIP_COMPILER_API_EXT","__hipPopCallConfiguration",4160312,4160312,2797,698479928160114,698479928160154
"HIP_RUNTIME_API_EXT","hipLaunchKernel",4160312,4160312,2798,698479928160775,698479928167588
"HIP_RUNTIME_API_EXT","hipGetLastError",4160312,4160312,2799,698479928168179,698479928168209
"HIP_COMPILER_API_EXT","__hipPushCallConfiguration",4160312,4160312,2800,698479928168680,698479928168720
"HIP_COMPILER_API_EXT","__hipPopCallConfiguration",4160312,4160312,2801,698479928173950,698479928174000
"HIP_RUNTIME_API_EXT","hipLaunchKernel",4160312,4160312,2802,698479928301940,698479928308042
"HIP_RUNTIME_API_EXT","hipGetLastError",4160312,4160312,2803,698479928309384,698479928309414
"HIP_RUNTIME_API_EXT","hipSetDevice",4160312,4160312,2804,698479928309805,698479928309855
"HIP_COMPILER_API_EXT","__hipPushCallConfiguration",4160312,4160312,2805,698479928310276,698479928310326
"HIP_COMPILER_API_EXT","__hipPopCallConfiguration",4160312,4160312,2806,698479928310817,698479928310857
"HIP_RUNTIME_API_EXT","hipLaunchKernel",4160312,4160312,2807,698479928311829,698479928315416
"HIP_RUNTIME_API_EXT","hipGetLastError",4160312,4160312,2808,698479928315997,698479928316027
"HIP_RUNTIME_API_EXT","hipDeviceSynchronize",4160312,4160312,2809,698479928316788,698479928350562
"HIP_RUNTIME_API_EXT","hipSetDevice",4160312,4160312,2810,698479928352706,698479928352746
"HIP_COMPILER_API_EXT","__hipPushCallConfiguration",4160312,4160312,2811,698479928353167,698479928353207
"HIP_COMPILER_API_EXT","__hipPopCallConfiguration",4160312,4160312,2812,698479928353578,698479928353628
"HIP_RUNTIME_API_EXT","hipLaunchKernel",4160312,4160312,2813,698479928355461,698479928363867
"HIP_RUNTIME_API_EXT","hipGetLastError",4160312,4160312,2814,698479928364889,698479928364919
"HIP_RUNTIME_API_EXT","hipDeviceSynchronize",4160312,4160312,2815,698479928366041,698479928457493
"HIP_COMPILER_API_EXT","__hipPushCallConfiguration",4160312,4160312,2816,698479928495615,698479928495665
"HIP_COMPILER_API_EXT","__hipPopCallConfiguration",4160312,4160312,2817,698479928496366,698479928496416
"HIP_RUNTIME_API_EXT","hipLaunchKernel",4160312,4160312,2818,698479928496937,698479928500454
"HIP_RUNTIME_API_EXT","hipGetLastError",4160312,4160312,2819,698479928500814,698479928500854
"HIP_COMPILER_API_EXT","__hipPushCallConfiguration",4160312,4160312,2820,698479928501175,698479928501225
"HIP_COMPILER_API_EXT","__hipPopCallConfiguration",4160312,4160312,2821,698479928501556,698479928501606
"HIP_RUNTIME_API_EXT","hipLaunchKernel",4160312,4160312,2822,698479928501987,698479928505663
"HIP_RUNTIME_API_EXT","hipGetLastError",4160312,4160312,2823,698479928506194,698479928506275
"HIP_COMPILER_API_EXT","__hipPushCallConfiguration",4160312,4160312,2824,698479928506585,698479928506635
"HIP_COMPILER_API_EXT","__hipPopCallConfiguration",4160312,4160312,2825,698479928507106,698479928507156
"HIP_RUNTIME_API_EXT","hipLaunchKernel",4160312,4160312,2826,698479928507547,698479928510402
"HIP_RUNTIME_API_EXT","hipGetLastError",4160312,4160312,2827,698479928510823,698479928510853
"HIP_RUNTIME_API_EXT","hipMemcpy",4160312,4160312,2828,698479928511144,698479928536471
"HIP_RUNTIME_API_EXT","hipMemcpy",4160312,4160312,2829,698479928537473,698479928562510
"HIP_RUNTIME_API_EXT","hipSetDevice",4160312,4160312,2830,698479928565346,698479928565396
"HIP_RUNTIME_API_EXT","hipMemset",4160312,4160312,2831,698479928566147,698479928569824
"HIP_RUNTIME_API_EXT","hipMemcpy",4160312,4160312,2832,698479928570455,698479928600943
"HIP_RUNTIME_API_EXT","hipMemcpy",4160312,4160312,2833,698479928601914,698479928624647
"HIP_COMPILER_API_EXT","__hipPushCallConfiguration",4160312,4160312,2834,698479928625699,698479928625739
"HIP_COMPILER_API_EXT","__hipPopCallConfiguration",4160312,4160312,2835,698479928626080,698479928626130
"HIP_RUNTIME_API_EXT","hipLaunchKernel",4160312,4160312,2836,698479928626521,698479928630879
"HIP_RUNTIME_API_EXT","hipGetLastError",4160312,4160312,2837,698479928631300,698479928631330
"HIP_RUNTIME_API_EXT","hipSetDevice",4160312,4160312,2838,698479928631650,698479928631700
"HIP_COMPILER_API_EXT","__hipPushCallConfiguration",4160312,4160312,2839,698479928632111,698479928632161
"HIP_COMPILER_API_EXT","__hipPopCallConfiguration",4160312,4160312,2840,698479928633033,698479928633073
"HIP_RUNTIME_API_EXT","hipLaunchKernel",4160312,4160312,2841,698479928633464,698479928636730
"HIP_RUNTIME_API_EXT","hipGetLastError",4160312,4160312,2842,698479928637131,698479928637161
"HIP_COMPILER_API_EXT","__hipPushCallConfiguration",4160312,4160312,2843,698479928637461,698479928637511
"HIP_COMPILER_API_EXT","__hipPopCallConfiguration",4160312,4160312,2844,698479928637842,698479928637882
"HIP_RUNTIME_API_EXT","hipLaunchKernel",4160312,4160312,2845,698479928638403,698479928641178
"HIP_RUNTIME_API_EXT","hipGetLastError",4160312,4160312,2846,698479928641669,698479928641699
"HIP_COMPILER_API_EXT","__hipPushCallConfiguration",4160312,4160312,2847,698479928642110,698479928642150
"HIP_COMPILER_API_EXT","__hipPopCallConfiguration",4160312,4160312,2848,698479928642511,698479928642551
"HIP_RUNTIME_API_EXT","hipLaunchKernel",4160312,4160312,2849,698479928643002,698479928646138
"HIP_RUNTIME_API_EXT","hipGetLastError",4160312,4160312,2850,698479928646498,698479928646528
"HIP_RUNTIME_API_EXT","hipSetDevice",4160312,4160312,2851,698479928646829,698479928646869
"HIP_COMPILER_API_EXT","__hipPushCallConfiguration",4160312,4160312,2852,698479928647180,698479928647220
"HIP_COMPILER_API_EXT","__hipPopCallConfiguration",4160312,4160312,2853,698479928647711,698479928647751
"HIP_RUNTIME_API_EXT","hipLaunchKernel",4160312,4160312,2854,698479928648492,698479928651548
"HIP_RUNTIME_API_EXT","hipGetLastError",4160312,4160312,2855,698479928651989,698479928652019
"HIP_COMPILER_API_EXT","__hipPushCallConfiguration",4160312,4160312,2856,698479928652329,698479928652369
"HIP_COMPILER_API_EXT","__hipPopCallConfiguration",4160312,4160312,2857,698479928652710,698479928652760
"HIP_RUNTIME_API_EXT","hipLaunchKernel",4160312,4160312,2858,698479928653131,698479928656257
"HIP_RUNTIME_API_EXT","hipGetLastError",4160312,4160312,2859,698479928656677,698479928656707
"HIP_COMPILER_API_EXT","__hipPushCallConfiguration",4160312,4160312,2860,698479928657028,698479928657068
"HIP_COMPILER_API_EXT","__hipPopCallConfiguration",4160312,4160312,2861,698479928657409,698479928657459
"HIP_RUNTIME_API_EXT","hipLaunchKernel",4160312,4160312,2862,698479928657840,698479928660194
"HIP_RUNTIME_API_EXT","hipGetLastError",4160312,4160312,2863,698479928660525,698479928660555
"HIP_RUNTIME_API_EXT","hipSetDevice",4160312,4160312,2864,698479928660965,698479928661006
"HIP_COMPILER_API_EXT","__hipPushCallConfiguration",4160312,4160312,2865,698479928661336,698479928661376
"HIP_COMPILER_API_EXT","__hipPopCallConfiguration",4160312,4160312,2866,698479928661717,698479928661757
"HIP_RUNTIME_API_EXT","hipLaunchKernel",4160312,4160312,2867,698479928662328,698479928665073
"HIP_RUNTIME_API_EXT","hipGetLastError",4160312,4160312,2868,698479928665754,698479928665785
"HIP_COMPILER_API_EXT","__hipPushCallConfiguration",4160312,4160312,2869,698479928666275,698479928666326
"HIP_COMPILER_API_EXT","__hipPopCallConfiguration",4160312,4160312,2870,698479928666656,698479928666706
"HIP_RUNTIME_API_EXT","hipLaunchKernel",4160312,4160312,2871,698479928667087,698479928670413
"HIP_RUNTIME_API_EXT","hipGetLastError",4160312,4160312,2872,698479928671175,698479928671205
"HIP_COMPILER_API_EXT","__hipPushCallConfiguration",4160312,4160312,2873,698479928671595,698479928671636
"HIP_COMPILER_API_EXT","__hipPopCallConfiguration",4160312,4160312,2874,698479928672046,698479928672086
"HIP_RUNTIME_API_EXT","hipLaunchKernel",4160312,4160312,2875,698479928672708,698479928676815
"HIP_RUNTIME_API_EXT","hipGetLastError",4160312,4160312,2876,698479928677527,698479928677557
"HIP_RUNTIME_API_EXT","hipSetDevice",4160312,4160312,2877,698479928678028,698479928678068
"HIP_COMPILER_API_EXT","__hipPushCallConfiguration",4160312,4160312,2878,698479928678488,698479928678528
"HIP_COMPILER_API_EXT","__hipPopCallConfiguration",4160312,4160312,2879,698479928678869,698479928678919
"HIP_RUNTIME_API_EXT","hipLaunchKernel",4160312,4160312,2880,698479928679300,698479928682145
"HIP_RUNTIME_API_EXT","hipGetLastError",4160312,4160312,2881,698479928682807,698479928682837
"HIP_COMPILER_API_EXT","__hipPushCallConfiguration",4160312,4160312,2882,698479928683207,698479928683257
"HIP_COMPILER_API_EXT","__hipPopCallConfiguration",4160312,4160312,2883,698479928683578,698479928683628
"HIP_RUNTIME_API_EXT","hipLaunchKernel",4160312,4160312,2884,698479928684069,698479928686323
"HIP_RUNTIME_API_EXT","hipGetLastError",4160312,4160312,2885,698479928686804,698479928686834
"HIP_COMPILER_API_EXT","__hipPushCallConfiguration",4160312,4160312,2886,698479928687155,698479928687195
"HIP_COMPILER_API_EXT","__hipPopCallConfiguration",4160312,4160312,2887,698479928687525,698479928687565
"HIP_RUNTIME_API_EXT","hipLaunchKernel",4160312,4160312,2888,698479928688036,698479928691082
"HIP_RUNTIME_API_EXT","hipGetLastError",4160312,4160312,2889,698479928691523,698479928691553
"HIP_RUNTIME_API_EXT","hipSetDevice",4160312,4160312,2890,698479928691964,698479928692004
"HIP_COMPILER_API_EXT","__hipPushCallConfiguration",4160312,4160312,2891,698479928692906,698479928692946
"HIP_COMPILER_API_EXT","__hipPopCallConfiguration",4160312,4160312,2892,698479928693336,698479928693376
"HIP_RUNTIME_API_EXT","hipLaunchKernel",4160312,4160312,2893,698479928693867,698479928696723
"HIP_RUNTIME_API_EXT","hipGetLastError",4160312,4160312,2894,698479928697143,698479928697174
"HIP_COMPILER_API_EXT","__hipPushCallConfiguration",4160312,4160312,2895,698479928697875,698479928697925
"HIP_COMPILER_API_EXT","__hipPopCallConfiguration",4160312,4160312,2896,698479928698356,698479928698396
"HIP_RUNTIME_API_EXT","hipLaunchKernel",4160312,4160312,2897,698479928698827,698479928701912
"HIP_RUNTIME_API_EXT","hipGetLastError",4160312,4160312,2898,698479928702534,698479928702564
"HIP_COMPILER_API_EXT","__hipPushCallConfiguration",4160312,4160312,2899,698479928703125,698479928703165
"HIP_COMPILER_API_EXT","__hipPopCallConfiguration",4160312,4160312,2900,698479928703505,698479928703556
"HIP_RUNTIME_API_EXT","hipLaunchKernel",4160312,4160312,2901,698479928704006,698479928706982
"HIP_RUNTIME_API_EXT","hipGetLastError",4160312,4160312,2902,698479928707323,698479928707353
"HIP_RUNTIME_API_EXT","hipSetDevice",4160312,4160312,2903,698479928707723,698479928707763
"HIP_COMPILER_API_EXT","__hipPushCallConfiguration",4160312,4160312,2904,698479928708094,698479928708134
"HIP_COMPILER_API_EXT","__hipPopCallConfiguration",4160312,4160312,2905,698479928708585,698479928708625
"HIP_RUNTIME_API_EXT","hipLaunchKernel",4160312,4160312,2906,698479928708996,698479928712202
"HIP_RUNTIME_API_EXT","hipGetLastError",4160312,4160312,2907,698479928712542,698479928712573
"HIP_COMPILER_API_EXT","__hipPushCallConfiguration",4160312,4160312,2908,698479928712983,698479928713023
"HIP_COMPILER_API_EXT","__hipPopCallConfiguration",4160312,4160312,2909,698479928713434,698479928713474
"HIP_RUNTIME_API_EXT","hipLaunchKernel",4160312,4160312,2910,698479928713915,698479928717051
"HIP_RUNTIME_API_EXT","hipGetLastError",4160312,4160312,2911,698479928717382,698479928717412
"HIP_COMPILER_API_EXT","__hipPushCallConfiguration",4160312,4160312,2912,698479928717782,698479928717842
"HIP_COMPILER_API_EXT","__hipPopCallConfiguration",4160312,4160312,2913,698479928718293,698479928718333
"HIP_RUNTIME_API_EXT","hipLaunchKernel",4160312,4160312,2914,698479928719065,698479928722671
"HIP_RUNTIME_API_EXT","hipGetLastError",4160312,4160312,2915,698479928723012,698479928723042
"HIP_RUNTIME_API_EXT","hipSetDevice",4160312,4160312,2916,698479928723423,698479928723463
"HIP_COMPILER_API_EXT","__hipPushCallConfiguration",4160312,4160312,2917,698479928723884,698479928723924
"HIP_COMPILER_API_EXT","__hipPopCallConfiguration",4160312,4160312,2918,698479928724685,698479928724735
"HIP_RUNTIME_API_EXT","hipLaunchKernel",4160312,4160312,2919,698479928725377,698479928728863
"HIP_RUNTIME_API_EXT","hipGetLastError",4160312,4160312,2920,698479928729494,698479928729524
"HIP_COMPILER_API_EXT","__hipPushCallConfiguration",4160312,4160312,2921,698479928730065,698479928730105
"HIP_COMPILER_API_EXT","__hipPopCallConfiguration",4160312,4160312,2922,698479928730516,698479928730566
"HIP_RUNTIME_API_EXT","hipLaunchKernel",4160312,4160312,2923,698479928730947,698479928733923
"HIP_RUNTIME_API_EXT","hipGetLastError",4160312,4160312,2924,698479928734323,698479928734353
"HIP_COMPILER_API_EXT","__hipPushCallConfiguration",4160312,4160312,2925,698479928734894,698479928734935
"HIP_COMPILER_API_EXT","__hipPopCallConfiguration",4160312,4160312,2926,698479928735385,698479928735425
"HIP_RUNTIME_API_EXT","hipLaunchKernel",4160312,4160312,2927,698479928735826,698479928738241
"HIP_RUNTIME_API_EXT","hipGetLastError",4160312,4160312,2928,698479928738652,698479928738682
"HIP_RUNTIME_API_EXT","hipSetDevice",4160312,4160312,2929,698479928738992,698479928739032
"HIP_COMPILER_API_EXT","__hipPushCallConfiguration",4160312,4160312,2930,698479928739343,698479928739393
"HIP_COMPILER_API_EXT","__hipPopCallConfiguration",4160312,4160312,2931,698479928739724,698479928739764
"HIP_RUNTIME_API_EXT","hipLaunchKernel",4160312,4160312,2932,698479928740164,698479928743380
"HIP_RUNTIME_API_EXT","hipGetLastError",4160312,4160312,2933,698479928744132,698479928744162
"HIP_COMPILER_API_EXT","__hipPushCallConfiguration",4160312,4160312,2934,698479928744553,698479928744593
"HIP_COMPILER_API_EXT","__hipPopCallConfiguration",4160312,4160312,2935,698479928744923,698479928744963
"HIP_RUNTIME_API_EXT","hipLaunchKernel",4160312,4160312,2936,698479928745344,698479928749843
"HIP_RUNTIME_API_EXT","hipGetLastError",4160312,4160312,2937,698479928750364,698479928750394
"HIP_COMPILER_API_EXT","__hipPushCallConfiguration",4160312,4160312,2938,698479928750915,698479928750965
"HIP_COMPILER_API_EXT","__hipPopCallConfiguration",4160312,4160312,2939,698479928751285,698479928751325
"HIP_RUNTIME_API_EXT","hipLaunchKernel",4160312,4160312,2940,698479928751776,698479928757397
"HIP_RUNTIME_API_EXT","hipGetLastError",4160312,4160312,2941,698479928757767,698479928757808
"HIP_RUNTIME_API_EXT","hipSetDevice",4160312,4160312,2942,698479928758178,698479928758218
"HIP_COMPILER_API_EXT","__hipPushCallConfiguration",4160312,4160312,2943,698479928758609,698479928758649
"HIP_COMPILER_API_EXT","__hipPopCallConfiguration",4160312,4160312,2944,698479928758980,698479928759030
"HIP_RUNTIME_API_EXT","hipLaunchKernel",4160312,4160312,2945,698479928759601,698479928762657
"HIP_RUNTIME_API_EXT","hipGetLastError",4160312,4160312,2946,698479928763047,698479928763077
"HIP_COMPILER_API_EXT","__hipPushCallConfiguration",4160312,4160312,2947,698479928763769,698479928763819
"HIP_COMPILER_API_EXT","__hipPopCallConfiguration",4160312,4160312,2948,698479928764610,698479928764660
"HIP_RUNTIME_API_EXT","hipLaunchKernel",4160312,4160312,2949,698479928765041,698479928767756
"HIP_RUNTIME_API_EXT","hipGetLastError",4160312,4160312,2950,698479928768087,698479928768117
"HIP_RUNTIME_API_EXT","hipSetDevice",4160312,4160312,2951,698479928768598,698479928768638
"HIP_COMPILER_API_EXT","__hipPushCallConfiguration",4160312,4160312,2952,698479928768989,698479928769029
"HIP_COMPILER_API_EXT","__hipPopCallConfiguration",4160312,4160312,2953,698479928769369,698479928769419
"HIP_RUNTIME_API_EXT","hipLaunchKernel",4160312,4160312,2954,698479928769870,698479928772345
"HIP_RUNTIME_API_EXT","hipGetLastError",4160312,4160312,2955,698479928772926,698479928772956
"HIP_RUNTIME_API_EXT","hipDeviceSynchronize",4160312,4160312,2956,698479928773257,698479928864959
"HIP_RUNTIME_API_EXT","hipSetDevice",4160312,4160312,2957,698479928877372,698479928877412
"HIP_COMPILER_API_EXT","__hipPushCallConfiguration",4160312,4160312,2958,698479928877913,698479928877953
"HIP_COMPILER_API_EXT","__hipPopCallConfiguration",4160312,4160312,2959,698479928878314,698479928878354
"HIP_RUNTIME_API_EXT","hipLaunchKernel",4160312,4160312,2960,698479928878845,698479928884185
"HIP_RUNTIME_API_EXT","hipGetLastError",4160312,4160312,2961,698479928886159,698479928886189
"HIP_RUNTIME_API_EXT","hipDeviceSynchronize",4160312,4160312,2962,698479928886630,698479928975918
"HIP_COMPILER_API_EXT","__hipPushCallConfiguration",4160312,4160312,2963,698479928980536,698479928980576
"HIP_COMPILER_API_EXT","__hipPopCallConfiguration",4160312,4160312,2964,698479928981087,698479928981127
"HIP_RUNTIME_API_EXT","hipLaunchKernel",4160312,4160312,2965,698479928981528,698479928985576
"HIP_RUNTIME_API_EXT","hipGetLastError",4160312,4160312,2966,698479928985947,698479928985977
"HIP_COMPILER_API_EXT","__hipPushCallConfiguration",4160312,4160312,2967,698479928986377,698479928986427
"HIP_COMPILER_API_EXT","__hipPopCallConfiguration",4160312,4160312,2968,698479928986878,698479928986928
"HIP_RUNTIME_API_EXT","hipLaunchKernel",4160312,4160312,2969,698479928987329,698479928990525
"HIP_RUNTIME_API_EXT","hipGetLastError",4160312,4160312,2970,698479928990976,698479928991016
"HIP_COMPILER_API_EXT","__hipPushCallConfiguration",4160312,4160312,2971,698479928991407,698479928991447
"HIP_COMPILER_API_EXT","__hipPopCallConfiguration",4160312,4160312,2972,698479928991888,698479928991938
"HIP_RUNTIME_API_EXT","hipLaunchKernel",4160312,4160312,2973,698479928992329,698479928995545
"HIP_RUNTIME_API_EXT","hipGetLastError",4160312,4160312,2974,698479928995905,698479928995935
"HIP_RUNTIME_API_EXT","hipMemcpy",4160312,4160312,2975,698479928996306,698479929022034
"HIP_RUNTIME_API_EXT","hipMemcpy",4160312,4160312,2976,698479929022946,698479929046801
"HIP_RUNTIME_API_EXT","hipSetDevice",4160312,4160312,2977,698479929049516,698479929049566
"HIP_RUNTIME_API_EXT","hipMemset",4160312,4160312,2978,698479929050428,698479929054445
"HIP_RUNTIME_API_EXT","hipMemcpy",4160312,4160312,2979,698479929054796,698479929085123
"HIP_RUNTIME_API_EXT","hipMemcpy",4160312,4160312,2980,698479929085634,698479929108317
"HIP_COMPILER_API_EXT","__hipPushCallConfiguration",4160312,4160312,2981,698479929109208,698479929109258
"HIP_COMPILER_API_EXT","__hipPopCallConfiguration",4160312,4160312,2982,698479929109609,698479929109649
"HIP_RUNTIME_API_EXT","hipLaunchKernel",4160312,4160312,2983,698479929110611,698479929114588
"HIP_RUNTIME_API_EXT","hipGetLastError",4160312,4160312,2984,698479929115109,698479929115149
"HIP_RUNTIME_API_EXT","hipSetDevice",4160312,4160312,2985,698479929115510,698479929115550
"HIP_COMPILER_API_EXT","__hipPushCallConfiguration",4160312,4160312,2986,698479929115971,698479929116011
"HIP_COMPILER_API_EXT","__hipPopCallConfiguration",4160312,4160312,2987,698479929116462,698479929116512
"HIP_RUNTIME_API_EXT","hipLaunchKernel",4160312,4160312,2988,698479929116913,698479929120339
"HIP_RUNTIME_API_EXT","hipGetLastError",4160312,4160312,2989,698479929120990,698479929121020
"HIP_COMPILER_API_EXT","__hipPushCallConfiguration",4160312,4160312,2990,698479929121451,698479929121501
"HIP_COMPILER_API_EXT","__hipPopCallConfiguration",4160312,4160312,2991,698479929121852,698479929121902
"HIP_RUNTIME_API_EXT","hipLaunchKernel",4160312,4160312,2992,698479929122293,698479929125429
"HIP_RUNTIME_API_EXT","hipGetLastError",4160312,4160312,2993,698479929125850,698479929125880
"HIP_COMPILER_API_EXT","__hipPushCallConfiguration",4160312,4160312,2994,698479929126300,698479929126350
"HIP_COMPILER_API_EXT","__hipPopCallConfiguration",4160312,4160312,2995,698479929126691,698479929126741
"HIP_RUNTIME_API_EXT","hipLaunchKernel",4160312,4160312,2996,698479929127202,698479929130057
"HIP_RUNTIME_API_EXT","hipGetLastError",4160312,4160312,2997,698479929130538,698479929130568
"HIP_RUNTIME_API_EXT","hipSetDevice",4160312,4160312,2998,698479929130949,698479929130989
"HIP_COMPILER_API_EXT","__hipPushCallConfiguration",4160312,4160312,2999,698479929131450,698479929131490
"HIP_COMPILER_API_EXT","__hipPopCallConfiguration",4160312,4160312,3000,698479929132923,698479929132963
"HIP_RUNTIME_API_EXT","hipLaunchKernel",4160312,4160312,3001,698479929133374,698479929137501
"HIP_RUNTIME_API_EXT","hipGetLastError",4160312,4160312,3002,698479929137842,698479929137872
"HIP_COMPILER_API_EXT","__hipPushCallConfiguration",4160312,4160312,3003,698479929138273,698479929138323
"HIP_COMPILER_API_EXT","__hipPopCallConfiguration",4160312,4160312,3004,698479929138724,698479929138774
"HIP_RUNTIME_API_EXT","hipLaunchKernel",4160312,4160312,3005,698479929139225,698479929142471
"HIP_RUNTIME_API_EXT","hipGetLastError",4160312,4160312,3006,698479929142972,698479929143002
"HIP_COMPILER_API_EXT","__hipPushCallConfiguration",4160312,4160312,3007,698479929143503,698479929143543
"HIP_COMPILER_API_EXT","__hipPopCallConfiguration",4160312,4160312,3008,698479929143883,698479929143924
"HIP_RUNTIME_API_EXT","hipLaunchKernel",4160312,4160312,3009,698479929144635,698479929147410
"HIP_RUNTIME_API_EXT","hipGetLastError",4160312,4160312,3010,698479929147761,698479929147791
"HIP_RUNTIME_API_EXT","hipSetDevice",4160312,4160312,3011,698479929148182,698479929148222
"HIP_COMPILER_API_EXT","__hipPushCallConfiguration",4160312,4160312,3012,698479929148632,698479929148672
"HIP_COMPILER_API_EXT","__hipPopCallConfiguration",4160312,4160312,3013,698479929149384,698479929149434
"HIP_RUNTIME_API_EXT","hipLaunchKernel",4160312,4160312,3014,698479929149875,698479929153451
"HIP_RUNTIME_API_EXT","hipGetLastError",4160312,4160312,3015,698479929153822,698479929153852
"HIP_COMPILER_API_EXT","__hipPushCallConfiguration",4160312,4160312,3016,698479929158331,698479929158381
"HIP_COMPILER_API_EXT","__hipPopCallConfiguration",4160312,4160312,3017,698479929161877,698479929161927
"HIP_RUNTIME_API_EXT","hipLaunchKernel",4160312,4160312,3018,698479929162338,698479929166155
"HIP_RUNTIME_API_EXT","hipGetLastError",4160312,4160312,3019,698479929166546,698479929166576
"HIP_COMPILER_API_EXT","__hipPushCallConfiguration",4160312,4160312,3020,698479929166997,698479929167037
"HIP_COMPILER_API_EXT","__hipPopCallConfiguration",4160312,4160312,3021,698479929167388,698479929167428
"HIP_RUNTIME_API_EXT","hipLaunchKernel",4160312,4160312,3022,698479929167979,698479929171145
"HIP_RUNTIME_API_EXT","hipGetLastError",4160312,4160312,3023,698479929171555,698479929171586
"HIP_RUNTIME_API_EXT","hipSetDevice",4160312,4160312,3024,698479929171896,698479929171946
"HIP_COMPILER_API_EXT","__hipPushCallConfiguration",4160312,4160312,3025,698479929172337,698479929172377
"HIP_COMPILER_API_EXT","__hipPopCallConfiguration",4160312,4160312,3026,698479929172748,698479929172788
"HIP_RUNTIME_API_EXT","hipLaunchKernel",4160312,4160312,3027,698479929173299,698479929177066
"HIP_RUNTIME_API_EXT","hipGetLastError",4160312,4160312,3028,698479929178248,698479929178278
"HIP_COMPILER_API_EXT","__hipPushCallConfiguration",4160312,4160312,3029,698479929178739,698479929178789
"HIP_COMPILER_API_EXT","__hipPopCallConfiguration",4160312,4160312,3030,698479929179120,698479929179160
"HIP_RUNTIME_API_EXT","hipLaunchKernel",4160312,4160312,3031,698479929179651,698479929184259
"HIP_RUNTIME_API_EXT","hipGetLastError",4160312,4160312,3032,698479929184820,698479929184850
"HIP_COMPILER_API_EXT","__hipPushCallConfiguration",4160312,4160312,3033,698479929185361,698479929185401
"HIP_COMPILER_API_EXT","__hipPopCallConfiguration",4160312,4160312,3034,698479929185792,698479929185832
"HIP_RUNTIME_API_EXT","hipLaunchKernel",4160312,4160312,3035,698479929186504,698479929189870
"HIP_RUNTIME_API_EXT","hipGetLastError",4160312,4160312,3036,698479929190301,698479929190331
"HIP_RUNTIME_API_EXT","hipSetDevice",4160312,4160312,3037,698479929190661,698479929190711
"HIP_COMPILER_API_EXT","__hipPushCallConfiguration",4160312,4160312,3038,698479929191092,698479929191132
"HIP_COMPILER_API_EXT","__hipPopCallConfiguration",4160312,4160312,3039,698479929191563,698479929191603
"HIP_RUNTIME_API_EXT","hipLaunchKernel",4160312,4160312,3040,698479929192164,698479929194909
"HIP_RUNTIME_API_EXT","hipGetLastError",4160312,4160312,3041,698479929195330,698479929195360
"HIP_COMPILER_API_EXT","__hipPushCallConfiguration",4160312,4160312,3042,698479929195681,698479929195721
"HIP_COMPILER_API_EXT","__hipPopCallConfiguration",4160312,4160312,3043,698479929196082,698479929196122
"HIP_RUNTIME_API_EXT","hipLaunchKernel",4160312,4160312,3044,698479929196562,698479929200570
"HIP_RUNTIME_API_EXT","hipGetLastError",4160312,4160312,3045,698479929201041,698479929201071
"HIP_COMPILER_API_EXT","__hipPushCallConfiguration",4160312,4160312,3046,698479929201372,698479929201422
"HIP_COMPILER_API_EXT","__hipPopCallConfiguration",4160312,4160312,3047,698479929201752,698479929201792
"HIP_RUNTIME_API_EXT","hipLaunchKernel",4160312,4160312,3048,698479929202253,698479929207012
"HIP_RUNTIME_API_EXT","hipGetLastError",4160312,4160312,3049,698479929207653,698479929207683
"HIP_RUNTIME_API_EXT","hipSetDevice",4160312,4160312,3050,698479929208064,698479929208104
"HIP_COMPILER_API_EXT","__hipPushCallConfiguration",4160312,4160312,3051,698479929208485,698479929208535
"HIP_COMPILER_API_EXT","__hipPopCallConfiguration",4160312,4160312,3052,698479929210098,698479929210148
"HIP_RUNTIME_API_EXT","hipLaunchKernel",4160312,4160312,3053,698479929210619,698479929214005
"HIP_RUNTIME_API_EXT","hipGetLastError",4160312,4160312,3054,698479929214877,698479929214907
"HIP_COMPILER_API_EXT","__hipPushCallConfiguration",4160312,4160312,3055,698479929215288,698479929215328
"HIP_COMPILER_API_EXT","__hipPopCallConfiguration",4160312,4160312,3056,698479929215668,698479929215708
"HIP_RUNTIME_API_EXT","hipLaunchKernel",4160312,4160312,3057,698479929216209,698479929219375
"HIP_RUNTIME_API_EXT","hipGetLastError",4160312,4160312,3058,698479929219806,698479929219836
"HIP_COMPILER_API_EXT","__hipPushCallConfiguration",4160312,4160312,3059,698479929220147,698479929220187
"HIP_COMPILER_API_EXT","__hipPopCallConfiguration",4160312,4160312,3060,698479929220598,698479929220638
"HIP_RUNTIME_API_EXT","hipLaunchKernel",4160312,4160312,3061,698479929221089,698479929224295
"HIP_RUNTIME_API_EXT","hipGetLastError",4160312,4160312,3062,698479929224946,698479929224976
"HIP_RUNTIME_API_EXT","hipSetDevice",4160312,4160312,3063,698479929225286,698479929225327
"HIP_COMPILER_API_EXT","__hipPushCallConfiguration",4160312,4160312,3064,698479929225687,698479929225727
"HIP_COMPILER_API_EXT","__hipPopCallConfiguration",4160312,4160312,3065,698479929226138,698479929226188
"HIP_RUNTIME_API_EXT","hipLaunchKernel",4160312,4160312,3066,698479929226629,698479929229685
"HIP_RUNTIME_API_EXT","hipGetLastError",4160312,4160312,3067,698479929230015,698479929230045
"HIP_COMPILER_API_EXT","__hipPushCallConfiguration",4160312,4160312,3068,698479929230466,698479929230506
"HIP_COMPILER_API_EXT","__hipPopCallConfiguration",4160312,4160312,3069,698479929231037,698479929231087
"HIP_RUNTIME_API_EXT","hipLaunchKernel",4160312,4160312,3070,698479929232059,698479929235916
"HIP_RUNTIME_API_EXT","hipGetLastError",4160312,4160312,3071,698479929239353,698479929239393
"HIP_COMPILER_API_EXT","__hipPushCallConfiguration",4160312,4160312,3072,698479929239894,698479929239944
"HIP_COMPILER_API_EXT","__hipPopCallConfiguration",4160312,4160312,3073,698479929240736,698479929240786
"HIP_RUNTIME_API_EXT","hipLaunchKernel",4160312,4160312,3074,698479929241527,698479929245154
"HIP_RUNTIME_API_EXT","hipGetLastError",4160312,4160312,3075,698479929245484,698479929245514
"HIP_RUNTIME_API_EXT","hipSetDevice",4160312,4160312,3076,698479929245945,698479929245985
"HIP_COMPILER_API_EXT","__hipPushCallConfiguration",4160312,4160312,3077,698479929246296,698479929246346
"HIP_COMPILER_API_EXT","__hipPopCallConfiguration",4160312,4160312,3078,698479929246677,698479929246717
"HIP_RUNTIME_API_EXT","hipLaunchKernel",4160312,4160312,3079,698479929247248,698479929251386
"HIP_RUNTIME_API_EXT","hipGetLastError",4160312,4160312,3080,698479929251826,698479929251856
"HIP_COMPILER_API_EXT","__hipPushCallConfiguration",4160312,4160312,3081,698479929252458,698479929252498
"HIP_COMPILER_API_EXT","__hipPopCallConfiguration",4160312,4160312,3082,698479929252928,698479929252969
"HIP_RUNTIME_API_EXT","hipLaunchKernel",4160312,4160312,3083,698479929253369,698479929256355
"HIP_RUNTIME_API_EXT","hipGetLastError",4160312,4160312,3084,698479929256726,698479929256756
"HIP_COMPILER_API_EXT","__hipPushCallConfiguration",4160312,4160312,3085,698479929257287,698479929257337
"HIP_COMPILER_API_EXT","__hipPopCallConfiguration",4160312,4160312,3086,698479929257758,698479929257798
"HIP_RUNTIME_API_EXT","hipLaunchKernel",4160312,4160312,3087,698479929258168,698479929260483
"HIP_RUNTIME_API_EXT","hipGetLastError",4160312,4160312,3088,698479929260823,698479929260853
"HIP_RUNTIME_API_EXT","hipSetDevice",4160312,4160312,3089,698479929261324,698479929261364
"HIP_COMPILER_API_EXT","__hipPushCallConfiguration",4160312,4160312,3090,698479929261665,698479929261715
"HIP_COMPILER_API_EXT","__hipPopCallConfiguration",4160312,4160312,3091,698479929262046,698479929262096
"HIP_RUNTIME_API_EXT","hipLaunchKernel",4160312,4160312,3092,698479929262547,698479929271273
"HIP_RUNTIME_API_EXT","hipGetLastError",4160312,4160312,3093,698479929271814,698479929271844
"HIP_COMPILER_API_EXT","__hipPushCallConfiguration",4160312,4160312,3094,698479929272245,698479929272305
"HIP_COMPILER_API_EXT","__hipPopCallConfiguration",4160312,4160312,3095,698479929272766,698479929272816
"HIP_RUNTIME_API_EXT","hipLaunchKernel",4160312,4160312,3096,698479929273808,698479929276783
"HIP_RUNTIME_API_EXT","hipGetLastError",4160312,4160312,3097,698479929277154,698479929277184
"HIP_RUNTIME_API_EXT","hipSetDevice",4160312,4160312,3098,698479929277865,698479929277915
"HIP_COMPILER_API_EXT","__hipPushCallConfiguration",4160312,4160312,3099,698479929278356,698479929278406
"HIP_COMPILER_API_EXT","__hipPopCallConfiguration",4160312,4160312,3100,698479929278817,698479929278867
"HIP_RUNTIME_API_EXT","hipLaunchKernel",4160312,4160312,3101,698479929279418,698479929282845
"HIP_RUNTIME_API_EXT","hipGetLastError",4160312,4160312,3102,698479929283616,698479929283646
"HIP_RUNTIME_API_EXT","hipDeviceSynchronize",4160312,4160312,3103,698479929284057,698479929350592
"HIP_RUNTIME_API_EXT","hipSetDevice",4160312,4160312,3104,698479929355541,698479929355581
"HIP_COMPILER_API_EXT","__hipPushCallConfiguration",4160312,4160312,3105,698479929356223,698479929356263
"HIP_COMPILER_API_EXT","__hipPopCallConfiguration",4160312,4160312,3106,698479929356673,698479929356714
"HIP_RUNTIME_API_EXT","hipLaunchKernel",4160312,4160312,3107,698479929358246,698479929363657
"HIP_RUNTIME_API_EXT","hipGetLastError",4160312,4160312,3108,698479929366702,698479929366732
"HIP_RUNTIME_API_EXT","hipDeviceSynchronize",4160312,4160312,3109,698479929367153,698479929455249
"HIP_COMPILER_API_EXT","__hipPushCallConfiguration",4160312,4160312,3110,698479929455810,698479929455850
"HIP_COMPILER_API_EXT","__hipPopCallConfiguration",4160312,4160312,3111,698479929461631,698479929461681
"HIP_RUNTIME_API_EXT","hipLaunchKernel",4160312,4160312,3112,698479929462242,698479929466340
"HIP_RUNTIME_API_EXT","hipGetLastError",4160312,4160312,3113,698479929467021,698479929467051
"HIP_COMPILER_API_EXT","__hipPushCallConfiguration",4160312,4160312,3114,698479929467392,698479929467442
"HIP_COMPILER_API_EXT","__hipPopCallConfiguration",4160312,4160312,3115,698479929467792,698479929467832
"HIP_RUNTIME_API_EXT","hipLaunchKernel",4160312,4160312,3116,698479929468213,698479929471109
"HIP_RUNTIME_API_EXT","hipGetLastError",4160312,4160312,3117,698479929471780,698479929471810
"HIP_COMPILER_API_EXT","__hipPushCallConfiguration",4160312,4160312,3118,698479929472131,698479929472171
"HIP_COMPILER_API_EXT","__hipPopCallConfiguration",4160312,4160312,3119,698479929472511,698479929472551
"HIP_RUNTIME_API_EXT","hipLaunchKernel",4160312,4160312,3120,698479929472932,698479929475487
"HIP_RUNTIME_API_EXT","hipGetLastError",4160312,4160312,3121,698479929475958,698479929475988
"HIP_RUNTIME_API_EXT","hipMemcpy",4160312,4160312,3122,698479929476338,698479929502558
"HIP_RUNTIME_API_EXT","hipMemcpy",4160312,4160312,3123,698479929503810,698479929527755
"HIP_RUNTIME_API_EXT","hipSetDevice",4160312,4160312,3124,698479929530811,698479929530861
"HIP_RUNTIME_API_EXT","hipMemset",4160312,4160312,3125,698479929531733,698479929536201
"HIP_RUNTIME_API_EXT","hipMemcpy",4160312,4160312,3126,698479929536602,698479929568732
"HIP_RUNTIME_API_EXT","hipMemcpy",4160312,4160312,3127,698479929569453,698479929591946
"HIP_COMPILER_API_EXT","__hipPushCallConfiguration",4160312,4160312,3128,698479929592958,698479929592998
"HIP_COMPILER_API_EXT","__hipPopCallConfiguration",4160312,4160312,3129,698479929593489,698479929593529
"HIP_RUNTIME_API_EXT","hipLaunchKernel",4160312,4160312,3130,698479929594000,698479929598047
"HIP_RUNTIME_API_EXT","hipGetLastError",4160312,4160312,3131,698479929598508,698479929598538
"HIP_RUNTIME_API_EXT","hipSetDevice",4160312,4160312,3132,698479929599129,698479929599169
"HIP_COMPILER_API_EXT","__hipPushCallConfiguration",4160312,4160312,3133,698479929599570,698479929599620
"HIP_COMPILER_API_EXT","__hipPopCallConfiguration",4160312,4160312,3134,698479929599961,698479929600011
"HIP_RUNTIME_API_EXT","hipLaunchKernel",4160312,4160312,3135,698479929600562,698479929603277
"HIP_RUNTIME_API_EXT","hipGetLastError",4160312,4160312,3136,698479929603748,698479929603778
"HIP_COMPILER_API_EXT","__hipPushCallConfiguration",4160312,4160312,3137,698479929604319,698479929604359
"HIP_COMPILER_API_EXT","__hipPopCallConfiguration",4160312,4160312,3138,698479929604690,698479929604740
"HIP_RUNTIME_API_EXT","hipLaunchKernel",4160312,4160312,3139,698479929605211,698479929607976
"HIP_RUNTIME_API_EXT","hipGetLastError",4160312,4160312,3140,698479929608457,698479929608487
"HIP_COMPILER_API_EXT","__hipPushCallConfiguration",4160312,4160312,3141,698479929608888,698479929608928
"HIP_COMPILER_API_EXT","__hipPopCallConfiguration",4160312,4160312,3142,698479929609258,698479929609308
"HIP_RUNTIME_API_EXT","hipLaunchKernel",4160312,4160312,3143,698479929609789,698479929612725
"HIP_RUNTIME_API_EXT","hipGetLastError",4160312,4160312,3144,698479929613065,698479929613096
"HIP_RUNTIME_API_EXT","hipSetDevice",4160312,4160312,3145,698479929613486,698479929613526
"HIP_COMPILER_API_EXT","__hipPushCallConfiguration",4160312,4160312,3146,698479929614077,698479929614127
"HIP_COMPILER_API_EXT","__hipPopCallConfiguration",4160312,4160312,3147,698479929614458,698479929614508
"HIP_RUNTIME_API_EXT","hipLaunchKernel",4160312,4160312,3148,698479929616302,698479929620129
"HIP_RUNTIME_API_EXT","hipGetLastError",4160312,4160312,3149,698479929620930,698479929620970
"HIP_COMPILER_API_EXT","__hipPushCallConfiguration",4160312,4160312,3150,698479929621351,698479929621401
"HIP_COMPILER_API_EXT","__hipPopCallConfiguration",4160312,4160312,3151,698479929623285,698479929623325
"HIP_RUNTIME_API_EXT","hipLaunchKernel",4160312,4160312,3152,698479929748600,698479929753149
"HIP_RUNTIME_API_EXT","hipGetLastError",4160312,4160312,3153,698479929753720,698479929753750
"HIP_COMPILER_API_EXT","__hipPushCallConfiguration",4160312,4160312,3154,698479929754321,698479929754361
"HIP_COMPILER_API_EXT","__hipPopCallConfiguration",4160312,4160312,3155,698479929754902,698479929754942
"HIP_RUNTIME_API_EXT","hipLaunchKernel",4160312,4160312,3156,698479929755433,698479929759330
"HIP_RUNTIME_API_EXT","hipGetLastError",4160312,4160312,3157,698479929759992,698479929760022
"HIP_RUNTIME_API_EXT","hipSetDevice",4160312,4160312,3158,698479929760412,698479929760453
"HIP_COMPILER_API_EXT","__hipPushCallConfiguration",4160312,4160312,3159,698479929760833,698479929760883
"HIP_COMPILER_API_EXT","__hipPopCallConfiguration",4160312,4160312,3160,698479929761324,698479929761364
"HIP_RUNTIME_API_EXT","hipLaunchKernel",4160312,4160312,3161,698479929761825,698479929766093
"HIP_RUNTIME_API_EXT","hipGetLastError",4160312,4160312,3162,698479929766754,698479929766784
"HIP_COMPILER_API_EXT","__hipPushCallConfiguration",4160312,4160312,3163,698479929767155,698479929767205
"HIP_COMPILER_API_EXT","__hipPopCallConfiguration",4160312,4160312,3164,698479929767716,698479929767766
"HIP_RUNTIME_API_EXT","hipLaunchKernel",4160312,4160312,3165,698479929768217,698479929772936
"HIP_RUNTIME_API_EXT","hipGetLastError",4160312,4160312,3166,698479929773587,698479929773617
"HIP_COMPILER_API_EXT","__hipPushCallConfiguration",4160312,4160312,3167,698479929774008,698479929774048
"HIP_COMPILER_API_EXT","__hipPopCallConfiguration",4160312,4160312,3168,698479929774870,698479929774910
"HIP_RUNTIME_API_EXT","hipLaunchKernel",4160312,4160312,3169,698479929775571,698479929778907
"HIP_RUNTIME_API_EXT","hipGetLastError",4160312,4160312,3170,698479929779398,698479929779428
"HIP_RUNTIME_API_EXT","hipSetDevice",4160312,4160312,3171,698479929779949,698479929779989
"HIP_COMPILER_API_EXT","__hipPushCallConfiguration",4160312,4160312,3172,698479929780500,698479929780550
"HIP_COMPILER_API_EXT","__hipPopCallConfiguration",4160312,4160312,3173,698479929780941,698479929780991
"HIP_RUNTIME_API_EXT","hipLaunchKernel",4160312,4160312,3174,698479929781452,698479929784738
"HIP_RUNTIME_API_EXT","hipGetLastError",4160312,4160312,3175,698479929785279,698479929785309
"HIP_COMPILER_API_EXT","__hipPushCallConfiguration",4160312,4160312,3176,698479929785620,698479929785660
"HIP_COMPILER_API_EXT","__hipPopCallConfiguration",4160312,4160312,3177,698479929786001,698479929786051
"HIP_RUNTIME_API_EXT","hipLaunchKernel",4160312,4160312,3178,698479929786652,698479929790659
"HIP_RUNTIME_API_EXT","hipGetLastError",4160312,4160312,3179,698479929791010,698479929791040
"HIP_COMPILER_API_EXT","__hipPushCallConfiguration",4160312,4160312,3180,698479929791361,698479929791411
"HIP_COMPILER_API_EXT","__hipPopCallConfiguration",4160312,4160312,3181,698479929791882,698479929791922
"HIP_RUNTIME_API_EXT","hipLaunchKernel",4160312,4160312,3182,698479929795599,698479929799526
"HIP_RUNTIME_API_EXT","hipGetLastError",4160312,4160312,3183,698479929800217,698479929800247
"HIP_RUNTIME_API_EXT","hipSetDevice",4160312,4160312,3184,698479929800628,698479929800678
"HIP_COMPILER_API_EXT","__hipPushCallConfiguration",4160312,4160312,3185,698479929801079,698479929801119
"HIP_COMPILER_API_EXT","__hipPopCallConfiguration",4160312,4160312,3186,698479929801911,698479929801961
"HIP_RUNTIME_API_EXT","hipLaunchKernel",4160312,4160312,3187,698479929802431,698479929805888
"HIP_RUNTIME_API_EXT","hipGetLastError",4160312,4160312,3188,698479929806379,698479929806399
"HIP_COMPILER_API_EXT","__hipPushCallConfiguration",4160312,4160312,3189,698479929806740,698479929806780
"HIP_COMPILER_API_EXT","__hipPopCallConfiguration",4160312,4160312,3190,698479929807110,698479929807160
"HIP_RUNTIME_API_EXT","hipLaunchKernel",4160312,4160312,3191,698479929807601,698479929810687
"HIP_RUNTIME_API_EXT","hipGetLastError",4160312,4160312,3192,698479929811018,698479929811048
"HIP_COMPILER_API_EXT","__hipPushCallConfiguration",4160312,4160312,3193,698479929811438,698479929811478
"HIP_COMPILER_API_EXT","__hipPopCallConfiguration",4160312,4160312,3194,698479929811819,698479929811859
"HIP_RUNTIME_API_EXT","hipLaunchKernel",4160312,4160312,3195,698479929812250,698479929815165
"HIP_RUNTIME_API_EXT","hipGetLastError",4160312,4160312,3196,698479929815877,698479929815907
"HIP_RUNTIME_API_EXT","hipSetDevice",4160312,4160312,3197,698479929816217,698479929816257
"HIP_COMPILER_API_EXT","__hipPushCallConfiguration",4160312,4160312,3198,698479929816618,698479929816668
"HIP_COMPILER_API_EXT","__hipPopCallConfiguration",4160312,4160312,3199,698479929817069,698479929817109
"HIP_RUNTIME_API_EXT","hipLaunchKernel",4160312,4160312,3200,698479929817500,698479929822048
"HIP_RUNTIME_API_EXT","hipGetLastError",4160312,4160312,3201,698479929822579,698479929822609
"HIP_COMPILER_API_EXT","__hipPushCallConfiguration",4160312,4160312,3202,698479929823000,698479929823060
"HIP_COMPILER_API_EXT","__hipPopCallConfiguration",4160312,4160312,3203,698479929823511,698479929823561
"HIP_RUNTIME_API_EXT","hipLaunchKernel",4160312,4160312,3204,698479929824313,698479929827378
"HIP_RUNTIME_API_EXT","hipGetLastError",4160312,4160312,3205,698479929827759,698479929827789
"HIP_COMPILER_API_EXT","__hipPushCallConfiguration",4160312,4160312,3206,698479929828340,698479929828380
"HIP_COMPILER_API_EXT","__hipPopCallConfiguration",4160312,4160312,3207,698479929829382,698479929829422
"HIP_RUNTIME_API_EXT","hipLaunchKernel",4160312,4160312,3208,698479929829863,698479929833861
"HIP_RUNTIME_API_EXT","hipGetLastError",4160312,4160312,3209,698479929834201,698479929834231
"HIP_RUNTIME_API_EXT","hipSetDevice",4160312,4160312,3210,698479929834702,698479929834742
"HIP_COMPILER_API_EXT","__hipPushCallConfiguration",4160312,4160312,3211,698479929835253,698479929835303
"HIP_COMPILER_API_EXT","__hipPopCallConfiguration",4160312,4160312,3212,698479929836015,698479929836065
"HIP_RUNTIME_API_EXT","hipLaunchKernel",4160312,4160312,3213,698479929836435,698479929840603
"HIP_RUNTIME_API_EXT","hipGetLastError",4160312,4160312,3214,698479929841044,698479929841074
"HIP_COMPILER_API_EXT","__hipPushCallConfiguration",4160312,4160312,3215,698479929841385,698479929841425
"HIP_COMPILER_API_EXT","__hipPopCallConfiguration",4160312,4160312,3216,698479929841755,698479929841795
"HIP_RUNTIME_API_EXT","hipLaunchKernel",4160312,4160312,3217,698479929842176,698479929845382
"HIP_RUNTIME_API_EXT","hipGetLastError",4160312,4160312,3218,698479929845733,698479929845763
"HIP_COMPILER_API_EXT","__hipPushCallConfiguration",4160312,4160312,3219,698479929846184,698479929846234
"HIP_COMPILER_API_EXT","__hipPopCallConfiguration",4160312,4160312,3220,698479929846564,698479929846605
"HIP_RUNTIME_API_EXT","hipLaunchKernel",4160312,4160312,3221,698479929847095,698479929850061
"HIP_RUNTIME_API_EXT","hipGetLastError",4160312,4160312,3222,698479929850772,698479929850802
"HIP_RUNTIME_API_EXT","hipSetDevice",4160312,4160312,3223,698479929851253,698479929851293
"HIP_COMPILER_API_EXT","__hipPushCallConfiguration",4160312,4160312,3224,698479929851724,698479929851764
"HIP_COMPILER_API_EXT","__hipPopCallConfiguration",4160312,4160312,3225,698479929852095,698479929852135
"HIP_RUNTIME_API_EXT","hipLaunchKernel",4160312,4160312,3226,698479929852516,698479929856553
"HIP_RUNTIME_API_EXT","hipGetLastError",4160312,4160312,3227,698479929857024,698479929857054
"HIP_COMPILER_API_EXT","__hipPushCallConfiguration",4160312,4160312,3228,698479929857455,698479929857505
"HIP_COMPILER_API_EXT","__hipPopCallConfiguration",4160312,4160312,3229,698479929857906,698479929857946
"HIP_RUNTIME_API_EXT","hipLaunchKernel",4160312,4160312,3230,698479929858347,698479929862364
"HIP_RUNTIME_API_EXT","hipGetLastError",4160312,4160312,3231,698479929862865,698479929862905
"HIP_COMPILER_API_EXT","__hipPushCallConfiguration",4160312,4160312,3232,698479929863306,698479929863356
"HIP_COMPILER_API_EXT","__hipPopCallConfiguration",4160312,4160312,3233,698479929864218,698479929864368
"HIP_RUNTIME_API_EXT","hipLaunchKernel",4160312,4160312,3234,698479929865029,698479929868025
"HIP_RUNTIME_API_EXT","hipGetLastError",4160312,4160312,3235,698479929868516,698479929868546
"HIP_RUNTIME_API_EXT","hipSetDevice",4160312,4160312,3236,698479929868957,698479929868997
"HIP_COMPILER_API_EXT","__hipPushCallConfiguration",4160312,4160312,3237,698479929870339,698479929870389
"HIP_COMPILER_API_EXT","__hipPopCallConfiguration",4160312,4160312,3238,698479929870990,698479929871040
"HIP_RUNTIME_API_EXT","hipLaunchKernel",4160312,4160312,3239,698479929871501,698479929874767
"HIP_RUNTIME_API_EXT","hipGetLastError",4160312,4160312,3240,698479929875329,698479929875359
"HIP_COMPILER_API_EXT","__hipPushCallConfiguration",4160312,4160312,3241,698479929875910,698479929875960
"HIP_COMPILER_API_EXT","__hipPopCallConfiguration",4160312,4160312,3242,698479929877092,698479929877132
"HIP_RUNTIME_API_EXT","hipLaunchKernel",4160312,4160312,3243,698479929877673,698479929882181
"HIP_RUNTIME_API_EXT","hipGetLastError",4160312,4160312,3244,698479929882763,698479929882793
"HIP_RUNTIME_API_EXT","hipSetDevice",4160312,4160312,3245,698479929886339,698479929886389
"HIP_COMPILER_API_EXT","__hipPushCallConfiguration",4160312,4160312,3246,698479929886840,698479929886880
"HIP_COMPILER_API_EXT","__hipPopCallConfiguration",4160312,4160312,3247,698479929887582,698479929887622
"HIP_RUNTIME_API_EXT","hipLaunchKernel",4160312,4160312,3248,698479929888072,698479929891890
"HIP_RUNTIME_API_EXT","hipGetLastError",4160312,4160312,3249,698479929892551,698479929892581
"HIP_RUNTIME_API_EXT","hipDeviceSynchronize",4160312,4160312,3250,698479929893032,698479929937315
"HIP_RUNTIME_API_EXT","hipSetDevice",4160312,4160312,3251,698479929939489,698479929939539
"HIP_COMPILER_API_EXT","__hipPushCallConfiguration",4160312,4160312,3252,698479929939950,698479929940000
"HIP_COMPILER_API_EXT","__hipPopCallConfiguration",4160312,4160312,3253,698479929940471,698479929940521
"HIP_RUNTIME_API_EXT","hipLaunchKernel",4160312,4160312,3254,698479929941413,698479929949027
"HIP_RUNTIME_API_EXT","hipGetLastError",4160312,4160312,3255,698479929950991,698479929951021
"HIP_RUNTIME_API_EXT","hipDeviceSynchronize",4160312,4160312,3256,698479929951331,698479930041721
"HIP_COMPILER_API_EXT","__hipPushCallConfiguration",4160312,4160312,3257,698479930042403,698479930042453
"HIP_COMPILER_API_EXT","__hipPopCallConfiguration",4160312,4160312,3258,698479930058643,698479930058683
"HIP_RUNTIME_API_EXT","hipLaunchKernel",4160312,4160312,3259,698479930059304,698479930063502
"HIP_RUNTIME_API_EXT","hipGetLastError",4160312,4160312,3260,698479930064254,698479930064294
"HIP_COMPILER_API_EXT","__hipPushCallConfiguration",4160312,4160312,3261,698479930064705,698479930064745
"HIP_COMPILER_API_EXT","__hipPopCallConfiguration",4160312,4160312,3262,698479930065085,698479930065125
"HIP_RUNTIME_API_EXT","hipLaunchKernel",4160312,4160312,3263,698479930065546,698479930069173
"HIP_RUNTIME_API_EXT","hipGetLastError",4160312,4160312,3264,698479930069764,698479930069794
"HIP_COMPILER_API_EXT","__hipPushCallConfiguration",4160312,4160312,3265,698479930070275,698479930070315
"HIP_COMPILER_API_EXT","__hipPopCallConfiguration",4160312,4160312,3266,698479930070706,698479930070756
"HIP_RUNTIME_API_EXT","hipLaunchKernel",4160312,4160312,3267,698479930071137,698479930074663
"HIP_RUNTIME_API_EXT","hipGetLastError",4160312,4160312,3268,698479930075064,698479930075094
"HIP_RUNTIME_API_EXT","hipMemcpy",4160312,4160312,3269,698479930075485,698479930099159
"HIP_RUNTIME_API_EXT","hipMemcpy",4160312,4160312,3270,698479930100382,698479930124707
"HIP_RUNTIME_API_EXT","hipSetDevice",4160312,4160312,3271,698479930128144,698479930128184
"HIP_RUNTIME_API_EXT","hipMemset",4160312,4160312,3272,698479930129066,698479930133364
"HIP_RUNTIME_API_EXT","hipMemcpy",4160312,4160312,3273,698479930133674,698479930164472
"HIP_RUNTIME_API_EXT","hipMemcpy",4160312,4160312,3274,698479930164943,698479930188618
"HIP_COMPILER_API_EXT","__hipPushCallConfiguration",4160312,4160312,3275,698479930189449,698479930189489
"HIP_COMPILER_API_EXT","__hipPopCallConfiguration",4160312,4160312,3276,698479930190321,698479930190371
"HIP_RUNTIME_API_EXT","hipLaunchKernel",4160312,4160312,3277,698479930190772,698479930194909
"HIP_RUNTIME_API_EXT","hipGetLastError",4160312,4160312,3278,698479930195270,698479930195300
"HIP_RUNTIME_API_EXT","hipSetDevice",4160312,4160312,3279,698479930195601,698479930195651
"HIP_COMPILER_API_EXT","__hipPushCallConfiguration",4160312,4160312,3280,698479930196112,698479930196162
"HIP_COMPILER_API_EXT","__hipPopCallConfiguration",4160312,4160312,3281,698479930196482,698479930196532
"HIP_RUNTIME_API_EXT","hipLaunchKernel",4160312,4160312,3282,698479930197073,698479930199638
"HIP_RUNTIME_API_EXT","hipGetLastError",4160312,4160312,3283,698479930200159,698479930200189
"HIP_COMPILER_API_EXT","__hipPushCallConfiguration",4160312,4160312,3284,698479930200500,698479930200550
"HIP_COMPILER_API_EXT","__hipPopCallConfiguration",4160312,4160312,3285,698479930200991,698479930201041
"HIP_RUNTIME_API_EXT","hipLaunchKernel",4160312,4160312,3286,698479930201532,698479930204558
"HIP_RUNTIME_API_EXT","hipGetLastError",4160312,4160312,3287,698479930204928,698479930204958
"HIP_COMPILER_API_EXT","__hipPushCallConfiguration",4160312,4160312,3288,698479930205339,698479930205379
"HIP_COMPILER_API_EXT","__hipPopCallConfiguration",4160312,4160312,3289,698479930205720,698479930205770
"HIP_RUNTIME_API_EXT","hipLaunchKernel",4160312,4160312,3290,698479930206140,698479930209106
"HIP_RUNTIME_API_EXT","hipGetLastError",4160312,4160312,3291,698479930209557,698479930209587
"HIP_RUNTIME_API_EXT","hipSetDevice",4160312,4160312,3292,698479930210028,698479930210068
"HIP_COMPILER_API_EXT","__hipPushCallConfiguration",4160312,4160312,3293,698479930210529,698479930210579
"HIP_COMPILER_API_EXT","__hipPopCallConfiguration",4160312,4160312,3294,698479930212172,698479930212222
"HIP_RUNTIME_API_EXT","hipLaunchKernel",4160312,4160312,3295,698479930212853,698479930216610
"HIP_RUNTIME_API_EXT","hipGetLastError",4160312,4160312,3296,698479930216961,698479930216991
"HIP_COMPILER_API_EXT","__hipPushCallConfiguration",4160312,4160312,3297,698479930217482,698479930217522
"HIP_COMPILER_API_EXT","__hipPopCallConfiguration",4160312,4160312,3298,698479930217853,698479930217893
"HIP_RUNTIME_API_EXT","hipLaunchKernel",4160312,4160312,3299,698479930218343,698479930221119
"HIP_RUNTIME_API_EXT","hipGetLastError",4160312,4160312,3300,698479930221750,698479930221780
"HIP_COMPILER_API_EXT","__hipPushCallConfiguration",4160312,4160312,3301,698479930222161,698479930222201
"HIP_COMPILER_API_EXT","__hipPopCallConfiguration",4160312,4160312,3302,698479930222601,698479930222652
"HIP_RUNTIME_API_EXT","hipLaunchKernel",4160312,4160312,3303,698479930223263,698479930226308
"HIP_RUNTIME_API_EXT","hipGetLastError",4160312,4160312,3304,698479930226669,698479930226699
"HIP_RUNTIME_API_EXT","hipSetDevice",4160312,4160312,3305,698479930227000,698479930227050
"HIP_COMPILER_API_EXT","__hipPushCallConfiguration",4160312,4160312,3306,698479930227390,698479930227431
"HIP_COMPILER_API_EXT","__hipPopCallConfiguration",4160312,4160312,3307,698479930227931,698479930227982
"HIP_RUNTIME_API_EXT","hipLaunchKernel",4160312,4160312,3308,698479930229565,698479930233241
"HIP_RUNTIME_API_EXT","hipGetLastError",4160312,4160312,3309,698479930233732,698479930233762
"HIP_COMPILER_API_EXT","__hipPushCallConfiguration",4160312,4160312,3310,698479930234404,698479930234444
"HIP_COMPILER_API_EXT","__hipPopCallConfiguration",4160312,4160312,3311,698479930235175,698479930235215
"HIP_RUNTIME_API_EXT","hipLaunchKernel",4160312,4160312,3312,698479930235616,698479930238581
"HIP_RUNTIME_API_EXT","hipGetLastError",4160312,4160312,3313,698479930239293,698479930239323
"HIP_COMPILER_API_EXT","__hipPushCallConfiguration",4160312,4160312,3314,698479930239714,698479930239754
"HIP_COMPILER_API_EXT","__hipPopCallConfiguration",4160312,4160312,3315,698479930240154,698479930240205
"HIP_RUNTIME_API_EXT","hipLaunchKernel",4160312,4160312,3316,698479930240705,698479930244262
"HIP_RUNTIME_API_EXT","hipGetLastError",4160312,4160312,3317,698479930244753,698479930244783
"HIP_RUNTIME_API_EXT","hipSetDevice",4160312,4160312,3318,698479930245084,698479930245124
"HIP_COMPILER_API_EXT","__hipPushCallConfiguration",4160312,4160312,3319,698479930245454,698479930245505
"HIP_COMPILER_API_EXT","__hipPopCallConfiguration",4160312,4160312,3320,698479930245845,698479930245885
"HIP_RUNTIME_API_EXT","hipLaunchKernel",4160312,4160312,3321,698479930246336,698479930249181
"HIP_RUNTIME_API_EXT","hipGetLastError",4160312,4160312,3322,698479930249532,698479930249562
"HIP_COMPILER_API_EXT","__hipPushCallConfiguration",4160312,4160312,3323,698479930250404,698479930250444
"HIP_COMPILER_API_EXT","__hipPopCallConfiguration",4160312,4160312,3324,698479930250784,698479930250835
"HIP_RUNTIME_API_EXT","hipLaunchKernel",4160312,4160312,3325,698479930251305,698479930254131
"HIP_RUNTIME_API_EXT","hipGetLastError",4160312,4160312,3326,698479930254652,698479930254682
"HIP_COMPILER_API_EXT","__hipPushCallConfiguration",4160312,4160312,3327,698479930255313,698479930255363
"HIP_COMPILER_API_EXT","__hipPopCallConfiguration",4160312,4160312,3328,698479930256134,698479930256185
"HIP_RUNTIME_API_EXT","hipLaunchKernel",4160312,4160312,3329,698479930256816,698479930261394
"HIP_RUNTIME_API_EXT","hipGetLastError",4160312,4160312,3330,698479930262166,698479930262196
"HIP_RUNTIME_API_EXT","hipSetDevice",4160312,4160312,3331,698479930262617,698479930262667
"HIP_COMPILER_API_EXT","__hipPushCallConfiguration",4160312,4160312,3332,698479930263078,698479930263118
"HIP_COMPILER_API_EXT","__hipPopCallConfiguration",4160312,4160312,3333,698479930263538,698479930263589
"HIP_RUNTIME_API_EXT","hipLaunchKernel",4160312,4160312,3334,698479930264350,698479930268237
"HIP_RUNTIME_API_EXT","hipGetLastError",4160312,4160312,3335,698479930268738,698479930268768
"HIP_COMPILER_API_EXT","__hipPushCallConfiguration",4160312,4160312,3336,698479930269159,698479930269209
"HIP_COMPILER_API_EXT","__hipPopCallConfiguration",4160312,4160312,3337,698479930269620,698479930269660
"HIP_RUNTIME_API_EXT","hipLaunchKernel",4160312,4160312,3338,698479930270121,698479930273217
"HIP_RUNTIME_API_EXT","hipGetLastError",4160312,4160312,3339,698479930273718,698479930273818
"HIP_COMPILER_API_EXT","__hipPushCallConfiguration",4160312,4160312,3340,698479930274329,698479930274369
"HIP_COMPILER_API_EXT","__hipPopCallConfiguration",4160312,4160312,3341,698479930274719,698479930274770
"HIP_RUNTIME_API_EXT","hipLaunchKernel",4160312,4160312,3342,698479930275200,698479930278687
"HIP_RUNTIME_API_EXT","hipGetLastError",4160312,4160312,3343,698479930279118,698479930279148
"HIP_RUNTIME_API_EXT","hipSetDevice",4160312,4160312,3344,698479930279518,698479930279559
"HIP_COMPILER_API_EXT","__hipPushCallConfiguration",4160312,4160312,3345,698479930279859,698479930279909
"HIP_COMPILER_API_EXT","__hipPopCallConfiguration",4160312,4160312,3346,698479930280290,698479930280340
"HIP_RUNTIME_API_EXT","hipLaunchKernel",4160312,4160312,3347,698479930281001,698479930284438
"HIP_RUNTIME_API_EXT","hipGetLastError",4160312,4160312,3348,698479930285099,698479930285129
"HIP_COMPILER_API_EXT","__hipPushCallConfiguration",4160312,4160312,3349,698479930285520,698479930285560
"HIP_COMPILER_API_EXT","__hipPopCallConfiguration",4160312,4160312,3350,698479930285890,698479930285941
"HIP_RUNTIME_API_EXT","hipLaunchKernel",4160312,4160312,3351,698479930286582,698479930290399
"HIP_RUNTIME_API_EXT","hipGetLastError",4160312,4160312,3352,698479930291220,698479930291251
"HIP_COMPILER_API_EXT","__hipPushCallConfiguration",4160312,4160312,3353,698479930291641,698479930291681
"HIP_COMPILER_API_EXT","__hipPopCallConfiguration",4160312,4160312,3354,698479930292162,698479930292202
"HIP_RUNTIME_API_EXT","hipLaunchKernel",4160312,4160312,3355,698479930293385,698479930296591
"HIP_RUNTIME_API_EXT","hipGetLastError",4160312,4160312,3356,698479930297172,698479930297202
"HIP_RUNTIME_API_EXT","hipSetDevice",4160312,4160312,3357,698479930297502,698479930297542
"HIP_COMPILER_API_EXT","__hipPushCallConfiguration",4160312,4160312,3358,698479930297843,698479930297893
"HIP_COMPILER_API_EXT","__hipPopCallConfiguration",4160312,4160312,3359,698479930298374,698479930298424
"HIP_RUNTIME_API_EXT","hipLaunchKernel",4160312,4160312,3360,698479930298805,698479930302822
"HIP_RUNTIME_API_EXT","hipGetLastError",4160312,4160312,3361,698479930303163,698479930303193
"HIP_COMPILER_API_EXT","__hipPushCallConfiguration",4160312,4160312,3362,698479930303504,698479930303544
"HIP_COMPILER_API_EXT","__hipPopCallConfiguration",4160312,4160312,3363,698479930304005,698479930304045
"HIP_RUNTIME_API_EXT","hipLaunchKernel",4160312,4160312,3364,698479930304435,698479930306960
"HIP_RUNTIME_API_EXT","hipGetLastError",4160312,4160312,3365,698479930307321,698479930307351
"HIP_COMPILER_API_EXT","__hipPushCallConfiguration",4160312,4160312,3366,698479930308132,698479930308172
"HIP_COMPILER_API_EXT","__hipPopCallConfiguration",4160312,4160312,3367,698479930308523,698479930308573
"HIP_RUNTIME_API_EXT","hipLaunchKernel",4160312,4160312,3368,698479930309024,698479930312410
"HIP_RUNTIME_API_EXT","hipGetLastError",4160312,4160312,3369,698479930312781,698479930312811
"HIP_RUNTIME_API_EXT","hipSetDevice",4160312,4160312,3370,698479930313122,698479930313162
"HIP_COMPILER_API_EXT","__hipPushCallConfiguration",4160312,4160312,3371,698479930313542,698479930313583
"HIP_COMPILER_API_EXT","__hipPopCallConfiguration",4160312,4160312,3372,698479930315085,698479930315135
"HIP_RUNTIME_API_EXT","hipLaunchKernel",4160312,4160312,3373,698479930315737,698479930319063
"HIP_RUNTIME_API_EXT","hipGetLastError",4160312,4160312,3374,698479930320435,698479930320465
"HIP_COMPILER_API_EXT","__hipPushCallConfiguration",4160312,4160312,3375,698479930320876,698479930320926
"HIP_COMPILER_API_EXT","__hipPopCallConfiguration",4160312,4160312,3376,698479930321377,698479930321417
"HIP_RUNTIME_API_EXT","hipLaunchKernel",4160312,4160312,3377,698479930322329,698479930326477
"HIP_RUNTIME_API_EXT","hipGetLastError",4160312,4160312,3378,698479930327338,698479930327368
"HIP_COMPILER_API_EXT","__hipPushCallConfiguration",4160312,4160312,3379,698479930328871,698479930328911
"HIP_COMPILER_API_EXT","__hipPopCallConfiguration",4160312,4160312,3380,698479930329262,698479930329312
"HIP_RUNTIME_API_EXT","hipLaunchKernel",4160312,4160312,3381,698479930329783,698479930332909
"HIP_RUNTIME_API_EXT","hipGetLastError",4160312,4160312,3382,698479930333330,698479930333360
"HIP_RUNTIME_API_EXT","hipSetDevice",4160312,4160312,3383,698479930333750,698479930333801
"HIP_COMPILER_API_EXT","__hipPushCallConfiguration",4160312,4160312,3384,698479930334342,698479930334382
"HIP_COMPILER_API_EXT","__hipPopCallConfiguration",4160312,4160312,3385,698479930334782,698479930334822
"HIP_RUNTIME_API_EXT","hipLaunchKernel",4160312,4160312,3386,698479930335384,698479930338730
"HIP_RUNTIME_API_EXT","hipGetLastError",4160312,4160312,3387,698479930339451,698479930339481
"HIP_COMPILER_API_EXT","__hipPushCallConfiguration",4160312,4160312,3388,698479930339792,698479930339832
"HIP_COMPILER_API_EXT","__hipPopCallConfiguration",4160312,4160312,3389,698479930340333,698479930340383
"HIP_RUNTIME_API_EXT","hipLaunchKernel",4160312,4160312,3390,698479930341816,698479930344781
"HIP_RUNTIME_API_EXT","hipGetLastError",4160312,4160312,3391,698479930345212,698479930345242
"HIP_RUNTIME_API_EXT","hipSetDevice",4160312,4160312,3392,698479930345823,698479930345863
"HIP_COMPILER_API_EXT","__hipPushCallConfiguration",4160312,4160312,3393,698479930346575,698479930346615
"HIP_COMPILER_API_EXT","__hipPopCallConfiguration",4160312,4160312,3394,698479930347286,698479930347326
"HIP_RUNTIME_API_EXT","hipLaunchKernel",4160312,4160312,3395,698479930348338,698479930351734
"HIP_RUNTIME_API_EXT","hipGetLastError",4160312,4160312,3396,698479930352446,698479930352476
"HIP_RUNTIME_API_EXT","hipDeviceSynchronize",4160312,4160312,3397,698479930352806,698479930428729
"HIP_RUNTIME_API_EXT","hipSetDevice",4160312,4160312,3398,698479930433929,698479930433969
"HIP_COMPILER_API_EXT","__hipPushCallConfiguration",4160312,4160312,3399,698479930434410,698479930434450
"HIP_COMPILER_API_EXT","__hipPopCallConfiguration",4160312,4160312,3400,698479930434800,698479930434841
"HIP_RUNTIME_API_EXT","hipLaunchKernel",4160312,4160312,3401,698479930436824,698479930440371
"HIP_RUNTIME_API_EXT","hipGetLastError",4160312,4160312,3402,698479930442285,698479930442315
"HIP_RUNTIME_API_EXT","hipDeviceSynchronize",4160312,4160312,3403,698479930442745,698479930532634
"HIP_COMPILER_API_EXT","__hipPushCallConfiguration",4160312,4160312,3404,698479930537223,698479930537273
"HIP_COMPILER_API_EXT","__hipPopCallConfiguration",4160312,4160312,3405,698479930537614,698479930537664
"HIP_RUNTIME_API_EXT","hipLaunchKernel",4160312,4160312,3406,698479930538636,698479930542172
"HIP_RUNTIME_API_EXT","hipGetLastError",4160312,4160312,3407,698479930542643,698479930542673
"HIP_COMPILER_API_EXT","__hipPushCallConfiguration",4160312,4160312,3408,698479930543014,698479930543064
"HIP_COMPILER_API_EXT","__hipPopCallConfiguration",4160312,4160312,3409,698479930543815,698479930543855
"HIP_RUNTIME_API_EXT","hipLaunchKernel",4160312,4160312,3410,698479930544266,698479930547603
"HIP_RUNTIME_API_EXT","hipGetLastError",4160312,4160312,3411,698479930548023,698479930548053
"HIP_COMPILER_API_EXT","__hipPushCallConfiguration",4160312,4160312,3412,698479930548915,698479930548965
"HIP_COMPILER_API_EXT","__hipPopCallConfiguration",4160312,4160312,3413,698479930549296,698479930549346
"HIP_RUNTIME_API_EXT","hipLaunchKernel",4160312,4160312,3414,698479930549877,698479930552782
"HIP_RUNTIME_API_EXT","hipGetLastError",4160312,4160312,3415,698479930553263,698479930553293
"HIP_RUNTIME_API_EXT","hipMemcpy",4160312,4160312,3416,698479930553654,698479930578160
"HIP_RUNTIME_API_EXT","hipMemcpy",4160312,4160312,3417,698479930578931,698479930602846
"HIP_RUNTIME_API_EXT","hipSetDevice",4160312,4160312,3418,698479930606183,698479930606223
"HIP_RUNTIME_API_EXT","hipMemset",4160312,4160312,3419,698479930606964,698479930611312
"HIP_RUNTIME_API_EXT","hipMemcpy",4160312,4160312,3420,698479930611623,698479930642451
"HIP_RUNTIME_API_EXT","hipMemcpy",4160312,4160312,3421,698479930642922,698479930665825
"HIP_COMPILER_API_EXT","__hipPushCallConfiguration",4160312,4160312,3422,698479930666506,698479930666546
"HIP_COMPILER_API_EXT","__hipPopCallConfiguration",4160312,4160312,3423,698479930666897,698479930666947
"HIP_RUNTIME_API_EXT","hipLaunchKernel",4160312,4160312,3424,698479930667368,698479930671465
"HIP_RUNTIME_API_EXT","hipGetLastError",4160312,4160312,3425,698479930671876,698479930671906
"HIP_RUNTIME_API_EXT","hipSetDevice",4160312,4160312,3426,698479930672347,698479930672387
"HIP_COMPILER_API_EXT","__hipPushCallConfiguration",4160312,4160312,3427,698479930672868,698479930672918
"HIP_COMPILER_API_EXT","__hipPopCallConfiguration",4160312,4160312,3428,698479930673409,698479930673449
"HIP_RUNTIME_API_EXT","hipLaunchKernel",4160312,4160312,3429,698479930673950,698479930676886
"HIP_RUNTIME_API_EXT","hipGetLastError",4160312,4160312,3430,698479930677387,698479930677417
"HIP_COMPILER_API_EXT","__hipPushCallConfiguration",4160312,4160312,3431,698479930677757,698479930677797
"HIP_COMPILER_API_EXT","__hipPopCallConfiguration",4160312,4160312,3432,698479930678248,698479930678288
"HIP_RUNTIME_API_EXT","hipLaunchKernel",4160312,4160312,3433,698479930678779,698479930682035
"HIP_RUNTIME_API_EXT","hipGetLastError",4160312,4160312,3434,698479930682406,698479930682436
"HIP_COMPILER_API_EXT","__hipPushCallConfiguration",4160312,4160312,3435,698479930683278,698479930683318
"HIP_COMPILER_API_EXT","__hipPopCallConfiguration",4160312,4160312,3436,698479930683668,698479930683708
"HIP_RUNTIME_API_EXT","hipLaunchKernel",4160312,4160312,3437,698479930684209,698479930687105
"HIP_RUNTIME_API_EXT","hipGetLastError",4160312,4160312,3438,698479930687455,698479930687486
"HIP_RUNTIME_API_EXT","hipSetDevice",4160312,4160312,3439,698479930687906,698479930687956
"HIP_COMPILER_API_EXT","__hipPushCallConfiguration",4160312,4160312,3440,698479930688668,698479930688708
"HIP_COMPILER_API_EXT","__hipPopCallConfiguration",4160312,4160312,3441,698479930689189,698479930689229
"HIP_RUNTIME_API_EXT","hipLaunchKernel",4160312,4160312,3442,698479930689980,698479930693076
"HIP_RUNTIME_API_EXT","hipGetLastError",4160312,4160312,3443,698479930693587,698479930693617
"HIP_COMPILER_API_EXT","__hipPushCallConfiguration",4160312,4160312,3444,698479930693928,698479930693978
"HIP_COMPILER_API_EXT","__hipPopCallConfiguration",4160312,4160312,3445,698479930694328,698479930694368
"HIP_RUNTIME_API_EXT","hipLaunchKernel",4160312,4160312,3446,698479930694970,698479930697845
"HIP_RUNTIME_API_EXT","hipGetLastError",4160312,4160312,3447,698479930698867,698479930698897
"HIP_COMPILER_API_EXT","__hipPushCallConfiguration",4160312,4160312,3448,698479930699208,698479930699258
"HIP_COMPILER_API_EXT","__hipPopCallConfiguration",4160312,4160312,3449,698479930699608,698479930699648
"HIP_RUNTIME_API_EXT","hipLaunchKernel",4160312,4160312,3450,698479930700179,698479930703365
"HIP_RUNTIME_API_EXT","hipGetLastError",4160312,4160312,3451,698479930704007,698479930704037
"HIP_RUNTIME_API_EXT","hipSetDevice",4160312,4160312,3452,698479930704397,698479930704437
"HIP_COMPILER_API_EXT","__hipPushCallConfiguration",4160312,4160312,3453,698479930704908,698479930704958
"HIP_COMPILER_API_EXT","__hipPopCallConfiguration",4160312,4160312,3454,698479930706281,698479930706321
"HIP_RUNTIME_API_EXT","hipLaunchKernel",4160312,4160312,3455,698479930706972,698479930710499
"HIP_RUNTIME_API_EXT","hipGetLastError",4160312,4160312,3456,698479930711411,698479930711441
"HIP_COMPILER_API_EXT","__hipPushCallConfiguration",4160312,4160312,3457,698479930712022,698479930712062
"HIP_COMPILER_API_EXT","__hipPopCallConfiguration",4160312,4160312,3458,698479930712402,698479930712442
"HIP_RUNTIME_API_EXT","hipLaunchKernel",4160312,4160312,3459,698479930713054,698479930715809
"HIP_RUNTIME_API_EXT","hipGetLastError",4160312,4160312,3460,698479930716510,698479930716540
"HIP_COMPILER_API_EXT","__hipPushCallConfiguration",4160312,4160312,3461,698479930716991,698479930717031
"HIP_COMPILER_API_EXT","__hipPopCallConfiguration",4160312,4160312,3462,698479930717452,698479930717502
"HIP_RUNTIME_API_EXT","hipLaunchKernel",4160312,4160312,3463,698479930718153,698479930720758
"HIP_RUNTIME_API_EXT","hipGetLastError",4160312,4160312,3464,698479930721199,698479930721229
"HIP_RUNTIME_API_EXT","hipSetDevice",4160312,4160312,3465,698479930721890,698479930721930
"HIP_COMPILER_API_EXT","__hipPushCallConfiguration",4160312,4160312,3466,698479930722401,698479930722451
"HIP_COMPILER_API_EXT","__hipPopCallConfiguration",4160312,4160312,3467,698479930722782,698479930722832
"HIP_RUNTIME_API_EXT","hipLaunchKernel",4160312,4160312,3468,698479930723383,698479930726880
"HIP_RUNTIME_API_EXT","hipGetLastError",4160312,4160312,3469,698479930727210,698479930727240
"HIP_COMPILER_API_EXT","__hipPushCallConfiguration",4160312,4160312,3470,698479930727892,698479930727932
"HIP_COMPILER_API_EXT","__hipPopCallConfiguration",4160312,4160312,3471,698479930728342,698479930728382
"HIP_RUNTIME_API_EXT","hipLaunchKernel",4160312,4160312,3472,698479930728863,698479930732250
"HIP_RUNTIME_API_EXT","hipGetLastError",4160312,4160312,3473,698479930733121,698479930733151
"HIP_COMPILER_API_EXT","__hipPushCallConfiguration",4160312,4160312,3474,698479930733542,698479930733592
"HIP_COMPILER_API_EXT","__hipPopCallConfiguration",4160312,4160312,3475,698479930734013,698479930734063
"HIP_RUNTIME_API_EXT","hipLaunchKernel",4160312,4160312,3476,698479930734724,698479930742349
"HIP_RUNTIME_API_EXT","hipGetLastError",4160312,4160312,3477,698479930743070,698479930743100
"HIP_RUNTIME_API_EXT","hipSetDevice",4160312,4160312,3478,698479930743511,698479930743551
"HIP_COMPILER_API_EXT","__hipPushCallConfiguration",4160312,4160312,3479,698479930743982,698479930744022
"HIP_COMPILER_API_EXT","__hipPopCallConfiguration",4160312,4160312,3480,698479930744352,698479930744403
"HIP_RUNTIME_API_EXT","hipLaunchKernel",4160312,4160312,3481,698479930745034,698479930748230
"HIP_RUNTIME_API_EXT","hipGetLastError",4160312,4160312,3482,698479930748751,698479930748781
"HIP_COMPILER_API_EXT","__hipPushCallConfiguration",4160312,4160312,3483,698479930749111,698479930749151
"HIP_COMPILER_API_EXT","__hipPopCallConfiguration",4160312,4160312,3484,698479930749482,698479930749532
"HIP_RUNTIME_API_EXT","hipLaunchKernel",4160312,4160312,3485,698479930750053,698479930752728
"HIP_RUNTIME_API_EXT","hipGetLastError",4160312,4160312,3486,698479930753059,698479930753089
"HIP_COMPILER_API_EXT","__hipPushCallConfiguration",4160312,4160312,3487,698479930753560,698479930753600
"HIP_COMPILER_API_EXT","__hipPopCallConfiguration",4160312,4160312,3488,698479930754001,698479930754041
"HIP_RUNTIME_API_EXT","hipLaunchKernel",4160312,4160312,3489,698479930754502,698479930757267
"HIP_RUNTIME_API_EXT","hipGetLastError",4160312,4160312,3490,698479930757678,698479930757708
"HIP_RUNTIME_API_EXT","hipSetDevice",4160312,4160312,3491,698479930758519,698479930758559
"HIP_COMPILER_API_EXT","__hipPushCallConfiguration",4160312,4160312,3492,698479930758860,698479930758910
"HIP_COMPILER_API_EXT","__hipPopCallConfiguration",4160312,4160312,3493,698479930759381,698479930759421
"HIP_RUNTIME_API_EXT","hipLaunchKernel",4160312,4160312,3494,698479930760493,698479930763358
"HIP_RUNTIME_API_EXT","hipGetLastError",4160312,4160312,3495,698479930763849,698479930763879
"HIP_COMPILER_API_EXT","__hipPushCallConfiguration",4160312,4160312,3496,698479930764380,698479930764430
"HIP_COMPILER_API_EXT","__hipPopCallConfiguration",4160312,4160312,3497,698479930765793,698479930765833
"HIP_RUNTIME_API_EXT","hipLaunchKernel",4160312,4160312,3498,698479930766564,698479930769179
"HIP_RUNTIME_API_EXT","hipGetLastError",4160312,4160312,3499,698479930769670,698479930769700
"HIP_COMPILER_API_EXT","__hipPushCallConfiguration",4160312,4160312,3500,698479930770371,698479930770421
"HIP_COMPILER_API_EXT","__hipPopCallConfiguration",4160312,4160312,3501,698479930772305,698479930772355
"HIP_RUNTIME_API_EXT","hipLaunchKernel",4160312,4160312,3502,698479930897861,698479930903692
"HIP_RUNTIME_API_EXT","hipGetLastError",4160312,4160312,3503,698479930904163,698479930904193
"HIP_RUNTIME_API_EXT","hipSetDevice",4160312,4160312,3504,698479930904664,698479930904704
"HIP_COMPILER_API_EXT","__hipPushCallConfiguration",4160312,4160312,3505,698479930905115,698479930905155
"HIP_COMPILER_API_EXT","__hipPopCallConfiguration",4160312,4160312,3506,698479930905706,698479930905756
"HIP_RUNTIME_API_EXT","hipLaunchKernel",4160312,4160312,3507,698479930906427,698479930910375
"HIP_RUNTIME_API_EXT","hipGetLastError",4160312,4160312,3508,698479930910715,698479930910745
"HIP_COMPILER_API_EXT","__hipPushCallConfiguration",4160312,4160312,3509,698479930911156,698479930911206
"HIP_COMPILER_API_EXT","__hipPopCallConfiguration",4160312,4160312,3510,698479930911607,698479930911647
"HIP_RUNTIME_API_EXT","hipLaunchKernel",4160312,4160312,3511,698479930912118,698479930916025
"HIP_RUNTIME_API_EXT","hipGetLastError",4160312,4160312,3512,698479930916436,698479930916476
"HIP_COMPILER_API_EXT","__hipPushCallConfiguration",4160312,4160312,3513,698479930917288,698479930917328
"HIP_COMPILER_API_EXT","__hipPopCallConfiguration",4160312,4160312,3514,698479930917728,698479930917769
"HIP_RUNTIME_API_EXT","hipLaunchKernel",4160312,4160312,3515,698479930918139,698479930921165
"HIP_RUNTIME_API_EXT","hipGetLastError",4160312,4160312,3516,698479930922017,698479930922047
"HIP_RUNTIME_API_EXT","hipSetDevice",4160312,4160312,3517,698479930922417,698479930922457
"HIP_COMPILER_API_EXT","__hipPushCallConfiguration",4160312,4160312,3518,698479930923038,698479930923089
"HIP_COMPILER_API_EXT","__hipPopCallConfiguration",4160312,4160312,3519,698479930923489,698479930923539
"HIP_RUNTIME_API_EXT","hipLaunchKernel",4160312,4160312,3520,698479930924221,698479930928839
"HIP_RUNTIME_API_EXT","hipGetLastError",4160312,4160312,3521,698479930929691,698479930929721
"HIP_COMPILER_API_EXT","__hipPushCallConfiguration",4160312,4160312,3522,698479930930192,698479930930232
"HIP_COMPILER_API_EXT","__hipPopCallConfiguration",4160312,4160312,3523,698479930930633,698479930930673
"HIP_RUNTIME_API_EXT","hipLaunchKernel",4160312,4160312,3524,698479930931174,698479930935201
"HIP_RUNTIME_API_EXT","hipGetLastError",4160312,4160312,3525,698479930935893,698479930935923
"HIP_COMPILER_API_EXT","__hipPushCallConfiguration",4160312,4160312,3526,698479930937025,698479930937065
"HIP_COMPILER_API_EXT","__hipPopCallConfiguration",4160312,4160312,3527,698479930938047,698479930938087
"HIP_RUNTIME_API_EXT","hipLaunchKernel",4160312,4160312,3528,698479930939129,698479930942305
"HIP_RUNTIME_API_EXT","hipGetLastError",4160312,4160312,3529,698479930943607,698479930943637
"HIP_RUNTIME_API_EXT","hipSetDevice",4160312,4160312,3530,698479930944168,698479930944208
"HIP_COMPILER_API_EXT","__hipPushCallConfiguration",4160312,4160312,3531,698479930944579,698479930944619
"HIP_COMPILER_API_EXT","__hipPopCallConfiguration",4160312,4160312,3532,698479930944950,698479930945000
"HIP_RUNTIME_API_EXT","hipLaunchKernel",4160312,4160312,3533,698479930945410,698479930949568
"HIP_RUNTIME_API_EXT","hipGetLastError",4160312,4160312,3534,698479930950199,698479930950230
"HIP_COMPILER_API_EXT","__hipPushCallConfiguration",4160312,4160312,3535,698479930950640,698479930950680
"HIP_COMPILER_API_EXT","__hipPopCallConfiguration",4160312,4160312,3536,698479930951843,698479930951893
"HIP_RUNTIME_API_EXT","hipLaunchKernel",4160312,4160312,3537,698479930952283,698479930955940
"HIP_RUNTIME_API_EXT","hipGetLastError",4160312,4160312,3538,698479930956451,698479930956481
"HIP_RUNTIME_API_EXT","hipSetDevice",4160312,4160312,3539,698479930956792,698479930956832
"HIP_COMPILER_API_EXT","__hipPushCallConfiguration",4160312,4160312,3540,698479930957213,698479930957253
"HIP_COMPILER_API_EXT","__hipPopCallConfiguration",4160312,4160312,3541,698479930957694,698479930957744
"HIP_RUNTIME_API_EXT","hipLaunchKernel",4160312,4160312,3542,698479930958235,698479930963294
"HIP_RUNTIME_API_EXT","hipGetLastError",4160312,4160312,3543,698479930963735,698479930963765
"HIP_RUNTIME_API_EXT","hipDeviceSynchronize",4160312,4160312,3544,698479930964296,698479930999392
"HIP_RUNTIME_API_EXT","hipSetDevice",4160312,4160312,3545,698479931003079,698479931003119
"HIP_COMPILER_API_EXT","__hipPushCallConfiguration",4160312,4160312,3546,698479931003600,698479931003650
"HIP_COMPILER_API_EXT","__hipPopCallConfiguration",4160312,4160312,3547,698479931004452,698479931004492
"HIP_RUNTIME_API_EXT","hipLaunchKernel",4160312,4160312,3548,698479931006896,698479931015612
"HIP_RUNTIME_API_EXT","hipGetLastError",4160312,4160312,3549,698479931017306,698479931017336
"HIP_RUNTIME_API_EXT","hipDeviceSynchronize",4160312,4160312,3550,698479931017666,698479931109249
"HIP_COMPILER_API_EXT","__hipPushCallConfiguration",4160312,4160312,3551,698479931109780,698479931109830
"HIP_COMPILER_API_EXT","__hipPopCallConfiguration",4160312,4160312,3552,698479931129507,698479931129547
"HIP_RUNTIME_API_EXT","hipLaunchKernel",4160312,4160312,3553,698479931130228,698479931134306
"HIP_RUNTIME_API_EXT","hipGetLastError",4160312,4160312,3554,698479931134666,698479931134696
"HIP_COMPILER_API_EXT","__hipPushCallConfiguration",4160312,4160312,3555,698479931135027,698479931135077
"HIP_COMPILER_API_EXT","__hipPopCallConfiguration",4160312,4160312,3556,698479931135418,698479931135468
"HIP_RUNTIME_API_EXT","hipLaunchKernel",4160312,4160312,3557,698479931135949,698479931139195
"HIP_RUNTIME_API_EXT","hipGetLastError",4160312,4160312,3558,698479931139596,698479931139626
"HIP_COMPILER_API_EXT","__hipPushCallConfiguration",4160312,4160312,3559,698479931139946,698479931139986
"HIP_COMPILER_API_EXT","__hipPopCallConfiguration",4160312,4160312,3560,698479931140317,698479931140367
"HIP_RUNTIME_API_EXT","hipLaunchKernel",4160312,4160312,3561,698479931140828,698479931143773
"HIP_RUNTIME_API_EXT","hipGetLastError",4160312,4160312,3562,698479931144124,698479931144154
"HIP_RUNTIME_API_EXT","hipMemcpy",4160312,4160312,3563,698479931144575,698479931170383
"HIP_RUNTIME_API_EXT","hipMemcpy",4160312,4160312,3564,698479931171616,698479931195130
"HIP_RUNTIME_API_EXT","hipSetDevice",4160312,4160312,3565,698479931196002,698479931196042
"HIP_RUNTIME_API_EXT","hipMemcpy",4160312,4160312,3566,698479931196583,698479931279428
"HIP_RUNTIME_API_EXT","hipSetDevice",4160312,4160312,3567,698479931280240,698479931280280
"HIP_RUNTIME_API_EXT","hipFree",4160312,4160312,3568,698479931283636,698479931301831
"HIP_RUNTIME_API_EXT","hipFree",4160312,4160312,3569,698479931302712,698479931304726
"HIP_RUNTIME_API_EXT","hipFree",4160312,4160312,3570,698479931305367,698479931306479
"HIP_RUNTIME_API_EXT","hipFree",4160312,4160312,3571,698479931306850,698479931308323
"HIP_RUNTIME_API_EXT","hipFree",4160312,4160312,3572,698479931308703,698479931309555
"HIP_RUNTIME_API_EXT","hipFree",4160312,4160312,3573,698479931309986,698479931311649
