path	action	reason	replacement	original_sha256	recovery
AGENTS.md	preserve	agent instructions; explicit project authority preserved	-	29fdb67e1b7e3bf819ee45ba7eb96ac831830ee7a9ae18a38f602d16f6c2daa7	git:c6154036880c87db69c880ba36a22087815b48b0:AGENTS.md
CNET-Improvement-Plan-Model-Compression.md	rewrite	current guide rewritten against source; original tutorial/evidence archived	CNET-Improvement-Plan-Model-Compression.md	2e6dd7ac3c4454315d4777e9bee06577bf4f94c4506d93828c221183e397876c	attic/documentation-20260906.tar.gz:CNET-Improvement-Plan-Model-Compression.md
DS4_EXTRACTION.md	rewrite	current guide rewritten against source; original tutorial/evidence archived	DS4_EXTRACTION.md	96ba8e2e631955e72aa0f8d424b93a73ccdf68b3d2303e8f2a223c39eeba356c	attic/documentation-20260906.tar.gz:DS4_EXTRACTION.md
README.md	rewrite	current guide rewritten against source; original tutorial/evidence archived	README.md	9da3e2f1a1c8f94d94a6ac482f964f0ddb927e0d696c9a2d19ddd7319218fdb9	attic/documentation-20260906.tar.gz:README.md
REVIEW_specialist.md	rewrite	current guide rewritten against source; original tutorial/evidence archived	REVIEW_specialist.md	cf0910e47dc7864a748e5282906dee2ec85c0ddfa7a1d809039e2814347047f6	attic/documentation-20260906.tar.gz:REVIEW_specialist.md
artifacts/roe_daily_packs/pack_english_basic/queries_train.txt	preserve	runtime policy/prompt/pack data; preserve consumers	-	ff22c012becd32d56c3d0ebacd21d37636ae2ff3a5e060b831e98934a5a90aa9	git:c6154036880c87db69c880ba36a22087815b48b0:artifacts/roe_daily_packs/pack_english_basic/queries_train.txt
artifacts/roe_daily_packs/pack_ops_hermes_systemd/MANIFEST.txt	preserve	runtime policy/prompt/pack data; preserve consumers	-	8a97c8a088a0381cb35d62c1748c80dd9e3b1523ea54cc004149b1bb7159956d	git:c6154036880c87db69c880ba36a22087815b48b0:artifacts/roe_daily_packs/pack_ops_hermes_systemd/MANIFEST.txt
artifacts/roe_daily_packs/pack_ops_hermes_systemd/queries_train.txt	preserve	runtime policy/prompt/pack data; preserve consumers	-	ed7d97de642ba274fbf5d0b61ab10c8060d34028f84084896ee666def3f0e547	git:c6154036880c87db69c880ba36a22087815b48b0:artifacts/roe_daily_packs/pack_ops_hermes_systemd/queries_train.txt
artifacts/roe_daily_packs/pack_ops_hermes_systemd/taxonomy.txt	preserve	runtime policy/prompt/pack data; preserve consumers	-	169bc4fb70e452367e3a2b97c56adb8e739770adb7921e0469ac1e86aa59e72c	git:c6154036880c87db69c880ba36a22087815b48b0:artifacts/roe_daily_packs/pack_ops_hermes_systemd/taxonomy.txt
attic/README.md	rewrite	current guide rewritten against source; original tutorial/evidence archived	attic/README.md	0862fdc08d22978c739592680f35c1f887912e0d936591fbbda3b362e086324f	attic/documentation-20260906.tar.gz:attic/README.md
attic/retired_python/README.md	rewrite	current guide rewritten against source; original tutorial/evidence archived	attic/retired_python/README.md	d66374c8e15b52d989272d85ac78a3d6094867cf3b7fad835d659670a4ffbca5	attic/documentation-20260906.tar.gz:attic/retired_python/README.md
benchmarks/cnet_asi5_v1/RESULTS.md	preserve	dated/frozen evidence or negative result; preserve exact record	-	76c2408bcdc10a077e620e9a627defc232ac1160888283c201a7e9f980834797	git:c6154036880c87db69c880ba36a22087815b48b0:benchmarks/cnet_asi5_v1/RESULTS.md
benchmarks/cnet_asi5_v1/baseline_system.txt	preserve	dated/frozen evidence or negative result; preserve exact record	-	f3ef4c33535a007728e13dd9b1c89bcc124a94261d6814136a62735d34a8bf0a	git:c6154036880c87db69c880ba36a22087815b48b0:benchmarks/cnet_asi5_v1/baseline_system.txt
benchmarks/cnet_asi5_v2/WITHDRAWN.md	preserve	dated/frozen evidence or negative result; preserve exact record	-	6d950f203d8d80e5280f130520a825c389373f8b14f2db4db3491cde4156f4fd	git:c6154036880c87db69c880ba36a22087815b48b0:benchmarks/cnet_asi5_v2/WITHDRAWN.md
benchmarks/cnet_asi5_v2/baseline_system.txt	preserve	dated/frozen evidence or negative result; preserve exact record	-	f3ef4c33535a007728e13dd9b1c89bcc124a94261d6814136a62735d34a8bf0a	git:c6154036880c87db69c880ba36a22087815b48b0:benchmarks/cnet_asi5_v2/baseline_system.txt
benchmarks/cnet_asi5_v3/FREEZE_PROTOCOL.md	preserve	dated/frozen evidence or negative result; preserve exact record	-	fa0f3e68cc29d361769cff3fd8c01996f3ce449937defae22ff0a38b0a6a7a33	git:c6154036880c87db69c880ba36a22087815b48b0:benchmarks/cnet_asi5_v3/FREEZE_PROTOCOL.md
benchmarks/cnet_asi5_v3/RESULTS.md	preserve	dated/frozen evidence or negative result; preserve exact record	-	96a2681e4045938a194b6051ff2abf427c1ad74145cfb2596bf6e23dfbb9128e	git:c6154036880c87db69c880ba36a22087815b48b0:benchmarks/cnet_asi5_v3/RESULTS.md
benchmarks/cnet_asi5_v3/baseline_system.txt	preserve	dated/frozen evidence or negative result; preserve exact record	-	f3ef4c33535a007728e13dd9b1c89bcc124a94261d6814136a62735d34a8bf0a	git:c6154036880c87db69c880ba36a22087815b48b0:benchmarks/cnet_asi5_v3/baseline_system.txt
benchmarks/cnet_asi5_v3/candidate_behavior_paths.txt	preserve	dated/frozen evidence or negative result; preserve exact record	-	f8a712775d0eb9a5f638304beaad6fc748025282fd3f2fd56ef91cd8fb7dc13c	git:c6154036880c87db69c880ba36a22087815b48b0:benchmarks/cnet_asi5_v3/candidate_behavior_paths.txt
benchmarks/cnet_asi5_v4/FREEZE_PROTOCOL.md	preserve	dated/frozen evidence or negative result; preserve exact record	-	3f2d6ede2e2e934484df4e04d5320fa68aa8a27ad562a62f91e590e24bed75e1	git:c6154036880c87db69c880ba36a22087815b48b0:benchmarks/cnet_asi5_v4/FREEZE_PROTOCOL.md
benchmarks/cnet_asi5_v4/baseline_system.txt	preserve	dated/frozen evidence or negative result; preserve exact record	-	ef041b1eeb66cc33aa8516420ab77cc09c02d06e5efd81e53194fed48bc2ba4b	git:c6154036880c87db69c880ba36a22087815b48b0:benchmarks/cnet_asi5_v4/baseline_system.txt
benchmarks/cnet_asi5_v4/candidate_behavior_paths.txt	preserve	dated/frozen evidence or negative result; preserve exact record	-	ef8ce701ebf7b442b66933a1416a1d7bbe92b972a55f0d6645ff876ff8d21591	git:c6154036880c87db69c880ba36a22087815b48b0:benchmarks/cnet_asi5_v4/candidate_behavior_paths.txt
benchmarks/cnet_asi5_v5/FREEZE_PROTOCOL.md	preserve	dated/frozen evidence or negative result; preserve exact record	-	c038dfd0027e12de2c87396d27c1707db39bc3b5172e18e56922bd373fc51ed2	git:c6154036880c87db69c880ba36a22087815b48b0:benchmarks/cnet_asi5_v5/FREEZE_PROTOCOL.md
benchmarks/cnet_asi5_v5/baseline_system.txt	preserve	dated/frozen evidence or negative result; preserve exact record	-	ef041b1eeb66cc33aa8516420ab77cc09c02d06e5efd81e53194fed48bc2ba4b	git:c6154036880c87db69c880ba36a22087815b48b0:benchmarks/cnet_asi5_v5/baseline_system.txt
benchmarks/cnet_asi5_v5/candidate_behavior_paths.txt	preserve	dated/frozen evidence or negative result; preserve exact record	-	4452585dbb7f85dfacb97918ee6ae6fcce387bdc019c7acb04a193305b3a53c2	git:c6154036880c87db69c880ba36a22087815b48b0:benchmarks/cnet_asi5_v5/candidate_behavior_paths.txt
benchmarks/cnet_asi_chat1/FREEZE_PROTOCOL.md	preserve	dated/frozen evidence or negative result; preserve exact record	-	8f44b368b6a47de04f91c75916d3fe5dcf8df5da44286b0503a19a33998039e4	git:c6154036880c87db69c880ba36a22087815b48b0:benchmarks/cnet_asi_chat1/FREEZE_PROTOCOL.md
benchmarks/cnet_asi_chat1/baseline_system.txt	preserve	dated/frozen evidence or negative result; preserve exact record	-	3e38a9fead1e807a54fc5133f076c02133eb178bd79a579067a64ffa5b719c67	git:c6154036880c87db69c880ba36a22087815b48b0:benchmarks/cnet_asi_chat1/baseline_system.txt
build/CMakeLists.txt	preserve	build input; not prose	-	ddad3fe96c8e96e31e5d360eb1ea2801d179fbef21c90c5296bf7f4980b3f73c	git:c6154036880c87db69c880ba36a22087815b48b0:build/CMakeLists.txt
build/README.md	rewrite	current guide rewritten against source; original tutorial/evidence archived	build/README.md	7c7e5e95aa90b224c5aa99cbfe53e7549089be0ff89c41e6824905640f0b30d0	attic/documentation-20260906.tar.gz:build/README.md
build/built_demo.txt	retire	reproducible demo output; writer only, no input consumer	build/README.md	20720f42591b3e7fa35eb9be27321e5f780469154955ecfd8375247bb261ac4e	attic/documentation-20260906.tar.gz:build/built_demo.txt
combine_contract.txt	preserve	model/test/corpus input or provenance output; explicit and derived consumers retained	-	cef19a4315738b6d3e5bd32f89c91f27fc7649a92af6497804778624b1e928b7	git:c6154036880c87db69c880ba36a22087815b48b0:combine_contract.txt
combine_inverts_split_property.txt	preserve	model/test/corpus input or provenance output; explicit and derived consumers retained	-	7eece0db8040d3f24849635bcd289993c9f8edc163c0f77a7253d0d9a4ab82ed	git:c6154036880c87db69c880ba36a22087815b48b0:combine_inverts_split_property.txt
combine_weights.txt	preserve	model/test/corpus input or provenance output; explicit and derived consumers retained	-	a8a480ed5b04600d8455dfaafdbc6d564d1a12ba44bb5f493c425f10de2b0a16	git:c6154036880c87db69c880ba36a22087815b48b0:combine_weights.txt
compound_memory.txt	retire	stale five-line progress summary; retained phase records supersede it	CNET-Improvement-Plan-Model-Compression.md	65db1de928c1e96e35c5bc930a64aa6d37177e14ac4688c7980c82cb53c6e4af	attic/documentation-20260906.tar.gz:compound_memory.txt
cond_increment_contract.txt	preserve	model/test/corpus input or provenance output; explicit and derived consumers retained	-	287d23a501e75752c89fe9da188be5498ecc2999223d9efa5901943ee736d512	git:c6154036880c87db69c880ba36a22087815b48b0:cond_increment_contract.txt
cond_increment_weights.txt	preserve	model/test/corpus input or provenance output; explicit and derived consumers retained	-	ae98bf498646b9b1499822010b20aa8d4b650d8a78ac90fad7e1e8929f61b7c3	git:c6154036880c87db69c880ba36a22087815b48b0:cond_increment_weights.txt
config/actuator_charter.txt	preserve	runtime policy/prompt/pack data; preserve consumers	-	920068ee6a54fdcc2d99d238640107a430ef5c7bf2b8a746fe21095eaffb3281	git:c6154036880c87db69c880ba36a22087815b48b0:config/actuator_charter.txt
config/core_bricks_seed/README.md	rewrite	current guide rewritten against source; original tutorial/evidence archived	config/core_bricks_seed/README.md	b29c50583b2ced38f6ee62b185faa8f6e5d2b29e0bc1c00ab830fa72b11de6eb	attic/documentation-20260906.tar.gz:config/core_bricks_seed/README.md
config/en_teacher_lemmas.txt	preserve	runtime policy/prompt/pack data; preserve consumers	-	a5a283c898824c656d9090d9c2e6701abde9b93f01fa7be23aab3abc627a6c3d	git:c6154036880c87db69c880ba36a22087815b48b0:config/en_teacher_lemmas.txt
config/governor_verified_urls.txt	preserve	runtime policy/prompt/pack data; preserve consumers	-	f8c5eeebe8296046d8c5df33d55d86c70c4e7b968c3cb6d5673e6b41fc310edc	git:c6154036880c87db69c880ba36a22087815b48b0:config/governor_verified_urls.txt
config/modality_contexts/README.md	rewrite	current guide rewritten against source; original tutorial/evidence archived	config/modality_contexts/README.md	20cdd07a6991e22261b789d1e62cd291aec9dd9b0a83e598f376ae9c4b59e8e1	attic/documentation-20260906.tar.gz:config/modality_contexts/README.md
config/probe_shortcircuit.txt	preserve	runtime policy/prompt/pack data; preserve consumers	-	ec692813447c6155dc8ed747d3e44a1391301649a95ba78bbed421ff67beeabe	git:c6154036880c87db69c880ba36a22087815b48b0:config/probe_shortcircuit.txt
config/promote_blocklist.txt	preserve	runtime policy/prompt/pack data; preserve consumers	-	dd276c532094caefabe29d53df7c86d2e527031508ba1e1f24ad6171f8847d89	git:c6154036880c87db69c880ba36a22087815b48b0:config/promote_blocklist.txt
config/voice_marble.md	preserve	runtime policy/prompt/pack data; preserve consumers	-	5afd5902895be1d76a07d7701ed224cbe6702c0f88156977efc277016586236b	git:c6154036880c87db69c880ba36a22087815b48b0:config/voice_marble.md
dec_add_commutes_property.txt	preserve	model/test/corpus input or provenance output; explicit and derived consumers retained	-	39169a0d3f3762ac53620629482d701a913dd9bafe40fe26034bdc946018de1e	git:c6154036880c87db69c880ba36a22087815b48b0:dec_add_commutes_property.txt
dec_add_unit_contract.txt	preserve	model/test/corpus input or provenance output; explicit and derived consumers retained	-	0fb2e74035e1e7e92436d1e7fe0f9f41b8fe012e8ef2397361cd40a5a5e46e64	git:c6154036880c87db69c880ba36a22087815b48b0:dec_add_unit_contract.txt
dec_add_unit_weights.txt	preserve	pre-existing dirty generated weight input; working bytes preserved	-	b11a6ba82096111095d8e06aca4dd903731750325970a2716387cfc28c149102	before.tar.gz:dec_add_unit_weights.txt
dec_full_add_contract.txt	preserve	model/test/corpus input or provenance output; explicit and derived consumers retained	-	2956975876e9b80c934853215ef965ffadb41aafaead6143b93f5a1a6ffae571	git:c6154036880c87db69c880ba36a22087815b48b0:dec_full_add_contract.txt
dec_full_add_weights.txt	preserve	pre-existing dirty generated weight input; working bytes preserved	-	23d5bf6ba5fb8b1f9511683101de28e4f46156fd8ecdf31e9fac30afb4fc2b11	before.tar.gz:dec_full_add_weights.txt
dec_full_adder_unit_contract.txt	preserve	model/test/corpus input or provenance output; explicit and derived consumers retained	-	b3444732e77b0f652f34ef8de1e39859eeb397dafaf659792b5876510b7a35ae	git:c6154036880c87db69c880ba36a22087815b48b0:dec_full_adder_unit_contract.txt
dec_full_adder_unit_weights.txt	preserve	pre-existing dirty generated weight input; working bytes preserved	-	d26956fb28ddd742b507ab4080a628e09102ad62fccad1b58652bd0bece2618a	before.tar.gz:dec_full_adder_unit_weights.txt
dec_swap_ab_contract.txt	preserve	model/test/corpus input or provenance output; explicit and derived consumers retained	-	2b4aa1e5da5746c9a17294627c7c9405150a53214ddebcae29a3fa6462f1ec7a	git:c6154036880c87db69c880ba36a22087815b48b0:dec_swap_ab_contract.txt
dec_swap_ab_weights.txt	preserve	pre-existing dirty generated weight input; working bytes preserved	-	154c9981c1817b536493bbd74cc98be4b6af7839c11ddecfe520a83f631e7cba	before.tar.gz:dec_swap_ab_weights.txt
dec_to_symbol_contract.txt	preserve	model/test/corpus input or provenance output; explicit and derived consumers retained	-	f2c530fedbe2c05804a5954c75b6004a0d7ef4a73d9b566590ab5774bf501e92	git:c6154036880c87db69c880ba36a22087815b48b0:dec_to_symbol_contract.txt
dec_to_symbol_weights.txt	preserve	pre-existing dirty generated weight input; working bytes preserved	-	239f0111a6e9db859ee9b2697864de012bd9d399f46fa3f03e51da287dea0997	before.tar.gz:dec_to_symbol_weights.txt
dec_value_contract.txt	preserve	model/test/corpus input or provenance output; explicit and derived consumers retained	-	832ad4e2078bec696d0efdf63c29865eac627b18ca8ee042ec8bb7ccb3bd8340	git:c6154036880c87db69c880ba36a22087815b48b0:dec_value_contract.txt
dec_value_roundtrip_property.txt	preserve	model/test/corpus input or provenance output; explicit and derived consumers retained	-	8c0c5a1b760a44fd5e5d0df54ed5fe439252b88460140a422f7b64fa870e5f8f	git:c6154036880c87db69c880ba36a22087815b48b0:dec_value_roundtrip_property.txt
dec_value_weights.txt	preserve	pre-existing dirty generated weight input; working bytes preserved	-	64f0ab4da7c70c3064fc9ac6672a87621a612057ab59804fc7eae67ed9debacf	before.tar.gz:dec_value_weights.txt
docs/ARCHITECTURE.md	rewrite	current guide rewritten against source; original tutorial/evidence archived	docs/ARCHITECTURE.md	cc836e34e25cd70f9840cb024168e305cf53a07bde216807a026e17f6f668863	attic/documentation-20260906.tar.gz:docs/ARCHITECTURE.md
docs/ASI_IMPROVE.md	rewrite	current guide rewritten against source; original tutorial/evidence archived	docs/ASI_IMPROVE.md	3a99ca8ff6a8fb29cf8e159c4bfe0d24ca9636f0c190d2222cd535ea7ac51288	attic/documentation-20260906.tar.gz:docs/ASI_IMPROVE.md
docs/AUTONOMY_CHARTER.md	rewrite	current guide rewritten against source; original tutorial/evidence archived	docs/AUTONOMY_CHARTER.md	6f7e3aadd5dce8662abb0021c194bda9e9a7a9366c86622d1f0dd9b84b6a2281	attic/documentation-20260906.tar.gz:docs/AUTONOMY_CHARTER.md
docs/BRAIN_CNET_CAPSULE.md	rewrite	current guide rewritten against source; original tutorial/evidence archived	docs/BRAIN_CNET_CAPSULE.md	42eec871e5515a41cd854de1701a231284662c088ab4df8ffede549c5511001b	attic/documentation-20260906.tar.gz:docs/BRAIN_CNET_CAPSULE.md
docs/CAPSULE_CORE.md	rewrite	current guide rewritten against source; original tutorial/evidence archived	docs/CAPSULE_CORE.md	f5ce30592b52d50de5554d21b1e52f130354bbbdb8897606b1a9b7494123259e	attic/documentation-20260906.tar.gz:docs/CAPSULE_CORE.md
docs/CERT_COVERAGE_HARVEST.md	rewrite	current guide rewritten against source; original tutorial/evidence archived	docs/CERT_COVERAGE_HARVEST.md	c8afd018ef5b342773cc25f48ce7d8072104cb7a26f5d95cb9c3349a0227c24a	attic/documentation-20260906.tar.gz:docs/CERT_COVERAGE_HARVEST.md
docs/CHAIN_OF_THOUGHT.md	rewrite	current guide rewritten against source; original tutorial/evidence archived	docs/CHAIN_OF_THOUGHT.md	e96352bd26e8d3e7a42616c3e0b03bba324b094dd9441a0a0514d9707c8d9ff3	attic/documentation-20260906.tar.gz:docs/CHAIN_OF_THOUGHT.md
docs/CHANGELOG.md	rewrite	current guide rewritten against source; original tutorial/evidence archived	docs/CHANGELOG.md	af86e8129a570ea57d4a7244501d784f8bf34e11a8ce73144d7015f9cc9d5060	attic/documentation-20260906.tar.gz:docs/CHANGELOG.md
docs/CNETD.md	rewrite	current guide rewritten against source; original tutorial/evidence archived	docs/CNETD.md	23b956a7fbbb95e59b7d093848670028ab586d1a436d1cbac2a8849773c7d197	attic/documentation-20260906.tar.gz:docs/CNETD.md
docs/CNET_DISTILL.md	rewrite	current guide rewritten against source; original tutorial/evidence archived	docs/CNET_DISTILL.md	34cc524b653062fa6a5db30ec4e77ec82f7da5984b6bc9063f14bf89ee83da94	attic/documentation-20260906.tar.gz:docs/CNET_DISTILL.md
docs/CNET_MARBLE_24_7.md	rewrite	current guide rewritten against source; original tutorial/evidence archived	docs/CNET_MARBLE_24_7.md	8df38faa1e3a482ed7922e93d0fc8b5df95882251d36e0621acb9c9eba450889	attic/documentation-20260906.tar.gz:docs/CNET_MARBLE_24_7.md
docs/CNET_WEB.md	rewrite	current guide rewritten against source; original tutorial/evidence archived	docs/CNET_WEB.md	8d80819670ebb0f5c2a9e9f77d8155b583e65640ea31fb1ce5cfd50fe71a14c1	attic/documentation-20260906.tar.gz:docs/CNET_WEB.md
docs/CONTINUITY_WORKSPACE.md	rewrite	current guide rewritten against source; original tutorial/evidence archived	docs/CONTINUITY_WORKSPACE.md	ea66da8fea8a2430ee67e9978ba9bec5741a309fdcc66f9f339e1436533130dc	attic/documentation-20260906.tar.gz:docs/CONTINUITY_WORKSPACE.md
docs/DOMAIN_ROUTE.md	rewrite	current guide rewritten against source; original tutorial/evidence archived	docs/DOMAIN_ROUTE.md	31502b59c82cd7e9008443707fe49343e3c46e87fb617bb05ac7cc0c507bcb31	attic/documentation-20260906.tar.gz:docs/DOMAIN_ROUTE.md
docs/EXECUTION_TIERS.md	rewrite	current guide rewritten against source; original tutorial/evidence archived	docs/EXECUTION_TIERS.md	acd695c6b84cb70c2bbb001b364ae83038171fcea845b4dfa03c95c4a079ee6d	attic/documentation-20260906.tar.gz:docs/EXECUTION_TIERS.md
docs/EXPLORE_TICK.md	rewrite	current guide rewritten against source; original tutorial/evidence archived	docs/EXPLORE_TICK.md	dd4dcc99d5da8703ceb72a3d52e94bddac858b9d1af15e50edea307ef65cabaa	attic/documentation-20260906.tar.gz:docs/EXPLORE_TICK.md
docs/GENERATE_FIFO.md	rewrite	current guide rewritten against source; original tutorial/evidence archived	docs/GENERATE_FIFO.md	2b0992faf4642db660f68fb220e6d7cefd2124c5c30a91245879af977cec952d	attic/documentation-20260906.tar.gz:docs/GENERATE_FIFO.md
docs/GOLD_CURRICULUM_HARVEST.md	rewrite	current guide rewritten against source; original tutorial/evidence archived	docs/GOLD_CURRICULUM_HARVEST.md	00f18337cc3387572a7123a1db72fa75980897a25e36afe315750797954e4226	attic/documentation-20260906.tar.gz:docs/GOLD_CURRICULUM_HARVEST.md
docs/INDEX.md	rewrite	current guide rewritten against source; original tutorial/evidence archived	docs/INDEX.md	20c0ddc3a2fe5ea97d7d0089e00378c50c9735635da474d91f78e207583482b1	attic/documentation-20260906.tar.gz:docs/INDEX.md
docs/KV_STREAM_INDEX.md	rewrite	current guide rewritten against source; original tutorial/evidence archived	docs/KV_STREAM_INDEX.md	df8c03f3c4d1c7904708f180c06c9ecc47a2f0f5d7dacd5d52a1126cd093386b	attic/documentation-20260906.tar.gz:docs/KV_STREAM_INDEX.md
docs/MEM_RUNTIME.md	rewrite	current guide rewritten against source; original tutorial/evidence archived	docs/MEM_RUNTIME.md	89020a356aa648d3f23717debc59c78dddd35444b89a285378b62203819908b0	attic/documentation-20260906.tar.gz:docs/MEM_RUNTIME.md
docs/NEUROMOD_PERSONALITY.md	rewrite	current guide rewritten against source; original tutorial/evidence archived	docs/NEUROMOD_PERSONALITY.md	d5d1736c922a8a2b02daf6b0dc8a9646344f8a01f5358c8467c7a7de1933b9b5	attic/documentation-20260906.tar.gz:docs/NEUROMOD_PERSONALITY.md
docs/OPEN_CHAT.md	rewrite	current guide rewritten against source; original tutorial/evidence archived	docs/OPEN_CHAT.md	f50994ed6117dd6c946b333cb06c192322f895228ad3fd4ae058cd0b3ae9ce54	attic/documentation-20260906.tar.gz:docs/OPEN_CHAT.md
docs/PACK_ENGLISH_BASIC.md	rewrite	current guide rewritten against source; original tutorial/evidence archived	docs/PACK_ENGLISH_BASIC.md	73597a0026caae93647c9b48c57b296ad21ef05a9d96e25ce109d9de0b65a20a	attic/documentation-20260906.tar.gz:docs/PACK_ENGLISH_BASIC.md
docs/QUERY_ALIAS_DIALOG_CTX.md	rewrite	current guide rewritten against source; original tutorial/evidence archived	docs/QUERY_ALIAS_DIALOG_CTX.md	46762343dd89a469ee1fb88639520e42d70ba95b2a075d9133bc4f393eeb8868	attic/documentation-20260906.tar.gz:docs/QUERY_ALIAS_DIALOG_CTX.md
docs/RELEASE_POLICY.md	rewrite	current guide rewritten against source; original tutorial/evidence archived	docs/RELEASE_POLICY.md	720b712d2be9f73d29ad0400d7e348af300a5db5d944a0dad357c91119eb4fa7	attic/documentation-20260906.tar.gz:docs/RELEASE_POLICY.md
docs/REPLY_THINK.md	rewrite	current guide rewritten against source; original tutorial/evidence archived	docs/REPLY_THINK.md	0f36a2807e511dcca67c85fba23eb28f2c5ac86045ce17ce98ab714e06151f84	attic/documentation-20260906.tar.gz:docs/REPLY_THINK.md
docs/ROE_ASI.md	rewrite	current guide rewritten against source; original tutorial/evidence archived	docs/ROE_ASI.md	f76a13a2c0e5ff871733670da47dd65f50e84b3e82100a79bf24404217cb59b6	attic/documentation-20260906.tar.gz:docs/ROE_ASI.md
docs/ROE_SELF_MODEL.md	rewrite	current guide rewritten against source; original tutorial/evidence archived	docs/ROE_SELF_MODEL.md	a6ec59eb57b718ba3bd17c5df733547adfc4f21cb66167248ef80fa87c5ab988	attic/documentation-20260906.tar.gz:docs/ROE_SELF_MODEL.md
docs/SPEECH_CAPSULE.md	rewrite	current guide rewritten against source; original tutorial/evidence archived	docs/SPEECH_CAPSULE.md	23ced334bf153255f2b3510c54e441828f95898ceb943a140a667d239fee90f9	attic/documentation-20260906.tar.gz:docs/SPEECH_CAPSULE.md
docs/STM_LTM_BRIDGE.md	rewrite	current guide rewritten against source; original tutorial/evidence archived	docs/STM_LTM_BRIDGE.md	6e1b85d40a570692823368a54110378f196578b885b5de245132efa662048942	attic/documentation-20260906.tar.gz:docs/STM_LTM_BRIDGE.md
docs/STREAM_INDEX_ATTEND.md	rewrite	current guide rewritten against source; original tutorial/evidence archived	docs/STREAM_INDEX_ATTEND.md	2d38fb3696c4e24313e8496da3e56f2f01939357638a37bf5ea89a33e3b07308	attic/documentation-20260906.tar.gz:docs/STREAM_INDEX_ATTEND.md
docs/TEACH_PATH.md	rewrite	current guide rewritten against source; original tutorial/evidence archived	docs/TEACH_PATH.md	9e82b4b6966aace1874b4bf7c7e7cc0749a188075c4297cd97287cdc691be442	attic/documentation-20260906.tar.gz:docs/TEACH_PATH.md
docs/THIRD_WAY_MARBLE_PEER.md	rewrite	current guide rewritten against source; original tutorial/evidence archived	docs/THIRD_WAY_MARBLE_PEER.md	2bfeeffd1de390bc96ecac6fdf5f39959aa91dc1dc1676672907cd7eda96a8da	attic/documentation-20260906.tar.gz:docs/THIRD_WAY_MARBLE_PEER.md
docs/THOUGHT_PROCESS.md	rewrite	current guide rewritten against source; original tutorial/evidence archived	docs/THOUGHT_PROCESS.md	b412b6e8a40d58c9d028fef12bb138565d6126778873635728e9bed2cff7bc5d	attic/documentation-20260906.tar.gz:docs/THOUGHT_PROCESS.md
docs/UTTERANCE.md	rewrite	current guide rewritten against source; original tutorial/evidence archived	docs/UTTERANCE.md	ad6c433a6d24f5bc7e68043300fae14c475e808ef898b914aab772aa9a91c2b9	attic/documentation-20260906.tar.gz:docs/UTTERANCE.md
docs/WEIGHT_EPOCH.md	rewrite	current guide rewritten against source; original tutorial/evidence archived	docs/WEIGHT_EPOCH.md	efaa6942818f581cd81f9baeab9bf4c73897e8ccd5a4b5df903075ecce4fc9e7	attic/documentation-20260906.tar.gz:docs/WEIGHT_EPOCH.md
docs/cce_lily.md	rewrite	current guide rewritten against source; original tutorial/evidence archived	docs/cce_lily.md	7d040319ad87350aacad3f81410ab9ed3258b193396a7b206adc806452cd4577	attic/documentation-20260906.tar.gz:docs/cce_lily.md
docs/cce_lora.md	rewrite	current guide rewritten against source; original tutorial/evidence archived	docs/cce_lora.md	60d2c20c313aa19b7096d0c4abc95154dd371693c610b083acc931ce46dee1c5	attic/documentation-20260906.tar.gz:docs/cce_lora.md
docs/cnet-history.md	preserve	dated/frozen evidence or negative result; preserve exact record	-	54b9bb23d4389092be278e8ae55571e8ae291ee6d4241197aae62923de1226bf	git:c6154036880c87db69c880ba36a22087815b48b0:docs/cnet-history.md
docs/cnet_async_context_pipeline.md	rewrite	current guide rewritten against source; original tutorial/evidence archived	docs/cnet_async_context_pipeline.md	50e03ec1eb7d4ac4374553a4a11222bbc07627d20c48de9aac40d70f4af4992e	attic/documentation-20260906.tar.gz:docs/cnet_async_context_pipeline.md
docs/cnet_bounded_gpu_offload.md	rewrite	current guide rewritten against source; original tutorial/evidence archived	docs/cnet_bounded_gpu_offload.md	cb3686abbdd6c1f30cdf960a5e569087aa1615d6367b9b1a7ff9f7e099764d75	attic/documentation-20260906.tar.gz:docs/cnet_bounded_gpu_offload.md
docs/cnet_dotnet_inference_harness.md	rewrite	current guide rewritten against source; original tutorial/evidence archived	docs/cnet_dotnet_inference_harness.md	27a24705484e80c5c7aa4d68422b38203a1c424044a89a293985ed9c243290de	attic/documentation-20260906.tar.gz:docs/cnet_dotnet_inference_harness.md
docs/contracts/counterfactual_routing.md	preserve	retained design/behavior contract; not a current operating checklist	-	c9e50f791a9e073e33371890f4fb11b78e34024ca27bfd9369b95815c0da5227	git:c6154036880c87db69c880ba36a22087815b48b0:docs/contracts/counterfactual_routing.md
docs/contracts/narrative_coherence.md	preserve	retained design/behavior contract; not a current operating checklist	-	82787214b9363c71dc789d7d036fd441e6130837aa80ad2ba963528ea5843994	git:c6154036880c87db69c880ba36a22087815b48b0:docs/contracts/narrative_coherence.md
docs/contracts/sparse_kv_routing.md	preserve	retained design/behavior contract; not a current operating checklist	-	68271c050810e4842453e2450b28f3331f139c07fcc9bb75f03278d9e7e18295	git:c6154036880c87db69c880ba36a22087815b48b0:docs/contracts/sparse_kv_routing.md
docs/contracts/uncertainty_activation.md	preserve	retained design/behavior contract; not a current operating checklist	-	358b2735047e780b0a750190ea508611d3e376dc5c4d7943a76cf2cdde715c67	git:c6154036880c87db69c880ba36a22087815b48b0:docs/contracts/uncertainty_activation.md
docs/cuda_backend.md	rewrite	current guide rewritten against source; original tutorial/evidence archived	docs/cuda_backend.md	95b25fb2596899427cbb33f886ad79f4ecc79885744c975144785fd8b6af1135	attic/documentation-20260906.tar.gz:docs/cuda_backend.md
docs/dispatch.md	rewrite	current guide rewritten against source; original tutorial/evidence archived	docs/dispatch.md	be11b3460777d1abc6daa565138abf023ec27736318f1358d133691b27074171	attic/documentation-20260906.tar.gz:docs/dispatch.md
docs/evidence/phase6-offline-restore-attestation.md	preserve	dated/frozen evidence or negative result; preserve exact record	-	02094ec809443467225aa69fe6f9dd8bfc10aaf59aab45720eba6ce45150a793	git:c6154036880c87db69c880ba36a22087815b48b0:docs/evidence/phase6-offline-restore-attestation.md
docs/gigatok_bench.md	rewrite	current guide rewritten against source; original tutorial/evidence archived	docs/gigatok_bench.md	6a537f8d69f4b743285d53b9cc93900bf8eaca7eccfdecfa5482b548042c97f4	attic/documentation-20260906.tar.gz:docs/gigatok_bench.md
docs/hermes_hosting.md	rewrite	current guide rewritten against source; original tutorial/evidence archived	docs/hermes_hosting.md	883178202969a5ca38f34eca4aeb46053a0b6e12425b9a52e706d78fac792802	attic/documentation-20260906.tar.gz:docs/hermes_hosting.md
docs/improvement_engine_integration.md	rewrite	current guide rewritten against source; original tutorial/evidence archived	docs/improvement_engine_integration.md	570a8b282f9d32eace0506dbc28f5ce5802c89ff8836b4105db4298bb1c99891	attic/documentation-20260906.tar.gz:docs/improvement_engine_integration.md
docs/moe_train.md	rewrite	current guide rewritten against source; original tutorial/evidence archived	docs/moe_train.md	1acb9259cd4242b30b6f4502929ac1bb797f0d0cef4cd3d36e335a86ae46279b	attic/documentation-20260906.tar.gz:docs/moe_train.md
docs/moe_xf.md	rewrite	current guide rewritten against source; original tutorial/evidence archived	docs/moe_xf.md	bb835827f4cf9109891a6fe1479a7a8b861903425b12b8175c56bee16db42d08	attic/documentation-20260906.tar.gz:docs/moe_xf.md
docs/negative-results/hyperbolic_prior.md	preserve	dated/frozen evidence or negative result; preserve exact record	-	c576faac3f786444fa9eb3cbb409bfcc37f349649e7c3e5ce0bd201cb3c084cd	git:c6154036880c87db69c880ba36a22087815b48b0:docs/negative-results/hyperbolic_prior.md
docs/phase123_benchmark_closure.md	rewrite	current guide rewritten against source; original tutorial/evidence archived	docs/phase123_benchmark_closure.md	59b26d1c7bf729dd1cafb85c978df8c7119be2f0cbfcd116f39e7d1922644d1c	attic/documentation-20260906.tar.gz:docs/phase123_benchmark_closure.md
docs/superpowers/handoffs/2026-06-28-supra-1p58bit-compression.md	retire	superseded operational handoff; exact original archived	docs/superpowers/specs/2026-06-28-supra-qat-scope.md	4425a63f329e6f53add7d45755ffe20b0bab822ef876ba5ac90012dbb019e9e3	attic/documentation-20260906.tar.gz:docs/superpowers/handoffs/2026-06-28-supra-1p58bit-compression.md
docs/superpowers/handoffs/2026-08-16-status.md	retire	superseded operational handoff; exact original archived	docs/ARCHITECTURE.md	7d77c5456485fd20fc78ff0f804038c44020dc78c02762f0f2dc581da34e8307	attic/documentation-20260906.tar.gz:docs/superpowers/handoffs/2026-08-16-status.md
docs/superpowers/plans/2026-06-11-machine-checkable-contracts.md	retire	implementation transcript; retain matching decision and archived amendments	docs/superpowers/specs/2026-06-11-machine-checkable-contracts-design.md	3d82298d7b17128e1378bd523847c3b51c031f0eff598f9360c7659b9a75e97e	attic/documentation-20260906.tar.gz:docs/superpowers/plans/2026-06-11-machine-checkable-contracts.md
docs/superpowers/plans/2026-06-11-property-contracts.md	retire	implementation transcript; retain matching decision and archived amendments	docs/superpowers/specs/2026-06-11-property-contracts-design.md	e38c7fb17d5759b7ee63b56713d3d94f1ff1c9cada62ed75e53ff03ef64c57ff	attic/documentation-20260906.tar.gz:docs/superpowers/plans/2026-06-11-property-contracts.md
docs/superpowers/plans/2026-06-12-circuit-plans.md	retire	implementation transcript; retain matching decision and archived amendments	docs/superpowers/specs/2026-06-12-circuit-plans-design.md	5fc0f26276427f43643576db8f16bc031874b69d699a134ab024a04ed95cadeb	attic/documentation-20260906.tar.gz:docs/superpowers/plans/2026-06-12-circuit-plans.md
docs/superpowers/plans/2026-06-13-chunk-capacity.md	retire	implementation transcript; retain matching decision and archived amendments	docs/superpowers/specs/2026-06-13-chunk-capacity-design.md	e1e02141b555c5abd5f17a0105e3c76fa8e015ee1cb474b07307da6c4ec0765a	attic/documentation-20260906.tar.gz:docs/superpowers/plans/2026-06-13-chunk-capacity.md
docs/superpowers/plans/2026-06-13-library-evolve.md	retire	implementation transcript; retain matching decision and archived amendments	docs/superpowers/specs/2026-06-13-library-evolve-design.md	0c19f19700285b081901153efd1437c19636ca96cf99a2e2b18df338a6dcc4bd	attic/documentation-20260906.tar.gz:docs/superpowers/plans/2026-06-13-library-evolve.md
docs/superpowers/plans/2026-06-15-residue-scan-generalization.md	retire	implementation transcript; retain matching decision and archived amendments	docs/superpowers/specs/2026-06-15-residue-scan-generalization-design.md	59c5968176e47d8b4449fcefaf4141454a7b3d1d1990f09db3e825c6736558bf	attic/documentation-20260906.tar.gz:docs/superpowers/plans/2026-06-15-residue-scan-generalization.md
docs/superpowers/plans/2026-06-15-throughput-circuit-lane.md	retire	implementation transcript; retain matching decision and archived amendments	docs/superpowers/specs/2026-06-15-throughput-fast-decode-design.md	3befa2e0bdd628b9658fe28694ff5a58e92954ac93d8721066feb8eff308d434	attic/documentation-20260906.tar.gz:docs/superpowers/plans/2026-06-15-throughput-circuit-lane.md
docs/superpowers/plans/2026-06-15-throughput-dag-decode-lane.md	retire	implementation transcript; retain matching decision and archived amendments	docs/superpowers/specs/2026-06-15-throughput-fast-decode-design.md	ac2c5eef087ae5d31d62d1067941e0e65c2c8dba39546567b637f7ce6bdb013d	attic/documentation-20260906.tar.gz:docs/superpowers/plans/2026-06-15-throughput-dag-decode-lane.md
docs/superpowers/plans/2026-06-15-throughput-fast-decode.md	retire	implementation transcript; retain matching decision and archived amendments	docs/superpowers/specs/2026-06-15-throughput-fast-decode-design.md	b46270920980ca77aaf48862fe7b840abc0a5471c25dd4f410ba8f804560c1f6	attic/documentation-20260906.tar.gz:docs/superpowers/plans/2026-06-15-throughput-fast-decode.md
docs/superpowers/plans/2026-06-18-lifecycle-meltdown.md	retire	implementation transcript; retain matching decision and archived amendments	docs/superpowers/specs/2026-06-18-neural-lifecycle-design.md	70b54c1fef73f3537d1f2478c55830f24ff625f2bc80456e4ed49fdd6e2f8e16	attic/documentation-20260906.tar.gz:docs/superpowers/plans/2026-06-18-lifecycle-meltdown.md
docs/superpowers/plans/2026-06-18-lifecycle-spine.md	retire	implementation transcript; retain matching decision and archived amendments	docs/superpowers/specs/2026-06-18-neural-lifecycle-design.md	1459118b1064b0cfb55992d0727442b704e01bd85c6cccffbd4285df5461f168	attic/documentation-20260906.tar.gz:docs/superpowers/plans/2026-06-18-lifecycle-spine.md
docs/superpowers/plans/2026-06-19-circuit-gate-extension.md	retire	implementation transcript; retain matching decision and archived amendments	docs/superpowers/specs/2026-06-19-circuit-gate-extension-design.md	2b40b11dbf0a15e47628f878be24b07d49dcec98c60414aa5b65303e084f0158	attic/documentation-20260906.tar.gz:docs/superpowers/plans/2026-06-19-circuit-gate-extension.md
docs/superpowers/plans/2026-06-19-compounding-loop-benchmark.md	retire	implementation transcript; retain matching decision and archived amendments	docs/superpowers/specs/2026-06-19-compounding-loop-benchmark-design.md	b6d9ea2d534fb333dde81e7af9f1cf5d5241add9fda08b5c26c7e3e938a0e03c	attic/documentation-20260906.tar.gz:docs/superpowers/plans/2026-06-19-compounding-loop-benchmark.md
docs/superpowers/plans/2026-06-19-cost-aware-freeze-gate.md	retire	implementation transcript; retain matching decision and archived amendments	docs/superpowers/specs/2026-06-19-cost-aware-freeze-gate-design.md	8019741efb38c8b94ee95e66a0da17a9b6f16b18ab578ced2c9e25c584be12d5	attic/documentation-20260906.tar.gz:docs/superpowers/plans/2026-06-19-cost-aware-freeze-gate.md
docs/superpowers/plans/2026-06-19-distillation-gate.md	retire	implementation transcript; retain matching decision and archived amendments	docs/superpowers/specs/2026-06-19-distillation-gate-design.md	5ccdf572b3dc9cd5e51783283cb648b29496865dc517d76fe819a71958668fc6	attic/documentation-20260906.tar.gz:docs/superpowers/plans/2026-06-19-distillation-gate.md
docs/superpowers/plans/2026-06-26-compounding-retrieval-memory.md	retire	implementation transcript; retain matching decision and archived amendments	docs/superpowers/specs/2026-06-26-compounding-retrieval-memory-design.md	4895c937b7828175d838a3710026ead71eb47a131ba39c664e99368f3924dcc9	attic/documentation-20260906.tar.gz:docs/superpowers/plans/2026-06-26-compounding-retrieval-memory.md
docs/superpowers/plans/2026-06-26-discounted-ppmi-neighbors.md	retire	implementation transcript; retain matching decision and archived amendments	docs/superpowers/specs/2026-06-26-discounted-ppmi-neighbors-design.md	81ed153eec88c5686f8937cae56d557e7f4421643314531063bac9e449eafdb8	attic/documentation-20260906.tar.gz:docs/superpowers/plans/2026-06-26-discounted-ppmi-neighbors.md
docs/superpowers/plans/2026-06-26-dynamic-pdf-corpus.md	retire	implementation transcript; retain matching decision and archived amendments	docs/superpowers/specs/2026-06-26-dynamic-pdf-corpus-design.md	d15a38a4e558aaf2bfdc9be888c635cc0d1c8ab62a1a0394129cc3533001f6f7	attic/documentation-20260906.tar.gz:docs/superpowers/plans/2026-06-26-dynamic-pdf-corpus.md
docs/superpowers/plans/2026-06-26-extraction-quality.md	retire	implementation transcript; retain matching decision and archived amendments	docs/superpowers/specs/2026-06-26-extraction-quality-design.md	413e1fd7deefeea14ac398c3f984e80a1bf3f06c46cfaa42d8748ca3ccd4d89f	attic/documentation-20260906.tar.gz:docs/superpowers/plans/2026-06-26-extraction-quality.md
docs/superpowers/plans/2026-06-26-graduation-vertical-slice.md	retire	implementation transcript; retain matching decision and archived amendments	docs/superpowers/specs/2026-06-26-graduation-vertical-slice-design.md	a52faf1cf1ecaaafffd03be3a5b3c2f9cc12e7300ca73207ed1d793d9c273acb	attic/documentation-20260906.tar.gz:docs/superpowers/plans/2026-06-26-graduation-vertical-slice.md
docs/superpowers/plans/2026-06-26-json-story-contract.md	retire	implementation transcript; retain matching decision and archived amendments	docs/superpowers/specs/2026-06-26-json-story-contract-design.md	697bdf8a8b0def6aef32efbfe2fee99d0056d0d622f37e43b1ebca6e8ab6c364	attic/documentation-20260906.tar.gz:docs/superpowers/plans/2026-06-26-json-story-contract.md
docs/superpowers/plans/2026-06-26-synonym-ppmi-retrieval.md	retire	implementation transcript; retain matching decision and archived amendments	docs/superpowers/specs/2026-06-26-synonym-ppmi-retrieval-design.md	06d24cd4f816322168a2d28a11f746dc4c7428a496e2c290bd807c432304c149	attic/documentation-20260906.tar.gz:docs/superpowers/plans/2026-06-26-synonym-ppmi-retrieval.md
docs/superpowers/plans/2026-06-26-tfidf-retrieval.md	retire	implementation transcript; retain matching decision and archived amendments	docs/superpowers/specs/2026-06-26-tfidf-retrieval-design.md	27456424aca98fce04a9998c6f49ec99771e7abd06188a04e5fbc975dd3ed244	attic/documentation-20260906.tar.gz:docs/superpowers/plans/2026-06-26-tfidf-retrieval.md
docs/superpowers/plans/2026-06-26-tiered-tile-memory.md	retire	implementation transcript; retain matching decision and archived amendments	docs/superpowers/specs/2026-06-26-tiered-tile-memory-design.md	1a513f426f3789758781c721834cbba4175634ff2036c5d120c656fd2c89e198	attic/documentation-20260906.tar.gz:docs/superpowers/plans/2026-06-26-tiered-tile-memory.md
docs/superpowers/plans/2026-06-27-cce-training-api-maturity.md	retire	implementation transcript; retain matching decision and archived amendments	docs/superpowers/specs/2026-06-27-cce-training-api-maturity-design.md	6eaec356d7bf193f91e8a16bb66e90f45b8e2dc4c9716aaebbc1012bf0be500c	attic/documentation-20260906.tar.gz:docs/superpowers/plans/2026-06-27-cce-training-api-maturity.md
docs/superpowers/plans/2026-06-27-consolidation-candidate-cap.md	retire	implementation transcript; retain matching decision and archived amendments	docs/superpowers/specs/2026-06-27-consolidation-candidate-cap-design.md	88df5d164df5f2f1e268b303305455b59efe6444f1776f90a2439392c7b2644a	attic/documentation-20260906.tar.gz:docs/superpowers/plans/2026-06-27-consolidation-candidate-cap.md
docs/superpowers/plans/2026-06-27-consolidation-candidate-pruning.md	retire	implementation transcript; retain matching decision and archived amendments	docs/superpowers/specs/2026-06-27-consolidation-candidate-pruning-design.md	b103c4f88806617321712683f5bd3d9c1ef262ad86db7ea59feab13cadb26330	attic/documentation-20260906.tar.gz:docs/superpowers/plans/2026-06-27-consolidation-candidate-pruning.md
docs/superpowers/plans/2026-06-27-tile-inverted-index.md	retire	implementation transcript; retain matching decision and archived amendments	docs/superpowers/specs/2026-06-27-tile-inverted-index-design.md	7afe4f923227c90dcb9de08a57b2b5aec62cc177e8400f34a18b58e565a15be1	attic/documentation-20260906.tar.gz:docs/superpowers/plans/2026-06-27-tile-inverted-index.md
docs/superpowers/plans/2026-06-27-tile-semantic-dedup.md	retire	implementation transcript; retain matching decision and archived amendments	docs/superpowers/specs/2026-06-27-tile-semantic-dedup-design.md	ddb44fcdb87cded5a1ff4207ce9b00216d30c6d5c068714a6446eb17863080b9	attic/documentation-20260906.tar.gz:docs/superpowers/plans/2026-06-27-tile-semantic-dedup.md
docs/superpowers/plans/2026-07-02-gap-triggered-acquisition-loop.md	retire	implementation transcript; retain matching decision and archived amendments	docs/superpowers/specs/2026-07-02-gap-triggered-acquisition-loop-design.md	1e1b73d9491fa240e40a732a3c2ada8e3729c3b8473631688a9a01144f3a9e27	attic/documentation-20260906.tar.gz:docs/superpowers/plans/2026-07-02-gap-triggered-acquisition-loop.md
docs/superpowers/plans/2026-07-02-unified-base.md	retire	implementation transcript; retain matching decision and archived amendments	docs/superpowers/specs/2026-07-02-unified-base-design.md	2aaafc0f0a22918f6aa6398364c9eb797adb1f198ea0fe7ee2a6318e04320a1c	attic/documentation-20260906.tar.gz:docs/superpowers/plans/2026-07-02-unified-base.md
docs/superpowers/plans/2026-07-03-fuzzy-tier-flagship.md	retire	implementation transcript; retain matching decision and archived amendments	docs/superpowers/specs/2026-07-03-fuzzy-tier-flagship-design.md	50940268da377b70f7e02323306e86efc35a6e50e1c7330b3bcc3b301b449d76	attic/documentation-20260906.tar.gz:docs/superpowers/plans/2026-07-03-fuzzy-tier-flagship.md
docs/superpowers/plans/2026-07-10-dual-gpu-unified-inference.md	retire	implementation transcript; retain matching decision and archived amendments	docs/superpowers/specs/2026-07-10-dual-gpu-unified-inference.md	6ddba7b4f090d19ca237640573b0fc73e71fa60c57a3718fe8c6093973f4daa0	attic/documentation-20260906.tar.gz:docs/superpowers/plans/2026-07-10-dual-gpu-unified-inference.md
docs/superpowers/plans/2026-07-10-model-universal-residency.md	retire	implementation transcript; retain matching decision and archived amendments	docs/superpowers/specs/2026-07-10-model-universal-residency.md	25e4b1ab1202a3b0c31c0dc8b574e41acf230945dff3a88c5d9374c5f585331a	attic/documentation-20260906.tar.gz:docs/superpowers/plans/2026-07-10-model-universal-residency.md
docs/superpowers/plans/2026-07-10-oracle-v2-lifecycle.md	retire	implementation transcript; retain matching decision and archived amendments	plans/phase7_oracle_v2.md	67ca8c3eb86d2cca3b53c29d530653ae66c9eb89ce93375629e6c4d3e16287d8	attic/documentation-20260906.tar.gz:docs/superpowers/plans/2026-07-10-oracle-v2-lifecycle.md
docs/superpowers/plans/2026-07-10-unified-cnet-runtime.md	retire	implementation transcript; retain matching decision and archived amendments	plans/phase6_unified_runtime.md	9f811339ca8ca6c187eae6bf50257363da073b313bbe658873ef69090474e3cc	attic/documentation-20260906.tar.gz:docs/superpowers/plans/2026-07-10-unified-cnet-runtime.md
docs/superpowers/plans/2026-08-16-core-attribution-layer.md	retire	implementation transcript; retain matching decision and archived amendments	docs/superpowers/specs/2026-08-16-core-attribution-layer-design.md	ea3c5f9a5b9d76bba04ad8a70b7816fead3ef0ead870eded4a863aa37b86165a	attic/documentation-20260906.tar.gz:docs/superpowers/plans/2026-08-16-core-attribution-layer.md
docs/superpowers/plans/2026-08-16-mojo-kernel-bridge.md	retire	implementation transcript; retain matching decision and archived amendments	docs/superpowers/specs/2026-08-16-mojo-kernel-bridge-design.md	45f4c968ef58f8d537bfcf3779393a61b5f78facc2728d205498bce0a791ec8c	attic/documentation-20260906.tar.gz:docs/superpowers/plans/2026-08-16-mojo-kernel-bridge.md
docs/superpowers/plans/2026-08-16-qat-modern-block.md	retire	implementation transcript; retain matching decision and archived amendments	docs/superpowers/specs/2026-08-16-qat-modern-block-design.md	8bcb507153f493171b18d874e29d839d078956c0b0f7769f2c5e7d07f5d994ea	attic/documentation-20260906.tar.gz:docs/superpowers/plans/2026-08-16-qat-modern-block.md
docs/superpowers/specs/2026-06-08-primitive-interface-contracts-design.md	preserve	retained design/behavior contract; not a current operating checklist	-	29c36202ea1e52d75f5d73346425b05ff7f451735486e93e5d7c46964d5ea694	git:c6154036880c87db69c880ba36a22087815b48b0:docs/superpowers/specs/2026-06-08-primitive-interface-contracts-design.md
docs/superpowers/specs/2026-06-08-routing-layer-design.md	preserve	retained design/behavior contract; not a current operating checklist	-	6394bebbab3eae723069391def0e6a02fc77b4deb2fe76d989e1b01d9bbf17bb	git:c6154036880c87db69c880ba36a22087815b48b0:docs/superpowers/specs/2026-06-08-routing-layer-design.md
docs/superpowers/specs/2026-06-09-dag-composition-design.md	preserve	retained design/behavior contract; not a current operating checklist	-	c8d20f0db5d75a3c27d0fc97faeda3bdd1aee3efe6dfc33e06155573a6b58607	git:c6154036880c87db69c880ba36a22087815b48b0:docs/superpowers/specs/2026-06-09-dag-composition-design.md
docs/superpowers/specs/2026-06-09-heterogeneous-input-typing-design.md	preserve	retained design/behavior contract; not a current operating checklist	-	6fc52bb7924ca4025f9a8e5cf099d3adced20e4b84ae677896e7ee4d76c793f8	git:c6154036880c87db69c880ba36a22087815b48b0:docs/superpowers/specs/2026-06-09-heterogeneous-input-typing-design.md
docs/superpowers/specs/2026-06-11-chunk-consolidation-design.md	preserve	retained design/behavior contract; not a current operating checklist	-	5e677fe92c2f3a64a1b2712fb58e7088a355df1759b3bbf210894581a67adef7	git:c6154036880c87db69c880ba36a22087815b48b0:docs/superpowers/specs/2026-06-11-chunk-consolidation-design.md
docs/superpowers/specs/2026-06-11-dag-source-assignment-backtracking-design.md	preserve	retained design/behavior contract; not a current operating checklist	-	b77b2b8a726e8c0ed09953569189811d313981d6299d14dd9171f2df1eeff6e9	git:c6154036880c87db69c880ba36a22087815b48b0:docs/superpowers/specs/2026-06-11-dag-source-assignment-backtracking-design.md
docs/superpowers/specs/2026-06-11-global-plan-score-optimization-design.md	preserve	retained design/behavior contract; not a current operating checklist	-	2ed729c5fac5f40d1cbd5e94e3dbb1105cafd7f75f070bad31ed6aba753144c6	git:c6154036880c87db69c880ba36a22087815b48b0:docs/superpowers/specs/2026-06-11-global-plan-score-optimization-design.md
docs/superpowers/specs/2026-06-11-learned-reliability-scoring-design.md	preserve	retained design/behavior contract; not a current operating checklist	-	f65baf0c03d9423f5046e2a3b4bbf93f62d21e04ea1901e567de32df64abba26	git:c6154036880c87db69c880ba36a22087815b48b0:docs/superpowers/specs/2026-06-11-learned-reliability-scoring-design.md
docs/superpowers/specs/2026-06-11-machine-checkable-contracts-design.md	preserve	retained design/behavior contract; not a current operating checklist	-	ec87c05c138e8359fda9b3fe37528efd289527f084bcb0aedefdeeda4e30bc6c	git:c6154036880c87db69c880ba36a22087815b48b0:docs/superpowers/specs/2026-06-11-machine-checkable-contracts-design.md
docs/superpowers/specs/2026-06-11-multi-output-primitives-design.md	preserve	retained design/behavior contract; not a current operating checklist	-	bf77ab81e715ae7eea52a620389d3d4ac06b9291f46eb577d9c9284931e505e4	git:c6154036880c87db69c880ba36a22087815b48b0:docs/superpowers/specs/2026-06-11-multi-output-primitives-design.md
docs/superpowers/specs/2026-06-11-property-contracts-design.md	preserve	retained design/behavior contract; not a current operating checklist	-	d26f55e4e7f97eb0907cc93462771e2ba531f42b3665bff61d54bc582dee87dc	git:c6154036880c87db69c880ba36a22087815b48b0:docs/superpowers/specs/2026-06-11-property-contracts-design.md
docs/superpowers/specs/2026-06-11-reliability-persistence-design.md	preserve	retained design/behavior contract; not a current operating checklist	-	32e85398e07004c8c1823960ee81575d82d146ac38c6fcbebf657812e9a900ec	git:c6154036880c87db69c880ba36a22087815b48b0:docs/superpowers/specs/2026-06-11-reliability-persistence-design.md
docs/superpowers/specs/2026-06-11-semantic-port-tags-design.md	preserve	retained design/behavior contract; not a current operating checklist	-	49293311189cbc880c8d0d7adc0d499b08aface9b13b6a61ee99f011a08a46c7	git:c6154036880c87db69c880ba36a22087815b48b0:docs/superpowers/specs/2026-06-11-semantic-port-tags-design.md
docs/superpowers/specs/2026-06-11-strict-execution-design.md	preserve	retained design/behavior contract; not a current operating checklist	-	4778fe85967f2129f4eb72044f89a844fc4e668d9f13ef27c4eca681ffd70d47	git:c6154036880c87db69c880ba36a22087815b48b0:docs/superpowers/specs/2026-06-11-strict-execution-design.md
docs/superpowers/specs/2026-06-12-circuit-plans-design.md	preserve	retained design/behavior contract; not a current operating checklist	-	007d59aca475bdd146bc854b6b42a7dd993bef18fa485816139c1c511663fdc8	git:c6154036880c87db69c880ba36a22087815b48b0:docs/superpowers/specs/2026-06-12-circuit-plans-design.md
docs/superpowers/specs/2026-06-12-decimal-domain-design.md	preserve	retained design/behavior contract; not a current operating checklist	-	05a5c2045b34760fbbf4b379139f0c79b7f02d619a4f7a02bc44f66bf1aa1278	git:c6154036880c87db69c880ba36a22087815b48b0:docs/superpowers/specs/2026-06-12-decimal-domain-design.md
docs/superpowers/specs/2026-06-13-chunk-capacity-design.md	preserve	retained design/behavior contract; not a current operating checklist	-	688da4e07da9c234994e5f623a67d54babdc4dfc1b1e3e3c941d78c6018c84d8	git:c6154036880c87db69c880ba36a22087815b48b0:docs/superpowers/specs/2026-06-13-chunk-capacity-design.md
docs/superpowers/specs/2026-06-13-library-evolve-design.md	preserve	retained design/behavior contract; not a current operating checklist	-	a70058cb85233638fd7255ea97fa9b14c48133c55e5f46ada9ffa762dc0b99e7	git:c6154036880c87db69c880ba36a22087815b48b0:docs/superpowers/specs/2026-06-13-library-evolve-design.md
docs/superpowers/specs/2026-06-13-margin-study.md	preserve	retained design/behavior contract; not a current operating checklist	-	110025598eb15072c696f426df2bea38ae49ceba15006e16f376679aca9936a9	git:c6154036880c87db69c880ba36a22087815b48b0:docs/superpowers/specs/2026-06-13-margin-study.md
docs/superpowers/specs/2026-06-15-residue-scan-generalization-design.md	preserve	retained design/behavior contract; not a current operating checklist	-	726cce1889e7f7f59d9871529ed016dcc94c81a20b6284132efdef6ebb468ee2	git:c6154036880c87db69c880ba36a22087815b48b0:docs/superpowers/specs/2026-06-15-residue-scan-generalization-design.md
docs/superpowers/specs/2026-06-15-throughput-fast-decode-design.md	reference_only	historical spec preserved except two recovery-link updates; original archived	-	368424ccef74e734140f0630da7dd1023539e645727c501cae65082a563540d9	attic/documentation-20260906.tar.gz:docs/superpowers/specs/2026-06-15-throughput-fast-decode-design.md
docs/superpowers/specs/2026-06-18-below-beam-recovery-v51-design.md	preserve	retained design/behavior contract; not a current operating checklist	-	e7b74e520f292fe173144f6354f2532342dacbcf2a3c4202534dff19d12eec32	git:c6154036880c87db69c880ba36a22087815b48b0:docs/superpowers/specs/2026-06-18-below-beam-recovery-v51-design.md
docs/superpowers/specs/2026-06-18-neural-lifecycle-design.md	preserve	retained design/behavior contract; not a current operating checklist	-	c7a6425be4fd7568fe543a3a76a47d568b52f80319e81b993417e04bc9954fad	git:c6154036880c87db69c880ba36a22087815b48b0:docs/superpowers/specs/2026-06-18-neural-lifecycle-design.md
docs/superpowers/specs/2026-06-18-proposal-sidecar-v50-design.md	preserve	retained design/behavior contract; not a current operating checklist	-	948ca4f3647f889a2f029b5aa0f9fce74ba055860354abe8de959f743fe91528	git:c6154036880c87db69c880ba36a22087815b48b0:docs/superpowers/specs/2026-06-18-proposal-sidecar-v50-design.md
docs/superpowers/specs/2026-06-18-residue-reach-claim-repositioning.md	preserve	retained design/behavior contract; not a current operating checklist	-	ac574cadf8d2a11d371daab5e052ce7a0218731015810442629e4b338fd4f4ec	git:c6154036880c87db69c880ba36a22087815b48b0:docs/superpowers/specs/2026-06-18-residue-reach-claim-repositioning.md
docs/superpowers/specs/2026-06-19-belowbeam-failure-mode-characterization-design.md	preserve	retained design/behavior contract; not a current operating checklist	-	0393fbd06e5b3e3f175a8251f1b5e43608cf8b740db19e84a556023cf392a163	git:c6154036880c87db69c880ba36a22087815b48b0:docs/superpowers/specs/2026-06-19-belowbeam-failure-mode-characterization-design.md
docs/superpowers/specs/2026-06-19-circuit-gate-extension-design.md	preserve	retained design/behavior contract; not a current operating checklist	-	eb3d753ac608da8af2de97e45ca19ac2e89514ef0e69046021e7321792132301	git:c6154036880c87db69c880ba36a22087815b48b0:docs/superpowers/specs/2026-06-19-circuit-gate-extension-design.md
docs/superpowers/specs/2026-06-19-compounding-loop-benchmark-design.md	preserve	retained design/behavior contract; not a current operating checklist	-	3832599edf114f5474fa3da578770161999219ee2bfb841164e6b2612f819f87	git:c6154036880c87db69c880ba36a22087815b48b0:docs/superpowers/specs/2026-06-19-compounding-loop-benchmark-design.md
docs/superpowers/specs/2026-06-19-cost-aware-freeze-gate-design.md	preserve	retained design/behavior contract; not a current operating checklist	-	d34672c013cf5ac7e02bb7b57ecc69d784cb581b7908395bdc13f92f9a9389c0	git:c6154036880c87db69c880ba36a22087815b48b0:docs/superpowers/specs/2026-06-19-cost-aware-freeze-gate-design.md
docs/superpowers/specs/2026-06-19-distillation-gate-design.md	preserve	retained design/behavior contract; not a current operating checklist	-	42ab061ad10bbe76aca16c620fc08f93a597be56f82b27fa78d8ce269bf9a190	git:c6154036880c87db69c880ba36a22087815b48b0:docs/superpowers/specs/2026-06-19-distillation-gate-design.md
docs/superpowers/specs/2026-06-19-dual-track-expansion-3c-design.md	preserve	retained design/behavior contract; not a current operating checklist	-	a1a169043454618ae382f7b6a616fe7b8b8bbf54eaa486a40104734923e1b68d	git:c6154036880c87db69c880ba36a22087815b48b0:docs/superpowers/specs/2026-06-19-dual-track-expansion-3c-design.md
docs/superpowers/specs/2026-06-19-structural-preference-B0-gate-probe-design.md	preserve	retained design/behavior contract; not a current operating checklist	-	c5eeeb3376a0cc7c36e49fe2102dda2eafd735b808390f9308e6eeb5da7a642f	git:c6154036880c87db69c880ba36a22087815b48b0:docs/superpowers/specs/2026-06-19-structural-preference-B0-gate-probe-design.md
docs/superpowers/specs/2026-06-19-structural-preference-order-only-A-design.md	preserve	retained design/behavior contract; not a current operating checklist	-	4474c88a33ebab5298048564b096fd24455bb7f10fd40238b1c9d322474187ea	git:c6154036880c87db69c880ba36a22087815b48b0:docs/superpowers/specs/2026-06-19-structural-preference-order-only-A-design.md
docs/superpowers/specs/2026-06-19-structural-preference-sidecar-design.md	preserve	retained design/behavior contract; not a current operating checklist	-	c96de1f383e96e9907a80fbe530944f32df3bbc91055cbe4923cd461c8a4904d	git:c6154036880c87db69c880ba36a22087815b48b0:docs/superpowers/specs/2026-06-19-structural-preference-sidecar-design.md
docs/superpowers/specs/2026-06-26-compounding-retrieval-memory-design.md	preserve	retained design/behavior contract; not a current operating checklist	-	aadc8ef907ebef9c1ae38d46628647984a18a6333205150acc7ecbb0e1d43801	git:c6154036880c87db69c880ba36a22087815b48b0:docs/superpowers/specs/2026-06-26-compounding-retrieval-memory-design.md
docs/superpowers/specs/2026-06-26-discounted-ppmi-neighbors-design.md	preserve	retained design/behavior contract; not a current operating checklist	-	98014c40a405719ae925c6b581211588d51560785ddc1233a1bd4c9fc4207169	git:c6154036880c87db69c880ba36a22087815b48b0:docs/superpowers/specs/2026-06-26-discounted-ppmi-neighbors-design.md
docs/superpowers/specs/2026-06-26-dynamic-pdf-corpus-design.md	preserve	retained design/behavior contract; not a current operating checklist	-	dc0d836d3fec9a0bf9d2abb7428d83d2bed3d49268c16cafef7f66904423e779	git:c6154036880c87db69c880ba36a22087815b48b0:docs/superpowers/specs/2026-06-26-dynamic-pdf-corpus-design.md
docs/superpowers/specs/2026-06-26-extraction-quality-design.md	preserve	retained design/behavior contract; not a current operating checklist	-	5b2572c0fd38a79e2521f8e2102fbd9ffab563784b169e81928c7db4aeb2ee80	git:c6154036880c87db69c880ba36a22087815b48b0:docs/superpowers/specs/2026-06-26-extraction-quality-design.md
docs/superpowers/specs/2026-06-26-graduation-vertical-slice-design.md	preserve	retained design/behavior contract; not a current operating checklist	-	f7d9248d9d4bae808ab338f8a171518d84b80ea5d15b3d8052cd32e7d482d571	git:c6154036880c87db69c880ba36a22087815b48b0:docs/superpowers/specs/2026-06-26-graduation-vertical-slice-design.md
docs/superpowers/specs/2026-06-26-json-story-contract-design.md	preserve	retained design/behavior contract; not a current operating checklist	-	476d9b0c4ececfcf71bbebde2a99669b6542f7d02349fcaa3ad0748b4e7a36ac	git:c6154036880c87db69c880ba36a22087815b48b0:docs/superpowers/specs/2026-06-26-json-story-contract-design.md
docs/superpowers/specs/2026-06-26-synonym-ppmi-retrieval-design.md	preserve	retained design/behavior contract; not a current operating checklist	-	9f73f70693cb9d0c05d9291c5d3bfe51b95fc94c0880ccca5db5b546ddf106d0	git:c6154036880c87db69c880ba36a22087815b48b0:docs/superpowers/specs/2026-06-26-synonym-ppmi-retrieval-design.md
docs/superpowers/specs/2026-06-26-tfidf-retrieval-design.md	preserve	retained design/behavior contract; not a current operating checklist	-	f48033c44691bb218a896978c039d1fa89dcba4a3a6ff28af1bb2ca019b303f8	git:c6154036880c87db69c880ba36a22087815b48b0:docs/superpowers/specs/2026-06-26-tfidf-retrieval-design.md
docs/superpowers/specs/2026-06-26-tiered-tile-memory-design.md	preserve	retained design/behavior contract; not a current operating checklist	-	852b797bb8e21b6de23f08bb99af7ebe979ec0def1198c74018ad97c088d5009	git:c6154036880c87db69c880ba36a22087815b48b0:docs/superpowers/specs/2026-06-26-tiered-tile-memory-design.md
docs/superpowers/specs/2026-06-27-cce-training-api-maturity-design.md	preserve	retained design/behavior contract; not a current operating checklist	-	47801b12e51c9f1f662502bd79caf74cad364308a2c83d555c3548069ff3ddd6	git:c6154036880c87db69c880ba36a22087815b48b0:docs/superpowers/specs/2026-06-27-cce-training-api-maturity-design.md
docs/superpowers/specs/2026-06-27-consolidation-candidate-cap-design.md	preserve	retained design/behavior contract; not a current operating checklist	-	69b04dd75dc421dc9a31eb96cc10334b21865b17befb217d0331085438183685	git:c6154036880c87db69c880ba36a22087815b48b0:docs/superpowers/specs/2026-06-27-consolidation-candidate-cap-design.md
docs/superpowers/specs/2026-06-27-consolidation-candidate-pruning-design.md	preserve	retained design/behavior contract; not a current operating checklist	-	a103c39eacef79a5bf20aa09c010ca5820c49150444352afaf2aff4b1b7b561b	git:c6154036880c87db69c880ba36a22087815b48b0:docs/superpowers/specs/2026-06-27-consolidation-candidate-pruning-design.md
docs/superpowers/specs/2026-06-27-tile-inverted-index-design.md	preserve	retained design/behavior contract; not a current operating checklist	-	f1bc5233d4cf4acb1bf3ccc1b4772936acd0b8a2c1af2a3717d569879d14fbf7	git:c6154036880c87db69c880ba36a22087815b48b0:docs/superpowers/specs/2026-06-27-tile-inverted-index-design.md
docs/superpowers/specs/2026-06-27-tile-semantic-dedup-design.md	preserve	retained design/behavior contract; not a current operating checklist	-	ff8da21d75487331307b1c691a38333b01bc0b8b6b492e2bc76a190745599303	git:c6154036880c87db69c880ba36a22087815b48b0:docs/superpowers/specs/2026-06-27-tile-semantic-dedup-design.md
docs/superpowers/specs/2026-06-28-supra-qat-scope.md	preserve	retained design/behavior contract; not a current operating checklist	-	c9fc188ced1dc761e29d1ce0aa26269a27daf9daef4a0403bf1f2710edde8724	git:c6154036880c87db69c880ba36a22087815b48b0:docs/superpowers/specs/2026-06-28-supra-qat-scope.md
docs/superpowers/specs/2026-07-02-flagship-harness-design.md	preserve	retained design/behavior contract; not a current operating checklist	-	675fb8b51ba2355490ad0ba800f2754c36d8d583aae19cdb41b43755271011b5	git:c6154036880c87db69c880ba36a22087815b48b0:docs/superpowers/specs/2026-07-02-flagship-harness-design.md
docs/superpowers/specs/2026-07-02-gap-triggered-acquisition-loop-design.md	preserve	retained design/behavior contract; not a current operating checklist	-	7ba3ef81d9ed7756bd97aa8d7d30af3d4a2ab41fe19559933791af089b743c0b	git:c6154036880c87db69c880ba36a22087815b48b0:docs/superpowers/specs/2026-07-02-gap-triggered-acquisition-loop-design.md
docs/superpowers/specs/2026-07-02-unified-base-design.md	preserve	retained design/behavior contract; not a current operating checklist	-	6922b6c952c7ef1f050ac8aba08f333ee27beb433cc9d1f02997a296192c27b3	git:c6154036880c87db69c880ba36a22087815b48b0:docs/superpowers/specs/2026-07-02-unified-base-design.md
docs/superpowers/specs/2026-07-03-fuzzy-tier-flagship-design.md	preserve	retained design/behavior contract; not a current operating checklist	-	798f5393f61e3927c89597dabc4270aa313931f821d6e8c9af0c3c25eb6343be	git:c6154036880c87db69c880ba36a22087815b48b0:docs/superpowers/specs/2026-07-03-fuzzy-tier-flagship-design.md
docs/superpowers/specs/2026-07-03-gpu-forward-design.md	preserve	retained design/behavior contract; not a current operating checklist	-	5511b2b3b9bb70809f2919a8ac20868f89de4dc36d24c1f1df6a8572410c23df	git:c6154036880c87db69c880ba36a22087815b48b0:docs/superpowers/specs/2026-07-03-gpu-forward-design.md
docs/superpowers/specs/2026-07-03-model-merge-scope.md	preserve	retained design/behavior contract; not a current operating checklist	-	2ed0c7a1b03829d4a8229e454b2903aa3892421cf18b5c454522e7ba5d8fcb1b	git:c6154036880c87db69c880ba36a22087815b48b0:docs/superpowers/specs/2026-07-03-model-merge-scope.md
docs/superpowers/specs/2026-07-04-attn-geometry-design.md	preserve	retained design/behavior contract; not a current operating checklist	-	2457d446dfedaef0d2fdedccbc771ca9ef51585563012e1d961b34f9f8b1ed3f	git:c6154036880c87db69c880ba36a22087815b48b0:docs/superpowers/specs/2026-07-04-attn-geometry-design.md
docs/superpowers/specs/2026-07-04-dual-gpu-clgemm-design.md	preserve	retained design/behavior contract; not a current operating checklist	-	a1230af187a170cde9e12064253f56827b427a5a4ba7985d635501230fea5a4d	git:c6154036880c87db69c880ba36a22087815b48b0:docs/superpowers/specs/2026-07-04-dual-gpu-clgemm-design.md
docs/superpowers/specs/2026-07-04-oracle-ladder-design.md	preserve	retained design/behavior contract; not a current operating checklist	-	27ea5196530ae8808ea589ce22628126b26d220dce45f188d90f01aafa508b2c	git:c6154036880c87db69c880ba36a22087815b48b0:docs/superpowers/specs/2026-07-04-oracle-ladder-design.md
docs/superpowers/specs/2026-07-09-gemma4-forward-fix.md	preserve	retained design/behavior contract; not a current operating checklist	-	94c0fd809e988a8e44d9289d9809f9b001f697cd6a04ecb314acc486a4fde1d6	git:c6154036880c87db69c880ba36a22087815b48b0:docs/superpowers/specs/2026-07-09-gemma4-forward-fix.md
docs/superpowers/specs/2026-07-09-prefill-expert-conveyor-design.md	preserve	retained design/behavior contract; not a current operating checklist	-	aae4b625122491d01511efc02d552e7f497a24fe8dd24dd15972bb80ae9e556e	git:c6154036880c87db69c880ba36a22087815b48b0:docs/superpowers/specs/2026-07-09-prefill-expert-conveyor-design.md
docs/superpowers/specs/2026-07-10-dual-gpu-unified-inference.md	preserve	retained design/behavior contract; not a current operating checklist	-	635083e8c95b2a0da35a0b7fa2b92d9f231af9033ad1a89da1206392f48c7ca5	git:c6154036880c87db69c880ba36a22087815b48b0:docs/superpowers/specs/2026-07-10-dual-gpu-unified-inference.md
docs/superpowers/specs/2026-07-10-model-universal-residency.md	preserve	retained design/behavior contract; not a current operating checklist	-	55330db3d7b5ebe697ba3030f362ff29f3dee7c5b1e97c23a6bdd393ff3e3f00	git:c6154036880c87db69c880ba36a22087815b48b0:docs/superpowers/specs/2026-07-10-model-universal-residency.md
docs/superpowers/specs/2026-07-13-expert-streaming-arc.md	preserve	retained design/behavior contract; not a current operating checklist	-	7c29be3312b8659ac90a7c1a478711e62ee6939bbcc05b0b130b872ecde9676a	git:c6154036880c87db69c880ba36a22087815b48b0:docs/superpowers/specs/2026-07-13-expert-streaming-arc.md
docs/superpowers/specs/2026-07-14-qwythos-hybrid-forward-design.md	preserve	retained design/behavior contract; not a current operating checklist	-	de0ced69cb651b3bfcc61d9d773d43ed895bf99475319b9fe47961975f56c198	git:c6154036880c87db69c880ba36a22087815b48b0:docs/superpowers/specs/2026-07-14-qwythos-hybrid-forward-design.md
docs/superpowers/specs/2026-08-16-core-attribution-layer-design.md	preserve	retained design/behavior contract; not a current operating checklist	-	cf99968135e4c3261d7d202e94e4d6877eb3848f191c6e8a2b28d06a3e35fabf	git:c6154036880c87db69c880ba36a22087815b48b0:docs/superpowers/specs/2026-08-16-core-attribution-layer-design.md
docs/superpowers/specs/2026-08-16-mojo-kernel-bridge-design.md	preserve	retained design/behavior contract; not a current operating checklist	-	96667b58d89ccd1b658ae87d33e4cdff947bc18c8865a940cafa13dafc0d6edb	git:c6154036880c87db69c880ba36a22087815b48b0:docs/superpowers/specs/2026-08-16-mojo-kernel-bridge-design.md
docs/superpowers/specs/2026-08-16-qat-modern-block-design.md	preserve	retained design/behavior contract; not a current operating checklist	-	4a46263e7e151347b5a51266739e6125cdb89d071f14c7ab5ff13cb4090b0474	git:c6154036880c87db69c880ba36a22087815b48b0:docs/superpowers/specs/2026-08-16-qat-modern-block-design.md
docs/verified-today.generated.md	preserve	generated claim ledger; only regenerate through its gate	-	b73d3adcdd0c488f01fe7339473b98f666132ad6f80e53b8687529aea99bb359	git:c6154036880c87db69c880ba36a22087815b48b0:docs/verified-today.generated.md
dotnet/Cce.Llm/README.md	rewrite	current guide rewritten against source; original tutorial/evidence archived	dotnet/Cce.Llm/README.md	056d444ecd23f910ee80c4be932b00f4312bf9770550be0907307963ad63789f	attic/documentation-20260906.tar.gz:dotnet/Cce.Llm/README.md
dotnet/Cce/README.md	rewrite	current guide rewritten against source; original tutorial/evidence archived	dotnet/Cce/README.md	eeedd4efa46c33aca56e0d6585a88c1604a85e48cdaf2e1ebea4124a779358a4	attic/documentation-20260906.tar.gz:dotnet/Cce/README.md
dotnet/Llm/README.md	rewrite	current guide rewritten against source; original tutorial/evidence archived	dotnet/Llm/README.md	98d705c38515f8f6b0f69dbeba653ce6b7f8bd2c69326fa6f4d25e254575e3e2	attic/documentation-20260906.tar.gz:dotnet/Llm/README.md
dotnet/Llm/docs/AOT.md	rewrite	current guide rewritten against source; original tutorial/evidence archived	dotnet/Llm/docs/AOT.md	4eb6dff24ec9d2fae16c7822d4d122b9bebab0b7e6796ed8ecf98762beeb66c9	attic/documentation-20260906.tar.gz:dotnet/Llm/docs/AOT.md
dotnet/Llm/docs/ARCHITECTURE.md	rewrite	current guide rewritten against source; original tutorial/evidence archived	dotnet/Llm/docs/ARCHITECTURE.md	9b25e1c1f85dfc7e91f00b10499bbde0f4248aaf9030cd3656919b215f84bca0	attic/documentation-20260906.tar.gz:dotnet/Llm/docs/ARCHITECTURE.md
dotnet/Llm/docs/ATTENTION.md	rewrite	current guide rewritten against source; original tutorial/evidence archived	dotnet/Llm/docs/ATTENTION.md	b42a8dfbbd7a15ef0a2c5e887b6e879b7c94a752341d1de821a034f6721e1949	attic/documentation-20260906.tar.gz:dotnet/Llm/docs/ATTENTION.md
dotnet/Llm/docs/BENCHMARKS.md	rewrite	current guide rewritten against source; original tutorial/evidence archived	dotnet/Llm/docs/BENCHMARKS.md	3b0c290210e39b79db575a8c64047c2c02ab71098553bc59e23058ef825590f9	attic/documentation-20260906.tar.gz:dotnet/Llm/docs/BENCHMARKS.md
dotnet/Llm/docs/CONSTRAINED_DECODING.md	rewrite	current guide rewritten against source; original tutorial/evidence archived	dotnet/Llm/docs/CONSTRAINED_DECODING.md	552aba164b5a5e5585353dec8f2a54117fee70c4c235ae320e5e240147050aed	attic/documentation-20260906.tar.gz:dotnet/Llm/docs/CONSTRAINED_DECODING.md
dotnet/Llm/docs/CUDA.md	rewrite	current guide rewritten against source; original tutorial/evidence archived	dotnet/Llm/docs/CUDA.md	e68c3f542c62452b3710f45f00fb8aa12765bef916892ea4b393915720471a5f	attic/documentation-20260906.tar.gz:dotnet/Llm/docs/CUDA.md
dotnet/Llm/docs/DIAGNOSTICS.md	rewrite	current guide rewritten against source; original tutorial/evidence archived	dotnet/Llm/docs/DIAGNOSTICS.md	269bb80dba02b36b6af391d9e4be44c574877e5523dee292318729b497f02af8	attic/documentation-20260906.tar.gz:dotnet/Llm/docs/DIAGNOSTICS.md
dotnet/Llm/docs/GGUF_FORMAT.md	rewrite	current guide rewritten against source; original tutorial/evidence archived	dotnet/Llm/docs/GGUF_FORMAT.md	088e19f9f39f56d0ab245b75a2b93bfa49d0ae053fcf0bec19d14336159de988	attic/documentation-20260906.tar.gz:dotnet/Llm/docs/GGUF_FORMAT.md
dotnet/Llm/docs/GPU.md	rewrite	current guide rewritten against source; original tutorial/evidence archived	dotnet/Llm/docs/GPU.md	637c49b834ba4c037a28c27cbb46d7cfb2f1bb9890ae42d2c7df17c6d7af55f8	attic/documentation-20260906.tar.gz:dotnet/Llm/docs/GPU.md
dotnet/Llm/docs/KV_CACHE.md	rewrite	current guide rewritten against source; original tutorial/evidence archived	dotnet/Llm/docs/KV_CACHE.md	0462d1d02a79f0445ac130dceef0a4b0fdefa21e5ce861ea135cc69f644e1fcc	attic/documentation-20260906.tar.gz:dotnet/Llm/docs/KV_CACHE.md
dotnet/Llm/docs/LORA.md	rewrite	current guide rewritten against source; original tutorial/evidence archived	dotnet/Llm/docs/LORA.md	ab6b08ff89939618662bdda4c3ff6e1230e4cc78d387ca3e53299a846ab14a41	attic/documentation-20260906.tar.gz:dotnet/Llm/docs/LORA.md
dotnet/Llm/docs/MODEL_CONFIG.md	rewrite	current guide rewritten against source; original tutorial/evidence archived	dotnet/Llm/docs/MODEL_CONFIG.md	446e90eabacf9eb7ae4938edf5907b01df045ce93406101bdea2a648462d1d4e	attic/documentation-20260906.tar.gz:dotnet/Llm/docs/MODEL_CONFIG.md
dotnet/Llm/docs/MULTI_GPU.md	rewrite	current guide rewritten against source; original tutorial/evidence archived	dotnet/Llm/docs/MULTI_GPU.md	53906abc06fb18f3642e484e16b4b444e8f3ee9bf6351c1945bc2625ba6175da	attic/documentation-20260906.tar.gz:dotnet/Llm/docs/MULTI_GPU.md
dotnet/Llm/docs/POSITION_ENCODING.md	rewrite	current guide rewritten against source; original tutorial/evidence archived	dotnet/Llm/docs/POSITION_ENCODING.md	4d4e85802320bdbb24bd2dcb81b9cec6117fd747df204ba26b53aa55ab402e03	attic/documentation-20260906.tar.gz:dotnet/Llm/docs/POSITION_ENCODING.md
dotnet/Llm/docs/QUANTIZATION.md	rewrite	current guide rewritten against source; original tutorial/evidence archived	dotnet/Llm/docs/QUANTIZATION.md	35910936d051c3ee996a09186f2da407fd584e6f88887975751cab4699f5eab2	attic/documentation-20260906.tar.gz:dotnet/Llm/docs/QUANTIZATION.md
dotnet/Llm/docs/ROADMAP.md	rewrite	current guide rewritten against source; original tutorial/evidence archived	dotnet/Llm/docs/ROADMAP.md	eedf2e7b8bc7abf7bcb5ea1e147479862b2b7a7b0711fb1cbfa1b6fda96c3359	attic/documentation-20260906.tar.gz:dotnet/Llm/docs/ROADMAP.md
dotnet/Llm/docs/SAMPLING.md	rewrite	current guide rewritten against source; original tutorial/evidence archived	dotnet/Llm/docs/SAMPLING.md	e60bc951c01e50123d95136c3e6ab0daf581a9b8987020d0b17b6111a84b3bbb	attic/documentation-20260906.tar.gz:dotnet/Llm/docs/SAMPLING.md
dotnet/Llm/docs/SCHEDULING.md	rewrite	current guide rewritten against source; original tutorial/evidence archived	dotnet/Llm/docs/SCHEDULING.md	49ac31fd91a79993898d4b11487618831472f671e96bee65f69867d41682611b	attic/documentation-20260906.tar.gz:dotnet/Llm/docs/SCHEDULING.md
dotnet/Llm/docs/SERVER.md	rewrite	current guide rewritten against source; original tutorial/evidence archived	dotnet/Llm/docs/SERVER.md	82cb6e18b1a5b8e9881e5547189df63c90dd7999c0b109eee00dab743413edb1	attic/documentation-20260906.tar.gz:dotnet/Llm/docs/SERVER.md
dotnet/Llm/docs/SPECULATIVE.md	rewrite	current guide rewritten against source; original tutorial/evidence archived	dotnet/Llm/docs/SPECULATIVE.md	80aa5816cfc24780d2e064095cd0c30eabd4c047adf565dd419ffbf6cc724231	attic/documentation-20260906.tar.gz:dotnet/Llm/docs/SPECULATIVE.md
dotnet/Llm/docs/TELEMETRY.md	rewrite	current guide rewritten against source; original tutorial/evidence archived	dotnet/Llm/docs/TELEMETRY.md	278969ab6e5421426e186fb11ffd661257a8c6772143635e1fb9a10e7aab8329	attic/documentation-20260906.tar.gz:dotnet/Llm/docs/TELEMETRY.md
dotnet/Llm/docs/TOKENIZERS.md	rewrite	current guide rewritten against source; original tutorial/evidence archived	dotnet/Llm/docs/TOKENIZERS.md	696cb48219ad7f33b59459aab2a003c1da515f67702362538ef391b9db1c8acd	attic/documentation-20260906.tar.gz:dotnet/Llm/docs/TOKENIZERS.md
dotnet/Llm/docs/TOOL_CALLING.md	rewrite	current guide rewritten against source; original tutorial/evidence archived	dotnet/Llm/docs/TOOL_CALLING.md	e76bdad0171654980f07c039280d72b56dcfcaf050f760eaa3c1dad69d321bd1	attic/documentation-20260906.tar.gz:dotnet/Llm/docs/TOOL_CALLING.md
dotnet/Llm/docs/WARMUP.md	rewrite	current guide rewritten against source; original tutorial/evidence archived	dotnet/Llm/docs/WARMUP.md	f35bd86f7d848df186b5338cc6a2e5391e2585a30a134edcefee496c558109f0	attic/documentation-20260906.tar.gz:dotnet/Llm/docs/WARMUP.md
dotnet/Llm/docs/review.md	rewrite	current guide rewritten against source; original tutorial/evidence archived	dotnet/Llm/docs/review.md	d08733e0116663b6fdccbfa01d66b37f689cd502f0d8f5910fb6cc2327c441c4	attic/documentation-20260906.tar.gz:dotnet/Llm/docs/review.md
dotnet/Llm/src/CNET.Llm.Cpu/Kernels/RoPE.md	rewrite	current guide rewritten against source; original tutorial/evidence archived	dotnet/Llm/src/CNET.Llm.Cpu/Kernels/RoPE.md	c100f915d46da95e489754227d9589ec194f30f05405a637c35f032b9d08715c	attic/documentation-20260906.tar.gz:dotnet/Llm/src/CNET.Llm.Cpu/Kernels/RoPE.md
dotnet/Llm/src/CNET.Llm.Tokenizers/Bpe/Gpt2TiktokenEncoding.md	rewrite	current guide rewritten against source; original tutorial/evidence archived	dotnet/Llm/src/CNET.Llm.Tokenizers/Bpe/Gpt2TiktokenEncoding.md	59c8dff8191514d5b85cbaf145cf65254014084775e0fed549193f9484471165	attic/documentation-20260906.tar.gz:dotnet/Llm/src/CNET.Llm.Tokenizers/Bpe/Gpt2TiktokenEncoding.md
dotnet/Llm/src/CNET.Llm.Tokenizers/Bpe/SentencePieceEncoding.md	rewrite	current guide rewritten against source; original tutorial/evidence archived	dotnet/Llm/src/CNET.Llm.Tokenizers/Bpe/SentencePieceEncoding.md	6caf764237c362058303de43a57f740d3d208fb3b02983d4f8ef89caa0f0a35b	attic/documentation-20260906.tar.gz:dotnet/Llm/src/CNET.Llm.Tokenizers/Bpe/SentencePieceEncoding.md
english_window_1024_qwythos.candidates.txt	preserve	model/test/corpus input or provenance output; explicit and derived consumers retained	-	0751445c0c9d7aaa50354c97e1a1ab204f193111c87fb7c7c1e8bec15479f677	git:c6154036880c87db69c880ba36a22087815b48b0:english_window_1024_qwythos.candidates.txt
english_window_1024_qwythos.candidates.txt.words.txt	preserve	model/test/corpus input or provenance output; explicit and derived consumers retained	-	ce26ee04dbe7e7cf76dab0fe0130dbabeafd52d223fb1047361cfa8dc3d083b8	git:c6154036880c87db69c880ba36a22087815b48b0:english_window_1024_qwythos.candidates.txt.words.txt
english_window_256.txt	preserve	model/test/corpus input or provenance output; explicit and derived consumers retained	-	a1f590a180c57130d95a69a04b153fa5a230596fdb783a9b663d2b1698081259	git:c6154036880c87db69c880ba36a22087815b48b0:english_window_256.txt
english_window_256.words.txt	preserve	model/test/corpus input or provenance output; explicit and derived consumers retained	-	a570685275c8df1780a21fe4a476808c8659105d4c0ee86111cb4ff984612990	git:c6154036880c87db69c880ba36a22087815b48b0:english_window_256.words.txt
english_window_256_bonsai.txt	preserve	model/test/corpus input or provenance output; explicit and derived consumers retained	-	e334ceca6c6cd34f771a64fff467def9bae4b9ddc66e399c121be524a6cd162c	git:c6154036880c87db69c880ba36a22087815b48b0:english_window_256_bonsai.txt
english_window_256_bonsai_v2.txt	preserve	model/test/corpus input or provenance output; explicit and derived consumers retained	-	f075f7700e1ff0c66c9dfcea912fa6660a51eb452359a2c8589f40be1769adc3	git:c6154036880c87db69c880ba36a22087815b48b0:english_window_256_bonsai_v2.txt
english_window_256_bonsai_v2.words.txt	preserve	model/test/corpus input or provenance output; explicit and derived consumers retained	-	bb91e7882694c3fa1f00f855daa8096be21c51a9df878c73b115a41ad3d3bf4b	git:c6154036880c87db69c880ba36a22087815b48b0:english_window_256_bonsai_v2.words.txt
english_window_256_bonsai_v3.txt	preserve	model/test/corpus input or provenance output; explicit and derived consumers retained	-	3b3008679c085509aec06f123b0ceeb4723a94cf68d9d88ae008b7f665749b31	git:c6154036880c87db69c880ba36a22087815b48b0:english_window_256_bonsai_v3.txt
english_window_256_bonsai_v3.words.txt	preserve	model/test/corpus input or provenance output; explicit and derived consumers retained	-	fcc9e6e731b1eb40d56adc4efe9bd5df1d14556da846f5ae79cd8a9788f092f5	git:c6154036880c87db69c880ba36a22087815b48b0:english_window_256_bonsai_v3.words.txt
english_window_256_bonsai_v4.txt	preserve	model/test/corpus input or provenance output; explicit and derived consumers retained	-	2cdc0d7f19d4b72dfe01fc1e2506333205141d704ca20a9b034da631df798b2a	git:c6154036880c87db69c880ba36a22087815b48b0:english_window_256_bonsai_v4.txt
english_window_256_bonsai_v4.words.txt	preserve	model/test/corpus input or provenance output; explicit and derived consumers retained	-	66cfedce960040456d978a61e1607fedcdf7daf324eb7542f76be942847448d5	git:c6154036880c87db69c880ba36a22087815b48b0:english_window_256_bonsai_v4.words.txt
english_window_256_bonsai_v5.txt	preserve	model/test/corpus input or provenance output; explicit and derived consumers retained	-	46f28cb1d432e42c676080a8f798d7f53d58b3cdf6a0f7448957a37cdb7e4a11	git:c6154036880c87db69c880ba36a22087815b48b0:english_window_256_bonsai_v5.txt
english_window_256_bonsai_v5.words.txt	preserve	model/test/corpus input or provenance output; explicit and derived consumers retained	-	423df148aa4506279865378878f6c314720ebba2031e1cd4eb2d7fc79e9e7b16	git:c6154036880c87db69c880ba36a22087815b48b0:english_window_256_bonsai_v5.words.txt
english_window_256_qwen25.txt	preserve	model/test/corpus input or provenance output; explicit and derived consumers retained	-	e334ceca6c6cd34f771a64fff467def9bae4b9ddc66e399c121be524a6cd162c	git:c6154036880c87db69c880ba36a22087815b48b0:english_window_256_qwen25.txt
english_window_256_qwythos.txt	preserve	model/test/corpus input or provenance output; explicit and derived consumers retained	-	8a150c3fab7c4a9bbbce8828f9a26aecbccb21cc7f5059a1b29a3d7270cce85e	git:c6154036880c87db69c880ba36a22087815b48b0:english_window_256_qwythos.txt
english_window_256_rev.txt	preserve	model/test/corpus input or provenance output; explicit and derived consumers retained	-	7d2e1846055ccd7ae1c874d71a9f2250065c5a8a4952c83e9aba02aacf7c1361	git:c6154036880c87db69c880ba36a22087815b48b0:english_window_256_rev.txt
english_window_256_rev.words.txt	preserve	model/test/corpus input or provenance output; explicit and derived consumers retained	-	1bec9245fe4b71576b95570c4afcbb58757ded11b42281626ab0c14924c4f2e9	git:c6154036880c87db69c880ba36a22087815b48b0:english_window_256_rev.words.txt
experiments/offline_controller/INVESTIGATION.md	preserve	dated/frozen evidence or negative result; preserve exact record	-	3e6f9b29c701c7d7e335c8bc578b1f4ef78c28279d6aeedf052e953dce3bd5d8	git:c6154036880c87db69c880ba36a22087815b48b0:experiments/offline_controller/INVESTIGATION.md
experiments/offline_controller/README.md	rewrite	current guide rewritten against source; original tutorial/evidence archived	experiments/offline_controller/README.md	c63b42dfb16e6b505d44fc0bd46cfa9ffbd6d66a11811adf7ebd939fe52148ef	attic/documentation-20260906.tar.gz:experiments/offline_controller/README.md
goldens_gemma4v2.int8.txt	preserve	model/test/corpus input or provenance output; explicit and derived consumers retained	-	8da92270375c2285354dd8ce8f36887e90289074d1406dda14d97e7c31121f3e	git:c6154036880c87db69c880ba36a22087815b48b0:goldens_gemma4v2.int8.txt
goldens_gemma4v2.txt	preserve	model/test/corpus input or provenance output; explicit and derived consumers retained	-	3dbfeabd561982701038bb830e311f26369869c734b70be72beb65776a031b9b	git:c6154036880c87db69c880ba36a22087815b48b0:goldens_gemma4v2.txt
goldens_qwythos.int8.txt	preserve	model/test/corpus input or provenance output; explicit and derived consumers retained	-	645264ba57f7db4b313cd02a25c70a778ca80ab866a2414b282258d80ae6731f	git:c6154036880c87db69c880ba36a22087815b48b0:goldens_qwythos.int8.txt
goldens_qwythos.txt	preserve	model/test/corpus input or provenance output; explicit and derived consumers retained	-	645264ba57f7db4b313cd02a25c70a778ca80ab866a2414b282258d80ae6731f	git:c6154036880c87db69c880ba36a22087815b48b0:goldens_qwythos.txt
hex_char_contract.txt	preserve	model/test/corpus input or provenance output; explicit and derived consumers retained	-	2e97b681279db81ecaae0ad9f72eb9ea30c294619d4194fa631dcb8540ccadd9	git:c6154036880c87db69c880ba36a22087815b48b0:hex_char_contract.txt
hex_char_weights.txt	preserve	model/test/corpus input or provenance output; explicit and derived consumers retained	-	ffc52d7395bcefb7e61be0c1ffa41f134d6ef5a0932866e8afff95106f810626	git:c6154036880c87db69c880ba36a22087815b48b0:hex_char_weights.txt
hex_value_contract.txt	preserve	model/test/corpus input or provenance output; explicit and derived consumers retained	-	a9dff068402e6cc636cabeae5e3815acd958bcb36bb050a63dd6190c03012be8	git:c6154036880c87db69c880ba36a22087815b48b0:hex_value_contract.txt
hex_value_weights.txt	preserve	model/test/corpus input or provenance output; explicit and derived consumers retained	-	ff6823f92755bb75b873369c1ab1aba59e1c72af3dd50afb4c22074810ff7d0c	git:c6154036880c87db69c880ba36a22087815b48b0:hex_value_weights.txt
increment_contract.txt	preserve	model/test/corpus input or provenance output; explicit and derived consumers retained	-	fc2c8f09323414986e0e739c25a4c1bb23ba1e1623954375d85253a4db2c789d	git:c6154036880c87db69c880ba36a22087815b48b0:increment_contract.txt
increment_weights.txt	preserve	model/test/corpus input or provenance output; explicit and derived consumers retained	-	5d0052fa9e840bda26cc092d655705826f58e4973b24c05c68662132ebf6baed	git:c6154036880c87db69c880ba36a22087815b48b0:increment_weights.txt
layer_idea_conversation.txt	retire	unreferenced speculative transcript with withdrawn claims	docs/ARCHITECTURE.md	926cc1a7be4579f446e0bf13b811d0ab2fa8a048cdf40c2caf1886a78eead1ee	attic/documentation-20260906.tar.gz:layer_idea_conversation.txt
mcp_servers/unlimited-ocr/README.md	rewrite	current guide rewritten against source; original tutorial/evidence archived	mcp_servers/unlimited-ocr/README.md	ea741418fdd9f8ab3fdb8dcfb718ecf4f5349efabde2eaae94db557407703fb5	attic/documentation-20260906.tar.gz:mcp_servers/unlimited-ocr/README.md
mk/README.md	rewrite	current guide rewritten against source; original tutorial/evidence archived	mk/README.md	20eee3b1b89b7ee5ed41893446ac9b3ff9b3df25abcc2f0c3f0de86d5a2eab4e	attic/documentation-20260906.tar.gz:mk/README.md
mk/makefile_budget.txt	preserve	build input; not prose	-	f6634da7e9dea51033acbfea468d1008bdd6220317a03784147e194309916db7	git:c6154036880c87db69c880ba36a22087815b48b0:mk/makefile_budget.txt
nibble_weights.txt	preserve	model/test/corpus input or provenance output; explicit and derived consumers retained	-	b5024d28750bbeb367139cdfd7da47639218ffdc45a58429ce09e538a7bd1261	git:c6154036880c87db69c880ba36a22087815b48b0:nibble_weights.txt
packaging/CNET-Minimal/INSTALL.md	rewrite	current guide rewritten against source; original tutorial/evidence archived	packaging/CNET-Minimal/INSTALL.md	285ed9f31b9165df7b9be2b6db5f7668c2f84a2efbe9931368e5563603b0205c	attic/documentation-20260906.tar.gz:packaging/CNET-Minimal/INSTALL.md
packs/pack_english_basic/MANIFEST.txt	preserve	runtime policy/prompt/pack data; preserve consumers	-	7d4e0d121474aeb52302c24ac834c1a4f3195e34c14750b526034b6b0630aef8	git:c6154036880c87db69c880ba36a22087815b48b0:packs/pack_english_basic/MANIFEST.txt
packs/pack_english_basic/queries_train.txt	preserve	runtime policy/prompt/pack data; preserve consumers	-	ff22c012becd32d56c3d0ebacd21d37636ae2ff3a5e060b831e98934a5a90aa9	git:c6154036880c87db69c880ba36a22087815b48b0:packs/pack_english_basic/queries_train.txt
packs/pack_english_basic/taxonomy.txt	preserve	runtime policy/prompt/pack data; preserve consumers	-	5c528076c56e7ae0427104f28844b1728851b0dccad780eca5a204c9dbdb148a	git:c6154036880c87db69c880ba36a22087815b48b0:packs/pack_english_basic/taxonomy.txt
packs/pack_speech_io/MANIFEST.txt	preserve	runtime policy/prompt/pack data; preserve consumers	-	2b01bc8ff7eb7a858521cff0352043d2b903ccc20894c796d3e58c9db5a8c56c	git:c6154036880c87db69c880ba36a22087815b48b0:packs/pack_speech_io/MANIFEST.txt
packs/pack_speech_io/queries_train.txt	preserve	runtime policy/prompt/pack data; preserve consumers	-	9fd8d96911e97fec062272b98236ff8b1c5460f0991791c895305b61ed1688f0	git:c6154036880c87db69c880ba36a22087815b48b0:packs/pack_speech_io/queries_train.txt
packs/pack_speech_io/taxonomy.txt	preserve	runtime policy/prompt/pack data; preserve consumers	-	9d188c4e2ecb893ebd090c3685217835960fca06e5abdf1f15391a4eee64d5f6	git:c6154036880c87db69c880ba36a22087815b48b0:packs/pack_speech_io/taxonomy.txt
pdf_corpus.txt	preserve	model/test/corpus input or provenance output; explicit and derived consumers retained	-	6658975268fc1e2bce106dd499fd26401c38ec71dcc8deb05745920b94849a4a	git:c6154036880c87db69c880ba36a22087815b48b0:pdf_corpus.txt
plans/2026-07-18-19-commit-audit.md	preserve	retained decision, evidence or open-scope contract; current queue is tasks/todo.md	-	2582a1e89e6028eaed536f7d8df26ce20fd1f9b0602ec5a519910f9d1894444c	git:c6154036880c87db69c880ba36a22087815b48b0:plans/2026-07-18-19-commit-audit.md
plans/AGENT_PARTITION_OPUS5_AMD_TRAINING_20260728.md	preserve	retained decision, evidence or open-scope contract; current queue is tasks/todo.md	-	9d2d83c86fa46de9174fac49b868ba201c77aa8bfd09065f3cfda814b36d9731	git:c6154036880c87db69c880ba36a22087815b48b0:plans/AGENT_PARTITION_OPUS5_AMD_TRAINING_20260728.md
plans/AGENT_PARTITION_OPUS5_GFX1201_KERNEL_REPAIR_20260728.md	preserve	retained decision, evidence or open-scope contract; current queue is tasks/todo.md	-	d9fed9003d7cd65476a7e512acb8f36547e29d9b1ba85e8ac555c188fb57c0ab	git:c6154036880c87db69c880ba36a22087815b48b0:plans/AGENT_PARTITION_OPUS5_GFX1201_KERNEL_REPAIR_20260728.md
plans/AGENT_PARTITION_cognitive_runtime.md	preserve	retained decision, evidence or open-scope contract; current queue is tasks/todo.md	-	650d12f163dd68affff3e052d20e6b99484c68518863ea10815e4d328e901d5a	git:c6154036880c87db69c880ba36a22087815b48b0:plans/AGENT_PARTITION_cognitive_runtime.md
plans/agent_roles.md	preserve	retained decision, evidence or open-scope contract; current queue is tasks/todo.md	-	e6a1b8e45c5855604a5ee52375d0ad56643234c090720eb0b0215a4ab6e95a8c	git:c6154036880c87db69c880ba36a22087815b48b0:plans/agent_roles.md
plans/amd_gpu_backend.md	preserve	retained decision, evidence or open-scope contract; current queue is tasks/todo.md	-	023809cdac89208e9ac98db206b8e6bb5ca9434b0ba09bac686b20a39549e73a	git:c6154036880c87db69c880ba36a22087815b48b0:plans/amd_gpu_backend.md
plans/amd_r9700_training_research_20260728.md	preserve	retained decision, evidence or open-scope contract; current queue is tasks/todo.md	-	a2e5e33892b91d929f50ccd02bcd43796d57a0299267722b35426e67d627b414	git:c6154036880c87db69c880ba36a22087815b48b0:plans/amd_r9700_training_research_20260728.md
plans/auto_learn_hermes.md	preserve	retained decision, evidence or open-scope contract; current queue is tasks/todo.md	-	b3ac7dec8f5532b8f5fb4c73de3b1ff50fafa8f49112ac10c58e1e7b4d06d5e3	git:c6154036880c87db69c880ba36a22087815b48b0:plans/auto_learn_hermes.md
plans/bonsai_cnet_integration_20260725.md	preserve	retained decision, evidence or open-scope contract; current queue is tasks/todo.md	-	1b391664be7a480b80bdbf2ccb5b0d69658f351c3255eb47e4c7dec77000c01d	git:c6154036880c87db69c880ba36a22087815b48b0:plans/bonsai_cnet_integration_20260725.md
plans/bounded_gpu_offload.md	preserve	retained decision, evidence or open-scope contract; current queue is tasks/todo.md	-	5fc407d9ff5689c89fb042126d5f02ca4403bd1a3d8c5a08c2eadebe28a8df5e	git:c6154036880c87db69c880ba36a22087815b48b0:plans/bounded_gpu_offload.md
plans/campaign_bench_results.md	preserve	retained decision, evidence or open-scope contract; current queue is tasks/todo.md	-	6c492a09791045f9db7bd630acbb34752d12002580a3c9f729a20623c20cabab	git:c6154036880c87db69c880ba36a22087815b48b0:plans/campaign_bench_results.md
plans/cnet_5_1_1_integrity_closure.md	preserve	retained decision, evidence or open-scope contract; current queue is tasks/todo.md	-	f64f8b588fdb332790a097aa35a8106b79ff4096bacc52dd5f614cd3bf6bce7d	git:c6154036880c87db69c880ba36a22087815b48b0:plans/cnet_5_1_1_integrity_closure.md
plans/cnet_7b_competition_20260813.md	preserve	retained decision, evidence or open-scope contract; current queue is tasks/todo.md	-	4a7e2859478b36b800bb117a76a8ef766744882bb22e596317ed70c27f563646	git:c6154036880c87db69c880ba36a22087815b48b0:plans/cnet_7b_competition_20260813.md
plans/cnet_7b_competition_v2_20260813.md	preserve	retained decision, evidence or open-scope contract; current queue is tasks/todo.md	-	8e10d3ef3101d4822c1064f1f50d90ba86cbed8fcc0e955891c6af7d82131741	git:c6154036880c87db69c880ba36a22087815b48b0:plans/cnet_7b_competition_v2_20260813.md
plans/cnet_7b_competition_v3_20260813.md	preserve	retained decision, evidence or open-scope contract; current queue is tasks/todo.md	-	ecbec92b283a6b69e42f72fee202ff84569985b664162212860601eddb94d2b6	git:c6154036880c87db69c880ba36a22087815b48b0:plans/cnet_7b_competition_v3_20260813.md
plans/cnet_7b_competition_v4_results_20260814.md	preserve	retained decision, evidence or open-scope contract; current queue is tasks/todo.md	-	3eef3fe5ae3160d5db2363404366b9e389023759176b613f26f04ddd836e1c46	git:c6154036880c87db69c880ba36a22087815b48b0:plans/cnet_7b_competition_v4_results_20260814.md
plans/cnet_7b_competition_v5_20260814.md	preserve	retained decision, evidence or open-scope contract; current queue is tasks/todo.md	-	32a4081c024bcc31d8a8a9d146ccedad675fd49ec5ef5e3ab835ec63b08648c9	git:c6154036880c87db69c880ba36a22087815b48b0:plans/cnet_7b_competition_v5_20260814.md
plans/cnet_7b_competition_v5_results_20260814.md	preserve	retained decision, evidence or open-scope contract; current queue is tasks/todo.md	-	0e17c4b487644e1bd71d7c063e26a4fbe6ccded6e70481990335d53c21a31deb	git:c6154036880c87db69c880ba36a22087815b48b0:plans/cnet_7b_competition_v5_results_20260814.md
plans/cnet_a_grade.md	preserve	retained decision, evidence or open-scope contract; current queue is tasks/todo.md	-	346a11117dee6568dac77ae7aae9a5cbb2ace6aee8d768e365fef22706913c4c	git:c6154036880c87db69c880ba36a22087815b48b0:plans/cnet_a_grade.md
plans/cnet_af_depth.md	preserve	retained decision, evidence or open-scope contract; current queue is tasks/todo.md	-	c7b8c59a6bb9b2cc2ede772b54ce15e212aaca81591a14aca064a9ab64bd7e8c	git:c6154036880c87db69c880ba36a22087815b48b0:plans/cnet_af_depth.md
plans/cnet_agi_scenario.md	preserve	retained decision, evidence or open-scope contract; current queue is tasks/todo.md	-	c850d185d3a986cbd4a05f8080c0acab2e8d6687f8a73f8155c4f0998958c5d1	git:c6154036880c87db69c880ba36a22087815b48b0:plans/cnet_agi_scenario.md
plans/cnet_agi_scenario2.md	preserve	retained decision, evidence or open-scope contract; current queue is tasks/todo.md	-	697f5f517206d4a03b3b9b59fc5baa3f66011de144f9a92efba7360120492530	git:c6154036880c87db69c880ba36a22087815b48b0:plans/cnet_agi_scenario2.md
plans/cnet_agi_scenario3.md	preserve	retained decision, evidence or open-scope contract; current queue is tasks/todo.md	-	5fa56aefa66ebc142927f3389516cab7d2fcae461177e40be262b81f59581c56	git:c6154036880c87db69c880ba36a22087815b48b0:plans/cnet_agi_scenario3.md
plans/cnet_aicimo_harness.md	preserve	retained decision, evidence or open-scope contract; current queue is tasks/todo.md	-	33c4905c895da50e3c77002de14f7289d0a44a65c2c7df8c60b9bab669ad1bba	git:c6154036880c87db69c880ba36a22087815b48b0:plans/cnet_aicimo_harness.md
plans/cnet_asi5_v5_handoff.md	retire	superseded competition queue/handoff; frozen protocol and completed v5 result retained	plans/cnet_7b_competition_v5_results_20260814.md	c7c25896be4c9d076450b35817b3f4014c22dd961c4095cb757bab8c6c49d988	attic/documentation-20260906.tar.gz:plans/cnet_asi5_v5_handoff.md
plans/cnet_asi_chat1_goal.md	preserve	retained decision, evidence or open-scope contract; current queue is tasks/todo.md	-	6bdcc1fb4aec0ae53570cc04cffe46e22c3a851aab70dc9a031020dd47f992a8	git:c6154036880c87db69c880ba36a22087815b48b0:plans/cnet_asi_chat1_goal.md
plans/cnet_authority_and_growth_20260905.md	preserve	retained decision, evidence or open-scope contract; current queue is tasks/todo.md	-	4dc93b7175ac563b74cd85a8ca67fce8288fe8e14716a00689b89bbed367626c	git:c6154036880c87db69c880ba36a22087815b48b0:plans/cnet_authority_and_growth_20260905.md
plans/cnet_brain_mirror.md	preserve	retained decision, evidence or open-scope contract; current queue is tasks/todo.md	-	c89baad27bfbab07129c83b12dd037d35d3201f0789be6bca5398500733780d6	git:c6154036880c87db69c880ba36a22087815b48b0:plans/cnet_brain_mirror.md
plans/cnet_c_speak_wrap.md	preserve	retained decision, evidence or open-scope contract; current queue is tasks/todo.md	-	f76c14bf7bba24bc06ae3a8fef9d92aafd9784cc6350d73cd5e474893ebcf6a8	git:c6154036880c87db69c880ba36a22087815b48b0:plans/cnet_c_speak_wrap.md
plans/cnet_capsule_capacity_4096_20260906.md	preserve	retained decision, evidence or open-scope contract; current queue is tasks/todo.md	-	a08b3c37396085f11a603e9eeb0ff7403fb60995ba12f7453dcf2b2eb30e6b73	git:c6154036880c87db69c880ba36a22087815b48b0:plans/cnet_capsule_capacity_4096_20260906.md
plans/cnet_capsule_hot_swap_20260906.md	preserve	retained decision, evidence or open-scope contract; current queue is tasks/todo.md	-	d7361e4dcbefe2bb911cb9eb2f3f5e3046ab82a68a3e6c3e39247d2c9d76c814	git:c6154036880c87db69c880ba36a22087815b48b0:plans/cnet_capsule_hot_swap_20260906.md
plans/cnet_capsule_loop.md	preserve	retained decision, evidence or open-scope contract; current queue is tasks/todo.md	-	3646c792b95067b6cff83e58723e98c12e8fa7840540159122837e5e135e25ce	git:c6154036880c87db69c880ba36a22087815b48b0:plans/cnet_capsule_loop.md
plans/cnet_capsule_swap_law.md	preserve	retained decision, evidence or open-scope contract; current queue is tasks/todo.md	-	57895bb0fe1f6e334d7bf71b27be778e8473457536cfb565f895d4058d629d81	git:c6154036880c87db69c880ba36a22087815b48b0:plans/cnet_capsule_swap_law.md
plans/cnet_cert_learn_20260725.md	preserve	retained decision, evidence or open-scope contract; current queue is tasks/todo.md	-	564edc7fc24e559b4bc2be1bf33494413d8be62d2690f8beeee7599ce837247f	git:c6154036880c87db69c880ba36a22087815b48b0:plans/cnet_cert_learn_20260725.md
plans/cnet_certified_composition_20260727.md	preserve	retained decision, evidence or open-scope contract; current queue is tasks/todo.md	-	0833a19765305398ca08b5281f75058d20adf7a25ea434179bbcd7991330c53e	git:c6154036880c87db69c880ba36a22087815b48b0:plans/cnet_certified_composition_20260727.md
plans/cnet_chat1_results_20260814.md	preserve	retained decision, evidence or open-scope contract; current queue is tasks/todo.md	-	ba55b2becf7c800ef1be75399b26d8af2a76970cf65cdc39ea5c5fd5e1a49e03	git:c6154036880c87db69c880ba36a22087815b48b0:plans/cnet_chat1_results_20260814.md
plans/cnet_composed_acquisition_20260906.md	preserve	retained decision, evidence or open-scope contract; current queue is tasks/todo.md	-	b017374c73fb5acda35381f05d895b4565ba554514bc67cf9e8f8c59b827342c	git:c6154036880c87db69c880ba36a22087815b48b0:plans/cnet_composed_acquisition_20260906.md
plans/cnet_controller_investigation_20260906.md	preserve	retained decision, evidence or open-scope contract; current queue is tasks/todo.md	-	f2191ac5bf1fb2ee5d82f127c3e05d93561bf99513ba8ea1af6e7beaab87363b	git:c6154036880c87db69c880ba36a22087815b48b0:plans/cnet_controller_investigation_20260906.md
plans/cnet_core_bus.md	preserve	retained decision, evidence or open-scope contract; current queue is tasks/todo.md	-	4e8dfab475660087009c39aa43a4f64065e5205c6e41c616940397bc0908df22	git:c6154036880c87db69c880ba36a22087815b48b0:plans/cnet_core_bus.md
plans/cnet_core_four_paths.md	preserve	retained decision, evidence or open-scope contract; current queue is tasks/todo.md	-	d7af958289b535e4ee10400ee235df3970b5c2ffd9a4d674a87c02cd4457eb4a	git:c6154036880c87db69c880ba36a22087815b48b0:plans/cnet_core_four_paths.md
plans/cnet_core_switch_wire.md	preserve	retained decision, evidence or open-scope contract; current queue is tasks/todo.md	-	bb4e747fbb4df52dfed87b0a2902a1728fbca3dd6ae7800d1aee0a194d93ff1a	git:c6154036880c87db69c880ba36a22087815b48b0:plans/cnet_core_switch_wire.md
plans/cnet_crc_intent_recover_20260815.md	preserve	retained decision, evidence or open-scope contract; current queue is tasks/todo.md	-	5d3b9ce2d17afb3c1b0abc929bc8da853fe30ae05d9b0562b5a65b9dd12137c9	git:c6154036880c87db69c880ba36a22087815b48b0:plans/cnet_crc_intent_recover_20260815.md
plans/cnet_dc_egraph_sleep.md	preserve	retained decision, evidence or open-scope contract; current queue is tasks/todo.md	-	9bdc6d1270fa249054e112e6066fca7bd7cc0575eaf23e2c724175cd863c09fe	git:c6154036880c87db69c880ba36a22087815b48b0:plans/cnet_dc_egraph_sleep.md
plans/cnet_dc_invent.md	preserve	retained decision, evidence or open-scope contract; current queue is tasks/todo.md	-	b8870c90e0dc3e63c8da6c02277042c842c92945b02741c177471fbb535d9322	git:c6154036880c87db69c880ba36a22087815b48b0:plans/cnet_dc_invent.md
plans/cnet_dc_type_core.md	preserve	retained decision, evidence or open-scope contract; current queue is tasks/todo.md	-	02cd87de8e95aa914ef7fe4ec9b8fedc87e11fef8445567ea0fe8474a90b08f3	git:c6154036880c87db69c880ba36a22087815b48b0:plans/cnet_dc_type_core.md
plans/cnet_demand_growth_20260905.md	preserve	retained decision, evidence or open-scope contract; current queue is tasks/todo.md	-	f7165ceca75f793a4bb3802cb6a210811fc229949213883479cd1c8f8255ccd7	git:c6154036880c87db69c880ba36a22087815b48b0:plans/cnet_demand_growth_20260905.md
plans/cnet_distrust_loop.md	preserve	retained decision, evidence or open-scope contract; current queue is tasks/todo.md	-	ce310a8120b6af2823f7c1bf790eaf617fd3c3ffcaabab6b5864b10f3f387df8	git:c6154036880c87db69c880ba36a22087815b48b0:plans/cnet_distrust_loop.md
plans/cnet_ember.md	preserve	retained decision, evidence or open-scope contract; current queue is tasks/todo.md	-	4a146a5695dce879af60eaa7005132ac03042ec82cf4ba446b44c144f9e0e29d	git:c6154036880c87db69c880ba36a22087815b48b0:plans/cnet_ember.md
plans/cnet_evolve_direction.md	preserve	retained decision, evidence or open-scope contract; current queue is tasks/todo.md	-	6ee2adcdf6c5ac470f2a380792427355d8289ae553d21f7775e703991cf2ece3	git:c6154036880c87db69c880ba36a22087815b48b0:plans/cnet_evolve_direction.md
plans/cnet_governor.md	preserve	retained decision, evidence or open-scope contract; current queue is tasks/todo.md	-	a54fe12b0ffa223ea62bbfbf1680f06de90537952f2c2144f73cb5e1e2d15db5	git:c6154036880c87db69c880ba36a22087815b48b0:plans/cnet_governor.md
plans/cnet_gpu_candidate_product_sequence_20260906.md	preserve	retained decision, evidence or open-scope contract; current queue is tasks/todo.md	-	704d1dea6d767315339b0fdf3acf8b3bd1c197e44312e79e1a6d0d735a282a6c	git:c6154036880c87db69c880ba36a22087815b48b0:plans/cnet_gpu_candidate_product_sequence_20260906.md
plans/cnet_gpu_product_execution_20260906.md	preserve	retained decision, evidence or open-scope contract; current queue is tasks/todo.md	-	653713bcf4a56de522ad60ef6da8308ae3c5036bc5de81769f64f838df4d7056	git:c6154036880c87db69c880ba36a22087815b48b0:plans/cnet_gpu_product_execution_20260906.md
plans/cnet_grade_up.md	preserve	retained decision, evidence or open-scope contract; current queue is tasks/todo.md	-	01b4e15644aefd4b9f22e56aea7bca3ea22b2460f27adc59d34b80b74ea31817	git:c6154036880c87db69c880ba36a22087815b48b0:plans/cnet_grade_up.md
plans/cnet_grok_guide.md	preserve	retained decision, evidence or open-scope contract; current queue is tasks/todo.md	-	51de67d943a217c7aaceaf258703909692dca015a51d3886b93f1c40440705d6	git:c6154036880c87db69c880ba36a22087815b48b0:plans/cnet_grok_guide.md
plans/cnet_grow_lobe.md	preserve	retained decision, evidence or open-scope contract; current queue is tasks/todo.md	-	1ab54e0234c6f9e6e9cf1d5c390ef7029c22f0eca412a8723337757a0ba42673	git:c6154036880c87db69c880ba36a22087815b48b0:plans/cnet_grow_lobe.md
plans/cnet_hemisphere.md	preserve	retained decision, evidence or open-scope contract; current queue is tasks/todo.md	-	f4135861597815e1bb7fd5533f7299825c7421a18211133406637c6c0337a63a	git:c6154036880c87db69c880ba36a22087815b48b0:plans/cnet_hemisphere.md
plans/cnet_improve_20260725.md	preserve	retained decision, evidence or open-scope contract; current queue is tasks/todo.md	-	626abdac9d969e1248ec5c78c3406e20af750f117a63fcb26962c5bc806970f3	git:c6154036880c87db69c880ba36a22087815b48b0:plans/cnet_improve_20260725.md
plans/cnet_integrity_remediation_20260730.md	preserve	retained decision, evidence or open-scope contract; current queue is tasks/todo.md	-	81ec4fa67367bcb80b9c9eee5cc687762f8a8e13a4e66f18c55d1f0c358a85e5	git:c6154036880c87db69c880ba36a22087815b48b0:plans/cnet_integrity_remediation_20260730.md
plans/cnet_inventory_evaluation_20260906.md	preserve	retained decision, evidence or open-scope contract; current queue is tasks/todo.md	-	5ee065e414a9179a9c55a2f882cc7fcb56e0be47b4d47027bc06796deeb4cb2c	git:c6154036880c87db69c880ba36a22087815b48b0:plans/cnet_inventory_evaluation_20260906.md
plans/cnet_janitor_g1.md	preserve	retained decision, evidence or open-scope contract; current queue is tasks/todo.md	-	395beb58f1386c4917e5bef5c435d1470b5753563f7459935a234ac0e9bda10a	git:c6154036880c87db69c880ba36a22087815b48b0:plans/cnet_janitor_g1.md
plans/cnet_live_acquisition_20260906.md	preserve	retained decision, evidence or open-scope contract; current queue is tasks/todo.md	-	746243091f1554991ec59b690d32fca4b13b790589cc50e11a842341764d420e	git:c6154036880c87db69c880ba36a22087815b48b0:plans/cnet_live_acquisition_20260906.md
plans/cnet_live_miss_loop.md	preserve	retained decision, evidence or open-scope contract; current queue is tasks/todo.md	-	9d7ccc5138c6b2ea03eaed58dcd5adaef0648be321573170a607b24f0d54d5dc	git:c6154036880c87db69c880ba36a22087815b48b0:plans/cnet_live_miss_loop.md
plans/cnet_lookup_v1.md	preserve	retained decision, evidence or open-scope contract; current queue is tasks/todo.md	-	ae3a44deccd8d58e70ba05665f929dbc1c24347f6f36eb9272312bfb5306e51f	git:c6154036880c87db69c880ba36a22087815b48b0:plans/cnet_lookup_v1.md
plans/cnet_max_held_mojo.md	preserve	retained decision, evidence or open-scope contract; current queue is tasks/todo.md	-	f3e8013ebd053f5285c59ea9baa7d0b60713da4dbef5443d26c1d2f990ca8087	git:c6154036880c87db69c880ba36a22087815b48b0:plans/cnet_max_held_mojo.md
plans/cnet_next5.md	preserve	retained decision, evidence or open-scope contract; current queue is tasks/todo.md	-	4feb5f2518c6f785ec9130e6226caa1562ef71d10da853d508cfffe6e16aa885	git:c6154036880c87db69c880ba36a22087815b48b0:plans/cnet_next5.md
plans/cnet_obsidian_learn.md	preserve	retained decision, evidence or open-scope contract; current queue is tasks/todo.md	-	eff658dd2032ce4a8f6240be787b25900156df1856536df0124a6813ba260378	git:c6154036880c87db69c880ba36a22087815b48b0:plans/cnet_obsidian_learn.md
plans/cnet_offline_controller_20260906.md	preserve	retained decision, evidence or open-scope contract; current queue is tasks/todo.md	-	e99a1363b3e05f8f8522e50fb6abd33cbaa74357c0f7673e1c63377f8c675a3e	git:c6154036880c87db69c880ba36a22087815b48b0:plans/cnet_offline_controller_20260906.md
plans/cnet_ood_handle.md	preserve	retained decision, evidence or open-scope contract; current queue is tasks/todo.md	-	c3224b1929b5de18a77206fab0bdfb4d4562a046588d50e86e6b64dc0fcf9b89	git:c6154036880c87db69c880ba36a22087815b48b0:plans/cnet_ood_handle.md
plans/cnet_openlab_import.md	preserve	retained decision, evidence or open-scope contract; current queue is tasks/todo.md	-	4be2112d4838174ebac995a03067e699421b8016bfa19c1b0496b0538e16e04f	git:c6154036880c87db69c880ba36a22087815b48b0:plans/cnet_openlab_import.md
plans/cnet_own_learning_path_20260726.md	preserve	retained decision, evidence or open-scope contract; current queue is tasks/todo.md	-	f56eb2633dc3751dcdf33d184b4778ee6398daf640b334baeecf2e8acdcef4f7	git:c6154036880c87db69c880ba36a22087815b48b0:plans/cnet_own_learning_path_20260726.md
plans/cnet_p0_p3_deep_status.md	preserve	retained decision, evidence or open-scope contract; current queue is tasks/todo.md	-	72e324e1486c7dc3cac1d1cc6cc038a52f170182ecb50ede3407bdf6f8f27096	git:c6154036880c87db69c880ba36a22087815b48b0:plans/cnet_p0_p3_deep_status.md
plans/cnet_paragraph_invent_goal.md	preserve	retained decision, evidence or open-scope contract; current queue is tasks/todo.md	-	a5fcb9b18c8c06e29ffadd4831f959b8bf99e8c8266173c04fc15ce046586706	git:c6154036880c87db69c880ba36a22087815b48b0:plans/cnet_paragraph_invent_goal.md
plans/cnet_personality.md	preserve	retained decision, evidence or open-scope contract; current queue is tasks/todo.md	-	2b5c6d51b8f19e9c4d156cd8a3b3c415005137d7c80187b0ee18b027641c0a7b	git:c6154036880c87db69c880ba36a22087815b48b0:plans/cnet_personality.md
plans/cnet_portable_knowledge_benchmark_20260727.md	preserve	retained decision, evidence or open-scope contract; current queue is tasks/todo.md	-	3c19b862670eba1604c70f8ea76e7b9f045172bfe00d014db4191aaac2e5a5f9	git:c6154036880c87db69c880ba36a22087815b48b0:plans/cnet_portable_knowledge_benchmark_20260727.md
plans/cnet_remaining_sequence_20260906.md	preserve	retained decision, evidence or open-scope contract; current queue is tasks/todo.md	-	ec7d7c998c9f6c382b9af0b5c999982cdfac49273d0239220c292b69e190454a	git:c6154036880c87db69c880ba36a22087815b48b0:plans/cnet_remaining_sequence_20260906.md
plans/cnet_replace_improve_audit.md	preserve	retained decision, evidence or open-scope contract; current queue is tasks/todo.md	-	fed9f2aee2a4d830a3bcdd3a013e6df8a2edb5c3272572923ce4ab91a870fe90	git:c6154036880c87db69c880ba36a22087815b48b0:plans/cnet_replace_improve_audit.md
plans/cnet_rlm.md	preserve	retained decision, evidence or open-scope contract; current queue is tasks/todo.md	-	fb08a2a7975787cd668dc55d7ffad51c85f369a4805418971b86e1a131d63d7c	git:c6154036880c87db69c880ba36a22087815b48b0:plans/cnet_rlm.md
plans/cnet_rlm_autonomy.md	preserve	retained decision, evidence or open-scope contract; current queue is tasks/todo.md	-	b56288dfa4ba0aeb70c5ac4a7dc9eb175fba78ef7d63a7e99b3b97bbf81356d3	git:c6154036880c87db69c880ba36a22087815b48b0:plans/cnet_rlm_autonomy.md
plans/cnet_shared_selector_20260906.md	preserve	retained decision, evidence or open-scope contract; current queue is tasks/todo.md	-	fe7b20494635746921c228a49526c7a8ab90cf910f28014f4ef4eff6618cfd83	git:c6154036880c87db69c880ba36a22087815b48b0:plans/cnet_shared_selector_20260906.md
plans/cnet_source_checkpoint_20260906.md	preserve	retained decision, evidence or open-scope contract; current queue is tasks/todo.md	-	4093785202f21d2fefb29e50c208357466a143a66d4f0d08748aa10eccad6a26	git:c6154036880c87db69c880ba36a22087815b48b0:plans/cnet_source_checkpoint_20260906.md
plans/cnet_sparse_hash_board_laws_20260801.md	preserve	retained decision, evidence or open-scope contract; current queue is tasks/todo.md	-	1c5509c73b0a5ea51554963a19ccac78cdc2fa56497a65df42442e0618601c41	git:c6154036880c87db69c880ba36a22087815b48b0:plans/cnet_sparse_hash_board_laws_20260801.md
plans/cnet_typed_library_growth.md	preserve	retained decision, evidence or open-scope contract; current queue is tasks/todo.md	-	7607e766170f9ff3f73943e9e024f89d1f8d6a1219cd70af79ace1c56ed1f300	git:c6154036880c87db69c880ba36a22087815b48b0:plans/cnet_typed_library_growth.md
plans/cnet_vision_object_detection_20260727.md	preserve	retained decision, evidence or open-scope contract; current queue is tasks/todo.md	-	fc9f0c9e660e3ab4bbd0ef05016d656f3a9c0686781cd698c6df8b334bf5051a	git:c6154036880c87db69c880ba36a22087815b48b0:plans/cnet_vision_object_detection_20260727.md
plans/cnet_vision_object_detection_v2_20260727.md	preserve	retained decision, evidence or open-scope contract; current queue is tasks/todo.md	-	b38bb506bf73a67d9461447bf610413fe37d92b333a31acf7cb8b0d59051851b	git:c6154036880c87db69c880ba36a22087815b48b0:plans/cnet_vision_object_detection_v2_20260727.md
plans/cnet_vision_portable_specialist_20260728.md	preserve	retained decision, evidence or open-scope contract; current queue is tasks/todo.md	-	9fcb639accbb0aaa923914fd2c515486dc0a711ec84276a03918dc9c9332754f	git:c6154036880c87db69c880ba36a22087815b48b0:plans/cnet_vision_portable_specialist_20260728.md
plans/cnet_weight_conversion_door.md	preserve	retained decision, evidence or open-scope contract; current queue is tasks/todo.md	-	999ef916fdfd644f5fd510c74edf599fd2d1c32e821c35e9f2e99e2e83f15835	git:c6154036880c87db69c880ba36a22087815b48b0:plans/cnet_weight_conversion_door.md
plans/cnet_weight_peek.md	preserve	retained decision, evidence or open-scope contract; current queue is tasks/todo.md	-	ce07205cff2f603bb37d1aab28a4b11da33a2052628b282567a0d265677085f6	git:c6154036880c87db69c880ba36a22087815b48b0:plans/cnet_weight_peek.md
plans/cognitive_runtime_integration_20260726.md	preserve	retained decision, evidence or open-scope contract; current queue is tasks/todo.md	-	dd914778ef77ccadf098e9b05b07cdc106bbe9b71d23446449f10d267cd91836	git:c6154036880c87db69c880ba36a22087815b48b0:plans/cognitive_runtime_integration_20260726.md
plans/colibri_integration.md	preserve	retained decision, evidence or open-scope contract; current queue is tasks/todo.md	-	5734e171a35e85099e84de080e78332b204c68715cd710201e46d886dd25b47a	git:c6154036880c87db69c880ba36a22087815b48b0:plans/colibri_integration.md
plans/contract_correctness.md	preserve	retained decision, evidence or open-scope contract; current queue is tasks/todo.md	-	5a26fc359040ed65f3c972522bc4ecf9e4ab4223db8c4e0f6805e005ec6b2ff2	git:c6154036880c87db69c880ba36a22087815b48b0:plans/contract_correctness.md
plans/contract_quality_speed.md	preserve	retained decision, evidence or open-scope contract; current queue is tasks/todo.md	-	6c287a1c7b623260f31d5c5b6df6b5d50ead493904c7a5c48c7a7c1e50cb5b6f	git:c6154036880c87db69c880ba36a22087815b48b0:plans/contract_quality_speed.md
plans/deep_eight_priorities.md	preserve	retained decision, evidence or open-scope contract; current queue is tasks/todo.md	-	0004c3554d0a699a2018ca685f4ab3e2911292a0494faee96fda81586f41b433	git:c6154036880c87db69c880ba36a22087815b48b0:plans/deep_eight_priorities.md
plans/deepseek_forest_map.md	preserve	retained decision, evidence or open-scope contract; current queue is tasks/todo.md	-	490b7974031f6552ae84bfad575cd425c913339837f05361ed8cea25e9f26fc0	git:c6154036880c87db69c880ba36a22087815b48b0:plans/deepseek_forest_map.md
plans/delegation_master_report.md	preserve	retained decision, evidence or open-scope contract; current queue is tasks/todo.md	-	55df95b61177ebab797e86359e9f257ac9ce839fc3197cea68446bfa2422b425	git:c6154036880c87db69c880ba36a22087815b48b0:plans/delegation_master_report.md
plans/dual_backend_cpu_gpu.md	preserve	retained decision, evidence or open-scope contract; current queue is tasks/todo.md	-	9b8c220538f0856db381512e0d97232bf663aa97d4e910d3a672fbabcccf87e1	git:c6154036880c87db69c880ba36a22087815b48b0:plans/dual_backend_cpu_gpu.md
plans/forest_sparse_activate.md	preserve	retained decision, evidence or open-scope contract; current queue is tasks/todo.md	-	5d28749e63bcd87e407a3bab91610e510d2d69a28c3e13c92accb1ef105202dc	git:c6154036880c87db69c880ba36a22087815b48b0:plans/forest_sparse_activate.md
plans/gap_lane_plateau_unblock_20260727.md	preserve	retained decision, evidence or open-scope contract; current queue is tasks/todo.md	-	5076c632aad174584d763aee0d6ef63ced8d838291c0aef59689b27af672d1a9	git:c6154036880c87db69c880ba36a22087815b48b0:plans/gap_lane_plateau_unblock_20260727.md
plans/gap_lane_window_v2_unblock_20260802.md	preserve	retained decision, evidence or open-scope contract; current queue is tasks/todo.md	-	5b0b738381e87b54ac5746ce64649746b7bcca1a0259521902efc9ff68e8d4e4	git:c6154036880c87db69c880ba36a22087815b48b0:plans/gap_lane_window_v2_unblock_20260802.md
plans/health_layers.md	preserve	retained decision, evidence or open-scope contract; current queue is tasks/todo.md	-	f4dd0d49233c622681c5f6891e4daac80ada479415a6b290a93b01c0e87c209e	git:c6154036880c87db69c880ba36a22087815b48b0:plans/health_layers.md
plans/hill_climb_cnet.md	preserve	retained decision, evidence or open-scope contract; current queue is tasks/todo.md	-	7da24ccc646c23bd7cc6203984559384d1b42c4d6c0b9bf9b867db8262bb7ace	git:c6154036880c87db69c880ba36a22087815b48b0:plans/hill_climb_cnet.md
plans/hybrid_universal_architecture.md	preserve	retained decision, evidence or open-scope contract; current queue is tasks/todo.md	-	97a73cf00812c79036189e314936f9c656706d2a13ad946e667ad25fe7ad3b31	git:c6154036880c87db69c880ba36a22087815b48b0:plans/hybrid_universal_architecture.md
plans/integrity_mcp_protocol.md	preserve	retained decision, evidence or open-scope contract; current queue is tasks/todo.md	-	f3141ce720d343c5957c449197675af8cee118591c5a6cfd4e0284214f92bc19	git:c6154036880c87db69c880ba36a22087815b48b0:plans/integrity_mcp_protocol.md
plans/integrity_model_runtime.md	preserve	retained decision, evidence or open-scope contract; current queue is tasks/todo.md	-	9b7f9fdfa20ea9e563f13e8a267d1e89be5481b1340ac4ba0a6de05e8e150a66	git:c6154036880c87db69c880ba36a22087815b48b0:plans/integrity_model_runtime.md
plans/integrity_persistence.md	preserve	retained decision, evidence or open-scope contract; current queue is tasks/todo.md	-	2e71034c69d4d440f1483522e471e36d2be871bcf6ba3222241e1cbc36c32cb2	git:c6154036880c87db69c880ba36a22087815b48b0:plans/integrity_persistence.md
plans/integrity_q5_gguf.md	preserve	retained decision, evidence or open-scope contract; current queue is tasks/todo.md	-	37fb5a8237410c3dee7cdfbf73ded1e867d234cb71b55649297193c2dd7e5858	git:c6154036880c87db69c880ba36a22087815b48b0:plans/integrity_q5_gguf.md
plans/integrity_release_gate.md	preserve	retained decision, evidence or open-scope contract; current queue is tasks/todo.md	-	e3237a6088a81db317db1e6f694bdff0a97deebf5b86b6b6fd73fc2be926470e	git:c6154036880c87db69c880ba36a22087815b48b0:plans/integrity_release_gate.md
plans/integrity_specialist_authority.md	preserve	retained decision, evidence or open-scope contract; current queue is tasks/todo.md	-	afc979d9f04b02c661904ee75d677ae537475cd910ac7e0d4b2d87f29d96298a	git:c6154036880c87db69c880ba36a22087815b48b0:plans/integrity_specialist_authority.md
plans/json_toolcall_v0.md	preserve	retained decision, evidence or open-scope contract; current queue is tasks/todo.md	-	caed407ff4f3e5a0f41436e6af60934347141c83f77d5e9551a2f8dfd61c5834	git:c6154036880c87db69c880ba36a22087815b48b0:plans/json_toolcall_v0.md
plans/kv_async_page.md	preserve	retained decision, evidence or open-scope contract; current queue is tasks/todo.md	-	108f5a995fb12d9093f6b981c6a6932ad2f08895b0ef2a35a9dce845f3811c16	git:c6154036880c87db69c880ba36a22087815b48b0:plans/kv_async_page.md
plans/live_eight_priorities.md	preserve	retained decision, evidence or open-scope contract; current queue is tasks/todo.md	-	82d08ab7895231a944121d99b2911b45112567fa0216e316d90c749304c108d7	git:c6154036880c87db69c880ba36a22087815b48b0:plans/live_eight_priorities.md
plans/math_creative_solve.md	preserve	retained decision, evidence or open-scope contract; current queue is tasks/todo.md	-	f97d7fcab9e8871cb3407395cbfe3664e09e3a60456a2aec483c72c789da3caf	git:c6154036880c87db69c880ba36a22087815b48b0:plans/math_creative_solve.md
plans/mla.md	preserve	retained decision, evidence or open-scope contract; current queue is tasks/todo.md	-	051c7662204d0efc1d660f6438caffe603dbd5c82f3070004e2ab58782f4e6fd	git:c6154036880c87db69c880ba36a22087815b48b0:plans/mla.md
plans/mtk_integration.md	preserve	retained decision, evidence or open-scope contract; current queue is tasks/todo.md	-	abadd3405cfdde7061349b3d0b54fc51004749a64dfa5f7073128aea870862be	git:c6154036880c87db69c880ba36a22087815b48b0:plans/mtk_integration.md
plans/mtp_parallel_verify.md	preserve	retained decision, evidence or open-scope contract; current queue is tasks/todo.md	-	7c98e4f81703bb641bff1dfcb2233294db3a1131ae3a90af79837bc6d44f8ad6	git:c6154036880c87db69c880ba36a22087815b48b0:plans/mtp_parallel_verify.md
plans/multimodal_external_teachers.md	preserve	retained decision, evidence or open-scope contract; current queue is tasks/todo.md	-	e67d19962151ec93180006c683846d70f7656eb727af48fa4be71212a637531c	git:c6154036880c87db69c880ba36a22087815b48b0:plans/multimodal_external_teachers.md
plans/oracle_teacher_runtime.md	preserve	retained decision, evidence or open-scope contract; current queue is tasks/todo.md	-	6398ceea9ca2f834bf6039257c5174f35734ee83d18664acba0a49c7f6ec3ce0	git:c6154036880c87db69c880ba36a22087815b48b0:plans/oracle_teacher_runtime.md
plans/pattern_runtime.md	preserve	retained decision, evidence or open-scope contract; current queue is tasks/todo.md	-	1d7a1ffbdd043f67695b5e94c48d46ae8829671e07038bc810c657255721c2ee	git:c6154036880c87db69c880ba36a22087815b48b0:plans/pattern_runtime.md
plans/personal_ai_local_first.md	preserve	retained decision, evidence or open-scope contract; current queue is tasks/todo.md	-	a1e963e5e11d98cb2ac8782b75295f8f1cff6a620be35fea2dca25b5ef5dd913	git:c6154036880c87db69c880ba36a22087815b48b0:plans/personal_ai_local_first.md
plans/personal_ai_ops_scheduler.md	preserve	retained decision, evidence or open-scope contract; current queue is tasks/todo.md	-	6bec75651549baf29f9bac11a74fc811cb38bce5c6035b1276cf1c570af705d3	git:c6154036880c87db69c880ba36a22087815b48b0:plans/personal_ai_ops_scheduler.md
plans/phase1_counterfactual_routing.md	preserve	retained decision, evidence or open-scope contract; current queue is tasks/todo.md	-	771fba808afd4187dc84d0826cbc0478d483f6f6b78132808445afb343abc99a	git:c6154036880c87db69c880ba36a22087815b48b0:plans/phase1_counterfactual_routing.md
plans/phase2_sparse_kv_routing.md	preserve	retained decision, evidence or open-scope contract; current queue is tasks/todo.md	-	7ebf1bdfb17438b049dad53a647406044f46e6336a32b0e2c07e08f2cc9dee02	git:c6154036880c87db69c880ba36a22087815b48b0:plans/phase2_sparse_kv_routing.md
plans/phase3_narrative_coherence.md	preserve	retained decision, evidence or open-scope contract; current queue is tasks/todo.md	-	617147d61c3cc86fba182fbc85760fdc6284af7efbb6284685cee5eea6287591	git:c6154036880c87db69c880ba36a22087815b48b0:plans/phase3_narrative_coherence.md
plans/phase4_uncertainty_hermes.md	preserve	retained decision, evidence or open-scope contract; current queue is tasks/todo.md	-	e61c1bf7f1a786f0ca4a031c889d6e96e8156c92c34b94d505b4d9f6d132bd99	git:c6154036880c87db69c880ba36a22087815b48b0:plans/phase4_uncertainty_hermes.md
plans/phase5_improvement_engine_integration.md	preserve	retained decision, evidence or open-scope contract; current queue is tasks/todo.md	-	7f0061fcb87f5c7af1c9d77b84f4d73616cf72e995cc9f42389af0d0530e226b	git:c6154036880c87db69c880ba36a22087815b48b0:plans/phase5_improvement_engine_integration.md
plans/phase6_unified_runtime.md	preserve	retained decision, evidence or open-scope contract; current queue is tasks/todo.md	-	71c5ad4448d8dd6895166c4f9d0551a52190963d319ebcbc8dffe03eddffe49e	git:c6154036880c87db69c880ba36a22087815b48b0:plans/phase6_unified_runtime.md
plans/phase7_oracle_v2.md	preserve	retained decision, evidence or open-scope contract; current queue is tasks/todo.md	-	759606ad8e81d2813d5ed50506b2db428fd292cd997a3194fefc91805f1109cf	git:c6154036880c87db69c880ba36a22087815b48b0:plans/phase7_oracle_v2.md
plans/post_release_real_model_continuation.md	preserve	retained decision, evidence or open-scope contract; current queue is tasks/todo.md	-	cc39861e5ca40f9e944dbf4e2444ee8eaa5de71097c485dfa7e93caf58766bfc	git:c6154036880c87db69c880ba36a22087815b48b0:plans/post_release_real_model_continuation.md
plans/release_integrity_implementation.md	preserve	retained decision, evidence or open-scope contract; current queue is tasks/todo.md	-	3fab018b84b1d167641290b20b40a166b7494db4a0f7e307daea67c12d1fd12f	git:c6154036880c87db69c880ba36a22087815b48b0:plans/release_integrity_implementation.md
plans/research_improve_cnet_asi_from_literature_20260808.md	preserve	retained decision, evidence or open-scope contract; current queue is tasks/todo.md	-	38fc5ff26541a0d2f6e3aa1994e7eb35a358aa583017eb2f4fe63bf17e4785a9	git:c6154036880c87db69c880ba36a22087815b48b0:plans/research_improve_cnet_asi_from_literature_20260808.md
plans/resource_orchestrator.md	preserve	retained decision, evidence or open-scope contract; current queue is tasks/todo.md	-	705c000c224bddd731c8f5806e0647f6741d4430700dcbf9f7d4617e35233282	git:c6154036880c87db69c880ba36a22087815b48b0:plans/resource_orchestrator.md
plans/roe_ocr_surpass_unlimited_skill_tree.md	preserve	retained decision, evidence or open-scope contract; current queue is tasks/todo.md	-	cf6f92572196b1297d61e39658e8d5009955de51fedc31f35f1d5cd811ddf7c8	git:c6154036880c87db69c880ba36a22087815b48b0:plans/roe_ocr_surpass_unlimited_skill_tree.md
plans/runtime_provenance_and_gap_service.md	preserve	retained decision, evidence or open-scope contract; current queue is tasks/todo.md	-	1b74b10014f68c86556da2fafbe74d5e310ab1f017aa00c29f88b1f925049be1	git:c6154036880c87db69c880ba36a22087815b48b0:plans/runtime_provenance_and_gap_service.md
plans/scenario_layer_floors.md	preserve	retained decision, evidence or open-scope contract; current queue is tasks/todo.md	-	a713506c89c8f07ffe3905fd81b158c234f641bed1ab2d85d167273da77cb104	git:c6154036880c87db69c880ba36a22087815b48b0:plans/scenario_layer_floors.md
plans/serve_boundary_hardening.md	preserve	retained decision, evidence or open-scope contract; current queue is tasks/todo.md	-	7de61634979063b72e0d0958e18808158f729b04196d37af3bd04cd3bb599ab3	git:c6154036880c87db69c880ba36a22087815b48b0:plans/serve_boundary_hardening.md
plans/six_priority_improvement.md	preserve	retained decision, evidence or open-scope contract; current queue is tasks/todo.md	-	52ffa6715674cf2db21b12980d23d0394d730b4ba238c3cfd3543db20579df7d	git:c6154036880c87db69c880ba36a22087815b48b0:plans/six_priority_improvement.md
plans/spec_ladder.md	preserve	retained decision, evidence or open-scope contract; current queue is tasks/todo.md	-	9daba9952a033e5888ace26d58f302298f3cac3da429c9c00e4030b424f32269	git:c6154036880c87db69c880ba36a22087815b48b0:plans/spec_ladder.md
plans/ssmax_dsa.md	preserve	retained decision, evidence or open-scope contract; current queue is tasks/todo.md	-	b06e750e5bd2e9f9b857a5216ae250ac5642d4740cf08cf3340180bab5ab6280	git:c6154036880c87db69c880ba36a22087815b48b0:plans/ssmax_dsa.md
plans/toolchain_digest_linked_runtime.md	preserve	retained decision, evidence or open-scope contract; current queue is tasks/todo.md	-	e96d751289a0743440a773efe86a366f9883e283e02b8cbb5789b8bfcea0dafa	git:c6154036880c87db69c880ba36a22087815b48b0:plans/toolchain_digest_linked_runtime.md
plans/unified_self_improve_resource.md	preserve	retained decision, evidence or open-scope contract; current queue is tasks/todo.md	-	479e0d43d5cdc15f002932892713b8e4e6c098692db9754b21094fd97501ede2	git:c6154036880c87db69c880ba36a22087815b48b0:plans/unified_self_improve_resource.md
plans/unit_evidence_bundle.md	preserve	retained decision, evidence or open-scope contract; current queue is tasks/todo.md	-	51038293423f29d59ba20dee614e5feaa567f45a8d95ff37b7c8fcc78a86d1c9	git:c6154036880c87db69c880ba36a22087815b48b0:plans/unit_evidence_bundle.md
qwythos_english_v1.margin_sweep.verdict.txt	preserve	model/test/corpus input or provenance output; explicit and derived consumers retained	-	345c7300880f5420f71cdfb7c9e0accfcaf972177772d5d8dd5c355449a0445c	git:c6154036880c87db69c880ba36a22087815b48b0:qwythos_english_v1.margin_sweep.verdict.txt
raw_word_contract.txt	preserve	model/test/corpus input or provenance output; explicit and derived consumers retained	-	fd984abbcdad70c19693ab9e81e3b00c7a08bf0a3b3a5de03f96b1b2717a0c5f	git:c6154036880c87db69c880ba36a22087815b48b0:raw_word_contract.txt
raw_word_weights.txt	preserve	model/test/corpus input or provenance output; explicit and derived consumers retained	-	4fe56923c9f84cdf2e80bf049388c5b42620b78c16d7c0a50ace63ef91058232	git:c6154036880c87db69c880ba36a22087815b48b0:raw_word_weights.txt
references/narrative_coherence_rubric.md	preserve	reference/rubric/dataset provenance; not disposable instructions	-	cefd10207357d09ec95d776982ede1cb718932ed0283a86854b6fa98aec29ba3	git:c6154036880c87db69c880ba36a22087815b48b0:references/narrative_coherence_rubric.md
references/narrative_preservation_results.md	preserve	reference/rubric/dataset provenance; not disposable instructions	-	f85c4bfb375388f7f962520896534d47a755b358f4af380bdd3bd8d619a649d0	git:c6154036880c87db69c880ba36a22087815b48b0:references/narrative_preservation_results.md
references/procedure_seeds.md	preserve	reference/rubric/dataset provenance; not disposable instructions	-	6680f9e40da3dd5300e9f40445359b89acba6836dc2990380fb317b16e7a61bf	git:c6154036880c87db69c880ba36a22087815b48b0:references/procedure_seeds.md
references/samkv_cnet_adaptation.md	preserve	reference/rubric/dataset provenance; not disposable instructions	-	94a991ad509824901ee51fb7e076267f61103988cf9f96e8ec70180735c800d4	git:c6154036880c87db69c880ba36a22087815b48b0:references/samkv_cnet_adaptation.md
references/truthfulqa/README.md	preserve	reference/rubric/dataset provenance; not disposable instructions	-	3a0c76f39f4ba8606f5dd54ff3c793dbdcd21b026aa8b0ae3a03107d43f50e9c	git:c6154036880c87db69c880ba36a22087815b48b0:references/truthfulqa/README.md
result/CORE_FOUR_PATHS_REPORT.md	preserve	dated/frozen evidence or negative result; preserve exact record	-	c90cd7bc5f8244de93c5ba09c07c24a714edfc6dfb6b68edb0247bc24e1942e1	git:c6154036880c87db69c880ba36a22087815b48b0:result/CORE_FOUR_PATHS_REPORT.md
result/EMBER_RLM_20260819.md	preserve	dated/frozen evidence or negative result; preserve exact record	-	3804d2eaf368406c504a509aa9ae19a4b928cb1f8f40e1a227d69f4088e32d15	git:c6154036880c87db69c880ba36a22087815b48b0:result/EMBER_RLM_20260819.md
result/RLM_AUTONOMY_LIVE_20260819.md	preserve	dated/frozen evidence or negative result; preserve exact record	-	1e2e20a78a57f12987282be78ff41348d0fe7fcc8a38697890f5f4a36fcfb25f	git:c6154036880c87db69c880ba36a22087815b48b0:result/RLM_AUTONOMY_LIVE_20260819.md
result/SELF_IMPROVE_OPEN_20260819.md	preserve	dated/frozen evidence or negative result; preserve exact record	-	1490953094d591183cff2fc03a1e4af5e282ae94a7e539b5eb5a53d2c6e05194	git:c6154036880c87db69c880ba36a22087815b48b0:result/SELF_IMPROVE_OPEN_20260819.md
result/WEIGHT_READ_1_2_3.md	preserve	dated/frozen evidence or negative result; preserve exact record	-	f06a959668e66e74ca4c1985c29f84e1c4e247b176f7f27152c6977cd2c32417	git:c6154036880c87db69c880ba36a22087815b48b0:result/WEIGHT_READ_1_2_3.md
result/bench_agi_scenario.txt	preserve	dated/frozen evidence or negative result; preserve exact record	-	735b18d85e55f56ef636296750cf6bc654f138ab06db18e9a9bc1307d2f67759	git:c6154036880c87db69c880ba36a22087815b48b0:result/bench_agi_scenario.txt
result/bench_agi_scenario2.txt	preserve	dated/frozen evidence or negative result; preserve exact record	-	5359843e37546c126d2067cfd0d69389b250058cd7897d7679e57a47b8aa962c	git:c6154036880c87db69c880ba36a22087815b48b0:result/bench_agi_scenario2.txt
result/bench_agi_scenario3.txt	preserve	dated/frozen evidence or negative result; preserve exact record	-	8b3bb6bcdae8741828283a04359d0a29d1e9ba22bb22ae185e587cc417c9b16c	git:c6154036880c87db69c880ba36a22087815b48b0:result/bench_agi_scenario3.txt
result/bench_core_paths.txt	preserve	dated/frozen evidence or negative result; preserve exact record	-	e54e5cddd9c4a28746c8d75f12839307b589d66aa20c42c85f4e35146beed350	git:c6154036880c87db69c880ba36a22087815b48b0:result/bench_core_paths.txt
result/bench_core_switch_live.txt	preserve	dated/frozen evidence or negative result; preserve exact record	-	bb22f40d25da8aec25a7f3aed45040b683212be59c9d368f334c4c574e6413d4	git:c6154036880c87db69c880ba36a22087815b48b0:result/bench_core_switch_live.txt
result/bench_core_switch_wire.txt	preserve	dated/frozen evidence or negative result; preserve exact record	-	154ede45000b290da39fc7367ad6a76baf7c1c0d2045f63bf46cc73238475d78	git:c6154036880c87db69c880ba36a22087815b48b0:result/bench_core_switch_wire.txt
result/bench_live_miss_loop.txt	preserve	dated/frozen evidence or negative result; preserve exact record	-	9f1b0e19ecc0ae2687ac603143d8fb4ba5bda9bf8bd93eee24e09ab834eb861f	git:c6154036880c87db69c880ba36a22087815b48b0:result/bench_live_miss_loop.txt
result/bench_path1_waist.txt	preserve	dated/frozen evidence or negative result; preserve exact record	-	621a7536d75ec2fb60f9d8229b55fb1fbbf3f8c500f5d22b266c35314037d013	git:c6154036880c87db69c880ba36a22087815b48b0:result/bench_path1_waist.txt
result/bench_path2_factory.txt	preserve	dated/frozen evidence or negative result; preserve exact record	-	e7240a688b00db329d9292d61981fb03d220c8c16cd6d7ed1a90f76e17070912	git:c6154036880c87db69c880ba36a22087815b48b0:result/bench_path2_factory.txt
result/bench_path3_missadmit.txt	preserve	dated/frozen evidence or negative result; preserve exact record	-	32463ade8d5caf8cf948e95d70dcb3f67de3c3b4aade73539bb0e24788298645	git:c6154036880c87db69c880ba36a22087815b48b0:result/bench_path3_missadmit.txt
result/bench_path4_compose.txt	preserve	dated/frozen evidence or negative result; preserve exact record	-	e7354a5dd01d0a397b09f47df60cc68a833d7a0fee21acd2dd3d3011a8c73915	git:c6154036880c87db69c880ba36a22087815b48b0:result/bench_path4_compose.txt
result/bonsai8b_gpu_bench.md	preserve	dated/frozen evidence or negative result; preserve exact record	-	314484e72a3c1a1cf7a7dbe7d1acdeb13f54f2ea752bc8f23eca610851426385	git:c6154036880c87db69c880ba36a22087815b48b0:result/bonsai8b_gpu_bench.md
result/cnet_capsule_capacity_4096_20260906.md	preserve	dated/frozen evidence or negative result; preserve exact record	-	1fbd6d835dd597eaa33d17755e19613e2058e6f5184f0a634b0e39ea54d51244	git:c6154036880c87db69c880ba36a22087815b48b0:result/cnet_capsule_capacity_4096_20260906.md
result/cnet_capsule_capacity_evidence_20260906/bench-sha256.txt	preserve	dated/frozen evidence or negative result; preserve exact record	-	b107828e1b88252ea19c5d751fccdabc7be770b89406a7c3297c32a9bdc4f6da	git:c6154036880c87db69c880ba36a22087815b48b0:result/cnet_capsule_capacity_evidence_20260906/bench-sha256.txt
result/cnet_capsule_capacity_evidence_20260906/source-sha256.txt	preserve	dated/frozen evidence or negative result; preserve exact record	-	9e9028d9efa5b3f9baeccd7afdee8c045583b74577e459acf95a4e0481ead157	git:c6154036880c87db69c880ba36a22087815b48b0:result/cnet_capsule_capacity_evidence_20260906/source-sha256.txt
result/cnet_composed_acquisition_20260906.md	preserve	dated/frozen evidence or negative result; preserve exact record	-	ad0b49ae499ecd350dbbd12b91aa2485459a6def4fc2e10f8a3c7ee4dddaf6fc	git:c6154036880c87db69c880ba36a22087815b48b0:result/cnet_composed_acquisition_20260906.md
result/cnet_controller_investigation_20260906.md	preserve	dated/frozen evidence or negative result; preserve exact record	-	a5a0a01794ff33e0587c60f40074373030607d5bf9f796027ea1789077c8bd95	git:c6154036880c87db69c880ba36a22087815b48b0:result/cnet_controller_investigation_20260906.md
result/cnet_deep_analysis_20260905.md	preserve	dated/frozen evidence or negative result; preserve exact record	-	04774d4e848e656f9a82c363035b9b2ba8d889ea1eb5987013125dbda9e7667c	git:c6154036880c87db69c880ba36a22087815b48b0:result/cnet_deep_analysis_20260905.md
result/cnet_demand_growth_20260906.md	preserve	dated/frozen evidence or negative result; preserve exact record	-	dbf9a6293cc4fb3ed1a6d26c44250244154f4b755928d85f82f88bc59260a1fd	git:c6154036880c87db69c880ba36a22087815b48b0:result/cnet_demand_growth_20260906.md
result/cnet_gpu_product_evidence_20260906/final/source_sha256.txt	preserve	dated/frozen evidence or negative result; preserve exact record	-	41b022746782ce450487345e7a388e6d13a739ffacab94d754c3ac079ec3e816	git:c6154036880c87db69c880ba36a22087815b48b0:result/cnet_gpu_product_evidence_20260906/final/source_sha256.txt
result/cnet_gpu_product_evidence_20260906/resident_async/tests.txt	preserve	dated/frozen evidence or negative result; preserve exact record	-	63d0bfc95eb2451a50441f68e06fa96948e0bd4c176524e609a784bebc3836d7	git:c6154036880c87db69c880ba36a22087815b48b0:result/cnet_gpu_product_evidence_20260906/resident_async/tests.txt
result/cnet_gpu_product_evidence_20260906/resident_rocblas/cold_memory.txt	preserve	dated/frozen evidence or negative result; preserve exact record	-	a10fc1c54e2b526d514ecae35ce739964796cf37d3cb2b9376d0cbe9e6c9f854	git:c6154036880c87db69c880ba36a22087815b48b0:result/cnet_gpu_product_evidence_20260906/resident_rocblas/cold_memory.txt
result/cnet_gpu_product_evidence_20260906/resident_rocblas/final_both_backends_tests.txt	preserve	dated/frozen evidence or negative result; preserve exact record	-	b0ce38e8fd477581dab3c8aa5218c26c1d3240ad38c8376771922c7e3c42c364	git:c6154036880c87db69c880ba36a22087815b48b0:result/cnet_gpu_product_evidence_20260906/resident_rocblas/final_both_backends_tests.txt
result/cnet_gpu_product_evidence_20260906/resident_rocblas/tests.txt	preserve	dated/frozen evidence or negative result; preserve exact record	-	2e509fcd2c38b6b27c677e359789c30f8a479c9ac10f20d92023c5bb58e4f474	git:c6154036880c87db69c880ba36a22087815b48b0:result/cnet_gpu_product_evidence_20260906/resident_rocblas/tests.txt
result/cnet_gpu_product_evidence_20260906/resident_sync/constant_batch_diagnostic.txt	preserve	dated/frozen evidence or negative result; preserve exact record	-	7eeb5db90157c6c1e25f0610ec6c9351b281b5d84592a52da3e61a814a56ff0b	git:c6154036880c87db69c880ba36a22087815b48b0:result/cnet_gpu_product_evidence_20260906/resident_sync/constant_batch_diagnostic.txt
result/cnet_gpu_product_evidence_20260906/resident_sync/tests.txt	preserve	dated/frozen evidence or negative result; preserve exact record	-	99f28f731beb1e2aebfba31183c5b4a9731480b7870c979a261cffd38e53d49e	git:c6154036880c87db69c880ba36a22087815b48b0:result/cnet_gpu_product_evidence_20260906/resident_sync/tests.txt
result/cnet_gpu_product_sequence_20260906.md	preserve	dated/frozen evidence or negative result; preserve exact record	-	8a3cb9a025a8204910040648aeb30dfa036fa1793665295075b4a1e88912fa01	git:c6154036880c87db69c880ba36a22087815b48b0:result/cnet_gpu_product_sequence_20260906.md
result/cnet_implementation_20260905.md	preserve	dated/frozen evidence or negative result; preserve exact record	-	e3965e515055b6c1ff85624f31cec4cd861ef75107f35d95b618d68d85fc081f	git:c6154036880c87db69c880ba36a22087815b48b0:result/cnet_implementation_20260905.md
result/cnet_inventory_evaluation_20260906.md	preserve	dated/frozen evidence or negative result; preserve exact record	-	3b3998a9ba0f8d43fa9e135d2cd559ed819c7f0dc04bad59d76e603c4e26a045	git:c6154036880c87db69c880ba36a22087815b48b0:result/cnet_inventory_evaluation_20260906.md
result/cnet_live_acquisition_20260906.md	preserve	dated/frozen evidence or negative result; preserve exact record	-	3563a9a8d9bae5a92f22b242b6125e9c64d8e02f4b4815afaa1242f224b6d3df	git:c6154036880c87db69c880ba36a22087815b48b0:result/cnet_live_acquisition_20260906.md
result/cnet_offline_controller_20260906.md	preserve	dated/frozen evidence or negative result; preserve exact record	-	619fb5541988d3373de7c8d23e53f159f75c1389786d0eaf9f4775f0d23dbced	git:c6154036880c87db69c880ba36a22087815b48b0:result/cnet_offline_controller_20260906.md
result/cnet_remaining_sequence_20260906.md	preserve	dated/frozen evidence or negative result; preserve exact record	-	e2c81a2a3df6c605cc233e8a36aa7bf13b190520b071f8662124e24b90f2cfdb	git:c6154036880c87db69c880ba36a22087815b48b0:result/cnet_remaining_sequence_20260906.md
result/gguf_weight_peek_bonsai8b/PEEK.md	preserve	dated/frozen evidence or negative result; preserve exact record	-	5ad0e03c889bd5aebce708a44cc49a74151e46c0d9508405dbe6c577f2efb370	git:c6154036880c87db69c880ba36a22087815b48b0:result/gguf_weight_peek_bonsai8b/PEEK.md
result/master_analysis_20260817-200340.md	preserve	dated/frozen evidence or negative result; preserve exact record	-	8bd0387000c881769119ed7fe44284cf71e060cfb5fb470dcf4c69995a23039e	git:c6154036880c87db69c880ba36a22087815b48b0:result/master_analysis_20260817-200340.md
result/master_postmerge_analysis.md	preserve	dated/frozen evidence or negative result; preserve exact record	-	0cf3c9af99e0c0aeaf24e582382696bdb758af4d638a418b0291bbf88d6d94ab	git:c6154036880c87db69c880ba36a22087815b48b0:result/master_postmerge_analysis.md
result/max_qwen7b_f32_r9700_bench.md	preserve	dated/frozen evidence or negative result; preserve exact record	-	f62257a77e44ed07a13572444730b974724c7c958a4ecaa21d60b97fa36952e4	git:c6154036880c87db69c880ba36a22087815b48b0:result/max_qwen7b_f32_r9700_bench.md
result/sevenseg_multiseed_20260819T071710Z/SUMMARY.txt	preserve	dated/frozen evidence or negative result; preserve exact record	-	9dbd6f1a779d09cbcbec143b8cb4af32658c45b05c1fcbe2984e1a75df4d49e5	git:c6154036880c87db69c880ba36a22087815b48b0:result/sevenseg_multiseed_20260819T071710Z/SUMMARY.txt
soul_english_v1.cnb.recert.qwen25_overlap.txt	preserve	model/test/corpus input or provenance output; explicit and derived consumers retained	-	8114c7259cb5cc973081b27a5086fddab21769193b6e993efb1baf7bff37fad1	git:c6154036880c87db69c880ba36a22087815b48b0:soul_english_v1.cnb.recert.qwen25_overlap.txt
soul_english_v1.cnb.recert.strict.txt	preserve	model/test/corpus input or provenance output; explicit and derived consumers retained	-	30972cdde0d0c113d6d8277a82586b8c77986b4ccb0bee6421c81d48d6a17b41	git:c6154036880c87db69c880ba36a22087815b48b0:soul_english_v1.cnb.recert.strict.txt
split_contract.txt	preserve	model/test/corpus input or provenance output; explicit and derived consumers retained	-	e5d296c540d42cecabd982b989dad9881832750dfa972b9d2146f8064f2afadf	git:c6154036880c87db69c880ba36a22087815b48b0:split_contract.txt
split_inverts_combine_property.txt	preserve	model/test/corpus input or provenance output; explicit and derived consumers retained	-	d0dd2d2a7f01c0688f49e163c1b14494c4e7561420a0081e6e428b022ff3470f	git:c6154036880c87db69c880ba36a22087815b48b0:split_inverts_combine_property.txt
split_weights.txt	preserve	model/test/corpus input or provenance output; explicit and derived consumers retained	-	f4eaf639e257703f7e695f9c7fce1a7c979277f504e58ddce57440c732ee69e5	git:c6154036880c87db69c880ba36a22087815b48b0:split_weights.txt
tasks/cnet_7b_competition_plan.md	retire	superseded competition queue/handoff; frozen protocol and completed v5 result retained	plans/cnet_7b_competition_v5_results_20260814.md	5fee1a6851f843a410793e87dc95d13df6bde7023ff57da542bea1865301acd7	attic/documentation-20260906.tar.gz:tasks/cnet_7b_competition_plan.md
tasks/cnet_7b_competition_todo.md	retire	superseded competition queue/handoff; frozen protocol and completed v5 result retained	plans/cnet_7b_competition_v5_results_20260814.md	cbd9f6171e29e5a71c639e445b49d36cebfc312f65b573f566b58a3a1a55712a	attic/documentation-20260906.tar.gz:tasks/cnet_7b_competition_todo.md
tasks/plan.md	rewrite	current guide rewritten against source; original tutorial/evidence archived	tasks/plan.md	3d229c82dd027a2c76a20c14685a6c0c3c20a3a68bbbd332e48b578321c79982	attic/documentation-20260906.tar.gz:tasks/plan.md
tasks/todo.md	rewrite	current guide rewritten against source; original tutorial/evidence archived	tasks/todo.md	39d981173635235822d27aece98758b838d0c6676f309e659ffa661c1949a912	attic/documentation-20260906.tar.gz:tasks/todo.md
templates/cnet_domain_note.md	preserve	retained technical reference	-	c9edc6df85cecb92977241fb64ec1adf9308c2d7d9586019f85b47d1c2bae5bd	git:c6154036880c87db69c880ba36a22087815b48b0:templates/cnet_domain_note.md
tests/fixtures/v1_hex_value.txt	preserve	model/test/corpus input or provenance output; explicit and derived consumers retained	-	5b5ebca74d7612ce8926a4d280d3b9ca30a2581e43c4fa490225ddf32aa21f1b	git:c6154036880c87db69c880ba36a22087815b48b0:tests/fixtures/v1_hex_value.txt
tests/fixtures/v2_hex_value.txt	preserve	model/test/corpus input or provenance output; explicit and derived consumers retained	-	ee283ec0492f2bbcb14c29f471838514e710c4d2f0ce43b82b88cae872a8519b	git:c6154036880c87db69c880ba36a22087815b48b0:tests/fixtures/v2_hex_value.txt
tests/fixtures/v3_hex_value.txt	preserve	model/test/corpus input or provenance output; explicit and derived consumers retained	-	ce9165dca88c49d17119f97658591b7418aa2993da1a0be8e44b9852d07abd8f	git:c6154036880c87db69c880ba36a22087815b48b0:tests/fixtures/v3_hex_value.txt
tests/fixtures/v4_hex_value.txt	preserve	model/test/corpus input or provenance output; explicit and derived consumers retained	-	0ccd58b86e75c6208af1bf6bf5e9de2d4363b144984323aa63ea115aa21e7a69	git:c6154036880c87db69c880ba36a22087815b48b0:tests/fixtures/v4_hex_value.txt
tests/headline_gates.txt	preserve	model/test/corpus input or provenance output; explicit and derived consumers retained	-	5eb73636dc6ec06105fd4144c4ded380ccbe6d87287b17e0c3deb87dea38b61c	git:c6154036880c87db69c880ba36a22087815b48b0:tests/headline_gates.txt
tests/layering_baseline.txt	preserve	model/test/corpus input or provenance output; explicit and derived consumers retained	-	c829e3a27420930e84ba8b70d736bfe6f6b41076968256623c501daf6b368bb0	git:c6154036880c87db69c880ba36a22087815b48b0:tests/layering_baseline.txt
tests/narrative/comparative_evaluation.md	preserve	retained technical reference	-	af4ad6ba5d3735071fe64889fa801dd4ff54e3a82b95dbd8baa07fc191f7d251	git:c6154036880c87db69c880ba36a22087815b48b0:tests/narrative/comparative_evaluation.md
tests/narrative/evaluation_plan.md	preserve	retained technical reference	-	e4d064fd0958493f63ee793c96af25fb434091e0993cf64b15f51ad5baf3a0ad	git:c6154036880c87db69c880ba36a22087815b48b0:tests/narrative/evaluation_plan.md
tests/narrative/evaluation_report.md	preserve	retained technical reference	-	f1cec165e7a4f3dfb195eed43d6d8ab261fa7157bc821091f750b6a2b4e9ae3b	git:c6154036880c87db69c880ba36a22087815b48b0:tests/narrative/evaluation_report.md
tests/narrative/test_story.txt	preserve	model/test/corpus input or provenance output; explicit and derived consumers retained	-	ec6383473af315961dbedad962a7d1543ceab01abdc9c23768a579ab8c6605ed	git:c6154036880c87db69c880ba36a22087815b48b0:tests/narrative/test_story.txt
tests/narrative/test_story_generic.txt	preserve	model/test/corpus input or provenance output; explicit and derived consumers retained	-	8c1bc573ce87846c97558c1b31f4a2648a4e78b5715090561aebdeb46baefe7e	git:c6154036880c87db69c880ba36a22087815b48b0:tests/narrative/test_story_generic.txt
word_contract.txt	preserve	model/test/corpus input or provenance output; explicit and derived consumers retained	-	c0e28a201e69fed843f05f3a9c003ec3b1f24bb92691463876b9106c49263229	git:c6154036880c87db69c880ba36a22087815b48b0:word_contract.txt
word_weights.txt	preserve	model/test/corpus input or provenance output; explicit and derived consumers retained	-	77c28a8103ad16625cccc97a4612c2be26f7f8d02f30218cfe06feac3eaab480	git:c6154036880c87db69c880ba36a22087815b48b0:word_weights.txt
