"Domain","Function","Process_Id","Thread_Id","Correlation_Id","Start_Timestamp","End_Timestamp"
"HIP_COMPILER_API_EXT","__hipRegisterFatBinary",4057937,4057937,1,695615047513179,695615047522356
"HIP_COMPILER_API_EXT","__hipRegisterFunction",4057937,4057937,2,695615048015012,695615048019510
"HIP_COMPILER_API_EXT","__hipRegisterFunction",4057937,4057937,3,695615048020212,695615048021394
"HIP_COMPILER_API_EXT","__hipRegisterFunction",4057937,4057937,4,695615048021735,695615048021955
"HIP_COMPILER_API_EXT","__hipRegisterFunction",4057937,4057937,5,695615048022276,695615048022526
"HIP_COMPILER_API_EXT","__hipRegisterFunction",4057937,4057937,6,695615048022807,695615048023087
"HIP_COMPILER_API_EXT","__hipRegisterFunction",4057937,4057937,7,695615048023378,695615048023608
"HIP_COMPILER_API_EXT","__hipRegisterFunction",4057937,4057937,8,695615048023879,695615048024099
"HIP_COMPILER_API_EXT","__hipRegisterFunction",4057937,4057937,9,695615048024390,695615048024540
"HIP_COMPILER_API_EXT","__hipRegisterFunction",4057937,4057937,10,695615048024820,695615048025051
"HIP_COMPILER_API_EXT","__hipRegisterFunction",4057937,4057937,11,695615048025341,695615048025862
"HIP_COMPILER_API_EXT","__hipRegisterFunction",4057937,4057937,12,695615048026143,695615048026444
"HIP_COMPILER_API_EXT","__hipRegisterFunction",4057937,4057937,13,695615048026724,695615048026914
"HIP_RUNTIME_API_EXT","hipGetDeviceCount",4057937,4057937,14,695615051820627,695615062688962
"HIP_RUNTIME_API_EXT","hipDeviceGetAttribute",4057937,4057937,15,695615062696356,695615062701475
"HIP_RUNTIME_API_EXT","hipDeviceGetAttribute",4057937,4057937,16,695615062702497,695615062702678
"HIP_RUNTIME_API_EXT","hipDeviceGetAttribute",4057937,4057937,17,695615062703058,695615062703179
"HIP_RUNTIME_API_EXT","hipSetDevice",4057937,4057937,18,695615062706906,695615062707787
"HIP_RUNTIME_API_EXT","hipGetDevicePropertiesR0600",4057937,4057937,19,695615062797526,695615062798328
"HIP_RUNTIME_API_EXT","hipSetDevice",4057937,4057937,20,695615062876945,695615062877526
"HIP_RUNTIME_API_EXT","hipMalloc",4057937,4057937,21,695615063059789,695615063089996
"HIP_RUNTIME_API_EXT","hipMemcpy",4057937,4057937,22,695615063093152,695615074956327
"HIP_RUNTIME_API_EXT","hipMemcpy",4057937,4057937,23,695615074960595,695615074992224
"HIP_COMPILER_API_EXT","__hipPushCallConfiguration",4057937,4057937,24,695615074994248,695615074995721
"HIP_COMPILER_API_EXT","__hipPopCallConfiguration",4057937,4057937,25,695615074998817,695615075002093
"HIP_RUNTIME_API_EXT","hipLaunchKernel",4057937,4057937,26,695615075008625,695615075601149
"HIP_RUNTIME_API_EXT","hipGetLastError",4057937,4057937,27,695615075606850,695615075607451
"HIP_RUNTIME_API_EXT","hipMemcpy",4057937,4057937,28,695615075608513,695615075664188
"HIP_RUNTIME_API_EXT","hipSetDevice",4057937,4057937,29,695615075767472,695615075768444
"HIP_RUNTIME_API_EXT","hipMemcpy",4057937,4057937,30,695615075769716,695615075793421
"HIP_RUNTIME_API_EXT","hipMemcpy",4057937,4057937,31,695615075793962,695615075814821
"HIP_COMPILER_API_EXT","__hipPushCallConfiguration",4057937,4057937,32,695615075815622,695615075816184
"HIP_COMPILER_API_EXT","__hipPopCallConfiguration",4057937,4057937,33,695615075816815,695615075817386
"HIP_RUNTIME_API_EXT","hipLaunchKernel",4057937,4057937,34,695615075819380,695615075823567
"HIP_RUNTIME_API_EXT","hipGetLastError",4057937,4057937,35,695615075823978,695615075824018
"HIP_RUNTIME_API_EXT","hipMemcpy",4057937,4057937,36,695615075824339,695615075879262
"HIP_RUNTIME_API_EXT","hipSetDevice",4057937,4057937,37,695615075976305,695615075976355
"HIP_RUNTIME_API_EXT","hipMemcpy",4057937,4057937,38,695615075977116,695615075998747
"HIP_RUNTIME_API_EXT","hipMemcpy",4057937,4057937,39,695615075999308,695615076020738
"HIP_COMPILER_API_EXT","__hipPushCallConfiguration",4057937,4057937,40,695615076021279,695615076021369
"HIP_COMPILER_API_EXT","__hipPopCallConfiguration",4057937,4057937,41,695615076021670,695615076021730
"HIP_RUNTIME_API_EXT","hipLaunchKernel",4057937,4057937,42,695615076022441,695615076026299
"HIP_RUNTIME_API_EXT","hipGetLastError",4057937,4057937,43,695615076026619,695615076026649
"HIP_RUNTIME_API_EXT","hipMemcpy",4057937,4057937,44,695615076026920,695615076082504
"HIP_RUNTIME_API_EXT","hipSetDevice",4057937,4057937,45,695615076178845,695615076178896
"HIP_RUNTIME_API_EXT","hipMemcpy",4057937,4057937,46,695615076179857,695615076201769
"HIP_RUNTIME_API_EXT","hipMemcpy",4057937,4057937,47,695615076202320,695615076223409
"HIP_COMPILER_API_EXT","__hipPushCallConfiguration",4057937,4057937,48,695615076224501,695615076224551
"HIP_COMPILER_API_EXT","__hipPopCallConfiguration",4057937,4057937,49,695615076224922,695615076224982
"HIP_RUNTIME_API_EXT","hipLaunchKernel",4057937,4057937,50,695615076225934,695615076229471
"HIP_RUNTIME_API_EXT","hipGetLastError",4057937,4057937,51,695615076229771,695615076229801
"HIP_RUNTIME_API_EXT","hipMemcpy",4057937,4057937,52,695615076230062,695615076286788
"HIP_RUNTIME_API_EXT","hipSetDevice",4057937,4057937,53,695615076366448,695615076366498
"HIP_RUNTIME_API_EXT","hipMemcpy",4057937,4057937,54,695615076367139,695615076388550
"HIP_RUNTIME_API_EXT","hipMemcpy",4057937,4057937,55,695615076389341,695615076416222
"HIP_COMPILER_API_EXT","__hipPushCallConfiguration",4057937,4057937,56,695615076416673,695615076416723
"HIP_COMPILER_API_EXT","__hipPopCallConfiguration",4057937,4057937,57,695615076417003,695615076417053
"HIP_RUNTIME_API_EXT","hipLaunchKernel",4057937,4057937,58,695615076417865,695615076420971
"HIP_RUNTIME_API_EXT","hipGetLastError",4057937,4057937,59,695615076421271,695615076421301
"HIP_RUNTIME_API_EXT","hipMemcpy",4057937,4057937,60,695615076421562,695615076450626
"HIP_RUNTIME_API_EXT","hipSetDevice",4057937,4057937,61,695615076464883,695615076464923
"HIP_RUNTIME_API_EXT","hipMemcpy",4057937,4057937,62,695615076465875,695615076489590
"HIP_RUNTIME_API_EXT","hipMemcpy",4057937,4057937,63,695615076489930,695615076513895
"HIP_COMPILER_API_EXT","__hipPushCallConfiguration",4057937,4057937,64,695615076514406,695615076514456
"HIP_COMPILER_API_EXT","__hipPopCallConfiguration",4057937,4057937,65,695615076515398,695615076515448
"HIP_RUNTIME_API_EXT","hipLaunchKernel",4057937,4057937,66,695615076516170,695615076519636
"HIP_RUNTIME_API_EXT","hipGetLastError",4057937,4057937,67,695615076519927,695615076519957
"HIP_RUNTIME_API_EXT","hipMemcpy",4057937,4057937,68,695615076520217,695615076560323
"HIP_RUNTIME_API_EXT","hipSetDevice",4057937,4057937,69,695615076569189,695615076569229
"HIP_RUNTIME_API_EXT","hipMemcpy",4057937,4057937,70,695615076569740,695615076587103
"HIP_RUNTIME_API_EXT","hipMemcpy",4057937,4057937,71,695615076588145,695615076612912
"HIP_COMPILER_API_EXT","__hipPushCallConfiguration",4057937,4057937,72,695615076613332,695615076613382
"HIP_COMPILER_API_EXT","__hipPopCallConfiguration",4057937,4057937,73,695615076613673,695615076613723
"HIP_RUNTIME_API_EXT","hipLaunchKernel",4057937,4057937,74,695615076614935,695615076618672
"HIP_RUNTIME_API_EXT","hipGetLastError",4057937,4057937,75,695615076618973,695615076619003
"HIP_RUNTIME_API_EXT","hipMemcpy",4057937,4057937,76,695615076619263,695615076657485
"HIP_RUNTIME_API_EXT","hipSetDevice",4057937,4057937,77,695615076663817,695615076663857
"HIP_RUNTIME_API_EXT","hipMemcpy",4057937,4057937,78,695615076664408,695615076681961
"HIP_RUNTIME_API_EXT","hipMemcpy",4057937,4057937,79,695615076682462,695615076707600
"HIP_COMPILER_API_EXT","__hipPushCallConfiguration",4057937,4057937,80,695615076708030,695615076708070
"HIP_COMPILER_API_EXT","__hipPopCallConfiguration",4057937,4057937,81,695615076708451,695615076708501
"HIP_RUNTIME_API_EXT","hipLaunchKernel",4057937,4057937,82,695615076709563,695615076712869
"HIP_RUNTIME_API_EXT","hipGetLastError",4057937,4057937,83,695615076713170,695615076713200
"HIP_RUNTIME_API_EXT","hipMemcpy",4057937,4057937,84,695615076713461,695615076750951
"HIP_RUNTIME_API_EXT","hipSetDevice",4057937,4057937,85,695615076757373,695615076757413
"HIP_RUNTIME_API_EXT","hipMemcpy",4057937,4057937,86,695615076758054,695615076776649
"HIP_RUNTIME_API_EXT","hipMemcpy",4057937,4057937,87,695615076777210,695615076802488
"HIP_COMPILER_API_EXT","__hipPushCallConfiguration",4057937,4057937,88,695615076802929,695615076802969
"HIP_COMPILER_API_EXT","__hipPopCallConfiguration",4057937,4057937,89,695615076803259,695615076803310
"HIP_RUNTIME_API_EXT","hipLaunchKernel",4057937,4057937,90,695615076804692,695615076808630
"HIP_RUNTIME_API_EXT","hipGetLastError",4057937,4057937,91,695615076808930,695615076808960
"HIP_RUNTIME_API_EXT","hipMemcpy",4057937,4057937,92,695615076809221,695615076846200
"HIP_RUNTIME_API_EXT","hipSetDevice",4057937,4057937,93,695615076850819,695615076850859
"HIP_RUNTIME_API_EXT","hipMemcpy",4057937,4057937,94,695615076851600,695615076875515
"HIP_RUNTIME_API_EXT","hipMemcpy",4057937,4057937,95,695615076876317,695615076902025
"HIP_RUNTIME_API_EXT","hipMemcpy",4057937,4057937,96,695615076902486,695615076926191
"HIP_COMPILER_API_EXT","__hipPushCallConfiguration",4057937,4057937,97,695615076926772,695615076926822
"HIP_COMPILER_API_EXT","__hipPopCallConfiguration",4057937,4057937,98,695615076927623,695615076927663
"HIP_RUNTIME_API_EXT","hipLaunchKernel",4057937,4057937,99,695615076928435,695615076932653
"HIP_RUNTIME_API_EXT","hipGetLastError",4057937,4057937,100,695615076932983,695615076933013
"HIP_RUNTIME_API_EXT","hipMemcpy",4057937,4057937,101,695615076933314,695615076977487
"HIP_RUNTIME_API_EXT","hipSetDevice",4057937,4057937,102,695615076978078,695615076978118
"HIP_RUNTIME_API_EXT","hipFree",4057937,4057937,103,695615076982727,695615077042660
"HIP_RUNTIME_API_EXT","hipMalloc",4057937,4057937,104,695615077043501,695615077047569
"HIP_RUNTIME_API_EXT","hipMemcpy",4057937,4057937,105,695615077048040,695615077082414
"HIP_RUNTIME_API_EXT","hipMemcpy",4057937,4057937,106,695615077082935,695615077132579
"HIP_RUNTIME_API_EXT","hipMemcpy",4057937,4057937,107,695615077133029,695615077157295
"HIP_COMPILER_API_EXT","__hipPushCallConfiguration",4057937,4057937,108,695615077157846,695615077157916
"HIP_COMPILER_API_EXT","__hipPopCallConfiguration",4057937,4057937,109,695615077158237,695615077158297
"HIP_RUNTIME_API_EXT","hipLaunchKernel",4057937,4057937,110,695615077159008,695615077164068
"HIP_RUNTIME_API_EXT","hipGetLastError",4057937,4057937,111,695615077164599,695615077164639
"HIP_RUNTIME_API_EXT","hipMemcpy",4057937,4057937,112,695615077164980,695615077289444
"HIP_RUNTIME_API_EXT","hipSetDevice",4057937,4057937,113,695615077297689,695615077297819
"HIP_RUNTIME_API_EXT","hipMemcpy",4057937,4057937,114,695615077298731,695615077321273
"HIP_RUNTIME_API_EXT","hipMemcpy",4057937,4057937,115,695615077321955,695615077342754
"HIP_COMPILER_API_EXT","__hipPushCallConfiguration",4057937,4057937,116,695615077343245,695615077343285
"HIP_COMPILER_API_EXT","__hipPopCallConfiguration",4057937,4057937,117,695615077343906,695615077343956
"HIP_RUNTIME_API_EXT","hipLaunchKernel",4057937,4057937,118,695615077346741,695615077350829
"HIP_RUNTIME_API_EXT","hipGetLastError",4057937,4057937,119,695615077351130,695615077351160
"HIP_RUNTIME_API_EXT","hipMemcpy",4057937,4057937,120,695615077351761,695615077403358
"HIP_RUNTIME_API_EXT","hipSetDevice",4057937,4057937,121,695615077486304,695615077486344
"HIP_RUNTIME_API_EXT","hipMemcpy",4057937,4057937,122,695615077487095,695615077530026
"HIP_RUNTIME_API_EXT","hipMemcpy",4057937,4057937,123,695615077530517,695615077551667
"HIP_COMPILER_API_EXT","__hipPushCallConfiguration",4057937,4057937,124,695615077552158,695615077552208
"HIP_COMPILER_API_EXT","__hipPopCallConfiguration",4057937,4057937,125,695615077552548,695615077552598
"HIP_RUNTIME_API_EXT","hipLaunchKernel",4057937,4057937,126,695615077553250,695615077556756
"HIP_RUNTIME_API_EXT","hipGetLastError",4057937,4057937,127,695615077557057,695615077557087
"HIP_RUNTIME_API_EXT","hipMemcpy",4057937,4057937,128,695615077557377,695615077611118
"HIP_RUNTIME_API_EXT","hipSetDevice",4057937,4057937,129,695615077694014,695615077694054
"HIP_RUNTIME_API_EXT","hipMemcpy",4057937,4057937,130,695615077694986,695615077726205
"HIP_RUNTIME_API_EXT","hipMemcpy",4057937,4057937,131,695615077726616,695615077747325
"HIP_COMPILER_API_EXT","__hipPushCallConfiguration",4057937,4057937,132,695615077748076,695615077748116
"HIP_COMPILER_API_EXT","__hipPopCallConfiguration",4057937,4057937,133,695615077748747,695615077748797
"HIP_RUNTIME_API_EXT","hipLaunchKernel",4057937,4057937,134,695615077749609,695615077753827
"HIP_RUNTIME_API_EXT","hipGetLastError",4057937,4057937,135,695615077754157,695615077754187
"HIP_RUNTIME_API_EXT","hipMemcpy",4057937,4057937,136,695615077754478,695615077806105
"HIP_RUNTIME_API_EXT","hipSetDevice",4057937,4057937,137,695615077888129,695615077888179
"HIP_RUNTIME_API_EXT","hipMemcpy",4057937,4057937,138,695615077888931,695615077922734
"HIP_RUNTIME_API_EXT","hipMemcpy",4057937,4057937,139,695615077923355,695615077943573
"HIP_COMPILER_API_EXT","__hipPushCallConfiguration",4057937,4057937,140,695615077944595,695615077944635
"HIP_COMPILER_API_EXT","__hipPopCallConfiguration",4057937,4057937,141,695615077946569,695615077946609
"HIP_RUNTIME_API_EXT","hipLaunchKernel",4057937,4057937,142,695615077947250,695615077950537
"HIP_RUNTIME_API_EXT","hipGetLastError",4057937,4057937,143,695615077950867,695615077950897
"HIP_RUNTIME_API_EXT","hipMemcpy",4057937,4057937,144,695615077951248,695615078002544
"HIP_RUNTIME_API_EXT","hipSetDevice",4057937,4057937,145,695615078081062,695615078081102
"HIP_RUNTIME_API_EXT","hipMemcpy",4057937,4057937,146,695615078081753,695615078120917
"HIP_RUNTIME_API_EXT","hipMemcpy",4057937,4057937,147,695615078121478,695615078146014
"HIP_COMPILER_API_EXT","__hipPushCallConfiguration",4057937,4057937,148,695615078146936,695615078146976
"HIP_COMPILER_API_EXT","__hipPopCallConfiguration",4057937,4057937,149,695615078147287,695615078147337
"HIP_RUNTIME_API_EXT","hipLaunchKernel",4057937,4057937,150,695615078147988,695615078151735
"HIP_RUNTIME_API_EXT","hipGetLastError",4057937,4057937,151,695615078152055,695615078152086
"HIP_RUNTIME_API_EXT","hipMemcpy",4057937,4057937,152,695615078152366,695615078181691
"HIP_RUNTIME_API_EXT","hipSetDevice",4057937,4057937,153,695615078190257,695615078190307
"HIP_RUNTIME_API_EXT","hipMemcpy",4057937,4057937,154,695615078191229,695615078214393
"HIP_RUNTIME_API_EXT","hipMemcpy",4057937,4057937,155,695615078215194,695615078239841
"HIP_COMPILER_API_EXT","__hipPushCallConfiguration",4057937,4057937,156,695615078240802,695615078240842
"HIP_COMPILER_API_EXT","__hipPopCallConfiguration",4057937,4057937,157,695615078241143,695615078241193
"HIP_RUNTIME_API_EXT","hipLaunchKernel",4057937,4057937,158,695615078241945,695615078245401
"HIP_RUNTIME_API_EXT","hipGetLastError",4057937,4057937,159,695615078245712,695615078245742
"HIP_RUNTIME_API_EXT","hipMemcpy",4057937,4057937,160,695615078246012,695615078283673
"HIP_RUNTIME_API_EXT","hipSetDevice",4057937,4057937,161,695615078286448,695615078286488
"HIP_RUNTIME_API_EXT","hipMemcpy",4057937,4057937,162,695615078287139,695615078303460
"HIP_RUNTIME_API_EXT","hipMemcpy",4057937,4057937,163,695615078303941,695615078328387
"HIP_COMPILER_API_EXT","__hipPushCallConfiguration",4057937,4057937,164,695615078329790,695615078329830
"HIP_COMPILER_API_EXT","__hipPopCallConfiguration",4057937,4057937,165,695615078330361,695615078330411
"HIP_RUNTIME_API_EXT","hipLaunchKernel",4057937,4057937,166,695615078331062,695615078334919
"HIP_RUNTIME_API_EXT","hipGetLastError",4057937,4057937,167,695615078335230,695615078335270
"HIP_RUNTIME_API_EXT","hipMemcpy",4057937,4057937,168,695615078335540,695615078374123
"HIP_RUNTIME_API_EXT","hipSetDevice",4057937,4057937,169,695615078376808,695615078376928
"HIP_RUNTIME_API_EXT","hipMemcpy",4057937,4057937,170,695615078377750,695615078393990
"HIP_RUNTIME_API_EXT","hipMemcpy",4057937,4057937,171,695615078394642,695615078419669
"HIP_COMPILER_API_EXT","__hipPushCallConfiguration",4057937,4057937,172,695615078420390,695615078420440
"HIP_COMPILER_API_EXT","__hipPopCallConfiguration",4057937,4057937,173,695615078420741,695615078420781
"HIP_RUNTIME_API_EXT","hipLaunchKernel",4057937,4057937,174,695615078421302,695615078424698
"HIP_RUNTIME_API_EXT","hipGetLastError",4057937,4057937,175,695615078424999,695615078425039
"HIP_RUNTIME_API_EXT","hipMemcpy",4057937,4057937,176,695615078425309,695615078464483
"HIP_RUNTIME_API_EXT","hipSetDevice",4057937,4057937,177,695615078467028,695615078467068
"HIP_RUNTIME_API_EXT","hipMemcpy",4057937,4057937,178,695615078467799,695615078484360
"HIP_RUNTIME_API_EXT","hipMemcpy",4057937,4057937,179,695615078484901,695615078510139
"HIP_COMPILER_API_EXT","__hipPushCallConfiguration",4057937,4057937,180,695615078510850,695615078510900
"HIP_COMPILER_API_EXT","__hipPopCallConfiguration",4057937,4057937,181,695615078511311,695615078511361
"HIP_RUNTIME_API_EXT","hipLaunchKernel",4057937,4057937,182,695615078511922,695615078515489
"HIP_RUNTIME_API_EXT","hipGetLastError",4057937,4057937,183,695615078515789,695615078515819
"HIP_RUNTIME_API_EXT","hipMemcpy",4057937,4057937,184,695615078516090,695615078553921
"HIP_RUNTIME_API_EXT","hipSetDevice",4057937,4057937,185,695615078555965,695615078556005
"HIP_RUNTIME_API_EXT","hipMemcpy",4057937,4057937,186,695615078556927,695615078580832
"HIP_RUNTIME_API_EXT","hipMemcpy",4057937,4057937,187,695615078581703,695615078608484
"HIP_RUNTIME_API_EXT","hipMemcpy",4057937,4057937,188,695615078609696,695615078634332
"HIP_COMPILER_API_EXT","__hipPushCallConfiguration",4057937,4057937,189,695615078635304,695615078635344
"HIP_COMPILER_API_EXT","__hipPopCallConfiguration",4057937,4057937,190,695615078635645,695615078635695
"HIP_RUNTIME_API_EXT","hipLaunchKernel",4057937,4057937,191,695615078636336,695615078639422
"HIP_RUNTIME_API_EXT","hipGetLastError",4057937,4057937,192,695615078639742,695615078639773
"HIP_RUNTIME_API_EXT","hipMemcpy",4057937,4057937,193,695615078640133,695615078683926
"HIP_RUNTIME_API_EXT","hipSetDevice",4057937,4057937,194,695615078684957,695615078685078
"HIP_RUNTIME_API_EXT","hipMemcpy",4057937,4057937,195,695615078685879,695615078711878
"HIP_RUNTIME_API_EXT","hipMemcpy",4057937,4057937,196,695615078712349,695615078757344
"HIP_RUNTIME_API_EXT","hipMemcpy",4057937,4057937,197,695615078757895,695615078781639
"HIP_COMPILER_API_EXT","__hipPushCallConfiguration",4057937,4057937,198,695615078782200,695615078782240
"HIP_COMPILER_API_EXT","__hipPopCallConfiguration",4057937,4057937,199,695615078782862,695615078782912
"HIP_RUNTIME_API_EXT","hipLaunchKernel",4057937,4057937,200,695615078783533,695615078787510
"HIP_RUNTIME_API_EXT","hipGetLastError",4057937,4057937,201,695615078787891,695615078787921
"HIP_RUNTIME_API_EXT","hipMemcpy",4057937,4057937,202,695615078788202,695615078906013
"HIP_RUNTIME_API_EXT","hipSetDevice",4057937,4057937,203,695615078912716,695615078912756
"HIP_RUNTIME_API_EXT","hipMemcpy",4057937,4057937,204,695615078913567,695615078934827
"HIP_RUNTIME_API_EXT","hipMemcpy",4057937,4057937,205,695615078935388,695615078956899
"HIP_COMPILER_API_EXT","__hipPushCallConfiguration",4057937,4057937,206,695615078957400,695615078957450
"HIP_COMPILER_API_EXT","__hipPopCallConfiguration",4057937,4057937,207,695615078957831,695615078957891
"HIP_RUNTIME_API_EXT","hipLaunchKernel",4057937,4057937,208,695615078958582,695615078962539
"HIP_RUNTIME_API_EXT","hipGetLastError",4057937,4057937,209,695615078962850,695615078962880
"HIP_RUNTIME_API_EXT","hipMemcpy",4057937,4057937,210,695615078963151,695615079013896
"HIP_RUNTIME_API_EXT","hipSetDevice",4057937,4057937,211,695615079096141,695615079096181
"HIP_RUNTIME_API_EXT","hipMemcpy",4057937,4057937,212,695615079097173,695615079144021
"HIP_RUNTIME_API_EXT","hipMemcpy",4057937,4057937,213,695615079144501,695615079165100
"HIP_COMPILER_API_EXT","__hipPushCallConfiguration",4057937,4057937,214,695615079165771,695615079165812
"HIP_COMPILER_API_EXT","__hipPopCallConfiguration",4057937,4057937,215,695615079166433,695615079166493
"HIP_RUNTIME_API_EXT","hipLaunchKernel",4057937,4057937,216,695615079167304,695615079171252
"HIP_RUNTIME_API_EXT","hipGetLastError",4057937,4057937,217,695615079171653,695615079171683
"HIP_RUNTIME_API_EXT","hipMemcpy",4057937,4057937,218,695615079171983,695615079222989
"HIP_RUNTIME_API_EXT","hipSetDevice",4057937,4057937,219,695615079304863,695615079304973
"HIP_RUNTIME_API_EXT","hipMemcpy",4057937,4057937,220,695615079305695,695615079339097
"HIP_RUNTIME_API_EXT","hipMemcpy",4057937,4057937,221,695615079339879,695615079360097
"HIP_COMPILER_API_EXT","__hipPushCallConfiguration",4057937,4057937,222,695615079360678,695615079360728
"HIP_COMPILER_API_EXT","__hipPopCallConfiguration",4057937,4057937,223,695615079361329,695615079361379
"HIP_RUNTIME_API_EXT","hipLaunchKernel",4057937,4057937,224,695615079361990,695615079365126
"HIP_RUNTIME_API_EXT","hipGetLastError",4057937,4057937,225,695615079365487,695615079365517
"HIP_RUNTIME_API_EXT","hipMemcpy",4057937,4057937,226,695615079365808,695615079416353
"HIP_RUNTIME_API_EXT","hipSetDevice",4057937,4057937,227,695615079496373,695615079496413
"HIP_RUNTIME_API_EXT","hipMemcpy",4057937,4057937,228,695615079497074,695615079536879
"HIP_RUNTIME_API_EXT","hipMemcpy",4057937,4057937,229,695615079537300,695615079558961
"HIP_COMPILER_API_EXT","__hipPushCallConfiguration",4057937,4057937,230,695615079559642,695615079559682
"HIP_COMPILER_API_EXT","__hipPopCallConfiguration",4057937,4057937,231,695615079560403,695615079560453
"HIP_RUNTIME_API_EXT","hipLaunchKernel",4057937,4057937,232,695615079561275,695615079564711
"HIP_RUNTIME_API_EXT","hipGetLastError",4057937,4057937,233,695615079565032,695615079565062
"HIP_RUNTIME_API_EXT","hipMemcpy",4057937,4057937,234,695615079565944,695615079625085
"HIP_RUNTIME_API_EXT","hipSetDevice",4057937,4057937,235,695615079698303,695615079698353
"HIP_RUNTIME_API_EXT","hipMemcpy",4057937,4057937,236,695615079699214,695615079724001
"HIP_RUNTIME_API_EXT","hipMemcpy",4057937,4057937,237,695615079724742,695615079748948
"HIP_COMPILER_API_EXT","__hipPushCallConfiguration",4057937,4057937,238,695615079749659,695615079749699
"HIP_COMPILER_API_EXT","__hipPopCallConfiguration",4057937,4057937,239,695615079750100,695615079750150
"HIP_RUNTIME_API_EXT","hipLaunchKernel",4057937,4057937,240,695615079750711,695615079754438
"HIP_RUNTIME_API_EXT","hipGetLastError",4057937,4057937,241,695615079754819,695615079754849
"HIP_RUNTIME_API_EXT","hipMemcpy",4057937,4057937,242,695615079755210,695615079783974
"HIP_RUNTIME_API_EXT","hipSetDevice",4057937,4057937,243,695615079791919,695615079792029
"HIP_RUNTIME_API_EXT","hipMemcpy",4057937,4057937,244,695615079792690,695615079816595
"HIP_RUNTIME_API_EXT","hipMemcpy",4057937,4057937,245,695615079817386,695615079840189
"HIP_COMPILER_API_EXT","__hipPushCallConfiguration",4057937,4057937,246,695615079841141,695615079841191
"HIP_COMPILER_API_EXT","__hipPopCallConfiguration",4057937,4057937,247,695615079841592,695615079841632
"HIP_RUNTIME_API_EXT","hipLaunchKernel",4057937,4057937,248,695615079842123,695615079845279
"HIP_RUNTIME_API_EXT","hipGetLastError",4057937,4057937,249,695615079845579,695615079845610
"HIP_RUNTIME_API_EXT","hipMemcpy",4057937,4057937,250,695615079845950,695615079882910
"HIP_RUNTIME_API_EXT","hipSetDevice",4057937,4057937,251,695615079884913,695615079884964
"HIP_RUNTIME_API_EXT","hipMemcpy",4057937,4057937,252,695615079885985,695615079902627
"HIP_RUNTIME_API_EXT","hipMemcpy",4057937,4057937,253,695615079903318,695615079926872
"HIP_COMPILER_API_EXT","__hipPushCallConfiguration",4057937,4057937,254,695615079927574,695615079927614
"HIP_COMPILER_API_EXT","__hipPopCallConfiguration",4057937,4057937,255,695615079928105,695615079928155
"HIP_RUNTIME_API_EXT","hipLaunchKernel",4057937,4057937,256,695615079928696,695615079931802
"HIP_RUNTIME_API_EXT","hipGetLastError",4057937,4057937,257,695615079932182,695615079932212
"HIP_RUNTIME_API_EXT","hipMemcpy",4057937,4057937,258,695615079933074,695615079969883
"HIP_RUNTIME_API_EXT","hipSetDevice",4057937,4057937,259,695615079971837,695615079971957
"HIP_RUNTIME_API_EXT","hipMemcpy",4057937,4057937,260,695615079972628,695615079990352
"HIP_RUNTIME_API_EXT","hipMemcpy",4057937,4057937,261,695615079991173,695615080016150
"HIP_COMPILER_API_EXT","__hipPushCallConfiguration",4057937,4057937,262,695615080016861,695615080016902
"HIP_COMPILER_API_EXT","__hipPopCallConfiguration",4057937,4057937,263,695615080017212,695615080017252
"HIP_RUNTIME_API_EXT","hipLaunchKernel",4057937,4057937,264,695615080017853,695615080021019
"HIP_RUNTIME_API_EXT","hipGetLastError",4057937,4057937,265,695615080021360,695615080021390
"HIP_RUNTIME_API_EXT","hipMemcpy",4057937,4057937,266,695615080021661,695615080059532
"HIP_RUNTIME_API_EXT","hipSetDevice",4057937,4057937,267,695615080061626,695615080061666
"HIP_RUNTIME_API_EXT","hipMemcpy",4057937,4057937,268,695615080062608,695615080080050
"HIP_RUNTIME_API_EXT","hipMemcpy",4057937,4057937,269,695615080080591,695615080105188
"HIP_COMPILER_API_EXT","__hipPushCallConfiguration",4057937,4057937,270,695615080106159,695615080106199
"HIP_COMPILER_API_EXT","__hipPopCallConfiguration",4057937,4057937,271,695615080106610,695615080106650
"HIP_RUNTIME_API_EXT","hipLaunchKernel",4057937,4057937,272,695615080107211,695615080110568
"HIP_RUNTIME_API_EXT","hipGetLastError",4057937,4057937,273,695615080110948,695615080110978
"HIP_RUNTIME_API_EXT","hipMemcpy",4057937,4057937,274,695615080111319,695615080149270
"HIP_RUNTIME_API_EXT","hipSetDevice",4057937,4057937,275,695615080150483,695615080150593
"HIP_RUNTIME_API_EXT","hipMemcpy",4057937,4057937,276,695615080151685,695615080178045
"HIP_RUNTIME_API_EXT","hipMemcpy",4057937,4057937,277,695615080178746,695615080205025
"HIP_RUNTIME_API_EXT","hipMemcpy",4057937,4057937,278,695615080205596,695615080229662
"HIP_COMPILER_API_EXT","__hipPushCallConfiguration",4057937,4057937,279,695615080230353,695615080230403
"HIP_COMPILER_API_EXT","__hipPopCallConfiguration",4057937,4057937,280,695615080230714,695615080230754
"HIP_RUNTIME_API_EXT","hipLaunchKernel",4057937,4057937,281,695615080231996,695615080235092
"HIP_RUNTIME_API_EXT","hipGetLastError",4057937,4057937,282,695615080235473,695615080235503
"HIP_RUNTIME_API_EXT","hipMemcpy",4057937,4057937,283,695615080235913,695615080280287
"HIP_RUNTIME_API_EXT","hipSetDevice",4057937,4057937,284,695615080281148,695615080281259
"HIP_RUNTIME_API_EXT","hipMemcpy",4057937,4057937,285,695615080281960,695615080308730
"HIP_RUNTIME_API_EXT","hipMemcpy",4057937,4057937,286,695615080309211,695615080347583
"HIP_RUNTIME_API_EXT","hipMemcpy",4057937,4057937,287,695615080348295,695615080372089
"HIP_COMPILER_API_EXT","__hipPushCallConfiguration",4057937,4057937,288,695615080372640,695615080372681
"HIP_COMPILER_API_EXT","__hipPopCallConfiguration",4057937,4057937,289,695615080373302,695615080373352
"HIP_RUNTIME_API_EXT","hipLaunchKernel",4057937,4057937,290,695615080373873,695615080377480
"HIP_RUNTIME_API_EXT","hipGetLastError",4057937,4057937,291,695615080377800,695615080377830
"HIP_RUNTIME_API_EXT","hipMemcpy",4057937,4057937,292,695615080378101,695615080496343
"HIP_RUNTIME_API_EXT","hipSetDevice",4057937,4057937,293,695615080502344,695615080502394
"HIP_RUNTIME_API_EXT","hipMemcpy",4057937,4057937,294,695615080503246,695615080524205
"HIP_RUNTIME_API_EXT","hipMemcpy",4057937,4057937,295,695615080524877,695615080545465
"HIP_COMPILER_API_EXT","__hipPushCallConfiguration",4057937,4057937,296,695615080545976,695615080546016
"HIP_COMPILER_API_EXT","__hipPopCallConfiguration",4057937,4057937,297,695615080546487,695615080546537
"HIP_RUNTIME_API_EXT","hipLaunchKernel",4057937,4057937,298,695615080547159,695615080550775
"HIP_RUNTIME_API_EXT","hipGetLastError",4057937,4057937,299,695615080551116,695615080551146
"HIP_RUNTIME_API_EXT","hipMemcpy",4057937,4057937,300,695615080551427,695615080601841
"HIP_RUNTIME_API_EXT","hipSetDevice",4057937,4057937,301,695615080682603,695615080682653
"HIP_RUNTIME_API_EXT","hipMemcpy",4057937,4057937,302,695615080683605,695615080706769
"HIP_RUNTIME_API_EXT","hipMemcpy",4057937,4057937,303,695615080707370,695615080728019
"HIP_COMPILER_API_EXT","__hipPushCallConfiguration",4057937,4057937,304,695615080729271,695615080729321
"HIP_COMPILER_API_EXT","__hipPopCallConfiguration",4057937,4057937,305,695615080729702,695615080729742
"HIP_RUNTIME_API_EXT","hipLaunchKernel",4057937,4057937,306,695615080730373,695615080734240
"HIP_RUNTIME_API_EXT","hipGetLastError",4057937,4057937,307,695615080734551,695615080734581
"HIP_RUNTIME_API_EXT","hipMemcpy",4057937,4057937,308,695615080734851,695615080786909
"HIP_RUNTIME_API_EXT","hipSetDevice",4057937,4057937,309,695615080866950,695615080866990
"HIP_RUNTIME_API_EXT","hipMemcpy",4057937,4057937,310,695615080868202,695615080888831
"HIP_RUNTIME_API_EXT","hipMemcpy",4057937,4057937,311,695615080889442,695615080910722
"HIP_COMPILER_API_EXT","__hipPushCallConfiguration",4057937,4057937,312,695615080911243,695615080911283
"HIP_COMPILER_API_EXT","__hipPopCallConfiguration",4057937,4057937,313,695615080911674,695615080911714
"HIP_RUNTIME_API_EXT","hipLaunchKernel",4057937,4057937,314,695615080912255,695615080915712
"HIP_RUNTIME_API_EXT","hipGetLastError",4057937,4057937,315,695615080916022,695615080916052
"HIP_RUNTIME_API_EXT","hipMemcpy",4057937,4057937,316,695615080916323,695615080967910
"HIP_RUNTIME_API_EXT","hipSetDevice",4057937,4057937,317,695615081050044,695615081050094
"HIP_RUNTIME_API_EXT","hipMemcpy",4057937,4057937,318,695615081050605,695615081071274
"HIP_RUNTIME_API_EXT","hipMemcpy",4057937,4057937,319,695615081071855,695615081093536
"HIP_COMPILER_API_EXT","__hipPushCallConfiguration",4057937,4057937,320,695615081094117,695615081094167
"HIP_COMPILER_API_EXT","__hipPopCallConfiguration",4057937,4057937,321,695615081094768,695615081094818
"HIP_RUNTIME_API_EXT","hipLaunchKernel",4057937,4057937,322,695615081095419,695615081098816
"HIP_RUNTIME_API_EXT","hipGetLastError",4057937,4057937,323,695615081099116,695615081099146
"HIP_RUNTIME_API_EXT","hipMemcpy",4057937,4057937,324,695615081099427,695615081150573
"HIP_RUNTIME_API_EXT","hipSetDevice",4057937,4057937,325,695615081222158,695615081222198
"HIP_RUNTIME_API_EXT","hipMemcpy",4057937,4057937,326,695615081223089,695615081240252
"HIP_RUNTIME_API_EXT","hipMemcpy",4057937,4057937,327,695615081241554,695615081264958
"HIP_COMPILER_API_EXT","__hipPushCallConfiguration",4057937,4057937,328,695615081265629,695615081265680
"HIP_COMPILER_API_EXT","__hipPopCallConfiguration",4057937,4057937,329,695615081266080,695615081266120
"HIP_RUNTIME_API_EXT","hipLaunchKernel",4057937,4057937,330,695615081266671,695615081269988
"HIP_RUNTIME_API_EXT","hipGetLastError",4057937,4057937,331,695615081270298,695615081270328
"HIP_RUNTIME_API_EXT","hipMemcpy",4057937,4057937,332,695615081270689,695615081297940
"HIP_RUNTIME_API_EXT","hipSetDevice",4057937,4057937,333,695615081306166,695615081306206
"HIP_RUNTIME_API_EXT","hipMemcpy",4057937,4057937,334,695615081306777,695615081329670
"HIP_RUNTIME_API_EXT","hipMemcpy",4057937,4057937,335,695615081330481,695615081352984
"HIP_COMPILER_API_EXT","__hipPushCallConfiguration",4057937,4057937,336,695615081353835,695615081353875
"HIP_COMPILER_API_EXT","__hipPopCallConfiguration",4057937,4057937,337,695615081354196,695615081354236
"HIP_RUNTIME_API_EXT","hipLaunchKernel",4057937,4057937,338,695615081354837,695615081357923
"HIP_RUNTIME_API_EXT","hipGetLastError",4057937,4057937,339,695615081358304,695615081358334
"HIP_RUNTIME_API_EXT","hipMemcpy",4057937,4057937,340,695615081358664,695615081396065
"HIP_RUNTIME_API_EXT","hipSetDevice",4057937,4057937,341,695615081397948,695615081397988
"HIP_RUNTIME_API_EXT","hipMemcpy",4057937,4057937,342,695615081398730,695615081415401
"HIP_RUNTIME_API_EXT","hipMemcpy",4057937,4057937,343,695615081416173,695615081441190
"HIP_COMPILER_API_EXT","__hipPushCallConfiguration",4057937,4057937,344,695615081441861,695615081441911
"HIP_COMPILER_API_EXT","__hipPopCallConfiguration",4057937,4057937,345,695615081442302,695615081442342
"HIP_RUNTIME_API_EXT","hipLaunchKernel",4057937,4057937,346,695615081442913,695615081445868
"HIP_RUNTIME_API_EXT","hipGetLastError",4057937,4057937,347,695615081446169,695615081446199
"HIP_RUNTIME_API_EXT","hipMemcpy",4057937,4057937,348,695615081446540,695615081485753
"HIP_RUNTIME_API_EXT","hipSetDevice",4057937,4057937,349,695615081487647,695615081487697
"HIP_RUNTIME_API_EXT","hipMemcpy",4057937,4057937,350,695615081488749,695615081506542
"HIP_RUNTIME_API_EXT","hipMemcpy",4057937,4057937,351,695615081514447,695615081538673
"HIP_COMPILER_API_EXT","__hipPushCallConfiguration",4057937,4057937,352,695615082005771,695615082005851
"HIP_COMPILER_API_EXT","__hipPopCallConfiguration",4057937,4057937,353,695615082006472,695615082006533
"HIP_RUNTIME_API_EXT","hipLaunchKernel",4057937,4057937,354,695615082007845,695615082011492
"HIP_RUNTIME_API_EXT","hipGetLastError",4057937,4057937,355,695615082011843,695615082011883
"HIP_RUNTIME_API_EXT","hipMemcpy",4057937,4057937,356,695615082012343,695615082051627
"HIP_RUNTIME_API_EXT","hipSetDevice",4057937,4057937,357,695615082053761,695615082053811
"HIP_RUNTIME_API_EXT","hipMemcpy",4057937,4057937,358,695615082054513,695615082073168
"HIP_RUNTIME_API_EXT","hipMemcpy",4057937,4057937,359,695615082073649,695615082121819
"HIP_COMPILER_API_EXT","__hipPushCallConfiguration",4057937,4057937,360,695615082122651,695615082122711
"HIP_COMPILER_API_EXT","__hipPopCallConfiguration",4057937,4057937,361,695615082123082,695615082123132
"HIP_RUNTIME_API_EXT","hipLaunchKernel",4057937,4057937,362,695615082123693,695615082127069
"HIP_RUNTIME_API_EXT","hipGetLastError",4057937,4057937,363,695615082127380,695615082127420
"HIP_RUNTIME_API_EXT","hipMemcpy",4057937,4057937,364,695615082127690,695615082173927
"HIP_RUNTIME_API_EXT","hipSetDevice",4057937,4057937,365,695615082175761,695615082175801
"HIP_RUNTIME_API_EXT","hipMemcpy",4057937,4057937,366,695615082176171,695615082200898
"HIP_RUNTIME_API_EXT","hipMemcpy",4057937,4057937,367,695615082201730,695615082228480
"HIP_RUNTIME_API_EXT","hipMemcpy",4057937,4057937,368,695615082232367,695615082256893
"HIP_COMPILER_API_EXT","__hipPushCallConfiguration",4057937,4057937,369,695615082257975,695615082258025
"HIP_COMPILER_API_EXT","__hipPopCallConfiguration",4057937,4057937,370,695615082258336,695615082258386
"HIP_RUNTIME_API_EXT","hipLaunchKernel",4057937,4057937,371,695615082258957,695615082262223
"HIP_RUNTIME_API_EXT","hipGetLastError",4057937,4057937,372,695615082262534,695615082262564
"HIP_RUNTIME_API_EXT","hipMemcpy",4057937,4057937,373,695615082262834,695615082310033
"HIP_RUNTIME_API_EXT","hipSetDevice",4057937,4057937,374,695615082311796,695615082311847
"HIP_RUNTIME_API_EXT","hipMemcpy",4057937,4057937,375,695615082313099,695615082342113
"HIP_RUNTIME_API_EXT","hipMemcpy",4057937,4057937,376,695615082343145,695615082382550
"HIP_RUNTIME_API_EXT","hipMemcpy",4057937,4057937,377,695615082383431,695615082407046
"HIP_COMPILER_API_EXT","__hipPushCallConfiguration",4057937,4057937,378,695615082407987,695615082408037
"HIP_COMPILER_API_EXT","__hipPopCallConfiguration",4057937,4057937,379,695615082408398,695615082408458
"HIP_RUNTIME_API_EXT","hipLaunchKernel",4057937,4057937,380,695615082408839,695615082412456
"HIP_RUNTIME_API_EXT","hipGetLastError",4057937,4057937,381,695615082412776,695615082412816
"HIP_RUNTIME_API_EXT","hipMemcpy",4057937,4057937,382,695615082413087,695615082558290
"HIP_RUNTIME_API_EXT","hipSetDevice",4057937,4057937,383,695615082563570,695615082563620
"HIP_RUNTIME_API_EXT","hipMemcpy",4057937,4057937,384,695615082564181,695615082583898
"HIP_RUNTIME_API_EXT","hipMemcpy",4057937,4057937,385,695615082584349,695615082605829
"HIP_COMPILER_API_EXT","__hipPushCallConfiguration",4057937,4057937,386,695615082606160,695615082606200
"HIP_COMPILER_API_EXT","__hipPopCallConfiguration",4057937,4057937,387,695615082606531,695615082606581
"HIP_RUNTIME_API_EXT","hipLaunchKernel",4057937,4057937,388,695615082606982,695615082608865
"HIP_RUNTIME_API_EXT","hipGetLastError",4057937,4057937,389,695615082609176,695615082609206
"HIP_RUNTIME_API_EXT","hipMemcpy",4057937,4057937,390,695615082609496,695615082657697
"HIP_RUNTIME_API_EXT","hipSetDevice",4057937,4057937,391,695615082737928,695615082737978
"HIP_RUNTIME_API_EXT","hipMemcpy",4057937,4057937,392,695615082738439,695615082762193
"HIP_RUNTIME_API_EXT","hipMemcpy",4057937,4057937,393,695615082762504,695615082779285
"HIP_COMPILER_API_EXT","__hipPushCallConfiguration",4057937,4057937,394,695615082779616,695615082779666
"HIP_COMPILER_API_EXT","__hipPopCallConfiguration",4057937,4057937,395,695615082780027,695615082780067
"HIP_RUNTIME_API_EXT","hipLaunchKernel",4057937,4057937,396,695615082780518,695615082782752
"HIP_RUNTIME_API_EXT","hipGetLastError",4057937,4057937,397,695615082783073,695615082783103
"HIP_RUNTIME_API_EXT","hipMemcpy",4057937,4057937,398,695615082784095,695615082831323
"HIP_RUNTIME_API_EXT","hipSetDevice",4057937,4057937,399,695615082911915,695615082911955
"HIP_RUNTIME_API_EXT","hipMemcpy",4057937,4057937,400,695615082912666,695615082932383
"HIP_RUNTIME_API_EXT","hipMemcpy",4057937,4057937,401,695615082932694,695615082952541
"HIP_COMPILER_API_EXT","__hipPushCallConfiguration",4057937,4057937,402,695615082952842,695615082952882
"HIP_COMPILER_API_EXT","__hipPopCallConfiguration",4057937,4057937,403,695615082953283,695615082953323
"HIP_RUNTIME_API_EXT","hipLaunchKernel",4057937,4057937,404,695615082953744,695615082955537
"HIP_RUNTIME_API_EXT","hipGetLastError",4057937,4057937,405,695615082955867,695615082955898
"HIP_RUNTIME_API_EXT","hipMemcpy",4057937,4057937,406,695615082956188,695615083005391
"HIP_RUNTIME_API_EXT","hipSetDevice",4057937,4057937,407,695615083122160,695615083122210
"HIP_RUNTIME_API_EXT","hipMemcpy",4057937,4057937,408,695615083122831,695615083166754
"HIP_RUNTIME_API_EXT","hipMemcpy",4057937,4057937,409,695615083167075,695615083187182
"HIP_COMPILER_API_EXT","__hipPushCallConfiguration",4057937,4057937,410,695615083187503,695615083187573
"HIP_COMPILER_API_EXT","__hipPopCallConfiguration",4057937,4057937,411,695615083187964,695615083188024
"HIP_RUNTIME_API_EXT","hipLaunchKernel",4057937,4057937,412,695615083188415,695615083190579
"HIP_RUNTIME_API_EXT","hipGetLastError",4057937,4057937,413,695615083190889,695615083190929
"HIP_RUNTIME_API_EXT","hipMemcpy",4057937,4057937,414,695615083191240,695615083238980
"HIP_RUNTIME_API_EXT","hipSetDevice",4057937,4057937,415,695615083312047,695615083312107
"HIP_RUNTIME_API_EXT","hipMemcpy",4057937,4057937,416,695615083312718,695615083352964
"HIP_RUNTIME_API_EXT","hipMemcpy",4057937,4057937,417,695615083353275,695615083376027
"HIP_COMPILER_API_EXT","__hipPushCallConfiguration",4057937,4057937,418,695615083376518,695615083376558
"HIP_COMPILER_API_EXT","__hipPopCallConfiguration",4057937,4057937,419,695615083376869,695615083376919
"HIP_RUNTIME_API_EXT","hipLaunchKernel",4057937,4057937,420,695615083377330,695615083379474
"HIP_RUNTIME_API_EXT","hipGetLastError",4057937,4057937,421,695615083380406,695615083380436
"HIP_RUNTIME_API_EXT","hipMemcpy",4057937,4057937,422,695615083380716,695615083407837
"HIP_RUNTIME_API_EXT","hipSetDevice",4057937,4057937,423,695615083415712,695615083415762
"HIP_RUNTIME_API_EXT","hipMemcpy",4057937,4057937,424,695615083416093,695615083438445
"HIP_RUNTIME_API_EXT","hipMemcpy",4057937,4057937,425,695615083438896,695615083461859
"HIP_COMPILER_API_EXT","__hipPushCallConfiguration",4057937,4057937,426,695615083462169,695615083462220
"HIP_COMPILER_API_EXT","__hipPopCallConfiguration",4057937,4057937,427,695615083462520,695615083462570
"HIP_RUNTIME_API_EXT","hipLaunchKernel",4057937,4057937,428,695615083462941,695615083464644
"HIP_RUNTIME_API_EXT","hipGetLastError",4057937,4057937,429,695615083464965,695615083464995
"HIP_RUNTIME_API_EXT","hipMemcpy",4057937,4057937,430,695615083465275,695615083511703
"HIP_RUNTIME_API_EXT","hipSetDevice",4057937,4057937,431,695615083513326,695615083513376
"HIP_RUNTIME_API_EXT","hipMemcpy",4057937,4057937,432,695615083513746,695615083529276
"HIP_RUNTIME_API_EXT","hipMemcpy",4057937,4057937,433,695615083529596,695615083552800
"HIP_COMPILER_API_EXT","__hipPushCallConfiguration",4057937,4057937,434,695615083553211,695615083553261
"HIP_COMPILER_API_EXT","__hipPopCallConfiguration",4057937,4057937,435,695615083553942,695615083553992
"HIP_RUNTIME_API_EXT","hipLaunchKernel",4057937,4057937,436,695615083554523,695615083557138
"HIP_RUNTIME_API_EXT","hipGetLastError",4057937,4057937,437,695615083557449,695615083557479
"HIP_RUNTIME_API_EXT","hipMemcpy",4057937,4057937,438,695615083557799,695615083593556
"HIP_RUNTIME_API_EXT","hipSetDevice",4057937,4057937,439,695615083595230,695615083595270
"HIP_RUNTIME_API_EXT","hipMemcpy",4057937,4057937,440,695615083595931,695615083613274
"HIP_RUNTIME_API_EXT","hipMemcpy",4057937,4057937,441,695615083613564,695615083634884
"HIP_COMPILER_API_EXT","__hipPushCallConfiguration",4057937,4057937,442,695615083635245,695615083635285
"HIP_COMPILER_API_EXT","__hipPopCallConfiguration",4057937,4057937,443,695615083635676,695615083635726
"HIP_RUNTIME_API_EXT","hipLaunchKernel",4057937,4057937,444,695615083636096,695615083638140
"HIP_RUNTIME_API_EXT","hipGetLastError",4057937,4057937,445,695615083638962,695615083638992
"HIP_RUNTIME_API_EXT","hipMemcpy",4057937,4057937,446,695615083639282,695615083674108
"HIP_RUNTIME_API_EXT","hipSetDevice",4057937,4057937,447,695615083675771,695615083675811
"HIP_RUNTIME_API_EXT","hipMemcpy",4057937,4057937,448,695615083676302,695615083694055
"HIP_RUNTIME_API_EXT","hipMemcpy",4057937,4057937,449,695615083697282,695615083719824
"HIP_COMPILER_API_EXT","__hipPushCallConfiguration",4057937,4057937,450,695615083720285,695615083720345
"HIP_COMPILER_API_EXT","__hipPopCallConfiguration",4057937,4057937,451,695615083720665,695615083720716
"HIP_RUNTIME_API_EXT","hipLaunchKernel",4057937,4057937,452,695615083721156,695615083723120
"HIP_RUNTIME_API_EXT","hipGetLastError",4057937,4057937,453,695615083723431,695615083723461
"HIP_RUNTIME_API_EXT","hipMemcpy",4057937,4057937,454,695615083723731,695615083759198
"HIP_RUNTIME_API_EXT","hipSetDevice",4057937,4057937,455,695615083760280,695615083760330
"HIP_RUNTIME_API_EXT","hipMemcpy",4057937,4057937,456,695615083761071,695615083782412
"HIP_RUNTIME_API_EXT","hipMemcpy",4057937,4057937,457,695615083782752,695615083808020
"HIP_RUNTIME_API_EXT","hipMemcpy",4057937,4057937,458,695615083808400,695615083830242
"HIP_COMPILER_API_EXT","__hipPushCallConfiguration",4057937,4057937,459,695615083830692,695615083830732
"HIP_COMPILER_API_EXT","__hipPopCallConfiguration",4057937,4057937,460,695615083831053,695615083831103
"HIP_RUNTIME_API_EXT","hipLaunchKernel",4057937,4057937,461,695615083831514,695615083833518
"HIP_RUNTIME_API_EXT","hipGetLastError",4057937,4057937,462,695615083833828,695615083833858
"HIP_RUNTIME_API_EXT","hipMemcpy",4057937,4057937,463,695615083834129,695615083877661
"HIP_RUNTIME_API_EXT","hipSetDevice",4057937,4057937,464,695615083878192,695615083878242
"HIP_RUNTIME_API_EXT","hipMemcpy",4057937,4057937,465,695615083878693,695615083904541
"HIP_RUNTIME_API_EXT","hipMemcpy",4057937,4057937,466,695615083904842,695615083940809
"HIP_RUNTIME_API_EXT","hipMemcpy",4057937,4057937,467,695615083941170,695615083963362
"HIP_COMPILER_API_EXT","__hipPushCallConfiguration",4057937,4057937,468,695615083964634,695615083964684
"HIP_COMPILER_API_EXT","__hipPopCallConfiguration",4057937,4057937,469,695615083965035,695615083965085
"HIP_RUNTIME_API_EXT","hipLaunchKernel",4057937,4057937,470,695615083965636,695615083967369
"HIP_RUNTIME_API_EXT","hipGetLastError",4057937,4057937,471,695615083967680,695615083967710
"HIP_RUNTIME_API_EXT","hipMemcpy",4057937,4057937,472,695615083968001,695615084083498
"HIP_RUNTIME_API_EXT","hipSetDevice",4057937,4057937,473,695615084088838,695615084088898
"HIP_RUNTIME_API_EXT","hipMemcpy",4057937,4057937,474,695615084089479,695615084107643
"HIP_RUNTIME_API_EXT","hipMemcpy",4057937,4057937,475,695615084107934,695615084127691
"HIP_COMPILER_API_EXT","__hipPushCallConfiguration",4057937,4057937,476,695615084128021,695615084128072
"HIP_COMPILER_API_EXT","__hipPopCallConfiguration",4057937,4057937,477,695615084128392,695615084128442
"HIP_RUNTIME_API_EXT","hipLaunchKernel",4057937,4057937,478,695615084128853,695615084130656
"HIP_RUNTIME_API_EXT","hipGetLastError",4057937,4057937,479,695615084130987,695615084131017
"HIP_RUNTIME_API_EXT","hipMemcpy",4057937,4057937,480,695615084131318,695615084179568
"HIP_RUNTIME_API_EXT","hipSetDevice",4057937,4057937,481,695615084260490,695615084260531
"HIP_RUNTIME_API_EXT","hipMemcpy",4057937,4057937,482,695615084260971,695615084307469
"HIP_RUNTIME_API_EXT","hipMemcpy",4057937,4057937,483,695615084307749,695615084324721
"HIP_COMPILER_API_EXT","__hipPushCallConfiguration",4057937,4057937,484,695615084325032,695615084325072
"HIP_COMPILER_API_EXT","__hipPopCallConfiguration",4057937,4057937,485,695615084325453,695615084325493
"HIP_RUNTIME_API_EXT","hipLaunchKernel",4057937,4057937,486,695615084325924,695615084327907
"HIP_RUNTIME_API_EXT","hipGetLastError",4057937,4057937,487,695615084328268,695615084328298
"HIP_RUNTIME_API_EXT","hipMemcpy",4057937,4057937,488,695615084328599,695615084376438
"HIP_RUNTIME_API_EXT","hipSetDevice",4057937,4057937,489,695615084456679,695615084456729
"HIP_RUNTIME_API_EXT","hipMemcpy",4057937,4057937,490,695615084457240,695615084496895
"HIP_RUNTIME_API_EXT","hipMemcpy",4057937,4057937,491,695615084497977,695615084517153
"HIP_COMPILER_API_EXT","__hipPushCallConfiguration",4057937,4057937,492,695615084517474,695615084517514
"HIP_COMPILER_API_EXT","__hipPopCallConfiguration",4057937,4057937,493,695615084517884,695615084517925
"HIP_RUNTIME_API_EXT","hipLaunchKernel",4057937,4057937,494,695615084518335,695615084520329
"HIP_RUNTIME_API_EXT","hipGetLastError",4057937,4057937,495,695615084520640,695615084520670
"HIP_RUNTIME_API_EXT","hipMemcpy",4057937,4057937,496,695615084520950,695615084569001
"HIP_RUNTIME_API_EXT","hipSetDevice",4057937,4057937,497,695615084648650,695615084648690
"HIP_RUNTIME_API_EXT","hipMemcpy",4057937,4057937,498,695615084649071,695615084689637
"HIP_RUNTIME_API_EXT","hipMemcpy",4057937,4057937,499,695615084690038,695615084709164
"HIP_COMPILER_API_EXT","__hipPushCallConfiguration",4057937,4057937,500,695615084709475,695615084709525
"HIP_COMPILER_API_EXT","__hipPopCallConfiguration",4057937,4057937,501,695615084709875,695615084709916
"HIP_RUNTIME_API_EXT","hipLaunchKernel",4057937,4057937,502,695615084710306,695615084712210
"HIP_RUNTIME_API_EXT","hipGetLastError",4057937,4057937,503,695615084712520,695615084712550
"HIP_RUNTIME_API_EXT","hipMemcpy",4057937,4057937,504,695615084712831,695615084761653
"HIP_RUNTIME_API_EXT","hipSetDevice",4057937,4057937,505,695615084834810,695615084834850
"HIP_RUNTIME_API_EXT","hipMemcpy",4057937,4057937,506,695615084835341,695615084877921
"HIP_RUNTIME_API_EXT","hipMemcpy",4057937,4057937,507,695615084878252,695615084899672
"HIP_COMPILER_API_EXT","__hipPushCallConfiguration",4057937,4057937,508,695615084900043,695615084900093
"HIP_COMPILER_API_EXT","__hipPopCallConfiguration",4057937,4057937,509,695615084900434,695615084900484
"HIP_RUNTIME_API_EXT","hipLaunchKernel",4057937,4057937,510,695615084900905,695615084902828
"HIP_RUNTIME_API_EXT","hipGetLastError",4057937,4057937,511,695615084903139,695615084903169
"HIP_RUNTIME_API_EXT","hipMemcpy",4057937,4057937,512,695615084903459,695615084932053
"HIP_RUNTIME_API_EXT","hipSetDevice",4057937,4057937,513,695615084939688,695615084939738
"HIP_RUNTIME_API_EXT","hipMemcpy",4057937,4057937,514,695615084940940,695615084964033
"HIP_RUNTIME_API_EXT","hipMemcpy",4057937,4057937,515,695615084964514,695615084986796
"HIP_COMPILER_API_EXT","__hipPushCallConfiguration",4057937,4057937,516,695615084987267,695615084987307
"HIP_COMPILER_API_EXT","__hipPopCallConfiguration",4057937,4057937,517,695615084987668,695615084987708
"HIP_RUNTIME_API_EXT","hipLaunchKernel",4057937,4057937,518,695615084988149,695615084990233
"HIP_RUNTIME_API_EXT","hipGetLastError",4057937,4057937,519,695615084990543,695615084990573
"HIP_RUNTIME_API_EXT","hipMemcpy",4057937,4057937,520,695615084990844,695615085026942
"HIP_RUNTIME_API_EXT","hipSetDevice",4057937,4057937,521,695615085028585,695615085028625
"HIP_RUNTIME_API_EXT","hipMemcpy",4057937,4057937,522,695615085029126,695615085046659
"HIP_RUNTIME_API_EXT","hipMemcpy",4057937,4057937,523,695615085046959,695615085069251
"HIP_COMPILER_API_EXT","__hipPushCallConfiguration",4057937,4057937,524,695615085069672,695615085069712
"HIP_COMPILER_API_EXT","__hipPopCallConfiguration",4057937,4057937,525,695615085070033,695615085070073
"HIP_RUNTIME_API_EXT","hipLaunchKernel",4057937,4057937,526,695615085070503,695615085072397
"HIP_RUNTIME_API_EXT","hipGetLastError",4057937,4057937,527,695615085072698,695615085072738
"HIP_RUNTIME_API_EXT","hipMemcpy",4057937,4057937,528,695615085073008,695615085108816
"HIP_RUNTIME_API_EXT","hipSetDevice",4057937,4057937,529,695615085110398,695615085110449
"HIP_RUNTIME_API_EXT","hipMemcpy",4057937,4057937,530,695615085110950,695615085127521
"HIP_RUNTIME_API_EXT","hipMemcpy",4057937,4057937,531,695615085127931,695615085150574
"HIP_COMPILER_API_EXT","__hipPushCallConfiguration",4057937,4057937,532,695615085150915,695615085150955
"HIP_COMPILER_API_EXT","__hipPopCallConfiguration",4057937,4057937,533,695615085151365,695615085151416
"HIP_RUNTIME_API_EXT","hipLaunchKernel",4057937,4057937,534,695615085151886,695615085154020
"HIP_RUNTIME_API_EXT","hipGetLastError",4057937,4057937,535,695615085154331,695615085154361
"HIP_RUNTIME_API_EXT","hipMemcpy",4057937,4057937,536,695615085154632,695615085190790
"HIP_RUNTIME_API_EXT","hipSetDevice",4057937,4057937,537,695615085192363,695615085192413
"HIP_RUNTIME_API_EXT","hipMemcpy",4057937,4057937,538,695615085193415,695615085210417
"HIP_RUNTIME_API_EXT","hipMemcpy",4057937,4057937,539,695615085210817,695615085233450
"HIP_COMPILER_API_EXT","__hipPushCallConfiguration",4057937,4057937,540,695615085233790,695615085233831
"HIP_COMPILER_API_EXT","__hipPopCallConfiguration",4057937,4057937,541,695615085234211,695615085234251
"HIP_RUNTIME_API_EXT","hipLaunchKernel",4057937,4057937,542,695615085234692,695615085236636
"HIP_RUNTIME_API_EXT","hipGetLastError",4057937,4057937,543,695615085236936,695615085236966
"HIP_RUNTIME_API_EXT","hipMemcpy",4057937,4057937,544,695615085237237,695615085273375
"HIP_RUNTIME_API_EXT","hipSetDevice",4057937,4057937,545,695615085274397,695615085274447
"HIP_RUNTIME_API_EXT","hipMemcpy",4057937,4057937,546,695615085274998,695615085296428
"HIP_RUNTIME_API_EXT","hipMemcpy",4057937,4057937,547,695615085296809,695615085321696
"HIP_RUNTIME_API_EXT","hipMemcpy",4057937,4057937,548,695615085322006,695615085343597
"HIP_COMPILER_API_EXT","__hipPushCallConfiguration",4057937,4057937,549,695615085343978,695615085344028
"HIP_COMPILER_API_EXT","__hipPopCallConfiguration",4057937,4057937,550,695615085344338,695615085344388
"HIP_RUNTIME_API_EXT","hipLaunchKernel",4057937,4057937,551,695615085344849,695615085346873
"HIP_RUNTIME_API_EXT","hipGetLastError",4057937,4057937,552,695615085347184,695615085347214
"HIP_RUNTIME_API_EXT","hipMemcpy",4057937,4057937,553,695615085347484,695615085397949
"HIP_RUNTIME_API_EXT","hipSetDevice",4057937,4057937,554,695615085398430,695615085398470
"HIP_RUNTIME_API_EXT","hipMemcpy",4057937,4057937,555,695615085398881,695615085424259
"HIP_RUNTIME_API_EXT","hipMemcpy",4057937,4057937,556,695615085424579,695615085460126
"HIP_RUNTIME_API_EXT","hipMemcpy",4057937,4057937,557,695615085460447,695615085483139
"HIP_COMPILER_API_EXT","__hipPushCallConfiguration",4057937,4057937,558,695615085483460,695615085483510
"HIP_COMPILER_API_EXT","__hipPopCallConfiguration",4057937,4057937,559,695615085483861,695615085483911
"HIP_RUNTIME_API_EXT","hipLaunchKernel",4057937,4057937,560,695615085484331,695615085486896
"HIP_RUNTIME_API_EXT","hipGetLastError",4057937,4057937,561,695615085487708,695615085487738
"HIP_RUNTIME_API_EXT","hipMemcpy",4057937,4057937,562,695615085488048,695615085602013
"HIP_RUNTIME_API_EXT","hipSetDevice",4057937,4057937,563,695615085607233,695615085607273
"HIP_RUNTIME_API_EXT","hipMemcpy",4057937,4057937,564,695615085607723,695615085626579
"HIP_RUNTIME_API_EXT","hipMemcpy",4057937,4057937,565,695615085626889,695615085646256
"HIP_COMPILER_API_EXT","__hipPushCallConfiguration",4057937,4057937,566,695615085646576,695615085646617
"HIP_COMPILER_API_EXT","__hipPopCallConfiguration",4057937,4057937,567,695615085646957,695615085647007
"HIP_RUNTIME_API_EXT","hipLaunchKernel",4057937,4057937,568,695615085647408,695615085649933
"HIP_RUNTIME_API_EXT","hipGetLastError",4057937,4057937,569,695615085650243,695615085650273
"HIP_RUNTIME_API_EXT","hipMemcpy",4057937,4057937,570,695615085650564,695615085698374
"HIP_RUNTIME_API_EXT","hipSetDevice",4057937,4057937,571,695615085778504,695615085778555
"HIP_RUNTIME_API_EXT","hipMemcpy",4057937,4057937,572,695615085778985,695615085826745
"HIP_RUNTIME_API_EXT","hipMemcpy",4057937,4057937,573,695615085827116,695615085846663
"HIP_COMPILER_API_EXT","__hipPushCallConfiguration",4057937,4057937,574,695615085847003,695615085847053
"HIP_COMPILER_API_EXT","__hipPopCallConfiguration",4057937,4057937,575,695615085847414,695615085847464
"HIP_RUNTIME_API_EXT","hipLaunchKernel",4057937,4057937,576,695615085847845,695615085850289
"HIP_RUNTIME_API_EXT","hipGetLastError",4057937,4057937,577,695615085850710,695615085850740
"HIP_RUNTIME_API_EXT","hipMemcpy",4057937,4057937,578,695615085851011,695615085898560
"HIP_RUNTIME_API_EXT","hipSetDevice",4057937,4057937,579,695615085978370,695615085978410
"HIP_RUNTIME_API_EXT","hipMemcpy",4057937,4057937,580,695615085978891,695615086015059
"HIP_RUNTIME_API_EXT","hipMemcpy",4057937,4057937,581,695615086015380,695615086034937
"HIP_COMPILER_API_EXT","__hipPushCallConfiguration",4057937,4057937,582,695615086035237,695615086035277
"HIP_COMPILER_API_EXT","__hipPopCallConfiguration",4057937,4057937,583,695615086035628,695615086035668
"HIP_RUNTIME_API_EXT","hipLaunchKernel",4057937,4057937,584,695615086036820,695615086038563
"HIP_RUNTIME_API_EXT","hipGetLastError",4057937,4057937,585,695615086038894,695615086038924
"HIP_RUNTIME_API_EXT","hipMemcpy",4057937,4057937,586,695615086039205,695615086087055
"HIP_RUNTIME_API_EXT","hipSetDevice",4057937,4057937,587,695615086166233,695615086166274
"HIP_RUNTIME_API_EXT","hipMemcpy",4057937,4057937,588,695615086166724,695615086209194
"HIP_RUNTIME_API_EXT","hipMemcpy",4057937,4057937,589,695615086209525,695615086230134
"HIP_COMPILER_API_EXT","__hipPushCallConfiguration",4057937,4057937,590,695615086230434,695615086230484
"HIP_COMPILER_API_EXT","__hipPopCallConfiguration",4057937,4057937,591,695615086230845,695615086230895
"HIP_RUNTIME_API_EXT","hipLaunchKernel",4057937,4057937,592,695615086231326,695615086233269
"HIP_RUNTIME_API_EXT","hipGetLastError",4057937,4057937,593,695615086233600,695615086233630
"HIP_RUNTIME_API_EXT","hipMemcpy",4057937,4057937,594,695615086233911,695615086282091
"HIP_RUNTIME_API_EXT","hipSetDevice",4057937,4057937,595,695615086353305,695615086353355
"HIP_RUNTIME_API_EXT","hipMemcpy",4057937,4057937,596,695615086353826,695615086393691
"HIP_RUNTIME_API_EXT","hipMemcpy",4057937,4057937,597,695615086394002,695615086414811
"HIP_COMPILER_API_EXT","__hipPushCallConfiguration",4057937,4057937,598,695615086415242,695615086415282
"HIP_COMPILER_API_EXT","__hipPopCallConfiguration",4057937,4057937,599,695615086415642,695615086415692
"HIP_RUNTIME_API_EXT","hipLaunchKernel",4057937,4057937,600,695615086416143,695615086418117
"HIP_RUNTIME_API_EXT","hipGetLastError",4057937,4057937,601,695615086418428,695615086418458
"HIP_RUNTIME_API_EXT","hipMemcpy",4057937,4057937,602,695615086418728,695615086446050
"HIP_RUNTIME_API_EXT","hipSetDevice",4057937,4057937,603,695615086453564,695615086453604
"HIP_RUNTIME_API_EXT","hipMemcpy",4057937,4057937,604,695615086454025,695615086476687
"HIP_RUNTIME_API_EXT","hipMemcpy",4057937,4057937,605,695615086477098,695615086498057
"HIP_COMPILER_API_EXT","__hipPushCallConfiguration",4057937,4057937,606,695615086498488,695615086498538
"HIP_COMPILER_API_EXT","__hipPopCallConfiguration",4057937,4057937,607,695615086498889,695615086498929
"HIP_RUNTIME_API_EXT","hipLaunchKernel",4057937,4057937,608,695615086499911,695615086501945
"HIP_RUNTIME_API_EXT","hipGetLastError",4057937,4057937,609,695615086502255,695615086502285
"HIP_RUNTIME_API_EXT","hipMemcpy",4057937,4057937,610,695615086502546,695615086543162
"HIP_RUNTIME_API_EXT","hipSetDevice",4057937,4057937,611,695615086544855,695615086544895
"HIP_RUNTIME_API_EXT","hipMemcpy",4057937,4057937,612,695615086545346,695615086562859
"HIP_RUNTIME_API_EXT","hipMemcpy",4057937,4057937,613,695615086563170,695615086586383
"HIP_COMPILER_API_EXT","__hipPushCallConfiguration",4057937,4057937,614,695615086586774,695615086586824
"HIP_COMPILER_API_EXT","__hipPopCallConfiguration",4057937,4057937,615,695615086587135,695615086587185
"HIP_RUNTIME_API_EXT","hipLaunchKernel",4057937,4057937,616,695615086587596,695615086589509
"HIP_RUNTIME_API_EXT","hipGetLastError",4057937,4057937,617,695615086589820,695615086589850
"HIP_RUNTIME_API_EXT","hipMemcpy",4057937,4057937,618,695615086590120,695615086625928
"HIP_RUNTIME_API_EXT","hipSetDevice",4057937,4057937,619,695615086627441,695615086627481
"HIP_RUNTIME_API_EXT","hipMemcpy",4057937,4057937,620,695615086627912,695615086644673
"HIP_RUNTIME_API_EXT","hipMemcpy",4057937,4057937,621,695615086644964,695615086666474
"HIP_COMPILER_API_EXT","__hipPushCallConfiguration",4057937,4057937,622,695615086666875,695615086666915
"HIP_COMPILER_API_EXT","__hipPopCallConfiguration",4057937,4057937,623,695615086667215,695615086667255
"HIP_RUNTIME_API_EXT","hipLaunchKernel",4057937,4057937,624,695615086667696,695615086669690
"HIP_RUNTIME_API_EXT","hipGetLastError",4057937,4057937,625,695615086670001,695615086670031
"HIP_RUNTIME_API_EXT","hipMemcpy",4057937,4057937,626,695615086670301,695615086705798
"HIP_RUNTIME_API_EXT","hipSetDevice",4057937,4057937,627,695615086707361,695615086707401
"HIP_RUNTIME_API_EXT","hipMemcpy",4057937,4057937,628,695615086707932,695615086725465
"HIP_RUNTIME_API_EXT","hipMemcpy",4057937,4057937,629,695615086725786,695615086747697
"HIP_COMPILER_API_EXT","__hipPushCallConfiguration",4057937,4057937,630,695615086748087,695615086748128
"HIP_COMPILER_API_EXT","__hipPopCallConfiguration",4057937,4057937,631,695615086749049,695615086749089
"HIP_RUNTIME_API_EXT","hipLaunchKernel",4057937,4057937,632,695615086749560,695615086751414
"HIP_RUNTIME_API_EXT","hipGetLastError",4057937,4057937,633,695615086751724,695615086751754
"HIP_RUNTIME_API_EXT","hipMemcpy",4057937,4057937,634,695615086752025,695615086787742
"HIP_RUNTIME_API_EXT","hipSetDevice",4057937,4057937,635,695615086788734,695615086788774
"HIP_RUNTIME_API_EXT","hipMemcpy",4057937,4057937,636,695615086789235,695615086810445
"HIP_RUNTIME_API_EXT","hipMemcpy",4057937,4057937,637,695615086810825,695615086835522
"HIP_RUNTIME_API_EXT","hipMemcpy",4057937,4057937,638,695615086835842,695615086858876
"HIP_COMPILER_API_EXT","__hipPushCallConfiguration",4057937,4057937,639,695615086859226,695615086859277
"HIP_COMPILER_API_EXT","__hipPopCallConfiguration",4057937,4057937,640,695615086859617,695615086859657
"HIP_RUNTIME_API_EXT","hipLaunchKernel",4057937,4057937,641,695615086860168,695615086862272
"HIP_RUNTIME_API_EXT","hipGetLastError",4057937,4057937,642,695615086862573,695615086862603
"HIP_RUNTIME_API_EXT","hipMemcpy",4057937,4057937,643,695615086862873,695615086906686
"HIP_RUNTIME_API_EXT","hipSetDevice",4057937,4057937,644,695615086907137,695615086907177
"HIP_RUNTIME_API_EXT","hipMemcpy",4057937,4057937,645,695615086907627,695615086933306
"HIP_RUNTIME_API_EXT","hipMemcpy",4057937,4057937,646,695615086933626,695615086968532
"HIP_RUNTIME_API_EXT","hipMemcpy",4057937,4057937,647,695615086968903,695615086991585
"HIP_COMPILER_API_EXT","__hipPushCallConfiguration",4057937,4057937,648,695615086991906,695615086991956
"HIP_COMPILER_API_EXT","__hipPopCallConfiguration",4057937,4057937,649,695615086992277,695615086992327
"HIP_RUNTIME_API_EXT","hipLaunchKernel",4057937,4057937,650,695615086992768,695615086994902
"HIP_RUNTIME_API_EXT","hipGetLastError",4057937,4057937,651,695615086995262,695615086995292
"HIP_RUNTIME_API_EXT","hipMemcpy",4057937,4057937,652,695615086995563,695615087110799
"HIP_RUNTIME_API_EXT","hipSetDevice",4057937,4057937,653,695615087115969,695615087116029
"HIP_RUNTIME_API_EXT","hipMemcpy",4057937,4057937,654,695615087117242,695615087135907
"HIP_RUNTIME_API_EXT","hipMemcpy",4057937,4057937,655,695615087136227,695615087155423
"HIP_COMPILER_API_EXT","__hipPushCallConfiguration",4057937,4057937,656,695615087155734,695615087155774
"HIP_COMPILER_API_EXT","__hipPopCallConfiguration",4057937,4057937,657,695615087156105,695615087156155
"HIP_RUNTIME_API_EXT","hipLaunchKernel",4057937,4057937,658,695615087156555,695615087158710
"HIP_RUNTIME_API_EXT","hipGetLastError",4057937,4057937,659,695615087159020,695615087159050
"HIP_RUNTIME_API_EXT","hipMemcpy",4057937,4057937,660,695615087159321,695615087207541
"HIP_RUNTIME_API_EXT","hipSetDevice",4057937,4057937,661,695615087287862,695615087287912
"HIP_RUNTIME_API_EXT","hipMemcpy",4057937,4057937,662,695615087288433,695615087331054
"HIP_RUNTIME_API_EXT","hipMemcpy",4057937,4057937,663,695615087331484,695615087351432
"HIP_COMPILER_API_EXT","__hipPushCallConfiguration",4057937,4057937,664,695615087351753,695615087351803
"HIP_COMPILER_API_EXT","__hipPopCallConfiguration",4057937,4057937,665,695615087352153,695615087352203
"HIP_RUNTIME_API_EXT","hipLaunchKernel",4057937,4057937,666,695615087352664,695615087354648
"HIP_RUNTIME_API_EXT","hipGetLastError",4057937,4057937,667,695615087354949,695615087354989
"HIP_RUNTIME_API_EXT","hipMemcpy",4057937,4057937,668,695615087355289,695615087405003
"HIP_RUNTIME_API_EXT","hipSetDevice",4057937,4057937,669,695615087485093,695615087485143
"HIP_RUNTIME_API_EXT","hipMemcpy",4057937,4057937,670,695615087485654,695615087525319
"HIP_RUNTIME_API_EXT","hipMemcpy",4057937,4057937,671,695615087525649,695615087545326
"HIP_COMPILER_API_EXT","__hipPushCallConfiguration",4057937,4057937,672,695615087545647,695615087545697
"HIP_COMPILER_API_EXT","__hipPopCallConfiguration",4057937,4057937,673,695615087546028,695615087546078
"HIP_RUNTIME_API_EXT","hipLaunchKernel",4057937,4057937,674,695615087546479,695615087548673
"HIP_RUNTIME_API_EXT","hipGetLastError",4057937,4057937,675,695615087548973,695615087549003
"HIP_RUNTIME_API_EXT","hipMemcpy",4057937,4057937,676,695615087549304,695615087602404
"HIP_RUNTIME_API_EXT","hipSetDevice",4057937,4057937,677,695615087681833,695615087681873
"HIP_RUNTIME_API_EXT","hipMemcpy",4057937,4057937,678,695615087682254,695615087719604
"HIP_RUNTIME_API_EXT","hipMemcpy",4057937,4057937,679,695615087719965,695615087739251
"HIP_COMPILER_API_EXT","__hipPushCallConfiguration",4057937,4057937,680,695615087739592,695615087739632
"HIP_COMPILER_API_EXT","__hipPopCallConfiguration",4057937,4057937,681,695615087740002,695615087740043
"HIP_RUNTIME_API_EXT","hipLaunchKernel",4057937,4057937,682,695615087740453,695615087742347
"HIP_RUNTIME_API_EXT","hipGetLastError",4057937,4057937,683,695615087742668,695615087742698
"HIP_RUNTIME_API_EXT","hipMemcpy",4057937,4057937,684,695615087743499,695615087796789
"HIP_RUNTIME_API_EXT","hipSetDevice",4057937,4057937,685,695615087868524,695615087868574
"HIP_RUNTIME_API_EXT","hipMemcpy",4057937,4057937,686,695615087869035,695615087911655
"HIP_RUNTIME_API_EXT","hipMemcpy",4057937,4057937,687,695615087911976,695615087933326
"HIP_COMPILER_API_EXT","__hipPushCallConfiguration",4057937,4057937,688,695615087933707,695615087933747
"HIP_COMPILER_API_EXT","__hipPopCallConfiguration",4057937,4057937,689,695615087934077,695615087934117
"HIP_RUNTIME_API_EXT","hipLaunchKernel",4057937,4057937,690,695615087934528,695615087937253
"HIP_RUNTIME_API_EXT","hipGetLastError",4057937,4057937,691,695615087937574,695615087937604
"HIP_RUNTIME_API_EXT","hipMemcpy",4057937,4057937,692,695615087937895,695615087967089
"HIP_RUNTIME_API_EXT","hipSetDevice",4057937,4057937,693,695615087974644,695615087974684
"HIP_RUNTIME_API_EXT","hipMemcpy",4057937,4057937,694,695615087975074,695615087996545
"HIP_RUNTIME_API_EXT","hipMemcpy",4057937,4057937,695,695615087996946,695615088018897
"HIP_COMPILER_API_EXT","__hipPushCallConfiguration",4057937,4057937,696,695615088019228,695615088019268
"HIP_COMPILER_API_EXT","__hipPopCallConfiguration",4057937,4057937,697,695615088019578,695615088019618
"HIP_RUNTIME_API_EXT","hipLaunchKernel",4057937,4057937,698,695615088020059,695615088022504
"HIP_RUNTIME_API_EXT","hipGetLastError",4057937,4057937,699,695615088022814,695615088022844
"HIP_RUNTIME_API_EXT","hipMemcpy",4057937,4057937,700,695615088023145,695615088062619
"HIP_RUNTIME_API_EXT","hipSetDevice",4057937,4057937,701,695615088067037,695615088067077
"HIP_RUNTIME_API_EXT","hipMemcpy",4057937,4057937,702,695615088194868,695615088217420
"HIP_RUNTIME_API_EXT","hipMemcpy",4057937,4057937,703,695615088218051,695615088245974
"HIP_COMPILER_API_EXT","__hipPushCallConfiguration",4057937,4057937,704,695615088262916,695615088262976
"HIP_COMPILER_API_EXT","__hipPopCallConfiguration",4057937,4057937,705,695615088267214,695615088267264
"HIP_RUNTIME_API_EXT","hipLaunchKernel",4057937,4057937,706,695615088267725,695615088269618
"HIP_RUNTIME_API_EXT","hipGetLastError",4057937,4057937,707,695615088269999,695615088270029
"HIP_RUNTIME_API_EXT","hipMemcpy",4057937,4057937,708,695615088270340,695615088306558
"HIP_RUNTIME_API_EXT","hipSetDevice",4057937,4057937,709,695615088308191,695615088308241
"HIP_RUNTIME_API_EXT","hipMemcpy",4057937,4057937,710,695615088308632,695615088326505
"HIP_RUNTIME_API_EXT","hipMemcpy",4057937,4057937,711,695615088327317,695615088350150
"HIP_COMPILER_API_EXT","__hipPushCallConfiguration",4057937,4057937,712,695615088350631,695615088350681
"HIP_COMPILER_API_EXT","__hipPopCallConfiguration",4057937,4057937,713,695615088351091,695615088351132
"HIP_RUNTIME_API_EXT","hipLaunchKernel",4057937,4057937,714,695615088351843,695615088353987
"HIP_RUNTIME_API_EXT","hipGetLastError",4057937,4057937,715,695615088354338,695615088354368
"HIP_RUNTIME_API_EXT","hipMemcpy",4057937,4057937,716,695615088354718,695615088390676
"HIP_RUNTIME_API_EXT","hipSetDevice",4057937,4057937,717,695615088392239,695615088392289
"HIP_RUNTIME_API_EXT","hipMemcpy",4057937,4057937,718,695615088393100,695615088410483
"HIP_RUNTIME_API_EXT","hipMemcpy",4057937,4057937,719,695615088410834,695615088433066
"HIP_COMPILER_API_EXT","__hipPushCallConfiguration",4057937,4057937,720,695615088433767,695615088433807
"HIP_COMPILER_API_EXT","__hipPopCallConfiguration",4057937,4057937,721,695615088434158,695615088434208
"HIP_RUNTIME_API_EXT","hipLaunchKernel",4057937,4057937,722,695615088434609,695615088437324
"HIP_RUNTIME_API_EXT","hipGetLastError",4057937,4057937,723,695615088437684,695615088437714
"HIP_RUNTIME_API_EXT","hipMemcpy",4057937,4057937,724,695615088438035,695615088473432
"HIP_RUNTIME_API_EXT","hipSetDevice",4057937,4057937,725,695615088474854,695615088474904
"HIP_RUNTIME_API_EXT","hipMemcpy",4057937,4057937,726,695615088475666,695615088498368
"HIP_RUNTIME_API_EXT","hipMemcpy",4057937,4057937,727,695615088498749,695615088523586
"HIP_RUNTIME_API_EXT","hipMemcpy",4057937,4057937,728,695615088523997,695615088547050
"HIP_COMPILER_API_EXT","__hipPushCallConfiguration",4057937,4057937,729,695615088547451,695615088547491
"HIP_COMPILER_API_EXT","__hipPopCallConfiguration",4057937,4057937,730,695615088547972,695615088548012
"HIP_RUNTIME_API_EXT","hipLaunchKernel",4057937,4057937,731,695615088548763,695615088550777
"HIP_RUNTIME_API_EXT","hipGetLastError",4057937,4057937,732,695615088551158,695615088551188
"HIP_RUNTIME_API_EXT","hipMemcpy",4057937,4057937,733,695615088551578,695615088594920
"HIP_RUNTIME_API_EXT","hipSetDevice",4057937,4057937,734,695615088595792,695615088595842
"HIP_RUNTIME_API_EXT","hipMemcpy",4057937,4057937,735,695615088596323,695615088621300
"HIP_RUNTIME_API_EXT","hipMemcpy",4057937,4057937,736,695615088621680,695615088655975
"HIP_RUNTIME_API_EXT","hipMemcpy",4057937,4057937,737,695615088656426,695615088681433
"HIP_COMPILER_API_EXT","__hipPushCallConfiguration",4057937,4057937,738,695615088681823,695615088681873
"HIP_COMPILER_API_EXT","__hipPopCallConfiguration",4057937,4057937,739,695615088682344,695615088682414
"HIP_RUNTIME_API_EXT","hipLaunchKernel",4057937,4057937,740,695615088682895,695615088685099
"HIP_RUNTIME_API_EXT","hipGetLastError",4057937,4057937,741,695615088685550,695615088685580
"HIP_RUNTIME_API_EXT","hipMemcpy",4057937,4057937,742,695615088685891,695615088800206
"HIP_RUNTIME_API_EXT","hipSetDevice",4057937,4057937,743,695615229420999,695615229421270
"HIP_RUNTIME_API_EXT","hipMemcpy",4057937,4057937,744,695615229422783,695615229472145
"HIP_RUNTIME_API_EXT","hipMemcpy",4057937,4057937,745,695615229472687,695615229523743
"HIP_COMPILER_API_EXT","__hipPushCallConfiguration",4057937,4057937,746,695615229524474,695615229524925
"HIP_COMPILER_API_EXT","__hipPopCallConfiguration",4057937,4057937,747,695615229525506,695615229525796
"HIP_RUNTIME_API_EXT","hipLaunchKernel",4057937,4057937,748,695615229527439,695615229535575
"HIP_RUNTIME_API_EXT","hipGetLastError",4057937,4057937,749,695615229536637,695615229537017
"HIP_RUNTIME_API_EXT","hipMemcpy",4057937,4057937,750,695615229537548,695615229609854
"HIP_RUNTIME_API_EXT","hipSetDevice",4057937,4057937,751,695615229694003,695615229694053
"HIP_RUNTIME_API_EXT","hipMemcpy",4057937,4057937,752,695615229694584,695615229735100
"HIP_RUNTIME_API_EXT","hipMemcpy",4057937,4057937,753,695615229735451,695615229748124
"HIP_COMPILER_API_EXT","__hipPushCallConfiguration",4057937,4057937,754,695615229748555,695615229748615
"HIP_COMPILER_API_EXT","__hipPopCallConfiguration",4057937,4057937,755,695615229748986,695615229749046
"HIP_RUNTIME_API_EXT","hipLaunchKernel",4057937,4057937,756,695615229749547,695615229751421
"HIP_RUNTIME_API_EXT","hipGetLastError",4057937,4057937,757,695615229751821,695615229751851
"HIP_RUNTIME_API_EXT","hipMemcpy",4057937,4057937,758,695615229752172,695615229825841
"HIP_RUNTIME_API_EXT","hipSetDevice",4057937,4057937,759,695615229908967,695615229909007
"HIP_RUNTIME_API_EXT","hipMemcpy",4057937,4057937,760,695615229909818,695615229940206
"HIP_RUNTIME_API_EXT","hipMemcpy",4057937,4057937,761,695615229940596,695615229953170
"HIP_COMPILER_API_EXT","__hipPushCallConfiguration",4057937,4057937,762,695615229953911,695615229953961
"HIP_COMPILER_API_EXT","__hipPopCallConfiguration",4057937,4057937,763,695615229954442,695615229954482
"HIP_RUNTIME_API_EXT","hipLaunchKernel",4057937,4057937,764,695615229954993,695615229957278
"HIP_RUNTIME_API_EXT","hipGetLastError",4057937,4057937,765,695615229957638,695615229957668
"HIP_RUNTIME_API_EXT","hipMemcpy",4057937,4057937,766,695615229957999,695615230018022
"HIP_RUNTIME_API_EXT","hipSetDevice",4057937,4057937,767,695615230100347,695615230100397
"HIP_RUNTIME_API_EXT","hipMemcpy",4057937,4057937,768,695615230100978,695615230198682
"HIP_RUNTIME_API_EXT","hipMemcpy",4057937,4057937,769,695615230199223,695615230210955
"HIP_COMPILER_API_EXT","__hipPushCallConfiguration",4057937,4057937,770,695615230211385,695615230211446
"HIP_COMPILER_API_EXT","__hipPopCallConfiguration",4057937,4057937,771,695615230211826,695615230211876
"HIP_RUNTIME_API_EXT","hipLaunchKernel",4057937,4057937,772,695615230212397,695615230214321
"HIP_RUNTIME_API_EXT","hipGetLastError",4057937,4057937,773,695615230214682,695615230214722
"HIP_RUNTIME_API_EXT","hipMemcpy",4057937,4057937,774,695615230215052,695615230273863
"HIP_RUNTIME_API_EXT","hipSetDevice",4057937,4057937,775,695615230348784,695615230348834
"HIP_RUNTIME_API_EXT","hipMemcpy",4057937,4057937,776,695615230349465,695615230443432
"HIP_RUNTIME_API_EXT","hipMemcpy",4057937,4057937,777,695615230443843,695615230467637
"HIP_COMPILER_API_EXT","__hipPushCallConfiguration",4057937,4057937,778,695615230468178,695615230468228
"HIP_COMPILER_API_EXT","__hipPopCallConfiguration",4057937,4057937,779,695615230468619,695615230468659
"HIP_RUNTIME_API_EXT","hipLaunchKernel",4057937,4057937,780,695615230469120,695615230471515
"HIP_RUNTIME_API_EXT","hipGetLastError",4057937,4057937,781,695615230471895,695615230471925
"HIP_RUNTIME_API_EXT","hipMemcpy",4057937,4057937,782,695615230472526,695615230502803
"HIP_RUNTIME_API_EXT","hipSetDevice",4057937,4057937,783,695615230510368,695615230510418
"HIP_RUNTIME_API_EXT","hipMemcpy",4057937,4057937,784,695615230510818,695615230592522
"HIP_RUNTIME_API_EXT","hipMemcpy",4057937,4057937,785,695615230592943,695615230613902
"HIP_COMPILER_API_EXT","__hipPushCallConfiguration",4057937,4057937,786,695615230614393,695615230614433
"HIP_COMPILER_API_EXT","__hipPopCallConfiguration",4057937,4057937,787,695615230614784,695615230614834
"HIP_RUNTIME_API_EXT","hipLaunchKernel",4057937,4057937,788,695615230615485,695615230617309
"HIP_RUNTIME_API_EXT","hipGetLastError",4057937,4057937,789,695615230617689,695615230617719
"HIP_RUNTIME_API_EXT","hipMemcpy",4057937,4057937,790,695615230618100,695615230667172
"HIP_RUNTIME_API_EXT","hipSetDevice",4057937,4057937,791,695615230668856,695615230668896
"HIP_RUNTIME_API_EXT","hipMemcpy",4057937,4057937,792,695615230669387,695615230706386
"HIP_RUNTIME_API_EXT","hipMemcpy",4057937,4057937,793,695615230706777,695615230728097
"HIP_COMPILER_API_EXT","__hipPushCallConfiguration",4057937,4057937,794,695615230728518,695615230728558
"HIP_COMPILER_API_EXT","__hipPopCallConfiguration",4057937,4057937,795,695615230728908,695615230728949
"HIP_RUNTIME_API_EXT","hipLaunchKernel",4057937,4057937,796,695615230729379,695615230731413
"HIP_RUNTIME_API_EXT","hipGetLastError",4057937,4057937,797,695615230731774,695615230731804
"HIP_RUNTIME_API_EXT","hipMemcpy",4057937,4057937,798,695615230732115,695615230775927
"HIP_RUNTIME_API_EXT","hipSetDevice",4057937,4057937,799,695615230777440,695615230777480
"HIP_RUNTIME_API_EXT","hipMemcpy",4057937,4057937,800,695615230778091,695615230787378
"HIP_RUNTIME_API_EXT","hipMemcpy",4057937,4057937,801,695615230787739,695615230810231
"HIP_COMPILER_API_EXT","__hipPushCallConfiguration",4057937,4057937,802,695615230810632,695615230810682
"HIP_COMPILER_API_EXT","__hipPopCallConfiguration",4057937,4057937,803,695615230811033,695615230811083
"HIP_RUNTIME_API_EXT","hipLaunchKernel",4057937,4057937,804,695615230811464,695615230813528
"HIP_RUNTIME_API_EXT","hipGetLastError",4057937,4057937,805,695615230813948,695615230813978
"HIP_RUNTIME_API_EXT","hipMemcpy",4057937,4057937,806,695615230814289,695615230858632
"HIP_RUNTIME_API_EXT","hipSetDevice",4057937,4057937,807,695615230860135,695615230860175
"HIP_RUNTIME_API_EXT","hipMemcpy",4057937,4057937,808,695615230860786,695615230907965
"HIP_RUNTIME_API_EXT","hipMemcpy",4057937,4057937,809,695615230908316,695615230929766
"HIP_COMPILER_API_EXT","__hipPushCallConfiguration",4057937,4057937,810,695615230930147,695615230930197
"HIP_COMPILER_API_EXT","__hipPopCallConfiguration",4057937,4057937,811,695615230930548,695615230930598
"HIP_RUNTIME_API_EXT","hipLaunchKernel",4057937,4057937,812,695615230931019,695615230932882
"HIP_RUNTIME_API_EXT","hipGetLastError",4057937,4057937,813,695615230933243,695615230933273
"HIP_RUNTIME_API_EXT","hipMemcpy",4057937,4057937,814,695615230933593,695615230976684
"HIP_RUNTIME_API_EXT","hipSetDevice",4057937,4057937,815,695615230977706,695615230977746
"HIP_RUNTIME_API_EXT","hipMemcpy",4057937,4057937,816,695615230978217,695615231000008
"HIP_RUNTIME_API_EXT","hipMemcpy",4057937,4057937,817,695615231000599,695615231029965
"HIP_RUNTIME_API_EXT","hipMemcpy",4057937,4057937,818,695615231030405,695615231051786
"HIP_COMPILER_API_EXT","__hipPushCallConfiguration",4057937,4057937,819,695615231052196,695615231052246
"HIP_COMPILER_API_EXT","__hipPopCallConfiguration",4057937,4057937,820,695615231052637,695615231052687
"HIP_RUNTIME_API_EXT","hipLaunchKernel",4057937,4057937,821,695615231053228,695615231055913
"HIP_RUNTIME_API_EXT","hipGetLastError",4057937,4057937,822,695615231056294,695615231056324
"HIP_RUNTIME_API_EXT","hipMemcpy",4057937,4057937,823,695615231056655,695615231097662
"HIP_RUNTIME_API_EXT","hipSetDevice",4057937,4057937,824,695615231098153,695615231098203
"HIP_RUNTIME_API_EXT","hipMemcpy",4057937,4057937,825,695615231098584,695615231128971
"HIP_RUNTIME_API_EXT","hipMemcpy",4057937,4057937,826,695615231129361,695615231185567
"HIP_RUNTIME_API_EXT","hipMemcpy",4057937,4057937,827,695615231186309,695615231233317
"HIP_COMPILER_API_EXT","__hipPushCallConfiguration",4057937,4057937,828,695615231234098,695615231234148
"HIP_COMPILER_API_EXT","__hipPopCallConfiguration",4057937,4057937,829,695615231234549,695615231234599
"HIP_RUNTIME_API_EXT","hipLaunchKernel",4057937,4057937,830,695615231235050,695615231237936
"HIP_RUNTIME_API_EXT","hipGetLastError",4057937,4057937,831,695615231238306,695615231238336
"HIP_RUNTIME_API_EXT","hipMemcpy",4057937,4057937,832,695615231238647,695615231360797
"HIP_RUNTIME_API_EXT","hipSetDevice",4057937,4057937,833,695615231364724,695615231364774
"HIP_RUNTIME_API_EXT","hipMemcpy",4057937,4057937,834,695615231365235,695615231404609
"HIP_RUNTIME_API_EXT","hipMemcpy",4057937,4057937,835,695615231404990,695615231416992
"HIP_COMPILER_API_EXT","__hipPushCallConfiguration",4057937,4057937,836,695615231417393,695615231417443
"HIP_COMPILER_API_EXT","__hipPopCallConfiguration",4057937,4057937,837,695615231417844,695615231417884
"HIP_RUNTIME_API_EXT","hipLaunchKernel",4057937,4057937,838,695615231418295,695615231420198
"HIP_RUNTIME_API_EXT","hipGetLastError",4057937,4057937,839,695615231420569,695615231420599
"HIP_RUNTIME_API_EXT","hipMemcpy",4057937,4057937,840,695615231420910,695615231475452
"HIP_RUNTIME_API_EXT","hipSetDevice",4057937,4057937,841,695615231559059,695615231559099
"HIP_RUNTIME_API_EXT","hipMemcpy",4057937,4057937,842,695615231559530,695615231655881
"HIP_RUNTIME_API_EXT","hipMemcpy",4057937,4057937,843,695615231656262,695615231667593
"HIP_COMPILER_API_EXT","__hipPushCallConfiguration",4057937,4057937,844,695615231667944,695615231667994
"HIP_COMPILER_API_EXT","__hipPopCallConfiguration",4057937,4057937,845,695615231668405,695615231668455
"HIP_RUNTIME_API_EXT","hipLaunchKernel",4057937,4057937,846,695615231668966,695615231670930
"HIP_RUNTIME_API_EXT","hipGetLastError",4057937,4057937,847,695615231671300,695615231671330
"HIP_RUNTIME_API_EXT","hipMemcpy",4057937,4057937,848,695615231671651,695615231727606
"HIP_RUNTIME_API_EXT","hipSetDevice",4057937,4057937,849,695615231810703,695615231810743
"HIP_RUNTIME_API_EXT","hipMemcpy",4057937,4057937,850,695615231811534,695615231893889
"HIP_RUNTIME_API_EXT","hipMemcpy",4057937,4057937,851,695615231894280,695615231906082
"HIP_COMPILER_API_EXT","__hipPushCallConfiguration",4057937,4057937,852,695615231906463,695615231906503
"HIP_COMPILER_API_EXT","__hipPopCallConfiguration",4057937,4057937,853,695615231906903,695615231906943
"HIP_RUNTIME_API_EXT","hipLaunchKernel",4057937,4057937,854,695615231907404,695615231909318
"HIP_RUNTIME_API_EXT","hipGetLastError",4057937,4057937,855,695615231909689,695615231909719
"HIP_RUNTIME_API_EXT","hipMemcpy",4057937,4057937,856,695615231910039,695615231964061
"HIP_RUNTIME_API_EXT","hipSetDevice",4057937,4057937,857,695615232048740,695615232048780
"HIP_RUNTIME_API_EXT","hipMemcpy",4057937,4057937,858,695615232049361,695615232132207
"HIP_RUNTIME_API_EXT","hipMemcpy",4057937,4057937,859,695615232132578,695615232144951
"HIP_COMPILER_API_EXT","__hipPushCallConfiguration",4057937,4057937,860,695615232145312,695615232145352
"HIP_COMPILER_API_EXT","__hipPopCallConfiguration",4057937,4057937,861,695615232145742,695615232145793
"HIP_RUNTIME_API_EXT","hipLaunchKernel",4057937,4057937,862,695615232146213,695615232147937
"HIP_RUNTIME_API_EXT","hipGetLastError",4057937,4057937,863,695615232148327,695615232148357
"HIP_RUNTIME_API_EXT","hipMemcpy",4057937,4057937,864,695615232148758,695615232202770
"HIP_RUNTIME_API_EXT","hipSetDevice",4057937,4057937,865,695615232277330,695615232277370
"HIP_RUNTIME_API_EXT","hipMemcpy",4057937,4057937,866,695615232277781,695615232368401
"HIP_RUNTIME_API_EXT","hipMemcpy",4057937,4057937,867,695615232369012,695615232390402
"HIP_COMPILER_API_EXT","__hipPushCallConfiguration",4057937,4057937,868,695615232390863,695615232390913
"HIP_COMPILER_API_EXT","__hipPopCallConfiguration",4057937,4057937,869,695615232391274,695615232391314
"HIP_RUNTIME_API_EXT","hipLaunchKernel",4057937,4057937,870,695615232391795,695615232393779
"HIP_RUNTIME_API_EXT","hipGetLastError",4057937,4057937,871,695615232394140,695615232394170
"HIP_RUNTIME_API_EXT","hipMemcpy",4057937,4057937,872,695615232394500,695615232420980
"HIP_RUNTIME_API_EXT","hipSetDevice",4057937,4057937,873,695615232428494,695615232428534
"HIP_RUNTIME_API_EXT","hipMemcpy",4057937,4057937,874,695615232428975,695615232510578
"HIP_RUNTIME_API_EXT","hipMemcpy",4057937,4057937,875,695615232511049,695615232531688
"HIP_COMPILER_API_EXT","__hipPushCallConfiguration",4057937,4057937,876,695615232532149,695615232532199
"HIP_COMPILER_API_EXT","__hipPopCallConfiguration",4057937,4057937,877,695615232532550,695615232532600
"HIP_RUNTIME_API_EXT","hipLaunchKernel",4057937,4057937,878,695615232533111,695615232535095
"HIP_RUNTIME_API_EXT","hipGetLastError",4057937,4057937,879,695615232535445,695615232535475
"HIP_RUNTIME_API_EXT","hipMemcpy",4057937,4057937,880,695615232535836,695615232577194
"HIP_RUNTIME_API_EXT","hipSetDevice",4057937,4057937,881,695615232578827,695615232578877
"HIP_RUNTIME_API_EXT","hipMemcpy",4057937,4057937,882,695615232579728,695615232619263
"HIP_RUNTIME_API_EXT","hipMemcpy",4057937,4057937,883,695615232619633,695615232643017
"HIP_COMPILER_API_EXT","__hipPushCallConfiguration",4057937,4057937,884,695615232643428,695615232643478
"HIP_COMPILER_API_EXT","__hipPopCallConfiguration",4057937,4057937,885,695615232643819,695615232643869
"HIP_RUNTIME_API_EXT","hipLaunchKernel",4057937,4057937,886,695615232644360,695615232646274
"HIP_RUNTIME_API_EXT","hipGetLastError",4057937,4057937,887,695615232646644,695615232646684
"HIP_RUNTIME_API_EXT","hipMemcpy",4057937,4057937,888,695615232646985,695615232690186
"HIP_RUNTIME_API_EXT","hipSetDevice",4057937,4057937,889,695615232691749,695615232691799
"HIP_RUNTIME_API_EXT","hipMemcpy",4057937,4057937,890,695615232692250,695615232738577
"HIP_RUNTIME_API_EXT","hipMemcpy",4057937,4057937,891,695615232738948,695615232760048
"HIP_COMPILER_API_EXT","__hipPushCallConfiguration",4057937,4057937,892,695615232760528,695615232760568
"HIP_COMPILER_API_EXT","__hipPopCallConfiguration",4057937,4057937,893,695615232760919,695615232760959
"HIP_RUNTIME_API_EXT","hipLaunchKernel",4057937,4057937,894,695615232761470,695615232763424
"HIP_RUNTIME_API_EXT","hipGetLastError",4057937,4057937,895,695615232763785,695615232763815
"HIP_RUNTIME_API_EXT","hipMemcpy",4057937,4057937,896,695615232764125,695615232806375
"HIP_RUNTIME_API_EXT","hipSetDevice",4057937,4057937,897,695615232808398,695615232808449
"HIP_RUNTIME_API_EXT","hipMemcpy",4057937,4057937,898,695615232808899,695615232848644
"HIP_RUNTIME_API_EXT","hipMemcpy",4057937,4057937,899,695615232849025,695615232869704
"HIP_COMPILER_API_EXT","__hipPushCallConfiguration",4057937,4057937,900,695615232870195,695615232870245
"HIP_COMPILER_API_EXT","__hipPopCallConfiguration",4057937,4057937,901,695615232870585,695615232870635
"HIP_RUNTIME_API_EXT","hipLaunchKernel",4057937,4057937,902,695615232871247,695615232873100
"HIP_RUNTIME_API_EXT","hipGetLastError",4057937,4057937,903,695615232873461,695615232873491
"HIP_RUNTIME_API_EXT","hipMemcpy",4057937,4057937,904,695615232873801,695615232917684
"HIP_RUNTIME_API_EXT","hipSetDevice",4057937,4057937,905,695615232918756,695615232918806
"HIP_RUNTIME_API_EXT","hipMemcpy",4057937,4057937,906,695615232919427,695615232940236
"HIP_RUNTIME_API_EXT","hipMemcpy",4057937,4057937,907,695615232940617,695615232974140
"HIP_RUNTIME_API_EXT","hipMemcpy",4057937,4057937,908,695615232974531,695615232995640
"HIP_COMPILER_API_EXT","__hipPushCallConfiguration",4057937,4057937,909,695615232996141,695615232996192
"HIP_COMPILER_API_EXT","__hipPopCallConfiguration",4057937,4057937,910,695615232996913,695615232996953
"HIP_RUNTIME_API_EXT","hipLaunchKernel",4057937,4057937,911,695615232997524,695615233001051
"HIP_RUNTIME_API_EXT","hipGetLastError",4057937,4057937,912,695615233001391,695615233001421
"HIP_RUNTIME_API_EXT","hipMemcpy",4057937,4057937,913,695615233001732,695615233042739
"HIP_RUNTIME_API_EXT","hipSetDevice",4057937,4057937,914,695615233043270,695615233043310
"HIP_RUNTIME_API_EXT","hipMemcpy",4057937,4057937,915,695615233043851,695615233073006
"HIP_RUNTIME_API_EXT","hipMemcpy",4057937,4057937,916,695615233073367,695615233129332
"HIP_RUNTIME_API_EXT","hipMemcpy",4057937,4057937,917,695615233129703,695615233176941
"HIP_COMPILER_API_EXT","__hipPushCallConfiguration",4057937,4057937,918,695615233177342,695615233177402
"HIP_COMPILER_API_EXT","__hipPopCallConfiguration",4057937,4057937,919,695615233177813,695615233177873
"HIP_RUNTIME_API_EXT","hipLaunchKernel",4057937,4057937,920,695615233178364,695615233180929
"HIP_RUNTIME_API_EXT","hipGetLastError",4057937,4057937,921,695615233181360,695615233181410
"HIP_RUNTIME_API_EXT","hipMemcpy",4057937,4057937,922,695615233181720,695615233295695
"HIP_RUNTIME_API_EXT","hipSetDevice",4057937,4057937,923,695615233299412,695615233299472
"HIP_RUNTIME_API_EXT","hipMemcpy",4057937,4057937,924,695615233300033,695615233340729
"HIP_RUNTIME_API_EXT","hipMemcpy",4057937,4057937,925,695615233341200,695615233352592
"HIP_COMPILER_API_EXT","__hipPushCallConfiguration",4057937,4057937,926,695615233353002,695615233353042
"HIP_COMPILER_API_EXT","__hipPopCallConfiguration",4057937,4057937,927,695615233353403,695615233353453
"HIP_RUNTIME_API_EXT","hipLaunchKernel",4057937,4057937,928,695615233353984,695615233356138
"HIP_RUNTIME_API_EXT","hipGetLastError",4057937,4057937,929,695615233356519,695615233356559
"HIP_RUNTIME_API_EXT","hipMemcpy",4057937,4057937,930,695615233356870,695615233413777
"HIP_RUNTIME_API_EXT","hipSetDevice",4057937,4057937,931,695615233497504,695615233497564
"HIP_RUNTIME_API_EXT","hipMemcpy",4057937,4057937,932,695615233498135,695615233583566
"HIP_RUNTIME_API_EXT","hipMemcpy",4057937,4057937,933,695615233583907,695615233595498
"HIP_COMPILER_API_EXT","__hipPushCallConfiguration",4057937,4057937,934,695615233595929,695615233595979
"HIP_COMPILER_API_EXT","__hipPopCallConfiguration",4057937,4057937,935,695615233596340,695615233596390
"HIP_RUNTIME_API_EXT","hipLaunchKernel",4057937,4057937,936,695615233596861,695615233598875
"HIP_RUNTIME_API_EXT","hipGetLastError",4057937,4057937,937,695615233599245,695615233599275
"HIP_RUNTIME_API_EXT","hipMemcpy",4057937,4057937,938,695615233599586,695615233654890
"HIP_RUNTIME_API_EXT","hipSetDevice",4057937,4057937,939,695615233738978,695615233739018
"HIP_RUNTIME_API_EXT","hipMemcpy",4057937,4057937,940,695615233739569,695615233822325
"HIP_RUNTIME_API_EXT","hipMemcpy",4057937,4057937,941,695615233822696,695615233832885
"HIP_COMPILER_API_EXT","__hipPushCallConfiguration",4057937,4057937,942,695615233833526,695615233833576
"HIP_COMPILER_API_EXT","__hipPopCallConfiguration",4057937,4057937,943,695615233834007,695615233834057
"HIP_RUNTIME_API_EXT","hipLaunchKernel",4057937,4057937,944,695615233834518,695615233836511
"HIP_RUNTIME_API_EXT","hipGetLastError",4057937,4057937,945,695615233836872,695615233836912
"HIP_RUNTIME_API_EXT","hipMemcpy",4057937,4057937,946,695615233837223,695615233891996
"HIP_RUNTIME_API_EXT","hipSetDevice",4057937,4057937,947,695615233974060,695615233974110
"HIP_RUNTIME_API_EXT","hipMemcpy",4057937,4057937,948,695615233974561,695615234058920
"HIP_RUNTIME_API_EXT","hipMemcpy",4057937,4057937,949,695615234059381,695615234071754
"HIP_COMPILER_API_EXT","__hipPushCallConfiguration",4057937,4057937,950,695615234072135,695615234072195
"HIP_COMPILER_API_EXT","__hipPopCallConfiguration",4057937,4057937,951,695615234072585,695615234072635
"HIP_RUNTIME_API_EXT","hipLaunchKernel",4057937,4057937,952,695615234073116,695615234075180
"HIP_RUNTIME_API_EXT","hipGetLastError",4057937,4057937,953,695615234075551,695615234075581
"HIP_RUNTIME_API_EXT","hipMemcpy",4057937,4057937,954,695615234075912,695615234129813
"HIP_RUNTIME_API_EXT","hipSetDevice",4057937,4057937,955,695615234204614,695615234204664
"HIP_RUNTIME_API_EXT","hipMemcpy",4057937,4057937,956,695615234205225,695615234295374
"HIP_RUNTIME_API_EXT","hipMemcpy",4057937,4057937,957,695615234295715,695615234316434
"HIP_COMPILER_API_EXT","__hipPushCallConfiguration",4057937,4057937,958,695615234317165,695615234317205
"HIP_COMPILER_API_EXT","__hipPopCallConfiguration",4057937,4057937,959,695615234317576,695615234317626
"HIP_RUNTIME_API_EXT","hipLaunchKernel",4057937,4057937,960,695615234318087,695615234320201
"HIP_RUNTIME_API_EXT","hipGetLastError",4057937,4057937,961,695615234321153,695615234321183
"HIP_RUNTIME_API_EXT","hipMemcpy",4057937,4057937,962,695615234321543,695615234349035
"HIP_RUNTIME_API_EXT","hipSetDevice",4057937,4057937,963,695615234356649,695615234356689
"HIP_RUNTIME_API_EXT","hipMemcpy",4057937,4057937,964,695615234357251,695615234438944
"HIP_RUNTIME_API_EXT","hipMemcpy",4057937,4057937,965,695615234439405,695615234460044
"HIP_COMPILER_API_EXT","__hipPushCallConfiguration",4057937,4057937,966,695615234460545,695615234460595
"HIP_COMPILER_API_EXT","__hipPopCallConfiguration",4057937,4057937,967,695615234460965,695615234461006
"HIP_RUNTIME_API_EXT","hipLaunchKernel",4057937,4057937,968,695615234461557,695615234464141
"HIP_RUNTIME_API_EXT","hipGetLastError",4057937,4057937,969,695615234464522,695615234464552
"HIP_RUNTIME_API_EXT","hipMemcpy",4057937,4057937,970,695615234464893,695615234507733
"HIP_RUNTIME_API_EXT","hipSetDevice",4057937,4057937,971,695615234509437,695615234509477
"HIP_RUNTIME_API_EXT","hipMemcpy",4057937,4057937,972,695615234510048,695615234549221
"HIP_RUNTIME_API_EXT","hipMemcpy",4057937,4057937,973,695615234549562,695615234571173
"HIP_COMPILER_API_EXT","__hipPushCallConfiguration",4057937,4057937,974,695615234571593,695615234571634
"HIP_COMPILER_API_EXT","__hipPopCallConfiguration",4057937,4057937,975,695615234572024,695615234572064
"HIP_RUNTIME_API_EXT","hipLaunchKernel",4057937,4057937,976,695615234572495,695615234575992
"HIP_RUNTIME_API_EXT","hipGetLastError",4057937,4057937,977,695615234576533,695615234576593
"HIP_RUNTIME_API_EXT","hipMemcpy",4057937,4057937,978,695615234577014,695615234621858
"HIP_RUNTIME_API_EXT","hipSetDevice",4057937,4057937,979,695615234624353,695615234624433
"HIP_RUNTIME_API_EXT","hipMemcpy",4057937,4057937,980,695615234625495,695615234664117
"HIP_RUNTIME_API_EXT","hipMemcpy",4057937,4057937,981,695615234664648,695615234686820
"HIP_COMPILER_API_EXT","__hipPushCallConfiguration",4057937,4057937,982,695615234687351,695615234687451
"HIP_COMPILER_API_EXT","__hipPopCallConfiguration",4057937,4057937,983,695615234687952,695615234688042
"HIP_RUNTIME_API_EXT","hipLaunchKernel",4057937,4057937,984,695615234688644,695615234691619
"HIP_RUNTIME_API_EXT","hipGetLastError",4057937,4057937,985,695615234692160,695615234692210
"HIP_RUNTIME_API_EXT","hipMemcpy",4057937,4057937,986,695615234692681,695615234736914
"HIP_RUNTIME_API_EXT","hipSetDevice",4057937,4057937,987,695615234739008,695615234739088
"HIP_RUNTIME_API_EXT","hipMemcpy",4057937,4057937,988,695615234739659,695615234778112
"HIP_RUNTIME_API_EXT","hipMemcpy",4057937,4057937,989,695615234778643,695615234801375
"HIP_COMPILER_API_EXT","__hipPushCallConfiguration",4057937,4057937,990,695615234801736,695615234801786
"HIP_COMPILER_API_EXT","__hipPopCallConfiguration",4057937,4057937,991,695615234802167,695615234802217
"HIP_RUNTIME_API_EXT","hipLaunchKernel",4057937,4057937,992,695615234802668,695615234804882
"HIP_RUNTIME_API_EXT","hipGetLastError",4057937,4057937,993,695615234805453,695615234805513
"HIP_RUNTIME_API_EXT","hipMemcpy",4057937,4057937,994,695615234805974,695615234849376
"HIP_RUNTIME_API_EXT","hipSetDevice",4057937,4057937,995,695615234850889,695615234850929
"HIP_RUNTIME_API_EXT","hipMemcpy",4057937,4057937,996,695615234851550,695615234872008
"HIP_RUNTIME_API_EXT","hipMemcpy",4057937,4057937,997,695615234872389,695615234903417
"HIP_RUNTIME_API_EXT","hipMemcpy",4057937,4057937,998,695615234903988,695615234925469
"HIP_COMPILER_API_EXT","__hipPushCallConfiguration",4057937,4057937,999,695615234925900,695615234925950
"HIP_COMPILER_API_EXT","__hipPopCallConfiguration",4057937,4057937,1000,695615234926300,695615234926340
"HIP_RUNTIME_API_EXT","hipLaunchKernel",4057937,4057937,1001,695615234926761,695615234928745
"HIP_RUNTIME_API_EXT","hipGetLastError",4057937,4057937,1002,695615234929286,695615234929346
"HIP_RUNTIME_API_EXT","hipMemcpy",4057937,4057937,1003,695615234929797,695615234970584
"HIP_RUNTIME_API_EXT","hipSetDevice",4057937,4057937,1004,695615234971445,695615234971485
"HIP_RUNTIME_API_EXT","hipMemcpy",4057937,4057937,1005,695615234971916,695615235002484
"HIP_RUNTIME_API_EXT","hipMemcpy",4057937,4057937,1006,695615235002994,695615235062677
"HIP_RUNTIME_API_EXT","hipMemcpy",4057937,4057937,1007,695615235063168,695615235109334
"HIP_COMPILER_API_EXT","__hipPushCallConfiguration",4057937,4057937,1008,695615235109825,695615235109936
"HIP_COMPILER_API_EXT","__hipPopCallConfiguration",4057937,4057937,1009,695615235110537,695615235110657
"HIP_RUNTIME_API_EXT","hipLaunchKernel",4057937,4057937,1010,695615235111428,695615235114845
"HIP_RUNTIME_API_EXT","hipGetLastError",4057937,4057937,1011,695615235115436,695615235115516
"HIP_RUNTIME_API_EXT","hipMemcpy",4057937,4057937,1012,695615235115997,695615235237926
"HIP_RUNTIME_API_EXT","hipSetDevice",4057937,4057937,1013,695615235242134,695615235242204
"HIP_RUNTIME_API_EXT","hipMemcpy",4057937,4057937,1014,695615235242675,695615235282440
"HIP_RUNTIME_API_EXT","hipMemcpy",4057937,4057937,1015,695615235282931,695615235332745
"HIP_COMPILER_API_EXT","__hipPushCallConfiguration",4057937,4057937,1016,695615235333286,695615235333376
"HIP_COMPILER_API_EXT","__hipPopCallConfiguration",4057937,4057937,1017,695615235333897,695615235333987
"HIP_RUNTIME_API_EXT","hipLaunchKernel",4057937,4057937,1018,695615235334678,695615235338004
"HIP_RUNTIME_API_EXT","hipGetLastError",4057937,4057937,1019,695615235338535,695615235338606
"HIP_RUNTIME_API_EXT","hipMemcpy",4057937,4057937,1020,695615235339106,695615235393639
"HIP_RUNTIME_API_EXT","hipSetDevice",4057937,4057937,1021,695615235476755,695615235476795
"HIP_RUNTIME_API_EXT","hipMemcpy",4057937,4057937,1022,695615235477236,695615235572906
"HIP_RUNTIME_API_EXT","hipMemcpy",4057937,4057937,1023,695615235573367,695615235586381
"HIP_COMPILER_API_EXT","__hipPushCallConfiguration",4057937,4057937,1024,695615235586912,695615235587003
"HIP_COMPILER_API_EXT","__hipPopCallConfiguration",4057937,4057937,1025,695615235587674,695615235587774
"HIP_RUNTIME_API_EXT","hipLaunchKernel",4057937,4057937,1026,695615235588826,695615235591351
"HIP_RUNTIME_API_EXT","hipGetLastError",4057937,4057937,1027,695615235591882,695615235591942
"HIP_RUNTIME_API_EXT","hipMemcpy",4057937,4057937,1028,695615235592553,695615235647336
"HIP_RUNTIME_API_EXT","hipSetDevice",4057937,4057937,1029,695615235729470,695615235729511
"HIP_RUNTIME_API_EXT","hipMemcpy",4057937,4057937,1030,695615235729981,695615235813569
"HIP_RUNTIME_API_EXT","hipMemcpy",4057937,4057937,1031,695615235814100,695615235826333
"HIP_COMPILER_API_EXT","__hipPushCallConfiguration",4057937,4057937,1032,695615235826803,695615235826894
"HIP_COMPILER_API_EXT","__hipPopCallConfiguration",4057937,4057937,1033,695615235827425,695615235827515
"HIP_RUNTIME_API_EXT","hipLaunchKernel",4057937,4057937,1034,695615235828196,695615235830230
"HIP_RUNTIME_API_EXT","hipGetLastError",4057937,4057937,1035,695615235830791,695615235830851
"HIP_RUNTIME_API_EXT","hipMemcpy",4057937,4057937,1036,695615235831322,695615235885584
"HIP_RUNTIME_API_EXT","hipSetDevice",4057937,4057937,1037,695615235966887,695615235966927
"HIP_RUNTIME_API_EXT","hipMemcpy",4057937,4057937,1038,695615235967338,695615236051616
"HIP_RUNTIME_API_EXT","hipMemcpy",4057937,4057937,1039,695615236052137,695615236094958
"HIP_COMPILER_API_EXT","__hipPushCallConfiguration",4057937,4057937,1040,695615236095479,695615236095579
"HIP_COMPILER_API_EXT","__hipPopCallConfiguration",4057937,4057937,1041,695615236096110,695615236096220
"HIP_RUNTIME_API_EXT","hipLaunchKernel",4057937,4057937,1042,695615236096901,695615236098985
"HIP_RUNTIME_API_EXT","hipGetLastError",4057937,4057937,1043,695615236099576,695615236099636
"HIP_RUNTIME_API_EXT","hipMemcpy",4057937,4057937,1044,695615236100137,695615236154910
"HIP_RUNTIME_API_EXT","hipSetDevice",4057937,4057937,1045,695615236227657,695615236227707
"HIP_RUNTIME_API_EXT","hipMemcpy",4057937,4057937,1046,695615236228128,695615236289574
"HIP_RUNTIME_API_EXT","hipMemcpy",4057937,4057937,1047,695615236290074,695615236310954
"HIP_COMPILER_API_EXT","__hipPushCallConfiguration",4057937,4057937,1048,695615236311455,695615236311535
"HIP_COMPILER_API_EXT","__hipPopCallConfiguration",4057937,4057937,1049,695615236312116,695615236312186
"HIP_RUNTIME_API_EXT","hipLaunchKernel",4057937,4057937,1050,695615236312767,695615236314781
"HIP_RUNTIME_API_EXT","hipGetLastError",4057937,4057937,1051,695615236320732,695615236320792
"HIP_RUNTIME_API_EXT","hipMemcpy",4057937,4057937,1052,695615236446980,695615236469472
"HIP_RUNTIME_API_EXT","hipSetDevice",4057937,4057937,1053,695615236478379,695615236478429
"HIP_RUNTIME_API_EXT","hipMemcpy",4057937,4057937,1054,695615236478829,695615236559882
"HIP_RUNTIME_API_EXT","hipMemcpy",4057937,4057937,1055,695615236560263,695615236581222
"HIP_COMPILER_API_EXT","__hipPushCallConfiguration",4057937,4057937,1056,695615236581613,695615236581663
"HIP_COMPILER_API_EXT","__hipPopCallConfiguration",4057937,4057937,1057,695615236582084,695615236582134
"HIP_RUNTIME_API_EXT","hipLaunchKernel",4057937,4057937,1058,695615236582544,695615236584628
"HIP_RUNTIME_API_EXT","hipGetLastError",4057937,4057937,1059,695615236585270,695615236585320
"HIP_RUNTIME_API_EXT","hipMemcpy",4057937,4057937,1060,695615236585780,695615236630835
"HIP_RUNTIME_API_EXT","hipSetDevice",4057937,4057937,1061,695615236633029,695615236633069
"HIP_RUNTIME_API_EXT","hipMemcpy",4057937,4057937,1062,695615236633490,695615236672003
"HIP_RUNTIME_API_EXT","hipMemcpy",4057937,4057937,1063,695615236672924,695615236695367
"HIP_COMPILER_API_EXT","__hipPushCallConfiguration",4057937,4057937,1064,695615236695757,695615236695807
"HIP_COMPILER_API_EXT","__hipPopCallConfiguration",4057937,4057937,1065,695615236696148,695615236696198
"HIP_RUNTIME_API_EXT","hipLaunchKernel",4057937,4057937,1066,695615236696599,695615236698733
"HIP_RUNTIME_API_EXT","hipGetLastError",4057937,4057937,1067,695615236699324,695615236699384
"HIP_RUNTIME_API_EXT","hipMemcpy",4057937,4057937,1068,695615236699855,695615236742926
"HIP_RUNTIME_API_EXT","hipSetDevice",4057937,4057937,1069,695615236745040,695615236745090
"HIP_RUNTIME_API_EXT","hipMemcpy",4057937,4057937,1070,695615236745511,695615236785145
"HIP_RUNTIME_API_EXT","hipMemcpy",4057937,4057937,1071,695615236785696,695615236807918
"HIP_COMPILER_API_EXT","__hipPushCallConfiguration",4057937,4057937,1072,695615236808299,695615236808349
"HIP_COMPILER_API_EXT","__hipPopCallConfiguration",4057937,4057937,1073,695615236808700,695615236808750
"HIP_RUNTIME_API_EXT","hipLaunchKernel",4057937,4057937,1074,695615236809341,695615236811475
"HIP_RUNTIME_API_EXT","hipGetLastError",4057937,4057937,1075,695615236812437,695615236812487
"HIP_RUNTIME_API_EXT","hipMemcpy",4057937,4057937,1076,695615236813278,695615236859265
"HIP_RUNTIME_API_EXT","hipSetDevice",4057937,4057937,1077,695615236861319,695615236861359
"HIP_RUNTIME_API_EXT","hipMemcpy",4057937,4057937,1078,695615236861840,695615236900823
"HIP_RUNTIME_API_EXT","hipMemcpy",4057937,4057937,1079,695615236901404,695615236925409
"HIP_COMPILER_API_EXT","__hipPushCallConfiguration",4057937,4057937,1080,695615236925800,695615236925850
"HIP_COMPILER_API_EXT","__hipPopCallConfiguration",4057937,4057937,1081,695615236926261,695615236926311
"HIP_RUNTIME_API_EXT","hipLaunchKernel",4057937,4057937,1082,695615236926712,695615236928765
"HIP_RUNTIME_API_EXT","hipGetLastError",4057937,4057937,1083,695615236929316,695615236929367
"HIP_RUNTIME_API_EXT","hipMemcpy",4057937,4057937,1084,695615236929857,695615236973359
"HIP_RUNTIME_API_EXT","hipSetDevice",4057937,4057937,1085,695615236974892,695615236975012
"HIP_RUNTIME_API_EXT","hipMemcpy",4057937,4057937,1086,695615236975513,695615236995601
"HIP_RUNTIME_API_EXT","hipMemcpy",4057937,4057937,1087,695615236995972,695615237026890
"HIP_RUNTIME_API_EXT","hipMemcpy",4057937,4057937,1088,695615237027421,695615237049132
"HIP_COMPILER_API_EXT","__hipPushCallConfiguration",4057937,4057937,1089,695615237049583,695615237049633
"HIP_COMPILER_API_EXT","__hipPopCallConfiguration",4057937,4057937,1090,695615237050124,695615237050174
"HIP_RUNTIME_API_EXT","hipLaunchKernel",4057937,4057937,1091,695615237050665,695615237053109
"HIP_RUNTIME_API_EXT","hipGetLastError",4057937,4057937,1092,695615237053660,695615237053720
"HIP_RUNTIME_API_EXT","hipMemcpy",4057937,4057937,1093,695615237054211,695615237094898
"HIP_RUNTIME_API_EXT","hipSetDevice",4057937,4057937,1094,695615237095409,695615237095459
"HIP_RUNTIME_API_EXT","hipMemcpy",4057937,4057937,1095,695615237095840,695615237129843
"HIP_RUNTIME_API_EXT","hipMemcpy",4057937,4057937,1096,695615237130344,695615237193102
"HIP_RUNTIME_API_EXT","hipMemcpy",4057937,4057937,1097,695615237193643,695615237242355
"HIP_COMPILER_API_EXT","__hipPushCallConfiguration",4057937,4057937,1098,695615237242916,695615237243026
"HIP_COMPILER_API_EXT","__hipPopCallConfiguration",4057937,4057937,1099,695615237243708,695615237243828
"HIP_RUNTIME_API_EXT","hipLaunchKernel",4057937,4057937,1100,695615237244529,695615237247044
"HIP_RUNTIME_API_EXT","hipGetLastError",4057937,4057937,1101,695615237247946,695615237248026
"HIP_RUNTIME_API_EXT","hipMemcpy",4057937,4057937,1102,695615237248497,695615237365226
"HIP_RUNTIME_API_EXT","hipSetDevice",4057937,4057937,1103,695615237369354,695615237369414
"HIP_RUNTIME_API_EXT","hipMemcpy",4057937,4057937,1104,695615237369875,695615237408978
"HIP_RUNTIME_API_EXT","hipMemcpy",4057937,4057937,1105,695615237409479,695615237453282
"HIP_COMPILER_API_EXT","__hipPushCallConfiguration",4057937,4057937,1106,695615237453823,695615237453913
"HIP_COMPILER_API_EXT","__hipPopCallConfiguration",4057937,4057937,1107,695615237454494,695615237454594
"HIP_RUNTIME_API_EXT","hipLaunchKernel",4057937,4057937,1108,695615237455295,695615237457630
"HIP_RUNTIME_API_EXT","hipGetLastError",4057937,4057937,1109,695615237458612,695615237458672
"HIP_RUNTIME_API_EXT","hipMemcpy",4057937,4057937,1110,695615237459163,695615237513455
"HIP_RUNTIME_API_EXT","hipSetDevice",4057937,4057937,1111,695615237595379,695615237595419
"HIP_RUNTIME_API_EXT","hipMemcpy",4057937,4057937,1112,695615237595910,695615237692071
"HIP_RUNTIME_API_EXT","hipMemcpy",4057937,4057937,1113,695615237692702,695615237705566
"HIP_COMPILER_API_EXT","__hipPushCallConfiguration",4057937,4057937,1114,695615237706097,695615237706197
"HIP_COMPILER_API_EXT","__hipPopCallConfiguration",4057937,4057937,1115,695615237706728,695615237706818
"HIP_RUNTIME_API_EXT","hipLaunchKernel",4057937,4057937,1116,695615237707600,695615237710014
"HIP_RUNTIME_API_EXT","hipGetLastError",4057937,4057937,1117,695615237710615,695615237710676
"HIP_RUNTIME_API_EXT","hipMemcpy",4057937,4057937,1118,695615237711187,695615237765709
"HIP_RUNTIME_API_EXT","hipSetDevice",4057937,4057937,1119,695615237847383,695615237847423
"HIP_RUNTIME_API_EXT","hipMemcpy",4057937,4057937,1120,695615237847863,695615237930840
"HIP_RUNTIME_API_EXT","hipMemcpy",4057937,4057937,1121,695615237931340,695615237943884
"HIP_COMPILER_API_EXT","__hipPushCallConfiguration",4057937,4057937,1122,695615237944365,695615237944465
"HIP_COMPILER_API_EXT","__hipPopCallConfiguration",4057937,4057937,1123,695615237945337,695615237945427
"HIP_RUNTIME_API_EXT","hipLaunchKernel",4057937,4057937,1124,695615237946409,695615237948673
"HIP_RUNTIME_API_EXT","hipGetLastError",4057937,4057937,1125,695615237949174,695615237949224
"HIP_RUNTIME_API_EXT","hipMemcpy",4057937,4057937,1126,695615237949715,695615238003486
"HIP_RUNTIME_API_EXT","hipSetDevice",4057937,4057937,1127,695615238087374,695615238087414
"HIP_RUNTIME_API_EXT","hipMemcpy",4057937,4057937,1128,695615238087875,695615238168847
"HIP_RUNTIME_API_EXT","hipMemcpy",4057937,4057937,1129,695615238169368,695615238182643
"HIP_COMPILER_API_EXT","__hipPushCallConfiguration",4057937,4057937,1130,695615238183174,695615238183284
"HIP_COMPILER_API_EXT","__hipPopCallConfiguration",4057937,4057937,1131,695615238183815,695615238183925
"HIP_RUNTIME_API_EXT","hipLaunchKernel",4057937,4057937,1132,695615238184597,695615238187462
"HIP_RUNTIME_API_EXT","hipGetLastError",4057937,4057937,1133,695615238188043,695615238188103
"HIP_RUNTIME_API_EXT","hipMemcpy",4057937,4057937,1134,695615238188564,695615238245231
"HIP_RUNTIME_API_EXT","hipSetDevice",4057937,4057937,1135,695615238319100,695615238319140
"HIP_RUNTIME_API_EXT","hipMemcpy",4057937,4057937,1136,695615238319600,695615238411603
"HIP_RUNTIME_API_EXT","hipMemcpy",4057937,4057937,1137,695615238412114,695615238434366
"HIP_COMPILER_API_EXT","__hipPushCallConfiguration",4057937,4057937,1138,695615238434757,695615238434797
"HIP_COMPILER_API_EXT","__hipPopCallConfiguration",4057937,4057937,1139,695615238435138,695615238435188
"HIP_RUNTIME_API_EXT","hipLaunchKernel",4057937,4057937,1140,695615238435579,695615238437903
"HIP_RUNTIME_API_EXT","hipGetLastError",4057937,4057937,1141,695615238438454,695615238438504
"HIP_RUNTIME_API_EXT","hipMemcpy",4057937,4057937,1142,695615238438965,695615238463421
"HIP_RUNTIME_API_EXT","hipSetDevice",4057937,4057937,1143,695615238471015,695615238471055
"HIP_RUNTIME_API_EXT","hipMemcpy",4057937,4057937,1144,695615238471426,695615238552949
"HIP_RUNTIME_API_EXT","hipMemcpy",4057937,4057937,1145,695615238553651,695615238586863
"HIP_COMPILER_API_EXT","__hipPushCallConfiguration",4057937,4057937,1146,695615238587304,695615238587344
"HIP_COMPILER_API_EXT","__hipPopCallConfiguration",4057937,4057937,1147,695615238587685,695615238587735
"HIP_RUNTIME_API_EXT","hipLaunchKernel",4057937,4057937,1148,695615238588155,695615238589959
"HIP_RUNTIME_API_EXT","hipGetLastError",4057937,4057937,1149,695615238590520,695615238590580
"HIP_RUNTIME_API_EXT","hipMemcpy",4057937,4057937,1150,695615238591101,695615238633230
"HIP_RUNTIME_API_EXT","hipSetDevice",4057937,4057937,1151,695615238635454,695615238635494
"HIP_RUNTIME_API_EXT","hipMemcpy",4057937,4057937,1152,695615238635955,695615238676752
"HIP_RUNTIME_API_EXT","hipMemcpy",4057937,4057937,1153,695615238677343,695615238699976
"HIP_COMPILER_API_EXT","__hipPushCallConfiguration",4057937,4057937,1154,695615238700467,695615238700517
"HIP_COMPILER_API_EXT","__hipPopCallConfiguration",4057937,4057937,1155,695615238700867,695615238700917
"HIP_RUNTIME_API_EXT","hipLaunchKernel",4057937,4057937,1156,695615238701318,695615238703132
"HIP_RUNTIME_API_EXT","hipGetLastError",4057937,4057937,1157,695615238703673,695615238703723
"HIP_RUNTIME_API_EXT","hipMemcpy",4057937,4057937,1158,695615238704194,695615238747605
"HIP_RUNTIME_API_EXT","hipSetDevice",4057937,4057937,1159,695615238749829,695615238749869
"HIP_RUNTIME_API_EXT","hipMemcpy",4057937,4057937,1160,695615238750270,695615238795295
"HIP_RUNTIME_API_EXT","hipMemcpy",4057937,4057937,1161,695615238795736,695615238818228
"HIP_COMPILER_API_EXT","__hipPushCallConfiguration",4057937,4057937,1162,695615238818629,695615238818679
"HIP_COMPILER_API_EXT","__hipPopCallConfiguration",4057937,4057937,1163,695615238819030,695615238819070
"HIP_RUNTIME_API_EXT","hipLaunchKernel",4057937,4057937,1164,695615238819500,695615238821384
"HIP_RUNTIME_API_EXT","hipGetLastError",4057937,4057937,1165,695615238821935,695615238821985
"HIP_RUNTIME_API_EXT","hipMemcpy",4057937,4057937,1166,695615238822446,695615238866348
"HIP_RUNTIME_API_EXT","hipSetDevice",4057937,4057937,1167,695615238868513,695615238868553
"HIP_RUNTIME_API_EXT","hipMemcpy",4057937,4057937,1168,695615238869003,695615238908698
"HIP_RUNTIME_API_EXT","hipMemcpy",4057937,4057937,1169,695615238909279,695615238931952
"HIP_COMPILER_API_EXT","__hipPushCallConfiguration",4057937,4057937,1170,695615238932353,695615238932413
"HIP_COMPILER_API_EXT","__hipPopCallConfiguration",4057937,4057937,1171,695615238932743,695615238932783
"HIP_RUNTIME_API_EXT","hipLaunchKernel",4057937,4057937,1172,695615238933194,695615238935028
"HIP_RUNTIME_API_EXT","hipGetLastError",4057937,4057937,1173,695615238935969,695615238936019
"HIP_RUNTIME_API_EXT","hipMemcpy",4057937,4057937,1174,695615238936490,695615238979401
"HIP_RUNTIME_API_EXT","hipSetDevice",4057937,4057937,1175,695615238980914,695615238981034
"HIP_RUNTIME_API_EXT","hipMemcpy",4057937,4057937,1176,695615238981455,695615239004308
"HIP_RUNTIME_API_EXT","hipMemcpy",4057937,4057937,1177,695615239004689,695615239041127
"HIP_RUNTIME_API_EXT","hipMemcpy",4057937,4057937,1178,695615239041588,695615239062628
"HIP_COMPILER_API_EXT","__hipPushCallConfiguration",4057937,4057937,1179,695615239063048,695615239063098
"HIP_COMPILER_API_EXT","__hipPopCallConfiguration",4057937,4057937,1180,695615239063449,695615239063499
"HIP_RUNTIME_API_EXT","hipLaunchKernel",4057937,4057937,1181,695615239063920,695615239065753
"HIP_RUNTIME_API_EXT","hipGetLastError",4057937,4057937,1182,695615239066304,695615239066365
"HIP_RUNTIME_API_EXT","hipMemcpy",4057937,4057937,1183,695615239066825,695615239107342
"HIP_RUNTIME_API_EXT","hipSetDevice",4057937,4057937,1184,695615239107792,695615239107843
"HIP_RUNTIME_API_EXT","hipMemcpy",4057937,4057937,1185,695615239108263,695615239137909
"HIP_RUNTIME_API_EXT","hipMemcpy",4057937,4057937,1186,695615239138410,695615239194475
"HIP_RUNTIME_API_EXT","hipMemcpy",4057937,4057937,1187,695615239195006,695615239241865
"HIP_COMPILER_API_EXT","__hipPushCallConfiguration",4057937,4057937,1188,695615239242416,695615239242526
"HIP_COMPILER_API_EXT","__hipPopCallConfiguration",4057937,4057937,1189,695615239243117,695615239243227
"HIP_RUNTIME_API_EXT","hipLaunchKernel",4057937,4057937,1190,695615239244369,695615239246994
"HIP_RUNTIME_API_EXT","hipGetLastError",4057937,4057937,1191,695615239247585,695615239247665
"HIP_RUNTIME_API_EXT","hipMemcpy",4057937,4057937,1192,695615239248156,695615239364525
"HIP_RUNTIME_API_EXT","hipSetDevice",4057937,4057937,1193,695615239368863,695615239368913
"HIP_RUNTIME_API_EXT","hipMemcpy",4057937,4057937,1194,695615239369384,695615239409500
"HIP_RUNTIME_API_EXT","hipMemcpy",4057937,4057937,1195,695615239410031,695615239460365
"HIP_COMPILER_API_EXT","__hipPushCallConfiguration",4057937,4057937,1196,695615239460896,695615239460987
"HIP_COMPILER_API_EXT","__hipPopCallConfiguration",4057937,4057937,1197,695615239461538,695615239461628
"HIP_RUNTIME_API_EXT","hipLaunchKernel",4057937,4057937,1198,695615239462379,695615239465064
"HIP_RUNTIME_API_EXT","hipGetLastError",4057937,4057937,1199,695615239465655,695615239465725
"HIP_RUNTIME_API_EXT","hipMemcpy",4057937,4057937,1200,695615239466186,695615239520048
"HIP_RUNTIME_API_EXT","hipSetDevice",4057937,4057937,1201,695615239602663,695615239602713
"HIP_RUNTIME_API_EXT","hipMemcpy",4057937,4057937,1202,695615239603154,695615239702410
"HIP_RUNTIME_API_EXT","hipMemcpy",4057937,4057937,1203,695615239702962,695615239714323
"HIP_COMPILER_API_EXT","__hipPushCallConfiguration",4057937,4057937,1204,695615239714884,695615239714974
"HIP_COMPILER_API_EXT","__hipPopCallConfiguration",4057937,4057937,1205,695615239715495,695615239715585
"HIP_RUNTIME_API_EXT","hipLaunchKernel",4057937,4057937,1206,695615239716277,695615239719172
"HIP_RUNTIME_API_EXT","hipGetLastError",4057937,4057937,1207,695615239719723,695615239719793
"HIP_RUNTIME_API_EXT","hipMemcpy",4057937,4057937,1208,695615239720254,695615239775087
"HIP_RUNTIME_API_EXT","hipSetDevice",4057937,4057937,1209,695615239857212,695615239857252
"HIP_RUNTIME_API_EXT","hipMemcpy",4057937,4057937,1210,695615239857712,695615239941079
"HIP_RUNTIME_API_EXT","hipMemcpy",4057937,4057937,1211,695615239941660,695615239952881
"HIP_COMPILER_API_EXT","__hipPushCallConfiguration",4057937,4057937,1212,695615239953332,695615239953422
"HIP_COMPILER_API_EXT","__hipPopCallConfiguration",4057937,4057937,1213,695615239953973,695615239954064
"HIP_RUNTIME_API_EXT","hipLaunchKernel",4057937,4057937,1214,695615239954735,695615239957731
"HIP_RUNTIME_API_EXT","hipGetLastError",4057937,4057937,1215,695615239958262,695615239958322
"HIP_RUNTIME_API_EXT","hipMemcpy",4057937,4057937,1216,695615239958853,695615240013666
"HIP_RUNTIME_API_EXT","hipSetDevice",4057937,4057937,1217,695615240095319,695615240095359
"HIP_RUNTIME_API_EXT","hipMemcpy",4057937,4057937,1218,695615240095790,695615240180569
"HIP_RUNTIME_API_EXT","hipMemcpy",4057937,4057937,1219,695615240181181,695615240193484
"HIP_COMPILER_API_EXT","__hipPushCallConfiguration",4057937,4057937,1220,695615240193985,695615240194085
"HIP_COMPILER_API_EXT","__hipPopCallConfiguration",4057937,4057937,1221,695615240194716,695615240194806
"HIP_RUNTIME_API_EXT","hipLaunchKernel",4057937,4057937,1222,695615240195528,695615240198533
"HIP_RUNTIME_API_EXT","hipGetLastError",4057937,4057937,1223,695615240199124,695615240199184
"HIP_RUNTIME_API_EXT","hipMemcpy",4057937,4057937,1224,695615240199645,695615240254348
"HIP_RUNTIME_API_EXT","hipSetDevice",4057937,4057937,1225,695615240328447,695615240328488
"HIP_RUNTIME_API_EXT","hipMemcpy",4057937,4057937,1226,695615240328928,695615240415802
"HIP_RUNTIME_API_EXT","hipMemcpy",4057937,4057937,1227,695615240416303,695615240437843
"HIP_COMPILER_API_EXT","__hipPushCallConfiguration",4057937,4057937,1228,695615240438244,695615240438304
"HIP_COMPILER_API_EXT","__hipPopCallConfiguration",4057937,4057937,1229,695615240438665,695615240438705
"HIP_RUNTIME_API_EXT","hipLaunchKernel",4057937,4057937,1230,695615240439366,695615240442312
"HIP_RUNTIME_API_EXT","hipGetLastError",4057937,4057937,1231,695615240442873,695615240442933
"HIP_RUNTIME_API_EXT","hipMemcpy",4057937,4057937,1232,695615240443394,695615240469813
"HIP_RUNTIME_API_EXT","hipSetDevice",4057937,4057937,1233,695615240477327,695615240477377
"HIP_RUNTIME_API_EXT","hipMemcpy",4057937,4057937,1234,695615240477808,695615240498768
"HIP_RUNTIME_API_EXT","hipMemcpy",4057937,4057937,1235,695615240499128,695615240520729
"HIP_COMPILER_API_EXT","__hipPushCallConfiguration",4057937,4057937,1236,695615240521130,695615240521170
"HIP_COMPILER_API_EXT","__hipPopCallConfiguration",4057937,4057937,1237,695615240521510,695615240521551
"HIP_RUNTIME_API_EXT","hipLaunchKernel",4057937,4057937,1238,695615240522242,695615240524636
"HIP_RUNTIME_API_EXT","hipGetLastError",4057937,4057937,1239,695615240525177,695615240525237
"HIP_RUNTIME_API_EXT","hipMemcpy",4057937,4057937,1240,695615240525688,695615240572276
"HIP_RUNTIME_API_EXT","hipSetDevice",4057937,4057937,1241,695615240574450,695615240574490
"HIP_RUNTIME_API_EXT","hipMemcpy",4057937,4057937,1242,695615240574921,695615240613594
"HIP_RUNTIME_API_EXT","hipMemcpy",4057937,4057937,1243,695615240614185,695615240637228
"HIP_COMPILER_API_EXT","__hipPushCallConfiguration",4057937,4057937,1244,695615240637639,695615240637679
"HIP_COMPILER_API_EXT","__hipPopCallConfiguration",4057937,4057937,1245,695615240638210,695615240638250
"HIP_RUNTIME_API_EXT","hipLaunchKernel",4057937,4057937,1246,695615240638671,695615240641185
"HIP_RUNTIME_API_EXT","hipGetLastError",4057937,4057937,1247,695615240641746,695615240641807
"HIP_RUNTIME_API_EXT","hipMemcpy",4057937,4057937,1248,695615240642277,695615240685278
"HIP_RUNTIME_API_EXT","hipSetDevice",4057937,4057937,1249,695615240687422,695615240687472
"HIP_RUNTIME_API_EXT","hipMemcpy",4057937,4057937,1250,695615240687943,695615240727989
"HIP_RUNTIME_API_EXT","hipMemcpy",4057937,4057937,1251,695615240728570,695615240750270
"HIP_COMPILER_API_EXT","__hipPushCallConfiguration",4057937,4057937,1252,695615240750681,695615240750721
"HIP_COMPILER_API_EXT","__hipPopCallConfiguration",4057937,4057937,1253,695615240751072,695615240751112
"HIP_RUNTIME_API_EXT","hipLaunchKernel",4057937,4057937,1254,695615240751503,695615240754288
"HIP_RUNTIME_API_EXT","hipGetLastError",4057937,4057937,1255,695615240754879,695615240754929
"HIP_RUNTIME_API_EXT","hipMemcpy",4057937,4057937,1256,695615240755410,695615240806747
"HIP_RUNTIME_API_EXT","hipSetDevice",4057937,4057937,1257,695615240808791,695615240808841
"HIP_RUNTIME_API_EXT","hipMemcpy",4057937,4057937,1258,695615240809271,695615240848064
"HIP_RUNTIME_API_EXT","hipMemcpy",4057937,4057937,1259,695615240848575,695615240870497
"HIP_COMPILER_API_EXT","__hipPushCallConfiguration",4057937,4057937,1260,695615240870887,695615240870927
"HIP_COMPILER_API_EXT","__hipPopCallConfiguration",4057937,4057937,1261,695615240871298,695615240871338
"HIP_RUNTIME_API_EXT","hipLaunchKernel",4057937,4057937,1262,695615240871769,695615240874143
"HIP_RUNTIME_API_EXT","hipGetLastError",4057937,4057937,1263,695615240874674,695615240874734
"HIP_RUNTIME_API_EXT","hipMemcpy",4057937,4057937,1264,695615240875185,695615240920200
"HIP_RUNTIME_API_EXT","hipSetDevice",4057937,4057937,1265,695615240921653,695615240921723
"HIP_RUNTIME_API_EXT","hipMemcpy",4057937,4057937,1266,695615240922324,695615240942552
"HIP_RUNTIME_API_EXT","hipMemcpy",4057937,4057937,1267,695615240942933,695615240973470
"HIP_RUNTIME_API_EXT","hipMemcpy",4057937,4057937,1268,695615240973941,695615240996063
"HIP_COMPILER_API_EXT","__hipPushCallConfiguration",4057937,4057937,1269,695615240996443,695615240996483
"HIP_COMPILER_API_EXT","__hipPopCallConfiguration",4057937,4057937,1270,695615240996824,695615240996864
"HIP_RUNTIME_API_EXT","hipLaunchKernel",4057937,4057937,1271,695615240997295,695615240999639
"HIP_RUNTIME_API_EXT","hipGetLastError",4057937,4057937,1272,695615241000200,695615241000260
"HIP_RUNTIME_API_EXT","hipMemcpy",4057937,4057937,1273,695615241000761,695615241040616
"HIP_RUNTIME_API_EXT","hipSetDevice",4057937,4057937,1274,695615241041047,695615241041087
"HIP_RUNTIME_API_EXT","hipMemcpy",4057937,4057937,1275,695615241041508,695615241071024
"HIP_RUNTIME_API_EXT","hipMemcpy",4057937,4057937,1276,695615241071514,695615241130325
"HIP_RUNTIME_API_EXT","hipMemcpy",4057937,4057937,1277,695615241130846,695615241177864
"HIP_COMPILER_API_EXT","__hipPushCallConfiguration",4057937,4057937,1278,695615241178405,695615241178516
"HIP_COMPILER_API_EXT","__hipPopCallConfiguration",4057937,4057937,1279,695615241179057,695615241179167
"HIP_RUNTIME_API_EXT","hipLaunchKernel",4057937,4057937,1280,695615241180038,695615241182623
"HIP_RUNTIME_API_EXT","hipGetLastError",4057937,4057937,1281,695615241184066,695615241184136
"HIP_RUNTIME_API_EXT","hipMemcpy",4057937,4057937,1282,695615241184617,695615241301577
"HIP_RUNTIME_API_EXT","hipSetDevice",4057937,4057937,1283,695615241305565,695615241305625
"HIP_RUNTIME_API_EXT","hipMemcpy",4057937,4057937,1284,695615241306196,695615241345740
"HIP_RUNTIME_API_EXT","hipMemcpy",4057937,4057937,1285,695615241346241,695615241389582
"HIP_COMPILER_API_EXT","__hipPushCallConfiguration",4057937,4057937,1286,695615241390093,695615241390184
"HIP_COMPILER_API_EXT","__hipPopCallConfiguration",4057937,4057937,1287,695615241390725,695615241390825
"HIP_RUNTIME_API_EXT","hipLaunchKernel",4057937,4057937,1288,695615241391486,695615241394221
"HIP_RUNTIME_API_EXT","hipGetLastError",4057937,4057937,1289,695615241394752,695615241394802
"HIP_RUNTIME_API_EXT","hipMemcpy",4057937,4057937,1290,695615241395263,695615241449405
"HIP_RUNTIME_API_EXT","hipSetDevice",4057937,4057937,1291,695615241531589,695615241531640
"HIP_RUNTIME_API_EXT","hipMemcpy",4057937,4057937,1292,695615241532060,695615241628742
"HIP_RUNTIME_API_EXT","hipMemcpy",4057937,4057937,1293,695615241629243,695615241640675
"HIP_COMPILER_API_EXT","__hipPushCallConfiguration",4057937,4057937,1294,695615241641166,695615241641246
"HIP_COMPILER_API_EXT","__hipPopCallConfiguration",4057937,4057937,1295,695615241641777,695615241641867
"HIP_RUNTIME_API_EXT","hipLaunchKernel",4057937,4057937,1296,695615241642508,695615241645484
"HIP_RUNTIME_API_EXT","hipGetLastError",4057937,4057937,1297,695615241646055,695615241646115
"HIP_RUNTIME_API_EXT","hipMemcpy",4057937,4057937,1298,695615241646666,695615241700868
"HIP_RUNTIME_API_EXT","hipSetDevice",4057937,4057937,1299,695615241782351,695615241782391
"HIP_RUNTIME_API_EXT","hipMemcpy",4057937,4057937,1300,695615241782872,695615241867721
"HIP_RUNTIME_API_EXT","hipMemcpy",4057937,4057937,1301,695615241868232,695615241879454
"HIP_COMPILER_API_EXT","__hipPushCallConfiguration",4057937,4057937,1302,695615241879904,695615241879985
"HIP_COMPILER_API_EXT","__hipPopCallConfiguration",4057937,4057937,1303,695615241880516,695615241880616
"HIP_RUNTIME_API_EXT","hipLaunchKernel",4057937,4057937,1304,695615241881297,695615241884313
"HIP_RUNTIME_API_EXT","hipGetLastError",4057937,4057937,1305,695615241884854,695615241884914
"HIP_RUNTIME_API_EXT","hipMemcpy",4057937,4057937,1306,695615241885405,695615241939366
"HIP_RUNTIME_API_EXT","hipSetDevice",4057937,4057937,1307,695615242024316,695615242024366
"HIP_RUNTIME_API_EXT","hipMemcpy",4057937,4057937,1308,695615242024797,695615242109546
"HIP_RUNTIME_API_EXT","hipMemcpy",4057937,4057937,1309,695615242110047,695615242122090
"HIP_COMPILER_API_EXT","__hipPushCallConfiguration",4057937,4057937,1310,695615242122551,695615242122661
"HIP_COMPILER_API_EXT","__hipPopCallConfiguration",4057937,4057937,1311,695615242123182,695615242123282
"HIP_RUNTIME_API_EXT","hipLaunchKernel",4057937,4057937,1312,695615242123973,695615242127280
"HIP_RUNTIME_API_EXT","hipGetLastError",4057937,4057937,1313,695615242127861,695615242127921
"HIP_RUNTIME_API_EXT","hipMemcpy",4057937,4057937,1314,695615242128402,695615242183696
"HIP_RUNTIME_API_EXT","hipSetDevice",4057937,4057937,1315,695615242256082,695615242256132
"HIP_RUNTIME_API_EXT","hipMemcpy",4057937,4057937,1316,695615242256803,695615242346562
"HIP_RUNTIME_API_EXT","hipMemcpy",4057937,4057937,1317,695615242347083,695615242369415
"HIP_COMPILER_API_EXT","__hipPushCallConfiguration",4057937,4057937,1318,695615242369816,695615242369856
"HIP_COMPILER_API_EXT","__hipPopCallConfiguration",4057937,4057937,1319,695615242370196,695615242370246
"HIP_RUNTIME_API_EXT","hipLaunchKernel",4057937,4057937,1320,695615242370928,695615242372911
"HIP_RUNTIME_API_EXT","hipGetLastError",4057937,4057937,1321,695615242373442,695615242373502
"HIP_RUNTIME_API_EXT","hipMemcpy",4057937,4057937,1322,695615242373953,695615242402066
"HIP_RUNTIME_API_EXT","hipSetDevice",4057937,4057937,1323,695615242409600,695615242409640
"HIP_RUNTIME_API_EXT","hipMemcpy",4057937,4057937,1324,695615242410041,695615242431902
"HIP_RUNTIME_API_EXT","hipMemcpy",4057937,4057937,1325,695615242432293,695615242452892
"HIP_COMPILER_API_EXT","__hipPushCallConfiguration",4057937,4057937,1326,695615242453272,695615242453313
"HIP_COMPILER_API_EXT","__hipPopCallConfiguration",4057937,4057937,1327,695615242453663,695615242453703
"HIP_RUNTIME_API_EXT","hipLaunchKernel",4057937,4057937,1328,695615242454174,695615242456088
"HIP_RUNTIME_API_EXT","hipGetLastError",4057937,4057937,1329,695615242456629,695615242456689
"HIP_RUNTIME_API_EXT","hipMemcpy",4057937,4057937,1330,695615242457150,695615242499319
"HIP_RUNTIME_API_EXT","hipSetDevice",4057937,4057937,1331,695615242501273,695615242501323
"HIP_RUNTIME_API_EXT","hipMemcpy",4057937,4057937,1332,695615242501764,695615242541288
"HIP_RUNTIME_API_EXT","hipMemcpy",4057937,4057937,1333,695615242541789,695615242565043
"HIP_COMPILER_API_EXT","__hipPushCallConfiguration",4057937,4057937,1334,695615242565403,695615242565453
"HIP_COMPILER_API_EXT","__hipPopCallConfiguration",4057937,4057937,1335,695615242565794,695615242565834
"HIP_RUNTIME_API_EXT","hipLaunchKernel",4057937,4057937,1336,695615242566255,695615242568098
"HIP_RUNTIME_API_EXT","hipGetLastError",4057937,4057937,1337,695615242568619,695615242568679
"HIP_RUNTIME_API_EXT","hipMemcpy",4057937,4057937,1338,695615242569140,695615242612512
"HIP_RUNTIME_API_EXT","hipSetDevice",4057937,4057937,1339,695615242614656,695615242614696
"HIP_RUNTIME_API_EXT","hipMemcpy",4057937,4057937,1340,695615242615097,695615242660372
"HIP_RUNTIME_API_EXT","hipMemcpy",4057937,4057937,1341,695615242660863,695615242682223
"HIP_COMPILER_API_EXT","__hipPushCallConfiguration",4057937,4057937,1342,695615242682594,695615242682644
"HIP_COMPILER_API_EXT","__hipPopCallConfiguration",4057937,4057937,1343,695615242682984,695615242683024
"HIP_RUNTIME_API_EXT","hipLaunchKernel",4057937,4057937,1344,695615242683455,695615242685249
"HIP_RUNTIME_API_EXT","hipGetLastError",4057937,4057937,1345,695615242685860,695615242685910
"HIP_RUNTIME_API_EXT","hipMemcpy",4057937,4057937,1346,695615242686381,695615242731335
"HIP_RUNTIME_API_EXT","hipSetDevice",4057937,4057937,1347,695615242733389,695615242733429
"HIP_RUNTIME_API_EXT","hipMemcpy",4057937,4057937,1348,695615242733830,695615242773685
"HIP_RUNTIME_API_EXT","hipMemcpy",4057937,4057937,1349,695615242774206,695615242796317
"HIP_COMPILER_API_EXT","__hipPushCallConfiguration",4057937,4057937,1350,695615242796688,695615242796738
"HIP_COMPILER_API_EXT","__hipPopCallConfiguration",4057937,4057937,1351,695615242797069,695615242797119
"HIP_RUNTIME_API_EXT","hipLaunchKernel",4057937,4057937,1352,695615242797540,695615242799313
"HIP_RUNTIME_API_EXT","hipGetLastError",4057937,4057937,1353,695615242799854,695615242799914
"HIP_RUNTIME_API_EXT","hipMemcpy",4057937,4057937,1354,695615242800365,695615242844939
"HIP_RUNTIME_API_EXT","hipSetDevice",4057937,4057937,1355,695615242846622,695615242846662
"HIP_RUNTIME_API_EXT","hipMemcpy",4057937,4057937,1356,695615242847093,695615242868153
"HIP_RUNTIME_API_EXT","hipMemcpy",4057937,4057937,1357,695615242868523,695615242898029
"HIP_RUNTIME_API_EXT","hipMemcpy",4057937,4057937,1358,695615242898590,695615242920090
"HIP_COMPILER_API_EXT","__hipPushCallConfiguration",4057937,4057937,1359,695615242920461,695615242920501
"HIP_COMPILER_API_EXT","__hipPopCallConfiguration",4057937,4057937,1360,695615242920832,695615242920882
"HIP_RUNTIME_API_EXT","hipLaunchKernel",4057937,4057937,1361,695615242921292,695615242923216
"HIP_RUNTIME_API_EXT","hipGetLastError",4057937,4057937,1362,695615242923757,695615242923807
"HIP_RUNTIME_API_EXT","hipMemcpy",4057937,4057937,1363,695615242924258,695615242964574
"HIP_RUNTIME_API_EXT","hipSetDevice",4057937,4057937,1364,695615242964995,695615242965035
"HIP_RUNTIME_API_EXT","hipMemcpy",4057937,4057937,1365,695615242965435,695615242995612
"HIP_RUNTIME_API_EXT","hipMemcpy",4057937,4057937,1366,695615242996113,695615243056877
"HIP_RUNTIME_API_EXT","hipMemcpy",4057937,4057937,1367,695615243057529,695615243102954
"HIP_COMPILER_API_EXT","__hipPushCallConfiguration",4057937,4057937,1368,695615243103515,695615243103635
"HIP_COMPILER_API_EXT","__hipPopCallConfiguration",4057937,4057937,1369,695615243104166,695615243104287
"HIP_RUNTIME_API_EXT","hipLaunchKernel",4057937,4057937,1370,695615243105038,695615243107232
"HIP_RUNTIME_API_EXT","hipGetLastError",4057937,4057937,1371,695615243107833,695615243107903
"HIP_RUNTIME_API_EXT","hipMemcpy",4057937,4057937,1372,695615243108464,695615243224152
"HIP_RUNTIME_API_EXT","hipSetDevice",4057937,4057937,1373,695615243228210,695615243228270
"HIP_RUNTIME_API_EXT","hipMemcpy",4057937,4057937,1374,695615243228710,695615243268986
"HIP_RUNTIME_API_EXT","hipMemcpy",4057937,4057937,1375,695615243269577,695615243320884
"HIP_COMPILER_API_EXT","__hipPushCallConfiguration",4057937,4057937,1376,695615243321405,695615243321485
"HIP_COMPILER_API_EXT","__hipPopCallConfiguration",4057937,4057937,1377,695615243322056,695615243322156
"HIP_RUNTIME_API_EXT","hipLaunchKernel",4057937,4057937,1378,695615243322837,695615243324921
"HIP_RUNTIME_API_EXT","hipGetLastError",4057937,4057937,1379,695615243325462,695615243325522
"HIP_RUNTIME_API_EXT","hipMemcpy",4057937,4057937,1380,695615243325993,695615243380957
"HIP_RUNTIME_API_EXT","hipSetDevice",4057937,4057937,1381,695615243463492,695615243463542
"HIP_RUNTIME_API_EXT","hipMemcpy",4057937,4057937,1382,695615243463973,695615243563600
"HIP_RUNTIME_API_EXT","hipMemcpy",4057937,4057937,1383,695615243564141,695615243575322
"HIP_COMPILER_API_EXT","__hipPushCallConfiguration",4057937,4057937,1384,695615243575823,695615243575903
"HIP_COMPILER_API_EXT","__hipPopCallConfiguration",4057937,4057937,1385,695615243576464,695615243576554
"HIP_RUNTIME_API_EXT","hipLaunchKernel",4057937,4057937,1386,695615243577216,695615243579470
"HIP_RUNTIME_API_EXT","hipGetLastError",4057937,4057937,1387,695615243580111,695615243580171
"HIP_RUNTIME_API_EXT","hipMemcpy",4057937,4057937,1388,695615243580712,695615243635155
"HIP_RUNTIME_API_EXT","hipSetDevice",4057937,4057937,1389,695615243716928,695615243716968
"HIP_RUNTIME_API_EXT","hipMemcpy",4057937,4057937,1390,695615243717369,695615243803351
"HIP_RUNTIME_API_EXT","hipMemcpy",4057937,4057937,1391,695615243803912,695615243815694
"HIP_COMPILER_API_EXT","__hipPushCallConfiguration",4057937,4057937,1392,695615243816145,695615243816225
"HIP_COMPILER_API_EXT","__hipPopCallConfiguration",4057937,4057937,1393,695615243816756,695615243816846
"HIP_RUNTIME_API_EXT","hipLaunchKernel",4057937,4057937,1394,695615243817528,695615243819712
"HIP_RUNTIME_API_EXT","hipGetLastError",4057937,4057937,1395,695615243820233,695615243820293
"HIP_RUNTIME_API_EXT","hipMemcpy",4057937,4057937,1396,695615243820774,695615243876949
"HIP_RUNTIME_API_EXT","hipSetDevice",4057937,4057937,1397,695615243957130,695615243957170
"HIP_RUNTIME_API_EXT","hipMemcpy",4057937,4057937,1398,695615243957621,695615244047039
"HIP_RUNTIME_API_EXT","hipMemcpy",4057937,4057937,1399,695615244047450,695615244083067
"HIP_COMPILER_API_EXT","__hipPushCallConfiguration",4057937,4057937,1400,695615244083428,695615244083478
"HIP_COMPILER_API_EXT","__hipPopCallConfiguration",4057937,4057937,1401,695615244085552,695615244085612
"HIP_RUNTIME_API_EXT","hipLaunchKernel",4057937,4057937,1402,695615244211709,695615244214223
"HIP_RUNTIME_API_EXT","hipGetLastError",4057937,4057937,1403,695615244214634,695615244214664
"HIP_RUNTIME_API_EXT","hipMemcpy",4057937,4057937,1404,695615244214995,695615244321435
"HIP_RUNTIME_API_EXT","hipSetDevice",4057937,4057937,1405,695615244394492,695615244394542
"HIP_RUNTIME_API_EXT","hipMemcpy",4057937,4057937,1406,695615244401726,695615244496023
"HIP_RUNTIME_API_EXT","hipMemcpy",4057937,4057937,1407,695615244496975,695615244518375
"HIP_COMPILER_API_EXT","__hipPushCallConfiguration",4057937,4057937,1408,695615244519107,695615244519157
"HIP_COMPILER_API_EXT","__hipPopCallConfiguration",4057937,4057937,1409,695615244519848,695615244519898
"HIP_RUNTIME_API_EXT","hipLaunchKernel",4057937,4057937,1410,695615244520309,695615244522453
"HIP_RUNTIME_API_EXT","hipGetLastError",4057937,4057937,1411,695615244522814,695615244522844
"HIP_RUNTIME_API_EXT","hipMemcpy",4057937,4057937,1412,695615244523164,695615244553972
"HIP_RUNTIME_API_EXT","hipSetDevice",4057937,4057937,1413,695615244561657,695615244561697
"HIP_RUNTIME_API_EXT","hipMemcpy",4057937,4057937,1414,695615244562067,695615244589349
"HIP_RUNTIME_API_EXT","hipMemcpy",4057937,4057937,1415,695615244590120,695615244616931
"HIP_COMPILER_API_EXT","__hipPushCallConfiguration",4057937,4057937,1416,695615244617482,695615244617522
"HIP_COMPILER_API_EXT","__hipPopCallConfiguration",4057937,4057937,1417,695615244617862,695615244617912
"HIP_RUNTIME_API_EXT","hipLaunchKernel",4057937,4057937,1418,695615244618383,695615244620367
"HIP_RUNTIME_API_EXT","hipGetLastError",4057937,4057937,1419,695615244620718,695615244620748
"HIP_RUNTIME_API_EXT","hipMemcpy",4057937,4057937,1420,695615244621048,695615244673878
"HIP_RUNTIME_API_EXT","hipSetDevice",4057937,4057937,1421,695615244675771,695615244675811
"HIP_RUNTIME_API_EXT","hipMemcpy",4057937,4057937,1422,695615244676402,695615244725625
"HIP_RUNTIME_API_EXT","hipMemcpy",4057937,4057937,1423,695615244726016,695615244760951
"HIP_COMPILER_API_EXT","__hipPushCallConfiguration",4057937,4057937,1424,695615244761372,695615244761412
"HIP_COMPILER_API_EXT","__hipPopCallConfiguration",4057937,4057937,1425,695615244761753,695615244761793
"HIP_RUNTIME_API_EXT","hipLaunchKernel",4057937,4057937,1426,695615244762274,695615244764087
"HIP_RUNTIME_API_EXT","hipGetLastError",4057937,4057937,1427,695615244764458,695615244764488
"HIP_RUNTIME_API_EXT","hipMemcpy",4057937,4057937,1428,695615244764829,695615244819071
"HIP_RUNTIME_API_EXT","hipSetDevice",4057937,4057937,1429,695615244820784,695615244820834
"HIP_RUNTIME_API_EXT","hipMemcpy",4057937,4057937,1430,695615244821235,695615244832306
"HIP_RUNTIME_API_EXT","hipMemcpy",4057937,4057937,1431,695615244832827,695615244859126
"HIP_COMPILER_API_EXT","__hipPushCallConfiguration",4057937,4057937,1432,695615244859627,695615244859667
"HIP_COMPILER_API_EXT","__hipPopCallConfiguration",4057937,4057937,1433,695615244860098,695615244860148
"HIP_RUNTIME_API_EXT","hipLaunchKernel",4057937,4057937,1434,695615244860679,695615244862482
"HIP_RUNTIME_API_EXT","hipGetLastError",4057937,4057937,1435,695615244862843,695615244862873
"HIP_RUNTIME_API_EXT","hipMemcpy",4057937,4057937,1436,695615244863174,695615244917115
"HIP_RUNTIME_API_EXT","hipSetDevice",4057937,4057937,1437,695615244918848,695615244918888
"HIP_RUNTIME_API_EXT","hipMemcpy",4057937,4057937,1438,695615244919900,695615244959835
"HIP_RUNTIME_API_EXT","hipMemcpy",4057937,4057937,1439,695615244960166,695615244981867
"HIP_COMPILER_API_EXT","__hipPushCallConfiguration",4057937,4057937,1440,695615244982468,695615244982508
"HIP_COMPILER_API_EXT","__hipPopCallConfiguration",4057937,4057937,1441,695615244982849,695615244982899
"HIP_RUNTIME_API_EXT","hipLaunchKernel",4057937,4057937,1442,695615244983299,695615244985293
"HIP_RUNTIME_API_EXT","hipGetLastError",4057937,4057937,1443,695615244985654,695615244985684
"HIP_RUNTIME_API_EXT","hipMemcpy",4057937,4057937,1444,695615244985985,695615245030358
"HIP_RUNTIME_API_EXT","hipSetDevice",4057937,4057937,1445,695615245031700,695615245031781
"HIP_RUNTIME_API_EXT","hipMemcpy",4057937,4057937,1446,695615245032412,695615245054503
"HIP_RUNTIME_API_EXT","hipMemcpy",4057937,4057937,1447,695615245054874,695615245083979
"HIP_RUNTIME_API_EXT","hipMemcpy",4057937,4057937,1448,695615245084400,695615245106722
"HIP_COMPILER_API_EXT","__hipPushCallConfiguration",4057937,4057937,1449,695615245107212,695615245107263
"HIP_COMPILER_API_EXT","__hipPopCallConfiguration",4057937,4057937,1450,695615245107683,695615245107723
"HIP_RUNTIME_API_EXT","hipLaunchKernel",4057937,4057937,1451,695615245108134,695615245110148
"HIP_RUNTIME_API_EXT","hipGetLastError",4057937,4057937,1452,695615245110509,695615245110539
"HIP_RUNTIME_API_EXT","hipMemcpy",4057937,4057937,1453,695615245110859,695615245152688
"HIP_RUNTIME_API_EXT","hipSetDevice",4057937,4057937,1454,695615245153159,695615245153199
"HIP_RUNTIME_API_EXT","hipMemcpy",4057937,4057937,1455,695615245153720,695615245583718
"HIP_RUNTIME_API_EXT","hipMemcpy",4057937,4057937,1456,695615245584069,695615245676693
"HIP_RUNTIME_API_EXT","hipMemcpy",4057937,4057937,1457,695615245677134,695615245691431
"HIP_COMPILER_API_EXT","__hipPushCallConfiguration",4057937,4057937,1458,695615245691812,695615245691862
"HIP_COMPILER_API_EXT","__hipPopCallConfiguration",4057937,4057937,1459,695615245692273,695615245692323
"HIP_RUNTIME_API_EXT","hipLaunchKernel",4057937,4057937,1460,695615245692814,695615245696801
"HIP_RUNTIME_API_EXT","hipGetLastError",4057937,4057937,1461,695615245697202,695615245697242
"HIP_RUNTIME_API_EXT","hipMemcpy",4057937,4057937,1462,695615245697562,695615245891627
"HIP_RUNTIME_API_EXT","hipSetDevice",4057937,4057937,1463,695615245895445,695615245895505
"HIP_RUNTIME_API_EXT","hipMemcpy",4057937,4057937,1464,695615245926493,695615245958493
"HIP_RUNTIME_API_EXT","hipMemcpy",4057937,4057937,1465,695615245959034,695615245972459
"HIP_COMPILER_API_EXT","__hipPushCallConfiguration",4057937,4057937,1466,695615245972920,695615245972990
"HIP_COMPILER_API_EXT","__hipPopCallConfiguration",4057937,4057937,1467,695615245973361,695615245973411
"HIP_RUNTIME_API_EXT","hipLaunchKernel",4057937,4057937,1468,695615245973882,695615245976637
"HIP_RUNTIME_API_EXT","hipGetLastError",4057937,4057937,1469,695615245977008,695615245977048
"HIP_RUNTIME_API_EXT","hipMemcpy",4057937,4057937,1470,695615245977369,695615246046258
"HIP_RUNTIME_API_EXT","hipSetDevice",4057937,4057937,1471,695615246129214,695615246129274
"HIP_RUNTIME_API_EXT","hipMemcpy",4057937,4057937,1472,695615246129755,695615246241575
"HIP_RUNTIME_API_EXT","hipMemcpy",4057937,4057937,1473,695615246242126,695615246255351
"HIP_COMPILER_API_EXT","__hipPushCallConfiguration",4057937,4057937,1474,695615246255812,695615246255862
"HIP_COMPILER_API_EXT","__hipPopCallConfiguration",4057937,4057937,1475,695615246256333,695615246256383
"HIP_RUNTIME_API_EXT","hipLaunchKernel",4057937,4057937,1476,695615246256834,695615246259389
"HIP_RUNTIME_API_EXT","hipGetLastError",4057937,4057937,1477,695615246259760,695615246259790
"HIP_RUNTIME_API_EXT","hipMemcpy",4057937,4057937,1478,695615246260120,695615246330132
"HIP_RUNTIME_API_EXT","hipSetDevice",4057937,4057937,1479,695615246411405,695615246411445
"HIP_RUNTIME_API_EXT","hipMemcpy",4057937,4057937,1480,695615246411845,695615246505231
"HIP_RUNTIME_API_EXT","hipMemcpy",4057937,4057937,1481,695615246505662,695615246517915
"HIP_COMPILER_API_EXT","__hipPushCallConfiguration",4057937,4057937,1482,695615246518626,695615246518676
"HIP_COMPILER_API_EXT","__hipPopCallConfiguration",4057937,4057937,1483,695615246519047,695615246519097
"HIP_RUNTIME_API_EXT","hipLaunchKernel",4057937,4057937,1484,695615246519518,695615246521702
"HIP_RUNTIME_API_EXT","hipGetLastError",4057937,4057937,1485,695615246522063,695615246522093
"HIP_RUNTIME_API_EXT","hipMemcpy",4057937,4057937,1486,695615246522393,695615246579591
"HIP_RUNTIME_API_EXT","hipSetDevice",4057937,4057937,1487,695615246659481,695615246659521
"HIP_RUNTIME_API_EXT","hipMemcpy",4057937,4057937,1488,695615246660102,695615246758728
"HIP_RUNTIME_API_EXT","hipMemcpy",4057937,4057937,1489,695615246759209,695615246771782
"HIP_COMPILER_API_EXT","__hipPushCallConfiguration",4057937,4057937,1490,695615246772293,695615246772343
"HIP_COMPILER_API_EXT","__hipPopCallConfiguration",4057937,4057937,1491,695615246772754,695615246772804
"HIP_RUNTIME_API_EXT","hipLaunchKernel",4057937,4057937,1492,695615246773235,695615246775119
"HIP_RUNTIME_API_EXT","hipGetLastError",4057937,4057937,1493,695615246775489,695615246775519
"HIP_RUNTIME_API_EXT","hipMemcpy",4057937,4057937,1494,695615246775830,695615246833649
"HIP_RUNTIME_API_EXT","hipSetDevice",4057937,4057937,1495,695615246906115,695615246906155
"HIP_RUNTIME_API_EXT","hipMemcpy",4057937,4057937,1496,695615246906646,695615247001785
"HIP_RUNTIME_API_EXT","hipMemcpy",4057937,4057937,1497,695615247002205,695615247026311
"HIP_COMPILER_API_EXT","__hipPushCallConfiguration",4057937,4057937,1498,695615247026852,695615247026892
"HIP_COMPILER_API_EXT","__hipPopCallConfiguration",4057937,4057937,1499,695615247027243,695615247027303
"HIP_RUNTIME_API_EXT","hipLaunchKernel",4057937,4057937,1500,695615247027764,695615247029817
"HIP_RUNTIME_API_EXT","hipGetLastError",4057937,4057937,1501,695615247030489,695615247030529
"HIP_RUNTIME_API_EXT","hipMemcpy",4057937,4057937,1502,695615247030849,695615247061126
"HIP_RUNTIME_API_EXT","hipSetDevice",4057937,4057937,1503,695615247068891,695615247068931
"HIP_RUNTIME_API_EXT","hipMemcpy",4057937,4057937,1504,695615247069372,695615247155524
"HIP_RUNTIME_API_EXT","hipMemcpy",4057937,4057937,1505,695615247156015,695615247179359
"HIP_COMPILER_API_EXT","__hipPushCallConfiguration",4057937,4057937,1506,695615247179829,695615247179880
"HIP_COMPILER_API_EXT","__hipPopCallConfiguration",4057937,4057937,1507,695615247180230,695615247180280
"HIP_RUNTIME_API_EXT","hipLaunchKernel",4057937,4057937,1508,695615247180711,695615247182915
"HIP_RUNTIME_API_EXT","hipGetLastError",4057937,4057937,1509,695615247183296,695615247183326
"HIP_RUNTIME_API_EXT","hipMemcpy",4057937,4057937,1510,695615247183647,695615247231366
"HIP_RUNTIME_API_EXT","hipSetDevice",4057937,4057937,1511,695615247232989,695615247233029
"HIP_RUNTIME_API_EXT","hipMemcpy",4057937,4057937,1512,695615247233791,695615247243369
"HIP_RUNTIME_API_EXT","hipMemcpy",4057937,4057937,1513,695615247243699,695615247269368
"HIP_COMPILER_API_EXT","__hipPushCallConfiguration",4057937,4057937,1514,695615247269768,695615247269809
"HIP_COMPILER_API_EXT","__hipPopCallConfiguration",4057937,4057937,1515,695615247270410,695615247270460
"HIP_RUNTIME_API_EXT","hipLaunchKernel",4057937,4057937,1516,695615247270871,695615247272634
"HIP_RUNTIME_API_EXT","hipGetLastError",4057937,4057937,1517,695615247273015,695615247273045
"HIP_RUNTIME_API_EXT","hipMemcpy",4057937,4057937,1518,695615247273465,695615247324101
"HIP_RUNTIME_API_EXT","hipSetDevice",4057937,4057937,1519,695615247325684,695615247325734
"HIP_RUNTIME_API_EXT","hipMemcpy",4057937,4057937,1520,695615247326325,695615247367492
"HIP_RUNTIME_API_EXT","hipMemcpy",4057937,4057937,1521,695615247367813,695615247393671
"HIP_COMPILER_API_EXT","__hipPushCallConfiguration",4057937,4057937,1522,695615247394192,695615247394243
"HIP_COMPILER_API_EXT","__hipPopCallConfiguration",4057937,4057937,1523,695615247394593,695615247394643
"HIP_RUNTIME_API_EXT","hipLaunchKernel",4057937,4057937,1524,695615247395224,695615247397118
"HIP_RUNTIME_API_EXT","hipGetLastError",4057937,4057937,1525,695615247397539,695615247397569
"HIP_RUNTIME_API_EXT","hipMemcpy",4057937,4057937,1526,695615247397889,695615247441551
"HIP_RUNTIME_API_EXT","hipSetDevice",4057937,4057937,1527,695615247443205,695615247443245
"HIP_RUNTIME_API_EXT","hipMemcpy",4057937,4057937,1528,695615247443826,695615247453634
"HIP_RUNTIME_API_EXT","hipMemcpy",4057937,4057937,1529,695615247453965,695615247476417
"HIP_COMPILER_API_EXT","__hipPushCallConfiguration",4057937,4057937,1530,695615247477208,695615247477249
"HIP_COMPILER_API_EXT","__hipPopCallConfiguration",4057937,4057937,1531,695615247477629,695615247477679
"HIP_RUNTIME_API_EXT","hipLaunchKernel",4057937,4057937,1532,695615247478150,695615247480064
"HIP_RUNTIME_API_EXT","hipGetLastError",4057937,4057937,1533,695615247480425,695615247480455
"HIP_RUNTIME_API_EXT","hipMemcpy",4057937,4057937,1534,695615247480765,695615247524357
"HIP_RUNTIME_API_EXT","hipSetDevice",4057937,4057937,1535,695615247525389,695615247525439
"HIP_RUNTIME_API_EXT","hipMemcpy",4057937,4057937,1536,695615247526181,695615247548643
"HIP_RUNTIME_API_EXT","hipMemcpy",4057937,4057937,1537,695615247549104,695615247579300
"HIP_RUNTIME_API_EXT","hipMemcpy",4057937,4057937,1538,695615247579681,695615247600831
"HIP_COMPILER_API_EXT","__hipPushCallConfiguration",4057937,4057937,1539,695615247601262,695615247601312
"HIP_COMPILER_API_EXT","__hipPopCallConfiguration",4057937,4057937,1540,695615247601873,695615247601913
"HIP_RUNTIME_API_EXT","hipLaunchKernel",4057937,4057937,1541,695615247602574,695615247604518
"HIP_RUNTIME_API_EXT","hipGetLastError",4057937,4057937,1542,695615247604878,695615247604919
"HIP_RUNTIME_API_EXT","hipMemcpy",4057937,4057937,1543,695615247605229,695615247646387
"HIP_RUNTIME_API_EXT","hipSetDevice",4057937,4057937,1544,695615247646827,695615247646867
"HIP_RUNTIME_API_EXT","hipMemcpy",4057937,4057937,1545,695615247647248,695615247677555
"HIP_RUNTIME_API_EXT","hipMemcpy",4057937,4057937,1546,695615247677876,695615247733049
"HIP_RUNTIME_API_EXT","hipMemcpy",4057937,4057937,1547,695615247733410,695615247747767
"HIP_COMPILER_API_EXT","__hipPushCallConfiguration",4057937,4057937,1548,695615247748138,695615247748188
"HIP_COMPILER_API_EXT","__hipPopCallConfiguration",4057937,4057937,1549,695615247748589,695615247748649
"HIP_RUNTIME_API_EXT","hipLaunchKernel",4057937,4057937,1550,695615247749140,695615247751965
"HIP_RUNTIME_API_EXT","hipGetLastError",4057937,4057937,1551,695615247752326,695615247752356
"HIP_RUNTIME_API_EXT","hipMemcpy",4057937,4057937,1552,695615247752666,695615247868003
"HIP_RUNTIME_API_EXT","hipSetDevice",4057937,4057937,1553,695615247871991,695615247872051
"HIP_RUNTIME_API_EXT","hipMemcpy",4057937,4057937,1554,695615247872732,695615247912066
"HIP_RUNTIME_API_EXT","hipMemcpy",4057937,4057937,1555,695615247912457,695615247929719
"HIP_COMPILER_API_EXT","__hipPushCallConfiguration",4057937,4057937,1556,695615247930050,695615247930100
"HIP_COMPILER_API_EXT","__hipPopCallConfiguration",4057937,4057937,1557,695615247930571,695615247930621
"HIP_RUNTIME_API_EXT","hipLaunchKernel",4057937,4057937,1558,695615247931052,695615247933566
"HIP_RUNTIME_API_EXT","hipGetLastError",4057937,4057937,1559,695615247933967,695615247933997
"HIP_RUNTIME_API_EXT","hipMemcpy",4057937,4057937,1560,695615247934318,695615247989662
"HIP_RUNTIME_API_EXT","hipSetDevice",4057937,4057937,1561,695615248073710,695615248073750
"HIP_RUNTIME_API_EXT","hipMemcpy",4057937,4057937,1562,695615248074281,695615248159732
"HIP_RUNTIME_API_EXT","hipMemcpy",4057937,4057937,1563,695615248160132,695615248172856
"HIP_COMPILER_API_EXT","__hipPushCallConfiguration",4057937,4057937,1564,695615248173257,695615248173297
"HIP_COMPILER_API_EXT","__hipPopCallConfiguration",4057937,4057937,1565,695615248173678,695615248173718
"HIP_RUNTIME_API_EXT","hipLaunchKernel",4057937,4057937,1566,695615248174139,695615248177004
"HIP_RUNTIME_API_EXT","hipGetLastError",4057937,4057937,1567,695615248177385,695615248177415
"HIP_RUNTIME_API_EXT","hipMemcpy",4057937,4057937,1568,695615248177735,695615248233360
"HIP_RUNTIME_API_EXT","hipSetDevice",4057937,4057937,1569,695615248314262,695615248314312
"HIP_RUNTIME_API_EXT","hipMemcpy",4057937,4057937,1570,695615248314783,695615248397819
"HIP_RUNTIME_API_EXT","hipMemcpy",4057937,4057937,1571,695615248398521,695615248410764
"HIP_COMPILER_API_EXT","__hipPushCallConfiguration",4057937,4057937,1572,695615248411104,695615248411154
"HIP_COMPILER_API_EXT","__hipPopCallConfiguration",4057937,4057937,1573,695615248411555,695615248411605
"HIP_RUNTIME_API_EXT","hipLaunchKernel",4057937,4057937,1574,695615248412126,695615248414701
"HIP_RUNTIME_API_EXT","hipGetLastError",4057937,4057937,1575,695615248415072,695615248415102
"HIP_RUNTIME_API_EXT","hipMemcpy",4057937,4057937,1576,695615248415412,695615248471147
"HIP_RUNTIME_API_EXT","hipSetDevice",4057937,4057937,1577,695615248551488,695615248551538
"HIP_RUNTIME_API_EXT","hipMemcpy",4057937,4057937,1578,695615248552129,695615248635837
"HIP_RUNTIME_API_EXT","hipMemcpy",4057937,4057937,1579,695615248636368,695615248648631
"HIP_COMPILER_API_EXT","__hipPushCallConfiguration",4057937,4057937,1580,695615248649012,695615248649062
"HIP_COMPILER_API_EXT","__hipPopCallConfiguration",4057937,4057937,1581,695615248649462,695615248649513
"HIP_RUNTIME_API_EXT","hipLaunchKernel",4057937,4057937,1582,695615248649963,695615248652869
"HIP_RUNTIME_API_EXT","hipGetLastError",4057937,4057937,1583,695615248653220,695615248653250
"HIP_RUNTIME_API_EXT","hipMemcpy",4057937,4057937,1584,695615248653590,695615248709085
"HIP_RUNTIME_API_EXT","hipSetDevice",4057937,4057937,1585,695615248783004,695615248783054
"HIP_RUNTIME_API_EXT","hipMemcpy",4057937,4057937,1586,695615248783815,695615248868264
"HIP_RUNTIME_API_EXT","hipMemcpy",4057937,4057937,1587,695615248868625,695615248888823
"HIP_COMPILER_API_EXT","__hipPushCallConfiguration",4057937,4057937,1588,695615248889233,695615248889283
"HIP_COMPILER_API_EXT","__hipPopCallConfiguration",4057937,4057937,1589,695615248889634,695615248889684
"HIP_RUNTIME_API_EXT","hipLaunchKernel",4057937,4057937,1590,695615248890085,695615248891958
"HIP_RUNTIME_API_EXT","hipGetLastError",4057937,4057937,1591,695615248892790,695615248892830
"HIP_RUNTIME_API_EXT","hipMemcpy",4057937,4057937,1592,695615248893221,695615248918478
"HIP_RUNTIME_API_EXT","hipSetDevice",4057937,4057937,1593,695615248926323,695615248926373
"HIP_RUNTIME_API_EXT","hipMemcpy",4057937,4057937,1594,695615248926764,695615249008728
"HIP_RUNTIME_API_EXT","hipMemcpy",4057937,4057937,1595,695615249009129,695615249032162
"HIP_COMPILER_API_EXT","__hipPushCallConfiguration",4057937,4057937,1596,695615249032653,695615249032703
"HIP_COMPILER_API_EXT","__hipPopCallConfiguration",4057937,4057937,1597,695615249033074,695615249033124
"HIP_RUNTIME_API_EXT","hipLaunchKernel",4057937,4057937,1598,695615249033735,695615249035558
"HIP_RUNTIME_API_EXT","hipGetLastError",4057937,4057937,1599,695615249035929,695615249035959
"HIP_RUNTIME_API_EXT","hipMemcpy",4057937,4057937,1600,695615249036340,695615249083478
"HIP_RUNTIME_API_EXT","hipSetDevice",4057937,4057937,1601,695615249085292,695615249085332
"HIP_RUNTIME_API_EXT","hipMemcpy",4057937,4057937,1602,695615249085803,695615249125307
"HIP_RUNTIME_API_EXT","hipMemcpy",4057937,4057937,1603,695615249125658,695615249147188
"HIP_COMPILER_API_EXT","__hipPushCallConfiguration",4057937,4057937,1604,695615249147579,695615249147619
"HIP_COMPILER_API_EXT","__hipPopCallConfiguration",4057937,4057937,1605,695615249147980,695615249148030
"HIP_RUNTIME_API_EXT","hipLaunchKernel",4057937,4057937,1606,695615249148431,695615249151136
"HIP_RUNTIME_API_EXT","hipGetLastError",4057937,4057937,1607,695615249151506,695615249151536
"HIP_RUNTIME_API_EXT","hipMemcpy",4057937,4057937,1608,695615249151887,695615249194778
"HIP_RUNTIME_API_EXT","hipSetDevice",4057937,4057937,1609,695615249196341,695615249196381
"HIP_RUNTIME_API_EXT","hipMemcpy",4057937,4057937,1610,695615249197292,695615249243539
"HIP_RUNTIME_API_EXT","hipMemcpy",4057937,4057937,1611,695615249243900,695615249264930
"HIP_COMPILER_API_EXT","__hipPushCallConfiguration",4057937,4057937,1612,695615249265330,695615249265370
"HIP_COMPILER_API_EXT","__hipPopCallConfiguration",4057937,4057937,1613,695615249265711,695615249265761
"HIP_RUNTIME_API_EXT","hipLaunchKernel",4057937,4057937,1614,695615249266172,695615249268727
"HIP_RUNTIME_API_EXT","hipGetLastError",4057937,4057937,1615,695615249269077,695615249269108
"HIP_RUNTIME_API_EXT","hipMemcpy",4057937,4057937,1616,695615249269428,695615249312509
"HIP_RUNTIME_API_EXT","hipSetDevice",4057937,4057937,1617,695615249314222,695615249314272
"HIP_RUNTIME_API_EXT","hipMemcpy",4057937,4057937,1618,695615249315254,695615249353927
"HIP_RUNTIME_API_EXT","hipMemcpy",4057937,4057937,1619,695615249354278,695615249375848
"HIP_COMPILER_API_EXT","__hipPushCallConfiguration",4057937,4057937,1620,695615249376429,695615249376469
"HIP_COMPILER_API_EXT","__hipPopCallConfiguration",4057937,4057937,1621,695615249376820,695615249376860
"HIP_RUNTIME_API_EXT","hipLaunchKernel",4057937,4057937,1622,695615249377441,695615249380236
"HIP_RUNTIME_API_EXT","hipGetLastError",4057937,4057937,1623,695615249380587,695615249380617
"HIP_RUNTIME_API_EXT","hipMemcpy",4057937,4057937,1624,695615249380928,695615249423999
"HIP_RUNTIME_API_EXT","hipSetDevice",4057937,4057937,1625,695615249425271,695615249425311
"HIP_RUNTIME_API_EXT","hipMemcpy",4057937,4057937,1626,695615249425822,695615249446090
"HIP_RUNTIME_API_EXT","hipMemcpy",4057937,4057937,1627,695615249446511,695615249475516
"HIP_RUNTIME_API_EXT","hipMemcpy",4057937,4057937,1628,695615249475906,695615249498288
"HIP_COMPILER_API_EXT","__hipPushCallConfiguration",4057937,4057937,1629,695615249498669,695615249498719
"HIP_COMPILER_API_EXT","__hipPopCallConfiguration",4057937,4057937,1630,695615249499070,695615249499110
"HIP_RUNTIME_API_EXT","hipLaunchKernel",4057937,4057937,1631,695615249499561,695615249501635
"HIP_RUNTIME_API_EXT","hipGetLastError",4057937,4057937,1632,695615249501985,695615249502025
"HIP_RUNTIME_API_EXT","hipMemcpy",4057937,4057937,1633,695615249502326,695615249544085
"HIP_RUNTIME_API_EXT","hipSetDevice",4057937,4057937,1634,695615249544545,695615249544596
"HIP_RUNTIME_API_EXT","hipMemcpy",4057937,4057937,1635,695615249544966,695615249574472
"HIP_RUNTIME_API_EXT","hipMemcpy",4057937,4057937,1636,695615249574842,695615249631529
"HIP_RUNTIME_API_EXT","hipMemcpy",4057937,4057937,1637,695615249631970,695615249646347
"HIP_COMPILER_API_EXT","__hipPushCallConfiguration",4057937,4057937,1638,695615249646768,695615249646818
"HIP_COMPILER_API_EXT","__hipPopCallConfiguration",4057937,4057937,1639,695615249647509,695615249647559
"HIP_RUNTIME_API_EXT","hipLaunchKernel",4057937,4057937,1640,695615249648000,695615249650344
"HIP_RUNTIME_API_EXT","hipGetLastError",4057937,4057937,1641,695615249650715,695615249650755
"HIP_RUNTIME_API_EXT","hipMemcpy",4057937,4057937,1642,695615249651076,695615249767294
"HIP_RUNTIME_API_EXT","hipSetDevice",4057937,4057937,1643,695615249770971,695615249771031
"HIP_RUNTIME_API_EXT","hipMemcpy",4057937,4057937,1644,695615249771472,695615249811978
"HIP_RUNTIME_API_EXT","hipMemcpy",4057937,4057937,1645,695615249812409,695615249823119
"HIP_COMPILER_API_EXT","__hipPushCallConfiguration",4057937,4057937,1646,695615249823510,695615249823550
"HIP_COMPILER_API_EXT","__hipPopCallConfiguration",4057937,4057937,1647,695615249824041,695615249824091
"HIP_RUNTIME_API_EXT","hipLaunchKernel",4057937,4057937,1648,695615249824512,695615249826425
"HIP_RUNTIME_API_EXT","hipGetLastError",4057937,4057937,1649,695615249826826,695615249826856
"HIP_RUNTIME_API_EXT","hipMemcpy",4057937,4057937,1650,695615249827167,695615249881048
"HIP_RUNTIME_API_EXT","hipSetDevice",4057937,4057937,1651,695615249962531,695615249962581
"HIP_RUNTIME_API_EXT","hipMemcpy",4057937,4057937,1652,695615249963072,695615250063742
"HIP_RUNTIME_API_EXT","hipMemcpy",4057937,4057937,1653,695615250064102,695615250075564
"HIP_COMPILER_API_EXT","__hipPushCallConfiguration",4057937,4057937,1654,695615250076085,695615250076125
"HIP_COMPILER_API_EXT","__hipPopCallConfiguration",4057937,4057937,1655,695615250076506,695615250076556
"HIP_RUNTIME_API_EXT","hipLaunchKernel",4057937,4057937,1656,695615250076956,695615250079391
"HIP_RUNTIME_API_EXT","hipGetLastError",4057937,4057937,1657,695615250079772,695615250079802
"HIP_RUNTIME_API_EXT","hipMemcpy",4057937,4057937,1658,695615250080343,695615250134715
"HIP_RUNTIME_API_EXT","hipSetDevice",4057937,4057937,1659,695615250216880,695615250216920
"HIP_RUNTIME_API_EXT","hipMemcpy",4057937,4057937,1660,695615250217611,695615250302811
"HIP_RUNTIME_API_EXT","hipMemcpy",4057937,4057937,1661,695615250303232,695615250314724
"HIP_COMPILER_API_EXT","__hipPushCallConfiguration",4057937,4057937,1662,695615250315405,695615250315445
"HIP_COMPILER_API_EXT","__hipPopCallConfiguration",4057937,4057937,1663,695615250315886,695615250315936
"HIP_RUNTIME_API_EXT","hipLaunchKernel",4057937,4057937,1664,695615250316427,695615250318220
"HIP_RUNTIME_API_EXT","hipGetLastError",4057937,4057937,1665,695615250318661,695615250318701
"HIP_RUNTIME_API_EXT","hipMemcpy",4057937,4057937,1666,695615250319012,695615250374626
"HIP_RUNTIME_API_EXT","hipSetDevice",4057937,4057937,1667,695615250455408,695615250455458
"HIP_RUNTIME_API_EXT","hipMemcpy",4057937,4057937,1668,695615250456129,695615250544886
"HIP_RUNTIME_API_EXT","hipMemcpy",4057937,4057937,1669,695615250545287,695615250557410
"HIP_COMPILER_API_EXT","__hipPushCallConfiguration",4057937,4057937,1670,695615250557740,695615250557781
"HIP_COMPILER_API_EXT","__hipPopCallConfiguration",4057937,4057937,1671,695615250558251,695615250558312
"HIP_RUNTIME_API_EXT","hipLaunchKernel",4057937,4057937,1672,695615250558742,695615250560786
"HIP_RUNTIME_API_EXT","hipGetLastError",4057937,4057937,1673,695615250561167,695615250561197
"HIP_RUNTIME_API_EXT","hipMemcpy",4057937,4057937,1674,695615250561518,695615250615208
"HIP_RUNTIME_API_EXT","hipSetDevice",4057937,4057937,1675,695615250689178,695615250689228
"HIP_RUNTIME_API_EXT","hipMemcpy",4057937,4057937,1676,695615250689869,695615250779788
"HIP_RUNTIME_API_EXT","hipMemcpy",4057937,4057937,1677,695615250780259,695615250801429
"HIP_COMPILER_API_EXT","__hipPushCallConfiguration",4057937,4057937,1678,695615250801940,695615250801990
"HIP_COMPILER_API_EXT","__hipPopCallConfiguration",4057937,4057937,1679,695615250802360,695615250802410
"HIP_RUNTIME_API_EXT","hipLaunchKernel",4057937,4057937,1680,695615250802951,695615250804915
"HIP_RUNTIME_API_EXT","hipGetLastError",4057937,4057937,1681,695615250805286,695615250805316
"HIP_RUNTIME_API_EXT","hipMemcpy",4057937,4057937,1682,695615250805777,695615250832327
"HIP_RUNTIME_API_EXT","hipSetDevice",4057937,4057937,1683,695615250840011,695615250840061
"HIP_RUNTIME_API_EXT","hipMemcpy",4057937,4057937,1684,695615250840472,695615250922877
"HIP_RUNTIME_API_EXT","hipMemcpy",4057937,4057937,1685,695615250923278,695615250944628
"HIP_COMPILER_API_EXT","__hipPushCallConfiguration",4057937,4057937,1686,695615250945119,695615250945169
"HIP_COMPILER_API_EXT","__hipPopCallConfiguration",4057937,4057937,1687,695615250945530,695615250945570
"HIP_RUNTIME_API_EXT","hipLaunchKernel",4057937,4057937,1688,695615250945990,695615250947874
"HIP_RUNTIME_API_EXT","hipGetLastError",4057937,4057937,1689,695615250948245,695615250948275
"HIP_RUNTIME_API_EXT","hipMemcpy",4057937,4057937,1690,695615250948575,695615250990664
"HIP_RUNTIME_API_EXT","hipSetDevice",4057937,4057937,1691,695615250992348,695615250992398
"HIP_RUNTIME_API_EXT","hipMemcpy",4057937,4057937,1692,695615250992969,695615251002737
"HIP_RUNTIME_API_EXT","hipMemcpy",4057937,4057937,1693,695615251003178,695615251024708
"HIP_COMPILER_API_EXT","__hipPushCallConfiguration",4057937,4057937,1694,695615251025229,695615251025270
"HIP_COMPILER_API_EXT","__hipPopCallConfiguration",4057937,4057937,1695,695615251025640,695615251025690
"HIP_RUNTIME_API_EXT","hipLaunchKernel",4057937,4057937,1696,695615251026211,695615251027804
"HIP_RUNTIME_API_EXT","hipGetLastError",4057937,4057937,1697,695615251028165,695615251028195
"HIP_RUNTIME_API_EXT","hipMemcpy",4057937,4057937,1698,695615251028506,695615251076626
"HIP_RUNTIME_API_EXT","hipSetDevice",4057937,4057937,1699,695615251078149,695615251078189
"HIP_RUNTIME_API_EXT","hipMemcpy",4057937,4057937,1700,695615251079121,695615251115209
"HIP_RUNTIME_API_EXT","hipMemcpy",4057937,4057937,1701,695615251115549,695615251137631
"HIP_COMPILER_API_EXT","__hipPushCallConfiguration",4057937,4057937,1702,695615251138332,695615251138382
"HIP_COMPILER_API_EXT","__hipPopCallConfiguration",4057937,4057937,1703,695615251138813,695615251138863
"HIP_RUNTIME_API_EXT","hipLaunchKernel",4057937,4057937,1704,695615251139394,695615251141508
"HIP_RUNTIME_API_EXT","hipGetLastError",4057937,4057937,1705,695615251142209,695615251142239
"HIP_RUNTIME_API_EXT","hipMemcpy",4057937,4057937,1706,695615251142650,695615251187535
"HIP_RUNTIME_API_EXT","hipSetDevice",4057937,4057937,1707,695615251189078,695615251189118
"HIP_RUNTIME_API_EXT","hipMemcpy",4057937,4057937,1708,695615251189709,695615251229724
"HIP_RUNTIME_API_EXT","hipMemcpy",4057937,4057937,1709,695615251230115,695615251250633
"HIP_COMPILER_API_EXT","__hipPushCallConfiguration",4057937,4057937,1710,695615251251395,695615251251445
"HIP_COMPILER_API_EXT","__hipPopCallConfiguration",4057937,4057937,1711,695615251251896,695615251251946
"HIP_RUNTIME_API_EXT","hipLaunchKernel",4057937,4057937,1712,695615251252467,695615251254501
"HIP_RUNTIME_API_EXT","hipGetLastError",4057937,4057937,1713,695615251254861,695615251254891
"HIP_RUNTIME_API_EXT","hipMemcpy",4057937,4057937,1714,695615251255222,695615251300647
"HIP_RUNTIME_API_EXT","hipSetDevice",4057937,4057937,1715,695615251301659,695615251301709
"HIP_RUNTIME_API_EXT","hipMemcpy",4057937,4057937,1716,695615251302411,695615251324532
"HIP_RUNTIME_API_EXT","hipMemcpy",4057937,4057937,1717,695615251324943,695615251353607
"HIP_RUNTIME_API_EXT","hipMemcpy",4057937,4057937,1718,695615251354008,695615251375228
"HIP_COMPILER_API_EXT","__hipPushCallConfiguration",4057937,4057937,1719,695615251375789,695615251375829
"HIP_COMPILER_API_EXT","__hipPopCallConfiguration",4057937,4057937,1720,695615251376229,695615251376269
"HIP_RUNTIME_API_EXT","hipLaunchKernel",4057937,4057937,1721,695615251376730,695615251379325
"HIP_RUNTIME_API_EXT","hipGetLastError",4057937,4057937,1722,695615251379686,695615251379716
"HIP_RUNTIME_API_EXT","hipMemcpy",4057937,4057937,1723,695615251380067,695615251421184
"HIP_RUNTIME_API_EXT","hipSetDevice",4057937,4057937,1724,695615251421805,695615251421845
"HIP_RUNTIME_API_EXT","hipMemcpy",4057937,4057937,1725,695615251422256,695615251451130
"HIP_RUNTIME_API_EXT","hipMemcpy",4057937,4057937,1726,695615251451511,695615251508849
"HIP_RUNTIME_API_EXT","hipMemcpy",4057937,4057937,1727,695615251509229,695615251558202
"HIP_COMPILER_API_EXT","__hipPushCallConfiguration",4057937,4057937,1728,695615251558562,695615251558612
"HIP_COMPILER_API_EXT","__hipPopCallConfiguration",4057937,4057937,1729,695615251559083,695615251559133
"HIP_RUNTIME_API_EXT","hipLaunchKernel",4057937,4057937,1730,695615251559674,695615251561678
"HIP_RUNTIME_API_EXT","hipGetLastError",4057937,4057937,1731,695615251562039,695615251562069
"HIP_RUNTIME_API_EXT","hipMemcpy",4057937,4057937,1732,695615251562399,695615251683277
"HIP_RUNTIME_API_EXT","hipSetDevice",4057937,4057937,1733,695615251687004,695615251687064
"HIP_RUNTIME_API_EXT","hipMemcpy",4057937,4057937,1734,695615251687745,695615251727139
"HIP_RUNTIME_API_EXT","hipMemcpy",4057937,4057937,1735,695615251727600,695615251738450
"HIP_COMPILER_API_EXT","__hipPushCallConfiguration",4057937,4057937,1736,695615251738921,695615251738961
"HIP_COMPILER_API_EXT","__hipPopCallConfiguration",4057937,4057937,1737,695615251739332,695615251739372
"HIP_RUNTIME_API_EXT","hipLaunchKernel",4057937,4057937,1738,695615251739873,695615251741957
"HIP_RUNTIME_API_EXT","hipGetLastError",4057937,4057937,1739,695615251742358,695615251742388
"HIP_RUNTIME_API_EXT","hipMemcpy",4057937,4057937,1740,695615251742718,695615251796399
"HIP_RUNTIME_API_EXT","hipSetDevice",4057937,4057937,1741,695615251878013,695615251878063
"HIP_RUNTIME_API_EXT","hipMemcpy",4057937,4057937,1742,695615251878644,695615251974725
"HIP_RUNTIME_API_EXT","hipMemcpy",4057937,4057937,1743,695615251975115,695615251987930
"HIP_COMPILER_API_EXT","__hipPushCallConfiguration",4057937,4057937,1744,695615251988330,695615251988370
"HIP_COMPILER_API_EXT","__hipPopCallConfiguration",4057937,4057937,1745,695615251988791,695615251988831
"HIP_RUNTIME_API_EXT","hipLaunchKernel",4057937,4057937,1746,695615251989352,695615251991386
"HIP_RUNTIME_API_EXT","hipGetLastError",4057937,4057937,1747,695615251991747,695615251991777
"HIP_RUNTIME_API_EXT","hipMemcpy",4057937,4057937,1748,695615251992107,695615252047051
"HIP_RUNTIME_API_EXT","hipSetDevice",4057937,4057937,1749,695615252127712,695615252127762
"HIP_RUNTIME_API_EXT","hipMemcpy",4057937,4057937,1750,695615252128273,695615252215838
"HIP_RUNTIME_API_EXT","hipMemcpy",4057937,4057937,1751,695615252217812,695615252228462
"HIP_COMPILER_API_EXT","__hipPushCallConfiguration",4057937,4057937,1752,695615252291991,695615252292041
"HIP_COMPILER_API_EXT","__hipPopCallConfiguration",4057937,4057937,1753,695615252292903,695615252292943
"HIP_RUNTIME_API_EXT","hipLaunchKernel",4057937,4057937,1754,695615252294085,695615252296289
"HIP_RUNTIME_API_EXT","hipGetLastError",4057937,4057937,1755,695615252296650,695615252296690
"HIP_RUNTIME_API_EXT","hipMemcpy",4057937,4057937,1756,695615252297021,695615252413169
"HIP_RUNTIME_API_EXT","hipSetDevice",4057937,4057937,1757,695615252492488,695615252492528
"HIP_RUNTIME_API_EXT","hipMemcpy",4057937,4057937,1758,695615252500453,695615252595612
"HIP_RUNTIME_API_EXT","hipMemcpy",4057937,4057937,1759,695615252596063,695615252608396
"HIP_COMPILER_API_EXT","__hipPushCallConfiguration",4057937,4057937,1760,695615252608857,695615252608917
"HIP_COMPILER_API_EXT","__hipPopCallConfiguration",4057937,4057937,1761,695615252609258,695615252609318
"HIP_RUNTIME_API_EXT","hipLaunchKernel",4057937,4057937,1762,695615252609749,695615252611412
"HIP_RUNTIME_API_EXT","hipGetLastError",4057937,4057937,1763,695615252611803,695615252611833
"HIP_RUNTIME_API_EXT","hipMemcpy",4057937,4057937,1764,695615252612494,695615252667157
"HIP_RUNTIME_API_EXT","hipSetDevice",4057937,4057937,1765,695615252739242,695615252739282
"HIP_RUNTIME_API_EXT","hipMemcpy",4057937,4057937,1766,695615252739964,695615252830384
"HIP_RUNTIME_API_EXT","hipMemcpy",4057937,4057937,1767,695615252830724,695615252851774
"HIP_COMPILER_API_EXT","__hipPushCallConfiguration",4057937,4057937,1768,695615252852164,695615252852215
"HIP_COMPILER_API_EXT","__hipPopCallConfiguration",4057937,4057937,1769,695615252852665,695615252852716
"HIP_RUNTIME_API_EXT","hipLaunchKernel",4057937,4057937,1770,695615252853176,695615252855260
"HIP_RUNTIME_API_EXT","hipGetLastError",4057937,4057937,1771,695615252855641,695615252855671
"HIP_RUNTIME_API_EXT","hipMemcpy",4057937,4057937,1772,695615252855982,695615252884946
"HIP_RUNTIME_API_EXT","hipSetDevice",4057937,4057937,1773,695615252892590,695615252892631
"HIP_RUNTIME_API_EXT","hipMemcpy",4057937,4057937,1774,695615252893101,695615252914672
"HIP_RUNTIME_API_EXT","hipMemcpy",4057937,4057937,1775,695615252915103,695615252935281
"HIP_COMPILER_API_EXT","__hipPushCallConfiguration",4057937,4057937,1776,695615252935732,695615252935772
"HIP_COMPILER_API_EXT","__hipPopCallConfiguration",4057937,4057937,1777,695615252936152,695615252936192
"HIP_RUNTIME_API_EXT","hipLaunchKernel",4057937,4057937,1778,695615252936593,695615252938657
"HIP_RUNTIME_API_EXT","hipGetLastError",4057937,4057937,1779,695615252939018,695615252939048
"HIP_RUNTIME_API_EXT","hipMemcpy",4057937,4057937,1780,695615252939358,695615252982720
"HIP_RUNTIME_API_EXT","hipSetDevice",4057937,4057937,1781,695615252984403,695615252984443
"HIP_RUNTIME_API_EXT","hipMemcpy",4057937,4057937,1782,695615252985114,695615253048293
"HIP_RUNTIME_API_EXT","hipMemcpy",4057937,4057937,1783,695615253048664,695615253071327
"HIP_COMPILER_API_EXT","__hipPushCallConfiguration",4057937,4057937,1784,695615253071848,695615253071888
"HIP_COMPILER_API_EXT","__hipPopCallConfiguration",4057937,4057937,1785,695615253072228,695615253072268
"HIP_RUNTIME_API_EXT","hipLaunchKernel",4057937,4057937,1786,695615253072669,695615253074683
"HIP_RUNTIME_API_EXT","hipGetLastError",4057937,4057937,1787,695615253075044,695615253075084
"HIP_RUNTIME_API_EXT","hipMemcpy",4057937,4057937,1788,695615253075404,695615253119347
"HIP_RUNTIME_API_EXT","hipSetDevice",4057937,4057937,1789,695615253120950,695615253121000
"HIP_RUNTIME_API_EXT","hipMemcpy",4057937,4057937,1790,695615253121611,695615253130889
"HIP_RUNTIME_API_EXT","hipMemcpy",4057937,4057937,1791,695615253131249,695615253152539
"HIP_COMPILER_API_EXT","__hipPushCallConfiguration",4057937,4057937,1792,695615253152960,695615253153010
"HIP_COMPILER_API_EXT","__hipPopCallConfiguration",4057937,4057937,1793,695615253153751,695615253153802
"HIP_RUNTIME_API_EXT","hipLaunchKernel",4057937,4057937,1794,695615253154212,695615253156577
"HIP_RUNTIME_API_EXT","hipGetLastError",4057937,4057937,1795,695615253156948,695615253156978
"HIP_RUNTIME_API_EXT","hipMemcpy",4057937,4057937,1796,695615253157298,695615253201421
"HIP_RUNTIME_API_EXT","hipSetDevice",4057937,4057937,1797,695615253203034,695615253203074
"HIP_RUNTIME_API_EXT","hipMemcpy",4057937,4057937,1798,695615253203635,695615253244562
"HIP_RUNTIME_API_EXT","hipMemcpy",4057937,4057937,1799,695615253244913,695615253266784
"HIP_COMPILER_API_EXT","__hipPushCallConfiguration",4057937,4057937,1800,695615253267225,695615253267275
"HIP_COMPILER_API_EXT","__hipPopCallConfiguration",4057937,4057937,1801,695615253267646,695615253267686
"HIP_RUNTIME_API_EXT","hipLaunchKernel",4057937,4057937,1802,695615253268086,695615253270000
"HIP_RUNTIME_API_EXT","hipGetLastError",4057937,4057937,1803,695615253270371,695615253270401
"HIP_RUNTIME_API_EXT","hipMemcpy",4057937,4057937,1804,695615253270711,695615253313392
"HIP_RUNTIME_API_EXT","hipSetDevice",4057937,4057937,1805,695615253314404,695615253314454
"HIP_RUNTIME_API_EXT","hipMemcpy",4057937,4057937,1806,695615253314955,695615253335333
"HIP_RUNTIME_API_EXT","hipMemcpy",4057937,4057937,1807,695615253335734,695615253365169
"HIP_RUNTIME_API_EXT","hipMemcpy",4057937,4057937,1808,695615253365540,695615253387721
"HIP_COMPILER_API_EXT","__hipPushCallConfiguration",4057937,4057937,1809,695615253388102,695615253388152
"HIP_COMPILER_API_EXT","__hipPopCallConfiguration",4057937,4057937,1810,695615253388523,695615253388573
"HIP_RUNTIME_API_EXT","hipLaunchKernel",4057937,4057937,1811,695615253389044,695615253391038
"HIP_RUNTIME_API_EXT","hipGetLastError",4057937,4057937,1812,695615253391408,695615253391438
"HIP_RUNTIME_API_EXT","hipMemcpy",4057937,4057937,1813,695615253391729,695615253431985
"HIP_RUNTIME_API_EXT","hipSetDevice",4057937,4057937,1814,695615253432445,695615253432486
"HIP_RUNTIME_API_EXT","hipMemcpy",4057937,4057937,1815,695615253432856,695615253461861
"HIP_RUNTIME_API_EXT","hipMemcpy",4057937,4057937,1816,695615253462211,695615253518337
"HIP_RUNTIME_API_EXT","hipMemcpy",4057937,4057937,1817,695615253518688,695615253572278
"HIP_COMPILER_API_EXT","__hipPushCallConfiguration",4057937,4057937,1818,695615253572689,695615253572739
"HIP_COMPILER_API_EXT","__hipPopCallConfiguration",4057937,4057937,1819,695615253573110,695615253573150
"HIP_RUNTIME_API_EXT","hipLaunchKernel",4057937,4057937,1820,695615253573972,695615253576015
"HIP_RUNTIME_API_EXT","hipGetLastError",4057937,4057937,1821,695615253576386,695615253576426
"HIP_RUNTIME_API_EXT","hipMemcpy",4057937,4057937,1822,695615253576727,695615253691883
"HIP_RUNTIME_API_EXT","hipSetDevice",4057937,4057937,1823,695615253695620,695615253695670
"HIP_RUNTIME_API_EXT","hipMemcpy",4057937,4057937,1824,695615253696131,695615253735545
"HIP_RUNTIME_API_EXT","hipMemcpy",4057937,4057937,1825,695615253735946,695615253747528
"HIP_COMPILER_API_EXT","__hipPushCallConfiguration",4057937,4057937,1826,695615253747898,695615253747939
"HIP_COMPILER_API_EXT","__hipPopCallConfiguration",4057937,4057937,1827,695615253748299,695615253748349
"HIP_RUNTIME_API_EXT","hipLaunchKernel",4057937,4057937,1828,695615253748760,695615253750724
"HIP_RUNTIME_API_EXT","hipGetLastError",4057937,4057937,1829,695615253751105,695615253751135
"HIP_RUNTIME_API_EXT","hipMemcpy",4057937,4057937,1830,695615253751495,695615253804675
"HIP_RUNTIME_API_EXT","hipSetDevice",4057937,4057937,1831,695615253886239,695615253886279
"HIP_RUNTIME_API_EXT","hipMemcpy",4057937,4057937,1832,695615253886719,695615253985896
"HIP_RUNTIME_API_EXT","hipMemcpy",4057937,4057937,1833,695615253986337,695615253998309
"HIP_COMPILER_API_EXT","__hipPushCallConfiguration",4057937,4057937,1834,695615253998680,695615253998730
"HIP_COMPILER_API_EXT","__hipPopCallConfiguration",4057937,4057937,1835,695615253999101,695615253999151
"HIP_RUNTIME_API_EXT","hipLaunchKernel",4057937,4057937,1836,695615254000053,695615254001906
"HIP_RUNTIME_API_EXT","hipGetLastError",4057937,4057937,1837,695615254002287,695615254002317
"HIP_RUNTIME_API_EXT","hipMemcpy",4057937,4057937,1838,695615254002878,695615254056539
"HIP_RUNTIME_API_EXT","hipSetDevice",4057937,4057937,1839,695615254137822,695615254137862
"HIP_RUNTIME_API_EXT","hipMemcpy",4057937,4057937,1840,695615254138693,695615254222511
"HIP_RUNTIME_API_EXT","hipMemcpy",4057937,4057937,1841,695615254222881,695615254234253
"HIP_COMPILER_API_EXT","__hipPushCallConfiguration",4057937,4057937,1842,695615254234624,695615254234674
"HIP_COMPILER_API_EXT","__hipPopCallConfiguration",4057937,4057937,1843,695615254235054,695615254235104
"HIP_RUNTIME_API_EXT","hipLaunchKernel",4057937,4057937,1844,695615254235555,695615254237058
"HIP_RUNTIME_API_EXT","hipGetLastError",4057937,4057937,1845,695615254237419,695615254237449
"HIP_RUNTIME_API_EXT","hipMemcpy",4057937,4057937,1846,695615254237769,695615254292102
"HIP_RUNTIME_API_EXT","hipSetDevice",4057937,4057937,1847,695615254372914,695615254372964
"HIP_RUNTIME_API_EXT","hipMemcpy",4057937,4057937,1848,695615254373685,695615254460138
"HIP_RUNTIME_API_EXT","hipMemcpy",4057937,4057937,1849,695615254460508,695615254472130
"HIP_COMPILER_API_EXT","__hipPushCallConfiguration",4057937,4057937,1850,695615254472561,695615254472611
"HIP_COMPILER_API_EXT","__hipPopCallConfiguration",4057937,4057937,1851,695615254472992,695615254473042
"HIP_RUNTIME_API_EXT","hipLaunchKernel",4057937,4057937,1852,695615254473443,695615254475336
"HIP_RUNTIME_API_EXT","hipGetLastError",4057937,4057937,1853,695615254475687,695615254475717
"HIP_RUNTIME_API_EXT","hipMemcpy",4057937,4057937,1854,695615254476027,695615254530039
"HIP_RUNTIME_API_EXT","hipSetDevice",4057937,4057937,1855,695615254603277,695615254603327
"HIP_RUNTIME_API_EXT","hipMemcpy",4057937,4057937,1856,695615254603848,695615254696021
"HIP_RUNTIME_API_EXT","hipMemcpy",4057937,4057937,1857,695615254696502,695615254717632
"HIP_COMPILER_API_EXT","__hipPushCallConfiguration",4057937,4057937,1858,695615254718073,695615254718123
"HIP_COMPILER_API_EXT","__hipPopCallConfiguration",4057937,4057937,1859,695615254718473,695615254718523
"HIP_RUNTIME_API_EXT","hipLaunchKernel",4057937,4057937,1860,695615254719115,695615254720828
"HIP_RUNTIME_API_EXT","hipGetLastError",4057937,4057937,1861,695615254721188,695615254721218
"HIP_RUNTIME_API_EXT","hipMemcpy",4057937,4057937,1862,695615254721549,695615254747007
"HIP_RUNTIME_API_EXT","hipSetDevice",4057937,4057937,1863,695615254754561,695615254754601
"HIP_RUNTIME_API_EXT","hipMemcpy",4057937,4057937,1864,695615254755002,695615254837527
"HIP_RUNTIME_API_EXT","hipMemcpy",4057937,4057937,1865,695615254837958,695615254858356
"HIP_COMPILER_API_EXT","__hipPushCallConfiguration",4057937,4057937,1866,695615254858767,695615254858807
"HIP_COMPILER_API_EXT","__hipPopCallConfiguration",4057937,4057937,1867,695615254859168,695615254859218
"HIP_RUNTIME_API_EXT","hipLaunchKernel",4057937,4057937,1868,695615254859619,695615254861723
"HIP_RUNTIME_API_EXT","hipGetLastError",4057937,4057937,1869,695615254862083,695615254862113
"HIP_RUNTIME_API_EXT","hipMemcpy",4057937,4057937,1870,695615254862474,695615254908110
"HIP_RUNTIME_API_EXT","hipSetDevice",4057937,4057937,1871,695615254909843,695615254909883
"HIP_RUNTIME_API_EXT","hipMemcpy",4057937,4057937,1872,695615254910474,695615254920042
"HIP_RUNTIME_API_EXT","hipMemcpy",4057937,4057937,1873,695615254920423,695615254943366
"HIP_COMPILER_API_EXT","__hipPushCallConfiguration",4057937,4057937,1874,695615254943767,695615254943817
"HIP_COMPILER_API_EXT","__hipPopCallConfiguration",4057937,4057937,1875,695615254944158,695615254944198
"HIP_RUNTIME_API_EXT","hipLaunchKernel",4057937,4057937,1876,695615254944598,695615254946702
"HIP_RUNTIME_API_EXT","hipGetLastError",4057937,4057937,1877,695615254947053,695615254947093
"HIP_RUNTIME_API_EXT","hipMemcpy",4057937,4057937,1878,695615254947444,695615254991396
"HIP_RUNTIME_API_EXT","hipSetDevice",4057937,4057937,1879,695615254993280,695615254993330
"HIP_RUNTIME_API_EXT","hipMemcpy",4057937,4057937,1880,695615254993931,695615255034758
"HIP_RUNTIME_API_EXT","hipMemcpy",4057937,4057937,1881,695615255035459,695615255058162
"HIP_COMPILER_API_EXT","__hipPushCallConfiguration",4057937,4057937,1882,695615255058903,695615255058943
"HIP_COMPILER_API_EXT","__hipPopCallConfiguration",4057937,4057937,1883,695615255059284,695615255059334
"HIP_RUNTIME_API_EXT","hipLaunchKernel",4057937,4057937,1884,695615255059915,695615255061909
"HIP_RUNTIME_API_EXT","hipGetLastError",4057937,4057937,1885,695615255062270,695615255062300
"HIP_RUNTIME_API_EXT","hipMemcpy",4057937,4057937,1886,695615255062751,695615255105241
"HIP_RUNTIME_API_EXT","hipSetDevice",4057937,4057937,1887,695615255107044,695615255107094
"HIP_RUNTIME_API_EXT","hipMemcpy",4057937,4057937,1888,695615255107525,695615255117193
"HIP_RUNTIME_API_EXT","hipMemcpy",4057937,4057937,1889,695615255117544,695615255142831
"HIP_COMPILER_API_EXT","__hipPushCallConfiguration",4057937,4057937,1890,695615255143262,695615255143302
"HIP_COMPILER_API_EXT","__hipPopCallConfiguration",4057937,4057937,1891,695615255143653,695615255143703
"HIP_RUNTIME_API_EXT","hipLaunchKernel",4057937,4057937,1892,695615255144294,695615255145957
"HIP_RUNTIME_API_EXT","hipGetLastError",4057937,4057937,1893,695615255146308,695615255146338
"HIP_RUNTIME_API_EXT","hipMemcpy",4057937,4057937,1894,695615255146648,695615255190361
"HIP_RUNTIME_API_EXT","hipSetDevice",4057937,4057937,1895,695615255191613,695615255191653
"HIP_RUNTIME_API_EXT","hipMemcpy",4057937,4057937,1896,695615255192174,695615255213775
"HIP_RUNTIME_API_EXT","hipMemcpy",4057937,4057937,1897,695615255214145,695615255243771
"HIP_RUNTIME_API_EXT","hipMemcpy",4057937,4057937,1898,695615255244242,695615255265091
"HIP_COMPILER_API_EXT","__hipPushCallConfiguration",4057937,4057937,1899,695615255265492,695615255265532
"HIP_COMPILER_API_EXT","__hipPopCallConfiguration",4057937,4057937,1900,695615255265923,695615255265973
"HIP_RUNTIME_API_EXT","hipLaunchKernel",4057937,4057937,1901,695615255266384,695615255268437
"HIP_RUNTIME_API_EXT","hipGetLastError",4057937,4057937,1902,695615255268798,695615255268828
"HIP_RUNTIME_API_EXT","hipMemcpy",4057937,4057937,1903,695615255269129,695615255311118
"HIP_RUNTIME_API_EXT","hipSetDevice",4057937,4057937,1904,695615255311759,695615255311799
"HIP_RUNTIME_API_EXT","hipMemcpy",4057937,4057937,1905,695615255312200,695615255342096
"HIP_RUNTIME_API_EXT","hipMemcpy",4057937,4057937,1906,695615255342577,695615255398782
"HIP_RUNTIME_API_EXT","hipMemcpy",4057937,4057937,1907,695615255399203,695615255413811
"HIP_COMPILER_API_EXT","__hipPushCallConfiguration",4057937,4057937,1908,695615255414201,695615255414242
"HIP_COMPILER_API_EXT","__hipPopCallConfiguration",4057937,4057937,1909,695615255414662,695615255414712
"HIP_RUNTIME_API_EXT","hipLaunchKernel",4057937,4057937,1910,695615255415173,695615255417788
"HIP_RUNTIME_API_EXT","hipGetLastError",4057937,4057937,1911,695615255418139,695615255418179
"HIP_RUNTIME_API_EXT","hipMemcpy",4057937,4057937,1912,695615255418469,695615255535189
"HIP_RUNTIME_API_EXT","hipSetDevice",4057937,4057937,1913,695615255539086,695615255539126
"HIP_RUNTIME_API_EXT","hipMemcpy",4057937,4057937,1914,695615255539838,695615255579322
"HIP_RUNTIME_API_EXT","hipMemcpy",4057937,4057937,1915,695615255579723,695615255590854
"HIP_COMPILER_API_EXT","__hipPushCallConfiguration",4057937,4057937,1916,695615255591355,695615255591395
"HIP_COMPILER_API_EXT","__hipPopCallConfiguration",4057937,4057937,1917,695615255591755,695615255591795
"HIP_RUNTIME_API_EXT","hipLaunchKernel",4057937,4057937,1918,695615255592386,695615255594961
"HIP_RUNTIME_API_EXT","hipGetLastError",4057937,4057937,1919,695615255595312,695615255595342
"HIP_RUNTIME_API_EXT","hipMemcpy",4057937,4057937,1920,695615255595653,695615255650285
"HIP_RUNTIME_API_EXT","hipSetDevice",4057937,4057937,1921,695615255732540,695615255732580
"HIP_RUNTIME_API_EXT","hipMemcpy",4057937,4057937,1922,695615255733041,695615255827038
"HIP_RUNTIME_API_EXT","hipMemcpy",4057937,4057937,1923,695615255827358,695615255839922
"HIP_COMPILER_API_EXT","__hipPushCallConfiguration",4057937,4057937,1924,695615255840423,695615255840473
"HIP_COMPILER_API_EXT","__hipPopCallConfiguration",4057937,4057937,1925,695615255840814,695615255840864
"HIP_RUNTIME_API_EXT","hipLaunchKernel",4057937,4057937,1926,695615255841345,695615255844100
"HIP_RUNTIME_API_EXT","hipGetLastError",4057937,4057937,1927,695615255844490,695615255844521
"HIP_RUNTIME_API_EXT","hipMemcpy",4057937,4057937,1928,695615255844841,695615255900446
"HIP_RUNTIME_API_EXT","hipSetDevice",4057937,4057937,1929,695615255981949,695615255981989
"HIP_RUNTIME_API_EXT","hipMemcpy",4057937,4057937,1930,695615255982590,695615256066698
"HIP_RUNTIME_API_EXT","hipMemcpy",4057937,4057937,1931,695615256067159,695615256079041
"HIP_COMPILER_API_EXT","__hipPushCallConfiguration",4057937,4057937,1932,695615256079743,695615256079793
"HIP_COMPILER_API_EXT","__hipPopCallConfiguration",4057937,4057937,1933,695615256080244,695615256080294
"HIP_RUNTIME_API_EXT","hipLaunchKernel",4057937,4057937,1934,695615256080705,695615256083600
"HIP_RUNTIME_API_EXT","hipGetLastError",4057937,4057937,1935,695615256083961,695615256083991
"HIP_RUNTIME_API_EXT","hipMemcpy",4057937,4057937,1936,695615256084311,695615256139295
"HIP_RUNTIME_API_EXT","hipSetDevice",4057937,4057937,1937,695615256219686,695615256219736
"HIP_RUNTIME_API_EXT","hipMemcpy",4057937,4057937,1938,695615256220357,695615256304606
"HIP_RUNTIME_API_EXT","hipMemcpy",4057937,4057937,1939,695615256305036,695615256317019
"HIP_COMPILER_API_EXT","__hipPushCallConfiguration",4057937,4057937,1940,695615256317730,695615256317770
"HIP_COMPILER_API_EXT","__hipPopCallConfiguration",4057937,4057937,1941,695615256318131,695615256318181
"HIP_RUNTIME_API_EXT","hipLaunchKernel",4057937,4057937,1942,695615256318682,695615256321758
"HIP_RUNTIME_API_EXT","hipGetLastError",4057937,4057937,1943,695615256322149,695615256322179
"HIP_RUNTIME_API_EXT","hipMemcpy",4057937,4057937,1944,695615256322499,695615256377232
"HIP_RUNTIME_API_EXT","hipSetDevice",4057937,4057937,1945,695615256450911,695615256450951
"HIP_RUNTIME_API_EXT","hipMemcpy",4057937,4057937,1946,695615256451462,695615256540429
"HIP_RUNTIME_API_EXT","hipMemcpy",4057937,4057937,1947,695615256540810,695615256561889
"HIP_COMPILER_API_EXT","__hipPushCallConfiguration",4057937,4057937,1948,695615256562460,695615256562511
"HIP_COMPILER_API_EXT","__hipPopCallConfiguration",4057937,4057937,1949,695615256562861,695615256562911
"HIP_RUNTIME_API_EXT","hipLaunchKernel",4057937,4057937,1950,695615256563472,695615256565877
"HIP_RUNTIME_API_EXT","hipGetLastError",4057937,4057937,1951,695615256566238,695615256566268
"HIP_RUNTIME_API_EXT","hipMemcpy",4057937,4057937,1952,695615256566568,695615256594521
"HIP_RUNTIME_API_EXT","hipSetDevice",4057937,4057937,1953,695615256602205,695615256602255
"HIP_RUNTIME_API_EXT","hipMemcpy",4057937,4057937,1954,695615256602796,695615256684400
"HIP_RUNTIME_API_EXT","hipMemcpy",4057937,4057937,1955,695615256684881,695615256706221
"HIP_COMPILER_API_EXT","__hipPushCallConfiguration",4057937,4057937,1956,695615256706682,695615256706732
"HIP_COMPILER_API_EXT","__hipPopCallConfiguration",4057937,4057937,1957,695615256707082,695615256707122
"HIP_RUNTIME_API_EXT","hipLaunchKernel",4057937,4057937,1958,695615256707623,695615256709697
"HIP_RUNTIME_API_EXT","hipGetLastError",4057937,4057937,1959,695615256710058,695615256710088
"HIP_RUNTIME_API_EXT","hipMemcpy",4057937,4057937,1960,695615256710399,695615256753971
"HIP_RUNTIME_API_EXT","hipSetDevice",4057937,4057937,1961,695615256756084,695615256756125
"HIP_RUNTIME_API_EXT","hipMemcpy",4057937,4057937,1962,695615256756786,695615256796200
"HIP_RUNTIME_API_EXT","hipMemcpy",4057937,4057937,1963,695615256796571,695615256819764
"HIP_COMPILER_API_EXT","__hipPushCallConfiguration",4057937,4057937,1964,695615256820225,695615256820265
"HIP_COMPILER_API_EXT","__hipPopCallConfiguration",4057937,4057937,1965,695615256820656,695615256820706
"HIP_RUNTIME_API_EXT","hipLaunchKernel",4057937,4057937,1966,695615256821137,695615256823131
"HIP_RUNTIME_API_EXT","hipGetLastError",4057937,4057937,1967,695615256823491,695615256823521
"HIP_RUNTIME_API_EXT","hipMemcpy",4057937,4057937,1968,695615256823822,695615256866081
"HIP_RUNTIME_API_EXT","hipSetDevice",4057937,4057937,1969,695615256867614,695615256867654
"HIP_RUNTIME_API_EXT","hipMemcpy",4057937,4057937,1970,695615256868336,695615256915234
"HIP_RUNTIME_API_EXT","hipMemcpy",4057937,4057937,1971,695615256915584,695615256938528
"HIP_COMPILER_API_EXT","__hipPushCallConfiguration",4057937,4057937,1972,695615256939008,695615256939059
"HIP_COMPILER_API_EXT","__hipPopCallConfiguration",4057937,4057937,1973,695615256939409,695615256939449
"HIP_RUNTIME_API_EXT","hipLaunchKernel",4057937,4057937,1974,695615256939910,695615256941904
"HIP_RUNTIME_API_EXT","hipGetLastError",4057937,4057937,1975,695615256942265,695615256942295
"HIP_RUNTIME_API_EXT","hipMemcpy",4057937,4057937,1976,695615256942605,695615256985636
"HIP_RUNTIME_API_EXT","hipSetDevice",4057937,4057937,1977,695615256987149,695615256987199
"HIP_RUNTIME_API_EXT","hipMemcpy",4057937,4057937,1978,695615256987800,695615256997128
"HIP_RUNTIME_API_EXT","hipMemcpy",4057937,4057937,1979,695615256997639,695615257020071
"HIP_COMPILER_API_EXT","__hipPushCallConfiguration",4057937,4057937,1980,695615257020532,695615257020572
"HIP_COMPILER_API_EXT","__hipPopCallConfiguration",4057937,4057937,1981,695615257021053,695615257021103
"HIP_RUNTIME_API_EXT","hipLaunchKernel",4057937,4057937,1982,695615257021584,695615257023557
"HIP_RUNTIME_API_EXT","hipGetLastError",4057937,4057937,1983,695615257023928,695615257023958
"HIP_RUNTIME_API_EXT","hipMemcpy",4057937,4057937,1984,695615257024289,695615257068051
"HIP_RUNTIME_API_EXT","hipSetDevice",4057937,4057937,1985,695615257069524,695615257069584
"HIP_RUNTIME_API_EXT","hipMemcpy",4057937,4057937,1986,695615257069995,695615257092808
"HIP_RUNTIME_API_EXT","hipMemcpy",4057937,4057937,1987,695615257093278,695615257121712
"HIP_RUNTIME_API_EXT","hipMemcpy",4057937,4057937,1988,695615257122103,695615257143503
"HIP_COMPILER_API_EXT","__hipPushCallConfiguration",4057937,4057937,1989,695615257144014,695615257144064
"HIP_COMPILER_API_EXT","__hipPopCallConfiguration",4057937,4057937,1990,695615257144495,695615257144535
"HIP_RUNTIME_API_EXT","hipLaunchKernel",4057937,4057937,1991,695615257145006,695615257147541
"HIP_RUNTIME_API_EXT","hipGetLastError",4057937,4057937,1992,695615257147901,695615257147931
"HIP_RUNTIME_API_EXT","hipMemcpy",4057937,4057937,1993,695615257148232,695615257196062
"HIP_RUNTIME_API_EXT","hipSetDevice",4057937,4057937,1994,695615257196513,695615257196553
"HIP_RUNTIME_API_EXT","hipMemcpy",4057937,4057937,1995,695615257197184,695615257226779
"HIP_RUNTIME_API_EXT","hipMemcpy",4057937,4057937,1996,695615257227170,695615257281943
"HIP_RUNTIME_API_EXT","hipMemcpy",4057937,4057937,1997,695615257282324,695615257328751
"HIP_COMPILER_API_EXT","__hipPushCallConfiguration",4057937,4057937,1998,695615257329132,695615257329172
"HIP_COMPILER_API_EXT","__hipPopCallConfiguration",4057937,4057937,1999,695615257329563,695615257329613
"HIP_RUNTIME_API_EXT","hipLaunchKernel",4057937,4057937,2000,695615257330054,695615257332067
"HIP_RUNTIME_API_EXT","hipGetLastError",4057937,4057937,2001,695615257332428,695615257332468
"HIP_RUNTIME_API_EXT","hipMemcpy",4057937,4057937,2002,695615257332769,695615257454928
"HIP_RUNTIME_API_EXT","hipSetDevice",4057937,4057937,2003,695615257459136,695615257459196
"HIP_RUNTIME_API_EXT","hipMemcpy",4057937,4057937,2004,695615257460479,695615257509742
"HIP_RUNTIME_API_EXT","hipMemcpy",4057937,4057937,2005,695615257510142,695615257521423
"HIP_COMPILER_API_EXT","__hipPushCallConfiguration",4057937,4057937,2006,695615257521874,695615257521944
"HIP_COMPILER_API_EXT","__hipPopCallConfiguration",4057937,4057937,2007,695615257522315,695615257522365
"HIP_RUNTIME_API_EXT","hipLaunchKernel",4057937,4057937,2008,695615257522946,695615257525181
"HIP_RUNTIME_API_EXT","hipGetLastError",4057937,4057937,2009,695615257525742,695615257525782
"HIP_RUNTIME_API_EXT","hipMemcpy",4057937,4057937,2010,695615257526102,695615257580244
"HIP_RUNTIME_API_EXT","hipSetDevice",4057937,4057937,2011,695615257661787,695615257661827
"HIP_RUNTIME_API_EXT","hipMemcpy",4057937,4057937,2012,695615257662439,695615257760673
"HIP_RUNTIME_API_EXT","hipMemcpy",4057937,4057937,2013,695615257761034,695615257773878
"HIP_COMPILER_API_EXT","__hipPushCallConfiguration",4057937,4057937,2014,695615257774299,695615257774349
"HIP_COMPILER_API_EXT","__hipPopCallConfiguration",4057937,4057937,2015,695615257774720,695615257774760
"HIP_RUNTIME_API_EXT","hipLaunchKernel",4057937,4057937,2016,695615257775421,695615257777515
"HIP_RUNTIME_API_EXT","hipGetLastError",4057937,4057937,2017,695615257777876,695615257777906
"HIP_RUNTIME_API_EXT","hipMemcpy",4057937,4057937,2018,695615257778226,695615257832629
"HIP_RUNTIME_API_EXT","hipSetDevice",4057937,4057937,2019,695615257914212,695615257914252
"HIP_RUNTIME_API_EXT","hipMemcpy",4057937,4057937,2020,695615257914833,695615258001055
"HIP_RUNTIME_API_EXT","hipMemcpy",4057937,4057937,2021,695615258001536,695615258012266
"HIP_COMPILER_API_EXT","__hipPushCallConfiguration",4057937,4057937,2022,695615258012647,695615258012697
"HIP_COMPILER_API_EXT","__hipPopCallConfiguration",4057937,4057937,2023,695615258013268,695615258013318
"HIP_RUNTIME_API_EXT","hipLaunchKernel",4057937,4057937,2024,695615258013789,695615258016084
"HIP_RUNTIME_API_EXT","hipGetLastError",4057937,4057937,2025,695615258016434,695615258016464
"HIP_RUNTIME_API_EXT","hipMemcpy",4057937,4057937,2026,695615258016795,695615258070997
"HIP_RUNTIME_API_EXT","hipSetDevice",4057937,4057937,2027,695615258151057,695615258151107
"HIP_RUNTIME_API_EXT","hipMemcpy",4057937,4057937,2028,695615258151508,695615258241558
"HIP_RUNTIME_API_EXT","hipMemcpy",4057937,4057937,2029,695615258241948,695615258253640
"HIP_COMPILER_API_EXT","__hipPushCallConfiguration",4057937,4057937,2030,695615258254021,695615258254061
"HIP_COMPILER_API_EXT","__hipPopCallConfiguration",4057937,4057937,2031,695615258254442,695615258254492
"HIP_RUNTIME_API_EXT","hipLaunchKernel",4057937,4057937,2032,695615258254943,695615258256896
"HIP_RUNTIME_API_EXT","hipGetLastError",4057937,4057937,2033,695615258257267,695615258257297
"HIP_RUNTIME_API_EXT","hipMemcpy",4057937,4057937,2034,695615258257608,695615258311780
"HIP_RUNTIME_API_EXT","hipSetDevice",4057937,4057937,2035,695615258384797,695615258384847
"HIP_RUNTIME_API_EXT","hipMemcpy",4057937,4057937,2036,695615258385368,695615258479114
"HIP_RUNTIME_API_EXT","hipMemcpy",4057937,4057937,2037,695615258479495,695615258500705
"HIP_COMPILER_API_EXT","__hipPushCallConfiguration",4057937,4057937,2038,695615258501146,695615258501196
"HIP_COMPILER_API_EXT","__hipPopCallConfiguration",4057937,4057937,2039,695615258501546,695615258501596
"HIP_RUNTIME_API_EXT","hipLaunchKernel",4057937,4057937,2040,695615258502047,695615258504071
"HIP_RUNTIME_API_EXT","hipGetLastError",4057937,4057937,2041,695615258504442,695615258504472
"HIP_RUNTIME_API_EXT","hipMemcpy",4057937,4057937,2042,695615258504802,695615258532905
"HIP_RUNTIME_API_EXT","hipSetDevice",4057937,4057937,2043,695615258540550,695615258540590
"HIP_RUNTIME_API_EXT","hipMemcpy",4057937,4057937,2044,695615258541041,695615258563142
"HIP_RUNTIME_API_EXT","hipMemcpy",4057937,4057937,2045,695615258563633,695615258584793
"HIP_COMPILER_API_EXT","__hipPushCallConfiguration",4057937,4057937,2046,695615258585294,695615258585334
"HIP_COMPILER_API_EXT","__hipPopCallConfiguration",4057937,4057937,2047,695615258585695,695615258585735
"HIP_RUNTIME_API_EXT","hipLaunchKernel",4057937,4057937,2048,695615258586296,695615258588309
"HIP_RUNTIME_API_EXT","hipGetLastError",4057937,4057937,2049,695615258589371,695615258589412
"HIP_RUNTIME_API_EXT","hipMemcpy",4057937,4057937,2050,695615258589762,695615258630950
"HIP_RUNTIME_API_EXT","hipSetDevice",4057937,4057937,2051,695615258632733,695615258632773
"HIP_RUNTIME_API_EXT","hipMemcpy",4057937,4057937,2052,695615258633284,695615258642942
"HIP_RUNTIME_API_EXT","hipMemcpy",4057937,4057937,2053,695615258643343,695615258664553
"HIP_COMPILER_API_EXT","__hipPushCallConfiguration",4057937,4057937,2054,695615258664994,695615258665044
"HIP_COMPILER_API_EXT","__hipPopCallConfiguration",4057937,4057937,2055,695615258665394,695615258665434
"HIP_RUNTIME_API_EXT","hipLaunchKernel",4057937,4057937,2056,695615258665895,695615258668490
"HIP_RUNTIME_API_EXT","hipGetLastError",4057937,4057937,2057,695615258668861,695615258668891
"HIP_RUNTIME_API_EXT","hipMemcpy",4057937,4057937,2058,695615258669212,695615258713194
"HIP_RUNTIME_API_EXT","hipSetDevice",4057937,4057937,2059,695615258715078,695615258715128
"HIP_RUNTIME_API_EXT","hipMemcpy",4057937,4057937,2060,695615258715659,695615258762978
"HIP_RUNTIME_API_EXT","hipMemcpy",4057937,4057937,2061,695615258763349,695615258784378
"HIP_COMPILER_API_EXT","__hipPushCallConfiguration",4057937,4057937,2062,695615258784889,695615258784939
"HIP_COMPILER_API_EXT","__hipPopCallConfiguration",4057937,4057937,2063,695615258785270,695615258785320
"HIP_RUNTIME_API_EXT","hipLaunchKernel",4057937,4057937,2064,695615258785751,695615258787444
"HIP_RUNTIME_API_EXT","hipGetLastError",4057937,4057937,2065,695615258787815,695615258787845
"HIP_RUNTIME_API_EXT","hipMemcpy",4057937,4057937,2066,695615258788155,695615258948807
"HIP_RUNTIME_API_EXT","hipSetDevice",4057937,4057937,2067,695615258950641,695615258950681
"HIP_RUNTIME_API_EXT","hipMemcpy",4057937,4057937,2068,695615258977231,695615259040810
"HIP_RUNTIME_API_EXT","hipMemcpy",4057937,4057937,2069,695615259041201,695615259062421
"HIP_COMPILER_API_EXT","__hipPushCallConfiguration",4057937,4057937,2070,695615259062952,695615259063002
"HIP_COMPILER_API_EXT","__hipPopCallConfiguration",4057937,4057937,2071,695615259063353,695615259063413
"HIP_RUNTIME_API_EXT","hipLaunchKernel",4057937,4057937,2072,695615259063934,695615259066098
"HIP_RUNTIME_API_EXT","hipGetLastError",4057937,4057937,2073,695615259066458,695615259066489
"HIP_RUNTIME_API_EXT","hipMemcpy",4057937,4057937,2074,695615259066809,695615259110942
"HIP_RUNTIME_API_EXT","hipSetDevice",4057937,4057937,2075,695615259111984,695615259112034
"HIP_RUNTIME_API_EXT","hipMemcpy",4057937,4057937,2076,695615259112675,695615259133464
"HIP_RUNTIME_API_EXT","hipMemcpy",4057937,4057937,2077,695615259133925,695615259167258
"HIP_RUNTIME_API_EXT","hipMemcpy",4057937,4057937,2078,695615259167649,695615259188748
"HIP_COMPILER_API_EXT","__hipPushCallConfiguration",4057937,4057937,2079,695615259189239,695615259189279
"HIP_COMPILER_API_EXT","__hipPopCallConfiguration",4057937,4057937,2080,695615259189640,695615259189680
"HIP_RUNTIME_API_EXT","hipLaunchKernel",4057937,4057937,2081,695615259190191,695615259192215
"HIP_RUNTIME_API_EXT","hipGetLastError",4057937,4057937,2082,695615259192666,695615259192696
"HIP_RUNTIME_API_EXT","hipMemcpy",4057937,4057937,2083,695615259193016,695615259233643
"HIP_RUNTIME_API_EXT","hipSetDevice",4057937,4057937,2084,695615259234044,695615259234094
"HIP_RUNTIME_API_EXT","hipMemcpy",4057937,4057937,2085,695615259234695,695615259264781
"HIP_RUNTIME_API_EXT","hipMemcpy",4057937,4057937,2086,695615259265152,695615259319945
"HIP_RUNTIME_API_EXT","hipMemcpy",4057937,4057937,2087,695615259320716,695615259368747
"HIP_COMPILER_API_EXT","__hipPushCallConfiguration",4057937,4057937,2088,695615259369218,695615259369258
"HIP_COMPILER_API_EXT","__hipPopCallConfiguration",4057937,4057937,2089,695615259369608,695615259369659
"HIP_RUNTIME_API_EXT","hipLaunchKernel",4057937,4057937,2090,695615259370119,695615259372694
"HIP_RUNTIME_API_EXT","hipGetLastError",4057937,4057937,2091,695615259373085,695615259373115
"HIP_RUNTIME_API_EXT","hipMemcpy",4057937,4057937,2092,695615259373436,695615259488432
"HIP_RUNTIME_API_EXT","hipSetDevice",4057937,4057937,2093,695615259492299,695615259492359
"HIP_RUNTIME_API_EXT","hipMemcpy",4057937,4057937,2094,695615259492880,695615259532895
"HIP_RUNTIME_API_EXT","hipMemcpy",4057937,4057937,2095,695615259533266,695615259545669
"HIP_COMPILER_API_EXT","__hipPushCallConfiguration",4057937,4057937,2096,695615259546090,695615259546130
"HIP_COMPILER_API_EXT","__hipPopCallConfiguration",4057937,4057937,2097,695615259546511,695615259546551
"HIP_RUNTIME_API_EXT","hipLaunchKernel",4057937,4057937,2098,695615259547022,695615259549346
"HIP_RUNTIME_API_EXT","hipGetLastError",4057937,4057937,2099,695615259549707,695615259549737
"HIP_RUNTIME_API_EXT","hipMemcpy",4057937,4057937,2100,695615259550068,695615259604801
"HIP_RUNTIME_API_EXT","hipSetDevice",4057937,4057937,2101,695615259688177,695615259688217
"HIP_RUNTIME_API_EXT","hipMemcpy",4057937,4057937,2102,695615259752498,695615259784218
"HIP_RUNTIME_API_EXT","hipMemcpy",4057937,4057937,2103,695615259784869,695615259795950
"HIP_COMPILER_API_EXT","__hipPushCallConfiguration",4057937,4057937,2104,695615259796351,695615259796391
"HIP_COMPILER_API_EXT","__hipPopCallConfiguration",4057937,4057937,2105,695615259796781,695615259796832
"HIP_RUNTIME_API_EXT","hipLaunchKernel",4057937,4057937,2106,695615259797343,695615259799787
"HIP_RUNTIME_API_EXT","hipGetLastError",4057937,4057937,2107,695615259800168,695615259800198
"HIP_RUNTIME_API_EXT","hipMemcpy",4057937,4057937,2108,695615259800679,695615259854831
"HIP_RUNTIME_API_EXT","hipSetDevice",4057937,4057937,2109,695615259936043,695615259936083
"HIP_RUNTIME_API_EXT","hipMemcpy",4057937,4057937,2110,695615259936785,695615260022716
"HIP_RUNTIME_API_EXT","hipMemcpy",4057937,4057937,2111,695615260023107,695615260034559
"HIP_COMPILER_API_EXT","__hipPushCallConfiguration",4057937,4057937,2112,695615260034979,695615260035019
"HIP_COMPILER_API_EXT","__hipPopCallConfiguration",4057937,4057937,2113,695615260035460,695615260035510
"HIP_RUNTIME_API_EXT","hipLaunchKernel",4057937,4057937,2114,695615260036041,695615260038446
"HIP_RUNTIME_API_EXT","hipGetLastError",4057937,4057937,2115,695615260038806,695615260038837
"HIP_RUNTIME_API_EXT","hipMemcpy",4057937,4057937,2116,695615260039217,695615260093650
"HIP_RUNTIME_API_EXT","hipSetDevice",4057937,4057937,2117,695615260173670,695615260173720
"HIP_RUNTIME_API_EXT","hipMemcpy",4057937,4057937,2118,695615260174401,695615260260063
"HIP_RUNTIME_API_EXT","hipMemcpy",4057937,4057937,2119,695615260260774,695615260304596
"HIP_COMPILER_API_EXT","__hipPushCallConfiguration",4057937,4057937,2120,695615260305097,695615260305157
"HIP_COMPILER_API_EXT","__hipPopCallConfiguration",4057937,4057937,2121,695615260305618,695615260305678
"HIP_RUNTIME_API_EXT","hipLaunchKernel",4057937,4057937,2122,695615260306139,695615260308664
"HIP_RUNTIME_API_EXT","hipGetLastError",4057937,4057937,2123,695615260309065,695615260309105
"HIP_RUNTIME_API_EXT","hipMemcpy",4057937,4057937,2124,695615260309495,695615260366493
"HIP_RUNTIME_API_EXT","hipSetDevice",4057937,4057937,2125,695615260440111,695615260440171
"HIP_RUNTIME_API_EXT","hipMemcpy",4057937,4057937,2126,695615260440913,695615260465188
"HIP_RUNTIME_API_EXT","hipMemcpy",4057937,4057937,2127,695615260465579,695615260488803
"HIP_COMPILER_API_EXT","__hipPushCallConfiguration",4057937,4057937,2128,695615260489294,695615260489344
"HIP_COMPILER_API_EXT","__hipPopCallConfiguration",4057937,4057937,2129,695615260489825,695615260489875
"HIP_RUNTIME_API_EXT","hipLaunchKernel",4057937,4057937,2130,695615260490275,695615260492670
"HIP_RUNTIME_API_EXT","hipGetLastError",4057937,4057937,2131,695615260493041,695615260493081
"HIP_RUNTIME_API_EXT","hipMemcpy",4057937,4057937,2132,695615260493491,695615260518068
"HIP_RUNTIME_API_EXT","hipSetDevice",4057937,4057937,2133,695615260525782,695615260525822
"HIP_RUNTIME_API_EXT","hipMemcpy",4057937,4057937,2134,695615260526213,695615260548314
"HIP_RUNTIME_API_EXT","hipMemcpy",4057937,4057937,2135,695615260548856,695615260571107
"HIP_COMPILER_API_EXT","__hipPushCallConfiguration",4057937,4057937,2136,695615260571538,695615260571588
"HIP_COMPILER_API_EXT","__hipPopCallConfiguration",4057937,4057937,2137,695615260571959,695615260572009
"HIP_RUNTIME_API_EXT","hipLaunchKernel",4057937,4057937,2138,695615260572650,695615260574724
"HIP_RUNTIME_API_EXT","hipGetLastError",4057937,4057937,2139,695615260575075,695615260575105
"HIP_RUNTIME_API_EXT","hipMemcpy",4057937,4057937,2140,695615260575405,695615260616693
"HIP_RUNTIME_API_EXT","hipSetDevice",4057937,4057937,2141,695615260618446,695615260618496
"HIP_RUNTIME_API_EXT","hipMemcpy",4057937,4057937,2142,695615260618977,695615260629978
"HIP_RUNTIME_API_EXT","hipMemcpy",4057937,4057937,2143,695615260630359,695615260653502
"HIP_COMPILER_API_EXT","__hipPushCallConfiguration",4057937,4057937,2144,695615260653973,695615260654013
"HIP_COMPILER_API_EXT","__hipPopCallConfiguration",4057937,4057937,2145,695615260654364,695615260654414
"HIP_RUNTIME_API_EXT","hipLaunchKernel",4057937,4057937,2146,695615260654805,695615260657079
"HIP_RUNTIME_API_EXT","hipGetLastError",4057937,4057937,2147,695615260657440,695615260657470
"HIP_RUNTIME_API_EXT","hipMemcpy",4057937,4057937,2148,695615260657800,695615260700290
"HIP_RUNTIME_API_EXT","hipSetDevice",4057937,4057937,2149,695615260702054,695615260702104
"HIP_RUNTIME_API_EXT","hipMemcpy",4057937,4057937,2150,695615260702965,695615260744143
"HIP_RUNTIME_API_EXT","hipMemcpy",4057937,4057937,2151,695615260744503,695615260766805
"HIP_COMPILER_API_EXT","__hipPushCallConfiguration",4057937,4057937,2152,695615260767276,695615260767326
"HIP_COMPILER_API_EXT","__hipPopCallConfiguration",4057937,4057937,2153,695615260767677,695615260767717
"HIP_RUNTIME_API_EXT","hipLaunchKernel",4057937,4057937,2154,695615260768218,695615260770452
"HIP_RUNTIME_API_EXT","hipGetLastError",4057937,4057937,2155,695615260770813,695615260770843
"HIP_RUNTIME_API_EXT","hipMemcpy",4057937,4057937,2156,695615260771174,695615260821588
"HIP_RUNTIME_API_EXT","hipSetDevice",4057937,4057937,2157,695615260823191,695615260823241
"HIP_RUNTIME_API_EXT","hipMemcpy",4057937,4057937,2158,695615260823893,695615260862615
"HIP_RUNTIME_API_EXT","hipMemcpy",4057937,4057937,2159,695615260862996,695615260884988
"HIP_COMPILER_API_EXT","__hipPushCallConfiguration",4057937,4057937,2160,695615260885458,695615260885508
"HIP_COMPILER_API_EXT","__hipPopCallConfiguration",4057937,4057937,2161,695615260885849,695615260885889
"HIP_RUNTIME_API_EXT","hipLaunchKernel",4057937,4057937,2162,695615260886781,695615260888895
"HIP_RUNTIME_API_EXT","hipGetLastError",4057937,4057937,2163,695615260889256,695615260889286
"HIP_RUNTIME_API_EXT","hipMemcpy",4057937,4057937,2164,695615260889596,695615260932908
"HIP_RUNTIME_API_EXT","hipSetDevice",4057937,4057937,2165,695615260934340,695615260934390
"HIP_RUNTIME_API_EXT","hipMemcpy",4057937,4057937,2166,695615260935102,695615260956712
"HIP_RUNTIME_API_EXT","hipMemcpy",4057937,4057937,2167,695615260957153,695615260987360
"HIP_RUNTIME_API_EXT","hipMemcpy",4057937,4057937,2168,695615260987751,695615261008610
"HIP_COMPILER_API_EXT","__hipPushCallConfiguration",4057937,4057937,2169,695615261009111,695615261009161
"HIP_COMPILER_API_EXT","__hipPopCallConfiguration",4057937,4057937,2170,695615261009512,695615261009552
"HIP_RUNTIME_API_EXT","hipLaunchKernel",4057937,4057937,2171,695615261010093,695615261012177
"HIP_RUNTIME_API_EXT","hipGetLastError",4057937,4057937,2172,695615261012517,695615261012547
"HIP_RUNTIME_API_EXT","hipMemcpy",4057937,4057937,2173,695615261012848,695615261054416
"HIP_RUNTIME_API_EXT","hipSetDevice",4057937,4057937,2174,695615261055067,695615261055107
"HIP_RUNTIME_API_EXT","hipMemcpy",4057937,4057937,2175,695615261055518,695615261085174
"HIP_RUNTIME_API_EXT","hipMemcpy",4057937,4057937,2176,695615261085645,695615261142161
"HIP_RUNTIME_API_EXT","hipMemcpy",4057937,4057937,2177,695615261142832,695615261189149
"HIP_COMPILER_API_EXT","__hipPushCallConfiguration",4057937,4057937,2178,695615261189560,695615261189620
"HIP_COMPILER_API_EXT","__hipPopCallConfiguration",4057937,4057937,2179,695615261190001,695615261190071
"HIP_RUNTIME_API_EXT","hipLaunchKernel",4057937,4057937,2180,695615261190512,695615261192927
"HIP_RUNTIME_API_EXT","hipGetLastError",4057937,4057937,2181,695615261193357,695615261193397
"HIP_RUNTIME_API_EXT","hipMemcpy",4057937,4057937,2182,695615261193868,695615261310107
"HIP_RUNTIME_API_EXT","hipSetDevice",4057937,4057937,2183,695615263547023,695615263547103
"HIP_RUNTIME_API_EXT","hipMemcpy",4057937,4057937,2184,695615263547944,695615263614039
"HIP_RUNTIME_API_EXT","hipMemcpy",4057937,4057937,2185,695615263614480,695615263629117
"HIP_COMPILER_API_EXT","__hipPushCallConfiguration",4057937,4057937,2186,695615263629538,695615263629608
"HIP_COMPILER_API_EXT","__hipPopCallConfiguration",4057937,4057937,2187,695615263630029,695615263630089
"HIP_RUNTIME_API_EXT","hipLaunchKernel",4057937,4057937,2188,695615263630580,695615263633155
"HIP_RUNTIME_API_EXT","hipGetLastError",4057937,4057937,2189,695615263633545,695615263633585
"HIP_RUNTIME_API_EXT","hipMemcpy",4057937,4057937,2190,695615263633896,695615263709328
"HIP_RUNTIME_API_EXT","hipSetDevice",4057937,4057937,2191,695615263790751,695615263790811
"HIP_RUNTIME_API_EXT","hipMemcpy",4057937,4057937,2192,695615263791492,695615263914854
"HIP_RUNTIME_API_EXT","hipMemcpy",4057937,4057937,2193,695615263915285,695615263929722
"HIP_COMPILER_API_EXT","__hipPushCallConfiguration",4057937,4057937,2194,695615263930103,695615263930153
"HIP_COMPILER_API_EXT","__hipPopCallConfiguration",4057937,4057937,2195,695615263930534,695615263930574
"HIP_RUNTIME_API_EXT","hipLaunchKernel",4057937,4057937,2196,695615263930995,695615263933289
"HIP_RUNTIME_API_EXT","hipGetLastError",4057937,4057937,2197,695615263933730,695615263933760
"HIP_RUNTIME_API_EXT","hipMemcpy",4057937,4057937,2198,695615263934101,695615263996879
"HIP_RUNTIME_API_EXT","hipSetDevice",4057937,4057937,2199,695615264078071,695615264078121
"HIP_RUNTIME_API_EXT","hipMemcpy",4057937,4057937,2200,695615264078823,695615264171387
"HIP_RUNTIME_API_EXT","hipMemcpy",4057937,4057937,2201,695615264171757,695615264185052
"HIP_COMPILER_API_EXT","__hipPushCallConfiguration",4057937,4057937,2202,695615264185453,695615264185503
"HIP_COMPILER_API_EXT","__hipPopCallConfiguration",4057937,4057937,2203,695615264186144,695615264186195
"HIP_RUNTIME_API_EXT","hipLaunchKernel",4057937,4057937,2204,695615264186595,695615264188629
"HIP_RUNTIME_API_EXT","hipGetLastError",4057937,4057937,2205,695615264189070,695615264189100
"HIP_RUNTIME_API_EXT","hipMemcpy",4057937,4057937,2206,695615264189401,695615264248171
"HIP_RUNTIME_API_EXT","hipSetDevice",4057937,4057937,2207,695615264321659,695615264321709
"HIP_RUNTIME_API_EXT","hipMemcpy",4057937,4057937,2208,695615264322391,695615264417900
"HIP_RUNTIME_API_EXT","hipMemcpy",4057937,4057937,2209,695615264418311,695615264430494
"HIP_COMPILER_API_EXT","__hipPushCallConfiguration",4057937,4057937,2210,695615264430955,695615264430995
"HIP_COMPILER_API_EXT","__hipPopCallConfiguration",4057937,4057937,2211,695615264431406,695615264431466
"HIP_RUNTIME_API_EXT","hipLaunchKernel",4057937,4057937,2212,695615264431967,695615264434241
"HIP_RUNTIME_API_EXT","hipGetLastError",4057937,4057937,2213,695615264434712,695615264434742
"HIP_RUNTIME_API_EXT","hipMemcpy",4057937,4057937,2214,695615264435062,695615264489976
"HIP_RUNTIME_API_EXT","hipSetDevice",4057937,4057937,2215,695615264558144,695615264558194
"HIP_RUNTIME_API_EXT","hipMemcpy",4057937,4057937,2216,695615264558855,695615264652411
"HIP_RUNTIME_API_EXT","hipMemcpy",4057937,4057937,2217,695615264652782,695615264673581
"HIP_COMPILER_API_EXT","__hipPushCallConfiguration",4057937,4057937,2218,695615264674072,695615264674122
"HIP_COMPILER_API_EXT","__hipPopCallConfiguration",4057937,4057937,2219,695615264674473,695615264674523
"HIP_RUNTIME_API_EXT","hipLaunchKernel",4057937,4057937,2220,695615264674903,695615264677548
"HIP_RUNTIME_API_EXT","hipGetLastError",4057937,4057937,2221,695615264677929,695615264677959
"HIP_RUNTIME_API_EXT","hipMemcpy",4057937,4057937,2222,695615264678330,695615264705080
"HIP_RUNTIME_API_EXT","hipFree",4057937,4057937,2223,695615264741318,695615264803796
